step,t,ego_x,ego_y,ego_yaw,ego_speed,cte_m,heading_err_rad,ref_idx,ref_x,ref_y,ref_yaw,v_ref,speed_err_mps,steer,throttle,brake,steer_sat,throttle_sat,brake_sat,d_steer,d_throttle,d_brake
0,0.0,-64.64484405517578,24.47098159790039,0.0027785058738270677,0.008022718912569825,0.0005417799781745284,0.00042213020223211186,23,-62.56009128643996,24.477112372853203,0.0032006360760591795,4.0,3.99197728108743,0.003010797780007124,0.5,0.0,0,0,0,,,
1,0.05,-64.64484405517578,24.470977783203125,0.0027785058738270677,0.0054988884184132706,0.0005231339862739309,0.0004127797329170238,23,-62.5647351081077,24.477092890831514,0.0031912856067440915,4.0,3.9945011115815867,0.002953216200694442,0.5,0.0,0,0,0,-5.758157931268215e-05,0.0,0.0
2,0.1,-64.64484405517578,24.470977783203125,0.0027785058738270677,0.003739266024222143,0.0005101216393559411,0.00040621697188600965,23,-62.56797279479589,24.47708194068906,0.0031847228457130773,4.0,3.996260733975778,0.002912795403972268,0.5,0.0,0,0,0,-4.042079672217369e-05,0.0,0.0
3,0.15000000000000002,-64.64484405517578,24.470977783203125,0.0027785058738270677,0.0025261684786666927,0.0005011656062805445,0.00040168774889122374,23,-62.57020488151387,24.47707439157456,0.0031801936227182914,4.0,3.9974738315213334,0.002884912071749568,0.5,0.0,0,0,0,-2.788333222270012e-05,0.0,0.0
4,0.2,-64.64484405517578,24.470975875854492,0.0027785058738270677,0.0016977744369614343,0.0004950849602885013,0.00039861532324663015,23,-62.571729117890584,24.477067347968504,0.003177121197073698,4.0,3.9983022255630387,0.0028660271782428026,0.5,0.0,0,0,0,-1.8884893506765366e-05,0.0,0.0
5,0.25,-64.64485168457031,24.470975875854492,0.0027785058738270677,0.001133272734289076,0.0004909247908866385,0.000396504746015814,23,-62.57277542447683,24.477063834826676,0.0031750106198428817,4.0,3.998866727265711,0.002853040350601077,0.5,0.0,0,0,0,-1.298682764172554e-05,0.0,0.0
6,0.30000000000000004,-64.64485168457031,24.470975875854492,0.0027785058738270677,0.00038286227823698714,0.0004853990016704937,0.00039369809619223825,23,-62.57415617181898,24.477059164970132,0.003172203970019306,4.0,3.999617137721763,0.0028357745613902807,0.5,0.0,0,0,0,-1.7265789210796356e-05,0.0,0.0
7,0.35000000000000003,-64.64485168457031,24.470975875854492,0.0027785058738270677,0.00045869842913738747,0.0004859572250738185,0.000393981803382393,23,-62.57401663409939,24.477059636903782,0.0031724876772094607,4.0,3.9995413015708627,0.0028375196270644665,0.5,0.0,0,0,0,1.7450656741857529e-06,0.0,0.0
8,0.4,-64.64485168457031,24.470975875854492,0.0027785058738270677,0.00042519582401291526,0.000485710609436564,0.00039385647020098334,23,-62.57407827854025,24.477059428414737,0.003172362344028051,4.0,3.999574804175987,0.0028367487248033285,0.5,0.0,0,0,0,-7.709022611379623e-07,0.0,0.0
9,0.45,-64.64485168457031,24.470975875854492,0.0027785058738270677,0.00035302171030327867,0.0004851793607811702,0.0003935864567768941,23,-62.57421107814995,24.4770589792702,0.003172092330603962,4.0,3.9996469782896966,0.002835087710991502,0.5,0.0,0,0,0,-1.661013811826706e-06,0.0,0.0
10,0.5,-64.64485168457031,24.470975875854492,0.0027785058738270677,0.0002749253022525578,0.0004846045684680153,0.0003932942715331616,23,-62.574354774718906,24.47705849327081,0.0031718001453602293,4.0,3.9997250746977473,0.0028332907240837812,0.5,0.0,0,0,0,-1.7969869077205658e-06,0.0,0.0
11,0.55,-64.64485168457031,24.470975875854492,0.0027785058738270677,0.00020721440958567904,0.00048410625454511306,0.00039304092883614243,23,-62.574479362048855,24.477058071901208,0.00317154680266321,4.0,3.9997927855904143,0.002831732388585806,0.5,0.0,0,0,0,-1.5583354979753494e-06,0.0,0.0
12,0.6000000000000001,-64.64485168457031,24.470975875854492,0.0027785058738270677,0.00015165334232691296,0.0004836973846758883,0.0003928330359871169,23,-62.57458159382791,24.477057726140817,0.0031713389098141846,4.0,3.9998483466576733,0.002830453682690859,0.5,0.0,0,0,0,-1.278705894947052e-06,0.0,0.0
13,0.65,-64.64485168457031,24.470975875854492,0.0027785058738270677,0.00010740283467131613,0.0004833717665504132,0.0003926674579404223,23,-62.57466301429632,24.477057450766825,0.00317117333176749,4.0,3.9998925971653287,0.002829435281455517,0.5,0.0,0,0,0,-1.0184012353420258e-06,0.0,0.0
14,0.7000000000000001,-64.64485168457031,24.470975875854492,0.0027785058738270677,2.5329702651292745e-05,0.00048276787266349555,0.0003923603400496317,23,-62.57481402799554,24.477056940020006,0.0031708662138766994,4.0,3.9999746702973487,0.002827546326443553,0.5,0.0,0,0,0,-1.8889550119638443e-06,0.0,0.0
15,0.75,-64.64482116699219,24.470975875854492,0.0027755675541009236,0.0031114298520705957,0.000505514741016044,0.00040683546523293456,23,-62.5691051186218,24.4770761458737,0.003182403019333858,4.0,3.9968885701479295,0.002904772525653243,0.5,0.0,0,0,0,7.72261992096901e-05,0.0,0.0
16,0.8,-64.61515808105469,24.47110366821289,0.002808457333489077,0.8613237580725746,0.0009186910731932701,0.0005727782884246404,16,-62.41228316136244,24.477633439422693,0.0033812356219137174,4.0,3.1386762419274254,0.003764794208109379,0.5,0.0,0,0,0,0.0008600216824561357,0.0,0.0
17,0.8500000000000001,-64.55384826660156,24.471364974975586,0.0029453154654177026,1.4167548981164695,0.0009159527582215284,0.00043416183950673124,13,-62.24445170474054,24.478253599967456,0.003379477304924434,4.0,2.5832451018835307,0.003158210776746273,0.5,0.0,0,0,0,-0.0006065834313631058,0.0,0.0
18,0.9,-64.4700927734375,24.47161865234375,0.0033986975749833513,1.7980869503730108,0.0009150570448699172,-1.9757659804684434e-05,12,-61.96115118738082,24.479181185208713,0.003378939915178667,4.0,2.201913049626989,0.0020440935622900724,0.5,0.0,0,0,0,-0.0011141172144562006,0.0,0.0
19,0.9500000000000001,-64.37232971191406,24.47210693359375,0.0033847453676591832,2.048602212502959,0.0009087182486435426,-9.901876316531152e-06,11,-61.84922504043859,24.47971332587649,0.003374843491342652,4.0,1.951397787497041,0.0019718159455806017,0.5,0.0,0,0,0,-7.227761670947075e-05,0.0,0.0
20,1.0,-64.26363372802734,24.472597122192383,0.0034820428137581974,2.254657626727635,0.0009031220621269305,-0.00011080256680859714,10,-61.80316420220378,24.47998886031443,0.0033712402469496003,4.0,1.745342373272365,0.001689578639343381,0.5,0.0,0,0,0,-0.00028223730623722076,0.0,0.0
21,1.05,-64.1454849243164,24.473121643066406,0.0035620663832515503,2.4341750791303642,0.0008972677380274952,-0.0001945929576976763,10,-61.52195462623728,24.481059072195656,0.003367473425553874,4.0,1.5658249208696358,0.001456284080632031,0.46974748373031616,0.0,0,0,0,-0.00023329455871134996,-0.030252516269683838,0.0
22,1.1,-64.01887512207031,24.47367286682129,0.0036547696163958523,2.5963638591142773,0.0008912932830593204,-0.00029113672907972194,10,-61.248024169071066,24.482101729037048,0.0033636328873161304,4.0,1.4036361408857227,0.0012041038135066628,0.42109084129333496,0.0,0,0,0,-0.0002521802671253681,-0.0486566424369812,0.0
23,1.1500000000000001,-63.88470458984375,24.47426414489746,0.003705974870062105,2.7400249930642886,0.0008847654742596654,-0.00034654070124814657,9,-61.28669586445353,24.48210724654718,0.0033594341688139586,4.0,1.2599750069357114,0.001045301090925932,0.37799251079559326,0.0,0,0,0,-0.00015880272258073092,-0.0430983304977417,0.0
24,1.2000000000000002,-63.743953704833984,24.47486686706543,0.003779780842662829,2.863727118557962,0.0008791841957600972,-0.0004241211562126413,9,-61.04389128703365,24.483048202534512,0.0033556596864501875,4.0,1.136272881442038,0.0008448368171229959,0.3408818542957306,0.0,0,0,0,-0.00020046427380293608,-0.03711065649986267,0.0
25,1.25,-63.59761047363281,24.475494384765625,0.0038175334917836287,2.967873688501737,0.0008739392128891878,-0.00046558100116766716,9,-60.81162760312019,24.483958957839327,0.0033519524906159615,4.0,1.032126311498263,0.0011681094765663147,0.3096379041671753,0.0,0,0,0,0.00032327265944331884,-0.031243950128555298,0.0
26,1.3,-63.44660949707031,24.476152420043945,0.0038920692329408716,3.053932703571712,0.000868236840900467,-0.0005441322895860592,9,-60.58962831949023,24.484849206905164,0.0033479369433548124,4.0,0.9460672964282879,0.0014327068347483873,0.28382018208503723,0.0,0,0,0,0.00026459735818207264,-0.02581772208213806,0.0
27,1.35,-63.291786193847656,24.47686195373535,0.003958652421382056,3.123935845723467,0.0008614304648605423,-0.0006154616217450516,9,-60.37705272510878,24.485745064877193,0.0033431907996370044,4.0,0.8760641542765328,0.0016074738232418895,0.2628192603588104,0.0,0,0,0,0.00017476698849350214,-0.021000921726226807,0.0
28,1.4000000000000001,-63.13388442993164,24.477609634399414,0.004063020768234691,3.1800911126578217,0.0008538266364228192,-0.0007251044271734185,9,-60.17282309914993,24.486639614716804,0.0033379163410612723,4.0,0.8199088873421783,9.185578528558835e-05,0.2459726631641388,0.0,0,0,0,-0.0015156180379563011,-0.01684659719467163,0.0
29,1.4500000000000002,-62.97353744506836,24.478322982788086,0.004088228472204997,3.224591802452931,0.0008473696015736925,-0.0007548394992570088,8,-60.317351632333654,24.4863297417712,0.003333388972947988,4.0,0.775408197547069,0.00016053063154686242,0.23262245953083038,0.0,0,0,0,6.867484626127407e-05,-0.01335020363330841,0.0
30,1.5,-62.81126022338867,24.479007720947266,0.004111735290088474,3.259455172633055,0.0008417745913427838,-0.0007822849708504142,8,-60.129275644304855,24.487095509098776,0.00332945031923806,4.0,0.740544827366945,0.00024160063185263425,0.22216345369815826,0.0,0,0,0,8.107000030577183e-05,-0.01045900583267212,0.0
31,1.55,-62.64692306518555,24.4802188873291,0.004056501485124825,3.2882596926441714,0.0008209937334521661,-0.000740670716987421,8,-59.94362320845486,24.488361606774028,0.0033158307681374045,4.0,0.7117403073558286,0.0004044783709105104,0.21352209150791168,0.0,0,0,0,0.00016287773905787617,-0.008641362190246582,0.0
32,1.6,-62.48163986206055,24.479944229125977,0.0037909871852615028,3.3106579749606753,0.0008412102945524504,-0.00046190670051543146,8,-59.761765417974715,24.48815772855318,0.0033290804847460713,4.0,0.6893420250393247,0.0011404708493500948,0.2068026065826416,0.0,0,0,0,0.0007359924784395844,-0.006719484925270081,0.0
33,1.6500000000000001,-62.31562042236328,24.480024337768555,0.003547920420555106,3.3265283453350007,0.000851711642938539,-0.00021195746515644247,8,-59.58400199584231,24.488285233069263,0.0033359629553986634,4.0,0.6734716546649993,0.0017652991227805614,0.20204149186611176,0.0,0,0,0,0.0006248282734304667,-0.004761114716529846,0.0
34,1.7000000000000002,-62.148983001708984,24.48098373413086,0.003625415027310184,3.3255002418359867,0.0008380415176116283,-0.00029841132533701487,8,-59.41812533313479,24.48923129507076,0.003327003701973169,4.0,0.6744997581640133,0.0015414145309478045,0.2023499310016632,0.0,0,0,0,-0.000223884591832757,0.00030843913555145264,0.0
35,1.75,-61.98297119140625,24.480878829956055,0.003923765271176344,3.33130034831844,0.00085363820684628,-0.0005865396669377143,8,-59.247821507331416,24.489153032438647,0.0033372256042386293,4.0,0.66869965168156,0.0009950052481144667,0.20060989260673523,0.0,0,0,0,-0.0005464092828333378,-0.0017400383949279785,0.0
36,1.8,-61.81581497192383,24.4820556640625,0.004026225452704963,3.358386693394182,0.0008339986709042981,-0.0007018585717914836,8,-59.060621453118856,24.490380968608694,0.00332436688091348,4.0,0.6416133066058181,0.0008108582114800811,0.19248399138450623,0.0,0,0,0,-0.00018414703663438559,-0.008125901222229004,0.0
37,1.85,-61.64830780029297,24.48299217224121,0.004195937993913514,3.346758141231287,0.0008206972544966742,-0.0008800793240923881,8,-58.90171932085123,24.491278803075083,0.003315858669821126,4.0,0.653241858768713,0.000349181704223156,0.19597256183624268,0.0,0,0,0,-0.0004616765072569251,0.00348857045173645,0.0
38,1.9000000000000001,-61.4803352355957,24.48381233215332,0.004245606468392143,3.368512689604275,0.0008106352033570435,-0.0009361323832357848,8,-58.717648445333374,24.492144766228655,0.003309474085156358,4.0,0.631487310395725,0.00029155402444303036,0.18944619596004486,0.0,0,0,0,-5.762767978012562e-05,-0.006526365876197815,0.0
39,1.9500000000000002,-61.31233596801758,24.484540939331055,0.00438076267393664,3.3542503401265513,0.0008030968389585481,-0.0010760191432889863,8,-58.56020323188213,24.492832964072175,0.0033047435306476536,4.0,0.6457496598734487,-8.265781070804223e-05,0.19372490048408508,0.0,0,0,0,-0.0003742118351510726,0.004278704524040222,0.0
40,2.0,-61.14404296875,24.485280990600586,0.004401673169831615,3.3735997145079777,0.0007952651700502654,-0.0011018520550297281,8,-58.377591746280785,24.493614548391815,0.003299821114801887,4.0,0.6264002854920223,-8.142185834003612e-05,0.18792007863521576,0.0,0,0,0,1.2359523680061102e-06,-0.005804821848869324,0.0
41,2.0500000000000003,-60.9758186340332,24.485979080200195,0.004511057830268767,3.357824474473431,0.0007885841566740992,-0.001215405090041386,8,-58.22104100141214,24.49426931508401,0.0032956527402273807,4.0,0.6421755255265689,-0.0004025199159514159,0.1926526576280594,0.0,0,0,0,-0.00032109805761137977,0.004732578992843628,0.0
42,2.1,-60.80738067626953,24.486698150634766,0.004509849004805223,3.3759520169935184,0.0007813064508085266,-0.0012187677196618674,8,-58.03918876430536,24.49502721744002,0.0032910812851433555,4.0,0.6240479830064816,-0.0003578518226277083,0.18721438944339752,0.0,0,0,0,4.466809332370758e-05,-0.005438268184661865,0.0
43,2.15,-60.639076232910156,24.487390518188477,0.004599995447258453,3.3593673329345437,0.0007744768126235289,-0.0013132904626371846,8,-57.88315690410528,24.49567396360381,0.0032867049846212687,4.0,0.6406326670654563,-0.0006391090573742986,0.1921897977590561,0.0,0,0,0,-0.00028125723474659026,0.004975408315658569,0.0
44,2.2,-60.470584869384766,24.488101959228516,0.004582400899009817,3.3768896082681854,0.0007671354163803646,-0.0013004075049707297,8,-57.701699108801584,24.49642231708423,0.003281993394039087,4.0,0.6231103917318146,-0.0005618983414024115,0.18693311512470245,0.0,0,0,0,7.721071597188711e-05,-0.005256682634353638,0.0
45,2.25,-60.302249908447266,24.488788604736328,0.004658455474226246,3.3599041936345864,0.0007604656051384707,-0.001380733614130789,8,-57.545933270855194,24.49706260669639,0.0032777218600954566,4.0,0.6400958063654136,-0.0008129492052830756,0.19202874600887299,0.0,0,0,0,-0.0002510508638806641,0.005095630884170532,0.0
46,2.3000000000000003,-60.13374328613281,24.489498138427734,0.004628845492153228,3.3771518665473383,0.000753177855440719,-0.001355800054599229,8,-57.36466342125379,24.497808313120654,0.003273045437553999,4.0,0.6228481334526617,-0.0007123004179447889,0.18685443699359894,0.0,0,0,0,0.00010064878733828664,-0.005174309015274048,0.0
47,2.35,-59.96540832519531,24.490175247192383,0.0046945912412672585,3.359987432603987,0.000746770722140383,-0.001425645181700786,8,-57.20903005795644,24.498438956450983,0.0032689460595664724,4.0,0.6400125673960129,-0.0009398713009431958,0.1920037716627121,0.0,0,0,0,-0.0002275708829984069,0.005149334669113159,0.0
48,2.4000000000000004,-59.796897888183594,24.490875244140625,0.004656234439489012,3.377125007972083,0.000740024431864059,-0.0013916810609592902,8,-57.02783786586484,24.499174992129873,0.0032645533785297214,4.0,0.6228749920279171,-0.0008212208631448448,0.1868624985218048,0.0,0,0,0,0.00011865043779835105,-0.005141273140907288,0.0
49,2.45,-59.629066467285156,24.49178695678711,0.004760468067841191,3.3647708881437786,0.0007287194417377393,-0.0015036331477991773,8,-56.86914841358444,24.500046862755088,0.003256834920042014,4.0,0.6352291118562214,-0.0011394423199817538,0.1905687302350998,0.0,0,0,0,-0.00031822145683690906,0.003706231713294983,0.0
50,2.5,-59.46041488647461,24.49159049987793,0.00498331899517523,3.380960114796736,0.0007480049174701502,-0.001714155375974219,8,-56.68851691550524,24.499904311248695,0.003269163619201011,4.0,0.6190398852032639,-0.0014753366122022271,0.18571196496486664,0.0,0,0,0,-0.0003358942922204733,-0.004856765270233154,0.0
51,2.5500000000000003,-59.2918815612793,24.49169921875,0.005286293100469174,3.3628401644562493,0.0007588750214731904,-0.002010315910370003,8,-56.53339230697,24.499977119860304,0.003275977190099171,4.0,0.6371598355437507,-0.0021443136502057314,0.19114795327186584,0.0,0,0,0,-0.0006689770380035043,0.0054359883069992065,0.0
52,2.6,-59.12351989746094,24.49209976196289,0.005358181805144501,3.3675315734338778,0.0007616931065960592,-0.002080667936149335,8,-56.361559023721746,24.500390462248422,0.0032775138689951655,4.0,0.6324684265661222,-0.0022713253274559975,0.18974052369594574,0.0,0,0,0,-0.00012701167725026608,-0.001407429575920105,0.0
53,2.6500000000000004,-58.95494842529297,24.49267578125,0.0052417600536160056,3.358900092363698,0.0007596952062772621,-0.001965866238367757,8,-56.19937480554562,24.500943080836812,0.0032758938152482485,4.0,0.6410999076363022,-0.0020693489350378513,0.19232997298240662,0.0,0,0,0,0.00020197639241814613,0.0025894492864608765,0.0
54,2.7,-58.78678894042969,24.49364471435547,0.0051070576777689876,3.36112666945979,0.00074661617798699,-0.0018399731589992473,8,-56.02956762723528,24.501906201310383,0.0032670845187697402,4.0,0.6388733305402101,-0.0018328467849642038,0.19166199862957,0.0,0,0,0,0.0002365021500736475,-0.0006679743528366089,0.0
55,2.75,-58.61882019042969,24.494462966918945,0.004983518212108335,3.357186368942719,0.0007369355699215763,-0.0017227782597837834,8,-55.86451465960305,24.50270713334691,0.003260739952324552,4.0,0.642813631057281,-0.0016260746633633971,0.19284409284591675,0.0,0,0,0,0.0002067721216008067,0.0011820942163467407,0.0
56,2.8000000000000003,-58.45083236694336,24.49519157409668,0.004873238895992486,3.361453130054765,0.0007297255814734203,-0.001617224292611357,8,-55.69336943145497,24.503440215961763,0.003256014603381129,4.0,0.6385468699452348,-0.0014070715988054872,0.19156406819820404,0.0,0,0,0,0.00021900306455790997,-0.0012800246477127075,0.0
57,2.85,-58.282875061035156,24.495887756347656,0.00477722101557347,3.358074356248926,0.0007234063573109684,-0.0015253479637920416,8,-55.52791238899333,24.504123166616214,0.0032518730517814287,4.0,0.6419256437510739,-0.0012423793086782098,0.19257768988609314,0.0,0,0,0,0.00016469229012727737,0.0010136216878890991,0.0
58,2.9000000000000004,-58.11484146118164,24.4965763092041,0.004692853424626252,3.362654136304577,0.0007173031141995377,-0.0014449803727685038,8,-55.356489754417595,24.50481780998375,0.003247873051857748,4.0,0.637345863695423,-0.0010729825589805841,0.1912037581205368,0.0,0,0,0,0.00016939674969762564,-0.0013739317655563354,0.0
59,2.95,-57.94681930541992,24.497257232666016,0.004619622736432878,3.35931471587798,0.0007114091363731798,-0.0013756125342880864,8,-55.190938741912035,24.50548595581108,0.0032440102021447912,4.0,0.6406852841220201,-0.0009545424254611135,0.19220557808876038,0.0,0,0,0,0.00011844013351947069,0.0010018199682235718,0.0
60,3.0,-57.77872848510742,24.49794578552246,0.004554990105430716,3.3638354083084283,0.0007052174289210213,-0.0013149786633043854,8,-55.019502609355726,24.50618051908373,0.003240011442126331,4.0,0.6361645916915717,-0.0008274128776974976,0.19084937870502472,0.0,0,0,0,0.00012712954776361585,-0.0013561993837356567,0.0
61,3.0500000000000003,-57.61064147949219,24.49863052368164,0.004498615354402402,3.3603900145903065,0.0006988939183398459,-0.0012625381548234645,8,-54.853965159376884,24.506852474630264,0.003236077199578937,4.0,0.6396099854096935,-0.0007448386750184,0.19188299775123596,0.0,0,0,0,8.257420267909765e-05,0.0010336190462112427,0.0
62,3.1,-57.44249725341797,24.499311447143555,0.004448401243989498,3.3647794498856674,0.0006926797459163858,-0.0012161865563582452,8,-54.68257274624295,24.507539463373682,0.003232214687631253,4.0,0.6352205501143326,-0.0006477488786913455,0.19056616723537445,0.0,0,0,0,9.70897963270545e-05,-0.0013168305158615112,0.0
63,3.1500000000000004,-57.27436828613281,24.500001907348633,0.0044043430928541495,3.361203726614649,0.0006862017585016252,-0.001176163837660981,8,-54.51708977793843,24.508216722215174,0.0032281792551931685,4.0,0.6387962733853509,-0.0005922592245042324,0.19163888692855835,0.0,0,0,0,5.548965418711305e-05,0.001072719693183899,0.0
64,3.2,-57.1061897277832,24.500688552856445,0.004364647948598408,3.3654652580589715,0.0006798325401793735,-0.0011404327777342032,8,-54.34575768071794,24.508908974508003,0.003224215170864205,4.0,0.6345347419410285,-0.000518805522006005,0.190360426902771,0.0,0,0,0,7.345370249822736e-05,-0.0012784600257873535,0.0
65,3.25,-56.938026428222656,24.501373291015625,0.004329483299087704,3.361778304961483,0.0006735147189114877,-0.0011091985465344492,8,-54.180322690551314,24.50958039480099,0.0032202847525532544,4.0,0.6382216950385171,-0.00048173643881455064,0.19146651029586792,0.0,0,0,0,3.706908319145441e-05,0.0011060833930969238,0.0
66,3.3000000000000003,-56.76981735229492,24.502058029174805,0.0042973909075806225,3.36593795445564,0.0006670958552510743,-0.0010811397313899057,8,-54.00903551661749,24.510270328312423,0.003216251176190717,4.0,0.63406204554436,-0.0004245546006131917,0.19021861255168915,0.0,0,0,0,5.7181838201358914e-05,-0.001247897744178772,0.0
67,3.35,-56.60163497924805,24.50273895263672,0.00426870288899045,3.3621660405031433,0.0006605725566088023,-0.0010566273155197536,8,-53.84364432991686,24.51093728153603,0.0032120755734706963,4.0,0.6378339594968567,-0.000400287943193689,0.19135019183158875,0.0,0,0,0,2.4266657419502735e-05,0.0011315792798995972,0.0
68,3.4000000000000004,-56.43340301513672,24.503419876098633,0.004242193252948178,3.366251972444371,0.0006540528652964374,-0.0010342908887467938,8,-53.672388776209345,24.511622914354398,0.0032079023642013842,4.0,0.6337480275556291,-0.00035463046515360475,0.19012440741062164,0.0,0,0,0,4.565747804008424e-05,-0.001225784420967102,0.0
69,3.45,-56.26520919799805,24.504100799560547,0.004218298144097172,3.362418968939377,0.0006475304000919807,-0.0010145708298903103,8,-53.507031351559206,24.51228974577361,0.003203727314206862,4.0,0.6375810310606229,-0.0003404923190828413,0.19127431511878967,0.0,0,0,0,1.4138146070763469e-05,0.0011499077081680298,0.0
70,3.5,-56.09697723388672,24.504779815673828,0.004195904184251238,3.3664528889525993,0.0006410632452319674,-0.0009963156477776052,8,-53.33581428656129,24.512973364608534,0.0031995885364736326,4.0,0.6335471110474007,-0.00030379064264707267,0.19006413221359253,0.0,0,0,0,3.6701676435768604e-05,-0.0012101829051971436,0.0
71,3.5500000000000003,-55.928768157958984,24.50545883178711,0.004175509675817465,3.3625788347469356,0.0006345944262410117,-0.0009800610214285438,8,-53.17047198072459,24.51363825792862,0.0031954486543889216,4.0,0.6374211652530644,-0.00029674399411305785,0.19122634828090668,0.0,0,0,0,7.046648534014821e-06,0.001162216067314148,0.0
72,3.6,-55.76051330566406,24.50613784790039,0.004156121655022228,3.366578875608673,0.0006287546877523607,-0.0009645603733674057,8,-52.999257098181324,24.514321838333313,0.003191561281654822,4.0,0.6334211243913268,-0.0002670015674084425,0.19002634286880493,0.0,0,0,0,2.9742426704615355e-05,-0.0012000054121017456,0.0
73,3.6500000000000004,-55.59229278564453,24.506813049316406,0.004138268852968665,3.3626771335680754,0.0006239960772400494,-0.0009501363173310697,8,-52.83392383811934,24.514983125649746,0.0031881325356375952,4.0,0.6373228664319246,-0.00026531360344961286,0.19119685888290405,0.0,0,0,0,1.6879639588296413e-06,0.001170516014099121,0.0
74,3.7,-55.42403793334961,24.507492065429688,0.004121051932640223,3.36665474567072,0.0006191352201838328,-0.0009364152174801904,8,-52.66272555310409,24.515666733586727,0.003184636715160032,4.0,0.6333452543292801,-0.00024082489835564047,0.19000357389450073,0.0,0,0,0,2.4488705093972385e-05,-0.0011932849884033203,0.0
75,3.75,-55.25581741333008,24.50816535949707,0.004105016790045503,3.362736765793849,0.0006144291442528472,-0.0009237743900758948,8,-52.49740430919916,24.51632613756981,0.0031812423999696086,4.0,0.6372632342061508,-0.0002426017599646002,0.19117897748947144,0.0,0,0,0,-1.7768616089597344e-06,0.0011754035949707031,0.0
76,3.8000000000000003,-55.087562561035156,24.50882911682129,0.0040893548541074505,3.3667003015546952,0.0006099885687848271,-0.0009113328262971379,8,-52.32621644163289,24.51699477351016,0.0031780220278103126,4.0,0.6332996984453048,-0.00021992011170368642,0.18998990952968597,0.0,0,0,0,2.268164826091379e-05,-0.0011890679597854614,0.0
77,3.85,-54.91934585571289,24.50949478149414,0.004074713969970145,3.3627706360236336,0.0006054923195486003,-0.0008999487319281195,8,-52.160907660371905,24.51764670923945,0.0031747652380420253,4.0,0.6372293639763664,-0.00022359869035426527,0.19116881489753723,0.0,0,0,0,-3.6785786505788565e-06,0.0011789053678512573,0.0
78,3.9000000000000004,-54.7510871887207,24.51015853881836,0.004060327438522888,3.3667260672229093,0.000600622631026072,-0.0008889255163119143,8,-51.989721975510214,24.5183153414721,0.0031714019222109737,4.0,0.6332739327770907,-0.00020412003505043685,0.18998217582702637,0.0,0,0,0,1.9478655303828418e-05,-0.0011866390705108643,0.0
79,3.95,-54.58287048339844,24.510822296142578,0.004046779906848735,3.362790430242512,0.0005952163620456582,-0.000878921195069778,8,-51.82441761352718,24.518965494979764,0.0031678587117789573,4.0,0.6372095697574882,-0.00021026519243605435,0.1911628693342209,0.0,0,0,0,-6.145157385617495e-06,0.001180693507194519,0.0
80,4.0,-54.41461181640625,24.511486053466797,0.00403331663925595,3.366740132909856,0.0005898133049393323,-0.0008689990328660728,8,-51.653236167832716,24.51963413595555,0.003164317606389877,4.0,0.6332598670901439,-0.00019331490329932421,0.1899779587984085,0.0,0,0,0,1.6950289136730134e-05,-0.001184910535812378,0.0
81,4.05,-54.246395111083984,24.512149810791016,0.004020530865280317,3.3627994769049763,0.000584407035905378,-0.0008597564693366131,8,-51.48793551999669,24.52028429831898,0.0031607743959437035,4.0,0.6372005230950237,-0.00020085448340978473,0.1911601573228836,0.0,0,0,0,-7.53958011046052e-06,0.0011821985244750977,0.0
82,4.1000000000000005,-54.07814025878906,24.5128116607666,0.004007710761493758,3.366746791948209,0.0005790562220920406,-0.0008504432312371234,8,-51.316759655918844,24.520951047944,0.0031572675302566347,4.0,0.6332532080517912,-0.00018529452790971845,0.18997596204280853,0.0,0,0,0,1.555995550006628e-05,-0.0011841952800750732,0.0
83,4.15,-53.90991973876953,24.513471603393555,0.003995474784641605,3.3628035078161322,0.000573755315643824,-0.000841681411318219,8,-51.151457138537644,24.521597495137122,0.003153793373323386,4.0,0.6371964921838678,-0.00019333175441715866,0.1911589503288269,0.0,0,0,0,-8.03722650744021e-06,0.0011829882860183716,0.0
84,4.2,-53.74166488647461,24.514123916625977,0.0039831568843770124,3.3667486793588037,0.0005685016299395423,-0.0008327011288910705,8,-50.98028285835429,24.522255052860725,0.003150455755485942,4.0,0.6332513206411963,-0.00017768882389646024,0.18997539579868317,0.0,0,0,0,1.5642930520698428e-05,-0.0011835545301437378,0.0
85,4.25,-53.57344436645508,24.514772415161133,0.003971410107330566,3.362805639575368,0.0005631862457439376,-0.0008242277120634354,8,-50.81498015533873,24.522890644791932,0.0031471823952671308,4.0,0.637194360424632,-0.0001847035309765488,0.19115830957889557,0.0,0,0,0,-7.014707080088556e-06,0.0011829137802124023,0.0
86,4.3,-53.405189514160156,24.515424728393555,0.003959625619506966,3.366750348874976,0.0005577683513289036,-0.0008157837255826183,8,-50.643806214507784,24.523548338389954,0.003143841893924348,4.0,0.6332496511250238,-0.00017007594578899443,0.18997488915920258,0.0,0,0,0,1.462758518755436e-05,-0.0011834204196929932,0.0
87,4.3500000000000005,-53.23697280883789,24.516077041625977,0.003948389368360893,3.362806833962802,0.0005523476115655481,-0.0008078898882491526,8,-50.4785076778424,24.52418767808064,0.0031404994801117404,4.0,0.6371931660371981,-0.00017846867558546364,0.19115795195102692,0.0,0,0,0,-8.392729796469212e-06,0.0011830627918243408,0.0
88,4.4,-53.0687141418457,24.516725540161133,0.003937042065477959,3.366751062756201,0.0005470350720570803,-0.0007998140334583973,8,-50.30733027833857,24.524841621682214,0.0031372280320195616,4.0,0.633248937243799,-0.00016447690722998232,0.18997468054294586,0.0,0,0,0,1.3991768355481327e-05,-0.0011832714080810547,0.0
89,4.45,-52.90049743652344,24.517377853393555,0.003926185782921008,3.362807784728838,0.0005416143319445024,-0.0007923001648905072,8,-50.142031566696794,24.525480981219935,0.003133885618030501,4.0,0.637192215271162,-0.00017352818395011127,0.19115766882896423,0.0,0,0,0,-9.051276720128953e-06,0.0011829882860183716,0.0
90,4.5,-52.73223876953125,24.51802635192871,0.003915170074802707,3.3667524918243807,0.0005361275876767189,-0.0007847317930174064,8,-49.97085385316662,24.526134595004304,0.003130438281785301,4.0,0.6332475081756193,-0.00016007423982955515,0.18997424840927124,0.0,0,0,0,1.3453944120556116e-05,-0.0011834204196929932,0.0
91,4.55,-52.564022064208984,24.51866912841797,0.003904606635935935,3.36280849740573,0.0005306574982833906,-0.0007776536760130399,8,-49.80555567678211,24.52676409107367,0.003126952959922895,4.0,0.6371915025942698,-0.00016788557695690542,0.19115744531154633,0.0,0,0,0,-7.81133712735027e-06,0.0011831969022750854,0.0
92,4.6000000000000005,-52.39576721191406,24.519306182861328,0.0038939300647376995,3.3667522615702845,0.0005253477897072915,-0.0007703572923167764,8,-49.6643822946651,24.52731253981444,0.003123572772420923,4.0,0.6332477384297155,-0.00031801615841686726,0.1899743229150772,0.0,0,0,0,-0.00015013058145996183,-0.0011831223964691162,0.0
93,4.65,-52.22754669189453,24.51993751525879,0.0038769446105586885,3.362808877190968,0.0005201931905191425,-0.000756650389064572,8,-49.499079853321696,24.527930966476145,0.0031202942214941165,4.0,0.6371911228090319,-0.00030945023172535,0.19115734100341797,0.0,0,0,0,8.565926691517234e-06,0.0011830180883407593,0.0
94,4.7,-52.05929183959961,24.52056884765625,0.0038572809109787363,3.3667528902413686,0.000515041088678711,-0.0007402635834233466,8,-49.32790643403402,24.528567607275736,0.0031170173275553896,4.0,0.6332471097586314,-0.00027385452995076776,0.1899741291999817,0.0,0,0,0,3.559570177458227e-05,-0.0011832118034362793,0.0
95,4.75,-51.89107894897461,24.521198272705078,0.0038389264255518562,3.3628091567280074,0.0005099384706694268,-0.0007251535857297517,8,-49.16261188064555,24.52918418587147,0.0031137728398221045,4.0,0.6371908432719926,-0.0002619729202706367,0.1911572515964508,0.0,0,0,0,1.1881609680131078e-05,0.0011831223964691162,0.0
96,4.800000000000001,-51.722816467285156,24.521818161010742,0.003821683757865219,3.3667527340006065,0.0005060876560606404,-0.0007105866493740945,8,-48.991431155474345,24.52980970326723,0.0031110971084911247,4.0,0.6332472659993935,-0.00023095283540897071,0.18997417390346527,0.0,0,0,0,3.1020084861665964e-05,-0.0011830776929855347,0.0
97,4.8500000000000005,-51.554603576660156,24.52243423461914,0.0038061019248193284,3.3628090618229,0.000502957007970312,-0.0006973665977816393,8,-48.82613655816358,24.530413384314254,0.003108735327037689,4.0,0.6371909381770999,-0.0002240925095975399,0.1911572813987732,0.0,0,0,0,6.860325811430812e-06,0.0011831074953079224,0.0
98,4.9,-51.3863410949707,24.523048400878906,0.0037914139672291613,3.3667531312253653,0.0004998829746418916,-0.0006850034082565358,8,-48.65495546936442,24.531033347932674,0.0031064105589726256,4.0,0.6332468687746347,-0.00019833962142001837,0.18997405469417572,0.0,0,0,0,2.5752888177521527e-05,-0.0011832267045974731,0.0
99,4.95,-51.2181282043457,24.523664474487305,0.0037780627916705373,3.3628094492417357,0.0004967523262004048,-0.0006740140142691888,8,-48.48966087936465,24.531637042633243,0.0031040487774013485,4.0,0.6371905507582643,-0.00019604741828516126,0.19115716218948364,0.0,0,0,0,2.292203134857118e-06,0.0011831074953079224,0.0
100,5.0,-51.04986572265625,24.52427864074707,0.0037653048456477017,3.3667537491916426,0.0004936782925165258,-0.0006635808364296703,8,-48.318479619930706,24.532256993102006,0.0031017240092180314,4.0,0.6332462508083574,-0.0001745550980558619,0.1899738758802414,0.0,0,0,0,2.1492320229299366e-05,-0.0011832863092422485,0.0
101,5.050000000000001,-50.88165283203125,24.524892807006836,0.0037535903178175806,3.3628102902594046,0.0004906001789552195,-0.000654193659240809,8,-48.153184865053284,24.532858836050224,0.0030993966585767716,4.0,0.6371897097405954,-0.00017536662926431745,0.19115690886974335,0.0,0,0,0,-8.115312084555626e-07,0.0011830329895019531,0.0
102,5.1000000000000005,-50.71339416503906,24.5255069732666,0.0037422469160495243,3.366754345731354,0.00048688057067274894,-0.0006453903112498402,8,-47.98200760135994,24.533478829922448,0.003096856604799684,4.0,0.633245654268646,-0.00015730145969428122,0.18997369706630707,0.0,0,0,0,1.8065169570036232e-05,-0.0011832118034362793,0.0
103,5.15,-50.54518127441406,24.526119232177734,0.0037317326312302154,3.3628103981874746,0.00048289246291266866,-0.0006374897891969866,8,-47.84671306486285,24.533986079992754,0.003094242842033229,4.0,0.6371896018125254,-0.00031695832149125636,0.19115687906742096,0.0,0,0,0,-0.00015965686179697514,0.0011831820011138916,0.0
104,5.2,-50.37691879272461,24.5267276763916,0.003714839243362326,3.3667553613174634,0.0004790132217452059,-0.000623138814116624,8,-47.67553131546497,24.534600568314396,0.003091700429245702,4.0,0.6332446386825366,-0.0002849804295692593,0.1899733990430832,0.0,0,0,0,3.197789192199707e-05,-0.0011834800243377686,0.0
105,5.25,-50.20870590209961,24.52733039855957,0.003696288401819918,3.3628107429948693,0.0004752877905747372,-0.0006070295799317049,8,-47.51023741986447,24.535191402584573,0.003089258821888213,4.0,0.6371892570051307,-0.00026903441175818443,0.1911567747592926,0.0,0,0,0,1.5946017811074853e-05,0.0011833757162094116,0.0
106,5.300000000000001,-50.040443420410156,24.52792739868164,0.003678568497746533,3.366754776722486,0.00047172376130171986,-0.0005916455021651541,8,-47.339056358916864,24.53579467300059,0.003086922995581379,4.0,0.6332452232775139,-0.0002343690284760669,0.18997356295585632,0.0,0,0,0,3.4665383282117546e-05,-0.0011832118034362793,0.0
107,5.3500000000000005,-49.872230529785156,24.52851676940918,0.0036626831579631308,3.362810640543539,0.00046836607740397516,-0.0005779607521551673,8,-47.17376210743387,24.536372453509745,0.0030847224058079634,4.0,0.6371893594564608,-0.0002225939679192379,0.191156804561615,0.0,0,0,0,1.1775060556828976e-05,0.001183241605758667,0.0
108,5.4,-49.7039680480957,24.52910804748535,0.0036479710134607194,3.3667547423527107,0.0004647201692241712,-0.0005654853471033323,8,-47.00258099313246,24.536970338358167,0.003082485666357387,4.0,0.6332452576472893,-0.00019435999274719507,0.18997357785701752,0.0,0,0,0,2.8233975172042847e-05,-0.0011832267045974731,0.0
109,5.45,-49.5357551574707,24.529699325561523,0.003634800849632437,3.362810845605776,0.06385643605743284,0.040999878322159115,8,-46.837444226857734,24.586297515216184,0.04463467917179155,4.0,0.6371891543942239,0.18821121752262115,0.19115674495697021,0.0,0,0,0,0.18840557751536835,0.0011831670999526978,0.0
110,5.5,-49.36802291870117,24.534757614135742,0.007451636562001546,3.3503862521867718,0.09654344832945096,0.05864252179595882,8,-46.680678704679345,24.615879753423986,0.06609415835796037,4.0,0.6496137478132282,0.32036808133125305,0.19488412141799927,0.0,0,0,0,0.1321568638086319,0.0037273764610290527,0.0
111,5.550000000000001,-49.202537536621094,24.549650192260742,0.018532804867806913,3.3156143027335148,0.09614796384373389,0.04730184781837789,9,-46.20725091889342,24.650772530440744,0.0658346526861848,4.0,0.6843856972664852,0.2804848551750183,0.2053157091140747,0.0,0,0,0,-0.03988322615623474,0.01043158769607544,0.0
112,5.6000000000000005,-49.03940963745117,24.57297134399414,0.034218692610913724,3.309372531247542,0.09552149484091078,0.031204773724269767,9,-46.04922955912365,24.67315259220236,0.06542346633518349,4.0,0.6906274687524578,0.24526984989643097,0.20718823373317719,0.0,0,0,0,-0.03521500527858734,0.001872524619102478,0.0
113,5.65,-48.87651443481445,24.59910774230957,0.049385447033780026,3.3151608626955418,0.09481786464944231,0.015576175156323695,9,-45.88153360950138,24.698922414793596,0.06496162219010372,4.0,0.6848391373044582,0.21070080995559692,0.20545174181461334,0.0,0,0,0,-0.034569039940834045,-0.0017364919185638428,0.0
114,5.7,-48.71305465698242,24.625890731811523,0.06284838381202469,3.328649586684273,-0.002127329376605577,-0.06146353528503286,8,-46.03986066169847,24.63172003436132,0.001384848526991835,4.0,0.6713504133157269,0.0,0.0,1.0,0,0,1,-0.21070080995559692,-0.20545174181461334,1.0
115,5.75,-48.54922103881836,24.64811897277832,0.07065633520327068,3.2864122644676694,-0.0027276586054581506,-0.0696648392429225,9,-45.57543704234358,24.65379512851015,0.000991495960348188,4.0,0.7135877355323306,0.0,0.0,1.0,0,0,1,0.0,0.0,0.0
116,5.800000000000001,-48.388553619384766,24.662561416625977,0.0719735679679375,3.1809331022593432,-0.0031137691725559437,-0.0712350297949639,9,-45.501789445246665,24.667807172574314,0.0007385381729735866,4.0,0.8190668977406568,0.0,0.0,1.0,0,0,1,0.0,0.0,0.0
117,5.8500000000000005,-48.23494338989258,24.67443084716797,0.07215294851211114,3.008707624344594,0.09280147996623356,-0.008514950231530843,9,-45.492174105067264,24.756221488393436,0.0636379982805803,4.0,0.991292375655406,0.16125285625457764,0.2973877191543579,0.0,0,0,0,0.16125285625457764,0.2973877191543579,-1.0
118,5.9,-48.08993148803711,24.687850952148438,0.07452004931275763,2.8609605612568076,-0.0037886125367909886,-0.07422361994570387,9,-45.46714403580821,24.692417036098835,0.00029642936705375964,4.0,1.1390394387431924,-0.06096937507390976,0.3417118191719055,0.0,0,0,0,-0.2222222313284874,0.04432410001754761,0.0
119,5.95,-47.94929504394531,24.700721740722656,0.07604662318386149,2.8138437221238974,-0.00413288991971076,-0.07597574664058511,9,-45.36537876188029,24.705037769707243,7.087654327637668e-05,4.0,1.1861562778761026,-0.17095333337783813,0.3558468818664551,0.0,0,0,0,-0.10998395830392838,0.01413506269454956,0.0
120,6.0,-47.808616638183594,24.705934524536133,0.07122398798962107,2.821651626855397,-0.004266064237190981,-0.07124035321384217,9,-45.218258759797905,24.7101581969864,-1.6365224221104428e-05,4.0,1.178348373144603,-0.16146181523799896,0.3535045087337494,0.0,0,0,0,0.009491518139839172,-0.0023423731327056885,0.0
121,6.050000000000001,-47.66677474975586,24.705780029296875,0.06320157306802884,2.855819375568958,-0.0042501368830290326,-0.06320776160755825,9,-45.04822848646576,24.710013961202925,-6.188539529407426e-06,4.0,1.144180624431042,-0.14544053375720978,0.3432541787624359,0.0,0,0,0,0.016021281480789185,-0.010250329971313477,0.0
122,6.1000000000000005,-47.52241516113281,24.704050064086914,0.05516893410456423,2.9153725496046112,-0.004190608656946294,-0.05513637496352444,9,-44.85473756152366,24.708327530037327,3.255914103978464e-05,4.0,1.0846274503953888,0.0,0.0,1.0,0,0,1,0.14544053375720978,-0.3432541787624359,1.0
123,6.15,-47.3760986328125,24.70587921142578,0.051175603112585275,2.922930117021754,-0.0042289492251381434,-0.0511684422886437,9,-44.70218601765456,24.7101273080685,7.160823941572133e-06,4.0,1.077069882978246,0.0,0.0,1.0,0,0,1,0.0,0.0,0.0
124,6.2,-47.23183059692383,24.711811065673828,0.050624099901532695,2.854717030089237,-0.004380460463535232,-0.050716504748822014,9,-44.53919369795777,24.715942713453902,-9.240484728931978e-05,4.0,1.1452829699107632,0.0,0.0,1.0,0,0,1,0.0,0.0,0.0
125,6.25,-47.09349822998047,24.718435287475586,0.05055491596983948,2.705425194149815,0.09168561917976968,0.01234930908073796,10,-44.317174710544535,24.801441166106223,0.06290422505057744,4.0,1.2945748058501851,0.20944055914878845,0.3883724510669708,0.0,0,0,0,0.20944055914878845,0.3883724510669708,-1.0
126,6.300000000000001,-46.96287536621094,24.72740364074707,0.052684949660387684,2.5719248526262066,-0.004787798731553145,-0.05304481759910924,10,-44.305881433760476,24.731235272817703,-0.0003598679387215562,4.0,1.4280751473737934,-0.012781662866473198,0.4284225404262543,0.0,0,0,0,-0.22222222201526165,0.04005008935928345,0.0
127,6.3500000000000005,-46.83601379394531,24.73674201965332,0.054584786364212164,2.5416102139289647,-0.0050345682060322925,-0.055106619552228786,10,-44.206555577440355,24.74040444985641,-0.0005218331880166245,4.0,1.4583897860710353,-0.1273936927318573,0.4375169277191162,0.0,0,0,0,-0.1146120298653841,0.009094387292861938,0.0
128,6.4,-46.70799255371094,24.741052627563477,0.052071290766206174,2.578883147286884,-0.005143449901383273,-0.05266449977308561,10,-44.044678024817145,24.74461617601783,-0.000593209006879437,4.0,1.4211168527131162,-0.1240876168012619,0.42633506655693054,0.0,0,0,0,0.003306075930595398,-0.011181861162185669,0.0
129,6.45,-46.577392578125,24.740812301635742,0.04647601428308491,2.6398758267339,-0.005126840971053547,-0.047058336151876,10,-43.858676332042236,24.744355975371967,-0.0005823218687910843,4.0,1.3601241732661,0.0,0.0,1.0,0,0,1,0.1240876168012619,-0.42633506655693054,1.0
130,6.5,-46.44379425048828,24.742748260498047,0.04367074858171473,2.682091781471776,-0.005169944487736897,-0.04428131838461709,9,-43.8935727383385,24.746361117509927,-0.0006105698029023609,4.0,1.317908218528224,0.0,0.0,1.0,0,0,1,0.0,0.0,0.0
131,6.550000000000001,-46.311214447021484,24.74759864807129,0.04331755100333218,2.6223378771474892,-0.005293398454613967,-0.04400902988339749,9,-43.772789821131,24.751136780494207,-0.0006914788800653128,4.0,1.3776621228525108,0.0,0.0,1.0,0,0,1,0.0,0.0,0.0
132,6.6000000000000005,-46.183685302734375,24.752885818481445,0.043276313618327976,2.4995037202617554,0.09081255428763339,0.019054210486212364,10,-43.594009045095724,24.82352181290766,0.06233052410454034,4.0,1.5004962797382446,0.22652365267276764,0.45014888048171997,0.0,0,0,0,0.22652365267276764,0.45014888048171997,-1.0
133,6.65,-46.06339645385742,24.760282516479492,0.04522771993994832,2.362749115096527,0.09061905370144333,0.01697576296074689,11,-43.341065298006576,24.839045088428477,0.06220348290069521,4.0,1.637250884903473,0.22502967715263367,0.49117526412010193,0.0,0,0,0,-0.0014939755201339722,0.04102638363838196,0.0
134,6.7,-45.94764709472656,24.77373695373535,0.051938486412784486,2.332278163422592,0.09025922773217442,0.010028756766891106,11,-43.25541087788836,24.850348477780067,0.06196724317967559,4.0,1.667721836577408,0.21031048893928528,0.5,0.0,0,0,0,-0.014719188213348389,0.008824735879898071,0.0
135,6.75,-45.83141326904297,24.79153060913086,0.06089147223708845,2.3806457999533874,0.089780526648097,0.0007614896858848114,10,-43.34946168216721,24.854793022300356,0.06165296192297326,4.0,1.6193542000466126,0.18844646215438843,0.48580625653266907,0.0,0,0,0,-0.02186402678489685,-0.014193743467330933,0.0
136,6.800000000000001,-45.711429595947266,24.81089973449707,0.06969784688219434,2.476352968687253,-0.006991232710508222,-0.07150192909302233,10,-43.09541347338506,24.813171465314646,-0.0018040822108279968,4.0,1.523647031312747,0.0,0.0,1.0,0,0,1,-0.18844646215438843,-0.48580625653266907,1.0
137,6.8500000000000005,-45.58678436279297,24.82716941833496,0.07458805146671713,2.5289670410319287,-0.05418981438568043,-0.10942786516681254,10,-42.877338535226514,24.78695733783014,-0.03483981370009541,4.0,1.4710329589680713,0.0,0.0,1.0,0,0,1,0.0,0.0,0.0
138,6.9,-45.46148681640625,24.83831787109375,0.07527075281215893,2.4954575992366146,-0.007727745548751809,-0.07755723453861416,10,-42.782284527094994,24.839919679091377,-0.002286481726455226,4.0,1.5045424007633854,0.0,0.0,1.0,0,0,1,0.0,0.0,0.0
139,6.95,-45.34056854248047,24.84789276123047,0.07534815093133937,2.370992726990352,-0.007982436836243147,-0.0778014074608092,10,-42.77442170240356,24.849579792967177,-0.0024532565294698343,4.0,1.6290072730096479,0.0,0.0,1.0,0,0,1,0.0,0.0,0.0
140,7.0,-45.22718048095703,24.85658073425293,0.07535391001719666,2.209122682324814,-0.008213261588958796,-0.07795830871010984,11,-42.54515446132756,24.857808942843896,-0.002604398692913176,4.0,1.7908773176751862,0.0,0.0,1.0,0,0,1,0.0,0.0,0.0
141,7.050000000000001,-45.13518142700195,24.863563537597656,0.07535542469006665,1.4272938275371716,-0.00839871780493629,-0.07808125760143925,14,-42.6867512313196,24.86528825846631,-0.002725832911372607,4.0,2.572706172462828,-0.186179980635643,0.5,0.0,0,0,0,-0.186179980635643,0.5,-1.0
142,7.1000000000000005,-45.103118896484375,24.865814208984375,0.0752029503952812,0.19506425777397188,-0.004360730491701386,-0.07598544346327074,21,-43.03608701356226,24.868557502361288,-0.0007824930679895365,4.0,3.804935742226028,-0.1948004961013794,0.5,0.0,0,0,0,-0.00862051546573639,0.0,0.0
143,7.15,-45.10320281982422,24.865880966186523,0.07519724124369434,0.00012125899230534382,-0.004444510018036847,-0.07602357398265538,23,-43.032983034419296,24.86861478694708,-0.0008263327389610382,4.0,3.9998787410076946,-0.17969462275505066,0.5,0.0,0,0,0,0.015105873346328735,0.0,0.0
144,7.2,-45.09621047973633,24.865835189819336,0.07474253145469853,0.22803230569572502,-0.0064935429660896195,-0.07658216192773473,21,-42.972638610767724,24.86842215184451,-0.0018396304730362001,4.0,3.771967694304275,-0.18171130120754242,0.5,0.0,0,0,0,-0.0020166784524917603,0.0,0.0
145,7.25,-45.08015060424805,24.865591049194336,0.07354931877304534,0.36522138110844354,-0.008450452649450163,-0.07630899073235567,20,-42.90253906668541,24.868032025268114,-0.0027596719593103326,4.0,3.6347786188915565,-0.18391044437885284,0.5,0.0,0,0,0,-0.002199143171310425,0.0,0.0
146,7.300000000000001,-45.05536651611328,24.865140914916992,0.07183714754109818,0.5684229323687506,-0.007190763649925733,-0.07400645844475402,18,-42.91170938536784,24.867681429404488,-0.002169310903655842,4.0,3.4315770676312494,-0.1838231384754181,0.5,0.0,0,0,0,8.730590343475342e-05,0.0,0.0
147,7.3500000000000005,-45.02376937866211,24.8643798828125,0.06948329180568563,0.7090475309298438,-0.008165488966557439,-0.07210437296275043,17,-42.85169941425539,24.866852215134806,-0.0026210811570648025,4.0,3.290952469070156,-0.1776507943868637,0.5,0.0,0,0,0,0.006172344088554382,0.0,0.0
148,7.4,-44.984554290771484,24.863407135009766,0.06695742499217838,0.8671095397304396,-0.008383167289302367,-0.06967288000315319,16,-42.77372771512916,24.86578691834761,-0.0027154550109748142,4.0,3.1328904602695604,-0.1711118370294571,0.5,0.0,0,0,0,0.006538957357406616,0.0,0.0
149,7.45,-44.93772888183594,24.86229133605957,0.06392363926333339,1.002923233830894,-0.008348940523638809,-0.06661660420586961,16,-42.653718427454045,24.86448953190617,-0.0026929649425362183,4.0,2.997076766169106,-0.16373732686042786,0.5,0.0,0,0,0,0.007374510169029236,0.0,0.0
150,7.5,-44.88319396972656,24.86099624633789,0.060925161224877955,1.1714396585600813,-0.008309200222691293,-0.06359201300245018,15,-42.56032666209012,24.863110718614244,-0.0026668517775722284,4.0,2.8285603414399185,-0.1563437432050705,0.5,0.0,0,0,0,0.007393583655357361,0.0,0.0
151,7.550000000000001,-44.82128143310547,24.859586715698242,0.05756914132651177,1.2893651069596728,-0.008265771546707932,-0.060207455187086464,14,-42.541813261221904,24.86183854958638,-0.0026383138605746916,4.0,2.7106348930403272,-0.1485069841146469,0.5,0.0,0,0,0,0.007836759090423584,0.0,0.0
152,7.6000000000000005,-44.75083541870117,24.858051300048828,0.05370176120933675,1.5007363189663347,-0.008218363263769821,-0.05630896123758604,14,-42.299938083606534,24.85987969716486,-0.00260720002824929,4.0,2.499263681033665,-0.1392524242401123,0.5,0.0,0,0,0,0.009254559874534607,0.0,0.0
153,7.65,-44.672607421875,24.856420516967773,0.04950738236100283,1.6096159869777187,-0.008167762769038227,-0.052081371703327516,13,-42.29340278879403,24.858464245900727,-0.002573989342324686,4.0,2.390384013022281,-0.1297624260187149,0.5,0.0,0,0,0,0.0094899982213974,0.0,0.0
154,7.7,-44.58582305908203,24.854650497436523,0.04513119699518976,1.8216255038139493,0.11310402612023648,0.055442808847238206,12,-42.181165597043695,24.98363680068793,0.10057400584242797,4.0,2.1783744961860507,0.0924597978591919,0.5,0.0,0,0,0,0.2222222238779068,0.0,0.0
155,7.75,-44.49178695678711,24.856571197509766,0.043904199618395395,1.920247397343003,-0.008158772789325797,-0.04647218787066174,12,-41.982127059269125,24.85828520590006,-0.0025679882522663465,4.0,2.0797526026569972,0.0,0.0,1.0,0,0,1,-0.0924597978591919,-0.5,1.0
156,7.800000000000001,-44.390926361083984,24.86151123046875,0.044430806434444935,2.073557397193445,-0.008287503973724901,-0.047083104063462854,11,-41.78810976186582,24.862895303109774,-0.002652297629017918,4.0,1.926442602806555,0.0,0.0,1.0,0,0,1,0.0,0.0,0.0
157,7.8500000000000005,-44.289207458496094,24.866090774536133,0.044472060464205945,1.9960280634201681,-0.00840624397275411,-0.04720211875493558,11,-41.818144505022644,24.86775088717251,-0.002730058290729634,4.0,2.003971936579832,0.0,0.0,1.0,0,0,1,0.0,0.0,0.0
158,7.9,-44.190643310546875,24.870492935180664,0.04447594701492178,1.9526870401601388,-0.008520327596891442,-0.04728071609777398,11,-41.762487871003245,24.87220286312741,-0.0028047690828521977,4.0,2.047312959839861,0.0,0.0,1.0,0,0,1,0.0,0.0,0.0
159,7.95,-44.10009765625,24.87452507019043,0.04447644635762617,1.717382080145607,-0.23513587369526548,-0.2230707651871962,13,-41.612248428019804,24.66436062293538,-0.17859431882957003,4.0,2.2826179198543928,-0.7546427249908447,0.5,0.0,0,0,0,-0.7546427249908447,0.5,-1.0
160,8.0,-44.04351806640625,24.876596450805664,0.04410187691149573,0.6060774759695596,-0.008677741707444281,-0.04700972624186436,19,-41.81723269548947,24.87880050852953,-0.002907849330368625,4.0,3.3939225240304403,-0.5324204564094543,0.5,0.0,0,0,0,0.22222226858139038,0.0,0.0
161,8.05,-44.038597106933594,24.876754760742188,0.044007688393880195,0.0005353118534554239,-0.00458945874095372,-0.04494213676226519,23,-41.967615442186265,24.87940899548603,-0.0009344483683849962,4.0,3.9994646881465448,-0.31019824743270874,0.5,0.0,0,0,0,0.2222222089767456,0.0,0.0
162,8.1,-44.031761169433594,24.875959396362305,0.04314056730413959,0.20624378047158845,-0.005197212960821417,-0.044376807572695444,21,-41.94555646074448,24.878577561711374,-0.0012362402685558481,4.0,3.7937562195284116,-0.12757641077041626,0.5,0.0,0,0,0,0.18262183666229248,0.0,0.0
163,8.15,-44.013572692871094,24.87495231628418,0.042118512656794435,0.4100667598807936,-0.008630282302274327,-0.04499523905947775,20,-41.7619665999728,24.877105361733197,-0.002876726402683312,4.0,3.5899332401192066,-0.12302809208631516,0.5,0.0,0,0,0,0.004548318684101105,0.0,0.0
164,8.200000000000001,-43.98695755004883,24.874258041381836,0.04098120139089769,0.5821121361868224,-0.008143829051248183,-0.04362908610496831,18,-41.82256136187738,24.87667081400659,-0.002647884714070618,4.0,3.4178878638131778,-0.11897298693656921,0.5,0.0,0,0,0,0.004055105149745941,0.0,0.0
165,8.25,-43.95261764526367,24.873498916625977,0.03925112872299815,0.7627948741306222,-0.008585822759284444,-0.042098679595065566,18,-41.65698763910637,24.8755478333003,-0.002847550872067414,4.0,3.237205125869378,-0.11383230239152908,0.5,0.0,0,0,0,0.005140684545040131,0.0,0.0
166,8.3,-43.911827087402344,24.87257957458496,0.03756965458380336,0.8655251602986882,-0.008557537717321255,-0.040398642852875956,17,-41.641147349788234,24.87471340306881,-0.0028289882690725947,4.0,3.134474839701312,-0.1094619408249855,0.5,0.0,0,0,0,0.004370361566543579,0.0,0.0
167,8.35,-43.86284255981445,24.871557235717773,0.035434469341021534,1.0478206078432155,-0.00852582043752427,-0.03824264058189815,16,-41.51717333095731,24.873496031588083,-0.002808171240876613,4.0,2.9521793921567845,-0.10372830182313919,0.5,0.0,0,0,0,0.0057336390018463135,0.0,0.0
168,8.4,-43.8073616027832,24.870468139648438,0.03325288475802888,1.1602403306692735,-0.008491601996232861,-0.03603864428974157,16,-41.42063610655177,24.872310914094015,-0.0027857595317126965,4.0,2.8397596693307268,-0.09837617725133896,0.5,0.0,0,0,0,0.005352124571800232,0.0,0.0
169,8.450000000000001,-43.744388580322266,24.869287490844727,0.030593491624773185,1.3273058755950728,-0.00845390047466092,-0.033354658287943505,15,-41.318895630134655,24.871044216250183,-0.002761166663170322,4.0,2.672694124404927,-0.09180586785078049,0.5,0.0,0,0,0,0.006570309400558472,0.0,0.0
170,8.5,-43.6738166809082,24.868072509765625,0.02765905844934495,1.4607995224742096,-0.008414627856614865,-0.030394616626230723,14,-41.27184184527482,24.86991641081427,-0.0027355581768857716,4.0,2.5392004775257906,-0.08487161993980408,0.5,0.0,0,0,0,0.00693424791097641,0.0,0.0
171,8.55,-43.593955993652344,24.866588592529297,0.024982962302627414,1.6869080680695403,-0.06348432671369092,-0.0773077198735257,12,-41.204240217182736,24.80500438492259,-0.05232475757089828,4.0,2.31309193193046,0.0,0.0,1.0,0,0,1,0.08487161993980408,-0.5,1.0
172,8.6,-43.50748062133789,24.86717987060547,0.024078321850435725,1.7398569476083012,-0.008376350536009021,-0.026789101259331656,12,-40.995838651500385,24.8687477279062,-0.00271077940889593,4.0,2.2601430523916988,0.0,0.0,1.0,0,0,1,0.0,0.0,0.0
173,8.65,-43.418601989746094,24.86906623840332,0.024014487127463287,1.7927733354318403,-0.008420989660945767,-0.02675468761394518,12,-40.98033923945057,24.870805914182426,-0.002740200486481893,4.0,2.20722666456816,0.0,0.0,1.0,0,0,1,0.0,0.0,0.0
174,8.700000000000001,-43.33386993408203,24.87104606628418,0.024009439604959746,1.6199794950005035,-0.008468544183306496,-0.026780964246588147,13,-40.942764711107145,24.87288761897814,-0.0027715246416284006,4.0,2.3800205049994965,0.0,0.0,1.0,0,0,1,0.0,0.0,0.0
175,8.75,-43.281700134277344,24.87228775024414,0.024008896569768724,0.5193667853633732,-0.008498448778383346,-0.026800117305368402,20,-41.024748993874304,24.874486566945585,-0.0027912207355996793,4.0,3.480633214636627,-0.08168735355138779,0.5,0.0,0,0,0,-0.08168735355138779,0.5,-1.0
176,8.8,-43.277610778808594,24.872394561767578,0.023981495138865327,0.0005265175556192505,-0.004494317790602118,-0.024839703760885543,23,-41.20664531717077,24.875111560361834,-0.0008582086220202159,4.0,3.999473482444381,-0.07122036069631577,0.5,0.0,0,0,0,0.010466992855072021,0.0,0.0
177,8.85,-43.27763748168945,24.87239646911621,0.023981559637297978,0.00016542339736935695,-0.004469787486253108,-0.024827308056493268,23,-41.207336430705695,24.875115303942454,-0.0008457484191952906,4.0,3.999834576602631,-0.0711437538266182,0.5,0.0,0,0,0,7.66068696975708e-05,0.0,0.0
178,8.9,-43.27204132080078,24.872325897216797,0.023813718070784938,0.14396617131354578,-0.007661547259419713,-0.026216382095008817,22,-41.118525131998084,24.87481328076161,-0.00240266402422388,4.0,3.856033828686454,-0.07851742953062057,0.5,0.0,0,0,0,-0.00737367570400238,0.0,0.0
179,8.950000000000001,-43.258358001708984,24.872116088867188,0.023326134887083464,0.309200154596567,-0.004678609347953111,-0.024271156724772553,21,-41.188083065494624,24.874838244697138,-0.0009450218376890877,4.0,3.6907998454034328,-0.07965120673179626,0.5,0.0,0,0,0,-0.0011337772011756897,0.0,0.0
180,9.0,-43.23801803588867,24.871822357177734,0.02246834318353655,0.46442142705355094,-0.008482035072992847,-0.02524888731477941,20,-41.07172638235221,24.87428093997276,-0.0027805441312428606,4.0,3.535578572946449,-0.08015028387308121,0.5,0.0,0,0,0,-0.0004990771412849426,0.0,0.0
181,9.05,-43.210052490234375,24.871200561523438,0.021671448403384582,0.6281405344278745,-0.008462607369965038,-0.024439311442378625,19,-40.9488340407954,24.87340444235758,-0.0027678630389940417,4.0,3.3718594655721255,-0.0765896886587143,0.5,0.0,0,0,0,0.003560595214366913,0.0,0.0
182,9.1,-43.17544937133789,24.870529174804688,0.020534303585055966,0.7619893581867164,-0.008441267440486327,-0.023288244556762518,18,-40.88103967791448,24.872651789420722,-0.00275394097170655,4.0,3.2380106418132835,-0.0735185518860817,0.5,0.0,0,0,0,0.003071136772632599,0.0,0.0
183,9.15,-43.1326904296875,24.86977767944336,0.019063387700140162,0.9251512785323835,-0.008417049783838417,-0.021801535653639854,17,-40.90335076544446,24.872090483685696,-0.002738147953499693,4.0,3.0748487214676166,-0.06925690174102783,0.5,0.0,0,0,0,0.0042616501450538635,0.0,0.0
184,9.200000000000001,-43.08365249633789,24.86895751953125,0.017581773397782805,1.0378754501325735,-0.008390424087985952,-0.020302561738117092,16,-40.86497410071336,24.871311405469793,-0.0027207883403342873,4.0,2.9621245498674265,-0.06536675244569778,0.5,0.0,0,0,0,0.0038901492953300476,0.0,0.0
185,9.25,-43.02703094482422,24.867931365966797,0.016079892023411025,1.1944602699766809,-0.008357500590168643,-0.018779207225523623,15,-40.774236602531445,24.87020788021993,-0.0026993152021125987,4.0,2.805539730023319,-0.06125384569168091,0.5,0.0,0,0,0,0.004112906754016876,0.0,0.0
186,9.3,-42.963260650634766,24.866865158081055,0.01451944295130082,1.315139259571697,-0.008322885453015702,-0.017196189558980685,14,-40.56471958150394,24.868767771346835,-0.0026767466076798654,4.0,2.684860740428303,0.0,0.0,1.0,0,0,1,0.06125384569168091,-0.5,1.0
187,9.35,-42.89155197143555,24.86714744567871,0.014013609832051195,1.4985703327959787,-0.06501785838053721,-0.07159853978604691,13,-40.48852158752407,24.79374175880921,-0.057584929953995716,4.0,2.5014296672040213,0.0,0.0,1.0,0,0,1,0.0,0.0,0.0
188,9.4,-42.81829833984375,24.868061065673828,0.013982395711540325,1.4251528206498085,-0.07192305843661458,-0.08073007372770281,14,-40.46035203911607,24.782523048418234,-0.06674767801616249,4.0,2.5748471793501917,0.0,0.0,1.0,0,0,1,0.0,0.0,0.0
189,9.450000000000001,-42.775062561035156,24.86863899230957,0.013978177305985532,0.34324185145949554,-0.0069309661584488515,-0.016007525432628403,21,-40.64640631123676,24.871250182236988,-0.002029348126642871,4.0,3.6567581485405043,-0.06273704022169113,0.5,0.0,0,0,0,-0.06273704022169113,0.5,-1.0
190,9.5,-42.77356719970703,24.868680953979492,0.013966799574406549,0.00036392709862112163,-0.004408394940916695,-0.014759326584672659,23,-40.702900887063564,24.871448290979263,-0.0007925270102661107,4.0,3.999636072901379,-0.04949617758393288,0.5,0.0,0,0,0,0.013240862637758255,0.0,0.0
191,9.55,-42.77357864379883,24.868688583374023,0.013967728559896173,0.0015250453006563432,-0.004486183001871809,-0.01479978586970838,23,-40.70077588143102,24.871450076840592,-0.0008320573098122068,4.0,3.9984749546993434,-0.04974201321601868,0.5,0.0,0,0,0,-0.00024583563208580017,0.0,0.0
192,9.600000000000001,-42.76599884033203,24.868627548217773,0.013727472938570897,0.20011969572545782,-0.004628125530572454,-0.014630129503287499,21,-40.690296889510954,24.87138202913264,-0.0009026565647166008,4.0,3.7998803042745424,-0.06378357857465744,0.5,0.0,0,0,0,-0.014041565358638763,0.0,0.0
193,9.65,-42.75220489501953,24.86833953857422,0.013524959303319086,0.34352419181856125,-0.006942207337352365,-0.015557882766066464,21,-40.62306442003095,24.870953374667053,-0.002032923462747378,4.0,3.6564758081814386,-0.061725787818431854,0.5,0.0,0,0,0,0.002057790756225586,0.0,0.0
194,9.700000000000001,-42.730960845947266,24.867929458618164,0.012982075995701035,0.4795037401394222,-0.008333636276943735,-0.015666120295850964,20,-40.53978339998895,24.870381893455917,-0.0026840443001499297,4.0,3.520496259860578,-0.05922514572739601,0.5,0.0,0,0,0,0.002500642091035843,0.0,0.0
195,9.75,-42.70344161987305,24.867494583129883,0.012233636183226298,0.6135232220434053,-0.008319553567751695,-0.014908450511370817,19,-40.465367060720816,24.869827718284167,-0.00267481432814452,4.0,3.3864767779565947,-0.0564676970243454,0.5,0.0,0,0,0,0.0027574487030506134,0.0,0.0
196,9.8,-42.667381286621094,24.866788864135742,0.011566745276162228,0.7992426314943779,-0.008297357784663489,-0.014227012277774231,18,-40.45903244585376,24.86921143987291,-0.0026602670016120026,4.0,3.200757368505622,-0.053639721125364304,0.5,0.0,0,0,0,0.0028279758989810944,0.0,0.0
197,9.850000000000001,-42.62368392944336,24.866073608398438,0.010489571516630835,0.9431422002917802,-0.008274315107710999,-0.013134736090460977,17,-40.36834733254686,24.868382202071402,-0.002645164573830142,4.0,3.0568577997082196,-0.05037727952003479,0.5,0.0,0,0,0,0.0032624416053295135,0.0,0.0
198,9.9,-42.57309341430664,24.86524772644043,0.00929294561953368,1.0524609624184238,-0.008247698190764381,-0.011920665169449972,16,-40.33438415030918,24.867612739466622,-0.002627719549916291,4.0,2.947539037581576,-0.04712866619229317,0.5,0.0,0,0,0,0.003248613327741623,0.0,0.0
199,9.950000000000001,-42.51447296142578,24.864181518554688,0.008509771320482125,1.2555721572240484,-0.008213847820712437,-0.011115305001819592,15,-40.1822332269907,24.86631865132428,-0.002605533681337467,4.0,2.7444278427759516,0.0,0.0,1.0,0,0,1,0.04712866619229317,-0.5,1.0
200,10.0,-42.46738052368164,24.864164352416992,0.007941034024195638,0.5531572532707607,-0.007509985049250774,-0.010216540083098882,20,-40.329674438341186,24.866809985364227,-0.0022755060589032443,4.0,3.4468427467292395,-0.04735202714800835,0.5,0.0,0,0,0,-0.04735202714800835,0.5,-1.0
201,10.05,-42.46147918701172,24.864137649536133,0.007877799032617119,0.10706475138462143,-0.00323966697132822,-0.008040539402717213,23,-40.42448308271459,24.86704581504753,-0.0001627403701000941,4.0,3.8929352486153785,-0.04469277709722519,0.5,0.0,0,0,0,0.0026592500507831573,0.0,0.0
202,10.100000000000001,-42.449256896972656,24.86406135559082,0.007657713215508638,0.33225386507133503,-0.006060822770074839,-0.00924125400766942,21,-40.33944479635855,24.866781209642237,-0.0015835407921607817,4.0,3.667746134928665,-0.048731207847595215,0.5,0.0,0,0,0,-0.004038430750370026,0.0,0.0
203,10.15,-42.42908477783203,24.86372947692871,0.007270268009686044,0.4292667999020007,-0.005981612597997843,-0.008813567694919673,20,-40.32079782022672,24.866457375468876,-0.0015432996852336295,4.0,3.570733200097999,-0.04692595452070236,0.5,0.0,0,0,0,0.0018052533268928528,0.0,0.0
204,10.200000000000001,-42.40082550048828,24.863231658935547,0.006670402937564655,0.6488019753033241,-0.0073274218805395655,-0.008854339310510561,19,-40.26522571157663,24.865895076818276,-0.002183936372945905,4.0,3.351198024696676,-0.04378354176878929,0.5,0.0,0,0,0,0.0031424127519130707,0.0,0.0
205,10.25,-42.36399459838867,24.86271095275879,0.005730438150226586,0.7974260876099694,-0.008161833411825479,-0.008301880665664063,18,-40.15839762557205,24.86520123482642,-0.0025714425154374763,4.0,3.2025739123900308,-0.04069485142827034,0.5,0.0,0,0,0,0.0030886903405189514,0.0,0.0
206,10.3,-42.31985092163086,24.862096786499023,0.004733693416061537,0.9602689661554988,-0.008141540807810646,-0.007291835904977934,17,-40.039766032774246,24.86440555919043,-0.0025581424889163963,4.0,3.039731033844501,0.0,0.0,1.0,0,0,1,0.04069485142827034,-0.5,1.0
207,10.350000000000001,-42.297889709472656,24.861719131469727,0.0050726654490041365,0.0061001970761398565,-0.0022636310538320065,-0.004706862598236779,24,-40.28630221449882,24.86471860714806,0.00036580285076735737,4.0,3.99389980292386,-0.037332285195589066,0.5,0.0,0,0,0,-0.037332285195589066,0.5,-1.0
208,10.4,-42.296897888183594,24.861698150634766,0.005054904453187369,0.10348869861981087,-0.00296272764311367,-0.00506034837958832,23,-40.26648162301596,24.864649824841212,-5.4439264009507925e-06,4.0,3.896511301380189,-0.03760252520442009,0.5,0.0,0,0,0,-0.00027024000883102417,0.0,0.0
209,10.450000000000001,-42.28728485107422,24.861501693725586,0.004979687837446745,0.24743122328292308,-0.006655632419667079,-0.0068356308746325735,22,-40.16060624058901,24.864210338716706,-0.0018559430371858287,4.0,3.752568776717077,-0.0435534305870533,0.5,0.0,0,0,0,-0.005950905382633209,0.0,0.0
210,10.5,-42.27067947387695,24.86117172241211,0.00467167921336552,0.3665899518934145,-0.00811230073811296,-0.007210657462204524,21,-40.10198108150492,24.86377775941944,-0.002538978248839004,4.0,3.6334100481065854,-0.041620656847953796,0.5,0.0,0,0,0,0.0019327737390995026,0.0,0.0
211,10.55,-42.24636459350586,24.8607177734375,0.0041801106507046324,0.5676485873171601,-0.008097937780158316,-0.006709675285278849,20,-40.08474776334729,24.86334777597617,-0.0025295646345742167,4.0,3.43235141268284,-0.03876064717769623,0.5,0.0,0,0,0,0.0028600096702575684,0.0,0.0
212,10.600000000000001,-42.214439392089844,24.86016845703125,0.0037552706580327175,0.6916334880939267,-0.008080365986273062,-0.006273318563647318,19,-40.01102315653032,24.862700529270988,-0.0025180479056146005,4.0,3.3083665119060734,-0.036864183843135834,0.5,0.0,0,0,0,0.0018964633345603943,0.0,0.0
213,10.65,-42.17494583129883,24.85947036743164,0.0034985229435233393,0.8464023706703462,-0.00805811763299927,-0.006001989063483712,18,-39.89514991001076,24.861821106543406,-0.0025034661199603734,4.0,3.1535976293296537,-0.03521733731031418,0.5,0.0,0,0,0,0.0016468465328216553,0.0,0.0
214,10.700000000000001,-42.12840270996094,24.85858154296875,0.003358316094583399,0.9840967346590384,-0.008030076677767256,-0.005843403926600811,16,-39.75691378407699,24.860718274036795,-0.0024850878320174124,4.0,3.0159032653409614,0.0,0.0,1.0,0,0,1,0.03521733731031418,-0.5,1.0
215,10.75,-42.10188293457031,24.858617782592773,0.0026062438240085505,0.16760211622873133,-0.007406216353049989,-0.004800748301902224,23,-39.953498259920714,24.86130936942237,-0.0021945044778936738,4.0,3.832397883771269,-0.025203779339790344,0.5,0.0,0,0,0,-0.025203779339790344,0.5,-1.0
216,10.8,-42.10086441040039,24.858619689941406,0.0025901093330216035,0.10468289960877591,-0.003006448331610375,-0.002603505668073736,23,-40.06825073647415,24.861598908699477,-1.3396335052132244e-05,4.0,3.895317100391224,-0.032224204391241074,0.5,0.0,0,0,0,-0.007020425051450729,0.0,0.0
217,10.850000000000001,-42.09135055541992,24.858545303344727,0.002273348167599995,0.22357215371344866,-0.004946218895597194,-0.0032781556943257775,22,-40.00710109123501,24.861397254483265,-0.0010048075267257823,4.0,3.7764278462865515,-0.03585193306207657,0.5,0.0,0,0,0,-0.003627728670835495,0.0,0.0
218,10.9,-42.07415771484375,24.858327865600586,0.0019879710812607775,0.40922193819486075,-0.008018940137355228,-0.004465759657100324,21,-39.83234558198049,24.860792082494225,-0.002477788575839547,4.0,3.590778061805139,-0.031996842473745346,0.5,0.0,0,0,0,0.0038550905883312225,0.0,0.0
219,10.950000000000001,-42.04867172241211,24.85795021057129,0.001641469506492062,0.5710545005476574,-0.008006588899105618,-0.00411116294107007,20,-39.88143504498726,24.860604402812516,-0.0024696934345780075,4.0,3.4289454994523427,-0.032943397760391235,0.5,0.0,0,0,0,-0.0009465552866458893,0.0,0.0
220,11.0,-42.01451110839844,24.85733413696289,0.0014087510991854942,0.7280030289361975,-0.007987007415922835,-0.003865610650372677,19,-39.75350982592587,24.859766194711302,-0.0024568595511871827,4.0,3.2719969710638024,-0.031235944479703903,0.5,0.0,0,0,0,0.0017074532806873322,0.0,0.0
221,11.05,-41.97351837158203,24.856698989868164,0.0008823646961265605,0.8857580563210247,-0.007966377947358053,-0.0033257034725017514,18,-39.63409863882627,24.858949385272904,-0.002443338776375191,4.0,3.114241943678975,-0.02904977649450302,0.5,0.0,0,0,0,0.002186167985200882,0.0,0.0
222,11.100000000000001,-41.92606735229492,24.85592269897461,0.0004986422592135041,0.9828303746957173,-0.007941366969610949,-0.0029255885897459207,16,-39.55631741787509,24.858112822132465,-0.0024269463305324167,4.0,3.0171696253042826,0.0,0.0,1.0,0,0,1,0.02904977649450302,-0.5,1.0
223,11.15,-41.904457092285156,24.85550308227539,0.0007982417701007761,0.0055891796639577825,-0.00217169223121172,-0.00035348901258764286,24,-39.8938403656119,24.85856900211384,0.00044475275751313325,4.0,3.994410820336042,-0.0273450780659914,0.5,0.0,0,0,0,-0.0273450780659914,0.5,-1.0
224,11.200000000000001,-41.90346908569336,24.855485916137695,0.0007851384453740707,0.10388950336020797,-0.002914898993591072,-0.0007351483643052501,23,-39.87231517385918,24.85850235268373,4.9990081068820684e-05,4.0,3.896110496639792,-0.02781512215733528,0.5,0.0,0,0,0,-0.0004700440913438797,0.0,0.0
225,11.25,-41.89395523071289,24.855403900146484,0.0004962406678759978,0.22856935816541,-0.005217417909355283,-0.0016188346309015168,22,-39.80081900624413,24.85827157826694,-0.001122593963025519,4.0,3.77143064183459,-0.03260321542620659,0.5,0.0,0,0,0,-0.004788093268871307,0.0,0.0
226,11.3,-41.877159118652344,24.8551025390625,0.0003859158387532377,0.38235290784745773,-0.007915036329651298,-0.0027956047590341846,21,-39.68142712286926,24.857726557068798,-0.002409688920280947,4.0,3.6176470921525423,-0.0314643420279026,0.5,0.0,0,0,0,0.0011388733983039856,0.0,0.0
227,11.350000000000001,-41.853111267089844,24.854677200317383,0.00022911208667613964,0.5496341660359773,-0.006991496330958561,-0.0022030711848905933,20,-39.72121793742884,24.85746043456922,-0.001973959098214454,4.0,3.450365833964023,-0.02964760549366474,0.5,0.0,0,0,0,0.0018167365342378616,0.0,0.0
228,11.4,-41.82072830200195,24.85417938232422,-0.0003115898475392709,0.7057648724041669,-0.007885302448348591,-0.002078605198598033,19,-39.59493777327899,24.856744623670348,-0.0023901950461373035,4.0,3.294235127595833,-0.02729860134422779,0.5,0.0,0,0,0,0.0023490041494369507,0.0,0.0
229,11.450000000000001,-41.7807502746582,24.853622436523438,-0.0009454220569409669,0.8461237711922331,-0.007866979238924852,-0.001432714311722058,18,-39.50137676426747,24.856068766746635,-0.002378136368663025,4.0,3.153876228807767,-0.024989696219563484,0.5,0.0,0,0,0,0.0023089051246643066,0.0,0.0
230,11.5,-41.73353958129883,24.852968215942383,-0.0016021578418288322,1.0245650277522687,-0.10099857651603805,-0.1317545430673715,15,-39.50225688864887,24.655538522193776,-0.13335670090920032,4.0,2.975434972247731,0.0,0.0,1.0,0,0,1,0.024989696219563484,-0.5,1.0
231,11.55,-41.70492172241211,24.852731704711914,-0.0017763283170456894,0.2021864231054786,-0.003432542835161725,0.0015704628090581173,22,-39.65870355039563,24.855743001870426,-0.000205865507987572,4.0,3.7978135768945216,-0.022176144644618034,0.5,0.0,0,0,0,-0.022176144644618034,0.5,-1.0
232,11.600000000000001,-41.70389175415039,24.852731704711914,-0.0017917747814053114,0.10495139797217852,-0.0029514602401177915,0.0018364276149696339,23,-39.670784495853475,24.855773948955058,4.4652833564322444e-05,4.0,3.8950486020278214,-0.022200243547558784,0.5,0.0,0,0,0,-2.4098902940750122e-05,0.0,0.0
233,11.65,-41.694374084472656,24.852657318115234,-0.0020580905003017473,0.2262727162798392,-0.005005661180700949,0.0010555763749387262,22,-39.60532257400097,24.855568677461893,-0.001002514125363021,4.0,3.7737272837201608,-0.02630527690052986,0.5,0.0,0,0,0,-0.004105033352971077,0.0,0.0
234,11.700000000000001,-41.677127838134766,24.85237693786621,-0.0021411815164237074,0.4396550431755119,-0.005738270809947878,0.0007836707366378772,21,-39.5756229448773,24.855262396664713,-0.0013575107797858302,4.0,3.5603449568244883,-0.025176649913191795,0.5,0.0,0,0,0,0.001128626987338066,0.0,0.0
235,11.75,-41.65159225463867,24.851947784423828,-0.0023339941192711193,0.5648890955991791,-0.007811216157213072,-7.434733337524993e-06,20,-39.49452890687936,24.85470840240376,-0.0023414288526086443,4.0,3.435110904400821,-0.023691698908805847,0.5,0.0,0,0,0,0.0014849510043859482,0.0,0.0
236,11.8,-41.61928939819336,24.851404190063477,-0.002496980098132619,0.7274915087800536,-0.007793833466519165,0.00016698397103018063,19,-39.3590984501557,24.85393179900056,-0.0023299961271024384,4.0,3.2725084912199462,-0.022125838324427605,0.5,0.0,0,0,0,0.0015658605843782425,0.0,0.0
237,11.850000000000001,-41.57996368408203,24.850727081298828,-0.0024442489884003997,0.8129181809336038,-0.00777224933993791,0.00012844792585449709,18,-39.35089649520999,24.85333726608739,-0.0023158010625459026,4.0,3.187081819066396,-0.021610833704471588,0.5,0.0,0,0,0,0.0005150046199560165,0.0,0.0
238,11.9,-41.532859802246094,24.850046157836914,-0.002741458026127568,1.0230780826326094,-0.007749979671179063,0.00044031100067170323,15,-39.20286241623416,24.852434482009286,-0.0023011470254558648,4.0,2.976921917367391,0.0,0.0,1.0,0,0,1,0.021610833704471588,-0.5,1.0
239,11.950000000000001,-41.504356384277344,24.849538803100586,-0.00220243422149553,0.1404903143739389,-0.007733878602291695,-8.812479806854937e-05,25,-39.333399886296874,24.852299989307195,-0.0022905590195640793,4.0,3.859509685626061,-0.02764967642724514,0.5,0.0,0,0,0,-0.02764967642724514,0.5,-1.0
240,12.0,-41.50333786010742,24.849525451660156,-0.002218945560179696,0.10515153654539708,-0.002925841838370876,0.0022929093249731457,23,-39.46986237331906,24.852601697009423,7.396376479344973e-05,4.0,3.894848463454603,-0.020914731547236443,0.5,0.0,0,0,0,0.0067349448800086975,0.0,0.0
241,12.05,-41.493125915527344,24.849382400512695,-0.0023132217228428262,0.2855529937890932,-0.007040769654488445,0.00034821938252336745,23,-39.35771201522655,24.852227085047886,-0.001965002340319459,4.0,3.7144470062109067,-0.023172084242105484,0.5,0.0,0,0,0,-0.0022573526948690414,0.0,0.0
242,12.100000000000001,-41.47609329223633,24.84910011291504,-0.0022738069387096536,0.3898654090639962,-0.007719686731668247,-7.415630820434716e-06,22,-39.30695300336885,24.851871519366227,-0.0022812225695300883,4.0,3.6101345909360036,-0.024851785972714424,0.5,0.0,0,0,0,-0.0016797017306089401,0.0,0.0
243,12.15,-41.44955825805664,24.84872817993164,-0.0025209480277946818,0.608127783075482,-0.007707462482919434,0.0002477701855192883,20,-39.221151266646636,24.851370088206508,-0.0022731778422753935,4.0,3.391872216924518,-0.022519074380397797,0.5,0.0,0,0,0,0.0023327115923166275,0.0,0.0
244,12.200000000000001,-41.41497802734375,24.848270416259766,-0.0030402644403601333,0.7442198407162405,-0.007692273826565654,0.0007770841871590083,19,-39.12830061223717,24.850787537779198,-0.002263180253201125,4.0,3.2557801592837596,0.0,0.0,1.0,0,0,1,0.022519074380397797,-0.5,1.0
245,12.25,-41.4041748046875,24.847843170166016,-0.0024389229262945663,0.0006001032913674675,-0.0017789340187117527,0.003132709295923579,24,-39.40303788026969,24.851010466357543,0.000693786369629013,4.0,3.9993998967086326,-0.018418578431010246,0.5,0.0,0,0,0,-0.018418578431010246,0.5,-1.0
246,12.3,-41.40318298339844,24.84783172607422,-0.002447444781708495,0.10132058309515797,-0.0026580793407126957,0.0026706557753203063,23,-39.37675644673912,24.85094212616939,0.00022321099361181148,4.0,3.898679416904842,-0.01942865550518036,0.5,0.0,0,0,0,-0.0010100770741701126,0.0,0.0
247,12.350000000000001,-41.39444351196289,24.847700119018555,-0.0024607605871588907,0.15983233504111016,-0.0037669714728535745,0.0021118681253492486,24,-39.3407654818574,24.850750577907917,-0.00034889246180964224,4.0,3.84016766495889,-0.01438355352729559,0.5,0.0,0,0,0,0.0050451019778847694,0.0,0.0
248,12.4,-41.37971496582031,24.84756088256836,-0.0026738137344395553,0.3349724452136271,-0.004464407746177732,0.001972720526716922,22,-39.30819242014572,24.850572960787364,-0.0007010932077226333,4.0,3.6650275547863727,-0.024278512224555016,0.5,0.0,0,0,0,-0.009894958697259426,0.0,0.0
249,12.450000000000001,-41.357181549072266,24.847265243530273,-0.002971022252018073,0.5336111141702412,-0.007660275494240408,0.0007288854522726975,21,-39.09454242338258,24.849852383329864,-0.0022421367997453754,4.0,3.4663888858297587,-0.021910004317760468,0.5,0.0,0,0,0,0.002368507906794548,0.0,0.0
250,12.5,-41.328792572021484,24.846864700317383,-0.003153715102797509,0.617165278955978,0.08860605007982103,0.06403625731370362,20,-39.086295878192864,24.8947920188517,0.0608825422109061,4.0,3.382834721044022,0.20031222701072693,0.5,0.0,0,0,0,0.2222222313284874,0.0,0.0
251,12.55,-41.29225540161133,24.84770393371582,-0.0021907163126991813,0.7909731662721607,-0.007667512820608598,-5.6083118920228006e-05,17,-39.00180318260688,24.850225270486355,-0.0022467994316194093,4.0,3.2090268337278394,0.0,0.0,1.0,0,0,1,-0.20031222701072693,-0.5,1.0
252,12.600000000000001,-41.27711868286133,24.84857940673828,-0.002439988190730598,0.004749299721083178,-0.002052143082083388,0.0029846686854215856,24,-39.26809830289538,24.851725824447396,0.0005446804946909875,4.0,3.995250700278917,-0.019348153844475746,0.5,0.0,0,0,0,-0.019348153844475746,0.5,-1.0
253,12.65,-41.276126861572266,24.848575592041016,-0.0024495755706548834,0.10239329805792104,-0.005412981808545028,0.0012741881237305695,25,-39.17977683246538,24.851524552945392,-0.001175387446924314,4.0,3.897606701942079,-0.020909301936626434,0.5,0.0,0,0,0,-0.0015611480921506882,0.0,0.0
254,12.700000000000001,-41.267417907714844,24.848493576049805,-0.0025268072422671814,0.21624217188811035,-0.00768740793982973,0.0002669994277928263,24,-39.10656145924495,24.851297875017952,-0.002259807814474355,4.0,3.7837578281118898,-0.025874217972159386,0.5,0.0,0,0,0,-0.004964916035532951,0.0,0.0
255,12.75,-41.25190734863281,24.848241806030273,-0.002658900032335111,0.38343339885719463,-0.007679316038159051,0.00040441491481475874,22,-39.09420529163669,24.851056626167143,-0.0022544851175203525,4.0,3.6165666011428055,-0.023775484412908554,0.5,0.0,0,0,0,0.0020987335592508316,0.0,0.0
256,12.8,-41.228328704833984,24.8477725982666,-0.002601376012863725,0.5124369793689654,-0.007664633221968031,0.0003565432876166583,21,-39.00200312980652,24.850439513897836,-0.002244832725247067,4.0,3.4875630206310344,-0.02287866547703743,0.5,0.0,0,0,0,0.0008968189358711243,0.0,0.0
257,12.850000000000001,-41.19773864746094,24.84724998474121,-0.002691923229852094,0.6781571170026972,-0.007647956232450234,0.0004580585950182455,18,-38.887834667884576,24.849737938662994,-0.0022338646348338486,4.0,3.321842882997303,0.0,0.0,1.0,0,0,1,0.02287866547703743,-0.5,1.0
258,12.9,-41.189231872558594,24.84731101989746,-0.003180879345916317,0.00046668877650525456,-0.0017635184864382217,0.00388778776743262,24,-39.18834844526959,24.850488980405363,0.0007069084215163029,4.0,3.9995333112234945,-0.016697801649570465,0.5,0.0,0,0,0,-0.016697801649570465,0.5,-1.0
259,12.950000000000001,-41.188236236572266,24.847301483154297,-0.0031883361969685386,0.10095963833737391,-0.005274333745429266,0.0020881444461937552,25,-39.09469379093858,24.850272521033908,-0.0011001917507747834,4.0,3.899040361662626,-0.018840661272406578,0.5,0.0,0,0,0,-0.002142859622836113,0.0,0.0
260,13.0,-41.17966842651367,24.84720230102539,-0.003285808152939764,0.18300195101642586,-0.005456886399462655,0.0020969561743101584,24,-39.08196824330237,24.850165335092857,-0.0011888519786296056,4.0,3.816998048983574,-0.01763426698744297,0.5,0.0,0,0,0,0.0012063942849636078,0.0,0.0
261,13.05,-41.16579818725586,24.847036361694336,-0.003226685976740005,0.33345519974287363,-0.00434258161379656,0.002591995139400012,22,-39.09697381001075,24.85006588013018,-0.0006346908373399925,4.0,3.6665448002571264,-0.022978032007813454,0.5,0.0,0,0,0,-0.005343765020370483,0.0,0.0
262,13.100000000000001,-41.14497375488281,24.846630096435547,-0.003187803304676198,0.4586981672659715,-0.006876946676474375,0.0013192015477599306,21,-39.01081001463539,24.849519148362,-0.0018686017569162672,4.0,3.5413018327340287,-0.01914167031645775,0.5,0.0,0,0,0,0.0038363616913557053,0.0,0.0
263,13.15,-41.117271423339844,24.84625244140625,-0.003320961619254485,0.620945852480644,0.08863851585687242,0.06422508307175968,20,-38.86854891563733,24.894575335573737,0.0609041214525052,4.0,3.379054147519356,0.20308054983615875,0.5,0.0,0,0,0,0.2222222201526165,0.0,0.0
264,13.200000000000001,-41.08200454711914,24.847179412841797,-0.0028080365332308985,0.7774372584338666,-0.0076373754288353215,0.000581250360110972,17,-38.81111166351784,24.849760005973906,-0.0022267861731199265,4.0,3.2225627415661333,0.0,0.0,1.0,0,0,1,-0.20308054983615875,-0.5,1.0
265,13.25,-41.068172454833984,24.847280502319336,-0.0011851065550480984,0.0021032548873490178,-0.0018672228058827264,0.0018373969160851104,24,-39.06417956322055,24.850454910954635,0.0006522903610370121,4.0,3.997896745112651,-0.021244162693619728,0.5,0.0,0,0,0,-0.021244162693619728,0.5,-1.0
266,13.3,-41.06718063354492,24.847274780273438,-0.0011952265671903994,0.10216699668384538,-0.005359654588261315,5.49391051770621e-05,25,-38.971273785866465,24.850244501010362,-0.0011402874620133373,4.0,3.897833003316155,-0.023305756971240044,0.5,0.0,0,0,0,-0.0020615942776203156,0.0,0.0
267,13.350000000000001,-41.058963775634766,24.847179412841797,-0.001238902409067699,0.1829228990740085,-0.005444196278683238,5.8047004698941196e-05,24,-38.96141379284618,24.850146708531838,-0.0011808554043687578,4.0,3.8170771009259914,-0.021922284737229347,0.5,0.0,0,0,0,0.0013834722340106964,0.0,0.0
268,13.4,-41.042572021484375,24.84710693359375,-0.0016133429883700024,0.3749200730753716,-0.00723686504156608,-0.00042553087159115073,22,-38.90000946217384,24.849975392828494,-0.002038873859961153,4.0,3.6250799269246285,-0.024093644693493843,0.5,0.0,0,0,0,-0.002171359956264496,0.0,0.0
269,13.450000000000001,-41.01839828491211,24.84684181213379,-0.0022066950191653315,0.5470059150148397,-0.0065759024311878665,0.00048151035733904387,20,-38.89084212650446,24.849747293457746,-0.0017251846618262876,4.0,3.45299408498516,-0.023266470059752464,0.5,0.0,0,0,0,0.0008271746337413788,0.0,0.0
270,13.5,-40.98609924316406,24.84629249572754,-0.002344646763631436,0.6994431735592412,-0.007605790166372679,0.00013868068321489391,17,-38.70040784568684,24.848856138527914,-0.002205966080416542,4.0,3.3005568264407588,0.0,0.0,1.0,0,0,1,0.023266470059752464,-0.5,1.0
271,13.55,-40.9765625,24.84636688232422,-0.00285916974630907,0.0005233626431377834,-0.001757829682580072,0.0035755446935864616,24,-38.97557140622612,24.84955817259237,0.0007163749472773918,4.0,3.9994766373568624,-0.017231976613402367,0.5,0.0,0,0,0,-0.017231976613402367,0.5,-1.0
272,13.600000000000001,-40.97557067871094,24.846357345581055,-0.0028666263372869667,0.1010985151801042,-0.00525611719623363,0.0017826970016912814,25,-38.88175627448848,24.84934391812014,-0.0010839293355956853,4.0,3.8989014848198957,-0.01938273198902607,0.5,0.0,0,0,0,-0.002150755375623703,0.0,0.0
273,13.65,-40.96807861328125,24.846277236938477,-0.002967293826491962,0.1603505082138706,-0.0037699904042964184,0.0026285290139184342,24,-38.91341607434789,24.849351180162568,-0.00033876481257352753,4.0,3.8396494917861292,-0.013186409138143063,0.5,0.0,0,0,0,0.006196322850883007,0.0,0.0
274,13.700000000000001,-40.95326614379883,24.846025466918945,-0.002852245527474864,0.33387552729285974,-0.004346633487556132,0.0022228112469033215,22,-38.88369429569808,24.84906944162821,-0.0006294342805715425,4.0,3.66612447270714,-0.023564934730529785,0.5,0.0,0,0,0,-0.010378525592386723,0.0,0.0
275,13.75,-40.93223571777344,24.845714569091797,-0.003032807329233586,0.504843538231027,-0.007585852776878472,0.0008399750810830883,21,-38.7189328620286,24.848447030450817,-0.0021928322481504976,4.0,3.495156461768973,-0.021670663729310036,0.5,0.0,0,0,0,0.0018942710012197495,0.0,0.0
276,13.8,-40.90287780761719,24.84542465209961,-0.0036229640868694706,0.6428956164207761,-0.007575676810372439,0.0014368376458703644,18,-38.646394864347876,24.848067382128256,-0.002186126440999106,4.0,3.357104383579224,0.0,0.0,1.0,0,0,1,0.021670663729310036,-0.5,1.0
277,13.850000000000001,-40.89567947387695,24.844980239868164,-0.00276808911687971,0.0004369938288005355,-0.0017422100194681303,0.0034994928347920947,24,-38.89485249420299,24.848185862906416,0.000731403717912385,4.0,3.9995630061711993,-0.017237335443496704,0.5,0.0,0,0,0,-0.017237335443496704,0.5,-1.0
278,13.9,-40.894683837890625,24.844966888427734,-0.002775546228006257,0.10065098709166692,-0.005191807290691257,0.0017307881674343475,25,-38.80174584860603,24.847972083921746,-0.0010447580605719095,4.0,3.899349012908333,-0.01929217018187046,0.5,0.0,0,0,0,-0.0020548347383737564,0.0,0.0
279,13.950000000000001,-40.88658905029297,24.84484100341797,-0.002751578038269869,0.17533195360887815,-0.004832667082683535,0.0018852832103839813,24,-38.803461843078594,24.84786906953716,-0.0008662948278858874,4.0,3.824668046391122,-0.01675676554441452,0.5,0.0,0,0,0,0.0025354046374559402,0.0,0.0
280,14.0,-40.8728141784668,24.844562530517578,-0.0026487800201928104,0.33544912933148086,-0.004427145076789792,0.00198647825946945,22,-38.80044395783475,24.847617141918658,-0.0006623017607233603,4.0,3.6645508706685193,-0.023765871301293373,0.5,0.0,0,0,0,-0.007009105756878853,0.0,0.0
281,14.05,-40.85234832763672,24.84423828125,-0.002798982045598954,0.44036214341723984,-0.005575947404009086,0.001570497367031973,21,-38.74963080586721,24.847231075303224,-0.001228484678566981,4.0,3.55963785658276,-0.02247670665383339,0.5,0.0,0,0,0,0.0012891646474599838,0.0,0.0
282,14.100000000000001,-40.82462692260742,24.843868255615234,-0.003230414402266116,0.6040534224724868,0.08872558142479595,0.0641920403072819,20,-38.603726677778255,24.890535208914418,0.06096162590501579,4.0,3.3959465775275133,0.1997455209493637,0.5,0.0,0,0,0,0.2222222276031971,0.0,0.0
283,14.15,-40.79077911376953,24.844606399536133,-0.0023110909338964376,0.7512993050383046,-0.018146270932621916,-0.06865116787039961,19,-38.49337221667017,24.699495068241234,-0.07096225880429605,4.0,3.2487006949616957,0.0,0.0,1.0,0,0,1,-0.1997455209493637,-0.5,1.0
284,14.200000000000001,-40.779075622558594,24.844982147216797,-0.0015893744085221267,0.0010662465926005809,-0.0017804803316694268,0.0023013743674435453,24,-38.777053068188415,24.848188068217112,0.0007119999589214186,4.0,3.998933753407399,-0.019837742671370506,0.5,0.0,0,0,0,-0.019837742671370506,0.5,-1.0
285,14.25,-40.778079986572266,24.844974517822266,-0.0015984292862655587,0.10176478054920363,-0.00526992177374991,0.0005168180311096227,25,-38.68296082512925,24.84797833732901,-0.001081611255155936,4.0,3.8982352194507963,-0.022006118670105934,0.5,0.0,0,0,0,-0.002168375998735428,0.0,0.0
286,14.3,-40.769771575927734,24.844873428344727,-0.001675660827840694,0.18174314263094385,-0.0052969990134074,0.0005816368148511438,24,-38.67446313970847,24.8478781118697,-0.0010940240129895503,4.0,3.818256857369056,-0.02040017955005169,0.5,0.0,0,0,0,0.001605939120054245,0.0,0.0
287,14.350000000000001,-40.75563049316406,24.844642639160156,-0.0017209345663720412,0.32640604236844,-0.007543291418559087,-0.0004438276120972513,23,-38.54504718127401,24.847400553632383,-0.0021647621784692925,4.0,3.67359395763156,-0.025787388905882835,0.5,0.0,0,0,0,-0.005387209355831146,0.0,0.0
288,14.4,-40.73481369018555,24.84438133239746,-0.002233326890140449,0.47886354993585656,-0.007534581549796197,7.428568048644139e-05,21,-38.566066410568354,24.847233509482702,-0.0021590412096540077,4.0,3.5211364500641436,-0.023339852690696716,0.5,0.0,0,0,0,0.002447536215186119,0.0,0.0
289,14.450000000000001,-40.7060546875,24.843942642211914,-0.0024692829627214695,0.6392996359994448,-0.030216437254717676,-0.13043156280900897,18,-38.45585471256603,24.573601208921335,-0.13290084577173045,4.0,3.360700364000555,0.0,0.0,1.0,0,0,1,0.023339852690696716,-0.5,1.0
290,14.5,-40.69903564453125,24.844202041625977,-0.0034019214563185685,0.00031745644462119856,-0.001726312662448827,0.004147343056360298,24,-38.698435796040954,24.84741964538436,0.0007454216000417295,4.0,3.999682543555379,-0.015727488324046135,0.5,0.0,0,0,0,-0.015727488324046135,0.5,-1.0
291,14.55,-40.69803237915039,24.844188690185547,-0.003408846195301425,0.10072147023019094,-0.005172448998665776,0.00237979450420928,25,-38.60495636665773,24.847207257752366,-0.001029051691092145,4.0,3.899278529769809,-0.01781413145363331,0.5,0.0,0,0,0,-0.0020866431295871735,0.0,0.0
292,14.600000000000001,-40.690128326416016,24.84408187866211,-0.0034104440919554726,0.15007962964568744,-0.0029995396565071584,0.0034816804798161725,24,-38.65498042997334,24.847226394911377,7.123638786069996e-05,4.0,3.8499203703543126,-0.009736643172800541,0.5,0.0,0,0,0,0.008077488280832767,0.0,0.0
293,14.65,-40.67618179321289,24.84397315979004,-0.003498860780071778,0.2878473191579428,-0.007016226514057937,0.0015850342954389389,23,-38.53654636805242,24.84689450320976,-0.001913826484632839,4.0,3.712152680842057,-0.020201915875077248,0.5,0.0,0,0,0,-0.010465272702276707,0.0,0.0
294,14.700000000000001,-40.65625762939453,24.843700408935547,-0.003615507495891574,0.43914940702485594,-0.005474455519044768,0.002441619406047961,21,-38.5556199497956,24.846708953540684,-0.0011738880898436131,4.0,3.560850592975144,-0.020616766065359116,0.5,0.0,0,0,0,-0.000414850190281868,0.0,0.0
295,14.75,-40.62819290161133,24.8433780670166,-0.004153998928379921,0.6143422791974191,-0.00749920063648127,0.002018210519114814,18,-38.41496816056018,24.846150297820696,-0.0021357884092651066,4.0,3.385657720802581,0.0,0.0,1.0,0,0,1,0.020616766065359116,-0.5,1.0
296,14.8,-40.619041442871094,24.84312629699707,-0.0038642467417049748,0.000494008179922236,-0.0017292897380556881,0.00461325840141339,24,-38.61810615737092,24.84635431135964,0.0007490116597084153,4.0,3.9995059918200777,-0.014646206982433796,0.5,0.0,0,0,0,-0.014646206982433796,0.5,-1.0
297,14.850000000000001,-40.618045806884766,24.843116760253906,-0.0038711709605391805,0.10093612463414581,-0.005164157800769917,0.0028521822631699884,25,-38.52454943636864,24.846147670857864,-0.0010189886973691923,4.0,3.8990638753658544,-0.01673419214785099,0.5,0.0,0,0,0,-0.0020879851654171944,0.0,0.0
298,14.9,-40.610504150390625,24.843053817749023,-0.004020840613801634,0.16810612001694047,-0.004267420475410597,0.0034485269594553194,24,-38.541106008338865,24.846136893981033,-0.0005723136543463148,4.0,3.8318938799830597,-0.012240336276590824,0.5,0.0,0,0,0,0.004493855871260166,0.0,0.0
299,14.950000000000001,-40.59675598144531,24.842885971069336,-0.0040421456424479425,0.307123180258982,-0.007483362426069318,0.0019167564927754428,23,-38.42165305563328,24.845746403278664,-0.0021253891496724998,4.0,3.6928768197410182,-0.020757678896188736,0.5,0.0,0,0,0,-0.008517342619597912,0.0,0.0
300,15.0,-40.5759162902832,24.842594146728516,-0.004303135689350033,0.4851990168805322,-0.007473810344785196,0.0021840195023530764,21,-38.396303712863464,24.845449114646385,-0.002119116186996957,4.0,3.5148009831194678,-0.018619123846292496,0.5,0.0,0,0,0,0.0021385550498962402,0.0,0.0
301,15.05,-40.54899978637695,24.84222412109375,-0.004655205585458508,0.6100712049960684,-0.007461662774358743,0.0025440670978474373,18,-38.34224570845119,24.845027030108266,-0.0021111384876110707,4.0,3.3899287950039314,0.0,0.0,1.0,0,0,1,0.018619123846292496,-0.5,1.0
302,15.100000000000001,-40.54273223876953,24.841938018798828,-0.0042477411584534094,0.0003167129083212125,-0.003423796647508987,0.004109489270208979,26,-38.494597508445175,24.845078656983407,-0.00013825188824443042,4.0,3.999683287091679,-0.012259036302566528,0.5,0.0,0,0,0,-0.012259036302566528,0.5,-1.0
303,15.15,-40.54173278808594,24.841930389404297,-0.004253600372925909,0.10050624282062287,-0.005105857038665663,0.0032697501861723628,25,-38.4490782741596,24.844977389715464,-0.0009838501867535459,4.0,3.899493757179377,-0.015667932108044624,0.5,0.0,0,0,0,-0.003408895805478096,0.0,0.0
304,15.200000000000001,-40.53460693359375,24.84182357788086,-0.0042711772361204315,0.15419490930855842,-0.003258911917753512,0.004219236384550765,24,-38.49164004154753,24.844976376362812,-5.1940851569666556e-05,4.0,3.8458050906914414,-0.008573849685490131,0.5,0.0,0,0,0,0.007094082422554493,0.0,0.0
305,15.25,-40.52033996582031,24.84170150756836,-0.004321777556906262,0.36050266447426177,-0.006064776320205611,0.0028735407605237043,22,-38.40341632731259,24.844700481396853,-0.0014482367963825579,4.0,3.6394973355257383,0.0,0.0,1.0,0,0,1,0.008573849685490131,-0.5,1.0
306,15.3,-40.51897430419922,24.841632843017578,-0.00420087030349099,8.250515849567023e-05,-0.0034018801587100476,0.004075481694205831,26,-38.47131150383983,24.844777969610863,-0.00012538860928515817,4.0,3.999917494841504,-0.012266614474356174,0.5,0.0,0,0,0,-0.012266614474356174,0.5,-1.0
307,15.350000000000001,-40.51797866821289,24.84162139892578,-0.004206729257889165,0.0984758732507464,-0.004948476271441267,0.0033021862209175303,25,-38.42930028772286,24.84468057722082,-0.0009045430369716346,4.0,3.9015241267492535,-0.015273033641278744,0.5,0.0,0,0,0,-0.0030064191669225693,0.0,0.0
308,15.4,-40.51305389404297,24.841569900512695,-0.004293548049351423,0.1691527163940511,-0.0043147470630149655,0.00370522872209386,24,-38.4416672331297,24.844666011374983,-0.0005883193272575626,4.0,3.830847283605949,-0.011713811196386814,0.5,0.0,0,0,0,0.0035592224448919296,0.0,0.0
309,15.450000000000001,-40.50260543823242,24.841426849365234,-0.0042370890342417426,0.21473127887219243,-0.00743633220404897,0.002142580077992169,24,-38.34461969952934,24.844343270814022,-0.0020945089562495736,4.0,3.7852687211278075,-0.021039625629782677,0.5,0.0,0,0,0,-0.009325814433395863,0.0,0.0
310,15.5,-40.48551940917969,24.8411808013916,-0.0044309674216738365,0.38999506870504186,-0.007428313703216297,0.002341724060127326,22,-38.316148562035416,24.844076781071305,-0.0020892433615465104,4.0,3.610004931294958,0.0,0.0,1.0,0,0,1,0.021039625629782677,-0.5,1.0
311,15.55,-40.48098373413086,24.841188430786133,-0.00464987926327835,0.00018351520153684397,-0.0034024211152627395,0.004526559637872774,26,-38.43311740253121,24.844338309817093,-0.00012331962540557573,4.0,3.999816484798463,-0.011282173916697502,0.5,0.0,0,0,0,-0.011282173916697502,0.5,-1.0
312,15.600000000000001,-40.47999572753906,24.84117889404297,-0.004654672433091842,0.09937342721147428,-0.005004814300154203,0.003724843905011422,25,-38.38955964374066,24.844239962839637,-0.0009298285280804202,4.0,3.900626572788526,-0.014460639096796513,0.5,0.0,0,0,0,-0.0031784651800990105,0.0,0.0
313,15.65,-40.474456787109375,24.841121673583984,-0.004682369308428666,0.15217783108835412,-0.0031072346189971634,0.004712613983395539,24,-38.435322341091045,24.844290581162955,3.0244674966872884e-05,4.0,3.847822168911646,-0.00719189690425992,0.5,0.0,0,0,0,0.0072687421925365925,0.0,0.0
314,15.700000000000001,-40.46257781982422,24.841012954711914,-0.004657335594181921,0.28930161056180564,-0.007029920555203971,0.002755257491031779,23,-38.32026651468343,24.843968039646143,-0.0019020781031501416,4.0,3.7106983894381944,0.0,0.0,1.0,0,0,1,0.00719189690425992,-0.5,1.0
315,15.75,-40.46131134033203,24.84099578857422,-0.004664260333164778,8.130760930871629e-05,-0.0033918190887271974,0.004547452955740502,26,-38.4136509581716,24.8441484258459,-0.00011680737742427588,4.0,3.999918692390691,-0.01120308879762888,0.5,0.0,0,0,0,-0.01120308879762888,0.5,-1.0
316,15.8,-40.46031951904297,24.840986251831055,-0.00466905350297827,0.09828035814681722,-0.004919616842581149,0.003782411753825501,25,-38.37202402537435,24.844054300152926,-0.0008866417491527693,4.0,3.901719641853183,-0.01415971852838993,0.5,0.0,0,0,0,-0.002956629730761051,0.0,0.0
317,15.850000000000001,-40.456024169921875,24.84092140197754,-0.004660531907638667,0.16280213830745377,-0.003851303003669703,0.004309873970489052,24,-38.39670358569353,24.844050588080396,-0.0003506579371496159,4.0,3.8371978616925464,-0.009496563114225864,0.5,0.0,0,0,0,0.004663155414164066,0.0,0.0
318,15.9,-40.44589614868164,24.840866088867188,-0.004784635214436359,0.21646119787174836,-0.007416766159276642,0.0027029839499998756,24,-38.28462357265718,24.843783848806755,-0.0020816512644364835,4.0,3.7835388021282514,-0.019763359799981117,0.5,0.0,0,0,0,-0.010266796685755253,0.0,0.0
319,15.950000000000001,-40.42866516113281,24.84056282043457,-0.0047148603938762836,0.4171757968575775,-0.007407161114948869,0.0026395146258150043,22,-38.21095802469416,24.843367481772912,-0.002075345768061279,4.0,3.5828242031424224,0.0,0.0,1.0,0,0,1,0.019763359799981117,-0.5,1.0
320,16.0,-40.42631530761719,24.840299606323242,-0.004122573107368336,0.00016615803316585485,-0.0033880810042794182,0.004011076373447358,26,-38.37848395750793,24.843459360840477,-0.00011149673392097748,4.0,3.9998338419668342,-0.012292745523154736,0.5,0.0,0,0,0,-0.012292745523154736,0.5,-1.0
321,16.05,-40.42532730102539,24.840290069580078,-0.004127899949697145,0.09911794279234609,-0.004966815851231407,0.0032215972360216034,25,-38.33539154502714,24.843362772505476,-0.0009063027136755412,4.0,3.900882057207654,-0.015405035577714443,0.5,0.0,0,0,0,-0.0031122900545597076,0.0,0.0
322,16.1,-40.42024230957031,24.840192794799805,-0.004071440414438814,0.16061556328857157,-0.003685540029776985,0.0038087897218403066,24,-38.365076214161974,24.84333854414593,-0.0002626506925985074,4.0,3.8393844367114283,-0.010201910510659218,0.5,0.0,0,0,0,0.005203125067055225,0.0,0.0
323,16.150000000000002,-40.40947341918945,24.840126037597656,-0.0042264371701044015,0.2827148990279767,-0.006533733558686149,0.0025636241248023005,23,-38.279281640605134,24.843117666246055,-0.001662813045302101,4.0,3.717285100972023,0.0,0.0,1.0,0,0,1,0.010201910510659218,-0.5,1.0
324,16.2,-40.40793991088867,24.840091705322266,-0.004169445262702381,8.043401691614674e-05,-0.003378566313614364,0.004063950970834567,26,-38.36028129599963,24.843254255358314,-0.00010549429186781413,4.0,3.9999195659830837,-0.012147458270192146,0.5,0.0,0,0,0,-0.012147458270192146,0.5,-1.0
325,16.25,-40.406951904296875,24.84008026123047,-0.004174771064733888,0.09825558980011347,-0.004898661975135128,0.0033033134629485007,25,-38.31870492060835,24.8431591058967,-0.0008714576017853875,4.0,3.9017444101998864,-0.015085665509104729,0.5,0.0,0,0,0,-0.0029382072389125824,0.0,0.0
326,16.3,-40.402679443359375,24.84002685546875,-0.004203000832363054,0.16199142079739254,-0.0037793816455880904,0.0038934542309441386,24,-38.3448992255917,24.843169258402185,-0.00030954660141891516,4.0,3.8380085792026075,-0.010196631774306297,0.5,0.0,0,0,0,0.004889033734798431,0.0,0.0
327,16.35,-40.39150619506836,24.839921951293945,-0.004315918602508088,0.268622671514913,-0.005533869730099306,0.0031345019597566856,23,-38.287244060878805,24.842969813423327,-0.0011814166427514023,4.0,3.731377328485087,-0.013992086052894592,0.5,0.0,0,0,0,-0.003795454278588295,0.0,0.0
328,16.400000000000002,-40.37457275390625,24.839759826660156,-0.004406465819496457,0.3849876744111841,-0.0073811134734323505,0.002348224179090036,22,-38.21410670762339,24.842694188309626,-0.0020582416404064208,4.0,3.615012325588816,0.0,0.0,1.0,0,0,1,0.013992086052894592,-0.5,1.0
329,16.45,-40.3713493347168,24.83974838256836,-0.004440022169380106,0.00015531193118427532,-0.0033784719535762484,0.004336475612068214,26,-38.32353984405129,24.8429148109165,-0.0001035465573118921,4.0,3.9998446880688157,-0.01154598593711853,0.5,0.0,0,0,0,-0.01154598593711853,0.5,-1.0
330,16.5,-40.370357513427734,24.839738845825195,-0.004445347971411614,0.09929858697674242,-0.00496718195627143,0.0035421004014959535,25,-38.280068000150756,24.842817980370974,-0.0009032475699156604,4.0,3.9007014130232576,-0.014692221768200397,0.5,0.0,0,0,0,-0.0031462358310818672,0.0,0.0
331,16.55,-40.365516662597656,24.839582443237305,-0.004182228696009086,0.1374233318210774,-0.007375569726169635,0.002127625864901667,25,-38.200566349147664,24.84250990922878,-0.002054602831107419,4.0,3.8625766681789226,-0.02170066349208355,0.5,0.0,0,0,0,-0.007008441723883152,0.0,0.0
332,16.6,-40.354793548583984,24.839426040649414,-0.004275971446231225,0.2937949018203081,-0.007301913161231227,0.0022565934736429585,23,-38.20421461080764,24.8423851310604,-0.002019377972588266,4.0,3.7062050981796917,0.0,0.0,1.0,0,0,1,0.02170066349208355,-0.5,1.0
333,16.650000000000002,-40.352935791015625,24.83940887451172,-0.004286623310368567,9.325352744903215e-05,-0.0033690420492142542,0.004189597831895964,26,-38.30525135040348,24.842579239013556,-9.702547847260229e-05,4.0,3.999906746472551,-0.011818011291325092,0.5,0.0,0,0,0,-0.011818011291325092,0.5,-1.0
334,16.7,-40.35194778442383,24.839399337768555,-0.004291950152697375,0.09832387947332828,-0.004888562519196068,0.003429302167105104,25,-38.26356707134849,24.84248636424453,-0.0008626479855922707,4.0,3.901676120526672,-0.014759109355509281,0.5,0.0,0,0,0,-0.002941098064184189,0.0,0.0
335,16.75,-40.34766387939453,24.83934211730957,-0.004317516759236461,0.1621408788085377,-0.0037781472181171484,0.00401223534870863,24,-38.28959969724424,24.84249197594774,-0.0003052814105278308,4.0,3.837859121191462,-0.009907352738082409,0.5,0.0,0,0,0,0.004851756617426872,0.0,0.0
336,16.8,-40.33634948730469,24.839250564575195,-0.004236023769805711,0.2699175690609168,-0.005607483542306705,0.0030227666278069363,23,-38.229704750375795,24.84230214921777,-0.0012132571419987744,4.0,3.730082430939083,0.0,0.0,1.0,0,0,1,0.009907352738082409,-0.5,1.0
337,16.85,-40.33452224731445,24.83924674987793,-0.004243480360783608,8.281170465457012e-05,-0.0033656160385819906,0.004149128557539272,26,-38.28685884832819,24.842419165196787,-9.435180324433563e-05,4.0,3.9999171882953455,-0.01188577525317669,0.5,0.0,0,0,0,-0.01188577525317669,0.5,-1.0
338,16.900000000000002,-40.33353805541992,24.839235305786133,-0.004248806422889441,0.09805939546072598,-0.004865320339007463,0.003398629467687129,25,-38.24567529020735,24.84232557464719,-0.0008501769552023123,4.0,3.901940604539274,-0.014768400229513645,0.5,0.0,0,0,0,-0.002882624976336956,0.0,0.0
339,16.95,-40.32942199707031,24.839176177978516,-0.0042376216664597585,0.15528791179039086,-0.003296369880115008,0.004180020079582775,24,-38.28437842635454,24.842354750109063,-5.7601586876983865e-05,4.0,3.8447120882096093,-0.008598468266427517,0.5,0.0,0,0,0,0.006169931963086128,0.0,0.0
340,17.0,-40.31856918334961,24.83918571472168,-0.004566255484901211,0.2433202677710665,-0.0037698712837635202,0.00426640530140523,23,-38.260863378905626,24.842338582693383,-0.0002998501834959815,4.0,3.7566797322289336,-0.019680678844451904,0.5,0.0,0,0,0,-0.011082210578024387,0.0,0.0
341,17.05,-40.302677154541016,24.838878631591797,-0.004424575314908996,0.3766529707810967,-0.0072044099023390075,0.0024532445549077806,19,-38.12298036154434,24.8417861465912,-0.001971330760001215,4.0,3.623347029218903,0.0,0.0,1.0,0,0,1,0.019680678844451904,-0.5,1.0
342,17.1,-40.30018615722656,24.839120864868164,-0.00518730465110769,0.0001378732618967335,-0.003366875949444885,0.005093248566958346,26,-38.25241181080339,24.842295135195688,-9.405608414934409e-05,4.0,3.9998621267381034,-0.00987341906875372,0.5,0.0,0,0,0,-0.00987341906875372,0.5,-1.0
343,17.150000000000002,-40.299198150634766,24.839111328125,-0.005191565188703166,0.09907359535530559,-0.004935573584738633,0.004307700673035724,25,-38.20934924914258,24.842199759869473,-0.0008838645156674428,4.0,3.9009264046446943,-0.012966413982212543,0.5,0.0,0,0,0,-0.003092994913458824,0.0,0.0
344,17.2,-40.29412078857422,24.839019775390625,-0.005129780371561978,0.1678968161077613,-0.0041760819745262625,0.004625177345801971,24,-38.22512035117801,24.842151833927197,-0.0005046030257600075,4.0,3.832103183892239,-0.009360544383525848,0.5,0.0,0,0,0,0.003605869598686695,0.0,0.0
345,17.25,-40.28235626220703,24.838884353637695,-0.00516173882479158,0.2895503889694575,-0.006979651716265488,0.003296725092848327,23,-38.13958721389951,24.84186771915967,-0.0018650137319432525,4.0,3.7104496110305423,0.0,0.0,1.0,0,0,1,0.009360544383525848,-0.5,1.0
346,17.3,-40.28110122680664,24.8388614654541,-0.005139900903852929,8.429818691005266e-05,-0.003359064038381579,0.005051199148276109,26,-38.233434836035684,24.842038897901524,-8.870175557681992e-05,4.0,3.99991570181309,-0.009930357336997986,0.5,0.0,0,0,0,-0.009930357336997986,0.5,-1.0
347,17.35,-40.280113220214844,24.838851928710938,-0.005144693553517771,0.09837822966861767,-0.004879037237270724,0.004290173268837903,25,-38.19162607531927,24.841946312665563,-0.0008545202846798681,4.0,3.9016217703313822,-0.0128780547529459,0.5,0.0,0,0,0,-0.002947697415947914,0.0,0.0
348,17.400000000000002,-40.275611877441406,24.83881950378418,-0.0052453615628714175,0.17925431663666597,-0.004976990558667656,0.004343021467033284,24,-38.18503223526949,24.841910082022366,-0.0009023400958381335,4.0,3.820745683363334,-0.011489856988191605,0.5,0.0,0,0,0,0.0013881977647542953,0.0,0.0
349,17.45,-40.26595687866211,24.83867835998535,-0.005207544675392292,0.21522171648696303,-0.007343433545361261,0.00317406376696758,24,-38.1070393189387,24.84163168502177,-0.002033480908424712,4.0,3.784778283513037,-0.018519161269068718,0.5,0.0,0,0,0,-0.007029304280877113,0.0,0.0
350,17.5,-40.24936294555664,24.838546752929688,-0.005680522084990365,0.39810532655754866,-0.007338602801412325,0.0036502172259213475,22,-38.06556939315358,24.841451598103635,-0.0020303048590690174,4.0,3.6018946734424513,0.0,0.0,1.0,0,0,1,0.018519161269068718,-0.5,1.0
351,17.55,-40.24550247192383,24.838346481323242,-0.00531300585455943,0.000188907175778379,-0.003358963436473288,0.005226976250654083,26,-38.1976252986338,24.841529266709646,-8.602960390534744e-05,4.0,3.9998110928242214,-0.009525514207780361,0.5,0.0,0,0,0,-0.009525514207780361,0.5,-1.0
352,17.6,-40.24451446533203,24.838336944580078,-0.005317266912303557,0.09938187809703027,-0.004941063646594065,0.004434953641751429,25,-38.15406184954692,24.84143357558694,-0.0008823132705521277,4.0,3.9006181219029696,-0.012663361616432667,0.5,0.0,0,0,0,-0.0031378474086523056,0.0,0.0
353,17.650000000000002,-40.23893737792969,24.838220596313477,-0.0051910330766338,0.15288249099850665,-0.003115142262226914,0.005232192994105576,24,-38.198464105527215,24.841419724289885,4.1159917471775666e-05,4.0,3.8471175090014933,-0.005959060043096542,0.5,0.0,0,0,0,0.006704301573336124,0.0,0.0
354,17.7,-40.22746658325195,24.838119506835938,-0.005215002046593164,0.2851710624254958,-0.006646269573610166,0.003511530922893796,23,-38.09275548236085,24.841129363817462,-0.0017034711236993683,4.0,3.714828937574504,0.0,0.0,1.0,0,0,1,0.005959060043096542,-0.5,1.0
355,17.75,-40.22551727294922,24.838104248046875,-0.005216066790880545,8.576796848976628e-05,-0.003347754732418993,0.005137077061387808,26,-38.17784792674833,24.841290257941655,-7.898972949273641e-05,4.0,3.9999142320315104,-0.009677700698375702,0.5,0.0,0,0,0,-0.009677700698375702,0.5,-1.0
356,17.8,-40.22452926635742,24.838092803955078,-0.005220328368773322,0.09829200086369831,-0.004856175285191211,0.00438128904585512,25,-38.13621099069124,24.84119679938639,-0.0008390393229182027,4.0,3.9017079991363017,-0.012596754357218742,0.5,0.0,0,0,0,-0.0029190536588430405,0.0,0.0
357,17.85,-40.22026062011719,24.838041305541992,-0.00524376418636602,0.16173655320375144,-0.003726753867788235,0.004971825850383218,24,-38.16296466544669,24.84120860189525,-0.000271938335982803,4.0,3.8382634467962484,-0.007701916620135307,0.5,0.0,0,0,0,0.004894837737083435,0.0,0.0
358,17.900000000000002,-40.20940399169922,24.837890625,-0.005208077307610308,0.2331864852928512,-0.007317627320750746,0.0031915437754131844,24,-38.01635344324761,24.840785901235865,-0.0020165335321971237,4.0,3.766813514707149,-0.018208255991339684,0.5,0.0,0,0,0,-0.010506339371204376,0.0,0.0
359,17.95,-40.19289779663086,24.837541580200195,-0.00531939744117562,0.3767835475857945,-0.007167111759608326,0.0033740475671102496,19,-38.01299426068088,24.84046802510279,-0.0019453498740653707,4.0,3.6232164524142054,0.0,0.0,1.0,0,0,1,0.018208255991339684,-0.5,1.0
360,18.0,-40.188480377197266,24.837438583374023,-0.005226187323171497,0.00019541629738793748,-0.003346042259172557,0.005151359702497133,26,-38.14059009536511,24.840631386885086,-7.482762067436365e-05,4.0,3.999804583702612,-0.009604277089238167,0.5,0.0,0,0,0,-0.009604277089238167,0.5,-1.0
361,18.05,-40.18749237060547,24.83742904663086,-0.005230448380915624,0.09928875938680133,-0.0049146313163777626,0.004366073850463438,25,-38.09722211759636,24.840536902964768,-0.0008643745304521861,4.0,3.9007112406131985,-0.012707453221082687,0.5,0.0,0,0,0,-0.0031031761318445206,0.0,0.0
362,18.1,-40.18205642700195,24.83736801147461,-0.005290635301402764,0.18107828312088797,-0.005074597960659438,0.004348181873338328,24,-38.08801126452438,24.840469071062735,-0.0009424534280644357,4.0,3.818921716879112,-0.011592364870011806,0.5,0.0,0,0,0,0.0011150883510708809,0.0,0.0
363,18.150000000000002,-40.17000961303711,24.837291717529297,-0.005422728091470695,0.2839966385659085,-0.006539279587097968,0.0037748141496901874,23,-38.037459451375845,24.840316743671423,-0.0016479139417805073,4.0,3.7160033614340913,0.0,0.0,1.0,0,0,1,0.011592364870011806,-0.5,1.0
364,18.2,-40.16805648803711,24.837282180786133,-0.0054477618057174396,8.815365909683041e-05,-0.0033356307965361465,0.005379202469051382,26,-38.12038234140948,24.840477424409087,-6.855933666605673e-05,4.0,3.999911846340903,-0.009088187478482723,0.5,0.0,0,0,0,-0.009088187478482723,0.5,-1.0
365,18.25,-40.16707229614258,24.837270736694336,-0.00545149023124355,0.09821842390596723,-0.0048330350566708185,0.004628382121128508,25,-38.07889811368695,24.840384979895138,-0.0008231081101150421,4.0,3.9017815760940326,-0.011980724520981312,0.5,0.0,0,0,0,-0.0028925370424985886,0.0,0.0
366,18.3,-40.162841796875,24.83721923828125,-0.005471197623310137,0.16059185463457393,-0.003633604402647336,0.00525099561163111,24,-38.107720771520974,24.84040030098065,-0.00022020201167902663,4.0,3.839408145365426,-0.006886893883347511,0.5,0.0,0,0,0,0.0050938306376338005,0.0,0.0
367,18.35,-40.15287399291992,24.837133407592773,-0.005406217533009504,0.19387509746120063,-0.005981840700155703,0.004024873298506086,24,-38.034514933424184,24.84018906906534,-0.001381344234503418,4.0,3.8061249025387993,-0.013981788419187069,0.5,0.0,0,0,0,-0.007094894535839558,0.0,0.0
368,18.400000000000002,-40.136600494384766,24.836952209472656,-0.005357214328654745,0.3869088787519373,-0.007286489943336115,0.0033611319756590486,20,-37.92320466043073,24.83982058769983,-0.001996082352995696,4.0,3.6130911212480625,0.0,0.0,1.0,0,0,1,0.013981788419187069,-0.5,1.0
369,18.45,-40.132652282714844,24.83694839477539,-0.005384911203991569,0.00015311314510724574,-0.003334911129336737,0.005318566693502023,26,-38.084847245913636,24.840147445289123,-6.634451048954698e-05,4.0,3.999846886854893,-0.009193062782287598,0.5,0.0,0,0,0,-0.009193062782287598,0.5,-1.0
370,18.5,-40.13166046142578,24.83693504333496,-0.005389172261735696,0.09930346494931715,-0.0049037877202904485,0.004533129561968934,25,-38.04136141347312,24.8400494471746,-0.0008560426997667618,4.0,3.900696535050683,-0.012300842441618443,0.5,0.0,0,0,0,-0.003107779659330845,0.0,0.0
371,18.55,-40.12657165527344,24.83683967590332,-0.005287972140312685,0.16579015607602124,-0.003988091276763265,0.004889844429260935,24,-38.06157387995653,24.8400056346151,-0.00039812771105175076,4.0,3.8342098439239787,-0.008323621936142445,0.5,0.0,0,0,0,0.003977220505475998,0.0,0.0
372,18.6,-40.11504364013672,24.836881637573242,-0.005694370522658776,0.32276720926954666,-0.004813036272803759,0.004880397037195717,21,-38.021501454072805,24.839990587233988,-0.0008139734854630599,4.0,3.677232790730453,0.0,0.0,1.0,0,0,1,0.008323621936142445,-0.5,1.0
373,18.650000000000002,-40.11370086669922,24.836883544921875,-0.005730056361117188,8.10305321977667e-05,-0.003328257020012373,0.005667638133715432,26,-38.06604107682208,24.8400839906538,-6.241822740175624e-05,4.0,3.999918969467802,-0.00843241810798645,0.5,0.0,0,0,0,-0.00843241810798645,0.5,-1.0
374,18.7,-40.11271286010742,24.83687400817871,-0.005733785306791949,0.09828845452920926,-0.0048282264546550685,0.00491556150235717,25,-38.024401537493745,24.839993529833038,-0.0008182238044347786,4.0,3.901711545470791,-0.011335792019963264,0.5,0.0,0,0,0,-0.0029033739119768143,0.0,0.0
375,18.75,-40.10843276977539,24.836820602416992,-0.0057534937391558365,0.1620590290456747,-0.003727797016680185,0.005487670302684896,24,-38.050524122109195,24.84000135920383,-0.00026582343647094065,4.0,3.8379409709543255,-0.006545598618686199,0.5,0.0,0,0,0,0.004790193401277065,0.0,0.0
376,18.8,-40.09730529785156,24.836822509765625,-0.006035788294555585,0.2748109927643358,-0.005882308070482451,0.004704618940586102,23,-37.98165669336584,24.839888534798312,-0.001331169353969483,4.0,3.7251890072356644,0.0,0.0,1.0,0,0,1,0.006545598618686199,-0.5,1.0
377,18.85,-40.095848083496094,24.836801528930664,-0.0059883845473008256,7.966962013452432e-05,-0.0033265217734096617,0.005927421111944815,26,-38.04819103670922,24.840003218502098,-6.0963435356010606e-05,4.0,3.9999203303798656,-0.007870723493397236,0.5,0.0,0,0,0,-0.007870723493397236,0.5,-1.0
378,18.900000000000002,-40.09486389160156,24.836788177490234,-0.005992111932529636,0.0981216876340652,-0.004813730473305985,0.005181671349378118,25,-38.006879154200625,24.83990972160573,-0.0008104405831515174,4.0,3.901878312365935,-0.010736177675426006,0.5,0.0,0,0,0,-0.0028654541820287704,0.0,0.0
379,18.95,-40.09064483642578,24.83674430847168,-0.0060262003944826495,0.16289308462892826,-0.0037838883346893648,0.005732400104504886,24,-38.031151487060065,24.83992311720902,-0.0002938002899777639,4.0,3.8371069153710717,-0.006130313500761986,0.5,0.0,0,0,0,0.0046058641746640205,0.0,0.0
380,19.0,-40.07963943481445,24.836715698242188,-0.006147641580487564,0.27644521969932384,-0.005992401259514559,0.004764356305231197,23,-37.960983859377,24.839777398304747,-0.001383285275256367,4.0,3.723554780300676,0.0,0.0,1.0,0,0,1,0.006130313500761986,-0.5,1.0
381,19.05,-40.077880859375,24.83669090270996,-0.006119943664853439,8.356503741472112e-05,-0.003324800907558303,0.006060551095819358,26,-38.030215964406835,24.839894087544607,-5.9392569034081156e-05,4.0,3.9999164349625853,-0.00757633987814188,0.5,0.0,0,0,0,-0.00757633987814188,0.5,-1.0
382,19.1,-40.07689666748047,24.836681365966797,-0.006123139458161534,0.09804889116871741,-0.004805652654303792,0.005317408709120931,25,-37.98905449035958,24.839804781175733,-0.000805730749040603,4.0,3.9019511088312826,-0.010424808599054813,0.5,0.0,0,0,0,-0.0028484687209129333,0.0,0.0
383,19.150000000000002,-40.07285690307617,24.836626052856445,-0.006093312053952646,0.14929656882610254,-0.0028458208369345536,0.006283085824704904,24,-38.03919688378471,24.839857809079547,0.0001897737707522583,4.0,3.8507034311738977,-0.016995612531900406,0.5,0.0,0,0,0,-0.0065708039328455925,0.0,0.0
384,19.200000000000003,-40.06134796142578,24.836524963378906,-0.006394782409498267,0.2668171389243494,-0.005321333573434436,0.005337211187245741,23,-37.96040802077055,24.8396244054789,-0.0010575712222525252,4.0,3.7331828610756506,0.0,0.0,1.0,0,0,1,0.016995612531900406,-0.5,1.0
385,19.25,-40.0596923828125,24.83651351928711,-0.006438457731226916,9.504923942463442e-05,-0.003322777445965701,0.006381079363760041,26,-38.01200434878359,24.839718803741942,-5.737836746687482e-05,4.0,3.9999049507605755,-0.0068802013993263245,0.5,0.0,0,0,0,-0.0068802013993263245,0.5,-1.0
386,19.3,-40.05870819091797,24.836503982543945,-0.006441654044683661,0.09796945729424954,-0.004795808784308515,0.0056418325394322405,25,-37.97102157273043,24.839630015852716,-0.0007998215052514203,4.0,3.9020305427057504,-0.009706256911158562,0.5,0.0,0,0,0,-0.0028260555118322372,0.0,0.0
387,19.35,-40.05469512939453,24.836450576782227,-0.006418218227090964,0.14868069215802893,-0.0028013863858981024,0.0066321236199275895,24,-38.0222052751317,24.839686723779558,0.00021390539283662588,4.0,3.851319307841971,-0.016282083466649055,0.5,0.0,0,0,0,-0.006575826555490494,0.0,0.0
388,19.400000000000002,-40.043785095214844,24.8362979888916,-0.0064400556278809635,0.27572269669291416,-0.005930661388891796,0.0050889153905502565,23,-37.926458961774394,24.839367849418625,-0.0013511402373307065,4.0,3.724277303307086,0.0,0.0,1.0,0,0,1,0.016282083466649055,-0.5,1.0
389,19.450000000000003,-40.04232406616211,24.836267471313477,-0.00638785767051541,8.34287905808352e-05,-0.0033182559834279753,0.006334062688472817,26,-37.994659449345846,24.83947557322031,-5.379498204259299e-05,4.0,3.999916571209419,-0.006955439690500498,0.5,0.0,0,0,0,-0.006955439690500498,0.5,-1.0
390,19.5,-40.041343688964844,24.83625602722168,-0.0063910534638235055,0.09797668754899304,-0.004790983991090021,0.005594972732813309,25,-37.95364291320324,24.83938503402011,-0.0007960807310101963,4.0,3.902023312451007,-0.009782264940440655,0.5,0.0,0,0,0,-0.002826825249940157,0.0,0.0
391,19.55,-40.03733444213867,24.83620262145996,-0.006370280807320887,0.14817656883687153,-0.0027639240630323064,0.006604993004708309,24,-38.00580242254226,24.839443370952264,0.00023471219738742215,4.0,3.8518234311631283,-0.016348980367183685,0.5,0.0,0,0,0,-0.0065667154267430305,0.0,0.0
392,19.6,-40.02666091918945,24.835988998413086,-0.006319680746609382,0.2606382793187226,0.0598481143401494,0.0535004591577031,23,-37.93763201928757,24.874709419168,0.04718077841109372,4.0,3.7393617206812775,0.2058732509613037,0.5,0.0,0,0,0,0.2222222313284874,0.0,0.0
393,19.650000000000002,-40.01055908203125,24.836456298828125,-0.006045907786549236,0.41004057623421364,-0.007263671374954019,0.0040648565627066854,20,-37.75899602264074,24.839259516866978,-0.0019810512238425506,4.0,3.5899594237657864,0.0,0.0,1.0,0,0,1,-0.2058732509613037,-0.5,1.0
394,19.700000000000003,-40.008785247802734,24.836612701416016,-0.00615456579932177,0.0003151696088345672,-0.003338129882905356,0.006089466712592235,26,-37.96065367213342,24.839817499810728,-6.5099086729535e-05,4.0,3.9996848303911654,-0.007528452202677727,0.5,0.0,0,0,0,-0.007528452202677727,0.5,-1.0
395,19.75,-40.00779342651367,24.83660316467285,-0.00615829318455058,0.09893302231203131,-0.004864747704386057,0.005324612095158008,25,-37.91821983052374,24.83972587567234,-0.0008336810893925721,4.0,3.9010669776879685,-0.01051193568855524,0.5,0.0,0,0,0,-0.002983483485877514,0.0,0.0
396,19.8,-40.00278854370117,24.83653450012207,-0.006107693643987725,0.1866257824482051,-0.005442449064285263,0.00499172289649559,24,-37.898203159694646,24.839628295876196,-0.0011159707474921352,4.0,3.813374217551795,-0.010867378674447536,0.5,0.0,0,0,0,-0.00035544298589229584,0.0,0.0
397,19.85,-39.99182891845703,24.83642578125,-0.006241916442779068,0.25988124328773843,0.05920845920004607,0.053105250843241615,23,-37.9041902588852,24.87505763798919,0.046863334400462545,4.0,3.7401187567122616,0.21135485172271729,0.5,0.0,0,0,0,0.22222223039716482,0.0,0.0
398,19.900000000000002,-39.97367477416992,24.836904525756836,-0.005701294221344333,0.4053192427964458,-0.007273336279820864,0.0037139308764862883,22,-37.777052503460006,24.839812384069468,-0.0019873633448580443,4.0,3.5946807572035544,0.0,0.0,1.0,0,0,1,-0.21135485172271729,-0.5,1.0
399,19.950000000000003,-39.96977996826172,24.83715057373047,-0.005611813569163621,0.0004569355587846982,-0.0033538205943373384,0.005536807322872834,26,-37.92136273143815,24.84035075024618,-7.500624629078754e-05,4.0,3.999543064441215,-0.00875560101121664,0.5,0.0,0,0,0,-0.00875560101121664,0.5,-1.0
400,20.0,-39.968788146972656,24.837142944335938,-0.005615540954392431,0.09938499368729252,-0.004905513242311147,0.004759765611852096,25,-37.87832943942968,24.8402594959213,-0.0008557753425403355,4.0,3.9006150063127074,-0.01181001402437687,0.5,0.0,0,0,0,-0.0030544130131602287,0.0,0.0
401,20.05,-39.96377182006836,24.837121963500977,-0.005760949029762107,0.1514117125478817,-0.0029927311891411643,0.0058734547068251776,24,-37.926093033569984,24.840343945141537,0.00011250567706307015,4.0,3.8485882874521185,-0.00428022351115942,0.5,0.0,0,0,0,0.007529790513217449,0.0,0.0
402,20.1,-39.95294952392578,24.83700942993164,-0.005680522084990365,0.2724647161231322,-0.005715311363991756,0.004430857322308558,23,-37.841618060211694,24.840086287852323,-0.0012496647626818063,4.0,3.727535283876868,0.0,0.0,1.0,0,0,1,0.00428022351115942,-0.5,1.0
403,20.150000000000002,-39.95135498046875,24.83705711364746,-0.005858421245807658,8.010649906171803e-05,-0.0033248753733285115,0.005798926200817925,26,-37.90369705364589,24.84026016352605,-5.9495044989733305e-05,4.0,3.9999198935009384,-0.00813192781060934,0.5,0.0,0,0,0,-0.00813192781060934,0.5,-1.0
404,20.200000000000003,-39.95036315917969,24.837045669555664,-0.005862150191482419,0.09832913490525123,-0.004826411791962799,0.005046096611510096,25,-37.861972171749564,24.840167843634703,-0.0008160535799723238,4.0,3.901670865094749,-0.011040427722036839,0.5,0.0,0,0,0,-0.002908499911427498,0.0,0.0
405,20.25,-39.946075439453125,24.83698272705078,-0.005832322787273532,0.15931037991520153,-0.003533804355193591,0.005666730251465202,24,-37.8933892159372,24.840176621934347,-0.00016559253580832988,4.0,3.8406896200847984,-0.005774317774921656,0.5,0.0,0,0,0,0.005266109947115183,0.0,0.0
406,20.3,-39.93649673461914,24.836971282958984,-0.006042178840874475,0.24032247876833843,-0.003522789929139062,0.005882569894547575,23,-37.884306871247084,24.840166525068458,-0.00015960894632689965,4.0,3.7596775212316618,-0.016141658648848534,0.5,0.0,0,0,0,-0.010367340873926878,0.0,0.0
407,20.35,-39.92039108276367,24.836708068847656,-0.006158825816768596,0.3426540517725888,-0.06720469761875535,-0.041510789153565535,22,-37.835699641404695,24.804537415639864,-0.04766961497033413,4.0,3.657345948227411,-0.23836387693881989,0.5,0.0,0,0,0,-0.22222221828997135,0.0,0.0
408,20.400000000000002,-39.89773178100586,24.835693359375,-0.006831540308122611,0.4891494462397672,-0.006636449425001991,0.005145786012926281,18,-37.731674096372075,24.83867837372527,-0.0016857542951963303,4.0,3.510850553760233,0.0,0.0,1.0,0,0,1,0.23836387693881989,-0.5,1.0
409,20.450000000000003,-39.89202117919922,24.835432052612305,-0.007545268000412498,0.0006840364413980305,-0.00334560323423545,0.007482756473615532,26,-37.84314634868878,24.83864957755904,-6.251152679696598e-05,4.0,3.999315963558602,-0.004509545397013426,0.5,0.0,0,0,0,-0.004509545397013426,0.5,-1.0
410,20.5,-39.89102554321289,24.835416793823242,-0.007547398529284561,0.10029769668459305,-0.004935291388348796,0.006685905893996477,25,-37.79877947326403,24.838549632016623,-0.0008614926352880834,4.0,3.899702303315407,-0.007689349353313446,0.5,0.0,0,0,0,-0.0031798039563000202,0.0,0.0
411,20.55,-39.884490966796875,24.835317611694336,-0.007479753717447898,0.18713910566267503,-0.005447126241461493,0.006368831522934534,24,-37.778930278176105,24.838425626233924,-0.0011109221945133643,4.0,3.812860894337325,-0.0078869154676795,0.5,0.0,0,0,0,-0.00019756611436605453,0.0,0.0
412,20.6,-39.871734619140625,24.83521842956543,-0.007554854860188132,0.3351092995245571,-0.005027485399260737,0.006639785746024314,19,-37.757815190281086,24.838311534150478,-0.0009150691141638186,4.0,3.6648907004754427,0.0,0.0,1.0,0,0,1,0.0078869154676795,-0.5,1.0
413,20.650000000000002,-39.87018966674805,24.83516502380371,-0.007438208924591312,8.409653878920776e-05,-0.0032985933764498178,0.007401280165249529,26,-37.822523715139084,24.838387999419236,-3.692875934178301e-05,4.0,3.999915903461211,-0.004568222910165787,0.5,0.0,0,0,0,-0.004568222910165787,0.5,-1.0
414,20.700000000000003,-39.869197845458984,24.835155487060547,-0.007440338933314725,0.09846127371531266,-0.004797405897567441,0.006648312873499035,25,-37.780548098749804,24.838298629087703,-0.0007920260598156897,4.0,3.9015387262846875,-0.00748418178409338,0.5,0.0,0,0,0,-0.0029159588739275932,0.0,0.0
415,20.75,-39.86467742919922,24.835113525390625,-0.007495200571919008,0.16975230659807633,-0.004225518557245692,0.006988386280452492,24,-37.792151597300354,24.83828865868958,-0.0005068142914665166,4.0,3.830247693401924,-0.004226529970765114,0.5,0.0,0,0,0,0.003257651813328266,0.0,0.0
416,20.8,-39.85383605957031,24.835065841674805,-0.007553256963534085,0.28301850776075405,-0.006395855961526056,0.005988828874980432,23,-37.723085666898164,24.838128296979633,-0.0015644280885536536,4.0,3.716981492239246,0.0,0.0,1.0,0,0,1,0.004226529970765114,-0.5,1.0
417,20.85,-39.85207748413086,24.835058212280273,-0.007564442240112418,7.963996240123591e-05,-0.003296317055048187,0.007529355697032249,26,-37.80442051357664,24.83828268413281,-3.508654308016909e-05,4.0,3.9999203600375988,-0.00428358931094408,0.5,0.0,0,0,0,-0.00428358931094408,0.5,-1.0
418,20.900000000000002,-39.85109329223633,24.83504867553711,-0.007566572768984481,0.09816388149413192,-0.004773250255314663,0.00678720062803354,25,-37.763025938368585,24.838194545388575,-0.0007793721409509408,4.0,3.901836118505868,-0.007134630344808102,0.5,0.0,0,0,0,-0.0028510410338640213,0.0,0.0
419,20.950000000000003,-39.84687805175781,24.834999084472656,-0.007577225933493448,0.16020722307969848,-0.003565142796846007,0.007405356452184986,24,-37.79248784515623,24.838211140339467,-0.00017186948130846298,4.0,3.8397927769203015,-0.002052559284493327,0.5,0.0,0,0,0,0.0050820710603147745,0.0,0.0
420,21.0,-39.836082458496094,24.834945678710938,-0.007878695248741768,0.2666159279885926,-0.005263698435079925,0.006859597428936878,23,-37.73551275617264,24.83806869313429,-0.0010190978198048907,4.0,3.7333840720114075,0.0,0.0,1.0,0,0,1,0.002052559284493327,-0.5,1.0
421,21.05,-39.83470916748047,24.834924697875977,-0.007840345208895977,7.895013040750085e-05,-0.003293998836310137,0.007807227615201096,26,-37.78705358819499,24.838150883288566,-3.3117593694881385e-05,4.0,3.9999210498695925,-0.003679729998111725,0.5,0.0,0,0,0,-0.003679729998111725,0.5,-1.0
422,21.1,-39.83372116088867,24.83491325378418,-0.007841942585401374,0.09813097313806335,-0.004767582275982127,0.007066212516064709,25,-37.745718253445894,24.838061110529566,-0.0007757300693366651,4.0,3.9018690268619367,-0.006522702053189278,0.5,0.0,0,0,0,-0.002842972055077553,0.0,0.0
423,21.150000000000002,-39.82953643798828,24.834863662719727,-0.00785153152577161,0.1588556599012408,-0.003470143771100262,0.007729032277697353,24,-37.77771419780732,24.838082459834002,-0.00012249924807425697,4.0,3.8411443400987593,-0.0011724088108167052,0.5,0.0,0,0,0,0.005350293242372572,0.0,0.0
424,21.200000000000003,-39.81890106201172,24.83480453491211,-0.007837681527657247,0.2687344362942304,-0.005404511761575418,0.006750886392741376,23,-37.71443331829383,24.837921923659465,-0.0010867951349158708,4.0,3.7312655637057697,0.0,0.0,1.0,0,0,1,0.0011724088108167052,-0.5,1.0
425,21.25,-39.817108154296875,24.83477210998535,-0.007797203039533993,8.08273723855709e-05,-0.0032916014732082698,0.007766170589903658,26,-37.769448799362166,24.838000167574332,-3.103244963033509e-05,4.0,3.9999191726276146,-0.0037514525465667248,0.5,0.0,0,0,0,-0.0037514525465667248,0.5,-1.0
426,21.3,-39.81612777709961,24.834762573242188,-0.00779879989589074,0.09799934314118716,-0.004754515971152333,0.0070304328167774864,25,-37.728382651274124,24.83791293567689,-0.0007683670791132541,4.0,3.902000656858813,-0.0065636830404400826,0.5,0.0,0,0,0,-0.0028122304938733578,0.0,0.0
427,21.35,-39.81212615966797,24.834692001342773,-0.007748732987545901,0.14559506253491727,-0.007200513731043726,0.005809158083482792,25,-37.631172925838555,24.837662401154045,-0.0019395749040631092,4.0,3.8544049374650826,-0.013159656897187233,0.5,0.0,0,0,0,-0.00659597385674715,0.0,0.0
428,21.400000000000002,-39.80295181274414,24.83458137512207,-0.007776963015249392,0.2662313744048761,-0.005228278117850082,0.00677727694495524,23,-37.703089695692064,24.83771045224517,-0.0009996860702941512,4.0,3.7337686255951237,0.0,0.0,1.0,0,0,1,0.013159656897187233,-0.5,1.0
429,21.450000000000003,-39.800540924072266,24.834341049194336,-0.007168163869908627,9.39890365648755e-05,-0.0032865264198077616,0.007141765390903443,26,-37.75285505196575,24.837573519822772,-2.639847900518411e-05,4.0,3.9999060109634352,-0.00504137622192502,0.5,0.0,0,0,0,-0.00504137622192502,0.5,-1.0
430,21.5,-39.799556732177734,24.834333419799805,-0.007170294918929341,0.0981835790845011,-0.004758996569120773,0.006401875623221512,25,-37.711450814486675,24.837487876579498,-0.0007684192957078287,4.0,3.901816420915499,-0.007884196005761623,0.5,0.0,0,0,0,-0.002842819783836603,0.0,0.0
431,21.55,-39.795372009277344,24.83428192138672,-0.007181480195507674,0.15868827764012614,-0.0034497345948857018,0.007072313768350994,24,-37.74386780522513,24.837507700617017,-0.00010916642715667944,4.0,3.841311722359874,-0.0024979684967547655,0.5,0.0,0,0,0,0.005386227509006858,0.0,0.0
432,21.6,-39.785221099853516,24.834213256835938,-0.0072565818583965585,0.23112841572932455,-0.007185113150677226,0.005327050613794121,24,-37.59608089034245,24.837174363686845,-0.0019295312446024368,4.0,3.7688715842706753,-0.013234433718025684,0.5,0.0,0,0,0,-0.010736465221270919,0.0,0.0
433,21.650000000000002,-39.76953125,24.83397674560547,-0.0072981266512531446,0.3550626362452691,0.010408553341851395,-0.05518121260311497,19,-37.62437746392766,24.689345379503465,-0.06247933925436811,4.0,3.644937363754731,0.0,0.0,1.0,0,0,1,0.013234433718025684,-0.5,1.0
434,21.700000000000003,-39.76547622680664,24.83403968811035,-0.007578824350296147,0.0001568880140241742,-0.003285960248254324,0.00755438835575527,26,-37.717663616422385,24.83727560802181,-2.4435994540876146e-05,4.0,3.999843111985976,-0.004143883939832449,0.5,0.0,0,0,0,-0.004143883939832449,0.5,-1.0
435,21.75,-39.764488220214844,24.834030151367188,-0.00758095435901956,0.0992672860087024,-0.004828948144266298,0.006779811332492891,25,-37.674260049435674,24.837184528980004,-0.0008011430265266691,4.0,3.9007327139912977,-0.007200505584478378,0.5,0.0,0,0,0,-0.0030566216446459293,0.0,0.0
436,21.8,-39.75965118408203,24.833967208862305,-0.007629423890859002,0.1311773933298968,-0.007146444116712019,0.005719503445847754,25,-37.606932502551096,24.83700213959187,-0.0019099204450112486,4.0,3.8688226066701032,-0.01345436554402113,0.5,0.0,0,0,0,-0.006253859959542751,0.0,0.0
437,21.85,-39.74882888793945,24.833662033081055,-0.00727682136253251,0.2749047115816421,-0.005797306786257674,0.006006465966006796,23,-37.633007865802405,24.83677149844573,-0.0012703553965257137,4.0,3.725095288418358,0.0,0.0,1.0,0,0,1,0.01345436554402113,-0.5,1.0
438,21.900000000000002,-39.74707794189453,24.83368682861328,-0.007409446784818457,8.628572970939598e-05,-0.0032758540147621276,0.007391920581794942,26,-37.69940759785622,24.836926794742368,-1.7526203023515447e-05,4.0,3.9999137142702907,-0.004446865525096655,0.5,0.0,0,0,0,-0.004446865525096655,0.5,-1.0
439,21.950000000000003,-39.74608612060547,24.833675384521484,-0.00741157731369052,0.0982901963286008,-0.004751755566810446,0.006650386628678706,25,-37.6577714160172,24.836837535457388,-0.0007611906850118143,4.0,3.901709803671399,-0.007305174600332975,0.5,0.0,0,0,0,-0.0028583090752363205,0.0,0.0
440,22.0,-39.74180221557617,24.83362579345703,-0.007423294182189568,0.16226572939476763,-0.003682794209868559,0.007198593969147841,24,-37.683500871521666,24.836846087001575,-0.00022470021304172672,4.0,3.837734270605232,-0.002651470946148038,0.5,0.0,0,0,0,0.0046537036541849375,0.0,0.0
441,22.05,-39.73073959350586,24.833404541015625,-0.007224090772948942,0.2668303753092923,-0.00524107875051144,0.006224568593697573,23,-37.62977532451291,24.836545661300182,-0.0009995221792513693,4.0,3.733169624690708,0.0,0.0,1.0,0,0,1,0.002651470946148038,-0.5,1.0
442,22.1,-39.72936248779297,24.83340072631836,-0.007263505557082114,8.067033384919473e-05,-0.003271228832874831,0.007249775595681941,26,-37.68170346125681,24.836643840872146,-1.3729961400172231e-05,4.0,3.9999193296661506,-0.0047215986996889114,0.5,0.0,0,0,0,-0.0047215986996889114,0.5,-1.0
443,22.150000000000002,-39.72837829589844,24.833393096923828,-0.007265636085954178,0.09814243739728613,-0.004735151045279863,0.0065141544566065,25,-37.640352954025026,24.836559136324734,-0.000751481629347677,4.0,3.901857562602714,-0.007546332664787769,0.5,0.0,0,0,0,-0.002824733965098858,0.0,0.0
444,22.200000000000003,-39.72417068481445,24.833341598510742,-0.007277353994750526,0.16017907709556378,-0.0035359667957517165,0.007128922967999037,24,-37.66983397525492,24.836572638036113,-0.0001484310267514889,4.0,3.839820922904436,-0.002499016933143139,0.5,0.0,0,0,0,0.00504731573164463,0.0,0.0
445,22.25,-39.71419906616211,24.833202362060547,-0.00722302550851291,0.22826268649769052,-0.00715142428386799,0.005315442303469772,24,-37.530503735306624,24.836188213765247,-0.0019075832050431377,4.0,3.7717373135023093,0.0,0.0,1.0,0,0,1,0.002499016933143139,-0.5,1.0
446,22.3,-39.7126350402832,24.833192825317383,-0.007230482359565132,7.465060562492582e-05,-0.0032675952552095925,0.00721969359138492,26,-37.664988145373535,24.836438328985118,-1.078876818021168e-05,4.0,3.999925349394375,-0.0047647408209741116,0.5,0.0,0,0,0,-0.0047647408209741116,0.5,-1.0
447,22.35,-39.71165084838867,24.83318328857422,-0.007232612368288545,0.09813107351319288,-0.004729634133096313,0.006485017056448684,25,-37.62364776229955,24.83635194241993,-0.0007475953118398607,4.0,3.901868926486807,-0.007585447747260332,0.5,0.0,0,0,0,-0.0028207069262862206,0.0,0.0
448,22.400000000000002,-39.70745849609375,24.833131790161133,-0.007242732380430846,0.15911206181298831,-0.0034600059724581847,0.007134226427299059,24,-37.6551491137411,24.836369108367432,-0.0001085059531317872,4.0,3.8408879381870116,-0.0023286088835448027,0.5,0.0,0,0,0,0.0052568388637155294,0.0,0.0
449,22.450000000000003,-39.69669723510742,24.83304214477539,-0.0072608418758433844,0.2865807369571549,0.061758635848376486,-0.11453566045075698,20,-37.649496199371434,24.520240353741805,-0.12179650232660037,4.0,3.7134192630428453,0.0,0.0,1.0,0,0,1,0.0023286088835448027,-0.5,1.0
450,22.5,-39.69490051269531,24.833026885986328,-0.007262439772497432,8.566328759406214e-05,-0.0032656588893184477,0.007253550502498963,26,-37.6472314288732,24.83627434259242,-8.889269998469318e-06,4.0,3.999914336712406,-0.004677718039602041,0.5,0.0,0,0,0,-0.004677718039602041,0.5,-1.0
451,22.55,-39.69392013549805,24.833019256591797,-0.007264570821518146,0.0980299797999796,-0.004718530755098383,0.006523425378225917,25,-37.6061150255272,24.836190421115774,-0.0007411454432922285,4.0,3.9019700202000203,-0.007472281809896231,0.5,0.0,0,0,0,-0.0027945637702941895,0.0,0.0
452,22.6,-39.689796447753906,24.832971572875977,-0.0072826803169306845,0.15668557185971216,-0.003292875083347481,0.007260787413414421,24,-37.64209738949595,24.836219617882193,-2.1892903516263136e-05,4.0,3.843314428140288,-0.001723899389617145,0.5,0.0,0,0,0,0.005748382420279086,0.0,0.0
453,22.650000000000002,-39.679325103759766,24.832836151123047,-0.007199057058702197,0.21256970693258437,-0.007138467245378726,0.005299901270334886,24,-37.525446381580075,24.83588407508133,-0.0018991557883673107,4.0,3.7874302930674157,-0.013303493149578571,0.5,0.0,0,0,0,-0.011579593759961426,0.0,0.0
454,22.700000000000003,-39.66371154785156,24.83256721496582,-0.007128216453557439,0.32857560368951866,-0.004652939169621054,0.006412173532982415,19,-37.56013714070181,24.835713905508694,-0.0007160429205750237,4.0,3.6714243963104813,0.0,0.0,1.0,0,0,1,0.013303493149578571,-0.5,1.0
455,22.75,-39.66023254394531,24.832544326782227,-0.007180414931071642,0.00015129466674587743,-0.0032629878409548476,0.007175340669287106,26,-37.612431217477685,24.83579692354321,-5.074261784535441e-06,4.0,3.999848705333254,-0.004808210767805576,0.5,0.0,0,0,0,-0.004808210767805576,0.5,-1.0
456,22.8,-39.65924072265625,24.83253288269043,-0.007182545459943706,0.09922749238341066,-0.00479270286324907,0.006407421114531825,25,-37.5690904916463,24.83570546033936,-0.0007751243454118807,4.0,3.9007725076165896,-0.007836614735424519,0.5,0.0,0,0,0,-0.0030284039676189423,0.0,0.0
457,22.85,-39.654232025146484,24.832515716552734,-0.007336475130652984,0.15989545133572203,-0.0035028205857718293,0.007209318606055154,24,-37.60043421096285,24.83575738337314,-0.00012715652459783014,4.0,3.8401045486642778,-0.002221123781055212,0.5,0.0,0,0,0,0.0056154909543693066,0.0,0.0
458,22.900000000000002,-39.64300537109375,24.832286834716797,-0.007149521742278072,0.27105820754002247,-0.007120347969814355,0.0052621740032155456,21,-37.44564434612356,24.83526000608167,-0.0018873477390625262,4.0,3.7289417924599775,0.0,0.0,1.0,0,0,1,0.002221123781055212,-0.5,1.0
459,22.950000000000003,-39.64146041870117,24.832305908203125,-0.007181480195507674,7.762154995500236e-05,-0.003254128456028433,0.007182189567748611,26,-37.5938075454863,24.83556148920726,7.093722409378311e-07,4.0,3.999922378450045,-0.004760286305099726,0.5,0.0,0,0,0,-0.004760286305099726,0.5,-1.0
460,23.0,-39.64046859741211,24.832300186157227,-0.007183610204231087,0.09832875510923776,-0.004723758681012964,0.006443810401907099,25,-37.552078392157945,24.835478955188023,-0.0007397998023239874,4.0,3.9016712448907622,-0.00761116249486804,0.5,0.0,0,0,0,-0.0028508761897683144,0.0,0.0
461,23.05,-39.63630294799805,24.832223892211914,-0.007106911684985455,0.1494603942493152,-0.002796497057392273,0.007345746826848915,24,-37.6023317095322,24.835506173167587,0.00023883514186346028,4.0,3.8505396057506847,-0.0005281581543385983,0.5,0.0,0,0,0,0.007083004340529442,0.0,0.0
462,23.1,-39.62628173828125,24.832218170166016,-0.007342867237417825,0.2279241145240454,-0.007117080188450751,0.0054576302230605915,24,-37.44322969647473,24.835219687612728,-0.0018852370143572338,4.0,3.7720758854759544,0.0,0.0,1.0,0,0,1,0.0005281581543385983,-0.5,1.0
463,23.150000000000002,-39.62434387207031,24.832225799560547,-0.00737695621951949,7.575464414453697e-05,-0.0032523842907821524,0.00737909301871774,26,-37.576694761611456,24.835482559266314,2.1367991982497014e-06,4.0,3.9999242453558557,-0.004332161508500576,0.5,0.0,0,0,0,-0.004332161508500576,0.5,-1.0
464,23.200000000000003,-39.62335968017578,24.832216262817383,-0.007379086748391554,0.09819076910243915,-0.004711558377657228,0.006645903029778471,25,-37.53523969782992,24.835396846613513,-0.0007331837186130825,4.0,3.9018092308975607,-0.007152308709919453,0.5,0.0,0,0,0,-0.0028201472014188766,0.0,0.0
465,23.25,-39.61913299560547,24.83216667175293,-0.007390270984672585,0.16067761391412458,-0.003549651846330791,0.007241098530155872,24,-37.56384907842164,24.835409731889825,-0.00014917245451671315,4.0,3.8393223860858754,-0.00222653616219759,0.5,0.0,0,0,0,0.004925772547721863,0.0,0.0
466,23.3,-39.608314514160156,24.832014083862305,-0.007342867237417825,0.2573170588114885,-0.004568409189353183,0.006682133742240152,23,-37.52485472636041,24.835205882180887,-0.000660733495177673,4.0,3.7426829411885114,0.0,0.0,1.0,0,0,1,0.00222653616219759,-0.5,1.0
467,23.35,-39.60663604736328,24.831884384155273,-0.0070579090007793464,8.528762160282226e-05,-0.003248131864943765,0.007063886186236437,26,-37.55896773095683,24.835144755313557,5.977185457090874e-06,4.0,3.999914712378397,-0.004972079303115606,0.5,0.0,0,0,0,-0.004972079303115606,0.5,-1.0
468,23.400000000000002,-39.60565185546875,24.831876754760742,-0.007060039009502759,0.09813549437337812,-0.004700526174504744,0.00633407319613326,25,-37.51764012169326,24.83506145677097,-0.0007259658133694998,4.0,3.9018645056266217,-0.007774344179779291,0.5,0.0,0,0,0,-0.002802264876663685,0.0,0.0
469,23.450000000000003,-39.60148620605469,24.831825256347656,-0.007071757438447759,0.15766655124626133,-0.0033411884157639,0.0070309240188394595,24,-37.55192330073069,24.835082754104032,-4.0833419608299164e-05,4.0,3.8423334487537386,-0.002248487900942564,0.5,0.0,0,0,0,0.005525856278836727,0.0,0.0
470,23.5,-39.59089660644531,24.83170509338379,-0.006965230994844589,0.2558958641379964,-0.004467463855133065,0.006356248477325837,23,-37.510051814535814,24.83490535981073,-0.000608982517518752,4.0,3.7441041358620035,0.0,0.0,1.0,0,0,1,0.002248487900942564,-0.5,1.0
471,23.55,-39.589111328125,24.831716537475586,-0.006990798381606651,8.2332318684665e-05,-0.0032451923191500424,0.006999197284808068,26,-37.5414489682795,24.8349789279128,8.39890320141715e-06,4.0,3.9999176676813155,-0.005092032719403505,0.5,0.0,0,0,0,-0.005092032719403505,0.5,-1.0
472,23.6,-39.58812713623047,24.83170509338379,-0.006992928390330064,0.0980258788068934,-0.004688738957931825,0.006273782958515773,25,-37.500330067257714,24.83489240357062,-0.0007191454318142912,4.0,3.9019741211931067,-0.007868949323892593,0.5,0.0,0,0,0,-0.002776916604489088,0.0,0.0
473,23.650000000000002,-39.58393096923828,24.83167266845703,-0.007046723204052363,0.16446731125818317,-0.0037978431243272633,0.006773907724620213,24,-37.521446644068135,24.83490783405874,-0.00027281547943214994,4.0,3.8355326887418166,-0.0036768948193639517,0.5,0.0,0,0,0,0.004192054504528642,0.0,0.0
474,23.700000000000003,-39.57459259033203,24.831605911254883,-0.007140466994571803,0.26376673277012125,-0.007095962202284013,0.005268974914371973,21,-37.389736424806166,24.834612940099948,-0.0018714920801998298,4.0,3.7362332672298786,0.0,0.0,1.0,0,0,1,0.0036768948193639517,-0.5,1.0
475,23.75,-39.572914123535156,24.831605911254883,-0.0071798817787049754,7.656613069440945e-05,-0.0032428229911565408,0.007190150087396135,26,-37.52526338370953,24.8348697601561,1.0268308691159132e-05,4.0,3.9999234338693057,-0.004673812538385391,0.5,0.0,0,0,0,-0.004673812538385391,0.5,-1.0
476,23.8,-39.571929931640625,24.83159637451172,-0.00718201282772569,0.09806938851976167,-0.00468897107733296,0.0064634426699011335,25,-37.48404765724194,24.834785056645956,-0.0007185701578245561,4.0,3.901930611480238,-0.007459803018718958,0.5,0.0,0,0,0,-0.0027859904803335667,0.0,0.0
477,23.85,-39.56778335571289,24.831544876098633,-0.0071931981043040225,0.15706558522357636,-0.0032959359921107215,0.007177172253561847,24,-37.51936228663496,24.834807984400854,-1.6025850742175407e-05,4.0,3.8429344147764235,-0.0018337651854380965,0.5,0.0,0,0,0,0.005626037833280861,0.0,0.0
478,23.900000000000002,-39.55728530883789,24.83138084411621,-0.007041930034238871,0.28057549354866146,0.04228015118437699,-0.04806212206157016,21,-37.344036520990365,24.666953853031515,-0.05510405209580903,4.0,3.7194245064513387,0.0,0.0,1.0,0,0,1,0.0018337651854380965,-0.5,1.0
479,23.950000000000003,-39.555782318115234,24.83139419555664,-0.007121292234723233,8.118690301878726e-05,-0.003239877215521825,0.007134168411295142,26,-37.50812226942301,24.83466043880478,1.2876176571909644e-05,4.0,3.9999188130969814,0.0,0.0,1.0,0,0,1,0.0,0.0,0.0
480,24.0,-39.55580139160156,24.83139419555664,-0.007121292234723233,1.3670344622224e-05,-0.0032351441359124667,0.007136604681676694,26,-37.50827738853711,24.834660692295618,1.531244695346097e-05,4.0,3.999986329655378,0.0,0.0,1.0,0,0,1,0.0,0.0,0.0
481,24.05,-39.55580139160156,24.83139419555664,-0.007121292234723233,6.905306833114671e-06,-0.0032346698450314883,0.007136848854059463,26,-37.508291020064505,24.834660717741503,1.555661933623075e-05,4.0,3.999993094693167,0.0,0.0,1.0,0,0,1,0.0,0.0,0.0
482,24.1,-39.5557975769043,24.83139419555664,-0.007121292234723233,1.1185687021067039e-05,-0.0032349698037948582,0.007136694472014938,26,-37.50827858041626,24.834660701734265,1.5402237291706113e-05,4.0,3.999988814312979,0.0,0.0,1.0,0,0,1,0.0,0.0,0.0
483,24.150000000000002,-39.555789947509766,24.83139419555664,-0.007121292234723233,1.0585613447236237e-05,-0.003234927464147774,0.007136716352744498,26,-37.508272160168026,24.83466070417718,1.5424118021265605e-05,4.0,3.999989414386553,0.0,0.0,1.0,0,0,1,0.0,0.0,0.0
484,24.200000000000003,-39.5557861328125,24.83139419555664,-0.007121292234723233,8.65212390778563e-06,-0.0032347917745707993,0.007136786249780137,26,-37.50827224144547,24.834660711542664,1.5494015056903652e-05,4.0,3.999991347876092,0.0,0.0,1.0,0,0,1,0.0,0.0,0.0
485,24.25,-39.555782318115234,24.83139419555664,-0.007121292234723233,6.645061452455951e-06,-0.003234650927180674,0.007136858802435313,26,-37.50827247097208,24.834660719184892,1.5566567712080315e-05,4.0,3.9999933549385474,0.0,0.0,1.0,0,0,1,0.0,0.0,0.0
486,24.3,-39.55577850341797,24.83139419555664,-0.007121292234723233,5.105272292687757e-06,-0.0032345428401193478,0.007136914489668775,26,-37.50827175894464,24.834660725069522,1.562225494554251e-05,4.0,3.9999948947277075,0.0,0.0,1.0,0,0,1,0.0,0.0,0.0
487,24.35,-39.55577850341797,24.83139419555664,-0.007121292234723233,0.0,-0.0032341849176140826,0.00713709875668609,26,-37.50828204605039,24.834660744272384,1.5806521962857746e-05,4.0,4.0,0.0,0.0,1.0,0,0,1,0.0,0.0,0.0
488,24.400000000000002,-39.55577850341797,24.83139419555664,-0.007121292234723233,0.0,-0.0032341849176140826,0.00713709875668609,26,-37.50828204605039,24.834660744272384,1.5806521962857746e-05,4.0,4.0,0.0,0.0,1.0,0,0,1,0.0,0.0,0.0
489,24.450000000000003,-39.55577850341797,24.83139419555664,-0.007121292234723233,0.0,-0.0032341849176140826,0.00713709875668609,26,-37.50828204605039,24.834660744272384,1.5806521962857746e-05,4.0,4.0,0.0,0.0,1.0,0,0,1,0.0,0.0,0.0
490,24.5,-39.55577850341797,24.83139419555664,-0.007121292234723233,0.0,-0.0032341849176140826,0.00713709875668609,26,-37.50828204605039,24.834660744272384,1.5806521962857746e-05,4.0,4.0,0.0,0.0,1.0,0,0,1,0.0,0.0,0.0
491,24.55,-39.55577850341797,24.83139419555664,-0.007121292234723233,0.0,-0.0032341849176140826,0.00713709875668609,26,-37.50828204605039,24.834660744272384,1.5806521962857746e-05,4.0,4.0,0.0,0.0,1.0,0,0,1,0.0,0.0,0.0
492,24.6,-39.55577850341797,24.83139419555664,-0.007121292234723233,0.0,-0.0032341849176140826,0.00713709875668609,26,-37.50828204605039,24.834660744272384,1.5806521962857746e-05,4.0,4.0,0.0,0.0,1.0,0,0,1,0.0,0.0,0.0
493,24.650000000000002,-39.55577850341797,24.83139419555664,-0.007121292234723233,0.0,-0.0032341849176140826,0.00713709875668609,26,-37.50828204605039,24.834660744272384,1.5806521962857746e-05,4.0,4.0,0.0,0.0,1.0,0,0,1,0.0,0.0,0.0
494,24.700000000000003,-39.55577850341797,24.83139419555664,-0.007121292234723233,0.0,-0.0032341849176140826,0.00713709875668609,26,-37.50828204605039,24.834660744272384,1.5806521962857746e-05,4.0,4.0,0.0,0.0,1.0,0,0,1,0.0,0.0,0.0
495,24.75,-39.55577850341797,24.83139419555664,-0.007121292234723233,0.0,-0.0032341849176140826,0.00713709875668609,26,-37.50828204605039,24.834660744272384,1.5806521962857746e-05,4.0,4.0,0.0,0.0,1.0,0,0,1,0.0,0.0,0.0
496,24.8,-39.55577850341797,24.83139419555664,-0.007121292234723233,0.0,-0.0032341849176140826,0.00713709875668609,26,-37.50828204605039,24.834660744272384,1.5806521962857746e-05,4.0,4.0,0.0,0.0,1.0,0,0,1,0.0,0.0,0.0
497,24.85,-39.55577850341797,24.83139419555664,-0.007121292234723233,0.0,-0.0032341849176140826,0.00713709875668609,26,-37.50828204605039,24.834660744272384,1.5806521962857746e-05,4.0,4.0,0.0,0.0,1.0,0,0,1,0.0,0.0,0.0
498,24.900000000000002,-39.55577850341797,24.83139419555664,-0.007121292234723233,0.0,-0.0032341849176140826,0.00713709875668609,26,-37.50828204605039,24.834660744272384,1.5806521962857746e-05,4.0,4.0,0.0,0.0,1.0,0,0,1,0.0,0.0,0.0
499,24.950000000000003,-39.55577850341797,24.83139419555664,-0.007121292234723233,0.0,-0.0032341849176140826,0.00713709875668609,26,-37.50828204605039,24.834660744272384,1.5806521962857746e-05,4.0,4.0,0.0,0.0,1.0,0,0,1,0.0,0.0,0.0
500,25.0,-39.55577850341797,24.83139419555664,-0.007121292234723233,0.0,-0.0032341849176140826,0.00713709875668609,26,-37.50828204605039,24.834660744272384,1.5806521962857746e-05,4.0,4.0,0.0,0.0,1.0,0,0,1,0.0,0.0,0.0
501,25.05,-39.55577850341797,24.83139419555664,-0.007121292234723233,0.0,-0.0032341849176140826,0.00713709875668609,26,-37.50828204605039,24.834660744272384,1.5806521962857746e-05,4.0,4.0,0.0,0.0,1.0,0,0,1,0.0,0.0,0.0
502,25.1,-39.55577850341797,24.83139419555664,-0.007121292234723233,0.0,-0.0032341849176140826,0.00713709875668609,26,-37.50828204605039,24.834660744272384,1.5806521962857746e-05,4.0,4.0,0.0,0.0,1.0,0,0,1,0.0,0.0,0.0
503,25.150000000000002,-39.55577850341797,24.83139419555664,-0.007121292234723233,0.0,-0.0032341849176140826,0.00713709875668609,26,-37.50828204605039,24.834660744272384,1.5806521962857746e-05,4.0,4.0,0.0,0.0,1.0,0,0,1,0.0,0.0,0.0
504,25.200000000000003,-39.55577850341797,24.83139419555664,-0.007121292234723233,0.0,-0.0032341849176140826,0.00713709875668609,26,-37.50828204605039,24.834660744272384,1.5806521962857746e-05,4.0,4.0,0.0,0.0,1.0,0,0,1,0.0,0.0,0.0
505,25.25,-39.55577850341797,24.83139419555664,-0.007121292234723233,0.0,-0.0032341849176140826,0.00713709875668609,26,-37.50828204605039,24.834660744272384,1.5806521962857746e-05,4.0,4.0,0.0,0.0,1.0,0,0,1,0.0,0.0,0.0
506,25.3,-39.55577850341797,24.83139419555664,-0.007121292234723233,0.0,-0.0032341849176140826,0.00713709875668609,26,-37.50828204605039,24.834660744272384,1.5806521962857746e-05,4.0,4.0,0.0,0.0,1.0,0,0,1,0.0,0.0,0.0
507,25.35,-39.55577850341797,24.83139419555664,-0.007121292234723233,0.0,-0.0032341849176140826,0.00713709875668609,26,-37.50828204605039,24.834660744272384,1.5806521962857746e-05,4.0,4.0,0.0,0.0,1.0,0,0,1,0.0,0.0,0.0
508,25.400000000000002,-39.55577850341797,24.83139419555664,-0.007121292234723233,0.0,-0.0032341849176140826,0.00713709875668609,26,-37.50828204605039,24.834660744272384,1.5806521962857746e-05,4.0,4.0,0.0,0.0,1.0,0,0,1,0.0,0.0,0.0
509,25.450000000000003,-39.55577850341797,24.83139419555664,-0.007121292234723233,0.0,-0.0032341849176140826,0.00713709875668609,26,-37.50828204605039,24.834660744272384,1.5806521962857746e-05,4.0,4.0,0.0,0.0,1.0,0,0,1,0.0,0.0,0.0
510,25.5,-39.55577850341797,24.83139419555664,-0.007121292234723233,0.0,-0.0032341849176140826,0.00713709875668609,26,-37.50828204605039,24.834660744272384,1.5806521962857746e-05,4.0,4.0,0.0,0.0,1.0,0,0,1,0.0,0.0,0.0
511,25.55,-39.55577850341797,24.83139419555664,-0.007121292234723233,0.0,-0.0032341849176140826,0.00713709875668609,26,-37.50828204605039,24.834660744272384,1.5806521962857746e-05,4.0,4.0,0.0,0.0,1.0,0,0,1,0.0,0.0,0.0
512,25.6,-39.55577850341797,24.83139419555664,-0.007121292234723233,0.0,-0.0032341849176140826,0.00713709875668609,26,-37.50828204605039,24.834660744272384,1.5806521962857746e-05,4.0,4.0,0.0,0.0,1.0,0,0,1,0.0,0.0,0.0
513,25.650000000000002,-39.55577850341797,24.83139419555664,-0.007121292234723233,0.0,-0.0032341849176140826,0.00713709875668609,26,-37.50828204605039,24.834660744272384,1.5806521962857746e-05,4.0,4.0,0.0,0.0,1.0,0,0,1,0.0,0.0,0.0
514,25.700000000000003,-39.55577850341797,24.83139419555664,-0.007121292234723233,0.0,-0.0032341849176140826,0.00713709875668609,26,-37.50828204605039,24.834660744272384,1.5806521962857746e-05,4.0,4.0,0.0,0.0,1.0,0,0,1,0.0,0.0,0.0
515,25.75,-39.55577850341797,24.83139419555664,-0.007121292234723233,0.0,-0.0032341849176140826,0.00713709875668609,26,-37.50828204605039,24.834660744272384,1.5806521962857746e-05,4.0,4.0,0.0,0.0,1.0,0,0,1,0.0,0.0,0.0
516,25.8,-39.55577850341797,24.83139419555664,-0.007121292234723233,0.0,-0.0032341849176140826,0.00713709875668609,26,-37.50828204605039,24.834660744272384,1.5806521962857746e-05,4.0,4.0,0.0,0.0,1.0,0,0,1,0.0,0.0,0.0
517,25.85,-39.55577850341797,24.83139419555664,-0.007121292234723233,0.0,-0.0032341849176140826,0.00713709875668609,26,-37.50828204605039,24.834660744272384,1.5806521962857746e-05,4.0,4.0,0.0,0.0,1.0,0,0,1,0.0,0.0,0.0
518,25.900000000000002,-39.55577850341797,24.83139419555664,-0.007121292234723233,0.0,-0.0032341849176140826,0.00713709875668609,26,-37.50828204605039,24.834660744272384,1.5806521962857746e-05,4.0,4.0,0.0,0.0,1.0,0,0,1,0.0,0.0,0.0
519,25.950000000000003,-39.55577850341797,24.83139419555664,-0.007121292234723233,0.0,-0.0032341849176140826,0.00713709875668609,26,-37.50828204605039,24.834660744272384,1.5806521962857746e-05,4.0,4.0,0.0,0.0,1.0,0,0,1,0.0,0.0,0.0
520,26.0,-39.55577850341797,24.83139419555664,-0.007121292234723233,0.0,-0.0032341849176140826,0.00713709875668609,26,-37.50828204605039,24.834660744272384,1.5806521962857746e-05,4.0,4.0,0.0,0.0,1.0,0,0,1,0.0,0.0,0.0
521,26.05,-39.55577850341797,24.83139419555664,-0.007121292234723233,0.0,-0.0032341849176140826,0.00713709875668609,26,-37.50828204605039,24.834660744272384,1.5806521962857746e-05,4.0,4.0,0.0,0.0,1.0,0,0,1,0.0,0.0,0.0
522,26.1,-39.55577850341797,24.83139419555664,-0.007121292234723233,0.0,-0.0032341849176140826,0.00713709875668609,26,-37.50828204605039,24.834660744272384,1.5806521962857746e-05,4.0,4.0,0.0,0.0,1.0,0,0,1,0.0,0.0,0.0
523,26.150000000000002,-39.55577850341797,24.83139419555664,-0.007121292234723233,0.0,-0.0032341849176140826,0.00713709875668609,26,-37.50828204605039,24.834660744272384,1.5806521962857746e-05,4.0,4.0,0.0,0.0,1.0,0,0,1,0.0,0.0,0.0
524,26.200000000000003,-39.55577850341797,24.83139419555664,-0.007121292234723233,0.0,-0.0032341849176140826,0.00713709875668609,26,-37.50828204605039,24.834660744272384,1.5806521962857746e-05,4.0,4.0,0.0,0.0,1.0,0,0,1,0.0,0.0,0.0
525,26.25,-39.55577850341797,24.83139419555664,-0.007121292234723233,0.0,-0.0032341849176140826,0.00713709875668609,26,-37.50828204605039,24.834660744272384,1.5806521962857746e-05,4.0,4.0,0.0,0.0,1.0,0,0,1,0.0,0.0,0.0
526,26.3,-39.55577850341797,24.83139419555664,-0.007121292234723233,0.0,-0.0032341849176140826,0.00713709875668609,26,-37.50828204605039,24.834660744272384,1.5806521962857746e-05,4.0,4.0,0.0,0.0,1.0,0,0,1,0.0,0.0,0.0
527,26.35,-39.55577850341797,24.83139419555664,-0.007121292234723233,0.0,-0.0032341849176140826,0.00713709875668609,26,-37.50828204605039,24.834660744272384,1.5806521962857746e-05,4.0,4.0,0.0,0.0,1.0,0,0,1,0.0,0.0,0.0
528,26.400000000000002,-39.55577850341797,24.83139419555664,-0.007121292234723233,0.0,-0.0032341849176140826,0.00713709875668609,26,-37.50828204605039,24.834660744272384,1.5806521962857746e-05,4.0,4.0,0.0,0.0,1.0,0,0,1,0.0,0.0,0.0
529,26.450000000000003,-39.55577850341797,24.83139419555664,-0.007121292234723233,0.0,-0.0032341849176140826,0.00713709875668609,26,-37.50828204605039,24.834660744272384,1.5806521962857746e-05,4.0,4.0,0.0,0.0,1.0,0,0,1,0.0,0.0,0.0
530,26.5,-39.55577850341797,24.83139419555664,-0.007121292234723233,0.0,-0.0032341849176140826,0.00713709875668609,26,-37.50828204605039,24.834660744272384,1.5806521962857746e-05,4.0,4.0,0.0,0.0,1.0,0,0,1,0.0,0.0,0.0
531,26.55,-39.55577850341797,24.83139419555664,-0.007121292234723233,0.0,-0.0032341849176140826,0.00713709875668609,26,-37.50828204605039,24.834660744272384,1.5806521962857746e-05,4.0,4.0,0.0,0.0,1.0,0,0,1,0.0,0.0,0.0
532,26.6,-39.55577850341797,24.83139419555664,-0.007121292234723233,0.0,-0.0032341849176140826,0.00713709875668609,26,-37.50828204605039,24.834660744272384,1.5806521962857746e-05,4.0,4.0,0.0,0.0,1.0,0,0,1,0.0,0.0,0.0
533,26.650000000000002,-39.55577850341797,24.83139419555664,-0.007121292234723233,0.0,-0.0032341849176140826,0.00713709875668609,26,-37.50828204605039,24.834660744272384,1.5806521962857746e-05,4.0,4.0,0.0,0.0,1.0,0,0,1,0.0,0.0,0.0
534,26.700000000000003,-39.55577850341797,24.83139419555664,-0.007121292234723233,0.0,-0.0032341849176140826,0.00713709875668609,26,-37.50828204605039,24.834660744272384,1.5806521962857746e-05,4.0,4.0,0.0,0.0,1.0,0,0,1,0.0,0.0,0.0
535,26.75,-39.55577850341797,24.83139419555664,-0.007121292234723233,0.0,-0.0032341849176140826,0.00713709875668609,26,-37.50828204605039,24.834660744272384,1.5806521962857746e-05,4.0,4.0,0.0,0.0,1.0,0,0,1,0.0,0.0,0.0
536,26.8,-39.55577850341797,24.83139419555664,-0.007121292234723233,0.0,-0.0032341849176140826,0.00713709875668609,26,-37.50828204605039,24.834660744272384,1.5806521962857746e-05,4.0,4.0,0.0,0.0,1.0,0,0,1,0.0,0.0,0.0
537,26.85,-39.55577850341797,24.83139419555664,-0.007121292234723233,0.0,-0.0032341849176140826,0.00713709875668609,26,-37.50828204605039,24.834660744272384,1.5806521962857746e-05,4.0,4.0,0.0,0.0,1.0,0,0,1,0.0,0.0,0.0
538,26.900000000000002,-39.55577850341797,24.83139419555664,-0.007121292234723233,0.0,-0.0032341849176140826,0.00713709875668609,26,-37.50828204605039,24.834660744272384,1.5806521962857746e-05,4.0,4.0,0.0,0.0,1.0,0,0,1,0.0,0.0,0.0
539,26.950000000000003,-39.55577850341797,24.83139419555664,-0.007121292234723233,0.0,-0.0032341849176140826,0.00713709875668609,26,-37.50828204605039,24.834660744272384,1.5806521962857746e-05,4.0,4.0,0.0,0.0,1.0,0,0,1,0.0,0.0,0.0
540,27.0,-39.55577850341797,24.83139419555664,-0.007121292234723233,0.0,-0.0032341849176140826,0.00713709875668609,26,-37.50828204605039,24.834660744272384,1.5806521962857746e-05,4.0,4.0,0.0,0.0,1.0,0,0,1,0.0,0.0,0.0
541,27.05,-39.55577850341797,24.83139419555664,-0.007121292234723233,0.0,-0.0032341849176140826,0.00713709875668609,26,-37.50828204605039,24.834660744272384,1.5806521962857746e-05,4.0,4.0,0.0,0.0,1.0,0,0,1,0.0,0.0,0.0
542,27.1,-39.55577850341797,24.83139419555664,-0.007121292234723233,0.0,-0.0032341849176140826,0.00713709875668609,26,-37.50828204605039,24.834660744272384,1.5806521962857746e-05,4.0,4.0,0.0,0.0,1.0,0,0,1,0.0,0.0,0.0
543,27.150000000000002,-39.55577850341797,24.83139419555664,-0.007121292234723233,0.0,-0.0032341849176140826,0.00713709875668609,26,-37.50828204605039,24.834660744272384,1.5806521962857746e-05,4.0,4.0,0.0,0.0,1.0,0,0,1,0.0,0.0,0.0
544,27.200000000000003,-39.55577850341797,24.83139419555664,-0.007121292234723233,0.0,-0.0032341849176140826,0.00713709875668609,26,-37.50828204605039,24.834660744272384,1.5806521962857746e-05,4.0,4.0,0.0,0.0,1.0,0,0,1,0.0,0.0,0.0
545,27.25,-39.55577850341797,24.83139419555664,-0.007121292234723233,0.0,-0.0032341849176140826,0.00713709875668609,26,-37.50828204605039,24.834660744272384,1.5806521962857746e-05,4.0,4.0,0.0,0.0,1.0,0,0,1,0.0,0.0,0.0
546,27.3,-39.55577850341797,24.83139419555664,-0.007121292234723233,0.0,-0.0032341849176140826,0.00713709875668609,26,-37.50828204605039,24.834660744272384,1.5806521962857746e-05,4.0,4.0,0.0,0.0,1.0,0,0,1,0.0,0.0,0.0
547,27.35,-39.55577850341797,24.83139419555664,-0.007121292234723233,0.0,-0.0032341849176140826,0.00713709875668609,26,-37.50828204605039,24.834660744272384,1.5806521962857746e-05,4.0,4.0,0.0,0.0,1.0,0,0,1,0.0,0.0,0.0
548,27.400000000000002,-39.55577850341797,24.83139419555664,-0.007121292234723233,0.0,-0.0032341849176140826,0.00713709875668609,26,-37.50828204605039,24.834660744272384,1.5806521962857746e-05,4.0,4.0,0.0,0.0,1.0,0,0,1,0.0,0.0,0.0
549,27.450000000000003,-39.55577850341797,24.83139419555664,-0.007121292234723233,0.0,-0.0032341849176140826,0.00713709875668609,26,-37.50828204605039,24.834660744272384,1.5806521962857746e-05,4.0,4.0,0.0,0.0,1.0,0,0,1,0.0,0.0,0.0
550,27.5,-39.55577850341797,24.83139419555664,-0.007121292234723233,0.0,-0.0032341849176140826,0.00713709875668609,26,-37.50828204605039,24.834660744272384,1.5806521962857746e-05,4.0,4.0,0.0,0.0,1.0,0,0,1,0.0,0.0,0.0
551,27.55,-39.55577850341797,24.83139419555664,-0.007121292234723233,0.0,-0.0032341849176140826,0.00713709875668609,26,-37.50828204605039,24.834660744272384,1.5806521962857746e-05,4.0,4.0,0.0,0.0,1.0,0,0,1,0.0,0.0,0.0
552,27.6,-39.55577850341797,24.83139419555664,-0.007121292234723233,0.0,-0.0032341849176140826,0.00713709875668609,26,-37.50828204605039,24.834660744272384,1.5806521962857746e-05,4.0,4.0,0.0,0.0,1.0,0,0,1,0.0,0.0,0.0
553,27.650000000000002,-39.55577850341797,24.83139419555664,-0.007121292234723233,0.0,-0.0032341849176140826,0.00713709875668609,26,-37.50828204605039,24.834660744272384,1.5806521962857746e-05,4.0,4.0,0.0,0.0,1.0,0,0,1,0.0,0.0,0.0
554,27.700000000000003,-39.55577850341797,24.83139419555664,-0.007121292234723233,0.0,-0.0032341849176140826,0.00713709875668609,26,-37.50828204605039,24.834660744272384,1.5806521962857746e-05,4.0,4.0,0.0,0.0,1.0,0,0,1,0.0,0.0,0.0
555,27.75,-39.55577850341797,24.83139419555664,-0.007121292234723233,0.0,-0.0032341849176140826,0.00713709875668609,26,-37.50828204605039,24.834660744272384,1.5806521962857746e-05,4.0,4.0,0.0,0.0,1.0,0,0,1,0.0,0.0,0.0
556,27.8,-39.55577850341797,24.83139419555664,-0.007121292234723233,0.0,-0.0032341849176140826,0.00713709875668609,26,-37.50828204605039,24.834660744272384,1.5806521962857746e-05,4.0,4.0,0.0,0.0,1.0,0,0,1,0.0,0.0,0.0
557,27.85,-39.55577850341797,24.83139419555664,-0.007121292234723233,0.0,-0.0032341849176140826,0.00713709875668609,26,-37.50828204605039,24.834660744272384,1.5806521962857746e-05,4.0,4.0,0.0,0.0,1.0,0,0,1,0.0,0.0,0.0
558,27.900000000000002,-39.55577850341797,24.83139419555664,-0.007121292234723233,0.0,-0.0032341849176140826,0.00713709875668609,26,-37.50828204605039,24.834660744272384,1.5806521962857746e-05,4.0,4.0,0.0,0.0,1.0,0,0,1,0.0,0.0,0.0
559,27.950000000000003,-39.55577850341797,24.83139419555664,-0.007121292234723233,0.0,-0.0032341849176140826,0.00713709875668609,26,-37.50828204605039,24.834660744272384,1.5806521962857746e-05,4.0,4.0,0.0,0.0,1.0,0,0,1,0.0,0.0,0.0
560,28.0,-39.55577850341797,24.83139419555664,-0.007121292234723233,0.0,-0.0032341849176140826,0.00713709875668609,26,-37.50828204605039,24.834660744272384,1.5806521962857746e-05,4.0,4.0,0.0,0.0,1.0,0,0,1,0.0,0.0,0.0
561,28.05,-39.55577850341797,24.83139419555664,-0.007121292234723233,0.0,-0.0032341849176140826,0.00713709875668609,26,-37.50828204605039,24.834660744272384,1.5806521962857746e-05,4.0,4.0,0.0,0.0,1.0,0,0,1,0.0,0.0,0.0
562,28.1,-39.55577850341797,24.83139419555664,-0.007121292234723233,0.0,-0.0032341849176140826,0.00713709875668609,26,-37.50828204605039,24.834660744272384,1.5806521962857746e-05,4.0,4.0,0.0,0.0,1.0,0,0,1,0.0,0.0,0.0
563,28.150000000000002,-39.55577850341797,24.83139419555664,-0.007121292234723233,0.0,-0.0032341849176140826,0.00713709875668609,26,-37.50828204605039,24.834660744272384,1.5806521962857746e-05,4.0,4.0,0.0,0.0,1.0,0,0,1,0.0,0.0,0.0
564,28.200000000000003,-39.55577850341797,24.83139419555664,-0.007121292234723233,0.0,-0.0032341849176140826,0.00713709875668609,26,-37.50828204605039,24.834660744272384,1.5806521962857746e-05,4.0,4.0,0.0,0.0,1.0,0,0,1,0.0,0.0,0.0
565,28.25,-39.55577850341797,24.83139419555664,-0.007121292234723233,0.0,-0.0032341849176140826,0.00713709875668609,26,-37.50828204605039,24.834660744272384,1.5806521962857746e-05,4.0,4.0,0.0,0.0,1.0,0,0,1,0.0,0.0,0.0
566,28.3,-39.55577850341797,24.83139419555664,-0.007121292234723233,0.0,-0.0032341849176140826,0.00713709875668609,26,-37.50828204605039,24.834660744272384,1.5806521962857746e-05,4.0,4.0,0.0,0.0,1.0,0,0,1,0.0,0.0,0.0
567,28.35,-39.55577850341797,24.83139419555664,-0.007121292234723233,0.0,-0.0032341849176140826,0.00713709875668609,26,-37.50828204605039,24.834660744272384,1.5806521962857746e-05,4.0,4.0,0.0,0.0,1.0,0,0,1,0.0,0.0,0.0
568,28.400000000000002,-39.55577850341797,24.83139419555664,-0.007121292234723233,0.0,-0.0032341849176140826,0.00713709875668609,26,-37.50828204605039,24.834660744272384,1.5806521962857746e-05,4.0,4.0,0.0,0.0,1.0,0,0,1,0.0,0.0,0.0
569,28.450000000000003,-39.55577850341797,24.83139419555664,-0.007121292234723233,0.0,-0.0032341849176140826,0.00713709875668609,26,-37.50828204605039,24.834660744272384,1.5806521962857746e-05,4.0,4.0,0.0,0.0,1.0,0,0,1,0.0,0.0,0.0
570,28.5,-39.55577850341797,24.83139419555664,-0.007121292234723233,0.0,-0.0032341849176140826,0.00713709875668609,26,-37.50828204605039,24.834660744272384,1.5806521962857746e-05,4.0,4.0,0.0,0.0,1.0,0,0,1,0.0,0.0,0.0
571,28.55,-39.55577850341797,24.83139419555664,-0.007121292234723233,0.0,-0.0032341849176140826,0.00713709875668609,26,-37.50828204605039,24.834660744272384,1.5806521962857746e-05,4.0,4.0,0.0,0.0,1.0,0,0,1,0.0,0.0,0.0
572,28.6,-39.55577850341797,24.83139419555664,-0.007121292234723233,0.0,-0.0032341849176140826,0.00713709875668609,26,-37.50828204605039,24.834660744272384,1.5806521962857746e-05,4.0,4.0,0.0,0.0,1.0,0,0,1,0.0,0.0,0.0
573,28.650000000000002,-39.55577850341797,24.83139419555664,-0.007121292234723233,0.0,-0.0032341849176140826,0.00713709875668609,26,-37.50828204605039,24.834660744272384,1.5806521962857746e-05,4.0,4.0,0.0,0.0,1.0,0,0,1,0.0,0.0,0.0
574,28.700000000000003,-39.55577850341797,24.83139419555664,-0.007121292234723233,0.0,-0.0032341849176140826,0.00713709875668609,26,-37.50828204605039,24.834660744272384,1.5806521962857746e-05,4.0,4.0,0.0,0.0,1.0,0,0,1,0.0,0.0,0.0
575,28.75,-39.55577850341797,24.83139419555664,-0.007121292234723233,0.0,-0.0032341849176140826,0.00713709875668609,26,-37.50828204605039,24.834660744272384,1.5806521962857746e-05,4.0,4.0,0.0,0.0,1.0,0,0,1,0.0,0.0,0.0
576,28.8,-39.55577850341797,24.83139419555664,-0.007121292234723233,0.0,-0.0032341849176140826,0.00713709875668609,26,-37.50828204605039,24.834660744272384,1.5806521962857746e-05,4.0,4.0,0.0,0.0,1.0,0,0,1,0.0,0.0,0.0
577,28.85,-39.55577850341797,24.83139419555664,-0.007121292234723233,0.0,-0.0032341849176140826,0.00713709875668609,26,-37.50828204605039,24.834660744272384,1.5806521962857746e-05,4.0,4.0,0.0,0.0,1.0,0,0,1,0.0,0.0,0.0
578,28.900000000000002,-39.55577850341797,24.83139419555664,-0.007121292234723233,0.0,-0.0032341849176140826,0.00713709875668609,26,-37.50828204605039,24.834660744272384,1.5806521962857746e-05,4.0,4.0,0.0,0.0,1.0,0,0,1,0.0,0.0,0.0
579,28.950000000000003,-39.55577850341797,24.83139419555664,-0.007121292234723233,0.0,-0.0032341849176140826,0.00713709875668609,26,-37.50828204605039,24.834660744272384,1.5806521962857746e-05,4.0,4.0,0.0,0.0,1.0,0,0,1,0.0,0.0,0.0
580,29.0,-39.55577850341797,24.83139419555664,-0.007121292234723233,0.0,-0.0032341849176140826,0.00713709875668609,26,-37.50828204605039,24.834660744272384,1.5806521962857746e-05,4.0,4.0,0.0,0.0,1.0,0,0,1,0.0,0.0,0.0
581,29.05,-39.55577850341797,24.83139419555664,-0.007121292234723233,0.0,-0.0032341849176140826,0.00713709875668609,26,-37.50828204605039,24.834660744272384,1.5806521962857746e-05,4.0,4.0,0.0,0.0,1.0,0,0,1,0.0,0.0,0.0
582,29.1,-39.55577850341797,24.83139419555664,-0.007121292234723233,0.0,-0.0032341849176140826,0.00713709875668609,26,-37.50828204605039,24.834660744272384,1.5806521962857746e-05,4.0,4.0,0.0,0.0,1.0,0,0,1,0.0,0.0,0.0
583,29.150000000000002,-39.55577850341797,24.83139419555664,-0.007121292234723233,0.0,-0.0032341849176140826,0.00713709875668609,26,-37.50828204605039,24.834660744272384,1.5806521962857746e-05,4.0,4.0,0.0,0.0,1.0,0,0,1,0.0,0.0,0.0
584,29.200000000000003,-39.55577850341797,24.83139419555664,-0.007121292234723233,0.0,-0.0032341849176140826,0.00713709875668609,26,-37.50828204605039,24.834660744272384,1.5806521962857746e-05,4.0,4.0,0.0,0.0,1.0,0,0,1,0.0,0.0,0.0
585,29.25,-39.55577850341797,24.83139419555664,-0.007121292234723233,0.0,-0.0032341849176140826,0.00713709875668609,26,-37.50828204605039,24.834660744272384,1.5806521962857746e-05,4.0,4.0,0.0,0.0,1.0,0,0,1,0.0,0.0,0.0
586,29.3,-39.55577850341797,24.83139419555664,-0.007121292234723233,0.0,-0.0032341849176140826,0.00713709875668609,26,-37.50828204605039,24.834660744272384,1.5806521962857746e-05,4.0,4.0,0.0,0.0,1.0,0,0,1,0.0,0.0,0.0
587,29.35,-39.55577850341797,24.83139419555664,-0.007121292234723233,0.0,-0.0032341849176140826,0.00713709875668609,26,-37.50828204605039,24.834660744272384,1.5806521962857746e-05,4.0,4.0,0.0,0.0,1.0,0,0,1,0.0,0.0,0.0
588,29.400000000000002,-39.55577850341797,24.83139419555664,-0.007121292234723233,0.0,-0.0032341849176140826,0.00713709875668609,26,-37.50828204605039,24.834660744272384,1.5806521962857746e-05,4.0,4.0,0.0,0.0,1.0,0,0,1,0.0,0.0,0.0
589,29.450000000000003,-39.55577850341797,24.83139419555664,-0.007121292234723233,0.0,-0.0032341849176140826,0.00713709875668609,26,-37.50828204605039,24.834660744272384,1.5806521962857746e-05,4.0,4.0,0.0,0.0,1.0,0,0,1,0.0,0.0,0.0
590,29.5,-39.55577850341797,24.83139419555664,-0.007121292234723233,0.0,-0.0032341849176140826,0.00713709875668609,26,-37.50828204605039,24.834660744272384,1.5806521962857746e-05,4.0,4.0,0.0,0.0,1.0,0,0,1,0.0,0.0,0.0
591,29.55,-39.55577850341797,24.83139419555664,-0.007121292234723233,0.0,-0.0032341849176140826,0.00713709875668609,26,-37.50828204605039,24.834660744272384,1.5806521962857746e-05,4.0,4.0,0.0,0.0,1.0,0,0,1,0.0,0.0,0.0
592,29.6,-39.55577850341797,24.83139419555664,-0.007121292234723233,0.0,-0.0032341849176140826,0.00713709875668609,26,-37.50828204605039,24.834660744272384,1.5806521962857746e-05,4.0,4.0,0.0,0.0,1.0,0,0,1,0.0,0.0,0.0
593,29.650000000000002,-39.55577850341797,24.83139419555664,-0.007121292234723233,0.0,-0.0032341849176140826,0.00713709875668609,26,-37.50828204605039,24.834660744272384,1.5806521962857746e-05,4.0,4.0,0.0,0.0,1.0,0,0,1,0.0,0.0,0.0
594,29.700000000000003,-39.55577850341797,24.83139419555664,-0.007121292234723233,0.0,-0.0032341849176140826,0.00713709875668609,26,-37.50828204605039,24.834660744272384,1.5806521962857746e-05,4.0,4.0,0.0,0.0,1.0,0,0,1,0.0,0.0,0.0
595,29.75,-39.55577850341797,24.83139419555664,-0.007121292234723233,0.0,-0.0032341849176140826,0.00713709875668609,26,-37.50828204605039,24.834660744272384,1.5806521962857746e-05,4.0,4.0,0.0,0.0,1.0,0,0,1,0.0,0.0,0.0
596,29.8,-39.55577850341797,24.83139419555664,-0.007121292234723233,0.0,-0.0032341849176140826,0.00713709875668609,26,-37.50828204605039,24.834660744272384,1.5806521962857746e-05,4.0,4.0,0.0,0.0,1.0,0,0,1,0.0,0.0,0.0
597,29.85,-39.55577850341797,24.83139419555664,-0.007121292234723233,0.0,-0.0032341849176140826,0.00713709875668609,26,-37.50828204605039,24.834660744272384,1.5806521962857746e-05,4.0,4.0,0.0,0.0,1.0,0,0,1,0.0,0.0,0.0
598,29.900000000000002,-39.55577850341797,24.83139419555664,-0.007121292234723233,0.0,-0.0032341849176140826,0.00713709875668609,26,-37.50828204605039,24.834660744272384,1.5806521962857746e-05,4.0,4.0,0.0,0.0,1.0,0,0,1,0.0,0.0,0.0
599,29.950000000000003,-39.55577850341797,24.83139419555664,-0.007121292234723233,0.0,-0.0032341849176140826,0.00713709875668609,26,-37.50828204605039,24.834660744272384,1.5806521962857746e-05,4.0,4.0,0.0,0.0,1.0,0,0,1,0.0,0.0,0.0
600,30.0,-39.55577850341797,24.83139419555664,-0.007121292234723233,0.0,-0.0032341849176140826,0.00713709875668609,26,-37.50828204605039,24.834660744272384,1.5806521962857746e-05,4.0,4.0,0.0,0.0,1.0,0,0,1,0.0,0.0,0.0
601,30.05,-39.55577850341797,24.83139419555664,-0.007121292234723233,0.0,-0.0032341849176140826,0.00713709875668609,26,-37.50828204605039,24.834660744272384,1.5806521962857746e-05,4.0,4.0,0.0,0.0,1.0,0,0,1,0.0,0.0,0.0
602,30.1,-39.55577850341797,24.83139419555664,-0.007121292234723233,0.0,-0.0032341849176140826,0.00713709875668609,26,-37.50828204605039,24.834660744272384,1.5806521962857746e-05,4.0,4.0,0.0,0.0,1.0,0,0,1,0.0,0.0,0.0
603,30.150000000000002,-39.55577850341797,24.83139419555664,-0.007121292234723233,0.0,-0.0032341849176140826,0.00713709875668609,26,-37.50828204605039,24.834660744272384,1.5806521962857746e-05,4.0,4.0,0.0,0.0,1.0,0,0,1,0.0,0.0,0.0
604,30.200000000000003,-39.55577850341797,24.83139419555664,-0.007121292234723233,0.0,-0.0032341849176140826,0.00713709875668609,26,-37.50828204605039,24.834660744272384,1.5806521962857746e-05,4.0,4.0,0.0,0.0,1.0,0,0,1,0.0,0.0,0.0
605,30.25,-39.55577850341797,24.83139419555664,-0.007121292234723233,0.0,-0.0032341849176140826,0.00713709875668609,26,-37.50828204605039,24.834660744272384,1.5806521962857746e-05,4.0,4.0,0.0,0.0,1.0,0,0,1,0.0,0.0,0.0
606,30.3,-39.55577850341797,24.83139419555664,-0.007121292234723233,0.0,-0.0032341849176140826,0.00713709875668609,26,-37.50828204605039,24.834660744272384,1.5806521962857746e-05,4.0,4.0,0.0,0.0,1.0,0,0,1,0.0,0.0,0.0
607,30.35,-39.55577850341797,24.83139419555664,-0.007121292234723233,0.0,-0.0032341849176140826,0.00713709875668609,26,-37.50828204605039,24.834660744272384,1.5806521962857746e-05,4.0,4.0,0.0,0.0,1.0,0,0,1,0.0,0.0,0.0
608,30.400000000000002,-39.55577850341797,24.83139419555664,-0.007121292234723233,0.0,-0.0032341849176140826,0.00713709875668609,26,-37.50828204605039,24.834660744272384,1.5806521962857746e-05,4.0,4.0,0.0,0.0,1.0,0,0,1,0.0,0.0,0.0
609,30.450000000000003,-39.55577850341797,24.83139419555664,-0.007121292234723233,0.0,-0.0032341849176140826,0.00713709875668609,26,-37.50828204605039,24.834660744272384,1.5806521962857746e-05,4.0,4.0,0.0,0.0,1.0,0,0,1,0.0,0.0,0.0
610,30.5,-39.55577850341797,24.83139419555664,-0.007121292234723233,0.0,-0.0032341849176140826,0.00713709875668609,26,-37.50828204605039,24.834660744272384,1.5806521962857746e-05,4.0,4.0,0.0,0.0,1.0,0,0,1,0.0,0.0,0.0
611,30.55,-39.55577850341797,24.83139419555664,-0.007121292234723233,0.0,-0.0032341849176140826,0.00713709875668609,26,-37.50828204605039,24.834660744272384,1.5806521962857746e-05,4.0,4.0,0.0,0.0,1.0,0,0,1,0.0,0.0,0.0
612,30.6,-39.55577850341797,24.83139419555664,-0.007121292234723233,0.0,-0.0032341849176140826,0.00713709875668609,26,-37.50828204605039,24.834660744272384,1.5806521962857746e-05,4.0,4.0,0.0,0.0,1.0,0,0,1,0.0,0.0,0.0
613,30.650000000000002,-39.55577850341797,24.83139419555664,-0.007121292234723233,0.0,-0.0032341849176140826,0.00713709875668609,26,-37.50828204605039,24.834660744272384,1.5806521962857746e-05,4.0,4.0,0.0,0.0,1.0,0,0,1,0.0,0.0,0.0
614,30.700000000000003,-39.55577850341797,24.83139419555664,-0.007121292234723233,0.0,-0.0032341849176140826,0.00713709875668609,26,-37.50828204605039,24.834660744272384,1.5806521962857746e-05,4.0,4.0,0.0,0.0,1.0,0,0,1,0.0,0.0,0.0
615,30.75,-39.55577850341797,24.83139419555664,-0.007121292234723233,0.0,-0.0032341849176140826,0.00713709875668609,26,-37.50828204605039,24.834660744272384,1.5806521962857746e-05,4.0,4.0,0.0,0.0,1.0,0,0,1,0.0,0.0,0.0
616,30.8,-39.55577850341797,24.83139419555664,-0.007121292234723233,0.0,-0.0032341849176140826,0.00713709875668609,26,-37.50828204605039,24.834660744272384,1.5806521962857746e-05,4.0,4.0,0.0,0.0,1.0,0,0,1,0.0,0.0,0.0
617,30.85,-39.55577850341797,24.83139419555664,-0.007121292234723233,0.0,-0.0032341849176140826,0.00713709875668609,26,-37.50828204605039,24.834660744272384,1.5806521962857746e-05,4.0,4.0,0.0,0.0,1.0,0,0,1,0.0,0.0,0.0
618,30.900000000000002,-39.55577850341797,24.83139419555664,-0.007121292234723233,0.0,-0.0032341849176140826,0.00713709875668609,26,-37.50828204605039,24.834660744272384,1.5806521962857746e-05,4.0,4.0,0.0,0.0,1.0,0,0,1,0.0,0.0,0.0
619,30.950000000000003,-39.55577850341797,24.83139419555664,-0.007121292234723233,0.0,-0.0032341849176140826,0.00713709875668609,26,-37.50828204605039,24.834660744272384,1.5806521962857746e-05,4.0,4.0,0.0,0.0,1.0,0,0,1,0.0,0.0,0.0
620,31.0,-39.55577850341797,24.83139419555664,-0.007121292234723233,0.0,-0.0032341849176140826,0.00713709875668609,26,-37.50828204605039,24.834660744272384,1.5806521962857746e-05,4.0,4.0,0.0,0.0,1.0,0,0,1,0.0,0.0,0.0
621,31.05,-39.55577850341797,24.83139419555664,-0.007121292234723233,0.0,-0.0032341849176140826,0.00713709875668609,26,-37.50828204605039,24.834660744272384,1.5806521962857746e-05,4.0,4.0,0.0,0.0,1.0,0,0,1,0.0,0.0,0.0
622,31.1,-39.55577850341797,24.83139419555664,-0.007121292234723233,0.0,-0.0032341849176140826,0.00713709875668609,26,-37.50828204605039,24.834660744272384,1.5806521962857746e-05,4.0,4.0,0.0,0.0,1.0,0,0,1,0.0,0.0,0.0
623,31.150000000000002,-39.55577850341797,24.83139419555664,-0.007121292234723233,0.0,-0.0032341849176140826,0.00713709875668609,26,-37.50828204605039,24.834660744272384,1.5806521962857746e-05,4.0,4.0,0.0,0.0,1.0,0,0,1,0.0,0.0,0.0
624,31.200000000000003,-39.55577850341797,24.83139419555664,-0.007121292234723233,0.0,-0.0032341849176140826,0.00713709875668609,26,-37.50828204605039,24.834660744272384,1.5806521962857746e-05,4.0,4.0,0.0,0.0,1.0,0,0,1,0.0,0.0,0.0
625,31.25,-39.55577850341797,24.83139419555664,-0.007121292234723233,0.0,-0.0032341849176140826,0.00713709875668609,26,-37.50828204605039,24.834660744272384,1.5806521962857746e-05,4.0,4.0,0.0,0.0,1.0,0,0,1,0.0,0.0,0.0
626,31.3,-39.55577850341797,24.83139419555664,-0.007121292234723233,0.0,-0.0032341849176140826,0.00713709875668609,26,-37.50828204605039,24.834660744272384,1.5806521962857746e-05,4.0,4.0,0.0,0.0,1.0,0,0,1,0.0,0.0,0.0
627,31.35,-39.55577850341797,24.83139419555664,-0.007121292234723233,0.0,-0.0032341849176140826,0.00713709875668609,26,-37.50828204605039,24.834660744272384,1.5806521962857746e-05,4.0,4.0,0.0,0.0,1.0,0,0,1,0.0,0.0,0.0
628,31.400000000000002,-39.55577850341797,24.83139419555664,-0.007121292234723233,0.0,-0.0032341849176140826,0.00713709875668609,26,-37.50828204605039,24.834660744272384,1.5806521962857746e-05,4.0,4.0,0.0,0.0,1.0,0,0,1,0.0,0.0,0.0
629,31.450000000000003,-39.55577850341797,24.83139419555664,-0.007121292234723233,0.0,-0.0032341849176140826,0.00713709875668609,26,-37.50828204605039,24.834660744272384,1.5806521962857746e-05,4.0,4.0,0.0,0.0,1.0,0,0,1,0.0,0.0,0.0
630,31.5,-39.55577850341797,24.83139419555664,-0.007121292234723233,0.0,-0.0032341849176140826,0.00713709875668609,26,-37.50828204605039,24.834660744272384,1.5806521962857746e-05,4.0,4.0,0.0,0.0,1.0,0,0,1,0.0,0.0,0.0
631,31.55,-39.55577850341797,24.83139419555664,-0.007121292234723233,0.0,-0.0032341849176140826,0.00713709875668609,26,-37.50828204605039,24.834660744272384,1.5806521962857746e-05,4.0,4.0,0.0,0.0,1.0,0,0,1,0.0,0.0,0.0
632,31.6,-39.55577850341797,24.83139419555664,-0.007121292234723233,0.0,-0.0032341849176140826,0.00713709875668609,26,-37.50828204605039,24.834660744272384,1.5806521962857746e-05,4.0,4.0,0.0,0.0,1.0,0,0,1,0.0,0.0,0.0
633,31.650000000000002,-39.55577850341797,24.83139419555664,-0.007121292234723233,0.0,-0.0032341849176140826,0.00713709875668609,26,-37.50828204605039,24.834660744272384,1.5806521962857746e-05,4.0,4.0,0.0,0.0,1.0,0,0,1,0.0,0.0,0.0
634,31.700000000000003,-39.55577850341797,24.83139419555664,-0.007121292234723233,0.0,-0.0032341849176140826,0.00713709875668609,26,-37.50828204605039,24.834660744272384,1.5806521962857746e-05,4.0,4.0,0.0,0.0,1.0,0,0,1,0.0,0.0,0.0
635,31.75,-39.55577850341797,24.83139419555664,-0.007121292234723233,0.0,-0.0032341849176140826,0.00713709875668609,26,-37.50828204605039,24.834660744272384,1.5806521962857746e-05,4.0,4.0,0.0,0.0,1.0,0,0,1,0.0,0.0,0.0
636,31.8,-39.55577850341797,24.83139419555664,-0.007121292234723233,0.0,-0.0032341849176140826,0.00713709875668609,26,-37.50828204605039,24.834660744272384,1.5806521962857746e-05,4.0,4.0,0.0,0.0,1.0,0,0,1,0.0,0.0,0.0
637,31.85,-39.55577850341797,24.83139419555664,-0.007121292234723233,0.0,-0.0032341849176140826,0.00713709875668609,26,-37.50828204605039,24.834660744272384,1.5806521962857746e-05,4.0,4.0,0.0,0.0,1.0,0,0,1,0.0,0.0,0.0
638,31.900000000000002,-39.55577850341797,24.83139419555664,-0.007121292234723233,0.0,-0.0032341849176140826,0.00713709875668609,26,-37.50828204605039,24.834660744272384,1.5806521962857746e-05,4.0,4.0,0.0,0.0,1.0,0,0,1,0.0,0.0,0.0
639,31.950000000000003,-39.55577850341797,24.83139419555664,-0.007121292234723233,0.0,-0.0032341849176140826,0.00713709875668609,26,-37.50828204605039,24.834660744272384,1.5806521962857746e-05,4.0,4.0,0.0,0.0,1.0,0,0,1,0.0,0.0,0.0
640,32.0,-39.55577850341797,24.83139419555664,-0.007121292234723233,0.0,-0.0032341849176140826,0.00713709875668609,26,-37.50828204605039,24.834660744272384,1.5806521962857746e-05,4.0,4.0,0.0,0.0,1.0,0,0,1,0.0,0.0,0.0
641,32.050000000000004,-39.55577850341797,24.83139419555664,-0.007121292234723233,0.0,-0.0032341849176140826,0.00713709875668609,26,-37.50828204605039,24.834660744272384,1.5806521962857746e-05,4.0,4.0,0.0,0.0,1.0,0,0,1,0.0,0.0,0.0
642,32.1,-39.55577850341797,24.83139419555664,-0.007121292234723233,0.0,-0.0032341849176140826,0.00713709875668609,26,-37.50828204605039,24.834660744272384,1.5806521962857746e-05,4.0,4.0,0.0,0.0,1.0,0,0,1,0.0,0.0,0.0
643,32.15,-39.55577850341797,24.83139419555664,-0.007121292234723233,0.0,-0.0032341849176140826,0.00713709875668609,26,-37.50828204605039,24.834660744272384,1.5806521962857746e-05,4.0,4.0,0.0,0.0,1.0,0,0,1,0.0,0.0,0.0
644,32.2,-39.55577850341797,24.83139419555664,-0.007121292234723233,0.0,-0.0032341849176140826,0.00713709875668609,26,-37.50828204605039,24.834660744272384,1.5806521962857746e-05,4.0,4.0,0.0,0.0,1.0,0,0,1,0.0,0.0,0.0
645,32.25,-39.55577850341797,24.83139419555664,-0.007121292234723233,0.0,-0.0032341849176140826,0.00713709875668609,26,-37.50828204605039,24.834660744272384,1.5806521962857746e-05,4.0,4.0,0.0,0.0,1.0,0,0,1,0.0,0.0,0.0
646,32.300000000000004,-39.55577850341797,24.83139419555664,-0.007121292234723233,0.0,-0.0032341849176140826,0.00713709875668609,26,-37.50828204605039,24.834660744272384,1.5806521962857746e-05,4.0,4.0,0.0,0.0,1.0,0,0,1,0.0,0.0,0.0
647,32.35,-39.55577850341797,24.83139419555664,-0.007121292234723233,0.0,-0.0032341849176140826,0.00713709875668609,26,-37.50828204605039,24.834660744272384,1.5806521962857746e-05,4.0,4.0,0.0,0.0,1.0,0,0,1,0.0,0.0,0.0
648,32.4,-39.55577850341797,24.83139419555664,-0.007121292234723233,0.0,-0.0032341849176140826,0.00713709875668609,26,-37.50828204605039,24.834660744272384,1.5806521962857746e-05,4.0,4.0,0.0,0.0,1.0,0,0,1,0.0,0.0,0.0
649,32.45,-39.55577850341797,24.83139419555664,-0.007121292234723233,0.0,-0.0032341849176140826,0.00713709875668609,26,-37.50828204605039,24.834660744272384,1.5806521962857746e-05,4.0,4.0,0.0,0.0,1.0,0,0,1,0.0,0.0,0.0
650,32.5,-39.55577850341797,24.83139419555664,-0.007121292234723233,0.0,-0.0032341849176140826,0.00713709875668609,26,-37.50828204605039,24.834660744272384,1.5806521962857746e-05,4.0,4.0,0.0,0.0,1.0,0,0,1,0.0,0.0,0.0
651,32.550000000000004,-39.55577850341797,24.83139419555664,-0.007121292234723233,0.0,-0.0032341849176140826,0.00713709875668609,26,-37.50828204605039,24.834660744272384,1.5806521962857746e-05,4.0,4.0,0.0,0.0,1.0,0,0,1,0.0,0.0,0.0
652,32.6,-39.55577850341797,24.83139419555664,-0.007121292234723233,0.0,-0.0032341849176140826,0.00713709875668609,26,-37.50828204605039,24.834660744272384,1.5806521962857746e-05,4.0,4.0,0.0,0.0,1.0,0,0,1,0.0,0.0,0.0
653,32.65,-39.55577850341797,24.83139419555664,-0.007121292234723233,0.0,-0.0032341849176140826,0.00713709875668609,26,-37.50828204605039,24.834660744272384,1.5806521962857746e-05,4.0,4.0,0.0,0.0,1.0,0,0,1,0.0,0.0,0.0
654,32.7,-39.55577850341797,24.83139419555664,-0.007121292234723233,0.0,-0.0032341849176140826,0.00713709875668609,26,-37.50828204605039,24.834660744272384,1.5806521962857746e-05,4.0,4.0,0.0,0.0,1.0,0,0,1,0.0,0.0,0.0
655,32.75,-39.55577850341797,24.83139419555664,-0.007121292234723233,0.0,-0.0032341849176140826,0.00713709875668609,26,-37.50828204605039,24.834660744272384,1.5806521962857746e-05,4.0,4.0,0.0,0.0,1.0,0,0,1,0.0,0.0,0.0
656,32.800000000000004,-39.55577850341797,24.83139419555664,-0.007121292234723233,0.0,-0.0032341849176140826,0.00713709875668609,26,-37.50828204605039,24.834660744272384,1.5806521962857746e-05,4.0,4.0,0.0,0.0,1.0,0,0,1,0.0,0.0,0.0
657,32.85,-39.55577850341797,24.83139419555664,-0.007121292234723233,0.0,-0.0032341849176140826,0.00713709875668609,26,-37.50828204605039,24.834660744272384,1.5806521962857746e-05,4.0,4.0,0.0,0.0,1.0,0,0,1,0.0,0.0,0.0
658,32.9,-39.55577850341797,24.83139419555664,-0.007121292234723233,0.0,-0.0032341849176140826,0.00713709875668609,26,-37.50828204605039,24.834660744272384,1.5806521962857746e-05,4.0,4.0,0.0,0.0,1.0,0,0,1,0.0,0.0,0.0
659,32.95,-39.55577850341797,24.83139419555664,-0.007121292234723233,0.0,-0.0032341849176140826,0.00713709875668609,26,-37.50828204605039,24.834660744272384,1.5806521962857746e-05,4.0,4.0,0.0,0.0,1.0,0,0,1,0.0,0.0,0.0
660,33.0,-39.55577850341797,24.83139419555664,-0.007121292234723233,0.0,-0.0032341849176140826,0.00713709875668609,26,-37.50828204605039,24.834660744272384,1.5806521962857746e-05,4.0,4.0,0.0,0.0,1.0,0,0,1,0.0,0.0,0.0
661,33.050000000000004,-39.55577850341797,24.83139419555664,-0.007121292234723233,0.0,-0.0032341849176140826,0.00713709875668609,26,-37.50828204605039,24.834660744272384,1.5806521962857746e-05,4.0,4.0,0.0,0.0,1.0,0,0,1,0.0,0.0,0.0
662,33.1,-39.55577850341797,24.83139419555664,-0.007121292234723233,0.0,-0.0032341849176140826,0.00713709875668609,26,-37.50828204605039,24.834660744272384,1.5806521962857746e-05,4.0,4.0,0.0,0.0,1.0,0,0,1,0.0,0.0,0.0
663,33.15,-39.55577850341797,24.83139419555664,-0.007121292234723233,0.0,-0.0032341849176140826,0.00713709875668609,26,-37.50828204605039,24.834660744272384,1.5806521962857746e-05,4.0,4.0,0.0,0.0,1.0,0,0,1,0.0,0.0,0.0
664,33.2,-39.55577850341797,24.83139419555664,-0.007121292234723233,0.0,-0.0032341849176140826,0.00713709875668609,26,-37.50828204605039,24.834660744272384,1.5806521962857746e-05,4.0,4.0,0.0,0.0,1.0,0,0,1,0.0,0.0,0.0
665,33.25,-39.55577850341797,24.83139419555664,-0.007121292234723233,0.0,-0.0032341849176140826,0.00713709875668609,26,-37.50828204605039,24.834660744272384,1.5806521962857746e-05,4.0,4.0,0.0,0.0,1.0,0,0,1,0.0,0.0,0.0
666,33.300000000000004,-39.55577850341797,24.83139419555664,-0.007121292234723233,0.0,-0.0032341849176140826,0.00713709875668609,26,-37.50828204605039,24.834660744272384,1.5806521962857746e-05,4.0,4.0,0.0,0.0,1.0,0,0,1,0.0,0.0,0.0
667,33.35,-39.55577850341797,24.83139419555664,-0.007121292234723233,0.0,-0.0032341849176140826,0.00713709875668609,26,-37.50828204605039,24.834660744272384,1.5806521962857746e-05,4.0,4.0,0.0,0.0,1.0,0,0,1,0.0,0.0,0.0
668,33.4,-39.55577850341797,24.83139419555664,-0.007121292234723233,0.0,-0.0032341849176140826,0.00713709875668609,26,-37.50828204605039,24.834660744272384,1.5806521962857746e-05,4.0,4.0,0.0,0.0,1.0,0,0,1,0.0,0.0,0.0
669,33.45,-39.55577850341797,24.83139419555664,-0.007121292234723233,0.0,-0.0032341849176140826,0.00713709875668609,26,-37.50828204605039,24.834660744272384,1.5806521962857746e-05,4.0,4.0,0.0,0.0,1.0,0,0,1,0.0,0.0,0.0
670,33.5,-39.55577850341797,24.83139419555664,-0.007121292234723233,0.0,-0.0032341849176140826,0.00713709875668609,26,-37.50828204605039,24.834660744272384,1.5806521962857746e-05,4.0,4.0,0.0,0.0,1.0,0,0,1,0.0,0.0,0.0
671,33.550000000000004,-39.55577850341797,24.83139419555664,-0.007121292234723233,0.0,-0.0032341849176140826,0.00713709875668609,26,-37.50828204605039,24.834660744272384,1.5806521962857746e-05,4.0,4.0,0.0,0.0,1.0,0,0,1,0.0,0.0,0.0
672,33.6,-39.55577850341797,24.83139419555664,-0.007121292234723233,0.0,-0.0032341849176140826,0.00713709875668609,26,-37.50828204605039,24.834660744272384,1.5806521962857746e-05,4.0,4.0,0.0,0.0,1.0,0,0,1,0.0,0.0,0.0
673,33.65,-39.55577850341797,24.83139419555664,-0.007121292234723233,0.0,-0.0032341849176140826,0.00713709875668609,26,-37.50828204605039,24.834660744272384,1.5806521962857746e-05,4.0,4.0,0.0,0.0,1.0,0,0,1,0.0,0.0,0.0
674,33.7,-39.55577850341797,24.83139419555664,-0.007121292234723233,0.0,-0.0032341849176140826,0.00713709875668609,26,-37.50828204605039,24.834660744272384,1.5806521962857746e-05,4.0,4.0,0.0,0.0,1.0,0,0,1,0.0,0.0,0.0
675,33.75,-39.55577850341797,24.83139419555664,-0.007121292234723233,0.0,-0.0032341849176140826,0.00713709875668609,26,-37.50828204605039,24.834660744272384,1.5806521962857746e-05,4.0,4.0,0.0,0.0,1.0,0,0,1,0.0,0.0,0.0
676,33.800000000000004,-39.55577850341797,24.83139419555664,-0.007121292234723233,0.0,-0.0032341849176140826,0.00713709875668609,26,-37.50828204605039,24.834660744272384,1.5806521962857746e-05,4.0,4.0,0.0,0.0,1.0,0,0,1,0.0,0.0,0.0
677,33.85,-39.55577850341797,24.83139419555664,-0.007121292234723233,0.0,-0.0032341849176140826,0.00713709875668609,26,-37.50828204605039,24.834660744272384,1.5806521962857746e-05,4.0,4.0,0.0,0.0,1.0,0,0,1,0.0,0.0,0.0
678,33.9,-39.55577850341797,24.83139419555664,-0.007121292234723233,0.0,-0.0032341849176140826,0.00713709875668609,26,-37.50828204605039,24.834660744272384,1.5806521962857746e-05,4.0,4.0,0.0,0.0,1.0,0,0,1,0.0,0.0,0.0
679,33.95,-39.55577850341797,24.83139419555664,-0.007121292234723233,0.0,-0.0032341849176140826,0.00713709875668609,26,-37.50828204605039,24.834660744272384,1.5806521962857746e-05,4.0,4.0,0.0,0.0,1.0,0,0,1,0.0,0.0,0.0
680,34.0,-39.55577850341797,24.83139419555664,-0.007121292234723233,0.0,-0.0032341849176140826,0.00713709875668609,26,-37.50828204605039,24.834660744272384,1.5806521962857746e-05,4.0,4.0,0.0,0.0,1.0,0,0,1,0.0,0.0,0.0
681,34.050000000000004,-39.55577850341797,24.83139419555664,-0.007121292234723233,0.0,-0.0032341849176140826,0.00713709875668609,26,-37.50828204605039,24.834660744272384,1.5806521962857746e-05,4.0,4.0,0.0,0.0,1.0,0,0,1,0.0,0.0,0.0
682,34.1,-39.55577850341797,24.83139419555664,-0.007121292234723233,0.0,-0.0032341849176140826,0.00713709875668609,26,-37.50828204605039,24.834660744272384,1.5806521962857746e-05,4.0,4.0,0.0,0.0,1.0,0,0,1,0.0,0.0,0.0
683,34.15,-39.55577850341797,24.83139419555664,-0.007121292234723233,0.0,-0.0032341849176140826,0.00713709875668609,26,-37.50828204605039,24.834660744272384,1.5806521962857746e-05,4.0,4.0,0.0,0.0,1.0,0,0,1,0.0,0.0,0.0
684,34.2,-39.55577850341797,24.83139419555664,-0.007121292234723233,0.0,-0.0032341849176140826,0.00713709875668609,26,-37.50828204605039,24.834660744272384,1.5806521962857746e-05,4.0,4.0,0.0,0.0,1.0,0,0,1,0.0,0.0,0.0
685,34.25,-39.55577850341797,24.83139419555664,-0.007121292234723233,0.0,-0.0032341849176140826,0.00713709875668609,26,-37.50828204605039,24.834660744272384,1.5806521962857746e-05,4.0,4.0,0.0,0.0,1.0,0,0,1,0.0,0.0,0.0
686,34.300000000000004,-39.55577850341797,24.83139419555664,-0.007121292234723233,0.0,-0.0032341849176140826,0.00713709875668609,26,-37.50828204605039,24.834660744272384,1.5806521962857746e-05,4.0,4.0,0.0,0.0,1.0,0,0,1,0.0,0.0,0.0
687,34.35,-39.55577850341797,24.83139419555664,-0.007121292234723233,0.0,-0.0032341849176140826,0.00713709875668609,26,-37.50828204605039,24.834660744272384,1.5806521962857746e-05,4.0,4.0,0.0,0.0,1.0,0,0,1,0.0,0.0,0.0
688,34.4,-39.55577850341797,24.83139419555664,-0.007121292234723233,0.0,-0.0032341849176140826,0.00713709875668609,26,-37.50828204605039,24.834660744272384,1.5806521962857746e-05,4.0,4.0,0.0,0.0,1.0,0,0,1,0.0,0.0,0.0
689,34.45,-39.55577850341797,24.83139419555664,-0.007121292234723233,0.0,-0.0032341849176140826,0.00713709875668609,26,-37.50828204605039,24.834660744272384,1.5806521962857746e-05,4.0,4.0,0.0,0.0,1.0,0,0,1,0.0,0.0,0.0
690,34.5,-39.55577850341797,24.83139419555664,-0.007121292234723233,0.0,-0.0032341849176140826,0.00713709875668609,26,-37.50828204605039,24.834660744272384,1.5806521962857746e-05,4.0,4.0,0.0,0.0,1.0,0,0,1,0.0,0.0,0.0
691,34.550000000000004,-39.55577850341797,24.83139419555664,-0.007121292234723233,0.0,-0.0032341849176140826,0.00713709875668609,26,-37.50828204605039,24.834660744272384,1.5806521962857746e-05,4.0,4.0,0.0,0.0,1.0,0,0,1,0.0,0.0,0.0
692,34.6,-39.55577850341797,24.83139419555664,-0.007121292234723233,0.0,-0.0032341849176140826,0.00713709875668609,26,-37.50828204605039,24.834660744272384,1.5806521962857746e-05,4.0,4.0,0.0,0.0,1.0,0,0,1,0.0,0.0,0.0
693,34.65,-39.55577850341797,24.83139419555664,-0.007121292234723233,0.0,-0.0032341849176140826,0.00713709875668609,26,-37.50828204605039,24.834660744272384,1.5806521962857746e-05,4.0,4.0,0.0,0.0,1.0,0,0,1,0.0,0.0,0.0
694,34.7,-39.55577850341797,24.83139419555664,-0.007121292234723233,0.0,-0.0032341849176140826,0.00713709875668609,26,-37.50828204605039,24.834660744272384,1.5806521962857746e-05,4.0,4.0,0.0,0.0,1.0,0,0,1,0.0,0.0,0.0
695,34.75,-39.55577850341797,24.83139419555664,-0.007121292234723233,0.0,-0.0032341849176140826,0.00713709875668609,26,-37.50828204605039,24.834660744272384,1.5806521962857746e-05,4.0,4.0,0.0,0.0,1.0,0,0,1,0.0,0.0,0.0
696,34.800000000000004,-39.55577850341797,24.83139419555664,-0.007121292234723233,0.0,-0.0032341849176140826,0.00713709875668609,26,-37.50828204605039,24.834660744272384,1.5806521962857746e-05,4.0,4.0,0.0,0.0,1.0,0,0,1,0.0,0.0,0.0
697,34.85,-39.55577850341797,24.83139419555664,-0.007121292234723233,0.0,-0.0032341849176140826,0.00713709875668609,26,-37.50828204605039,24.834660744272384,1.5806521962857746e-05,4.0,4.0,0.0,0.0,1.0,0,0,1,0.0,0.0,0.0
698,34.9,-39.55577850341797,24.83139419555664,-0.007121292234723233,0.0,-0.0032341849176140826,0.00713709875668609,26,-37.50828204605039,24.834660744272384,1.5806521962857746e-05,4.0,4.0,0.0,0.0,1.0,0,0,1,0.0,0.0,0.0
699,34.95,-39.55577850341797,24.83139419555664,-0.007121292234723233,0.0,-0.0032341849176140826,0.00713709875668609,26,-37.50828204605039,24.834660744272384,1.5806521962857746e-05,4.0,4.0,0.0,0.0,1.0,0,0,1,0.0,0.0,0.0
700,35.0,-39.55577850341797,24.83139419555664,-0.007121292234723233,0.0,-0.0032341849176140826,0.00713709875668609,26,-37.50828204605039,24.834660744272384,1.5806521962857746e-05,4.0,4.0,0.0,0.0,1.0,0,0,1,0.0,0.0,0.0
701,35.050000000000004,-39.55577850341797,24.83139419555664,-0.007121292234723233,0.0,-0.0032341849176140826,0.00713709875668609,26,-37.50828204605039,24.834660744272384,1.5806521962857746e-05,4.0,4.0,0.0,0.0,1.0,0,0,1,0.0,0.0,0.0
702,35.1,-39.55577850341797,24.83139419555664,-0.007121292234723233,0.0,-0.0032341849176140826,0.00713709875668609,26,-37.50828204605039,24.834660744272384,1.5806521962857746e-05,4.0,4.0,0.0,0.0,1.0,0,0,1,0.0,0.0,0.0
703,35.15,-39.55577850341797,24.83139419555664,-0.007121292234723233,0.0,-0.0032341849176140826,0.00713709875668609,26,-37.50828204605039,24.834660744272384,1.5806521962857746e-05,4.0,4.0,0.0,0.0,1.0,0,0,1,0.0,0.0,0.0
704,35.2,-39.55577850341797,24.83139419555664,-0.007121292234723233,0.0,-0.0032341849176140826,0.00713709875668609,26,-37.50828204605039,24.834660744272384,1.5806521962857746e-05,4.0,4.0,0.0,0.0,1.0,0,0,1,0.0,0.0,0.0
705,35.25,-39.55577850341797,24.83139419555664,-0.007121292234723233,0.0,-0.0032341849176140826,0.00713709875668609,26,-37.50828204605039,24.834660744272384,1.5806521962857746e-05,4.0,4.0,0.0,0.0,1.0,0,0,1,0.0,0.0,0.0
706,35.300000000000004,-39.55577850341797,24.83139419555664,-0.007121292234723233,0.0,-0.0032341849176140826,0.00713709875668609,26,-37.50828204605039,24.834660744272384,1.5806521962857746e-05,4.0,4.0,0.0,0.0,1.0,0,0,1,0.0,0.0,0.0
707,35.35,-39.55577850341797,24.83139419555664,-0.007121292234723233,0.0,-0.0032341849176140826,0.00713709875668609,26,-37.50828204605039,24.834660744272384,1.5806521962857746e-05,4.0,4.0,0.0,0.0,1.0,0,0,1,0.0,0.0,0.0
708,35.4,-39.55577850341797,24.83139419555664,-0.007121292234723233,0.0,-0.0032341849176140826,0.00713709875668609,26,-37.50828204605039,24.834660744272384,1.5806521962857746e-05,4.0,4.0,0.0,0.0,1.0,0,0,1,0.0,0.0,0.0
709,35.45,-39.55577850341797,24.83139419555664,-0.007121292234723233,0.0,-0.0032341849176140826,0.00713709875668609,26,-37.50828204605039,24.834660744272384,1.5806521962857746e-05,4.0,4.0,0.0,0.0,1.0,0,0,1,0.0,0.0,0.0
710,35.5,-39.55577850341797,24.83139419555664,-0.007121292234723233,0.0,-0.0032341849176140826,0.00713709875668609,26,-37.50828204605039,24.834660744272384,1.5806521962857746e-05,4.0,4.0,0.0,0.0,1.0,0,0,1,0.0,0.0,0.0
711,35.550000000000004,-39.55577850341797,24.83139419555664,-0.007121292234723233,0.0,-0.0032341849176140826,0.00713709875668609,26,-37.50828204605039,24.834660744272384,1.5806521962857746e-05,4.0,4.0,0.0,0.0,1.0,0,0,1,0.0,0.0,0.0
712,35.6,-39.55577850341797,24.83139419555664,-0.007121292234723233,0.0,-0.0032341849176140826,0.00713709875668609,26,-37.50828204605039,24.834660744272384,1.5806521962857746e-05,4.0,4.0,0.0,0.0,1.0,0,0,1,0.0,0.0,0.0
713,35.65,-39.55577850341797,24.83139419555664,-0.007121292234723233,0.0,-0.0032341849176140826,0.00713709875668609,26,-37.50828204605039,24.834660744272384,1.5806521962857746e-05,4.0,4.0,0.0,0.0,1.0,0,0,1,0.0,0.0,0.0
714,35.7,-39.55577850341797,24.83139419555664,-0.007121292234723233,0.0,-0.0032341849176140826,0.00713709875668609,26,-37.50828204605039,24.834660744272384,1.5806521962857746e-05,4.0,4.0,0.0,0.0,1.0,0,0,1,0.0,0.0,0.0
715,35.75,-39.55577850341797,24.83139419555664,-0.007121292234723233,0.0,-0.0032341849176140826,0.00713709875668609,26,-37.50828204605039,24.834660744272384,1.5806521962857746e-05,4.0,4.0,0.0,0.0,1.0,0,0,1,0.0,0.0,0.0
716,35.800000000000004,-39.55577850341797,24.83139419555664,-0.007121292234723233,0.0,-0.0032341849176140826,0.00713709875668609,26,-37.50828204605039,24.834660744272384,1.5806521962857746e-05,4.0,4.0,0.0,0.0,1.0,0,0,1,0.0,0.0,0.0
717,35.85,-39.55577850341797,24.83139419555664,-0.007121292234723233,0.0,-0.0032341849176140826,0.00713709875668609,26,-37.50828204605039,24.834660744272384,1.5806521962857746e-05,4.0,4.0,0.0,0.0,1.0,0,0,1,0.0,0.0,0.0
718,35.9,-39.55577850341797,24.83139419555664,-0.007121292234723233,0.0,-0.0032341849176140826,0.00713709875668609,26,-37.50828204605039,24.834660744272384,1.5806521962857746e-05,4.0,4.0,0.0,0.0,1.0,0,0,1,0.0,0.0,0.0
719,35.95,-39.55577850341797,24.83139419555664,-0.007121292234723233,0.0,-0.0032341849176140826,0.00713709875668609,26,-37.50828204605039,24.834660744272384,1.5806521962857746e-05,4.0,4.0,0.0,0.0,1.0,0,0,1,0.0,0.0,0.0
720,36.0,-39.55577850341797,24.83139419555664,-0.007121292234723233,0.0,-0.0032341849176140826,0.00713709875668609,26,-37.50828204605039,24.834660744272384,1.5806521962857746e-05,4.0,4.0,0.0,0.0,1.0,0,0,1,0.0,0.0,0.0
721,36.050000000000004,-39.55577850341797,24.83139419555664,-0.007121292234723233,0.0,-0.0032341849176140826,0.00713709875668609,26,-37.50828204605039,24.834660744272384,1.5806521962857746e-05,4.0,4.0,0.0,0.0,1.0,0,0,1,0.0,0.0,0.0
722,36.1,-39.55577850341797,24.83139419555664,-0.007121292234723233,0.0,-0.0032341849176140826,0.00713709875668609,26,-37.50828204605039,24.834660744272384,1.5806521962857746e-05,4.0,4.0,0.0,0.0,1.0,0,0,1,0.0,0.0,0.0
723,36.15,-39.55577850341797,24.83139419555664,-0.007121292234723233,0.0,-0.0032341849176140826,0.00713709875668609,26,-37.50828204605039,24.834660744272384,1.5806521962857746e-05,4.0,4.0,0.0,0.0,1.0,0,0,1,0.0,0.0,0.0
724,36.2,-39.55577850341797,24.83139419555664,-0.007121292234723233,0.0,-0.0032341849176140826,0.00713709875668609,26,-37.50828204605039,24.834660744272384,1.5806521962857746e-05,4.0,4.0,0.0,0.0,1.0,0,0,1,0.0,0.0,0.0
725,36.25,-39.55577850341797,24.83139419555664,-0.007121292234723233,0.0,-0.0032341849176140826,0.00713709875668609,26,-37.50828204605039,24.834660744272384,1.5806521962857746e-05,4.0,4.0,0.0,0.0,1.0,0,0,1,0.0,0.0,0.0
726,36.300000000000004,-39.55577850341797,24.83139419555664,-0.007121292234723233,0.0,-0.0032341849176140826,0.00713709875668609,26,-37.50828204605039,24.834660744272384,1.5806521962857746e-05,4.0,4.0,0.0,0.0,1.0,0,0,1,0.0,0.0,0.0
727,36.35,-39.55577850341797,24.83139419555664,-0.007121292234723233,0.0,-0.0032341849176140826,0.00713709875668609,26,-37.50828204605039,24.834660744272384,1.5806521962857746e-05,4.0,4.0,0.0,0.0,1.0,0,0,1,0.0,0.0,0.0
728,36.4,-39.55577850341797,24.83139419555664,-0.007121292234723233,0.0,-0.0032341849176140826,0.00713709875668609,26,-37.50828204605039,24.834660744272384,1.5806521962857746e-05,4.0,4.0,0.0,0.0,1.0,0,0,1,0.0,0.0,0.0
729,36.45,-39.55577850341797,24.83139419555664,-0.007121292234723233,0.0,-0.0032341849176140826,0.00713709875668609,26,-37.50828204605039,24.834660744272384,1.5806521962857746e-05,4.0,4.0,0.0,0.0,1.0,0,0,1,0.0,0.0,0.0
730,36.5,-39.55577850341797,24.83139419555664,-0.007121292234723233,0.0,-0.0032341849176140826,0.00713709875668609,26,-37.50828204605039,24.834660744272384,1.5806521962857746e-05,4.0,4.0,0.0,0.0,1.0,0,0,1,0.0,0.0,0.0
731,36.550000000000004,-39.55577850341797,24.83139419555664,-0.007121292234723233,0.0,-0.0032341849176140826,0.00713709875668609,26,-37.50828204605039,24.834660744272384,1.5806521962857746e-05,4.0,4.0,0.0,0.0,1.0,0,0,1,0.0,0.0,0.0
732,36.6,-39.55577850341797,24.83139419555664,-0.007121292234723233,0.0,-0.0032341849176140826,0.00713709875668609,26,-37.50828204605039,24.834660744272384,1.5806521962857746e-05,4.0,4.0,0.0,0.0,1.0,0,0,1,0.0,0.0,0.0
733,36.65,-39.55577850341797,24.83139419555664,-0.007121292234723233,0.0,-0.0032341849176140826,0.00713709875668609,26,-37.50828204605039,24.834660744272384,1.5806521962857746e-05,4.0,4.0,0.0,0.0,1.0,0,0,1,0.0,0.0,0.0
734,36.7,-39.55577850341797,24.83139419555664,-0.007121292234723233,0.0,-0.0032341849176140826,0.00713709875668609,26,-37.50828204605039,24.834660744272384,1.5806521962857746e-05,4.0,4.0,0.0,0.0,1.0,0,0,1,0.0,0.0,0.0
735,36.75,-39.55577850341797,24.83139419555664,-0.007121292234723233,0.0,-0.0032341849176140826,0.00713709875668609,26,-37.50828204605039,24.834660744272384,1.5806521962857746e-05,4.0,4.0,0.0,0.0,1.0,0,0,1,0.0,0.0,0.0
736,36.800000000000004,-39.55577850341797,24.83139419555664,-0.007121292234723233,0.0,-0.0032341849176140826,0.00713709875668609,26,-37.50828204605039,24.834660744272384,1.5806521962857746e-05,4.0,4.0,0.0,0.0,1.0,0,0,1,0.0,0.0,0.0
737,36.85,-39.55577850341797,24.83139419555664,-0.007121292234723233,0.0,-0.0032341849176140826,0.00713709875668609,26,-37.50828204605039,24.834660744272384,1.5806521962857746e-05,4.0,4.0,0.0,0.0,1.0,0,0,1,0.0,0.0,0.0
738,36.9,-39.55577850341797,24.83139419555664,-0.007121292234723233,0.0,-0.0032341849176140826,0.00713709875668609,26,-37.50828204605039,24.834660744272384,1.5806521962857746e-05,4.0,4.0,0.0,0.0,1.0,0,0,1,0.0,0.0,0.0
739,36.95,-39.55577850341797,24.83139419555664,-0.007121292234723233,0.0,-0.0032341849176140826,0.00713709875668609,26,-37.50828204605039,24.834660744272384,1.5806521962857746e-05,4.0,4.0,0.0,0.0,1.0,0,0,1,0.0,0.0,0.0
740,37.0,-39.55577850341797,24.83139419555664,-0.007121292234723233,0.0,-0.0032341849176140826,0.00713709875668609,26,-37.50828204605039,24.834660744272384,1.5806521962857746e-05,4.0,4.0,0.0,0.0,1.0,0,0,1,0.0,0.0,0.0
741,37.050000000000004,-39.55577850341797,24.83139419555664,-0.007121292234723233,0.0,-0.0032341849176140826,0.00713709875668609,26,-37.50828204605039,24.834660744272384,1.5806521962857746e-05,4.0,4.0,0.0,0.0,1.0,0,0,1,0.0,0.0,0.0
742,37.1,-39.55577850341797,24.83139419555664,-0.007121292234723233,0.0,-0.0032341849176140826,0.00713709875668609,26,-37.50828204605039,24.834660744272384,1.5806521962857746e-05,4.0,4.0,0.0,0.0,1.0,0,0,1,0.0,0.0,0.0
743,37.15,-39.55577850341797,24.83139419555664,-0.007121292234723233,0.0,-0.0032341849176140826,0.00713709875668609,26,-37.50828204605039,24.834660744272384,1.5806521962857746e-05,4.0,4.0,0.0,0.0,1.0,0,0,1,0.0,0.0,0.0
744,37.2,-39.55577850341797,24.83139419555664,-0.007121292234723233,0.0,-0.0032341849176140826,0.00713709875668609,26,-37.50828204605039,24.834660744272384,1.5806521962857746e-05,4.0,4.0,0.0,0.0,1.0,0,0,1,0.0,0.0,0.0
745,37.25,-39.55577850341797,24.83139419555664,-0.007121292234723233,0.0,-0.0032341849176140826,0.00713709875668609,26,-37.50828204605039,24.834660744272384,1.5806521962857746e-05,4.0,4.0,0.0,0.0,1.0,0,0,1,0.0,0.0,0.0
746,37.300000000000004,-39.55577850341797,24.83139419555664,-0.007121292234723233,0.0,-0.0032341849176140826,0.00713709875668609,26,-37.50828204605039,24.834660744272384,1.5806521962857746e-05,4.0,4.0,0.0,0.0,1.0,0,0,1,0.0,0.0,0.0
747,37.35,-39.55577850341797,24.83139419555664,-0.007121292234723233,0.0,-0.0032341849176140826,0.00713709875668609,26,-37.50828204605039,24.834660744272384,1.5806521962857746e-05,4.0,4.0,0.0,0.0,1.0,0,0,1,0.0,0.0,0.0
748,37.4,-39.55577850341797,24.83139419555664,-0.007121292234723233,0.0,-0.0032341849176140826,0.00713709875668609,26,-37.50828204605039,24.834660744272384,1.5806521962857746e-05,4.0,4.0,0.0,0.0,1.0,0,0,1,0.0,0.0,0.0
749,37.45,-39.55577850341797,24.83139419555664,-0.007121292234723233,0.0,-0.0032341849176140826,0.00713709875668609,26,-37.50828204605039,24.834660744272384,1.5806521962857746e-05,4.0,4.0,0.0,0.0,1.0,0,0,1,0.0,0.0,0.0
750,37.5,-39.55577850341797,24.83139419555664,-0.007121292234723233,0.0,-0.0032341849176140826,0.00713709875668609,26,-37.50828204605039,24.834660744272384,1.5806521962857746e-05,4.0,4.0,0.0,0.0,1.0,0,0,1,0.0,0.0,0.0
751,37.550000000000004,-39.55577850341797,24.83139419555664,-0.007121292234723233,0.0,-0.0032341849176140826,0.00713709875668609,26,-37.50828204605039,24.834660744272384,1.5806521962857746e-05,4.0,4.0,0.0,0.0,1.0,0,0,1,0.0,0.0,0.0
752,37.6,-39.55577850341797,24.83139419555664,-0.007121292234723233,0.0,-0.0032341849176140826,0.00713709875668609,26,-37.50828204605039,24.834660744272384,1.5806521962857746e-05,4.0,4.0,0.0,0.0,1.0,0,0,1,0.0,0.0,0.0
753,37.65,-39.55577850341797,24.83139419555664,-0.007121292234723233,0.0,-0.0032341849176140826,0.00713709875668609,26,-37.50828204605039,24.834660744272384,1.5806521962857746e-05,4.0,4.0,0.0,0.0,1.0,0,0,1,0.0,0.0,0.0
754,37.7,-39.55577850341797,24.83139419555664,-0.007121292234723233,0.0,-0.0032341849176140826,0.00713709875668609,26,-37.50828204605039,24.834660744272384,1.5806521962857746e-05,4.0,4.0,0.0,0.0,1.0,0,0,1,0.0,0.0,0.0
755,37.75,-39.55577850341797,24.83139419555664,-0.007121292234723233,0.0,-0.0032341849176140826,0.00713709875668609,26,-37.50828204605039,24.834660744272384,1.5806521962857746e-05,4.0,4.0,0.0,0.0,1.0,0,0,1,0.0,0.0,0.0
756,37.800000000000004,-39.55577850341797,24.83139419555664,-0.007121292234723233,0.0,-0.0032341849176140826,0.00713709875668609,26,-37.50828204605039,24.834660744272384,1.5806521962857746e-05,4.0,4.0,0.0,0.0,1.0,0,0,1,0.0,0.0,0.0
757,37.85,-39.55577850341797,24.83139419555664,-0.007121292234723233,0.0,-0.0032341849176140826,0.00713709875668609,26,-37.50828204605039,24.834660744272384,1.5806521962857746e-05,4.0,4.0,0.0,0.0,1.0,0,0,1,0.0,0.0,0.0
758,37.9,-39.55577850341797,24.83139419555664,-0.007121292234723233,0.0,-0.0032341849176140826,0.00713709875668609,26,-37.50828204605039,24.834660744272384,1.5806521962857746e-05,4.0,4.0,0.0,0.0,1.0,0,0,1,0.0,0.0,0.0
759,37.95,-39.55577850341797,24.83139419555664,-0.007121292234723233,0.0,-0.0032341849176140826,0.00713709875668609,26,-37.50828204605039,24.834660744272384,1.5806521962857746e-05,4.0,4.0,0.0,0.0,1.0,0,0,1,0.0,0.0,0.0
760,38.0,-39.55577850341797,24.83139419555664,-0.007121292234723233,0.0,-0.0032341849176140826,0.00713709875668609,26,-37.50828204605039,24.834660744272384,1.5806521962857746e-05,4.0,4.0,0.0,0.0,1.0,0,0,1,0.0,0.0,0.0
761,38.050000000000004,-39.55577850341797,24.83139419555664,-0.007121292234723233,0.0,-0.0032341849176140826,0.00713709875668609,26,-37.50828204605039,24.834660744272384,1.5806521962857746e-05,4.0,4.0,0.0,0.0,1.0,0,0,1,0.0,0.0,0.0
762,38.1,-39.55577850341797,24.83139419555664,-0.007121292234723233,0.0,-0.0032341849176140826,0.00713709875668609,26,-37.50828204605039,24.834660744272384,1.5806521962857746e-05,4.0,4.0,0.0,0.0,1.0,0,0,1,0.0,0.0,0.0
763,38.15,-39.55577850341797,24.83139419555664,-0.007121292234723233,0.0,-0.0032341849176140826,0.00713709875668609,26,-37.50828204605039,24.834660744272384,1.5806521962857746e-05,4.0,4.0,0.0,0.0,1.0,0,0,1,0.0,0.0,0.0
764,38.2,-39.55577850341797,24.83139419555664,-0.007121292234723233,0.0,-0.0032341849176140826,0.00713709875668609,26,-37.50828204605039,24.834660744272384,1.5806521962857746e-05,4.0,4.0,0.0,0.0,1.0,0,0,1,0.0,0.0,0.0
765,38.25,-39.55577850341797,24.83139419555664,-0.007121292234723233,0.0,-0.0032341849176140826,0.00713709875668609,26,-37.50828204605039,24.834660744272384,1.5806521962857746e-05,4.0,4.0,0.0,0.0,1.0,0,0,1,0.0,0.0,0.0
766,38.300000000000004,-39.55577850341797,24.83139419555664,-0.007121292234723233,0.0,-0.0032341849176140826,0.00713709875668609,26,-37.50828204605039,24.834660744272384,1.5806521962857746e-05,4.0,4.0,0.0,0.0,1.0,0,0,1,0.0,0.0,0.0
767,38.35,-39.55577850341797,24.83139419555664,-0.007121292234723233,0.0,-0.0032341849176140826,0.00713709875668609,26,-37.50828204605039,24.834660744272384,1.5806521962857746e-05,4.0,4.0,0.0,0.0,1.0,0,0,1,0.0,0.0,0.0
768,38.400000000000006,-39.55577850341797,24.83139419555664,-0.007121292234723233,0.0,-0.0032341849176140826,0.00713709875668609,26,-37.50828204605039,24.834660744272384,1.5806521962857746e-05,4.0,4.0,0.0,0.0,1.0,0,0,1,0.0,0.0,0.0
769,38.45,-39.55577850341797,24.83139419555664,-0.007121292234723233,0.0,-0.0032341849176140826,0.00713709875668609,26,-37.50828204605039,24.834660744272384,1.5806521962857746e-05,4.0,4.0,0.0,0.0,1.0,0,0,1,0.0,0.0,0.0
770,38.5,-39.55577850341797,24.83139419555664,-0.007121292234723233,0.0,-0.0032341849176140826,0.00713709875668609,26,-37.50828204605039,24.834660744272384,1.5806521962857746e-05,4.0,4.0,0.0,0.0,1.0,0,0,1,0.0,0.0,0.0
771,38.550000000000004,-39.55577850341797,24.83139419555664,-0.007121292234723233,0.0,-0.0032341849176140826,0.00713709875668609,26,-37.50828204605039,24.834660744272384,1.5806521962857746e-05,4.0,4.0,0.0,0.0,1.0,0,0,1,0.0,0.0,0.0
772,38.6,-39.55577850341797,24.83139419555664,-0.007121292234723233,0.0,-0.0032341849176140826,0.00713709875668609,26,-37.50828204605039,24.834660744272384,1.5806521962857746e-05,4.0,4.0,0.0,0.0,1.0,0,0,1,0.0,0.0,0.0
773,38.650000000000006,-39.55577850341797,24.83139419555664,-0.007121292234723233,0.0,-0.0032341849176140826,0.00713709875668609,26,-37.50828204605039,24.834660744272384,1.5806521962857746e-05,4.0,4.0,0.0,0.0,1.0,0,0,1,0.0,0.0,0.0
774,38.7,-39.55577850341797,24.83139419555664,-0.007121292234723233,0.0,-0.0032341849176140826,0.00713709875668609,26,-37.50828204605039,24.834660744272384,1.5806521962857746e-05,4.0,4.0,0.0,0.0,1.0,0,0,1,0.0,0.0,0.0
775,38.75,-39.55577850341797,24.83139419555664,-0.007121292234723233,0.0,-0.0032341849176140826,0.00713709875668609,26,-37.50828204605039,24.834660744272384,1.5806521962857746e-05,4.0,4.0,0.0,0.0,1.0,0,0,1,0.0,0.0,0.0
776,38.800000000000004,-39.55577850341797,24.83139419555664,-0.007121292234723233,0.0,-0.0032341849176140826,0.00713709875668609,26,-37.50828204605039,24.834660744272384,1.5806521962857746e-05,4.0,4.0,0.0,0.0,1.0,0,0,1,0.0,0.0,0.0
777,38.85,-39.55577850341797,24.83139419555664,-0.007121292234723233,0.0,-0.0032341849176140826,0.00713709875668609,26,-37.50828204605039,24.834660744272384,1.5806521962857746e-05,4.0,4.0,0.0,0.0,1.0,0,0,1,0.0,0.0,0.0
778,38.900000000000006,-39.55577850341797,24.83139419555664,-0.007121292234723233,0.0,-0.0032341849176140826,0.00713709875668609,26,-37.50828204605039,24.834660744272384,1.5806521962857746e-05,4.0,4.0,0.0,0.0,1.0,0,0,1,0.0,0.0,0.0
779,38.95,-39.55577850341797,24.83139419555664,-0.007121292234723233,0.0,-0.0032341849176140826,0.00713709875668609,26,-37.50828204605039,24.834660744272384,1.5806521962857746e-05,4.0,4.0,0.0,0.0,1.0,0,0,1,0.0,0.0,0.0
780,39.0,-39.55577850341797,24.83139419555664,-0.007121292234723233,0.0,-0.0032341849176140826,0.00713709875668609,26,-37.50828204605039,24.834660744272384,1.5806521962857746e-05,4.0,4.0,0.0,0.0,1.0,0,0,1,0.0,0.0,0.0
781,39.050000000000004,-39.55577850341797,24.83139419555664,-0.007121292234723233,0.0,-0.0032341849176140826,0.00713709875668609,26,-37.50828204605039,24.834660744272384,1.5806521962857746e-05,4.0,4.0,0.0,0.0,1.0,0,0,1,0.0,0.0,0.0
782,39.1,-39.55577850341797,24.83139419555664,-0.007121292234723233,0.0,-0.0032341849176140826,0.00713709875668609,26,-37.50828204605039,24.834660744272384,1.5806521962857746e-05,4.0,4.0,0.0,0.0,1.0,0,0,1,0.0,0.0,0.0
783,39.150000000000006,-39.55577850341797,24.83139419555664,-0.007121292234723233,0.0,-0.0032341849176140826,0.00713709875668609,26,-37.50828204605039,24.834660744272384,1.5806521962857746e-05,4.0,4.0,0.0,0.0,1.0,0,0,1,0.0,0.0,0.0
784,39.2,-39.55577850341797,24.83139419555664,-0.007121292234723233,0.0,-0.0032341849176140826,0.00713709875668609,26,-37.50828204605039,24.834660744272384,1.5806521962857746e-05,4.0,4.0,0.0,0.0,1.0,0,0,1,0.0,0.0,0.0
785,39.25,-39.55577850341797,24.83139419555664,-0.007121292234723233,0.0,-0.0032341849176140826,0.00713709875668609,26,-37.50828204605039,24.834660744272384,1.5806521962857746e-05,4.0,4.0,0.0,0.0,1.0,0,0,1,0.0,0.0,0.0
786,39.300000000000004,-39.55577850341797,24.83139419555664,-0.007121292234723233,0.0,-0.0032341849176140826,0.00713709875668609,26,-37.50828204605039,24.834660744272384,1.5806521962857746e-05,4.0,4.0,0.0,0.0,1.0,0,0,1,0.0,0.0,0.0
787,39.35,-39.55577850341797,24.83139419555664,-0.007121292234723233,0.0,-0.0032341849176140826,0.00713709875668609,26,-37.50828204605039,24.834660744272384,1.5806521962857746e-05,4.0,4.0,0.0,0.0,1.0,0,0,1,0.0,0.0,0.0
788,39.400000000000006,-39.55577850341797,24.83139419555664,-0.007121292234723233,0.0,-0.0032341849176140826,0.00713709875668609,26,-37.50828204605039,24.834660744272384,1.5806521962857746e-05,4.0,4.0,0.0,0.0,1.0,0,0,1,0.0,0.0,0.0
789,39.45,-39.55577850341797,24.83139419555664,-0.007121292234723233,0.0,-0.0032341849176140826,0.00713709875668609,26,-37.50828204605039,24.834660744272384,1.5806521962857746e-05,4.0,4.0,0.0,0.0,1.0,0,0,1,0.0,0.0,0.0
790,39.5,-39.55577850341797,24.83139419555664,-0.007121292234723233,0.0,-0.0032341849176140826,0.00713709875668609,26,-37.50828204605039,24.834660744272384,1.5806521962857746e-05,4.0,4.0,0.0,0.0,1.0,0,0,1,0.0,0.0,0.0
791,39.550000000000004,-39.55577850341797,24.83139419555664,-0.007121292234723233,0.0,-0.0032341849176140826,0.00713709875668609,26,-37.50828204605039,24.834660744272384,1.5806521962857746e-05,4.0,4.0,0.0,0.0,1.0,0,0,1,0.0,0.0,0.0
792,39.6,-39.55577850341797,24.83139419555664,-0.007121292234723233,0.0,-0.0032341849176140826,0.00713709875668609,26,-37.50828204605039,24.834660744272384,1.5806521962857746e-05,4.0,4.0,0.0,0.0,1.0,0,0,1,0.0,0.0,0.0
793,39.650000000000006,-39.55577850341797,24.83139419555664,-0.007121292234723233,0.0,-0.0032341849176140826,0.00713709875668609,26,-37.50828204605039,24.834660744272384,1.5806521962857746e-05,4.0,4.0,0.0,0.0,1.0,0,0,1,0.0,0.0,0.0
794,39.7,-39.55577850341797,24.83139419555664,-0.007121292234723233,0.0,-0.0032341849176140826,0.00713709875668609,26,-37.50828204605039,24.834660744272384,1.5806521962857746e-05,4.0,4.0,0.0,0.0,1.0,0,0,1,0.0,0.0,0.0
795,39.75,-39.55577850341797,24.83139419555664,-0.007121292234723233,0.0,-0.0032341849176140826,0.00713709875668609,26,-37.50828204605039,24.834660744272384,1.5806521962857746e-05,4.0,4.0,0.0,0.0,1.0,0,0,1,0.0,0.0,0.0
796,39.800000000000004,-39.55577850341797,24.83139419555664,-0.007121292234723233,0.0,-0.0032341849176140826,0.00713709875668609,26,-37.50828204605039,24.834660744272384,1.5806521962857746e-05,4.0,4.0,0.0,0.0,1.0,0,0,1,0.0,0.0,0.0
797,39.85,-39.55577850341797,24.83139419555664,-0.007121292234723233,0.0,-0.0032341849176140826,0.00713709875668609,26,-37.50828204605039,24.834660744272384,1.5806521962857746e-05,4.0,4.0,0.0,0.0,1.0,0,0,1,0.0,0.0,0.0
798,39.900000000000006,-39.55577850341797,24.83139419555664,-0.007121292234723233,0.0,-0.0032341849176140826,0.00713709875668609,26,-37.50828204605039,24.834660744272384,1.5806521962857746e-05,4.0,4.0,0.0,0.0,1.0,0,0,1,0.0,0.0,0.0
799,39.95,-39.55577850341797,24.83139419555664,-0.007121292234723233,0.0,-0.0032341849176140826,0.00713709875668609,26,-37.50828204605039,24.834660744272384,1.5806521962857746e-05,4.0,4.0,0.0,0.0,1.0,0,0,1,0.0,0.0,0.0
800,40.0,-39.55577850341797,24.83139419555664,-0.007121292234723233,0.0,-0.0032341849176140826,0.00713709875668609,26,-37.50828204605039,24.834660744272384,1.5806521962857746e-05,4.0,4.0,0.0,0.0,1.0,0,0,1,0.0,0.0,0.0
801,40.050000000000004,-39.55577850341797,24.83139419555664,-0.007121292234723233,0.0,-0.0032341849176140826,0.00713709875668609,26,-37.50828204605039,24.834660744272384,1.5806521962857746e-05,4.0,4.0,0.0,0.0,1.0,0,0,1,0.0,0.0,0.0
802,40.1,-39.55577850341797,24.83139419555664,-0.007121292234723233,0.0,-0.0032341849176140826,0.00713709875668609,26,-37.50828204605039,24.834660744272384,1.5806521962857746e-05,4.0,4.0,0.0,0.0,1.0,0,0,1,0.0,0.0,0.0
803,40.150000000000006,-39.55577850341797,24.83139419555664,-0.007121292234723233,0.0,-0.0032341849176140826,0.00713709875668609,26,-37.50828204605039,24.834660744272384,1.5806521962857746e-05,4.0,4.0,0.0,0.0,1.0,0,0,1,0.0,0.0,0.0
804,40.2,-39.55577850341797,24.83139419555664,-0.007121292234723233,0.0,-0.0032341849176140826,0.00713709875668609,26,-37.50828204605039,24.834660744272384,1.5806521962857746e-05,4.0,4.0,0.0,0.0,1.0,0,0,1,0.0,0.0,0.0
805,40.25,-39.55577850341797,24.83139419555664,-0.007121292234723233,0.0,-0.0032341849176140826,0.00713709875668609,26,-37.50828204605039,24.834660744272384,1.5806521962857746e-05,4.0,4.0,0.0,0.0,1.0,0,0,1,0.0,0.0,0.0
806,40.300000000000004,-39.55577850341797,24.83139419555664,-0.007121292234723233,0.0,-0.0032341849176140826,0.00713709875668609,26,-37.50828204605039,24.834660744272384,1.5806521962857746e-05,4.0,4.0,0.0,0.0,1.0,0,0,1,0.0,0.0,0.0
807,40.35,-39.55577850341797,24.83139419555664,-0.007121292234723233,0.0,-0.0032341849176140826,0.00713709875668609,26,-37.50828204605039,24.834660744272384,1.5806521962857746e-05,4.0,4.0,0.0,0.0,1.0,0,0,1,0.0,0.0,0.0
808,40.400000000000006,-39.55577850341797,24.83139419555664,-0.007121292234723233,0.0,-0.0032341849176140826,0.00713709875668609,26,-37.50828204605039,24.834660744272384,1.5806521962857746e-05,4.0,4.0,0.0,0.0,1.0,0,0,1,0.0,0.0,0.0
809,40.45,-39.55577850341797,24.83139419555664,-0.007121292234723233,0.0,-0.0032341849176140826,0.00713709875668609,26,-37.50828204605039,24.834660744272384,1.5806521962857746e-05,4.0,4.0,0.0,0.0,1.0,0,0,1,0.0,0.0,0.0
810,40.5,-39.55577850341797,24.83139419555664,-0.007121292234723233,0.0,-0.0032341849176140826,0.00713709875668609,26,-37.50828204605039,24.834660744272384,1.5806521962857746e-05,4.0,4.0,0.0,0.0,1.0,0,0,1,0.0,0.0,0.0
811,40.550000000000004,-39.55577850341797,24.83139419555664,-0.007121292234723233,0.0,-0.0032341849176140826,0.00713709875668609,26,-37.50828204605039,24.834660744272384,1.5806521962857746e-05,4.0,4.0,0.0,0.0,1.0,0,0,1,0.0,0.0,0.0
812,40.6,-39.55577850341797,24.83139419555664,-0.007121292234723233,0.0,-0.0032341849176140826,0.00713709875668609,26,-37.50828204605039,24.834660744272384,1.5806521962857746e-05,4.0,4.0,0.0,0.0,1.0,0,0,1,0.0,0.0,0.0
813,40.650000000000006,-39.55577850341797,24.83139419555664,-0.007121292234723233,0.0,-0.0032341849176140826,0.00713709875668609,26,-37.50828204605039,24.834660744272384,1.5806521962857746e-05,4.0,4.0,0.0,0.0,1.0,0,0,1,0.0,0.0,0.0
814,40.7,-39.55577850341797,24.83139419555664,-0.007121292234723233,0.0,-0.0032341849176140826,0.00713709875668609,26,-37.50828204605039,24.834660744272384,1.5806521962857746e-05,4.0,4.0,0.0,0.0,1.0,0,0,1,0.0,0.0,0.0
815,40.75,-39.55577850341797,24.83139419555664,-0.007121292234723233,0.0,-0.0032341849176140826,0.00713709875668609,26,-37.50828204605039,24.834660744272384,1.5806521962857746e-05,4.0,4.0,0.0,0.0,1.0,0,0,1,0.0,0.0,0.0
816,40.800000000000004,-39.55577850341797,24.83139419555664,-0.007121292234723233,0.0,-0.0032341849176140826,0.00713709875668609,26,-37.50828204605039,24.834660744272384,1.5806521962857746e-05,4.0,4.0,0.0,0.0,1.0,0,0,1,0.0,0.0,0.0
817,40.85,-39.55577850341797,24.83139419555664,-0.007121292234723233,0.0,-0.0032341849176140826,0.00713709875668609,26,-37.50828204605039,24.834660744272384,1.5806521962857746e-05,4.0,4.0,0.0,0.0,1.0,0,0,1,0.0,0.0,0.0
818,40.900000000000006,-39.55577850341797,24.83139419555664,-0.007121292234723233,0.0,-0.0032341849176140826,0.00713709875668609,26,-37.50828204605039,24.834660744272384,1.5806521962857746e-05,4.0,4.0,0.0,0.0,1.0,0,0,1,0.0,0.0,0.0
819,40.95,-39.55577850341797,24.83139419555664,-0.007121292234723233,0.0,-0.0032341849176140826,0.00713709875668609,26,-37.50828204605039,24.834660744272384,1.5806521962857746e-05,4.0,4.0,0.0,0.0,1.0,0,0,1,0.0,0.0,0.0
820,41.0,-39.55577850341797,24.83139419555664,-0.007121292234723233,0.0,-0.0032341849176140826,0.00713709875668609,26,-37.50828204605039,24.834660744272384,1.5806521962857746e-05,4.0,4.0,0.0,0.0,1.0,0,0,1,0.0,0.0,0.0
821,41.050000000000004,-39.55577850341797,24.83139419555664,-0.007121292234723233,0.0,-0.0032341849176140826,0.00713709875668609,26,-37.50828204605039,24.834660744272384,1.5806521962857746e-05,4.0,4.0,0.0,0.0,1.0,0,0,1,0.0,0.0,0.0
822,41.1,-39.55577850341797,24.83139419555664,-0.007121292234723233,0.0,-0.0032341849176140826,0.00713709875668609,26,-37.50828204605039,24.834660744272384,1.5806521962857746e-05,4.0,4.0,0.0,0.0,1.0,0,0,1,0.0,0.0,0.0
823,41.150000000000006,-39.55577850341797,24.83139419555664,-0.007121292234723233,0.0,-0.0032341849176140826,0.00713709875668609,26,-37.50828204605039,24.834660744272384,1.5806521962857746e-05,4.0,4.0,0.0,0.0,1.0,0,0,1,0.0,0.0,0.0
824,41.2,-39.55577850341797,24.83139419555664,-0.007121292234723233,0.0,-0.0032341849176140826,0.00713709875668609,26,-37.50828204605039,24.834660744272384,1.5806521962857746e-05,4.0,4.0,0.0,0.0,1.0,0,0,1,0.0,0.0,0.0
825,41.25,-39.55577850341797,24.83139419555664,-0.007121292234723233,0.0,-0.0032341849176140826,0.00713709875668609,26,-37.50828204605039,24.834660744272384,1.5806521962857746e-05,4.0,4.0,0.0,0.0,1.0,0,0,1,0.0,0.0,0.0
826,41.300000000000004,-39.55577850341797,24.83139419555664,-0.007121292234723233,0.0,-0.0032341849176140826,0.00713709875668609,26,-37.50828204605039,24.834660744272384,1.5806521962857746e-05,4.0,4.0,0.0,0.0,1.0,0,0,1,0.0,0.0,0.0
827,41.35,-39.55577850341797,24.83139419555664,-0.007121292234723233,0.0,-0.0032341849176140826,0.00713709875668609,26,-37.50828204605039,24.834660744272384,1.5806521962857746e-05,4.0,4.0,0.0,0.0,1.0,0,0,1,0.0,0.0,0.0
828,41.400000000000006,-39.55577850341797,24.83139419555664,-0.007121292234723233,0.0,-0.0032341849176140826,0.00713709875668609,26,-37.50828204605039,24.834660744272384,1.5806521962857746e-05,4.0,4.0,0.0,0.0,1.0,0,0,1,0.0,0.0,0.0
829,41.45,-39.55577850341797,24.83139419555664,-0.007121292234723233,0.0,-0.0032341849176140826,0.00713709875668609,26,-37.50828204605039,24.834660744272384,1.5806521962857746e-05,4.0,4.0,0.0,0.0,1.0,0,0,1,0.0,0.0,0.0
830,41.5,-39.55577850341797,24.83139419555664,-0.007121292234723233,0.0,-0.0032341849176140826,0.00713709875668609,26,-37.50828204605039,24.834660744272384,1.5806521962857746e-05,4.0,4.0,0.0,0.0,1.0,0,0,1,0.0,0.0,0.0
831,41.550000000000004,-39.55577850341797,24.83139419555664,-0.007121292234723233,0.0,-0.0032341849176140826,0.00713709875668609,26,-37.50828204605039,24.834660744272384,1.5806521962857746e-05,4.0,4.0,0.0,0.0,1.0,0,0,1,0.0,0.0,0.0
832,41.6,-39.55577850341797,24.83139419555664,-0.007121292234723233,0.0,-0.0032341849176140826,0.00713709875668609,26,-37.50828204605039,24.834660744272384,1.5806521962857746e-05,4.0,4.0,0.0,0.0,1.0,0,0,1,0.0,0.0,0.0
833,41.650000000000006,-39.55577850341797,24.83139419555664,-0.007121292234723233,0.0,-0.0032341849176140826,0.00713709875668609,26,-37.50828204605039,24.834660744272384,1.5806521962857746e-05,4.0,4.0,0.0,0.0,1.0,0,0,1,0.0,0.0,0.0
834,41.7,-39.55577850341797,24.83139419555664,-0.007121292234723233,0.0,-0.0032341849176140826,0.00713709875668609,26,-37.50828204605039,24.834660744272384,1.5806521962857746e-05,4.0,4.0,0.0,0.0,1.0,0,0,1,0.0,0.0,0.0
835,41.75,-39.55577850341797,24.83139419555664,-0.007121292234723233,0.0,-0.0032341849176140826,0.00713709875668609,26,-37.50828204605039,24.834660744272384,1.5806521962857746e-05,4.0,4.0,0.0,0.0,1.0,0,0,1,0.0,0.0,0.0
836,41.800000000000004,-39.55577850341797,24.83139419555664,-0.007121292234723233,0.0,-0.0032341849176140826,0.00713709875668609,26,-37.50828204605039,24.834660744272384,1.5806521962857746e-05,4.0,4.0,0.0,0.0,1.0,0,0,1,0.0,0.0,0.0
837,41.85,-39.55577850341797,24.83139419555664,-0.007121292234723233,0.0,-0.0032341849176140826,0.00713709875668609,26,-37.50828204605039,24.834660744272384,1.5806521962857746e-05,4.0,4.0,0.0,0.0,1.0,0,0,1,0.0,0.0,0.0
838,41.900000000000006,-39.55577850341797,24.83139419555664,-0.007121292234723233,0.0,-0.0032341849176140826,0.00713709875668609,26,-37.50828204605039,24.834660744272384,1.5806521962857746e-05,4.0,4.0,0.0,0.0,1.0,0,0,1,0.0,0.0,0.0
839,41.95,-39.55577850341797,24.83139419555664,-0.007121292234723233,0.0,-0.0032341849176140826,0.00713709875668609,26,-37.50828204605039,24.834660744272384,1.5806521962857746e-05,4.0,4.0,0.0,0.0,1.0,0,0,1,0.0,0.0,0.0
840,42.0,-39.55577850341797,24.83139419555664,-0.007121292234723233,0.0,-0.0032341849176140826,0.00713709875668609,26,-37.50828204605039,24.834660744272384,1.5806521962857746e-05,4.0,4.0,0.0,0.0,1.0,0,0,1,0.0,0.0,0.0
841,42.050000000000004,-39.55577850341797,24.83139419555664,-0.007121292234723233,0.0,-0.0032341849176140826,0.00713709875668609,26,-37.50828204605039,24.834660744272384,1.5806521962857746e-05,4.0,4.0,0.0,0.0,1.0,0,0,1,0.0,0.0,0.0
842,42.1,-39.55577850341797,24.83139419555664,-0.007121292234723233,0.0,-0.0032341849176140826,0.00713709875668609,26,-37.50828204605039,24.834660744272384,1.5806521962857746e-05,4.0,4.0,0.0,0.0,1.0,0,0,1,0.0,0.0,0.0
843,42.150000000000006,-39.55577850341797,24.83139419555664,-0.007121292234723233,0.0,-0.0032341849176140826,0.00713709875668609,26,-37.50828204605039,24.834660744272384,1.5806521962857746e-05,4.0,4.0,0.0,0.0,1.0,0,0,1,0.0,0.0,0.0
844,42.2,-39.55577850341797,24.83139419555664,-0.007121292234723233,0.0,-0.0032341849176140826,0.00713709875668609,26,-37.50828204605039,24.834660744272384,1.5806521962857746e-05,4.0,4.0,0.0,0.0,1.0,0,0,1,0.0,0.0,0.0
845,42.25,-39.55577850341797,24.83139419555664,-0.007121292234723233,0.0,-0.0032341849176140826,0.00713709875668609,26,-37.50828204605039,24.834660744272384,1.5806521962857746e-05,4.0,4.0,0.0,0.0,1.0,0,0,1,0.0,0.0,0.0
846,42.300000000000004,-39.55577850341797,24.83139419555664,-0.007121292234723233,0.0,-0.0032341849176140826,0.00713709875668609,26,-37.50828204605039,24.834660744272384,1.5806521962857746e-05,4.0,4.0,0.0,0.0,1.0,0,0,1,0.0,0.0,0.0
847,42.35,-39.55577850341797,24.83139419555664,-0.007121292234723233,0.0,-0.0032341849176140826,0.00713709875668609,26,-37.50828204605039,24.834660744272384,1.5806521962857746e-05,4.0,4.0,0.0,0.0,1.0,0,0,1,0.0,0.0,0.0
848,42.400000000000006,-39.55577850341797,24.83139419555664,-0.007121292234723233,0.0,-0.0032341849176140826,0.00713709875668609,26,-37.50828204605039,24.834660744272384,1.5806521962857746e-05,4.0,4.0,0.0,0.0,1.0,0,0,1,0.0,0.0,0.0
849,42.45,-39.55577850341797,24.83139419555664,-0.007121292234723233,0.0,-0.0032341849176140826,0.00713709875668609,26,-37.50828204605039,24.834660744272384,1.5806521962857746e-05,4.0,4.0,0.0,0.0,1.0,0,0,1,0.0,0.0,0.0
850,42.5,-39.55577850341797,24.83139419555664,-0.007121292234723233,0.0,-0.0032341849176140826,0.00713709875668609,26,-37.50828204605039,24.834660744272384,1.5806521962857746e-05,4.0,4.0,0.0,0.0,1.0,0,0,1,0.0,0.0,0.0
851,42.550000000000004,-39.55577850341797,24.83139419555664,-0.007121292234723233,0.0,-0.0032341849176140826,0.00713709875668609,26,-37.50828204605039,24.834660744272384,1.5806521962857746e-05,4.0,4.0,0.0,0.0,1.0,0,0,1,0.0,0.0,0.0
852,42.6,-39.55577850341797,24.83139419555664,-0.007121292234723233,0.0,-0.0032341849176140826,0.00713709875668609,26,-37.50828204605039,24.834660744272384,1.5806521962857746e-05,4.0,4.0,0.0,0.0,1.0,0,0,1,0.0,0.0,0.0
853,42.650000000000006,-39.55577850341797,24.83139419555664,-0.007121292234723233,0.0,-0.0032341849176140826,0.00713709875668609,26,-37.50828204605039,24.834660744272384,1.5806521962857746e-05,4.0,4.0,0.0,0.0,1.0,0,0,1,0.0,0.0,0.0
854,42.7,-39.55577850341797,24.83139419555664,-0.007121292234723233,0.0,-0.0032341849176140826,0.00713709875668609,26,-37.50828204605039,24.834660744272384,1.5806521962857746e-05,4.0,4.0,0.0,0.0,1.0,0,0,1,0.0,0.0,0.0
855,42.75,-39.55577850341797,24.83139419555664,-0.007121292234723233,0.0,-0.0032341849176140826,0.00713709875668609,26,-37.50828204605039,24.834660744272384,1.5806521962857746e-05,4.0,4.0,0.0,0.0,1.0,0,0,1,0.0,0.0,0.0
856,42.800000000000004,-39.55577850341797,24.83139419555664,-0.007121292234723233,0.0,-0.0032341849176140826,0.00713709875668609,26,-37.50828204605039,24.834660744272384,1.5806521962857746e-05,4.0,4.0,0.0,0.0,1.0,0,0,1,0.0,0.0,0.0
857,42.85,-39.55577850341797,24.83139419555664,-0.007121292234723233,0.0,-0.0032341849176140826,0.00713709875668609,26,-37.50828204605039,24.834660744272384,1.5806521962857746e-05,4.0,4.0,0.0,0.0,1.0,0,0,1,0.0,0.0,0.0
858,42.900000000000006,-39.55577850341797,24.83139419555664,-0.007121292234723233,0.0,-0.0032341849176140826,0.00713709875668609,26,-37.50828204605039,24.834660744272384,1.5806521962857746e-05,4.0,4.0,0.0,0.0,1.0,0,0,1,0.0,0.0,0.0
859,42.95,-39.55577850341797,24.83139419555664,-0.007121292234723233,0.0,-0.0032341849176140826,0.00713709875668609,26,-37.50828204605039,24.834660744272384,1.5806521962857746e-05,4.0,4.0,0.0,0.0,1.0,0,0,1,0.0,0.0,0.0
860,43.0,-39.55577850341797,24.83139419555664,-0.007121292234723233,0.0,-0.0032341849176140826,0.00713709875668609,26,-37.50828204605039,24.834660744272384,1.5806521962857746e-05,4.0,4.0,0.0,0.0,1.0,0,0,1,0.0,0.0,0.0
861,43.050000000000004,-39.55577850341797,24.83139419555664,-0.007121292234723233,0.0,-0.0032341849176140826,0.00713709875668609,26,-37.50828204605039,24.834660744272384,1.5806521962857746e-05,4.0,4.0,0.0,0.0,1.0,0,0,1,0.0,0.0,0.0
862,43.1,-39.55577850341797,24.83139419555664,-0.007121292234723233,0.0,-0.0032341849176140826,0.00713709875668609,26,-37.50828204605039,24.834660744272384,1.5806521962857746e-05,4.0,4.0,0.0,0.0,1.0,0,0,1,0.0,0.0,0.0
863,43.150000000000006,-39.55577850341797,24.83139419555664,-0.007121292234723233,0.0,-0.0032341849176140826,0.00713709875668609,26,-37.50828204605039,24.834660744272384,1.5806521962857746e-05,4.0,4.0,0.0,0.0,1.0,0,0,1,0.0,0.0,0.0
864,43.2,-39.55577850341797,24.83139419555664,-0.007121292234723233,0.0,-0.0032341849176140826,0.00713709875668609,26,-37.50828204605039,24.834660744272384,1.5806521962857746e-05,4.0,4.0,0.0,0.0,1.0,0,0,1,0.0,0.0,0.0
865,43.25,-39.55577850341797,24.83139419555664,-0.007121292234723233,0.0,-0.0032341849176140826,0.00713709875668609,26,-37.50828204605039,24.834660744272384,1.5806521962857746e-05,4.0,4.0,0.0,0.0,1.0,0,0,1,0.0,0.0,0.0
866,43.300000000000004,-39.55577850341797,24.83139419555664,-0.007121292234723233,0.0,-0.0032341849176140826,0.00713709875668609,26,-37.50828204605039,24.834660744272384,1.5806521962857746e-05,4.0,4.0,0.0,0.0,1.0,0,0,1,0.0,0.0,0.0
867,43.35,-39.55577850341797,24.83139419555664,-0.007121292234723233,0.0,-0.0032341849176140826,0.00713709875668609,26,-37.50828204605039,24.834660744272384,1.5806521962857746e-05,4.0,4.0,0.0,0.0,1.0,0,0,1,0.0,0.0,0.0
868,43.400000000000006,-39.55577850341797,24.83139419555664,-0.007121292234723233,0.0,-0.0032341849176140826,0.00713709875668609,26,-37.50828204605039,24.834660744272384,1.5806521962857746e-05,4.0,4.0,0.0,0.0,1.0,0,0,1,0.0,0.0,0.0
869,43.45,-39.55577850341797,24.83139419555664,-0.007121292234723233,0.0,-0.0032341849176140826,0.00713709875668609,26,-37.50828204605039,24.834660744272384,1.5806521962857746e-05,4.0,4.0,0.0,0.0,1.0,0,0,1,0.0,0.0,0.0
870,43.5,-39.55577850341797,24.83139419555664,-0.007121292234723233,0.0,-0.0032341849176140826,0.00713709875668609,26,-37.50828204605039,24.834660744272384,1.5806521962857746e-05,4.0,4.0,0.0,0.0,1.0,0,0,1,0.0,0.0,0.0
871,43.550000000000004,-39.55577850341797,24.83139419555664,-0.007121292234723233,0.0,-0.0032341849176140826,0.00713709875668609,26,-37.50828204605039,24.834660744272384,1.5806521962857746e-05,4.0,4.0,0.0,0.0,1.0,0,0,1,0.0,0.0,0.0
872,43.6,-39.55577850341797,24.83139419555664,-0.007121292234723233,0.0,-0.0032341849176140826,0.00713709875668609,26,-37.50828204605039,24.834660744272384,1.5806521962857746e-05,4.0,4.0,0.0,0.0,1.0,0,0,1,0.0,0.0,0.0
873,43.650000000000006,-39.55577850341797,24.83139419555664,-0.007121292234723233,0.0,-0.0032341849176140826,0.00713709875668609,26,-37.50828204605039,24.834660744272384,1.5806521962857746e-05,4.0,4.0,0.0,0.0,1.0,0,0,1,0.0,0.0,0.0
874,43.7,-39.55577850341797,24.83139419555664,-0.007121292234723233,0.0,-0.0032341849176140826,0.00713709875668609,26,-37.50828204605039,24.834660744272384,1.5806521962857746e-05,4.0,4.0,0.0,0.0,1.0,0,0,1,0.0,0.0,0.0
875,43.75,-39.55577850341797,24.83139419555664,-0.007121292234723233,0.0,-0.0032341849176140826,0.00713709875668609,26,-37.50828204605039,24.834660744272384,1.5806521962857746e-05,4.0,4.0,0.0,0.0,1.0,0,0,1,0.0,0.0,0.0
876,43.800000000000004,-39.55577850341797,24.83139419555664,-0.007121292234723233,0.0,-0.0032341849176140826,0.00713709875668609,26,-37.50828204605039,24.834660744272384,1.5806521962857746e-05,4.0,4.0,0.0,0.0,1.0,0,0,1,0.0,0.0,0.0
877,43.85,-39.55577850341797,24.83139419555664,-0.007121292234723233,0.0,-0.0032341849176140826,0.00713709875668609,26,-37.50828204605039,24.834660744272384,1.5806521962857746e-05,4.0,4.0,0.0,0.0,1.0,0,0,1,0.0,0.0,0.0
878,43.900000000000006,-39.55577850341797,24.83139419555664,-0.007121292234723233,0.0,-0.0032341849176140826,0.00713709875668609,26,-37.50828204605039,24.834660744272384,1.5806521962857746e-05,4.0,4.0,0.0,0.0,1.0,0,0,1,0.0,0.0,0.0
879,43.95,-39.55577850341797,24.83139419555664,-0.007121292234723233,0.0,-0.0032341849176140826,0.00713709875668609,26,-37.50828204605039,24.834660744272384,1.5806521962857746e-05,4.0,4.0,0.0,0.0,1.0,0,0,1,0.0,0.0,0.0
880,44.0,-39.55577850341797,24.83139419555664,-0.007121292234723233,0.0,-0.0032341849176140826,0.00713709875668609,26,-37.50828204605039,24.834660744272384,1.5806521962857746e-05,4.0,4.0,0.0,0.0,1.0,0,0,1,0.0,0.0,0.0
881,44.050000000000004,-39.55577850341797,24.83139419555664,-0.007121292234723233,0.0,-0.0032341849176140826,0.00713709875668609,26,-37.50828204605039,24.834660744272384,1.5806521962857746e-05,4.0,4.0,0.0,0.0,1.0,0,0,1,0.0,0.0,0.0
882,44.1,-39.55577850341797,24.83139419555664,-0.007121292234723233,0.0,-0.0032341849176140826,0.00713709875668609,26,-37.50828204605039,24.834660744272384,1.5806521962857746e-05,4.0,4.0,0.0,0.0,1.0,0,0,1,0.0,0.0,0.0
883,44.150000000000006,-39.55577850341797,24.83139419555664,-0.007121292234723233,0.0,-0.0032341849176140826,0.00713709875668609,26,-37.50828204605039,24.834660744272384,1.5806521962857746e-05,4.0,4.0,0.0,0.0,1.0,0,0,1,0.0,0.0,0.0
884,44.2,-39.55577850341797,24.83139419555664,-0.007121292234723233,0.0,-0.0032341849176140826,0.00713709875668609,26,-37.50828204605039,24.834660744272384,1.5806521962857746e-05,4.0,4.0,0.0,0.0,1.0,0,0,1,0.0,0.0,0.0
885,44.25,-39.55577850341797,24.83139419555664,-0.007121292234723233,0.0,-0.0032341849176140826,0.00713709875668609,26,-37.50828204605039,24.834660744272384,1.5806521962857746e-05,4.0,4.0,0.0,0.0,1.0,0,0,1,0.0,0.0,0.0
886,44.300000000000004,-39.55577850341797,24.83139419555664,-0.007121292234723233,0.0,-0.0032341849176140826,0.00713709875668609,26,-37.50828204605039,24.834660744272384,1.5806521962857746e-05,4.0,4.0,0.0,0.0,1.0,0,0,1,0.0,0.0,0.0
887,44.35,-39.55577850341797,24.83139419555664,-0.007121292234723233,0.0,-0.0032341849176140826,0.00713709875668609,26,-37.50828204605039,24.834660744272384,1.5806521962857746e-05,4.0,4.0,0.0,0.0,1.0,0,0,1,0.0,0.0,0.0
888,44.400000000000006,-39.55577850341797,24.83139419555664,-0.007121292234723233,0.0,-0.0032341849176140826,0.00713709875668609,26,-37.50828204605039,24.834660744272384,1.5806521962857746e-05,4.0,4.0,0.0,0.0,1.0,0,0,1,0.0,0.0,0.0
889,44.45,-39.55577850341797,24.83139419555664,-0.007121292234723233,0.0,-0.0032341849176140826,0.00713709875668609,26,-37.50828204605039,24.834660744272384,1.5806521962857746e-05,4.0,4.0,0.0,0.0,1.0,0,0,1,0.0,0.0,0.0
890,44.5,-39.55577850341797,24.83139419555664,-0.007121292234723233,0.0,-0.0032341849176140826,0.00713709875668609,26,-37.50828204605039,24.834660744272384,1.5806521962857746e-05,4.0,4.0,0.0,0.0,1.0,0,0,1,0.0,0.0,0.0
891,44.550000000000004,-39.55577850341797,24.83139419555664,-0.007121292234723233,0.0,-0.0032341849176140826,0.00713709875668609,26,-37.50828204605039,24.834660744272384,1.5806521962857746e-05,4.0,4.0,0.0,0.0,1.0,0,0,1,0.0,0.0,0.0
892,44.6,-39.55577850341797,24.83139419555664,-0.007121292234723233,0.0,-0.0032341849176140826,0.00713709875668609,26,-37.50828204605039,24.834660744272384,1.5806521962857746e-05,4.0,4.0,0.0,0.0,1.0,0,0,1,0.0,0.0,0.0
893,44.650000000000006,-39.55577850341797,24.83139419555664,-0.007121292234723233,0.0,-0.0032341849176140826,0.00713709875668609,26,-37.50828204605039,24.834660744272384,1.5806521962857746e-05,4.0,4.0,0.0,0.0,1.0,0,0,1,0.0,0.0,0.0
894,44.7,-39.55577850341797,24.83139419555664,-0.007121292234723233,0.0,-0.0032341849176140826,0.00713709875668609,26,-37.50828204605039,24.834660744272384,1.5806521962857746e-05,4.0,4.0,0.0,0.0,1.0,0,0,1,0.0,0.0,0.0
895,44.75,-39.55577850341797,24.83139419555664,-0.007121292234723233,0.0,-0.0032341849176140826,0.00713709875668609,26,-37.50828204605039,24.834660744272384,1.5806521962857746e-05,4.0,4.0,0.0,0.0,1.0,0,0,1,0.0,0.0,0.0
896,44.800000000000004,-39.55577850341797,24.83139419555664,-0.007121292234723233,0.0,-0.0032341849176140826,0.00713709875668609,26,-37.50828204605039,24.834660744272384,1.5806521962857746e-05,4.0,4.0,0.0,0.0,1.0,0,0,1,0.0,0.0,0.0
897,44.85,-39.55577850341797,24.83139419555664,-0.007121292234723233,0.0,-0.0032341849176140826,0.00713709875668609,26,-37.50828204605039,24.834660744272384,1.5806521962857746e-05,4.0,4.0,0.0,0.0,1.0,0,0,1,0.0,0.0,0.0
898,44.900000000000006,-39.55577850341797,24.83139419555664,-0.007121292234723233,0.0,-0.0032341849176140826,0.00713709875668609,26,-37.50828204605039,24.834660744272384,1.5806521962857746e-05,4.0,4.0,0.0,0.0,1.0,0,0,1,0.0,0.0,0.0
899,44.95,-39.55577850341797,24.83139419555664,-0.007121292234723233,0.0,-0.0032341849176140826,0.00713709875668609,26,-37.50828204605039,24.834660744272384,1.5806521962857746e-05,4.0,4.0,0.0,0.0,1.0,0,0,1,0.0,0.0,0.0
900,45.0,-39.55577850341797,24.83139419555664,-0.007121292234723233,0.0,-0.0032341849176140826,0.00713709875668609,26,-37.50828204605039,24.834660744272384,1.5806521962857746e-05,4.0,4.0,0.0,0.0,1.0,0,0,1,0.0,0.0,0.0
901,45.050000000000004,-39.55577850341797,24.83139419555664,-0.007121292234723233,0.0,-0.0032341849176140826,0.00713709875668609,26,-37.50828204605039,24.834660744272384,1.5806521962857746e-05,4.0,4.0,0.0,0.0,1.0,0,0,1,0.0,0.0,0.0
902,45.1,-39.55577850341797,24.83139419555664,-0.007121292234723233,0.0,-0.0032341849176140826,0.00713709875668609,26,-37.50828204605039,24.834660744272384,1.5806521962857746e-05,4.0,4.0,0.0,0.0,1.0,0,0,1,0.0,0.0,0.0
903,45.150000000000006,-39.55577850341797,24.83139419555664,-0.007121292234723233,0.0,-0.0032341849176140826,0.00713709875668609,26,-37.50828204605039,24.834660744272384,1.5806521962857746e-05,4.0,4.0,0.0,0.0,1.0,0,0,1,0.0,0.0,0.0
904,45.2,-39.55577850341797,24.83139419555664,-0.007121292234723233,0.0,-0.0032341849176140826,0.00713709875668609,26,-37.50828204605039,24.834660744272384,1.5806521962857746e-05,4.0,4.0,0.0,0.0,1.0,0,0,1,0.0,0.0,0.0
905,45.25,-39.55577850341797,24.83139419555664,-0.007121292234723233,0.0,-0.0032341849176140826,0.00713709875668609,26,-37.50828204605039,24.834660744272384,1.5806521962857746e-05,4.0,4.0,0.0,0.0,1.0,0,0,1,0.0,0.0,0.0
906,45.300000000000004,-39.55577850341797,24.83139419555664,-0.007121292234723233,0.0,-0.0032341849176140826,0.00713709875668609,26,-37.50828204605039,24.834660744272384,1.5806521962857746e-05,4.0,4.0,0.0,0.0,1.0,0,0,1,0.0,0.0,0.0
907,45.35,-39.55577850341797,24.83139419555664,-0.007121292234723233,0.0,-0.0032341849176140826,0.00713709875668609,26,-37.50828204605039,24.834660744272384,1.5806521962857746e-05,4.0,4.0,0.0,0.0,1.0,0,0,1,0.0,0.0,0.0
908,45.400000000000006,-39.55577850341797,24.83139419555664,-0.007121292234723233,0.0,-0.0032341849176140826,0.00713709875668609,26,-37.50828204605039,24.834660744272384,1.5806521962857746e-05,4.0,4.0,0.0,0.0,1.0,0,0,1,0.0,0.0,0.0
909,45.45,-39.55577850341797,24.83139419555664,-0.007121292234723233,0.0,-0.0032341849176140826,0.00713709875668609,26,-37.50828204605039,24.834660744272384,1.5806521962857746e-05,4.0,4.0,0.0,0.0,1.0,0,0,1,0.0,0.0,0.0
910,45.5,-39.55577850341797,24.83139419555664,-0.007121292234723233,0.0,-0.0032341849176140826,0.00713709875668609,26,-37.50828204605039,24.834660744272384,1.5806521962857746e-05,4.0,4.0,0.0,0.0,1.0,0,0,1,0.0,0.0,0.0
911,45.550000000000004,-39.55577850341797,24.83139419555664,-0.007121292234723233,0.0,-0.0032341849176140826,0.00713709875668609,26,-37.50828204605039,24.834660744272384,1.5806521962857746e-05,4.0,4.0,0.0,0.0,1.0,0,0,1,0.0,0.0,0.0
912,45.6,-39.55577850341797,24.83139419555664,-0.007121292234723233,0.0,-0.0032341849176140826,0.00713709875668609,26,-37.50828204605039,24.834660744272384,1.5806521962857746e-05,4.0,4.0,0.0,0.0,1.0,0,0,1,0.0,0.0,0.0
913,45.650000000000006,-39.55577850341797,24.83139419555664,-0.007121292234723233,0.0,-0.0032341849176140826,0.00713709875668609,26,-37.50828204605039,24.834660744272384,1.5806521962857746e-05,4.0,4.0,0.0,0.0,1.0,0,0,1,0.0,0.0,0.0
914,45.7,-39.55577850341797,24.83139419555664,-0.007121292234723233,0.0,-0.0032341849176140826,0.00713709875668609,26,-37.50828204605039,24.834660744272384,1.5806521962857746e-05,4.0,4.0,0.0,0.0,1.0,0,0,1,0.0,0.0,0.0
915,45.75,-39.55577850341797,24.83139419555664,-0.007121292234723233,0.0,-0.0032341849176140826,0.00713709875668609,26,-37.50828204605039,24.834660744272384,1.5806521962857746e-05,4.0,4.0,0.0,0.0,1.0,0,0,1,0.0,0.0,0.0
916,45.800000000000004,-39.55577850341797,24.83139419555664,-0.007121292234723233,0.0,-0.0032341849176140826,0.00713709875668609,26,-37.50828204605039,24.834660744272384,1.5806521962857746e-05,4.0,4.0,0.0,0.0,1.0,0,0,1,0.0,0.0,0.0
917,45.85,-39.55577850341797,24.83139419555664,-0.007121292234723233,0.0,-0.0032341849176140826,0.00713709875668609,26,-37.50828204605039,24.834660744272384,1.5806521962857746e-05,4.0,4.0,0.0,0.0,1.0,0,0,1,0.0,0.0,0.0
918,45.900000000000006,-39.55577850341797,24.83139419555664,-0.007121292234723233,0.0,-0.0032341849176140826,0.00713709875668609,26,-37.50828204605039,24.834660744272384,1.5806521962857746e-05,4.0,4.0,0.0,0.0,1.0,0,0,1,0.0,0.0,0.0
919,45.95,-39.55577850341797,24.83139419555664,-0.007121292234723233,0.0,-0.0032341849176140826,0.00713709875668609,26,-37.50828204605039,24.834660744272384,1.5806521962857746e-05,4.0,4.0,0.0,0.0,1.0,0,0,1,0.0,0.0,0.0
920,46.0,-39.55577850341797,24.83139419555664,-0.007121292234723233,0.0,-0.0032341849176140826,0.00713709875668609,26,-37.50828204605039,24.834660744272384,1.5806521962857746e-05,4.0,4.0,0.0,0.0,1.0,0,0,1,0.0,0.0,0.0
921,46.050000000000004,-39.55577850341797,24.83139419555664,-0.007121292234723233,0.0,-0.0032341849176140826,0.00713709875668609,26,-37.50828204605039,24.834660744272384,1.5806521962857746e-05,4.0,4.0,0.0,0.0,1.0,0,0,1,0.0,0.0,0.0
922,46.1,-39.55577850341797,24.83139419555664,-0.007121292234723233,0.0,-0.0032341849176140826,0.00713709875668609,26,-37.50828204605039,24.834660744272384,1.5806521962857746e-05,4.0,4.0,0.0,0.0,1.0,0,0,1,0.0,0.0,0.0
923,46.150000000000006,-39.55577850341797,24.83139419555664,-0.007121292234723233,0.0,-0.0032341849176140826,0.00713709875668609,26,-37.50828204605039,24.834660744272384,1.5806521962857746e-05,4.0,4.0,0.0,0.0,1.0,0,0,1,0.0,0.0,0.0
924,46.2,-39.55577850341797,24.83139419555664,-0.007121292234723233,0.0,-0.0032341849176140826,0.00713709875668609,26,-37.50828204605039,24.834660744272384,1.5806521962857746e-05,4.0,4.0,0.0,0.0,1.0,0,0,1,0.0,0.0,0.0
925,46.25,-39.55577850341797,24.83139419555664,-0.007121292234723233,0.0,-0.0032341849176140826,0.00713709875668609,26,-37.50828204605039,24.834660744272384,1.5806521962857746e-05,4.0,4.0,0.0,0.0,1.0,0,0,1,0.0,0.0,0.0
926,46.300000000000004,-39.55577850341797,24.83139419555664,-0.007121292234723233,0.0,-0.0032341849176140826,0.00713709875668609,26,-37.50828204605039,24.834660744272384,1.5806521962857746e-05,4.0,4.0,0.0,0.0,1.0,0,0,1,0.0,0.0,0.0
927,46.35,-39.55577850341797,24.83139419555664,-0.007121292234723233,0.0,-0.0032341849176140826,0.00713709875668609,26,-37.50828204605039,24.834660744272384,1.5806521962857746e-05,4.0,4.0,0.0,0.0,1.0,0,0,1,0.0,0.0,0.0
928,46.400000000000006,-39.55577850341797,24.83139419555664,-0.007121292234723233,0.0,-0.0032341849176140826,0.00713709875668609,26,-37.50828204605039,24.834660744272384,1.5806521962857746e-05,4.0,4.0,0.0,0.0,1.0,0,0,1,0.0,0.0,0.0
929,46.45,-39.55577850341797,24.83139419555664,-0.007121292234723233,0.0,-0.0032341849176140826,0.00713709875668609,26,-37.50828204605039,24.834660744272384,1.5806521962857746e-05,4.0,4.0,0.0,0.0,1.0,0,0,1,0.0,0.0,0.0
930,46.5,-39.55577850341797,24.83139419555664,-0.007121292234723233,0.0,-0.0032341849176140826,0.00713709875668609,26,-37.50828204605039,24.834660744272384,1.5806521962857746e-05,4.0,4.0,0.0,0.0,1.0,0,0,1,0.0,0.0,0.0
931,46.550000000000004,-39.55577850341797,24.83139419555664,-0.007121292234723233,0.0,-0.0032341849176140826,0.00713709875668609,26,-37.50828204605039,24.834660744272384,1.5806521962857746e-05,4.0,4.0,0.0,0.0,1.0,0,0,1,0.0,0.0,0.0
932,46.6,-39.55577850341797,24.83139419555664,-0.007121292234723233,0.0,-0.0032341849176140826,0.00713709875668609,26,-37.50828204605039,24.834660744272384,1.5806521962857746e-05,4.0,4.0,0.0,0.0,1.0,0,0,1,0.0,0.0,0.0
933,46.650000000000006,-39.55577850341797,24.83139419555664,-0.007121292234723233,0.0,-0.0032341849176140826,0.00713709875668609,26,-37.50828204605039,24.834660744272384,1.5806521962857746e-05,4.0,4.0,0.0,0.0,1.0,0,0,1,0.0,0.0,0.0
934,46.7,-39.55577850341797,24.83139419555664,-0.007121292234723233,0.0,-0.0032341849176140826,0.00713709875668609,26,-37.50828204605039,24.834660744272384,1.5806521962857746e-05,4.0,4.0,0.0,0.0,1.0,0,0,1,0.0,0.0,0.0
935,46.75,-39.55577850341797,24.83139419555664,-0.007121292234723233,0.0,-0.0032341849176140826,0.00713709875668609,26,-37.50828204605039,24.834660744272384,1.5806521962857746e-05,4.0,4.0,0.0,0.0,1.0,0,0,1,0.0,0.0,0.0
936,46.800000000000004,-39.55577850341797,24.83139419555664,-0.007121292234723233,0.0,-0.0032341849176140826,0.00713709875668609,26,-37.50828204605039,24.834660744272384,1.5806521962857746e-05,4.0,4.0,0.0,0.0,1.0,0,0,1,0.0,0.0,0.0
937,46.85,-39.55577850341797,24.83139419555664,-0.007121292234723233,0.0,-0.0032341849176140826,0.00713709875668609,26,-37.50828204605039,24.834660744272384,1.5806521962857746e-05,4.0,4.0,0.0,0.0,1.0,0,0,1,0.0,0.0,0.0
938,46.900000000000006,-39.55577850341797,24.83139419555664,-0.007121292234723233,0.0,-0.0032341849176140826,0.00713709875668609,26,-37.50828204605039,24.834660744272384,1.5806521962857746e-05,4.0,4.0,0.0,0.0,1.0,0,0,1,0.0,0.0,0.0
939,46.95,-39.55577850341797,24.83139419555664,-0.007121292234723233,0.0,-0.0032341849176140826,0.00713709875668609,26,-37.50828204605039,24.834660744272384,1.5806521962857746e-05,4.0,4.0,0.0,0.0,1.0,0,0,1,0.0,0.0,0.0
940,47.0,-39.55577850341797,24.83139419555664,-0.007121292234723233,0.0,-0.0032341849176140826,0.00713709875668609,26,-37.50828204605039,24.834660744272384,1.5806521962857746e-05,4.0,4.0,0.0,0.0,1.0,0,0,1,0.0,0.0,0.0
941,47.050000000000004,-39.55577850341797,24.83139419555664,-0.007121292234723233,0.0,-0.0032341849176140826,0.00713709875668609,26,-37.50828204605039,24.834660744272384,1.5806521962857746e-05,4.0,4.0,0.0,0.0,1.0,0,0,1,0.0,0.0,0.0
942,47.1,-39.55577850341797,24.83139419555664,-0.007121292234723233,0.0,-0.0032341849176140826,0.00713709875668609,26,-37.50828204605039,24.834660744272384,1.5806521962857746e-05,4.0,4.0,0.0,0.0,1.0,0,0,1,0.0,0.0,0.0
943,47.150000000000006,-39.55577850341797,24.83139419555664,-0.007121292234723233,0.0,-0.0032341849176140826,0.00713709875668609,26,-37.50828204605039,24.834660744272384,1.5806521962857746e-05,4.0,4.0,0.0,0.0,1.0,0,0,1,0.0,0.0,0.0
944,47.2,-39.55577850341797,24.83139419555664,-0.007121292234723233,0.0,-0.0032341849176140826,0.00713709875668609,26,-37.50828204605039,24.834660744272384,1.5806521962857746e-05,4.0,4.0,0.0,0.0,1.0,0,0,1,0.0,0.0,0.0
945,47.25,-39.55577850341797,24.83139419555664,-0.007121292234723233,0.0,-0.0032341849176140826,0.00713709875668609,26,-37.50828204605039,24.834660744272384,1.5806521962857746e-05,4.0,4.0,0.0,0.0,1.0,0,0,1,0.0,0.0,0.0
946,47.300000000000004,-39.55577850341797,24.83139419555664,-0.007121292234723233,0.0,-0.0032341849176140826,0.00713709875668609,26,-37.50828204605039,24.834660744272384,1.5806521962857746e-05,4.0,4.0,0.0,0.0,1.0,0,0,1,0.0,0.0,0.0
947,47.35,-39.55577850341797,24.83139419555664,-0.007121292234723233,0.0,-0.0032341849176140826,0.00713709875668609,26,-37.50828204605039,24.834660744272384,1.5806521962857746e-05,4.0,4.0,0.0,0.0,1.0,0,0,1,0.0,0.0,0.0
948,47.400000000000006,-39.55577850341797,24.83139419555664,-0.007121292234723233,0.0,-0.0032341849176140826,0.00713709875668609,26,-37.50828204605039,24.834660744272384,1.5806521962857746e-05,4.0,4.0,0.0,0.0,1.0,0,0,1,0.0,0.0,0.0
949,47.45,-39.55577850341797,24.83139419555664,-0.007121292234723233,0.0,-0.0032341849176140826,0.00713709875668609,26,-37.50828204605039,24.834660744272384,1.5806521962857746e-05,4.0,4.0,0.0,0.0,1.0,0,0,1,0.0,0.0,0.0
950,47.5,-39.55577850341797,24.83139419555664,-0.007121292234723233,0.0,-0.0032341849176140826,0.00713709875668609,26,-37.50828204605039,24.834660744272384,1.5806521962857746e-05,4.0,4.0,0.0,0.0,1.0,0,0,1,0.0,0.0,0.0
951,47.550000000000004,-39.55577850341797,24.83139419555664,-0.007121292234723233,0.0,-0.0032341849176140826,0.00713709875668609,26,-37.50828204605039,24.834660744272384,1.5806521962857746e-05,4.0,4.0,0.0,0.0,1.0,0,0,1,0.0,0.0,0.0
952,47.6,-39.55577850341797,24.83139419555664,-0.007121292234723233,0.0,-0.0032341849176140826,0.00713709875668609,26,-37.50828204605039,24.834660744272384,1.5806521962857746e-05,4.0,4.0,0.0,0.0,1.0,0,0,1,0.0,0.0,0.0
953,47.650000000000006,-39.55577850341797,24.83139419555664,-0.007121292234723233,0.0,-0.0032341849176140826,0.00713709875668609,26,-37.50828204605039,24.834660744272384,1.5806521962857746e-05,4.0,4.0,0.0,0.0,1.0,0,0,1,0.0,0.0,0.0
954,47.7,-39.55577850341797,24.83139419555664,-0.007121292234723233,0.0,-0.0032341849176140826,0.00713709875668609,26,-37.50828204605039,24.834660744272384,1.5806521962857746e-05,4.0,4.0,0.0,0.0,1.0,0,0,1,0.0,0.0,0.0
955,47.75,-39.55577850341797,24.83139419555664,-0.007121292234723233,0.0,-0.0032341849176140826,0.00713709875668609,26,-37.50828204605039,24.834660744272384,1.5806521962857746e-05,4.0,4.0,0.0,0.0,1.0,0,0,1,0.0,0.0,0.0
956,47.800000000000004,-39.55577850341797,24.83139419555664,-0.007121292234723233,0.0,-0.0032341849176140826,0.00713709875668609,26,-37.50828204605039,24.834660744272384,1.5806521962857746e-05,4.0,4.0,0.0,0.0,1.0,0,0,1,0.0,0.0,0.0
957,47.85,-39.55577850341797,24.83139419555664,-0.007121292234723233,0.0,-0.0032341849176140826,0.00713709875668609,26,-37.50828204605039,24.834660744272384,1.5806521962857746e-05,4.0,4.0,0.0,0.0,1.0,0,0,1,0.0,0.0,0.0
958,47.900000000000006,-39.55577850341797,24.83139419555664,-0.007121292234723233,0.0,-0.0032341849176140826,0.00713709875668609,26,-37.50828204605039,24.834660744272384,1.5806521962857746e-05,4.0,4.0,0.0,0.0,1.0,0,0,1,0.0,0.0,0.0
959,47.95,-39.55577850341797,24.83139419555664,-0.007121292234723233,0.0,-0.0032341849176140826,0.00713709875668609,26,-37.50828204605039,24.834660744272384,1.5806521962857746e-05,4.0,4.0,0.0,0.0,1.0,0,0,1,0.0,0.0,0.0
960,48.0,-39.55577850341797,24.83139419555664,-0.007121292234723233,0.0,-0.0032341849176140826,0.00713709875668609,26,-37.50828204605039,24.834660744272384,1.5806521962857746e-05,4.0,4.0,0.0,0.0,1.0,0,0,1,0.0,0.0,0.0
961,48.050000000000004,-39.55577850341797,24.83139419555664,-0.007121292234723233,0.0,-0.0032341849176140826,0.00713709875668609,26,-37.50828204605039,24.834660744272384,1.5806521962857746e-05,4.0,4.0,0.0,0.0,1.0,0,0,1,0.0,0.0,0.0
962,48.1,-39.55577850341797,24.83139419555664,-0.007121292234723233,0.0,-0.0032341849176140826,0.00713709875668609,26,-37.50828204605039,24.834660744272384,1.5806521962857746e-05,4.0,4.0,0.0,0.0,1.0,0,0,1,0.0,0.0,0.0
963,48.150000000000006,-39.55577850341797,24.83139419555664,-0.007121292234723233,0.0,-0.0032341849176140826,0.00713709875668609,26,-37.50828204605039,24.834660744272384,1.5806521962857746e-05,4.0,4.0,0.0,0.0,1.0,0,0,1,0.0,0.0,0.0
964,48.2,-39.55577850341797,24.83139419555664,-0.007121292234723233,0.0,-0.0032341849176140826,0.00713709875668609,26,-37.50828204605039,24.834660744272384,1.5806521962857746e-05,4.0,4.0,0.0,0.0,1.0,0,0,1,0.0,0.0,0.0
965,48.25,-39.55577850341797,24.83139419555664,-0.007121292234723233,0.0,-0.0032341849176140826,0.00713709875668609,26,-37.50828204605039,24.834660744272384,1.5806521962857746e-05,4.0,4.0,0.0,0.0,1.0,0,0,1,0.0,0.0,0.0
966,48.300000000000004,-39.55577850341797,24.83139419555664,-0.007121292234723233,0.0,-0.0032341849176140826,0.00713709875668609,26,-37.50828204605039,24.834660744272384,1.5806521962857746e-05,4.0,4.0,0.0,0.0,1.0,0,0,1,0.0,0.0,0.0
967,48.35,-39.55577850341797,24.83139419555664,-0.007121292234723233,0.0,-0.0032341849176140826,0.00713709875668609,26,-37.50828204605039,24.834660744272384,1.5806521962857746e-05,4.0,4.0,0.0,0.0,1.0,0,0,1,0.0,0.0,0.0
968,48.400000000000006,-39.55577850341797,24.83139419555664,-0.007121292234723233,0.0,-0.0032341849176140826,0.00713709875668609,26,-37.50828204605039,24.834660744272384,1.5806521962857746e-05,4.0,4.0,0.0,0.0,1.0,0,0,1,0.0,0.0,0.0
969,48.45,-39.55577850341797,24.83139419555664,-0.007121292234723233,0.0,-0.0032341849176140826,0.00713709875668609,26,-37.50828204605039,24.834660744272384,1.5806521962857746e-05,4.0,4.0,0.0,0.0,1.0,0,0,1,0.0,0.0,0.0
970,48.5,-39.55577850341797,24.83139419555664,-0.007121292234723233,0.0,-0.0032341849176140826,0.00713709875668609,26,-37.50828204605039,24.834660744272384,1.5806521962857746e-05,4.0,4.0,0.0,0.0,1.0,0,0,1,0.0,0.0,0.0
971,48.550000000000004,-39.55577850341797,24.83139419555664,-0.007121292234723233,0.0,-0.0032341849176140826,0.00713709875668609,26,-37.50828204605039,24.834660744272384,1.5806521962857746e-05,4.0,4.0,0.0,0.0,1.0,0,0,1,0.0,0.0,0.0
972,48.6,-39.55577850341797,24.83139419555664,-0.007121292234723233,0.0,-0.0032341849176140826,0.00713709875668609,26,-37.50828204605039,24.834660744272384,1.5806521962857746e-05,4.0,4.0,0.0,0.0,1.0,0,0,1,0.0,0.0,0.0
973,48.650000000000006,-39.55577850341797,24.83139419555664,-0.007121292234723233,0.0,-0.0032341849176140826,0.00713709875668609,26,-37.50828204605039,24.834660744272384,1.5806521962857746e-05,4.0,4.0,0.0,0.0,1.0,0,0,1,0.0,0.0,0.0
974,48.7,-39.55577850341797,24.83139419555664,-0.007121292234723233,0.0,-0.0032341849176140826,0.00713709875668609,26,-37.50828204605039,24.834660744272384,1.5806521962857746e-05,4.0,4.0,0.0,0.0,1.0,0,0,1,0.0,0.0,0.0
975,48.75,-39.55577850341797,24.83139419555664,-0.007121292234723233,0.0,-0.0032341849176140826,0.00713709875668609,26,-37.50828204605039,24.834660744272384,1.5806521962857746e-05,4.0,4.0,0.0,0.0,1.0,0,0,1,0.0,0.0,0.0
976,48.800000000000004,-39.55577850341797,24.83139419555664,-0.007121292234723233,0.0,-0.0032341849176140826,0.00713709875668609,26,-37.50828204605039,24.834660744272384,1.5806521962857746e-05,4.0,4.0,0.0,0.0,1.0,0,0,1,0.0,0.0,0.0
977,48.85,-39.55577850341797,24.83139419555664,-0.007121292234723233,0.0,-0.0032341849176140826,0.00713709875668609,26,-37.50828204605039,24.834660744272384,1.5806521962857746e-05,4.0,4.0,0.0,0.0,1.0,0,0,1,0.0,0.0,0.0
978,48.900000000000006,-39.55577850341797,24.83139419555664,-0.007121292234723233,0.0,-0.0032341849176140826,0.00713709875668609,26,-37.50828204605039,24.834660744272384,1.5806521962857746e-05,4.0,4.0,0.0,0.0,1.0,0,0,1,0.0,0.0,0.0
979,48.95,-39.55577850341797,24.83139419555664,-0.007121292234723233,0.0,-0.0032341849176140826,0.00713709875668609,26,-37.50828204605039,24.834660744272384,1.5806521962857746e-05,4.0,4.0,0.0,0.0,1.0,0,0,1,0.0,0.0,0.0
980,49.0,-39.55577850341797,24.83139419555664,-0.007121292234723233,0.0,-0.0032341849176140826,0.00713709875668609,26,-37.50828204605039,24.834660744272384,1.5806521962857746e-05,4.0,4.0,0.0,0.0,1.0,0,0,1,0.0,0.0,0.0
981,49.050000000000004,-39.55577850341797,24.83139419555664,-0.007121292234723233,0.0,-0.0032341849176140826,0.00713709875668609,26,-37.50828204605039,24.834660744272384,1.5806521962857746e-05,4.0,4.0,0.0,0.0,1.0,0,0,1,0.0,0.0,0.0
982,49.1,-39.55577850341797,24.83139419555664,-0.007121292234723233,0.0,-0.0032341849176140826,0.00713709875668609,26,-37.50828204605039,24.834660744272384,1.5806521962857746e-05,4.0,4.0,0.0,0.0,1.0,0,0,1,0.0,0.0,0.0
983,49.150000000000006,-39.55577850341797,24.83139419555664,-0.007121292234723233,0.0,-0.0032341849176140826,0.00713709875668609,26,-37.50828204605039,24.834660744272384,1.5806521962857746e-05,4.0,4.0,0.0,0.0,1.0,0,0,1,0.0,0.0,0.0
984,49.2,-39.55577850341797,24.83139419555664,-0.007121292234723233,0.0,-0.0032341849176140826,0.00713709875668609,26,-37.50828204605039,24.834660744272384,1.5806521962857746e-05,4.0,4.0,0.0,0.0,1.0,0,0,1,0.0,0.0,0.0
985,49.25,-39.55577850341797,24.83139419555664,-0.007121292234723233,0.0,-0.0032341849176140826,0.00713709875668609,26,-37.50828204605039,24.834660744272384,1.5806521962857746e-05,4.0,4.0,0.0,0.0,1.0,0,0,1,0.0,0.0,0.0
986,49.300000000000004,-39.55577850341797,24.83139419555664,-0.007121292234723233,0.0,-0.0032341849176140826,0.00713709875668609,26,-37.50828204605039,24.834660744272384,1.5806521962857746e-05,4.0,4.0,0.0,0.0,1.0,0,0,1,0.0,0.0,0.0
987,49.35,-39.55577850341797,24.83139419555664,-0.007121292234723233,0.0,-0.0032341849176140826,0.00713709875668609,26,-37.50828204605039,24.834660744272384,1.5806521962857746e-05,4.0,4.0,0.0,0.0,1.0,0,0,1,0.0,0.0,0.0
988,49.400000000000006,-39.55577850341797,24.83139419555664,-0.007121292234723233,0.0,-0.0032341849176140826,0.00713709875668609,26,-37.50828204605039,24.834660744272384,1.5806521962857746e-05,4.0,4.0,0.0,0.0,1.0,0,0,1,0.0,0.0,0.0
989,49.45,-39.55577850341797,24.83139419555664,-0.007121292234723233,0.0,-0.0032341849176140826,0.00713709875668609,26,-37.50828204605039,24.834660744272384,1.5806521962857746e-05,4.0,4.0,0.0,0.0,1.0,0,0,1,0.0,0.0,0.0
990,49.5,-39.55577850341797,24.83139419555664,-0.007121292234723233,0.0,-0.0032341849176140826,0.00713709875668609,26,-37.50828204605039,24.834660744272384,1.5806521962857746e-05,4.0,4.0,0.0,0.0,1.0,0,0,1,0.0,0.0,0.0
991,49.550000000000004,-39.55577850341797,24.83139419555664,-0.007121292234723233,0.0,-0.0032341849176140826,0.00713709875668609,26,-37.50828204605039,24.834660744272384,1.5806521962857746e-05,4.0,4.0,0.0,0.0,1.0,0,0,1,0.0,0.0,0.0
992,49.6,-39.55577850341797,24.83139419555664,-0.007121292234723233,0.0,-0.0032341849176140826,0.00713709875668609,26,-37.50828204605039,24.834660744272384,1.5806521962857746e-05,4.0,4.0,0.0,0.0,1.0,0,0,1,0.0,0.0,0.0
993,49.650000000000006,-39.55577850341797,24.83139419555664,-0.007121292234723233,0.0,-0.0032341849176140826,0.00713709875668609,26,-37.50828204605039,24.834660744272384,1.5806521962857746e-05,4.0,4.0,0.0,0.0,1.0,0,0,1,0.0,0.0,0.0
994,49.7,-39.55577850341797,24.83139419555664,-0.007121292234723233,0.0,-0.0032341849176140826,0.00713709875668609,26,-37.50828204605039,24.834660744272384,1.5806521962857746e-05,4.0,4.0,0.0,0.0,1.0,0,0,1,0.0,0.0,0.0
995,49.75,-39.55577850341797,24.83139419555664,-0.007121292234723233,0.0,-0.0032341849176140826,0.00713709875668609,26,-37.50828204605039,24.834660744272384,1.5806521962857746e-05,4.0,4.0,0.0,0.0,1.0,0,0,1,0.0,0.0,0.0
996,49.800000000000004,-39.55577850341797,24.83139419555664,-0.007121292234723233,0.0,-0.0032341849176140826,0.00713709875668609,26,-37.50828204605039,24.834660744272384,1.5806521962857746e-05,4.0,4.0,0.0,0.0,1.0,0,0,1,0.0,0.0,0.0
997,49.85,-39.55577850341797,24.83139419555664,-0.007121292234723233,0.0,-0.0032341849176140826,0.00713709875668609,26,-37.50828204605039,24.834660744272384,1.5806521962857746e-05,4.0,4.0,0.0,0.0,1.0,0,0,1,0.0,0.0,0.0
998,49.900000000000006,-39.55577850341797,24.83139419555664,-0.007121292234723233,0.0,-0.0032341849176140826,0.00713709875668609,26,-37.50828204605039,24.834660744272384,1.5806521962857746e-05,4.0,4.0,0.0,0.0,1.0,0,0,1,0.0,0.0,0.0
999,49.95,-39.55577850341797,24.83139419555664,-0.007121292234723233,0.0,-0.0032341849176140826,0.00713709875668609,26,-37.50828204605039,24.834660744272384,1.5806521962857746e-05,4.0,4.0,0.0,0.0,1.0,0,0,1,0.0,0.0,0.0
