{
  "reason": "collision",
  "steps": 208,
  "sim_time_s": 10.4,
  "wall_time_s": 3.9779088497161865,
  "metrics_summary": {
    "num_samples": 209,
    "cte_rmse_m": 0.2076911884117028,
    "cte_max_abs_m": 1.1162835284352044,
    "heading_rmse_rad": 0.11309756205435861,
    "heading_max_abs_rad": 0.6185895741317422,
    "speed_err_rmse_mps": 1.5479899979068668,
    "d_steer_rmse": 0.06553578956002366,
    "steer_saturation_count": 0,
    "throttle_saturation_count": 0,
    "brake_saturation_count": 0,
    "cte_mean_m": -0.0007042063654005315
  }
}