{
  "num_samples": 2000,
  "cte_rmse_m": 1.9413549478900287e-06,
  "cte_max_abs_m": 5.2661876430385585e-06,
  "heading_rmse_rad": 0.023874874748307302,
  "heading_max_abs_rad": 0.4636449531347216,
  "speed_err_rmse_mps": 4.822894549480875,
  "d_steer_rmse": 1.876661911461781e-05,
  "steer_saturation_count": 0,
  "throttle_saturation_count": 0,
  "brake_saturation_count": 1854,
  "cte_mean_m": 1.7546195224085399e-06
}