step,t,ego_x,ego_y,ego_yaw,ego_speed,cte_m,heading_err_rad,ref_idx,ref_x,ref_y,ref_yaw,v_ref,speed_err_mps,steer,throttle,brake,steer_sat,throttle_sat,brake_sat,d_steer,d_throttle,d_brake
0,0.0,-64.6448745727539,24.47097396850586,0.002778537082746092,0.0,8.190323419476897e-14,4.7332238504137203e-07,25,-62.47821629473581,24.476995149905086,0.0027790104051311332,4.0,4.0,-9.127959856414236e-06,0.5,0.0,0,0,0,,,
1,0.05,-64.6448745727539,24.470972061157227,0.002778537082746092,0.002267062431360891,2.3285193218036682e-14,4.7332235691760136e-07,24,-62.6405749054895,24.47654204512629,0.0027790104051030095,4.0,3.9977329375686392,-9.118776688410435e-06,0.5,0.0,0,0,0,9.183168003801256e-09,0.0,0.0
2,0.1,-64.6448745727539,24.470972061157227,0.002778536822671767,3.322201250799266e-05,5.381459167175251e-14,4.735824470853203e-07,24,-62.64481918562556,24.476530250197268,0.0027790104051188523,4.0,3.999966777987492,-9.127273187914398e-06,0.5,0.0,0,0,0,-8.496499503962696e-09,0.0,0.0
3,0.15000000000000002,-64.6448745727539,24.470972061157227,0.002778536822671767,0.0009358035435750191,2.8700999910036273e-14,4.7358243395433097e-07,24,-62.6431042874479,24.476535015929414,0.0027790104051057213,4.0,3.999064196456425,-9.123614290729165e-06,0.5,0.0,0,0,0,3.6588971852324903e-09,0.0,0.0
4,0.2,-64.6448745727539,24.470972061157227,0.002778536822671767,0.0011626439722549919,4.9139511903995015e-14,4.7358244421435297e-07,24,-62.642673292325156,24.47653621367243,0.0027790104051159813,4.0,3.998837356027745,-9.122694791585673e-06,0.5,0.0,0,0,0,9.194991434924304e-10,0.0,0.0
5,0.25,-64.6448745727539,24.47096824645996,0.002778536822671767,0.001089783045003228,4.729897029598362e-14,4.735824448028579e-07,24,-62.64281172754488,24.47653201426126,0.00277901040511657,4.0,3.9989102169549966,-9.122990377363749e-06,0.5,0.0,0,0,0,-2.955857780762017e-10,0.0,0.0
6,0.30000000000000004,-64.6448745727539,24.47096824645996,0.002778536822671767,0.000909786446020378,6.339807151478638e-14,4.735824528437349e-07,24,-62.643153719740546,24.476531063858943,0.0027790104051246107,4.0,3.9990902135539796,-9.12371979211457e-06,0.5,0.0,0,0,0,-7.294147508218884e-10,0.0,0.0
7,0.35000000000000003,-64.6448745727539,24.47096824645996,0.002778536822671767,0.0007145119847018997,2.636085794094356e-14,4.73582432856251e-07,24,-62.64352473976071,24.47653003278779,0.002779010405104623,4.0,3.999285488015298,-9.124511052505113e-06,0.5,0.0,0,0,0,-7.912603905424476e-10,0.0,0.0
8,0.4,-64.6448745727539,24.47096824645996,0.002778536822671767,0.0005372239491349864,-3.215743643592006e-14,4.735824036357014e-07,24,-62.643861585706084,24.476529096686992,0.0027790104050754026,4.0,3.999462776050865,-9.125229553319514e-06,0.5,0.0,0,0,0,-7.185008144006133e-10,0.0,0.0
9,0.45,-64.6448745727539,24.47096824645996,0.002778536822671767,0.00017781266546616642,-7.0100175664222775e-15,4.73582417232464e-07,24,-62.6445444644646,24.476527198954933,0.0027790104050889994,4.0,3.9998221873345337,-9.126686563831754e-06,0.5,0.0,0,0,0,-1.457010512240231e-09,0.0,0.0
10,0.5,-64.6448745727539,24.47096824645996,0.002778536822671767,0.00024210938671076767,-1.0607834055598175e-14,4.735824151811535e-07,24,-62.64442230117375,24.476527538448863,0.002779010405086948,4.0,3.999757890613289,-9.126425538852345e-06,0.5,0.0,0,0,0,2.610249794088304e-10,0.0,0.0
11,0.55,-64.6448745727539,24.47096824645996,0.002778536822671767,0.00023318297398159757,1.2948843386428877e-14,4.735824276590195e-07,24,-62.64443926129137,24.4765274913164,0.002779010405099426,4.0,3.9997668170260186,-9.126461918640416e-06,0.5,0.0,0,0,0,-3.637978807091713e-11,0.0,0.0
12,0.6000000000000001,-64.6448745727539,24.47096824645996,0.002778536822671767,0.0001973820399619928,-2.06735670249536e-14,4.735824093732993e-07,24,-62.644507282799,24.476527302283433,0.0027790104050811402,4.0,3.999802617960038,-9.1266074377927e-06,0.5,0.0,0,0,0,-1.4551915228366852e-10,0.0,0.0
13,0.65,-64.6448745727539,24.47096824645996,0.002778536822671767,0.00015614515466973538,2.429133283410323e-14,4.735824325570112e-07,24,-62.64458563257351,24.476527084548035,0.002779010405104324,4.0,3.9998438548453303,-9.126774784817826e-06,0.5,0.0,0,0,0,-1.673470251262188e-10,0.0,0.0
14,0.7000000000000001,-64.6448745727539,24.47096824645996,0.002778536822671767,0.00011743549615552379,2.6357388493991607e-14,4.735824344387525e-07,24,-62.644659180636,24.47652688015668,0.0027790104051062057,4.0,3.9998825645038445,-9.126931217906531e-06,0.5,0.0,0,0,0,-1.5643308870494366e-10,0.0,0.0
15,0.75,-64.64484405517578,24.47096824645996,0.002775563132837395,0.0031106989711230143,3.710746987461988e-14,3.447272273560207e-06,24,-62.63894148478093,24.476542684924972,0.0027790104051109554,4.0,3.996889301028877,-2.80438371191849e-06,0.5,0.0,0,0,0,6.322547505988041e-06,0.0,0.0
16,0.8,-64.61520385742188,24.471054077148438,0.0027729249388825355,0.860495300107549,4.611415416189146e-14,6.085466234426358e-06,17,-62.35179691906931,24.477344124773563,0.002779010405116962,4.0,3.139504699892451,5.0402627493895125e-06,0.5,0.0,0,0,0,7.844646461308002e-06,0.0,0.0
17,0.8500000000000001,-64.55347442626953,24.4711856842041,0.002882705952591296,1.4547967873171028,1.313116282375404e-13,-0.00010369554743434395,14,-62.07135799458767,24.478083529351554,0.002779010405156952,4.0,2.545203212682897,-0.00022708511096425354,0.5,0.0,0,0,0,-0.00023212537371364306,0.0,0.0
18,0.9,-64.4695053100586,24.471405029296875,0.0028479592425211925,1.8177590542569129,1.8641078264325373e-13,-6.894883733759346e-05,12,-62.004512692951934,24.478255287062954,0.002779010405183599,4.0,2.182240945743087,-0.00015284393157344311,0.5,0.0,0,0,0,7.424117939081043e-05,0.0,0.0
19,0.9500000000000001,-64.37089538574219,24.471654891967773,0.0028780566038796407,2.061521084727425,1.884620931535963e-13,-9.904619869260077e-05,11,-61.88999915157867,24.478549346164915,0.00277901040518704,4.0,1.938478915272575,-0.00021114615083206445,0.5,0.0,0,0,0,-5.8302219258621335e-05,0.0,0.0
20,1.0,-64.26164245605469,24.47200584411621,0.0026915627668373625,2.264188403349812,-4.4024157053561275e-06,8.563093885709553e-05,11,-61.5801063382112,24.479457410923146,0.002777193705694458,4.0,1.735811596650188,0.00018642986833583564,0.5,0.0,0,0,0,0.0003975760191679001,0.0,0.0
21,1.05,-64.1431884765625,24.472286224365234,0.0028368082957537866,2.438874720810629,-4.32738519226105e-06,-5.966953908790153e-05,10,-61.56122062091626,24.479461053201668,0.002777138756665885,4.0,1.5611252791893708,-0.00012182886712253094,0.4683375954627991,0.0,0,0,0,-0.00030825873545836657,-0.03166240453720093,0.0
22,1.1,-64.01642608642578,24.47268295288086,0.0026968438360849356,2.5985844780797414,-4.177762728232309e-06,8.025922785511591e-05,10,-61.289389075917484,24.480260412966214,0.0027771030639400516,4.0,1.4014155219202586,0.00017515290528535843,0.4204246699810028,0.0,0,0,0,0.00029698177240788937,-0.047912925481796265,0.0
23,1.1500000000000001,-63.8822021484375,24.4730167388916,0.0028339810277645044,2.7405649415447435,-3.921751105608745e-06,-5.687796382430497e-05,9,-61.32124598966845,24.480132718136417,0.0027771030639401994,4.0,1.2594350584552565,-0.0001158877057605423,0.37783050537109375,0.0,0,0,0,-0.00029104061104590073,-0.04259416460990906,0.0
24,1.2000000000000002,-63.741458892822266,24.47344970703125,0.0027035579148643775,2.8632034543487777,-3.6533043576165297e-06,7.354514911271214e-05,9,-61.07932633491566,24.480846395838753,0.0027771030639770896,4.0,1.1367965456512223,0.00016085727838799357,0.3410389721393585,0.0,0,0,0,0.0002767449841485359,-0.03679153323173523,0.0
25,1.25,-63.59516143798828,24.473817825317383,0.0028330720679979196,2.966734917755687,-3.3742642686542673e-06,-5.596900399629321e-05,9,-60.8476157365744,24.481451436796117,0.0027771030640016264,4.0,1.0332650822443128,-0.00011399749928386882,0.30997952818870544,0.0,0,0,0,-0.0002748547776718624,-0.031059443950653076,0.0
26,1.3,-63.4442253112793,24.474273681640625,0.0027088337826254466,3.0524908959942127,-1.0030099537212955e-07,6.946426440986638e-05,9,-60.62593119952053,24.48210386311533,0.002778298047035313,4.0,0.9475091040057873,0.00014963067951612175,0.28425273299217224,0.0,0,0,0,0.00026362817879999056,-0.025726795196533203,0.0
27,1.35,-63.28948211669922,24.474666595458984,0.0028327225281048465,3.1224004251057424,1.9073412935981943e-06,-5.37121230045263e-05,9,-60.413512866133786,24.48265705715716,0.00277901040510032,4.0,0.8775995748942576,-0.00011328016262268648,0.26327988505363464,0.0,0,0,0,-0.0002629108421388082,-0.020972847938537598,0.0
28,1.4000000000000001,-63.13165283203125,24.475143432617188,0.0027129848289300126,3.1785878695357286,1.9073412659918049e-06,6.602557616078352e-05,9,-60.20932911880707,24.483262714181034,0.002779010405090796,4.0,0.8214121304642714,0.0001408027164870873,0.2464236319065094,0.0,0,0,0,0.0002540828791097738,-0.016856253147125244,0.0
29,1.4500000000000002,-62.97138214111328,24.475553512573242,0.0028326837770303913,3.2231891553076952,1.9073412705246373e-06,-5.367337193830672e-05,9,-60.01226250921326,24.483775050641192,0.0027790104050920846,4.0,0.7768108446923048,-0.00011321288184262812,0.23304325342178345,0.0,0,0,0,-0.00025401559832971543,-0.013380378484725952,0.0
30,1.5,-62.80915832519531,24.476037979125977,0.0027160370612105958,3.2581856501959034,1.907341271725066e-06,6.297334388144808e-05,9,-59.82116669650063,24.484339752979984,0.002779010405092044,4.0,0.7418143498040966,0.0001343141047982499,0.22254429757595062,0.0,0,0,0,0.000247526986640878,-0.010498955845832825,0.0
31,1.55,-62.6449089050293,24.47696304321289,0.0027565129485905967,3.2898610275574733,1.9073412531071463e-06,2.2497456495859137e-05,8,-59.97042206676692,24.484393581749423,0.002779010405086456,4.0,0.7101389724425267,4.841709596803412e-05,0.21304169297218323,0.0,0,0,0,-8.589700883021578e-05,-0.009502604603767395,0.0
32,1.6,-62.479740142822266,24.476520538330078,0.0023620075050617153,3.309105651995895,1.9073412703806553e-06,0.0004170029000331245,8,-59.791012337466405,24.483990652764227,0.0027790104050948398,4.0,0.6908943480041052,0.0008855809574015439,0.20726829767227173,0.0,0,0,0,0.0008371638614335097,-0.005773395299911499,0.0
33,1.6500000000000001,-62.313812255859375,24.47633171081543,0.0022202802616166383,3.3248833432310163,1.9073412433267753e-06,0.000558730143471626,8,-59.613409004073816,24.483834271520227,0.0027790104050882643,4.0,0.6751166567689837,0.001186333247460425,0.2025350034236908,0.0,0,0,0,0.00030075229005888104,-0.004733294248580933,0.0
34,1.7000000000000002,-62.1472282409668,24.477108001708984,0.0021577539725742964,3.325255926419512,1.907341257371964e-06,0.0006212564325240393,8,-59.4465492786864,24.4846113286181,0.0027790104050983357,4.0,0.6747440735804879,0.001319018192589283,0.20242321491241455,0.0,0,0,0,0.0001326849451288581,-0.00011178851127624512,0.0
35,1.75,-61.9811897277832,24.476661682128906,0.002460602201894842,3.3369972364785547,1.907341219468256e-06,0.0003184082031954679,8,-59.27182222960956,24.48418915463185,0.00277901040509031,4.0,0.6630027635214453,0.0006763525889255106,0.19890083372592926,0.0,0,0,0,-0.0006426656036637723,-0.0035223811864852905,0.0
36,1.8,-61.8143424987793,24.47759437561035,0.0024264403989821205,3.34411124063254,1.8849695353467116e-06,0.0003525700061067852,8,-59.099710591783435,24.485136500369617,0.0027790104050889057,4.0,0.65588875936746,0.0007467640680260956,0.19676662981510162,0.0,0,0,0,7.041147910058498e-05,-0.0021342039108276367,0.0
37,1.85,-61.647064208984375,24.478261947631836,0.0025867598357873136,3.3489207030608608,1.5659104426069687e-06,0.00019225056929693873,8,-58.928873314808044,24.48581428193928,0.0027790104050842523,4.0,0.6510792969391392,0.00040319658000953496,0.19532379508018494,0.0,0,0,0,-0.0003435674880165607,-0.001442834734916687,0.0
38,1.9000000000000001,-61.47951126098633,24.478849411010742,0.002509289155870154,3.3528644135864965,1.2463279608224478e-06,0.0002697212492321255,8,-58.75840203784529,24.486410174989388,0.0027790104051022796,4.0,0.6471355864135035,0.0005663170595653355,0.19414067268371582,0.0,0,0,0,0.00016312047955580056,-0.0011831223964691162,0.0
39,1.9500000000000002,-61.31177520751953,24.479310989379883,0.002652765139077897,3.355861705196904,9.263968498872052e-07,0.00012624526602163927,8,-58.58844800916922,24.48687823708292,0.002779010405099536,4.0,0.644138294803096,0.00026185280876234174,0.19324149191379547,0.0,0,0,0,-0.0003044642508029938,-0.0008991807699203491,0.0
40,2.0,-61.14390182495117,24.479822158813477,0.0025662870449816547,3.3581696134665426,6.062036176463989e-07,0.0002127233601471666,8,-58.41886679312855,24.48739447281027,0.0027790104051288213,4.0,0.6418303865334574,0.00044536596396937966,0.19254910945892334,0.0,0,0,0,0.00018351315520703793,-0.0006923824548721313,0.0
41,2.0500000000000003,-60.97593688964844,24.48025894165039,0.0027011943593969324,3.3599001153316057,2.8583610456756753e-07,7.78160457420283e-05,8,-58.24962130333213,24.487835134699385,0.0027790104051389607,4.0,0.6400998846683943,0.00015908446221146733,0.19202996790409088,0.0,0,0,0,-0.00028628150175791234,-0.0005191415548324585,0.0
42,2.1,-60.80789566040039,24.480764389038086,0.002608008948453704,3.361190333844156,1.4447210788803844e-13,0.00017100145670242116,8,-58.08062539337653,24.48834352099864,0.002779010405156125,4.0,0.638809666155844,0.0003593733417801559,0.1916428953409195,0.0,0,0,0,0.00020028887956868857,-0.0003870725631713867,0.0
43,2.15,-60.63979721069336,24.481201171875,0.0027368505493822705,3.3621307988838947,2.0052362548206304e-13,4.215985580186205e-05,8,-57.91183101332352,24.488782237838226,0.0027790104051841325,4.0,0.6378692011161053,8.92523312359117e-05,0.19136075675487518,0.0,0,0,0,-0.0002701210105442442,-0.0002821385860443115,0.0
44,2.2,-60.4716682434082,24.481706619262695,0.002638898756281046,3.36281139059879,-1.0930609816925396e-06,0.00013965309303961854,8,-57.74319840979491,24.489288926739786,0.0027785518493206643,4.0,0.63718860940121,0.0002979920245707035,0.19115658104419708,0.0,0,0,0,0.0002087396933347918,-0.00020417571067810059,0.0
45,2.25,-60.30350875854492,24.48214340209961,0.0027634897024384937,3.3632931274792335,-3.3153060977637178e-06,1.413006471225834e-05,8,-57.574682429144936,24.489726378864965,0.002777619767150752,4.0,0.6367068725207665,3.360175833222456e-05,0.19101205468177795,0.0,0,0,0,-0.00026439026623847894,-0.00014452636241912842,0.0
46,2.3000000000000003,-60.13533401489258,24.48264503479004,0.0026618100039598083,3.363628701158697,-4.404536858964789e-06,0.00011529305997189923,8,-57.4062593499722,24.490228380441234,0.0027771030639317075,4.0,0.6363712988413028,0.00024937273701652884,0.19091138243675232,0.0,0,0,0,0.00021577097868430428,-0.00010067224502563477,0.0
47,2.35,-59.96714782714844,24.483083724975586,0.002783044430876186,3.363855316737509,-4.083747282510389e-06,-5.941366923686072e-06,8,-57.23790545546719,24.49066721557618,0.0027771030639525,4.0,0.6361446832624909,-7.894740519986954e-06,0.190843403339386,0.0,0,0,0,-0.0002572674775365158,-6.797909736633301e-05,0.0
48,2.4000000000000004,-59.79895782470703,24.483585357666016,0.002678487270063454,3.364004917106095,-3.762950099502581e-06,9.861579391113933e-05,8,-57.069604737256505,24.491168834938144,0.0027771030639745934,4.0,0.6359950828939049,0.00021398242097347975,0.19079852104187012,0.0,0,0,0,0.0002218771614934667,-4.488229751586914e-05,0.0
49,2.45,-59.63123321533203,24.484270095825195,0.002833181299214505,3.369698702673915,-3.4430395995680915e-06,-5.607823521626464e-05,8,-56.89766673064702,24.491864954254105,0.0027771030639982403,4.0,0.6303012973260849,-0.0001142892797361128,0.18909038603305817,0.0,0,0,0,-0.00032827170070959255,-0.0017081350088119507,0.0
50,2.5,-59.46284866333008,24.483896255493164,0.0029913317161475044,3.368351426957691,-1.8582638674612822e-06,-0.00021369935124475195,8,-56.730279153795564,24.49148820679304,0.0027776323649027525,4.0,0.6316485730423089,-0.00044989469461143017,0.1894945651292801,0.0,0,0,0,-0.00033560541487531736,0.00040417909622192383,0.0
51,2.5500000000000003,-59.294437408447266,24.483774185180664,0.003358363428110586,3.367349810479147,6.741841546515845e-07,-0.0005798044248688117,8,-56.562609092244784,24.491364076691255,0.0027785590032417744,4.0,0.6326501895208532,-0.0012287599965929985,0.18979506194591522,0.0,0,0,0,-0.0007788653019815683,0.00030049681663513184,0.0
52,2.6,-59.1264762878418,24.484079360961914,0.003354815494166166,3.3536450336198693,1.9073412732091219e-06,-0.0005758050890736512,8,-56.404789467354185,24.491641069077836,0.002779010405092515,4.0,0.6463549663801307,-0.001221229205839336,0.1939064860343933,0.0,0,0,0,7.530790753662586e-06,0.004111424088478088,0.0
53,2.6500000000000004,-58.95790481567383,24.484420776367188,0.0032820521595351817,3.3679500672682954,1.9073412738821946e-06,-0.0005030417544411789,8,-56.22563231116259,24.49201190228489,0.0027790104050940028,4.0,0.6320499327317046,-0.0010668225586414337,0.18961498141288757,0.0,0,0,0,0.0001544066471979022,-0.004291504621505737,0.0
54,2.7,-58.78965377807617,24.48518943786621,0.0030848791505514155,3.3576046215335036,1.9073412604632412e-06,-0.00030586874546325877,8,-56.06503687384687,24.492759288736302,0.0027790104050881568,4.0,0.6423953784664964,-0.000648407032713294,0.19271861016750336,0.0,0,0,0,0.0004184155259281397,0.0031036287546157837,0.0
55,2.75,-58.621273040771484,24.485763549804688,0.0030238155195140156,3.372702956487289,1.9073412618857144e-06,-0.00024480511442503006,8,-55.885483411819436,24.493364449872967,0.0027790104050889855,4.0,0.6272970435127112,-0.0005188280483707786,0.18818911910057068,0.0,0,0,0,0.00012957898434251547,-0.004529491066932678,0.0
56,2.8000000000000003,-58.452972412109375,24.486297607421875,0.002854591657962521,3.3613601267334374,1.9073412541393067e-06,-7.558125287287663e-05,8,-55.72557644476338,24.493875181357176,0.0027790104050896443,4.0,0.6386398732665626,-0.00015972233086358756,0.19159196317195892,0.0,0,0,0,0.000359105717507191,0.0034028440713882446,0.0
57,2.85,-58.28449249267578,24.486772537231445,0.0028233762370800247,3.3752029240257877,1.9073412580545776e-06,-4.4365831985916995e-05,8,-55.54685289488882,24.49437857839562,0.0027790104050941077,4.0,0.6247970759742123,-9.348303865408525e-05,0.18743912875652313,0.0,0,0,0,6.623929220950231e-05,-0.004152834415435791,0.0
58,2.9000000000000004,-58.116111755371094,24.48727035522461,0.0026823561357251745,3.36301315903517,1.9073412220816169e-06,9.665426936027654e-05,8,-55.387492548845294,24.49485132856309,0.002779010405085451,4.0,0.63698684096483,0.00020577257964760065,0.19109605252742767,0.0,0,0,0,0.0002992556183016859,0.003656923770904541,0.0
59,2.95,-57.94757080078125,24.487733840942383,0.002675962988663033,3.376153995121781,1.9073412295400605e-06,0.00010304741643220577,8,-55.20922741310091,24.49534183795106,0.0027790104050952388,4.0,0.6238460048782191,0.00021913139789830893,0.18715380132198334,0.0,0,0,0,1.3358818250708282e-05,-0.003942251205444336,0.0
60,3.0,-57.77915573120117,24.488237380981445,0.0025565691077461174,3.3635137305412086,1.817830029609592e-06,0.0002224412973492588,8,-55.05016603621643,24.495819473425424,0.0027790104050953762,4.0,0.6364862694587914,0.0004695534298662096,0.19094587862491608,0.0,0,0,0,0.0002504220319679007,0.0037920773029327393,0.0
61,3.0500000000000003,-57.610599517822266,24.488704681396484,0.002568437859651084,3.376337615093061,1.496334563351985e-06,0.0002105725454381981,8,-54.87212018580463,24.4963134672051,0.002779010405089282,4.0,0.6236623849069391,0.00044084686669521034,0.18709871172904968,0.0,0,0,0,-2.870656317099929e-05,-0.003847166895866394,0.0
62,3.1,-57.44216537475586,24.489213943481445,0.002464467166441685,3.3635024303381966,1.1750717192494237e-06,0.00031454323864654136,8,-54.71318405133397,24.496796655421477,0.002779010405088226,4.0,0.6364975696618034,0.000661436642985791,0.19094927608966827,0.0,0,0,0,0.00022058977629058063,0.0038505643606185913,0.0
63,3.1500000000000004,-57.27362060546875,24.48968505859375,0.0024894673311004786,3.3762106005211203,8.535981033657575e-07,0.0002895430739999058,8,-54.535235285270495,24.49729422588084,0.0027790104051003844,4.0,0.6237893994788797,0.0006083898479118943,0.18713681399822235,0.0,0,0,0,-5.3046795073896646e-05,-0.003812462091445923,0.0
64,3.2,-57.10520553588867,24.49019432067871,0.0023969274246324035,3.363311690796842,5.32371684385663e-07,0.0003820829804908354,8,-54.3763653836307,24.49777728300421,0.002779010405123239,4.0,0.6366883092031581,0.0008047603769227862,0.19100649654865265,0.0,0,0,0,0.00019637052901089191,0.003869682550430298,0.0
65,3.25,-56.93666458129883,24.490671157836914,0.0024317531972973686,3.375997862135139,2.1090530303701643e-07,0.00034725720783955515,8,-54.198436711332256,24.498280530262427,0.0027790104051369237,4.0,0.6240021378648608,0.0007312703528441489,0.1872006356716156,0.0,0,0,0,-7.349002407863736e-05,-0.0038058608770370483,0.0
66,3.3000000000000003,-56.768245697021484,24.491188049316406,0.002347620973614458,3.3630948377298586,1.785290665301531e-13,0.000431389431557187,8,-54.03956610645255,24.498771097811847,0.002779010405171645,4.0,0.6369051622701414,0.0009127433877438307,0.191071555018425,0.0,0,0,0,0.0001814730348996818,0.003870919346809387,0.0
67,3.35,-56.59971237182617,24.49166488647461,0.002389763937419011,3.3757952791748953,2.3190737524769744e-13,0.00038924646777902666,8,-53.8616345027761,24.499274052950994,0.0027790104051980376,4.0,0.6242047208251047,0.0008266707300208509,0.1872614175081253,0.0,0,0,0,-8.607265772297978e-05,-0.0038101375102996826,0.0
68,3.4000000000000004,-56.43130874633789,24.49217987060547,0.0023120755752916566,3.362909154091743,-1.626410492968841e-06,0.0004662525440398543,8,-53.7027665664186,24.499762301991183,0.002778328119331511,4.0,0.6370908459082569,0.0009915323462337255,0.1911272555589676,0.0,0,0,0,0.00016486161621287465,0.003865838050842285,0.0
69,3.45,-56.262786865234375,24.492660522460938,0.002359664755540286,3.3756341046302083,-3.974022401581796e-06,0.00041768432514862654,8,-53.524828245424246,24.500268782906684,0.0027773490806889127,4.0,0.6243658953697917,0.0008905432187020779,0.18730977177619934,0.0,0,0,0,-0.00010098912753164768,-0.0038174837827682495,0.0
70,3.5,-56.094398498535156,24.493175506591797,0.0022864483714347982,3.362770336372694,-4.326433142338645e-06,0.0004906546925015367,8,-53.36595901897164,24.50075701015925,0.002777103063936335,4.0,0.637229663627306,0.0010459149489179254,0.1911689043045044,0.0,0,0,0,0.0001553717302158475,0.0038591325283050537,0.0
71,3.5500000000000003,-55.92587661743164,24.493656158447266,0.0023377761201082217,3.375517904249379,-4.005003063582875e-06,0.00043932694384991085,8,-53.188003961238486,24.50126353755453,0.0027771030639581326,4.0,0.6244820957506212,0.0009369923500344157,0.18734462559223175,0.0,0,0,0,-0.00010892259888350964,-0.003824278712272644,0.0
72,3.6,-55.757484436035156,24.494176864624023,0.00226774408604052,3.362672946386306,-3.6838201673532883e-06,0.0005093589779354775,8,-53.0291170004952,24.50175752550194,0.0027771030639759976,4.0,0.6373270536136939,0.0010856067528948188,0.19119811058044434,0.0,0,0,0,0.00014861440286040306,0.0038534849882125854,0.0
73,3.6500000000000004,-55.58896255493164,24.494657516479492,0.0023217893513379903,3.375438138743588,-3.362390076131795e-06,0.000455313712668689,8,-52.851148900725825,24.5022640891164,0.0027771030640066792,4.0,0.6245618612564119,0.0009709173464216292,0.18736855685710907,0.0,0,0,0,-0.00011468940647318959,-0.003829553723335266,0.0
74,3.7,-55.420570373535156,24.495180130004883,0.0022540782205484004,3.3626065157449885,-1.2760982484967195e-06,0.0005237653752152693,8,-52.69225208188212,24.502760267095617,0.0027778435957636696,4.0,0.6373934842550115,0.001114606624469161,0.1912180483341217,0.0,0,0,0,0.00014368927804753184,0.0038494914770126343,0.0
75,3.75,-55.25205612182617,24.49566078186035,0.002310106292501219,3.3753840925252625,1.3933710155062187e-06,0.0004687163803917234,8,-52.51428245986729,24.503267195591196,0.0027788226728929426,4.0,0.6246159074747375,0.0009957095608115196,0.18738476932048798,0.0,0,0,0,-0.00011889706365764141,-0.003833279013633728,0.0
76,3.8000000000000003,-55.08366012573242,24.496183395385742,0.0022440952675754815,3.362563424752903,1.9073412721656857e-06,0.0005349151375176587,8,-52.3553737212904,24.50376344386136,0.00277901040509314,4.0,0.6374365752470972,0.0011357910698279738,0.19123096764087677,0.0,0,0,0,0.00014008150901645422,0.003846198320388794,0.0
77,3.85,-54.9151496887207,24.49666404724121,0.0023015740341142824,3.3753502907943584,1.9073412709479098e-06,0.00047743637097784775,8,-52.1774010399461,24.504270391459976,0.00277901040509213,4.0,0.6246497092056416,0.0010138156358152628,0.187394917011261,0.0,0,0,0,-0.00012197543401271105,-0.0038360506296157837,0.0
78,3.9000000000000004,-54.746761322021484,24.4971866607666,0.0022368072047603163,3.3625362905408687,1.9073412562947006e-06,0.0005422032003269926,8,-52.01849499681884,24.50476665344166,0.002779010405087309,4.0,0.6374637094591313,0.0011512568453326821,0.1912391185760498,0.0,0,0,0,0.00013744120951741934,0.0038442015647888184,0.0
79,3.95,-54.578250885009766,24.49766731262207,0.0022953478547689215,3.3753288715585,1.9073412670178938e-06,0.0004836625503236397,8,-51.84051808640849,24.50527361279293,0.0027790104050925612,4.0,0.6246711284414999,0.001027027959935367,0.18740133941173553,0.0,0,0,0,-0.00012422888539731503,-0.00383777916431427,0.0
80,4.0,-54.40986251831055,24.49818992614746,0.0022314845236207108,3.3625198721167844,1.9073412658009853e-06,0.0005475258814730548,8,-51.6816083426948,24.505769885058612,0.0027790104050937656,4.0,0.6374801278832156,0.0011625519255176187,0.19124403595924377,0.0,0,0,0,0.00013552396558225155,0.0038426965475082397,0.0
81,4.05,-54.24135208129883,24.49867057800293,0.0022908007152670712,3.37531626378934,1.9073412476020013e-06,0.0004882096898244097,8,-51.5036286124107,24.50627685224637,0.002779010405091481,4.0,0.6246837362106601,0.0010366772767156363,0.18740512430667877,0.0,0,0,0,-0.0001258746488019824,-0.0038389116525650024,0.0
82,4.1000000000000005,-54.072967529296875,24.49919319152832,0.0022275995333508277,3.3625103596217314,1.9073412277914592e-06,0.0005514108717387467,8,-51.344720392900285,24.506773130877384,0.0027790104050895745,4.0,0.6374896403782686,0.0011707961093634367,0.191246896982193,0.0,0,0,0,0.00013411883264780045,0.003841772675514221,0.0
83,4.15,-53.90446090698242,24.499671936035156,0.0022874774855396267,3.3753098467617013,1.9073411950381453e-06,0.000491532919543606,8,-51.166742186676416,24.507278197082233,0.0027790104050832327,4.0,0.6246901532382987,0.0010427320376038551,0.18740704655647278,0.0,0,0,0,-0.00012806407175958157,-0.003839850425720215,0.0
84,4.2,-53.736083984375,24.500194549560547,0.00222472103071948,3.362505364856704,1.7356442317513834e-06,0.0005542893743648762,8,-51.00784047872347,24.50777465051735,0.0027790104050843564,4.0,0.637494635143296,0.001172938384115696,0.19124838709831238,0.0,0,0,0,0.00013020634651184082,0.0038413405418395996,0.0
85,4.25,-53.56757736206055,24.500675201416016,0.0022848455333685717,3.3753065012747054,1.4142433180357877e-06,0.0004941648717234153,8,-50.82986105295565,24.508281948862127,0.002779010405091987,4.0,0.6246934987252946,0.001042610383592546,0.18740804493427277,0.0,0,0,0,-0.00013032800052314997,-0.003840342164039612,0.0
86,4.3,-53.39919662475586,24.501195907592773,0.002222156437798653,3.3625024819394524,1.0930822894935494e-06,0.0005568539672991422,8,-50.67095526456224,24.508776645151773,0.0027790104050977953,4.0,0.6374975180605476,0.0011756356107071042,0.19124925136566162,0.0,0,0,0,0.00013302522711455822,0.003841206431388855,0.0
87,4.3500000000000005,-53.23069381713867,24.501676559448242,0.0022824013548603138,3.3753038678167315,7.71688651129282e-07,0.0004966090502486731,8,-50.49297948058076,24.509283943969805,0.002779010405108987,4.0,0.6246961321832685,0.0010477971518412232,0.18740883469581604,0.0,0,0,0,-0.00012783845886588097,-0.003840416669845581,0.0
88,4.4,-53.062313079833984,24.502199172973633,0.0022199835168115814,3.3625008187457777,4.5052764562243663e-07,0.0005590268883207961,8,-50.334072974388995,24.509780549602883,0.0027790104051323775,4.0,0.6374991812542223,0.0011802467051893473,0.1912497580051422,0.0,0,0,0,0.00013244955334812403,0.003840923309326172,0.0
89,4.45,-52.89380645751953,24.50267791748047,0.0022805272592729005,3.375302446368456,1.2912675945164764e-07,0.000498483145881053,8,-50.15609319678728,24.51028594157679,0.0027790104051539535,4.0,0.624697553631544,0.0010529709979891777,0.18740926682949066,0.0,0,0,0,-0.00012727570720016956,-0.0038404911756515503,0.0
90,4.5,-52.72542953491211,24.50320053100586,0.0022184277521982167,3.3624996421966973,1.682673098080123e-13,0.0005605826529695001,8,-49.99719038894306,24.510782355498023,0.002779010405167717,4.0,0.6375003578033027,0.001187721500173211,0.19125010073184967,0.0,0,0,0,0.0001347505021840334,0.003840833902359009,0.0
91,4.55,-52.556922912597656,24.503679275512695,0.0022793980165528686,3.3753012863643566,-9.112029915152309e-08,0.0004995742926045634,8,-49.81921059721531,24.511287412933097,0.002778972309157432,4.0,0.6246987136356434,0.0010608745506033301,0.18740960955619812,0.0,0,0,0,-0.00012684694956988096,-0.0038404911756515503,0.0
92,4.6000000000000005,-52.38854217529297,24.504201889038086,0.0022177910902501197,3.3624982521049605,-2.1865719726545108e-06,0.0005603019357640904,8,-49.66030405734974,24.51178339440583,0.00277809302601421,4.0,0.6375017478950395,0.001191610237583518,0.1912505179643631,0.0,0,0,0,0.0001307356869801879,0.003840908408164978,0.0
93,4.65,-52.22004318237305,24.504684448242188,0.0022790978907815842,3.375300120505589,-4.5347803709220105e-06,0.0004980165943017766,8,-49.482331705804675,24.512291940783207,0.002777114485083361,4.0,0.6246998794944112,0.0010615114588290453,0.18740996718406677,0.0,0,0,0,-0.00013009877875447273,-0.0038405507802963257,0.0
94,4.7,-52.05166244506836,24.505205154418945,0.0022176171005265587,3.3624973064165427,-4.244887244262904e-06,0.0005594859634197634,8,-49.32342500307151,24.512786015359627,0.002777103063946322,4.0,0.6375026935834573,0.001191979506984353,0.19125080108642578,0.0,0,0,0,0.00013046804815530777,0.003840833902359009,0.0
95,4.75,-51.88316345214844,24.505687713623047,0.002278964992801406,3.3752989312084227,-3.923500806214501e-06,0.0004981380711679816,8,-49.145452831828194,24.513294561236293,0.0027771030639693875,4.0,0.6247010687915773,0.001061793533153832,0.18741032481193542,0.0,0,0,0,-0.0001301859738305211,-0.0038404762744903564,0.0
96,4.800000000000001,-51.71478271484375,24.506208419799805,0.0022175076092356485,3.362496115244947,-3.6023397505932295e-06,0.0005595954547470742,8,-48.98654613053634,24.513788635808716,0.0027771030639827227,4.0,0.6375038847550529,0.0011922118719667196,0.19125115871429443,0.0,0,0,0,0.00013041833881288767,0.003840833902359009,0.0
97,4.8500000000000005,-51.54628372192383,24.506690979003906,0.002278873446638934,3.375297501245794,-3.049473952190622e-06,0.0004983263953015826,8,-48.808574137264316,24.514297214662808,0.0027771998419405166,4.0,0.624702498754206,0.0010619877139106393,0.18741075694561005,0.0,0,0,0,-0.00013022415805608034,-0.003840401768684387,0.0
98,4.9,-51.37790298461914,24.507211685180664,0.002217427506343486,3.3624954008036343,-6.328933858578897e-07,0.0005606518118521746,8,-48.649666917705204,24.514791593767406,0.0027780793181956605,4.0,0.6375045991963657,0.001192381838336587,0.19125138223171234,0.0,0,0,0,0.00013039412442594767,0.003840625286102295,0.0
99,4.95,-51.20940399169922,24.507694244384766,0.002278805047091406,3.3752975018330216,1.907341255825458e-06,0.0005002053579947485,8,-48.47169440660516,24.515300480044875,0.0027790104050861545,4.0,0.6247024981669784,0.0010621328838169575,0.18741074204444885,0.0,0,0,0,-0.00013024895451962948,-0.0038406401872634888,0.0
100,5.0,-51.04102325439453,24.508214950561523,0.0022173705500662666,3.3624951626482567,1.9073412743444984e-06,0.0005616398550281378,8,-48.3127873637149,24.51579485865851,0.0027790104050944044,4.0,0.6375048373517433,0.0011925026774406433,0.1912514567375183,0.0,0,0,0,0.00013036979362368584,0.003840714693069458,0.0
101,5.050000000000001,-50.87252426147461,24.508697509765625,0.002278755632969617,3.375297024872186,1.9073412671228446e-06,0.0005002547721202188,8,-48.134815029330206,24.51630374444488,0.002779010405089836,4.0,0.6247029751278141,0.0010622377740219235,0.1874108910560608,0.0,0,0,0,-0.00013026490341871977,-0.0038405656814575195,0.0
102,5.1000000000000005,-50.70414352416992,24.509218215942383,0.0022173278978769332,3.3624951627393216,1.9073412719748661e-06,0.0005616825072156679,8,-47.97590763342289,24.516798124039553,0.002779010405092601,4.0,0.6375048372606784,0.0011925932485610247,0.1912514567375183,0.0,0,0,0,0.00013035547453910112,0.0038405656814575195,0.0
103,5.15,-50.53564453125,24.509700775146484,0.0022787200027870646,3.3752967867426986,1.9073412720780822e-06,0.000500290402306786,8,-47.79793547532074,24.51730700933604,0.0027790104050938506,4.0,0.6247032132573014,0.0010623133275657892,0.18741096556186676,0.0,0,0,0,-0.00013027992099523544,-0.0038404911756515503,0.0
104,5.2,-50.36726379394531,24.510221481323242,0.0022172966889579086,3.362494924575688,1.9073412335854356e-06,0.0005617137161256355,8,-47.669027963595276,24.51771801872581,0.002779010405083544,4.0,0.6375050754243121,0.0011926594888791442,0.19125151634216309,0.0,0,0,0,0.00013034616131335497,0.0038405507802963257,0.0
105,5.25,-50.19876480102539,24.510705947875977,0.0022786932151315684,3.375297024578545,1.9073412503463338e-06,0.0005003171899618168,8,-47.49105545325488,24.51822881234981,0.002779010405093385,4.0,0.6247029754214548,0.0010623702546581626,0.1874108910560608,0.0,0,0,0,-0.0001302892342209816,-0.003840625286102295,0.0
106,5.300000000000001,-50.0303840637207,24.5112247467041,0.0022172732822686404,3.3624951626234214,1.9073412144453641e-06,0.0005617371228165439,8,-47.33214805721603,24.51872128459623,0.0027790104050851843,4.0,0.6375048373765786,0.0011927090818062425,0.1912514567375183,0.0,0,0,0,0.00013033882714807987,0.0038405656814575195,0.0
107,5.3500000000000005,-49.86188507080078,24.511709213256836,0.002278673449482853,3.375296786597286,1.907341224891869e-06,0.0005003369556141131,8,-47.15417589913572,24.519232077241305,0.002779010405096966,4.0,0.624703213402714,0.0010618212400004268,0.18741096556186676,0.0,0,0,0,-0.0001308878418058157,-0.0038404911756515503,0.0
108,5.4,-49.693504333496094,24.51222801208496,0.0022172327106739086,3.36249444474386,1.6543966708023466e-06,0.0005617776944200352,8,-46.995268794607036,24.51972480162312,0.002779010405093944,4.0,0.6375055552561402,0.0011891390895470977,0.19125166535377502,0.0,0,0,0,0.00012731784954667091,0.003840699791908264,0.0
109,5.45,-49.52500534057617,24.51270866394043,0.0022784742325497476,3.37529700522056,1.3330102551813161e-06,0.0005005361725297923,8,-46.81729594500244,24.520232102880286,0.00277901040507954,4.0,0.6247029947794398,0.0010561307426542044,0.1874108910560608,0.0,0,0,0,-0.00013300834689289331,-0.0038407742977142334,0.0
110,5.5,-49.356624603271484,24.513229370117188,0.0022167263459627385,3.362495123703762,1.0118492506060173e-06,0.00056228405913396,8,-46.658388574632134,24.52072680356628,0.0027790104050966985,4.0,0.6375048762962381,0.0011871586320921779,0.1912514567375183,0.0,0,0,0,0.0001310278894379735,0.0038405656814575195,0.0
111,5.550000000000001,-49.18812561035156,24.513710021972656,0.0022777655300135692,3.375297696645658,6.904629006754953e-07,0.0005012448750981733,8,-46.48041572665107,24.521234104818948,0.0027790104051117425,4.0,0.6247023033543422,0.0010576347121968865,0.18741069734096527,0.0,0,0,0,-0.00012952391989529133,-0.0038407593965530396,0.0
112,5.6000000000000005,-49.019744873046875,24.514230728149414,0.0022160257057306414,3.3624953591257896,3.6930188364661665e-07,0.000562984699396505,8,-46.321508693667646,24.521728804567346,0.0027790104051271464,4.0,0.6375046408742104,0.0011886453721672297,0.19125139713287354,0.0,0,0,0,0.0001310106599703431,0.003840699791908264,0.0
113,5.65,-48.85124588012695,24.514711380004883,0.002277148893788513,3.3752984134451416,4.7915541263009176e-08,0.0005018615113617595,8,-46.173535371673545,24.522152736610543,0.0027790104051502724,4.0,0.6247015865548584,0.0010652035707607865,0.18741047382354736,0.0,0,0,0,-0.00012344180140644312,-0.003840923309326172,0.0
114,5.7,-48.682865142822266,24.51523208618164,0.002215758349324333,3.3624961093486148,-2.1894548571307904e-06,0.0005624314965162391,9,-45.68381748735328,24.523566220824833,0.002778189845840572,4.0,0.6375038906513852,0.0011959606781601906,0.19125117361545563,0.0,0,0,0,0.00013075710739940405,0.003840699791908264,0.0
115,5.75,-48.51436233520508,24.515714645385742,0.0022773366674513095,3.375297982541147,2.351417671686562e-13,0.0005016737377497777,8,-45.836652231240784,24.523156048782948,0.0027790104052010873,4.0,0.6247020174588531,0.0010652850614860654,0.1874106079339981,0.0,0,0,0,-0.0001306756166741252,-0.0038405656814575195,0.0
116,5.800000000000001,-48.345985412597656,24.5162353515625,0.0022161120504066087,3.3624961223320344,-4.806230705403994e-06,0.0005609910135464338,9,-45.34693772290622,24.524568843750846,0.0027771030639530425,4.0,0.6375038776679656,0.0011952088680118322,0.19125115871429443,0.0,0,0,0,0.00012992380652576685,0.0038405507802963257,0.0
117,5.8500000000000005,-48.17748260498047,24.5167179107666,0.002277684386824106,3.3752979848988978,-4.390211616896698e-06,0.0004994540151851733,8,-45.49977247715353,24.52415869173831,0.0027771384020092793,4.0,0.6247020151011022,0.0010645459406077862,0.1874106079339981,0.0,0,0,0,-0.00013066292740404606,-0.0038405507802963257,0.0
118,5.9,-48.00910568237305,24.51723861694336,0.002216417117590072,3.362495168109892,-4.163683190441456e-06,0.0005606859464036148,9,-45.01005875648739,24.52557146446066,0.0027771030639936866,4.0,0.6375048318901082,0.0011945299338549376,0.1912514567375183,0.0,0,0,0,0.00012998399324715137,0.0038408488035202026,0.0
119,5.95,-47.84060287475586,24.51772117614746,0.002277944461149309,3.375297029570298,-3.842289612568731e-06,0.0004991586028166945,8,-45.162893430434465,24.525161312671116,0.0027771030639660035,4.0,0.624702970429702,0.001063921139575541,0.1874108910560608,0.0,0,0,0,-0.00013060879427939653,-0.0038405656814575195,0.0
120,6.0,-47.67222595214844,24.51824188232422,0.002216635059874592,3.362494451361386,-1.1548804137208324e-06,0.0005613548247063583,9,-44.67317960493894,24.526574379056658,0.0027779898845809504,4.0,0.6375055486386141,0.001194023061543703,0.19125166535377502,0.0,0,0,0,0.00013010192196816206,0.0038407742977142334,0.0
121,6.050000000000001,-47.50372314453125,24.51872444152832,0.002278126773251276,3.37529631295022,-3.1980358634097275e-06,0.0004989770183095911,8,-44.826014207167255,24.526163934336168,0.002777103791560867,4.0,0.62470368704978,0.0,0.0,1.0,0,0,1,-0.001194023061543703,-0.19125166535377502,1.0
122,6.1000000000000005,-47.33625030517578,24.51919174194336,0.002165916665345119,3.3214701410598106,1.9339513284664933e-06,0.0006131043408580663,9,-44.37104888349656,24.52743018623641,0.0027790210062031855,4.0,0.6785298589401894,0.0,0.0,1.0,0,0,1,0.0,0.0,0.0
123,6.15,-47.172874450683594,24.519559860229492,0.002146209533352858,3.22439125621604,1.9322193868746146e-06,0.0006328114728610117,9,-44.28776279979824,24.52757573452613,0.0027790210062138697,4.0,0.7756087437839598,0.0013434914872050285,0.23268263041973114,0.0,0,0,0,0.0013434914872050285,0.23268263041973114,-1.0
124,6.2,-47.01533508300781,24.520004272460938,0.002018470387488827,3.1154150682292023,1.93054923149083e-06,0.000760550618703607,9,-44.220128440096694,24.527770299878764,0.002779021006192434,4.0,0.8845849317707977,0.0016145787667483091,0.2653754651546478,0.0,0,0,0,0.0002710872795432806,0.03269283473491669,0.0
125,6.25,-46.859657287597656,24.52044677734375,0.002060422326701518,3.116627067762048,1.9288989114834426e-06,0.0007185986795067035,9,-44.063450749048464,24.528215585150082,0.0027790210062082214,4.0,0.8833729322379522,0.0015255545731633902,0.26501187682151794,0.0,0,0,0,-8.902419358491898e-05,-0.0003635883331298828,0.0
126,6.300000000000001,-46.70418930053711,24.520938873291016,0.0019722153885284887,3.1063176455132107,1.927250741396054e-06,0.0008068056176705079,9,-43.916488002608354,24.528684046442304,0.0027790210061989966,4.0,0.8936823544867893,0.0,0.0,1.0,0,0,1,-0.0015255545731633902,-0.26501187682151794,1.0
127,6.3500000000000005,-46.5488166809082,24.52131462097168,0.001958413634201451,3.097677541812726,1.915758689540782e-06,0.0008206033898767546,9,-43.768243441032006,24.529039985468344,0.0027790170240782055,4.0,0.9023224581872742,0.0,0.0,1.0,0,0,1,0.0,0.0,0.0
128,6.4,-46.39723205566406,24.521677017211914,0.0017539433297639748,2.978739002601185,1.9051172639840755e-06,0.0010250697581217316,9,-43.714782731696715,24.52912969305656,0.0027790130878857064,4.0,1.021260997398815,0.0021760195959359407,0.3063783049583435,0.0,0,0,0,0.0021760195959359407,0.3063783049583435,-1.0
129,6.45,-46.25068283081055,24.522045135498047,0.0017608860138752704,2.9129213573601165,1.8879834413143906e-06,0.001018120238016494,9,-43.622532854424364,24.529346911524375,0.0027790062518917645,4.0,1.0870786426398835,0.0021612972486764193,0.32612359523773193,0.0,0,0,0,-1.4722347259521484e-05,0.019745290279388428,0.0
130,6.5,-46.105873107910156,24.52251434326172,0.0016553481127821977,2.8906865357041345,1.872572623331549e-06,0.0011236516912741046,9,-43.49606678846312,24.529765140602645,0.0027789998040563023,4.0,1.1093134642958655,0.0023852589074522257,0.33279404044151306,0.0,0,0,0,0.00022396165877580643,0.006670445203781128,0.0
131,6.550000000000001,-45.9600830078125,24.522958755493164,0.0017122010104573975,2.934295645261195,1.8741181487483966e-06,0.001066798793601647,9,-43.23929960132534,24.53051795738563,0.0027789998040590445,4.0,1.0657043547388052,0.0,0.0,1.0,0,0,1,-0.0023852589074522257,-0.33279404044151306,1.0
132,6.6000000000000005,-45.81367111206055,24.523353576660156,0.0015374137689783214,2.9120105770223343,1.8518946975701334e-06,0.0012415860350749252,9,-43.11127275219106,24.53086170860367,0.0027789998040532466,4.0,1.0879894229776657,0.0,0.0,1.0,0,0,1,0.0,0.0,0.0
133,6.65,-45.66975402832031,24.52361488342285,0.0014601677932781375,2.8467266833991127,1.578921078853289e-06,0.001318832010783608,9,-43.02121467314688,24.53097361379226,0.0027789998040617454,4.0,1.1532733166008873,0.0,0.0,1.0,0,0,1,0.0,0.0,0.0
134,6.7,-45.53242492675781,24.523876190185547,0.001187487015346682,2.6724522622533815,1.3184430809505543e-06,0.0015915127887150314,10,-42.82995782243763,24.531385046624067,0.0027789998040617134,4.0,1.3275477377466185,0.0033708992414176464,0.3982643187046051,0.0,0,0,0,0.0033708992414176464,0.3982643187046051,-1.0
135,6.75,-45.40259552001953,24.524171829223633,0.0011784151027349492,2.560947577901343,1.0768442635098255e-06,0.0016005866922928675,10,-42.80141144838742,24.531399466188244,0.0027790017950278167,4.0,1.4390524220986571,0.0033900863490998745,0.431715726852417,0.0,0,0,0,1.918710768222809e-05,0.03345140814781189,0.0
136,6.800000000000001,-45.27641677856445,24.524606704711914,0.0010403383925555844,2.515605734606106,8.534731227296741e-07,0.0017386703722049356,10,-42.7164180618954,24.531720128421163,0.00277900876476052,4.0,1.484394265393894,0.003683067625388503,0.4453182816505432,0.0,0,0,0,0.0002929812762886286,0.01360255479812622,0.0
137,6.8500000000000005,-45.14865493774414,24.525028228759766,0.0010951225290109568,2.584877205660165,6.397702112456716e-07,0.001683898477208536,10,-42.5257348909692,24.532316757659363,0.002779021006219493,4.0,1.415122794339835,0.0,0.0,1.0,0,0,1,-0.003683067625388503,-0.4453182816505432,1.0
138,6.9,-45.018836975097656,24.52536964416504,0.0008703516029711064,2.5913807699605806,3.907860055751486e-07,0.0019086694032598205,10,-42.39000955634669,24.532674838802908,0.002779021006230927,4.0,1.4086192300394194,0.0,0.0,1.0,0,0,1,0.0,0.0,0.0
139,6.95,-44.89002990722656,24.525548934936523,0.0007432393662679772,2.5550257761870596,1.4374153532378808e-07,0.0020357816399945517,10,-42.294224820365464,24.532762606629657,0.002779021006262529,4.0,1.4449742238129404,0.0,0.0,1.0,0,0,1,0.0,0.0,0.0
140,7.0,-44.76683807373047,24.52573013305664,0.000408744837926655,2.394470366526079,2.120238120750101e-08,0.00237027616834682,11,-42.06632288851095,24.533234919601444,0.0027790210062734752,4.0,1.605529633473921,0.005024109035730362,0.4816588759422302,0.0,0,0,0,0.005024109035730362,0.4816588759422302,-1.0
141,7.050000000000001,-44.65045166015625,24.525970458984375,0.0004009219972802911,2.297112325956081,2.1202421600537147e-08,0.002378099009013365,11,-42.04632056434763,24.533207391430505,0.002779021006293656,4.0,1.702887674043919,0.005040265154093504,0.5,0.0,0,0,0,1.6156118363142014e-05,0.018341124057769775,0.0
142,7.1000000000000005,-44.53736877441406,24.52638816833496,0.0002795808098534176,2.255974616302839,2.1202404191719704e-08,0.0024994401964373255,11,-41.97396385847132,24.533511921580388,0.002779021006290743,4.0,1.7440253836971609,0.005299487616866827,0.5,0.0,0,0,0,0.00025922246277332306,0.0,0.0
143,7.15,-44.42208480834961,24.526803970336914,0.0003608430808484217,2.3422992465925696,0.0735694152081021,0.054871665772985016,11,-41.7734004717742,24.599564621031895,0.05523250885383344,4.0,1.6577007534074304,0.1806044578552246,0.49731022119522095,0.0,0,0,0,0.17530497023835778,-0.0026897788047790527,0.0
144,7.2,-44.3031005859375,24.529787063598633,0.0024165453511311203,2.407571307540809,-1.2422491109612827e-06,0.0003619230237525365,10,-41.749566563685434,24.53688323763492,0.0027784683748836568,4.0,1.5924286924591908,0.0,0.0,1.0,0,0,1,-0.1806044578552246,-0.49731022119522095,1.0
145,7.25,-44.1798095703125,24.533327102661133,0.004491961092717757,2.4947643211887267,-4.517892991127981e-06,-0.0017148686225601458,10,-41.54707551547008,24.54064298528686,0.0027770924701576113,4.0,1.5052356788112733,0.0,0.0,1.0,0,0,1,0.0,0.0,0.0
146,7.300000000000001,-44.0565185546875,24.534645080566406,0.004430204363603691,2.432818543627441,-4.280115633549346e-06,-0.0016531118934260802,10,-41.48005169198727,24.54180446581659,0.0027770924701776105,4.0,1.567181456372559,0.0,0.0,1.0,0,0,1,0.0,0.0,0.0
147,7.3500000000000005,-43.93743133544922,24.535375595092773,0.004292919189633082,2.3396039824201864,-4.050448638577911e-06,-0.0015158267194658333,10,-41.39980087750049,24.542426898110584,0.0027770924701672486,4.0,1.6603960175798136,0.0,0.0,1.0,0,0,1,0.0,0.0,0.0
148,7.4,-43.82644271850586,24.535968780517578,0.003917681872635519,2.137823292053692,-3.836400731404774e-06,-0.0011405894024657196,11,-41.38000713188314,24.542766612245124,0.002777092470169799,4.0,1.862176707946308,0.0,0.0,1.0,0,0,1,0.0,0.0,0.0
149,7.45,-43.73987579345703,24.536508560180664,0.003075824922993797,1.3043924099983808,-3.671280598402382e-06,-0.0002987324528032913,15,-41.34417493420507,24.543165331395926,0.0027770924701905056,4.0,2.695607590001619,-0.0006286582793109119,0.5,0.0,0,0,0,-0.0006286582793109119,0.5,-1.0
150,7.5,-43.71284484863281,24.536678314208984,0.0029207433830981933,0.16343137523985005,-3.6197228893176947e-06,-0.00014365091291959836,23,-41.572139419785984,24.542626886156132,0.002777092470178595,4.0,3.83656862476015,-0.00030022411374375224,0.5,0.0,0,0,0,0.00032843416556715965,0.0,0.0
151,7.550000000000001,-43.712913513183594,24.536684036254883,0.002917252665505318,7.607925102123803e-05,-2.4963224447794793e-06,-0.0001395984702229013,24,-41.71277672916122,24.54224223520433,0.0027776541952824166,4.0,3.9999239207489787,-0.00029113286291249096,0.5,0.0,0,0,0,9.091250831261277e-06,0.0,0.0
152,7.6000000000000005,-43.70640182495117,24.536624908447266,0.003159724120081325,0.21559209149593475,-3.6074342616692484e-06,-0.0003826316499221886,22,-41.6363485880058,24.542377259931165,0.0027770924701591366,4.0,3.784407908504065,-0.0008059502579271793,0.5,0.0,0,0,0,-0.0005148173950146884,0.0,0.0
153,7.65,-43.68966293334961,24.53668975830078,0.0031352222578296205,0.42940281074625264,-3.575507394952028e-06,-0.00035812978767708805,20,-41.58115647345264,24.542548866288115,0.0027770924701525325,4.0,3.570597189253747,-0.0007541695376858115,0.5,0.0,0,0,0,5.178072024136782e-05,0.0,0.0
154,7.7,-43.663902282714844,24.53683853149414,0.0029222336089816067,0.5715444769496045,-3.5263725953376193e-06,-0.0001451411388083035,19,-41.492298610677715,24.542872817589718,0.002777092470173303,4.0,3.4284555230503955,-0.000302311556879431,0.5,0.0,0,0,0,0.0004518579808063805,0.0,0.0
155,7.75,-43.63163375854492,24.536954879760742,0.002808291145995272,0.7020222712317796,-3.4648253557836156e-06,-3.119867581730801e-05,18,-41.42807855390007,24.543077836897577,0.002777092470177964,4.0,3.2979777287682204,-6.061318708816543e-05,0.5,0.0,0,0,0,0.00024169836979126558,0.0,0.0
156,7.800000000000001,-43.59231185913086,24.537044525146484,0.0027548232456997526,0.847453024053676,-3.389825129248257e-06,2.226922450213097e-05,17,-41.34775092957677,24.543281284265486,0.0027770924702018836,4.0,3.152546975946324,5.275569128571078e-05,0.5,0.0,0,0,0,0.00011336887837387621,0.0,0.0
157,7.8500000000000005,-43.54515075683594,24.537267684936523,0.002614570103529926,1.0180119103974974,-3.2998723364010413e-06,0.00016252236666778296,16,-41.24042331643036,24.543671442496162,0.002777092470197709,4.0,2.9819880896025026,0.00035028616548515856,0.5,0.0,0,0,0,0.0002975304741994478,0.0,0.0
158,7.9,-43.49016571044922,24.537399291992188,0.0026508377282538167,1.1291513250070664,-3.194997225368021e-06,0.00012625474193349393,16,-41.14614028722153,24.543912079089033,0.0027770924701873106,4.0,2.8708486749929336,0.00027326770941726863,0.5,0.0,0,0,0,-7.701845606788993e-05,0.0,0.0
159,7.95,-43.42793273925781,24.53752326965332,0.0026373188047554372,1.3009876116068202,-3.076297892842632e-06,0.0001397736654673255,15,-41.03665808372856,24.54416715387503,0.0027770924702227627,4.0,2.6990123883931796,0.0003018780262209475,0.5,0.0,0,0,0,2.861031680367887e-05,0.0,0.0
160,8.0,-43.35820388793945,24.537628173828125,0.0028063265445426883,1.4586523477236326,-2.943301650152816e-06,-2.9234074318999683e-05,14,-40.95886402841373,24.54429432292795,0.0027770924702236886,4.0,2.541347652276367,-5.6871464039431885e-05,0.5,0.0,0,0,0,-0.0003587494902603794,0.0,0.0
161,8.05,-43.2806282043457,24.537885665893555,0.0026576862654593887,1.6104193927974217,-1.8006792999606183e-06,0.00011983785844833696,14,-40.78287408731531,24.54482505673579,0.0027775241239077256,4.0,2.3895806072025785,0.0002585197798907757,0.5,0.0,0,0,0,0.00031539124393020757,0.0,0.0
162,8.1,-43.19646453857422,24.538061141967773,0.002852649162827579,1.7323284250450588,-1.0396062109785387e-06,-7.48456881877889e-05,13,-40.75218349649542,24.54485193141336,0.0027778034746397903,4.0,2.2676715749549414,-0.0001553093024995178,0.5,0.0,0,0,0,-0.0004138290823902935,0.0,0.0
163,8.15,-43.10593795776367,24.53836441040039,0.0026828903283891417,1.863767197952258,-3.665483323403787e-07,9.516557684255845e-05,12,-40.721716256740486,24.544988295165265,0.0027780559052317,4.0,2.1362328020477417,0.0002048918540822342,0.5,0.0,0,0,0,0.000360201156581752,0.0,0.0
164,8.200000000000001,-43.00861358642578,24.538583755493164,0.002850751400476573,2.0020653511530617,1.932411743595444e-06,-7.173039427089099e-05,11,-40.53157844807759,24.545465573477518,0.002779021006205682,4.0,1.9979346488469383,0.0,0.0,1.0,0,0,1,-0.0002048918540822342,-0.5,1.0
165,8.25,-42.90526580810547,24.53893280029297,0.0026874283652896097,2.097246472274512,1.930220547209649e-06,9.15926409203625e-05,11,-40.33400172382672,24.546076485362796,0.002779021006209972,4.0,1.902753527725488,0.0,0.0,1.0,0,0,1,0.0,0.0,0.0
166,8.3,-42.80044174194336,24.53916358947754,0.002863869029291164,2.0835973108354913,1.928543472045144e-06,-8.484802309600536e-05,11,-40.24269027591452,24.546269724277774,0.0027790210061951585,4.0,1.9164026891645087,0.0,0.0,1.0,0,0,1,0.0,0.0,0.0
167,8.35,-42.69941329956055,24.539440155029297,0.00288718131157939,1.9443208294074474,1.928543484666992e-06,-0.00010816030537980645,12,-40.09900004861007,24.546664848131197,0.0027790210061995834,4.0,2.0556791705925526,0.0,0.0,1.0,0,0,1,0.0,0.0,0.0
168,8.4,-42.635536193847656,24.53953742980957,0.00313882714805126,0.7574722196912479,1.9285434473574267e-06,-0.00035980614186776304,19,-40.3278807519119,24.54594854071607,0.002779021006183497,4.0,3.242527780308752,-0.0007621718104928732,0.5,0.0,0,0,0,-0.0007621718104928732,0.5,-1.0
169,8.450000000000001,-42.62700653076172,24.539554595947266,0.0031412830299041524,0.0005470103623293474,1.928543500123378e-06,-0.0003622620236965299,24,-40.62597493279227,24.54511359055676,0.0027790210062076225,4.0,3.9994529896376707,-0.0007666741730645299,0.5,0.0,0,0,0,-4.502362571656704e-06,0.0,0.0
170,8.5,-42.627044677734375,24.539554595947266,0.00314127392730277,7.640442794821363e-05,1.9285434818723524e-06,-0.000362252921104081,24,-40.62690722758699,24.545111105694783,0.002779021006198689,4.0,3.9999235955720516,-0.0007666542078368366,0.5,0.0,0,0,0,1.996522769331932e-08,0.0,0.0
171,8.55,-42.62122344970703,24.539575576782227,0.003139256270687845,0.15156298724198872,1.9285434669268423e-06,-0.0003602352644961949,23,-40.5023557299921,24.545462041292353,0.00277902100619165,4.0,3.848437012758011,-0.0007625665166415274,0.5,0.0,0,0,0,4.087691195309162e-06,0.0,0.0
172,8.6,-42.606693267822266,24.53966522216797,0.0030150250073221526,0.3515168367188316,1.9285435157766553e-06,-0.00023600400110549823,21,-40.4638501622614,24.54561831495052,0.0027790210062166544,4.0,3.6484831632811683,-0.000499146815855056,0.5,0.0,0,0,0,0.00026341970078647137,0.0,0.0
173,8.65,-42.58329391479492,24.53970718383789,0.003050527493381296,0.5161805488491175,1.9285434866133516e-06,-0.000271506487179907,20,-40.33160469898719,24.545962763025955,0.002779021006201389,4.0,3.4838194511508824,-0.0005746250390075147,0.5,0.0,0,0,0,-7.547822315245867e-05,0.0,0.0
174,8.700000000000001,-42.55276870727539,24.539762496948242,0.0031926549912128606,0.6891432961024145,1.9285435239983773e-06,-0.0004136339849937225,18,-40.36872504224066,24.54583008724579,0.002779021006219138,4.0,3.3108567038975854,-0.0008763528312556446,0.5,0.0,0,0,0,-0.00030172779224812984,0.0,0.0
175,8.75,-42.51527786254883,24.539823532104492,0.003331407504526265,0.8153055525498775,1.928543464813949e-06,-0.0005523864983355067,18,-40.28259856685028,24.546026282189246,0.0027790210061907584,4.0,3.1846944474501226,-0.001170873292721808,0.5,0.0,0,0,0,-0.0002945204614661634,0.0,0.0
176,8.8,-42.468467712402344,24.53990936279297,0.003574251125461638,1.0019502199542054,1.928543474563095e-06,-0.0007952301192647787,17,-40.128158676680364,24.546411218956138,0.0027790210061968594,4.0,2.9980497800457946,-0.0016863051569089293,0.5,0.0,0,0,0,-0.0005154318641871214,0.0,0.0
177,8.85,-42.41474533081055,24.54012107849121,0.0034270337130115247,1.160913733028765,1.928543513159825e-06,-0.0006480127067964572,16,-40.140432581377766,24.54643952911631,0.0027790210062150675,4.0,2.839086266971235,-0.0013739753048866987,0.5,0.0,0,0,0,0.0003123298520222306,0.0,0.0
178,8.9,-42.3536262512207,24.540197372436523,0.003655001082545283,1.2560953463210398,1.9285434929546333e-06,-0.0008759800763381348,16,-39.94859792439796,24.546879085332183,0.002779021006207148,4.0,2.7439046536789604,-0.0018577775917947292,0.5,0.0,0,0,0,-0.0004838022869080305,0.0,0.0
179,8.950000000000001,-42.28422927856445,24.540374755859375,0.003638553462070792,1.4752486542347771,1.928543462082627e-06,-0.0008595324558748176,14,-39.95205867791057,24.54685399508232,0.0027790210061959743,4.0,2.524751345765223,-0.001822947640903294,0.5,0.0,0,0,0,3.4829950891435146e-05,0.0,0.0
180,9.0,-42.20730209350586,24.540584564208984,0.003557724442392285,1.5804547818740646,1.9084213665953795e-06,-0.0007787123009862155,14,-39.74625448417214,24.5474219545736,0.0027790121414060696,4.0,2.4195452181259354,0.0,0.0,1.0,0,0,1,0.001822947640903294,-0.5,1.0
181,9.05,-42.12303924560547,24.54085350036621,0.003558002981994578,1.742895116095381,1.9101240452601073e-06,-0.0007789904817780183,12,-39.73815067575231,24.547479242443632,0.0027790125002165596,4.0,2.257104883904619,0.0,0.0,1.0,0,0,1,0.0,0.0,0.0
182,9.1,-42.03779602050781,24.54115104675293,0.0035583241737862036,1.663224441458921,1.8924288427658517e-06,-0.0007793198129493416,13,-39.67286908081196,24.547721313513897,0.002779004360836862,4.0,2.336775558541079,0.0,0.0,1.0,0,0,1,0.0,0.0,0.0
183,9.15,-41.95621871948242,24.54144287109375,0.0035583369174281383,1.550126918345954,1.8833820204580687e-06,-0.0007793371133477858,14,-39.532322599376805,24.548177011887763,0.0027789998040803525,4.0,2.449873081654046,0.0,0.0,1.0,0,0,1,0.0,0.0,0.0
184,9.200000000000001,-41.918907165527344,24.541574478149414,0.0035585519988950813,0.23119336816264333,1.9272519905947152e-06,-0.0007795316595984028,22,-39.82110972162806,24.547402387662164,0.0027790203392966785,4.0,3.7688066318373568,-0.0016523569356650114,0.5,0.0,0,0,0,-0.0016523569356650114,0.5,-1.0
185,9.25,-41.917659759521484,24.54157829284668,0.003554835796862255,0.00017539107562011396,1.9285434331188164e-06,-0.0007758147906686522,24,-39.91733423586034,24.547135325255827,0.002779021006193603,4.0,3.99982460892438,-0.0016442377818748355,0.5,0.0,0,0,0,8.119153790175915e-06,0.0,0.0
186,9.3,-41.91765594482422,24.54157829284668,0.0035548292950041247,9.99390677710519e-05,1.9285434170873694e-06,-0.0007758082888178444,24,-39.917473779424334,24.547134926859183,0.0027790210061862802,4.0,3.999900060932229,-0.001644223928451538,0.5,0.0,0,0,0,1.3853423297405243e-08,0.0,0.0
187,9.35,-41.91230773925781,24.541593551635742,0.0035511939760864367,0.13378551443354414,1.9285351327991834e-06,-0.0007721729742074163,23,-39.82615044357143,24.547389112955695,0.0027790210018790204,4.0,3.8662144855664557,-0.001636630855500698,0.5,0.0,0,0,0,7.593072950839996e-06,0.0,0.0
188,9.4,-41.899864196777344,24.541711807250977,0.0034143928004350304,0.30984046726823733,1.9285434402546014e-06,-0.0006353717942374224,21,-39.82849578917347,24.54746626983519,0.002779021006197608,4.0,3.6901595327317627,-0.0013465317897498608,0.5,0.0,0,0,0,0.0002900990657508373,0.0,0.0
189,9.450000000000001,-41.88172912597656,24.541704177856445,0.0036839907873526916,0.433733576574128,1.913200200200256e-06,-0.0009049776357398847,20,-39.76607688935793,24.54758170517414,0.002779013151612807,4.0,3.566266423425872,-0.001918714726343751,0.5,0.0,0,0,0,-0.0005721829365938902,0.0,0.0
190,9.5,-41.855560302734375,24.541751861572266,0.003824947430572192,0.5667042778307961,1.8925644706862046e-06,-0.0010459443634937924,20,-39.69550658045566,24.547752780372715,0.0027790030670783996,4.0,3.4332957221692038,-0.0022179363295435905,0.5,0.0,0,0,0,-0.0002992216031998396,0.0,0.0
191,9.55,-41.82233810424805,24.54183578491211,0.00372215773487354,0.70442917511484,1.8788190778371017e-06,-0.0009431579308012412,19,-39.5986671086348,24.54801350325493,0.0027789998040722986,4.0,3.29557082488516,-0.0019999025389552116,0.5,0.0,0,0,0,0.0002180337905883789,0.0,0.0
192,9.600000000000001,-41.78118896484375,24.541839599609375,0.004016946260856044,0.8990716613979813,1.8003341322840594e-06,-0.0012379464568216263,17,-39.58953882213099,24.547928410264348,0.0027789998040344175,4.0,3.1009283386020186,-0.0026256407145410776,0.5,0.0,0,0,0,-0.000625738175585866,0.0,0.0
193,9.65,-41.73168182373047,24.54186248779297,0.00437570318801414,1.0434756635443125,1.7059078172322606e-06,-0.0015967033839371296,17,-39.45886821129407,24.548176946721814,0.00277899980407701,4.0,2.9565243364556872,-0.003387085162103176,0.5,0.0,0,0,0,-0.0007614444475620985,0.0,0.0
194,9.700000000000001,-41.67583084106445,24.5421142578125,0.004092292653684945,1.1788743921394746,1.5993804213043986e-06,-0.001313292849607654,16,-39.376852165381656,24.54850153616197,0.0027789998040772907,4.0,2.8211256078605254,-0.002785797230899334,0.5,0.0,0,0,0,0.0006012879312038422,0.0,0.0
195,9.75,-41.61298370361328,24.54244041442871,0.003600218246461537,1.2993249669950881,1.4795085973504096e-06,-0.0008212184424209006,15,-39.32387003187653,24.54880039773578,0.0027789998040406365,4.0,2.700675033004912,-0.00174170162063092,0.5,0.0,0,0,0,0.001044095610268414,0.0,0.0
196,9.8,-41.54159164428711,24.542665481567383,0.0033884688517731155,1.5208800176535697,1.3433394563822781e-06,-0.0006094690477204314,14,-39.15352279046312,24.549300598183695,0.002778999804052684,4.0,2.4791199823464303,0.0,0.0,1.0,0,0,1,0.00174170162063092,-0.5,1.0
197,9.850000000000001,-41.4632453918457,24.54290771484375,0.0033704267156108043,1.5777016509895634,1.1939063117210116e-06,-0.0005914269115453443,13,-39.12069365511087,24.549416488508715,0.00277899980406546,4.0,2.4222983490104366,0.0,0.0,1.0,0,0,1,0.0,0.0,0.0
198,9.9,-41.38228988647461,24.543170928955078,0.003371289902296153,1.6363808696159887,1.039496300086519e-06,-0.0005922900982435436,13,-38.89652206708278,24.550077855520822,0.0027789998040526095,4.0,2.363619130384011,0.0,0.0,1.0,0,0,1,0.0,0.0,0.0
199,9.950000000000001,-41.3087043762207,24.54341697692871,0.0033713260526273565,1.2149106959003293,8.991434195084261e-07,-0.0005923262485638694,16,-38.96023603673393,24.549942487637917,0.002778999804063487,4.0,2.785089304099671,-0.0012563151540234685,0.5,0.0,0,0,0,-0.0012563151540234685,0.5,-1.0
200,10.0,-41.28680419921875,24.54349136352539,0.003366354991975425,0.005970015281943973,8.573722563498185e-07,-0.000587355187901106,24,-39.275468884897734,24.549080020983233,0.002778999804074319,4.0,3.994029984718056,-0.001245336141437292,0.5,0.0,0,0,0,1.0979012586176395e-05,0.0,0.0
201,10.05,-41.286888122558594,24.543487548828125,0.0033662241745898483,0.004979840607698188,8.575323109192429e-07,-0.0005872243705337798,24,-39.2774341328478,24.549070977911693,0.0027789998040560686,4.0,3.995020159392302,-0.001245057675987482,0.5,0.0,0,0,0,2.784654498100281e-07,0.0,0.0
202,10.100000000000001,-41.27853012084961,24.54351043701172,0.0033614538913169737,0.23988625101905206,8.41590721762861e-07,-0.0005824540872747621,22,-39.165273846039,24.549382349309457,0.0027789998040422116,4.0,3.760113748980948,-0.0012350890319794416,0.5,0.0,0,0,0,9.968644008040428e-06,0.0,0.0
203,10.15,-41.25961685180664,24.54355812072754,0.003361265597505527,0.44196625981752696,8.055166976156727e-07,-0.0005822657934598306,21,-39.154152794466896,24.54940841447288,0.0027789998040456962,4.0,3.558033740182473,-0.0012348120799288154,0.5,0.0,0,0,0,2.769520506262779e-07,0.0,0.0
204,10.200000000000001,-41.23456573486328,24.54355812072754,0.0035501112866706164,0.5934668967831592,7.577360704551228e-07,-0.0007711114826076575,20,-39.030353814657666,24.54968288325172,0.002778999804062959,4.0,3.406533103216841,-0.0016356485430151224,0.5,0.0,0,0,0,-0.00040083646308630705,0.0,0.0
205,10.25,-41.20133590698242,24.543519973754883,0.0038404944136585053,0.7226846420657099,6.943561252116537e-07,-0.0010614946096014527,19,-38.948760536497254,24.54977920202408,0.0027789998040570526,4.0,3.27731535793429,-0.0022519477643072605,0.5,0.0,0,0,0,-0.0006162992212921381,0.0,0.0
206,10.3,-41.16048812866211,24.54354476928711,0.004055587844020388,0.8389495890531596,6.164459305643341e-07,-0.0012765880399655937,19,-38.88216002489809,24.549875642491767,0.002778999804054794,4.0,3.1610504109468405,-0.0027084755711257458,0.5,0.0,0,0,0,-0.00045652780681848526,0.0,0.0
207,10.350000000000001,-41.11268997192383,24.543752670288086,0.0037844429350164187,1.0278214905109393,5.252781615757221e-07,-0.0010054431309486967,17,-38.86249655545276,24.550005448169145,0.002778999804067722,4.0,2.9721785094890607,-0.0021408130414783955,0.5,0.0,0,0,0,0.0005676625296473503,0.0,0.0
208,10.4,-41.05747604370117,24.543973922729492,0.0034115683932633254,1.1372373251250307,4.2279906691672364e-07,-0.0006325672260992076,16,-38.81567872302265,24.550203473337223,0.0027790011671641177,4.0,2.8627626748749693,-0.0013501103967428207,0.5,0.0,0,0,0,0.0007907026447355747,0.0,0.0
209,10.450000000000001,-40.99412155151367,24.544208526611328,0.0031186074095640236,1.3522089592841848,3.4293827005493077e-07,-0.00033958731738464604,14,-38.63767463428165,24.550756813859138,0.0027790200921793775,4.0,2.6477910407158154,0.0,0.0,1.0,0,0,1,0.0013501103967428207,-0.5,1.0
210,10.5,-40.92448806762695,24.544418334960938,0.0030639195006089766,1.4013123288596019,2.0754048278906478e-07,-0.00028489991709938376,13,-38.63282321836327,24.550786725309393,0.002779019583509593,4.0,2.5986876711403983,0.0,0.0,1.0,0,0,1,0.0,0.0,0.0
211,10.55,-40.8531494140625,24.54463005065918,0.0030629046905920345,1.3771613033957806,7.322114367602772e-08,-0.0002838836843502739,14,-38.378636344936496,24.55150671894001,0.0027790210062417606,4.0,2.6228386966042194,0.0,0.0,1.0,0,0,1,0.0,0.0,0.0
212,10.600000000000001,-40.82347869873047,24.544721603393555,0.003062785316476766,0.1478829357288702,-1.211843537584495e-08,-0.00028378071649176086,24,-38.792508965038834,24.55036570427392,0.002779004599985005,4.0,3.85211706427113,-0.0006121922051534057,0.5,0.0,0,0,0,-0.0006121922051534057,0.5,-1.0
213,10.65,-40.82361602783203,24.544721603393555,0.003059653501452671,0.00014341149785084697,-2.045706514429424e-08,-0.00028065332205858516,24,-38.82335127007348,24.550280374281137,0.0027790001793940857,4.0,3.999856588502149,-0.0006008578347973526,0.5,0.0,0,0,0,1.1334370356053114e-05,0.0,0.0
214,10.700000000000001,-40.8236083984375,24.544721603393555,0.0030596581827905247,0.0008363172318721132,-2.013354185367161e-08,-0.0002806578280617764,24,-38.822027124934095,24.55028403291547,0.0027790003547287483,4.0,3.999163682768128,-0.0006009477656334639,0.5,0.0,0,0,0,-8.993083611130714e-08,0.0,0.0
215,10.75,-40.81627655029297,24.54473876953125,0.0030590891401669805,0.20650189914615644,2.1161490921552117e-08,-0.0002800681529765625,24,-38.67393122210153,24.550692386325103,0.002779020987190418,4.0,3.7934981008538435,-0.0006039412692189217,0.5,0.0,0,0,0,-2.993503585457802e-06,0.0,0.0
216,10.8,-40.803157806396484,24.544784545898438,0.003049827113223524,0.31816001318152776,2.1202253479811473e-08,-0.0002708061070062053,23,-38.6077518705202,24.55088561961525,0.0027790210062173188,4.0,3.6818399868184724,-0.0005841017700731754,0.5,0.0,0,0,0,1.983949914574623e-05,0.0,0.0
217,10.850000000000001,-40.78227233886719,24.544933319091797,0.0027787724500104006,0.45601303169743485,2.120224171058005e-08,2.4855620114200283e-07,21,-38.652718221324264,24.550851388751052,0.0027790210062115426,4.0,3.543986968302565,-8.494547728332691e-06,0.5,0.0,0,0,0,0.0005756072223448427,0.0,0.0
218,10.9,-40.75334548950195,24.54509162902832,0.0025870526794774923,0.6423435614628452,2.1202322108074267e-08,0.000191968326770662,21,-38.49673501174227,24.55136279189057,0.0027790210062481543,4.0,3.3576564385371546,0.0003988203825429082,0.5,0.0,0,0,0,0.0004073149302712409,0.0,0.0
219,10.950000000000001,-40.71750259399414,24.54521942138672,0.0024936662310808817,0.7940375421085419,2.1202233029156414e-08,0.0002853547751269156,19,-38.51028502438577,24.551353319966292,0.0027790210062077973,4.0,3.205962457891458,0.0005973384249955416,0.5,0.0,0,0,0,0.00019851804245263338,0.0,0.0
220,11.0,-40.67387008666992,24.54547119140625,0.002065629404803571,0.9443280057870639,2.120232095708524e-08,0.0007133916014455542,18,-38.38822200542355,24.5518230505863,0.0027790210062491254,4.0,3.0556719942129362,0.001505972002632916,0.5,0.0,0,0,0,0.0009086335776373744,0.0,0.0
221,11.05,-40.62328338623047,24.54549789428711,0.0023570086164569873,1.0453861367578456,2.1202305117325182e-08,0.0004220123897852937,17,-38.34770922933636,24.5518217577477,0.002779021006242281,4.0,2.9546138632421544,0.0,0.0,1.0,0,0,1,-0.001505972002632916,-0.5,1.0
222,11.100000000000001,-40.59798812866211,24.545352935791016,0.0028491085109642648,0.12698693607726944,2.1202282579797782e-08,-7.008750473054852e-05,25,-38.45348034504233,24.551312562109405,0.0027790210062337162,4.0,3.8730130639227305,-0.0001583783741807565,0.5,0.0,0,0,0,-0.0001583783741807565,0.5,-1.0
223,11.15,-40.59696960449219,24.54535675048828,0.0028463699283198768,0.1051471545792264,2.1202301943648583e-08,-6.734892207750165e-05,25,-38.49523122573568,24.551197519426154,0.002779021006242375,4.0,3.8948528454207736,-0.0001526404230389744,0.5,0.0,0,0,0,5.737951141782105e-06,0.0,0.0
224,11.200000000000001,-40.586753845214844,24.545387268066406,0.0028457010171554545,0.28608169796782035,2.1202276338262716e-08,-6.668001092570257e-05,23,-38.450371789260984,24.551324312758787,0.002779021006229752,4.0,3.7139183020321798,-0.00015063198225107044,0.5,0.0,0,0,0,2.0084407879039645e-06,0.0,0.0
225,11.25,-40.56884765625,24.545387268066406,0.002950588212286869,0.4278855772824749,2.1202344987342192e-08,-0.00017156720602456207,22,-38.33209979979795,24.55160323214471,0.002779021006262307,4.0,3.572114422717525,-0.0003728083975147456,0.5,0.0,0,0,0,-0.00022217641526367515,0.0,0.0
226,11.3,-40.54221725463867,24.545578002929688,0.0023744120100766,0.5953060966991689,2.1202231391577453e-08,0.0004046089961336169,21,-38.36627572400033,24.551624984516227,0.002779021006210217,4.0,3.404693903300831,0.0008502877317368984,0.5,0.0,0,0,0,0.001223096129251644,0.0,0.0
227,11.350000000000001,-40.50786590576172,24.545692443847656,0.002234515689880952,0.7460399811107439,2.120224850809399e-08,0.0005445053163390138,20,-38.22690877455809,24.552031266745445,0.002779021006219966,4.0,3.253960018889256,0.001147490693256259,0.5,0.0,0,0,0,0.00029720296151936054,0.0,0.0
228,11.4,-40.465858459472656,24.54582405090332,0.0021931344837749192,0.9089870985863359,2.1202280414862884e-08,0.00058588652246021,18,-38.233751653751206,24.552027117370955,0.002779021006235129,4.0,3.0910129014136642,0.0012356247752904892,0.5,0.0,0,0,0,8.813408203423023e-05,0.0,0.0
229,11.450000000000001,-40.41672897338867,24.545944213867188,0.0022223855632791567,1.0518798912381362,2.12023188702129e-08,0.0005566354429762553,16,-38.06548970647147,24.552478352799305,0.002779021006255412,4.0,2.948120108761864,0.0,0.0,1.0,0,0,1,-0.0012356247752904892,-0.5,1.0
230,11.5,-40.385833740234375,24.545711517333984,0.0028717763290746377,0.1708080439990995,2.1202321113210354e-08,-9.275532281969624e-05,24,-38.311306493260076,24.551476665770366,0.0027790210062549415,4.0,3.8291919560009005,-0.00020591953943949193,0.5,0.0,0,0,0,-0.00020591953943949193,0.5,-1.0
231,11.55,-40.38481903076172,24.545717239379883,0.0028658804441222844,0.10550941357561275,2.120232948585321e-08,-8.685943786184867e-05,25,-38.28237124173501,24.551559979788884,0.0027790210062604358,4.0,3.894490586424387,-0.00019360912847332656,0.5,0.0,0,0,0,1.2310410966165364e-05,0.0,0.0
232,11.600000000000001,-40.374576568603516,24.545745849609375,0.002864978246288155,0.287539332251616,2.1202302699120656e-08,-8.595724004096779e-05,23,-38.23551248690423,24.55169034772684,0.0027790210062471872,4.0,3.712460667748384,-0.00019114681344944984,0.5,0.0,0,0,0,2.4623150238767266e-06,0.0,0.0
233,11.65,-40.35626983642578,24.545909881591797,0.0026030032979165204,0.45029449158431445,2.1202328814515226e-08,0.00017601770834237444,23,-38.14773653407837,24.55204743662972,0.002779021006258895,4.0,3.5497055084156854,0.00036519987042993307,0.5,0.0,0,0,0,0.0005563466838793829,0.0,0.0
234,11.700000000000001,-40.32953643798828,24.545976638793945,0.0027329692001529403,0.6130331715490236,2.1202288180352524e-08,4.6051806088545384e-05,21,-38.12319310373288,24.552108107848873,0.0027790210062414856,4.0,3.3869668284509764,8.977076504379511e-05,0.5,0.0,0,0,0,-0.00027542910538613796,0.0,0.0
235,11.75,-40.295989990234375,24.546144485473633,0.0025621661672988122,0.7095705171433943,2.120237310374029e-08,0.00021685483898381498,20,-38.075207249953635,24.55231608204453,0.002779021006282627,4.0,3.290429482856606,0.0004524444811977446,0.5,0.0,0,0,0,0.0003626737161539495,0.0,0.0
236,11.8,-40.25533676147461,24.546293258666992,0.002408658597219338,0.8804802628733572,2.1202316981099034e-08,0.00037036240903875247,18,-38.06641765357302,24.55237630530622,0.0027790210062580904,4.0,3.1195197371266428,0.0007785151246935129,0.5,0.0,0,0,0,0.0003260706434957683,0.0,0.0
237,11.850000000000001,-40.20613098144531,24.5465030670166,0.0022198347542975653,1.04791473617559,2.1202375940880536e-08,0.0005591862519893145,17,-37.926903033586115,24.552837084465207,0.00277902100628688,4.0,2.9520852638244097,0.0,0.0,1.0,0,0,1,-0.0007785151246935129,-0.5,1.0
238,11.9,-40.174781799316406,24.54689598083496,0.0016217155611212644,0.17143669300099607,2.1202298280779963e-08,0.0011573054451279282,24,-38.099060133694785,24.55266444859441,0.0027790210062491926,4.0,3.828563306999004,0.0024472069926559925,0.5,0.0,0,0,0,0.0024472069926559925,0.5,-1.0
239,11.950000000000001,-40.17376708984375,24.546899795532227,0.0016215579560801912,0.10551881589414643,2.12023267658068e-08,0.0011574630501837374,25,-38.07130089776875,24.552742587083827,0.0027790210062639286,4.0,3.8944811841058535,0.0024473555386066437,0.5,0.0,0,0,0,1.4854595065116882e-07,0.0,0.0
240,12.0,-40.16351318359375,24.54693031311035,0.0016320035812776466,0.28824272542269275,2.120233444542763e-08,0.0011470174249908764,23,-38.02315487321826,24.552878407925768,0.002779021006268523,4.0,3.711757274577307,0.002425694838166237,0.5,0.0,0,0,0,-2.16607004404068e-05,0.0,0.0
241,12.05,-40.14485168457031,24.547042846679688,0.0014219034479225003,0.42566628409901364,2.1202346916354697e-08,0.0013571175583515518,23,-37.981634116444035,24.553054468016118,0.002779021006274052,4.0,3.5743337159009863,0.002871877048164606,0.5,0.0,0,0,0,0.0004461822099983692,0.0,0.0
242,12.100000000000001,-40.11911392211914,24.546918869018555,0.0019211176755957072,0.5829861763402177,2.1202364590584832e-08,0.0008579033306879774,21,-37.96430099303233,24.55290713362642,0.0027790210062836845,4.0,3.4170138236597825,0.001812848262488842,0.5,0.0,0,0,0,-0.001059028785675764,0.0,0.0
243,12.15,-40.08435821533203,24.54694366455078,0.002131386337113585,0.7440887228265665,-5.157088540054186e-07,0.0006473823779180707,20,-37.8066206665676,24.55327350239393,0.002778768715031656,4.0,3.2559112771734338,0.001366952434182167,0.5,0.0,0,0,0,-0.00044589582830667496,0.0,0.0
244,12.200000000000001,-40.04328155517578,24.547000885009766,0.002373872876000454,0.87086678260879,2.120239255692935e-08,0.00040514813029948445,18,-37.86892682327275,24.55304345683797,0.0027790210062999384,4.0,3.12913321739121,0.0,0.0,1.0,0,0,1,-0.001366952434182167,-0.5,1.0
245,12.25,-40.02626037597656,24.546972274780273,0.0025671052388087437,0.00593021180736498,2.1202346081952705e-08,0.00021191576747067297,26,-37.96681899445965,24.55269549917175,0.0027790210062794167,4.0,3.994069788192635,0.00044084753608331084,0.5,0.0,0,0,0,0.00044084753608331084,0.5,-1.0
246,12.3,-40.025264739990234,24.546974182128906,0.002567158293971085,0.10279552092502095,2.1202331203229452e-08,0.0002118627123007433,25,-37.92813165426231,24.552802152827798,0.002779021006271828,4.0,3.897204479074979,0.0004410246037878096,0.5,0.0,0,0,0,1.7706770449876785e-07,0.0,0.0
247,12.350000000000001,-40.01580047607422,24.547000885009766,0.002568656062009929,0.26303038432735487,2.1202346221597945e-08,0.0002103649442695985,23,-37.92183269975248,24.552820059224683,0.0027790210062795277,4.0,3.736969615672645,0.0004382700426504016,0.5,0.0,0,0,0,-2.754561137408018e-06,0.0,0.0
248,12.4,-39.9981689453125,24.54704475402832,0.002581323242093269,0.4198008168034802,2.1202339718119634e-08,0.00019769776418442162,23,-37.845743802768276,24.553026382910154,0.0027790210062776906,4.0,3.5801991831965196,0.00041651533683761954,0.5,0.0,0,0,0,-2.175470581278205e-05,0.0,0.0
249,12.450000000000001,-39.9744758605957,24.547170639038086,0.00246593450578448,0.5529334853149894,-2.7760594434262167e-06,0.0003117565488870836,22,-37.72618453845487,24.553418489863486,0.002777691054671564,4.0,3.4470665146850106,0.0006598280160687864,0.5,0.0,0,0,0,0.00024331267923116684,0.0,0.0
250,12.5,-39.941463470458984,24.547454833984375,0.001931932866409276,0.7261989623254644,-3.606411516187194e-06,0.000845360552487564,20,-37.69324390611972,24.553702421864106,0.00277729341889684,4.0,3.2738010376745357,0.0017955498769879341,0.5,0.0,0,0,0,0.0011357218609191477,0.0,0.0
251,12.55,-39.90128707885742,24.547637939453125,0.0017600662596022304,0.8386470522957226,-3.980707804998422e-06,0.0010170262105748675,19,-37.62343808003865,24.553967733741178,0.002777092470177098,4.0,3.1613529477042777,0.0,0.0,1.0,0,0,1,-0.0017955498769879341,-0.5,1.0
252,12.600000000000001,-39.88154602050781,24.546520233154297,0.0044238887186904595,0.04985091047093087,-2.2827326304807397e-06,-0.0016460234603553501,26,-37.73360477631789,24.552489222602357,0.0027778652583351094,4.0,3.950149089529069,-0.003491176525130868,0.5,0.0,0,0,0,-0.003491176525130868,0.5,-1.0
253,12.65,-39.88054275512695,24.546504974365234,0.004428303220286456,0.10327741946047315,-1.0594813687463817e-06,-0.001649837485141773,25,-37.782465959351505,24.552335483338332,0.0027784657351446833,4.0,3.8967225805395267,-0.0035041416995227337,0.5,0.0,0,0,0,-1.296517439186573e-05,0.0,0.0
254,12.700000000000001,-39.87112045288086,24.54652976989746,0.00441469249055128,0.2597763688953947,-1.0500061343819006e-06,-0.0016362242798224538,23,-37.78314004583508,24.552332222021978,0.002778468210728826,4.0,3.7402236311046053,-0.003475876059383154,0.5,0.0,0,0,0,2.8265640139579773e-05,0.0,0.0
255,12.75,-39.85375213623047,24.546554565429688,0.004452749166558243,0.4149687968076251,-3.1651742201021724e-06,-0.001675318999844177,23,-37.71021787223999,24.552511262653066,0.0027774301667140657,4.0,3.585031203192375,-0.0035500330850481987,0.5,0.0,0,0,0,-7.415702566504478e-05,0.0,0.0
256,12.8,-39.830360412597656,24.546537399291992,0.004655690884149338,0.5528337843837682,-3.843929616632706e-06,-0.0018785984139811623,22,-37.58224638484111,24.552784479824787,0.0027770924701681753,4.0,3.4471662156162317,-0.003980804700404406,0.5,0.0,0,0,0,-0.0004307716153562069,0.0,0.0
257,12.850000000000001,-39.798667907714844,24.546682357788086,0.0045066485301592735,0.7046751849182246,-3.7833922700257483e-06,-0.0017295560599839377,20,-37.58596243423888,24.552831044701055,0.002777092470175336,4.0,3.2953248150817753,-0.003664638614282012,0.5,0.0,0,0,0,0.0003161660861223936,0.0,0.0
258,12.9,-39.76028823852539,24.54662322998047,0.004858055236738481,0.8380559104114494,-3.7101900939090146e-06,-0.002080962766596103,17,-37.52930609719145,24.552822599818075,0.0027770924701423783,4.0,3.1619440895885504,0.0,0.0,1.0,0,0,1,0.003664638614282012,-0.5,1.0
259,12.950000000000001,-39.74508285522461,24.546539306640625,0.00507843441768579,0.004281268427681233,-3.2978761430480646e-06,-0.002301155522864489,26,-37.68896408267377,24.55225303448379,0.002777278894821301,4.0,3.995718731572319,-0.0048782252706587315,0.5,0.0,0,0,0,-0.0048782252706587315,0.5,-1.0
260,13.0,-39.74409103393555,24.54654312133789,0.00507601312571815,0.10253164325254062,-3.679297126008181e-06,-0.0022989206555609058,25,-37.64747470322294,24.552369313042252,0.0027770924701572444,4.0,3.8974683567474595,-0.004872304853051901,0.5,0.0,0,0,0,5.920417606830597e-06,0.0,0.0
261,13.05,-39.73454284667969,24.54656982421875,0.0050525351760847695,0.2868370311455598,-3.6610854185666064e-06,-0.0022754427059016587,25,-37.54782880685647,24.552646208024168,0.002777092470183111,4.0,3.7131629688544403,-0.0048226965591311455,0.5,0.0,0,0,0,4.9608293920755386e-05,0.0,0.0
262,13.100000000000001,-39.71881103515625,24.5465030670166,0.00532447045096303,0.3882705321702286,-3.631080137603618e-06,-0.0025473779808108245,23,-37.6244013836073,24.552323082335935,0.002777092470152206,4.0,3.6117294678297713,-0.005399860441684723,0.5,0.0,0,0,0,-0.0005771638825535774,0.0,0.0
263,13.15,-39.69476318359375,24.54652214050293,0.005336640368936582,0.5264329844490934,-3.585212844049203e-06,-0.0025595478987436794,22,-37.493598391969925,24.552638579612683,0.0027770924701929025,4.0,3.4735670155509064,-0.005425805691629648,0.5,0.0,0,0,0,-2.5945249944925308e-05,0.0,0.0
264,13.200000000000001,-39.66362380981445,24.546667098999023,0.00498362692317627,0.7109185844651266,-3.5258192134773186e-06,-0.0022065344530243433,20,-37.440616759048844,24.552844136844158,0.002777092470151927,4.0,3.2890814155348735,-0.004676824435591698,0.5,0.0,0,0,0,0.0007489812560379505,0.0,0.0
265,13.25,-39.625,24.54667091369629,0.005105964845454484,0.8438414958613735,-3.4521509187541988e-06,-0.002328872375276488,19,-37.33892648291864,24.553023019731874,0.0027770924701779965,4.0,3.1561585041386264,0.0,0.0,1.0,0,0,1,0.004676824435591698,-0.5,1.0
266,13.3,-39.61307144165039,24.546627044677734,0.005238614194578349,0.0005450645034778603,-3.429399525037291e-06,-0.002461521724415425,26,-37.564481084174304,24.552319613572028,0.002777092470162924,4.0,3.999454935496522,-0.005217218305915594,0.5,0.0,0,0,0,-0.005217218305915594,0.5,-1.0
267,13.350000000000001,-39.61207580566406,24.546632766723633,0.005236149730272725,0.1020240858514539,-3.4275004195316247e-06,-0.0024590572600743637,25,-37.51645343052465,24.55245594631677,0.0027770924701983613,4.0,3.897975914148546,-0.005212127696722746,0.5,0.0,0,0,0,5.0906091928482056e-06,0.0,0.0
268,13.4,-39.60346603393555,24.54665756225586,0.005212666579152841,0.2376889357984928,-3.41107867629295e-06,-0.002435574108969661,25,-37.51299997420432,24.55246640582565,0.00277709247018318,4.0,3.762311064201507,-0.005162456072866917,0.5,0.0,0,0,0,4.967162385582924e-05,0.0,0.0
269,13.450000000000001,-39.58869934082031,24.546606063842773,0.005443674997771199,0.355404969202368,-3.3829140318264797e-06,-0.0026665825275833505,24,-37.41343832730182,24.552650363280865,0.0027770924701878484,4.0,3.644595030797632,-0.005652791820466518,0.5,0.0,0,0,0,-0.0004903357475996017,0.0,0.0
270,13.5,-39.56623077392578,24.546693801879883,0.005215247036607505,0.5182629024779981,-3.340058704844051e-06,-0.0024381545664344767,22,-37.37959504891243,24.5527696471693,0.0027770924701730287,4.0,3.481737097522002,-0.0051681967452168465,0.5,0.0,0,0,0,0.00048459507524967194,0.0,0.0
271,13.55,-39.53557205200195,24.546764373779297,0.0051722172193540104,0.6480642103060903,-3.2815820500686765e-06,-0.0023951247491401325,21,-37.26915070289955,24.55306173321742,0.002777092470213878,4.0,3.3519357896939095,-0.005076983943581581,0.5,0.0,0,0,0,9.121280163526535e-05,0.0,0.0
272,13.600000000000001,-39.49697494506836,24.54695701599121,0.004749788895899704,0.8253011230056683,-3.2079638158299603e-06,-0.001972696425719788,17,-37.28442338669769,24.553104700035938,0.002777092470179916,4.0,3.1746988769943316,0.0,0.0,1.0,0,0,1,0.005076983943581581,-0.5,1.0
273,13.65,-39.485107421875,24.54684066772461,0.00497471209545696,0.0005769967327757124,-3.1853292170895206e-06,-0.0021976196252914476,26,-37.43645271394325,24.552533171255284,0.0027770924701655125,4.0,3.9994230032672244,-0.004657203797250986,0.5,0.0,0,0,0,-0.004657203797250986,0.5,-1.0
274,13.700000000000001,-39.48411560058594,24.546842575073242,0.004972528511422556,0.10196605717473001,-3.1834374192981837e-06,-0.0021954360412270568,25,-37.38860685723975,24.552665195035623,0.002777092470195499,4.0,3.89803394282527,-0.0046527087688446045,0.5,0.0,0,0,0,4.495028406381607e-06,0.0,0.0
275,13.75,-39.47490310668945,24.54686164855957,0.004959371351310533,0.2503214837592571,-3.1658661216694625e-06,-0.002182278881132016,25,-37.35969839399167,24.552738948619343,0.0027770924701785173,4.0,3.749678516240743,-0.0046249632723629475,0.5,0.0,0,0,0,2.7745496481657028e-05,0.0,0.0
276,13.8,-39.459571838378906,24.546903610229492,0.0048499674453733165,0.3810248690548051,-3.1366241721167074e-06,-0.0020728749751984165,23,-37.378494141632665,24.552686106924526,0.0027770924701749,4.0,3.618975130945195,-0.004392932169139385,0.5,0.0,0,0,0,0.00023203110322356224,0.0,0.0
277,13.850000000000001,-39.43632125854492,24.54701042175293,0.004607183381458415,0.5409724131600743,-3.0922771294163154e-06,-0.0018300909112679248,22,-37.20930059977881,24.553198172243604,0.0027770924701904904,4.0,3.459027586839926,-0.003877866081893444,0.5,0.0,0,0,0,0.0005150660872459412,0.0,0.0
278,13.9,-39.40676498413086,24.547164916992188,0.004242713401598584,0.6234051995364491,-3.0359028314833753e-06,-0.0014656209314019334,21,-37.182633670138486,24.553344587110118,0.0027770924701966504,4.0,3.376594800463551,-0.0031045000068843365,0.5,0.0,0,0,0,0.0007733660750091076,0.0,0.0
279,13.950000000000001,-39.36918258666992,24.547136306762695,0.004680692349179757,0.8161262859628046,-2.964221061354383e-06,-0.0019035998789742724,17,-37.169888610103854,24.553246929438533,0.002777092470205485,4.0,3.1838737140371953,0.0,0.0,1.0,0,0,1,0.0031045000068843365,-0.5,1.0
280,14.0,-39.35136795043945,24.547279357910156,0.004471244612269383,0.006514854680544661,-2.930241993406163e-06,-0.001694152142074229,26,-37.29074849639393,24.553004833644444,0.0027770924701951537,4.0,3.9934851453194553,-0.003588824300095439,0.5,0.0,0,0,0,-0.003588824300095439,0.5,-1.0
281,14.05,-39.350379943847656,24.54728126525879,0.004469378839060376,0.10277573454710379,-2.928357499606439e-06,-0.0016922863688474533,25,-37.25328558049632,24.553108033565,0.002777092470212923,4.0,3.897224265452896,-0.0035849963314831257,0.5,0.0,0,0,0,3.8279686123132706e-06,0.0,0.0
282,14.100000000000001,-39.341617584228516,24.547306060791016,0.00445269559124725,0.24458918694835674,-2.9116446525860595e-06,-0.0016756031210176546,25,-37.23763856893242,24.553151931748577,0.002777092470229596,4.0,3.7554108130516433,-0.00354976044036448,0.5,0.0,0,0,0,3.523589111864567e-05,0.0,0.0
283,14.15,-39.326019287109375,24.547367095947266,0.0044039930328124265,0.38595002836818837,-2.881893375118391e-06,-0.001626900562628781,23,-37.23587932383523,24.553174504727373,0.0027770924701836456,4.0,3.6140499716318115,-0.0034465522039681673,0.5,0.0,0,0,0,0.00010320823639631271,0.0,0.0
284,14.200000000000001,-39.303245544433594,24.54742431640625,0.004462347989752836,0.5292827805611201,-2.8384560119623647e-06,-0.0016852555195204827,22,-37.09701286214259,24.55355408279357,0.0027770924702323536,4.0,3.47071721943888,-0.003570508910343051,0.5,0.0,0,0,0,-0.00012395670637488365,0.0,0.0
285,14.25,-39.273948669433594,24.547489166259766,0.004421991736562429,0.6565397573548492,-2.7825770129094596e-06,-0.001644899266355577,18,-37.13929919223514,24.55342008307691,0.0027770924702068523,4.0,3.343460242645151,0.0,0.0,1.0,0,0,1,0.003570508910343051,-0.5,1.0
286,14.3,-39.26260757446289,24.547435760498047,0.0046726352465849665,0.0004893486465304752,-2.760946185067885e-06,-0.001895542776407026,26,-37.21412946380322,24.553127349215863,0.0027770924701779405,4.0,3.9995106513534697,-0.004016181919723749,0.5,0.0,0,0,0,-0.004016181919723749,0.5,-1.0
287,14.350000000000001,-39.26161193847656,24.54743766784668,0.004670742425646138,0.10125511465052044,-2.7590471029480257e-06,-0.0018936499554344697,27,-37.1620219723395,24.55327119737936,0.0027770924702116687,4.0,3.8987448853494797,-0.004012302961200476,0.5,0.0,0,0,0,3.878958523273468e-06,0.0,0.0
288,14.4,-39.252540588378906,24.54744529724121,0.004708442799827572,0.21903143444369574,-2.74174501107248e-06,-0.0019313503296028954,25,-37.19861197627766,24.5531520033433,0.002777092470224677,4.0,3.780968565556304,-0.004092446528375149,0.5,0.0,0,0,0,-8.014356717467308e-05,0.0,0.0
289,14.450000000000001,-39.237003326416016,24.547487258911133,0.004623603954203086,0.386422497235316,-2.7121101999726116e-06,-0.0018465114839996471,23,-37.14599401863529,24.55329691216374,0.002777092470203439,4.0,3.613577502764684,-0.003912582993507385,0.5,0.0,0,0,0,0.00017986353486776352,0.0,0.0
290,14.5,-39.2143440246582,24.54759979248047,0.00442633497779332,0.4950157757785054,-2.668890902087287e-06,-0.0016492425075819296,22,-37.06904926230454,24.553560158628322,0.0027770924702113903,4.0,3.5049842242214946,-0.003494060831144452,0.5,0.0,0,0,0,0.00041852216236293316,0.0,0.0
291,14.55,-39.1857795715332,24.547719955444336,0.0041933882252292234,0.6446064797796738,-2.6144085381769877e-06,-0.0014162957550226188,18,-36.92670947794127,24.55399623253755,0.0027770924702066047,4.0,3.355393520220326,0.0,0.0,1.0,0,0,1,0.003494060831144452,-0.5,1.0
292,14.600000000000001,-39.177921295166016,24.547748565673828,0.00416470566819988,0.00039263802702525064,-2.599420103590634e-06,-0.001387613198002376,26,-37.12963805068066,24.553439451702204,0.0027770924701975043,4.0,3.999607361972975,-0.0029383236542344093,0.5,0.0,0,0,0,-0.0029383236542344093,0.5,-1.0
293,14.65,-39.17692184448242,24.54775047302246,0.0041633231130871005,0.10079395441998291,-2.5975137977118576e-06,-0.0013862306428810904,27,-37.07828647141658,24.553581190021156,0.00277709247020601,4.0,3.899206045580017,-0.0029355271253734827,0.5,0.0,0,0,0,2.796528860926628e-06,0.0,0.0
294,14.700000000000001,-39.1689567565918,24.54775619506836,0.004245135733863525,0.16297731083384678,-2.582321738828393e-06,-0.0014680432636560345,26,-37.08556552941221,24.553544562363353,0.0027770924702074907,4.0,3.837022689166153,-0.0031092159915715456,0.5,0.0,0,0,0,-0.0001736888661980629,0.0,0.0
295,14.75,-39.15435791015625,24.547792434692383,0.0043824698018072724,0.34403377658498957,-2.554476732332528e-06,-0.001605377331575571,24,-37.00070205517918,24.553775906012728,0.0027770924702317013,4.0,3.6559662234150103,-0.0034008421935141087,0.5,0.0,0,0,0,-0.00029162620194256306,0.0,0.0
296,14.8,-39.1335334777832,24.548009872436523,0.004036033895805671,0.4988247653368799,-2.5147566040132838e-06,-0.001258941425579643,22,-36.98146508333267,24.553988895500567,0.0027770924702260275,4.0,3.50117523466312,-0.002665820764377713,0.5,0.0,0,0,0,0.0007350214291363955,0.0,0.0
297,14.850000000000001,-39.10444641113281,24.547998428344727,0.004295688721122169,0.6639843840622733,-2.4592781240817194e-06,-0.0015185962508931184,20,-36.958880464275346,24.55395933798541,0.0027770924702290502,4.0,3.3360156159377268,0.0,0.0,1.0,0,0,1,0.002665820764377713,-0.5,1.0
298,14.9,-39.098445892333984,24.547924041748047,0.00447711969127572,0.00026299444972374247,-2.4478335995097716e-06,-0.001700027221061733,26,-37.05042387405865,24.55361405073816,0.0027770924702139868,4.0,3.9997370055502763,-0.0036012884229421616,0.5,0.0,0,0,0,-0.0036012884229421616,0.5,-1.0
299,14.950000000000001,-39.09744644165039,24.54792594909668,0.00447545469544577,0.1005135363298827,-2.4459272951957156e-06,-0.0016983622252228479,27,-36.999391527214115,24.55375490251689,0.002777092470222922,4.0,3.8994864636701174,-0.0035978923551738262,0.5,0.0,0,0,0,3.3960677683353424e-06,0.0,0.0
300,15.0,-39.0893440246582,24.547922134399414,0.004551505629621646,0.226196444735368,-2.4304733436267614e-06,-0.0017744131593912292,25,-37.02138397789941,24.553667495920354,0.0027770924702304163,4.0,3.773803555264632,-0.00375942699611187,0.5,0.0,0,0,0,-0.0001615346409380436,0.0,0.0
301,15.05,-39.07618713378906,24.547941207885742,0.004568201361002381,0.3092121532061536,-2.405378784208455e-06,-0.0017911088907848912,24,-36.98869210707707,24.553740794897198,0.0027770924702174896,4.0,3.6907878467938464,-0.0037949441466480494,0.5,0.0,0,0,0,-3.551715053617954e-05,0.0,0.0
302,15.100000000000001,-39.05489730834961,24.548091888427734,0.00431675292094334,0.47593691071757177,-2.364771320221594e-06,-0.0015396604507171398,22,-36.943530989360106,24.55395772778805,0.0027770924702262,4.0,3.524063089282428,-0.0032615072559565306,0.5,0.0,0,0,0,0.0005334368906915188,0.0,0.0
303,15.15,-39.02780532836914,24.548295974731445,0.004141311982647866,0.6003014191642104,-2.3130969404516408e-06,-0.0013642195123984148,18,-36.835857137136855,24.554385546303166,0.002777092470249451,4.0,3.3996985808357896,0.0,0.0,1.0,0,0,1,0.0032615072559565306,-0.5,1.0
304,15.200000000000001,-39.02202606201172,24.54826545715332,0.00424024997759026,0.00024282784019617697,-2.3020741982777634e-06,-0.0014631575073635289,28,-36.99151830200475,24.5539066815437,0.0027770924702267314,4.0,3.999757172159804,-0.0030986370984464884,0.5,0.0,0,0,0,-0.0030986370984464884,0.5,-1.0
305,15.25,-39.021026611328125,24.548269271850586,0.0042388125467948635,0.10047834605200717,-2.300167893689621e-06,-0.001461720076564082,27,-36.923044536015844,24.554097877229346,0.0027770924702307815,4.0,3.8995216539479927,-0.003095723921433091,0.5,0.0,0,0,0,2.913177013397217e-06,0.0,0.0
306,15.3,-39.01348876953125,24.548357009887695,0.004017808147169766,0.17091826648536385,-2.2857903479549246e-06,-0.0012407156769613389,26,-36.91409656849473,24.554189516948405,0.0027770924702084274,4.0,3.829081733514636,-0.0026268386282026768,0.5,0.0,0,0,0,0.0004688852932304144,0.0,0.0
307,15.350000000000001,-39.000301361083984,24.54839324951172,0.0040136560605679,0.33100846695957586,-2.260637351428167e-06,-0.0012365635903051615,24,-36.87139349129333,24.55430769937162,0.002777092470262738,4.0,3.6689915330404244,-0.0026182213332504034,0.5,0.0,0,0,0,8.617294952273369e-06,0.0,0.0
308,15.4,-38.98046875,24.548357009887695,0.0043087491335852155,0.45800845164861836,-3.065421609856414e-07,-0.0015307351553752748,23,-36.757741776100374,24.554532098918628,0.0027780139782099408,4.0,3.5419915483513815,-0.0032445190008729696,0.5,0.0,0,0,0,-0.0006262976676225662,0.0,0.0
309,15.450000000000001,-38.951683044433594,24.548357009887695,0.004454527034645331,0.6396261494892516,1.5062417040708972e-06,-0.0016756924640116255,19,-36.672283770432195,24.554689593446838,0.002778834570633705,4.0,3.3603738505107486,0.0,0.0,1.0,0,0,1,0.0032445190008729696,-0.5,1.0
310,15.5,-38.94363021850586,24.54829978942871,0.004639345212810325,0.0004095595942088828,-2.1525475721517404e-06,-0.0018622527425944933,28,-36.912768428233235,24.55394184746918,0.002777092470215832,4.0,3.999590440405791,-0.003945568110793829,0.5,0.0,0,0,0,-0.003945568110793829,0.5,-1.0
311,15.55,-38.9426383972168,24.548303604125977,0.0046374867216824244,0.10089841494843757,-2.150655730216028e-06,-0.0018603942514196603,27,-36.843786778051154,24.55413447480196,0.002777092470262764,4.0,3.8991015850515622,-0.003941738978028297,0.5,0.0,0,0,0,3.82913276553154e-06,0.0,0.0
312,15.600000000000001,-38.93527603149414,24.54834747314453,0.004579585854513819,0.16067260897359653,-2.1366131207041852e-06,-0.0018024933842795132,26,-36.856528747301255,24.55412249803699,0.0027770924702343056,4.0,3.8393273910264036,-0.0038189920596778393,0.5,0.0,0,0,0,0.00012274691835045815,0.0,0.0
313,15.65,-38.92157745361328,24.5483341217041,0.004624402382381459,0.31134218754633763,-2.1104854983676827e-06,-0.0018473099121298752,24,-36.83003536802462,24.55414465290683,0.0027770924702515834,4.0,3.688657812453662,-0.003914268687367439,0.5,0.0,0,0,0,-9.527662768959999e-05,0.0,0.0
314,15.700000000000001,-38.90019607543945,24.54833221435547,0.004743049329836392,0.4940435404090642,-1.6870018479733795e-07,-0.001965007442109065,22,-36.75663025086622,24.55428731402517,0.0027780418877273267,4.0,3.505956459590936,0.0,0.0,1.0,0,0,1,0.003914268687367439,-0.5,1.0
315,15.75,-38.89554977416992,24.548383712768555,0.004636323149151466,0.00018576768929977252,-2.0608419561167143e-06,-0.0018592306789016518,28,-36.86516316409798,24.554024359480373,0.002777092470249814,4.0,3.9998142323107,-0.003939187619835138,0.5,0.0,0,0,0,-0.003939187619835138,0.5,-1.0
316,15.8,-38.894554138183594,24.548385620117188,0.004634517193037256,0.09958620767364959,-1.313415898367143e-06,-0.0018570435089362253,27,-36.79841877657769,24.554208909314273,0.0027774736841010305,4.0,3.90041379232635,-0.0039354367181658745,0.5,0.0,0,0,0,3.7509016692638397e-06,0.0,0.0
317,15.850000000000001,-38.88948059082031,24.548404693603516,0.004585957155332643,0.17671037368398995,-7.523577810336635e-07,-0.0018082067093772246,26,-36.77841733378166,24.55426946794995,0.0027777504459554187,4.0,3.82328962631601,-0.003832585643976927,0.5,0.0,0,0,0,0.00010285107418894768,0.0,0.0
318,15.9,-38.87715148925781,24.54837989807129,0.004691555133594838,0.30762458634576834,-1.117330515493578e-06,-0.0019139958564186568,24,-36.79267281847048,24.554170793365305,0.0027775592771761815,4.0,3.6923754136542315,-0.004056790377944708,0.5,0.0,0,0,0,-0.00022420473396778107,0.0,0.0
319,15.950000000000001,-38.858856201171875,24.54855728149414,0.004391283720688404,0.3927770699128097,-8.604319643064351e-08,-0.0016132211346633735,23,-36.75615450619494,24.554398819473455,0.0027780625860250306,4.0,3.6072229300871905,-0.0034196979831904173,0.5,0.0,0,0,0,0.0006370923947542906,0.0,0.0
320,16.0,-38.83380889892578,24.54868507385254,0.004243538097283803,0.5820148187229917,1.9287052653573986e-06,-0.0014645170910745431,21,-36.68066179331954,24.554666801579614,0.00277902100620926,4.0,3.4179851812770083,0.0,0.0,1.0,0,0,1,0.0034196979831904173,-0.5,1.0
321,16.05,-38.82537078857422,24.54869270324707,0.00425746975873628,0.00040260908275194045,-1.102365119421897e-06,-0.0014799411824707076,28,-36.79452375204749,24.554334555799926,0.0027775285762655726,4.0,3.999597390917248,-0.0031352846417576075,0.5,0.0,0,0,0,-0.0031352846417576075,0.5,-1.0
322,16.1,-38.82437515258789,24.548696517944336,0.004256020624596248,0.10074648235350027,7.711586709965856e-07,-0.001477551136090088,27,-36.72583803229977,24.554526483146134,0.00277846948850616,4.0,3.8992535176464997,-0.0031322743743658066,0.5,0.0,0,0,0,3.0102673918008804e-06,0.0,0.0
323,16.150000000000002,-38.81602096557617,24.548669815063477,0.004346598530354991,0.20973351866004683,1.9285434815037236e-06,-0.0015675775241577187,26,-36.63841632902941,24.554719511119526,0.0027790210061972723,4.0,3.790266481339953,-0.0033246742095798254,0.5,0.0,0,0,0,-0.00019239983521401882,0.0,0.0
324,16.2,-38.802207946777344,24.548856735229492,0.003989504518432244,0.32837914798809703,1.928543546421413e-06,-0.0012104835122031337,24,-36.67829576179654,24.554757218450646,0.00277902100622911,4.0,3.671620852011903,-0.0025670386385172606,0.5,0.0,0,0,0,0.0007576355710625648,0.0,0.0
325,16.25,-38.7822265625,24.548908233642578,0.0041730491126267194,0.42150309256307694,1.9285435041331914e-06,-0.001394028106418573,23,-36.62666919060809,24.554896659729295,0.0027790210062081464,4.0,3.5784969074369233,0.0,0.0,1.0,0,0,1,0.0025670386385172606,-0.5,1.0
326,16.3,-38.77664566040039,24.548871994018555,0.004325283098735674,0.00018692101171040776,2.4829911907022634e-07,-0.0015470896373224814,28,-36.746256599804056,24.554512573843404,0.002778193461413193,4.0,3.9998130789882897,-0.003279203549027443,0.5,0.0,0,0,0,-0.003279203549027443,0.5,-1.0
327,16.35,-38.7756462097168,24.548873901367188,0.004323758022892684,0.09977704742606747,1.928543486417328e-06,-0.0015447370166918168,27,-36.67911581200659,24.554698289830437,0.002779021006200867,4.0,3.9002229525739325,-0.0032760463654994965,0.5,0.0,0,0,0,3.157183527946472e-06,0.0,0.0
328,16.400000000000002,-38.76987838745117,24.54891014099121,0.0042408837787207805,0.1793405239545696,1.9285434937968415e-06,-0.0014618627725178387,26,-36.65351539874265,24.554789644783334,0.002779021006202942,4.0,3.82065947604543,-0.003100290894508362,0.5,0.0,0,0,0,0.00017575547099113464,0.0,0.0
329,16.45,-38.75769805908203,24.548925399780273,0.004207751870135863,0.3106647681251656,1.9285434842246374e-06,-0.0014287308639369424,24,-36.66744306588032,24.554732348717675,0.0027790210061989203,4.0,3.6893352318748343,-0.0030301562510430813,0.5,0.0,0,0,0,7.013464346528053e-05,0.0,0.0
330,16.5,-38.73949432373047,24.549020767211914,0.004055410993479249,0.44166534418649905,1.9285434656110545e-06,-0.0012763899872882778,23,-36.546838552152956,24.55511229079606,0.0027790210061909714,4.0,3.5583346558135007,0.0,0.0,1.0,0,0,1,0.0030301562510430813,-0.5,1.0
331,16.55,-38.73455047607422,24.54888916015625,0.0044328607627613145,0.00017226976502936393,1.4247390138829447e-06,-0.0016540878913934047,28,-36.70419252486291,24.55452965352724,0.00277877287136791,4.0,3.9998277302349705,-0.003507489338517189,0.5,0.0,0,0,0,-0.003507489338517189,0.5,-1.0
332,16.6,-38.73355484008789,24.548891067504883,0.004431273269080275,0.09952962968216858,1.9285434767297646e-06,-0.0016522522628855917,27,-36.637536595154444,24.55471403268114,0.0027790210061946832,4.0,3.9004703703178314,-0.0035042273811995983,0.5,0.0,0,0,0,3.2619573175907135e-06,0.0,0.0
333,16.650000000000002,-38.72827911376953,24.548891067504883,0.0044589592212954405,0.1793972075887599,1.928543514989091e-06,-0.0016799382150806713,26,-36.61180190800399,24.554770888709427,0.002779021006214769,4.0,3.8206027924112402,-0.003563087899237871,0.5,0.0,0,0,0,-5.886051803827286e-05,0.0,0.0
334,16.7,-38.71674346923828,24.54882049560547,0.004690985050673993,0.24915009831538923,1.9285434505441137e-06,-0.001911964044491132,25,-36.60383268046323,24.554690405636762,0.0027790210061828607,4.0,3.7508499016846106,-0.004055546596646309,0.5,0.0,0,0,0,-0.0004924586974084377,0.0,0.0
335,16.75,-38.69769287109375,24.54894256591797,0.004430873794916764,0.4546351250321597,1.9285435131927847e-06,-0.0016518527887023223,20,-36.54755321234146,24.55491593602731,0.0027790210062144413,4.0,3.54536487496784,0.0,0.0,1.0,0,0,1,0.004055546596646309,-0.5,1.0
336,16.8,-38.692832946777344,24.548959732055664,0.00442536177966841,0.0001834724615489101,1.928543514154689e-06,-0.0016463407734552513,28,-36.66245120862345,24.554600291531237,0.0027790210062131585,4.0,3.999816527538451,-0.0034915748983621597,0.5,0.0,0,0,0,-0.0034915748983621597,0.5,-1.0
337,16.85,-38.69184112548828,24.548961639404297,0.004423756600933256,0.09945264912984245,1.9285434978517577e-06,-0.0016447355947261022,27,-36.595982229707275,24.554784161744777,0.002779021006207154,4.0,3.9005473508701574,-0.0034882999025285244,0.5,0.0,0,0,0,3.27499583363533e-06,0.0,0.0
338,16.900000000000002,-38.687007904052734,24.548995971679688,0.004349681191331623,0.13774213613335695,1.92854347106676e-06,-0.001570660185138913,26,-36.654465343132074,24.55464253614258,0.0027790210061927095,4.0,3.862257863866643,-0.0033311531879007816,0.5,0.0,0,0,0,0.00015714671462774277,0.0,0.0
339,16.95,-38.67588424682617,24.549020767211914,0.004377792104994171,0.2394495349692335,1.928543528860807e-06,-0.0015987710987739059,25,-36.58197032126015,24.554837884425393,0.0027790210062202648,4.0,3.7605504650307666,-0.003390919417142868,0.5,0.0,0,0,0,-5.976622924208641e-05,0.0,0.0
340,17.0,-38.657562255859375,24.54905891418457,0.004421084597316121,0.4288077540089055,1.928543475381017e-06,-0.0016420635911202327,20,-36.55003759473653,24.554913856015446,0.002779021006195888,4.0,3.5711922459910945,0.0,0.0,1.0,0,0,1,0.003390919417142868,-0.5,1.0
341,17.05,-38.65317153930664,24.549222946166992,0.004034637816827981,0.00016822137691764133,1.9285434415044697e-06,-0.0012556168106493434,28,-36.62282218418656,24.554863415649205,0.0027790210061786375,4.0,3.9998317786230824,-0.002662431914359331,0.5,0.0,0,0,0,-0.002662431914359331,0.5,-1.0
342,17.1,-38.652183532714844,24.549224853515625,0.004033399082817039,0.09941354579563957,1.928543474992439e-06,-0.0012543780766221192,27,-36.55640558054533,24.555047150911527,0.0027790210061949196,4.0,3.9005864542043605,-0.0026599345728754997,0.5,0.0,0,0,0,2.4973414838314056e-06,0.0,0.0
343,17.150000000000002,-38.64585494995117,24.54922866821289,0.0040550775781943394,0.14939741712992483,1.92854347936134e-06,-0.0012760565719971539,26,-36.58982708854786,24.55494049898718,0.0027790210061971856,4.0,3.850602582870075,-0.0027059977874159813,0.5,0.0,0,0,0,-4.606321454048157e-05,0.0,0.0
344,17.2,-38.63425064086914,24.549259185791016,0.004021137618681015,0.27493968164817695,1.9285435179355187e-06,-0.0012421166124650719,25,-36.47083544649936,24.55526944898768,0.0027790210062159436,4.0,3.725060318351823,-0.002634110627695918,0.5,0.0,0,0,0,7.188715972006321e-05,0.0,0.0
345,17.25,-38.61600875854492,24.549150466918945,0.004327283590445137,0.4216946227114522,1.928543433516068e-06,-0.0015482625842688589,20,-36.52022071875958,24.554972792348618,0.002779021006176278,4.0,3.578305377288548,0.0,0.0,1.0,0,0,1,0.002634110627695918,-0.5,1.0
346,17.3,-38.61125946044922,24.54926872253418,0.004055773277014257,0.0001721749652958156,1.92854348963524e-06,-0.0012767522708112397,28,-36.58090171060029,24.55490921534558,0.0027790210062030177,4.0,3.9998278250347044,-0.0027072818484157324,0.5,0.0,0,0,0,-0.0027072818484157324,0.5,-1.0
347,17.35,-38.61026382446289,24.549272537231445,0.004054536883672242,0.0994673840001713,1.928543527572775e-06,-0.0012755158774497449,27,-36.51437442766521,24.555095144335112,0.0027790210062224974,4.0,3.9005326159998286,-0.0027047893963754177,0.5,0.0,0,0,0,2.4924520403146744e-06,0.0,0.0
348,17.400000000000002,-38.603294372558594,24.54916000366211,0.004423179235931306,0.18721081317606683,1.928543462406153e-06,-0.001644158229741332,26,-36.47107281241404,24.55508357887084,0.002779021006189974,4.0,3.812789186823933,-0.0034871757961809635,0.5,0.0,0,0,0,-0.0007823863998055458,0.0,0.0
349,17.45,-38.58981704711914,24.54931640625,0.00393405953311653,0.33354913457331936,1.9285434769327273e-06,-0.0011550385269187965,24,-36.4560819256875,24.55524418768817,0.0027790210061977337,4.0,3.6664508654266807,-0.0024493816308677197,0.5,0.0,0,0,0,0.0010377941653132439,0.0,0.0
350,17.5,-38.57093048095703,24.549468994140625,0.003756605619543985,0.4296718467250899,1.928543495114364e-06,-0.0009775846133381252,19,-36.46562484811341,24.555317769229426,0.0027790210062058596,4.0,3.57032815327491,0.0,0.0,1.0,0,0,1,0.0024493816308677197,-0.5,1.0
351,17.55,-38.56623077392578,24.549467086791992,0.0038371735245999873,0.00018114515525680607,1.928543489407991e-06,-0.001058152518396656,28,-36.53585397747284,24.555107632534444,0.0027790210062033313,4.0,3.9998188548447433,-0.002243397757411003,0.5,0.0,0,0,0,-0.002243397757411003,0.5,-1.0
352,17.6,-38.56523895263672,24.549468994140625,0.003836130106407273,0.09951913003852864,1.9285434539910093e-06,-0.0010571091002203256,27,-36.469242441979,24.555291898916725,0.0027790210061869472,4.0,3.9004808699614713,-0.0022413148544728756,0.5,0.0,0,0,0,2.0829029381275177e-06,0.0,0.0
353,17.650000000000002,-38.55929183959961,24.549484252929688,0.00376073611997686,0.1669370844100531,1.9285434711240057e-06,-0.0009817151137829637,26,-36.46792168517153,24.555294300931543,0.002779021006193896,4.0,3.833062915589947,-0.0020814042072743177,0.5,0.0,0,0,0,0.00015991064719855785,0.0,0.0
354,17.7,-38.54716110229492,24.549386978149414,0.003941903634838979,0.32117232672428325,1.9285434746697805e-06,-0.0011628826286424069,24,-36.43694182498177,24.555249408394566,0.0027790210061965723,4.0,3.6788276732757166,-0.002466014586389065,0.5,0.0,0,0,0,-0.00038461037911474705,0.0,0.0
355,17.75,-38.52939987182617,24.549388885498047,0.00388080801465958,0.410667773595617,1.9285435019830016e-06,-0.0011017870084512192,21,-36.28511330136153,24.555623892526242,0.0027790210062083607,4.0,3.589332226404383,0.0,0.0,1.0,0,0,1,0.002466014586389065,-0.5,1.0
356,17.8,-38.52485656738281,24.549474716186523,0.0036543321713808606,0.0001696566208005207,1.928543483463961e-06,-0.0008753111651802693,28,-36.49450416484861,24.55511519413759,0.0027790210062005913,4.0,3.9998303433791995,-0.0018553952686488628,0.5,0.0,0,0,0,-0.0018553952686488628,0.5,-1.0
357,17.85,-38.52386474609375,24.549476623535156,0.00365347938766852,0.0994537417728258,1.92854348939845e-06,-0.0008744583814650347,27,-36.42800358864824,24.555299152160867,0.002779021006203485,4.0,3.900546258227174,-0.0018537170253694057,0.5,0.0,0,0,0,1.6782432794570923e-06,0.0,0.0
358,17.900000000000002,-38.516990661621094,24.549484252929688,0.003678487614631395,0.17979785040200782,1.928543459946315e-06,-0.0008994666084416567,26,-36.399706163827936,24.555366317621512,0.0027790210061897384,4.0,3.8202021495979923,-0.0019068809924647212,0.5,0.0,0,0,0,-5.3163967095315456e-05,0.0,0.0
359,17.95,-38.5042839050293,24.549354553222656,0.004057938135697247,0.3022012134957423,1.9285434690275924e-06,-0.00127891712950302,24,-36.43010960366827,24.5551168134646,0.0027790210061942274,4.0,3.697798786504258,-0.002712228335440159,0.5,0.0,0,0,0,-0.0008053473429754376,0.0,0.0
360,18.0,-38.48617172241211,24.54937744140625,0.004212485743003209,0.40793602249736616,1.928543429463754e-06,-0.0014334647368267387,20,-36.23808596124297,24.5556230064924,0.00277902100617647,4.0,3.592063977502634,0.0,0.0,1.0,0,0,1,0.002712228335440159,-0.5,1.0
361,18.05,-38.4822883605957,24.549463272094727,0.004018136881116823,0.0001630049144001279,1.9285434922312536e-06,-0.0012391158749105531,28,-36.45195008182273,24.555103710795464,0.00277902100620627,4.0,3.9998369950856,-0.0026274118572473526,0.5,0.0,0,0,0,-0.0026274118572473526,0.5,-1.0
362,18.1,-38.48129653930664,24.54946517944336,0.004016930136247881,0.09943111126622782,1.9285434890393624e-06,-0.0012379091300434657,27,-36.38548222685492,24.555287577885515,0.0027790210062044155,4.0,3.900568888733772,-0.002624982502311468,0.5,0.0,0,0,0,2.4293549358844757e-06,0.0,0.0
363,18.150000000000002,-38.475257873535156,24.549468994140625,0.004043177357296023,0.13372030605160315,1.928543473834511e-06,-0.0012641563510985446,27,-36.308465202005294,24.555488643441432,0.0027790210061974783,4.0,3.866279693948397,-0.002680722391232848,0.5,0.0,0,0,0,-5.573988892138004e-05,0.0,0.0
364,18.2,-38.463748931884766,24.549501419067383,0.003951988797021703,0.2939641667030034,1.9285434993349462e-06,-0.0011729677908125205,25,-36.26307759827042,24.555615218124156,0.0027790210062091825,4.0,3.7060358332969967,-0.0024873879738152027,0.5,0.0,0,0,0,0.00019333441741764545,0.0,0.0
365,18.25,-38.44473648071289,24.549570083618164,0.0038491325222957994,0.42528654899045476,1.9285434910733257e-06,-0.00107011151609152,22,-36.2126105154284,24.55577129598212,0.0027790210062042793,4.0,3.5747134510095453,0.0,0.0,1.0,0,0,1,0.0024873879738152027,-0.5,1.0
366,18.3,-38.440189361572266,24.54962921142578,0.0037418679877577036,0.0001749926789890748,1.9285434437648144e-06,-0.0009628469815754432,28,-36.409825628901686,24.555269720863617,0.0027790210061822604,4.0,3.999825007321011,-0.0020411501172930002,0.5,0.0,0,0,0,-0.0020411501172930002,0.5,-1.0
367,18.35,-38.4391975402832,24.549631118774414,0.003740911954538257,0.09952567920396051,1.928543514260507e-06,-0.0009618909483211373,27,-36.343187472980546,24.555454061224815,0.0027790210062171197,4.0,3.9004743207960395,-0.0020392530132085085,0.5,0.0,0,0,0,1.8971040844917297e-06,0.0,0.0
368,18.400000000000002,-38.432682037353516,24.549686431884766,0.0035936159996419323,0.17862054724875562,1.9285435129889547e-06,-0.0008145949934248386,26,-36.31776979630186,24.555561904008307,0.0027790210062170937,4.0,3.8213794527512444,-0.0017267747316509485,0.5,0.0,0,0,0,0.00031247828155755997,0.0,0.0
369,18.45,-38.421016693115234,24.549665451049805,0.00372236865515128,0.25277919864319326,1.928543451580611e-06,-0.0009433476489637128,25,-36.30099894381884,24.55555511152453,0.002779021006187567,4.0,3.7472208013568067,-0.0020000762306153774,0.5,0.0,0,0,0,-0.0002733014989644289,0.0,0.0
370,18.5,-38.40253829956055,24.5496826171875,0.0037250658859779603,0.4057072622373389,1.928543479626753e-06,-0.0009460448797765377,22,-36.205230698105595,24.55578706833788,0.0027790210062014226,4.0,3.594292737762661,0.0,0.0,1.0,0,0,1,0.0020000762306153774,-0.5,1.0
371,18.55,-38.39796829223633,24.549762725830078,0.003565423162566946,0.00017251378989851395,1.92854348082111e-06,-0.000786402156365306,28,-36.3676098230778,24.555403220640468,0.00277902100620164,4.0,3.9998274862101013,-0.0016667215386405587,0.5,0.0,0,0,0,-0.0016667215386405587,0.5,-1.0
372,18.6,-38.396976470947266,24.549768447875977,0.0035646595843481497,0.09944451386426462,1.9285434904488252e-06,-0.0007856385781418733,27,-36.30113441527338,24.55559092341733,0.0027790210062062764,4.0,3.9005554861357354,-0.001665232703089714,0.5,0.0,0,0,0,1.4888355508446693e-06,0.0,0.0
373,18.650000000000002,-38.39088821411133,24.5498046875,0.003480426971975711,0.1628267499621507,1.9285434332801457e-06,-0.000701405965797275,26,-36.30780035170842,24.55559171877909,0.002779021006178436,4.0,3.8371732500378495,-0.0014865612611174583,0.5,0.0,0,0,0,0.0001786714419722557,0.0,0.0
374,18.7,-38.378684997558594,24.54994773864746,0.003187938283250978,0.25970517989372455,1.928543469165503e-06,-0.00040891727705466,25,-36.2451039207186,24.55587509199138,0.002779021006196318,4.0,3.7402948201062753,-0.0008659861050546169,0.5,0.0,0,0,0,0.0006205751560628414,0.0,0.0
375,18.75,-38.3602409362793,24.550039291381836,0.00308348827306023,0.4376099949869525,1.92854344798106e-06,-0.0003044672668726157,20,-36.23819263380585,24.555934594821025,0.0027790210061876142,4.0,3.5623900050130475,0.0,0.0,1.0,0,0,1,0.0008659861050546169,-0.5,1.0
376,18.8,-38.35665512084961,24.550016403198242,0.0031731577392010383,0.00016272633396389007,1.9285435141052493e-06,-0.0003941367329817701,28,-36.32631743366493,24.555656840254944,0.002779021006219268,4.0,3.999837273666036,-0.0008343074005097151,0.5,0.0,0,0,0,-0.0008343074005097151,0.5,-1.0
377,18.85,-38.35566711425781,24.550018310546875,0.0031727517631793965,0.0994339075416309,1.9285435501900997e-06,-0.0003937307569423991,27,-36.25984701360951,24.5558407250746,0.0027790210062369975,4.0,3.900566092458369,-0.0008335775346495211,0.5,0.0,0,0,0,7.298658601939678e-07,0.0,0.0
378,18.900000000000002,-38.34929656982422,24.550077438354492,0.0031086254968884053,0.15258487588021433,1.9285434518789835e-06,-0.0003296044907006722,26,-36.28684600401612,24.555807118005195,0.002779021006187733,4.0,3.847415124119786,-0.0006975612486712635,0.5,0.0,0,0,0,0.00013601628597825766,0.0,0.0
379,18.95,-38.33659744262695,24.55017852783203,0.003007481291445313,0.2936058932813873,1.9285434988674383e-06,-0.0002284602852329989,25,-36.13662772515672,24.55629037707779,0.002779021006212314,4.0,3.7063941067186126,0.0,0.0,1.0,0,0,1,0.0006975612486712635,-0.5,1.0
380,19.0,-38.33473587036133,24.55019760131836,0.0029734666906006562,8.638839568265466e-05,1.928543465447123e-06,-0.00019444568440415196,28,-36.304560273451024,24.555837587921626,0.0027790210061965043,4.0,3.9999136116043172,-0.0004105491971131414,0.5,0.0,0,0,0,-0.0004105491971131414,0.5,-1.0
381,19.05,-38.333744049072266,24.550199508666992,0.0029732864590932906,0.09846489576310151,1.9285434141556868e-06,-0.0001942654529226394,27,-36.23992979507005,24.5560163488904,0.0027790210061706512,4.0,3.9015351042368986,-0.00041029733256436884,0.5,0.0,0,0,0,2.5186454877257347e-07,0.0,0.0
382,19.1,-38.329349517822266,24.550201416015625,0.003013444795722219,0.16350055730888327,1.9285434925808004e-06,-0.00023442378951338272,26,-36.244903938892456,24.555992220427182,0.0027790210062088364,4.0,3.8364994426911165,-0.0004955937620252371,0.5,0.0,0,0,0,-8.529642946086824e-05,0.0,0.0
383,19.150000000000002,-38.31904602050781,24.55023193359375,0.003006994692382858,0.280207155763111,1.9285434457484707e-06,-0.00022797368619611146,25,-36.145315396017075,24.556270863661215,0.0027790210061867464,4.0,3.719792844236889,0.0,0.0,1.0,0,0,1,0.0004955937620252371,-0.5,1.0
384,19.200000000000003,-38.31764602661133,24.550209045410156,0.003076028821264756,7.272367954091288e-05,1.9285434658461095e-06,-0.00029700781506835586,28,-36.28749944434654,24.555848951380906,0.0027790210061964,4.0,3.999927276320459,-0.0006281923851929605,0.5,0.0,0,0,0,-0.0006281923851929605,0.5,-1.0
385,19.25,-38.31665802001953,24.55021095275879,0.003075734417128626,0.0981654584132993,1.9285434839323365e-06,-0.0002967134109236537,27,-36.22346359894792,24.55602607044903,0.0027790210062049723,4.0,3.901834541586701,-0.0006276979111135006,0.5,0.0,0,0,0,4.944740794599056e-07,0.0,0.0
386,19.3,-38.31242752075195,24.55022430419922,0.0030745120678001715,0.1608620317678898,1.9285434624096223e-06,-0.000295491061605032,26,-36.23329855026423,24.5560003336062,0.0027790210061951395,4.0,3.83913796823211,-0.0006251790910027921,0.5,0.0,0,0,0,2.518820110708475e-06,0.0,0.0
387,19.35,-38.301246643066406,24.550222396850586,0.0031020149276903943,0.2528096737405299,1.9285434558931336e-06,-0.0003229939214990157,25,-36.18116921366858,24.556112223177998,0.0027790210061913786,4.0,3.74719032625947,0.0,0.0,1.0,0,0,1,0.0006251790910027921,-0.5,1.0
388,19.400000000000002,-38.29959487915039,24.55024528503418,0.0030728605958351323,7.972734861660804e-05,1.928543450640391e-06,-0.0002938395896458423,28,-36.26943342582967,24.555885232332013,0.00277902100618929,4.0,3.9999202726513836,-0.000621468760073185,0.5,0.0,0,0,0,-0.000621468760073185,0.5,-1.0
389,19.450000000000003,-38.29861068725586,24.550249099731445,0.0030725747741517343,0.0982416904061462,1.9285434517419403e-06,-0.0002935537679618792,27,-36.20525846657912,24.556064655951232,0.002779021006189855,4.0,3.9017583095938537,-0.0006209926214069128,0.5,0.0,0,0,0,4.761386662721634e-07,0.0,0.0
390,19.5,-38.29437255859375,24.550260543823242,0.0030714447512087267,0.16115069827354034,1.928543512249095e-06,-0.00029242374498792464,26,-36.214661927354214,24.556038189681836,0.002779021006220802,4.0,3.8388493017264596,-0.0006186700193211436,0.5,0.0,0,0,0,2.3226020857691765e-06,0.0,0.0
391,19.55,-38.283477783203125,24.55027198791504,0.0030905123604353137,0.26486091743678547,1.9285435175079094e-06,-0.00031149135421300236,25,-36.139800092723014,24.556227400032594,0.0027790210062223113,4.0,3.7351390825632147,0.0,0.0,1.0,0,0,1,0.0006186700193211436,-0.5,1.0
392,19.6,-38.28175735473633,24.55028533935547,0.0030578111349329326,8.070534408990819e-05,1.9285434718066194e-06,-0.0002787901287332629,28,-36.25159382482369,24.55592529242421,0.0027790210061996697,4.0,3.99991929465591,-0.0005895323702134192,0.5,0.0,0,0,0,-0.0005895323702134192,0.5,-1.0
393,19.650000000000002,-38.2807731628418,24.5502872467041,0.0030575383169657946,0.09805645080772797,1.9285434480374383e-06,-0.00027851731077744137,27,-36.187804386663394,24.55610173732083,0.0027790210061883532,4.0,3.901943549192272,-0.0005890836473554373,0.5,0.0,0,0,0,4.4872285798192024e-07,0.0,0.0
394,19.700000000000003,-38.276649475097656,24.55030059814453,0.0030569848788017623,0.1557032290578247,1.928543474505849e-06,-0.0002779638725992268,26,-36.207915451945745,24.556047739700144,0.0027790210062025355,4.0,3.8442967709421754,-0.0005879785167053342,0.5,0.0,0,0,0,1.1051306501030922e-06,0.0,0.0
395,19.75,-38.26689529418945,24.55036163330078,0.002958353771563107,0.2242918514206557,1.928543514276987e-06,-0.00017933276534126946,25,-36.20266505116823,24.556096258724583,0.0027790210062218377,4.0,3.7757081485793442,-0.000378753145923838,0.5,0.0,0,0,0,0.00020922537078149617,0.0,0.0
396,19.8,-38.25025177001953,24.550514221191406,0.0027139091330817843,0.3627470594386617,1.928543500008019e-06,6.511187313301952e-05,22,-36.12934143423929,24.556406362189115,0.002779021006214804,4.0,3.6372529405613383,0.0,0.0,1.0,0,0,1,0.000378753145923838,-0.5,1.0
397,19.85,-38.24571228027344,24.550371170043945,0.0030922109058532147,0.00016771075257557361,1.9285434519969447e-06,-0.0003131898996619948,28,-36.2153640096114,24.556011636512434,0.00277902100619122,4.0,3.9998322892474243,-0.0006625302485190332,0.5,0.0,0,0,0,-0.0006625302485190332,0.5,-1.0
398,19.900000000000002,-38.24472427368164,24.550373077392578,0.003091913120750857,0.09926401872210557,1.9285434319660927e-06,-0.0003128921145694307,27,-36.149255841595455,24.556194514623467,0.0027790210061814265,4.0,3.9007359812778946,-0.000662029895465821,0.5,0.0,0,0,0,5.003530532121658e-07,0.0,0.0
399,19.950000000000003,-38.239646911621094,24.550355911254883,0.003185002564268086,0.16709101416542899,1.928543444735392e-06,-0.0004059815580801248,26,-36.147966590119765,24.556166821219783,0.002779021006187961,4.0,3.832908985834571,-0.0008596528205089271,0.5,0.0,0,0,0,-0.00019762292504310608,0.0,0.0
400,20.0,-38.227577209472656,24.550331115722656,0.003348369291941683,0.3051302933388437,1.9285435124156286e-06,-0.0005693482857206033,21,-36.1642867188028,24.55606312954821,0.0027790210062210796,4.0,3.6948697066611564,0.0,0.0,1.0,0,0,1,0.0008596528205089271,-0.5,1.0
401,20.05,-38.225955963134766,24.55034828186035,0.003312404653806654,8.423041121642167e-05,1.9285434348457337e-06,-0.0005333836476239294,28,-36.19578494839212,24.55598825572965,0.0027790210061827245,4.0,3.9999157695887835,-0.0011297953315079212,0.5,0.0,0,0,0,-0.0011297953315079212,0.5,-1.0
402,20.1,-38.22496795654297,24.550350189208984,0.003311909992440118,0.09818216358650424,1.928543482863747e-06,-0.0005328889862328827,27,-36.13173895595124,24.55616540299669,0.0027790210062072353,4.0,3.9018178364134957,-0.001128875999711454,0.5,0.0,0,0,0,9.193317964673042e-07,0.0,0.0
403,20.150000000000002,-38.220760345458984,24.550365447998047,0.003310012230089111,0.15996313059076506,1.928543406118713e-06,-0.0005309912239202749,26,-36.143442653902675,24.556136443809873,0.0027790210061688363,4.0,3.840036869409235,-0.0011249230010434985,0.5,0.0,0,0,0,3.9529986679553986e-06,0.0,0.0
404,20.200000000000003,-38.20978546142578,24.55034828186035,0.0034930270528831485,0.27757527910166135,1.9285434488796466e-06,-0.0007140060466916875,22,-36.02950583766117,24.556405411781228,0.002779021006191461,4.0,3.7224247208983385,0.0,0.0,1.0,0,0,1,0.0011249230010434985,-0.5,1.0
405,20.25,-38.208194732666016,24.55037498474121,0.0033943109013401516,7.794904076696094e-05,1.9285434873965793e-06,-0.0006152898951302188,28,-36.17803705532577,24.556014921545493,0.0027790210062099328,4.0,3.999922050959233,-0.0013036052696406841,0.5,0.0,0,0,0,-0.0013036052696406841,0.5,-1.0
406,20.3,-38.207210540771484,24.550378799438477,0.0033937296352233226,0.09806127543786299,1.928543471057219e-06,-0.0006147086290219598,27,-36.11423177769165,24.55619331780909,0.0027790210062013628,4.0,3.901938724562137,-0.001302502118051052,0.5,0.0,0,0,0,1.1031515896320343e-06,0.0,0.0
407,20.35,-38.20306396484375,24.550390243530273,0.0033920893464542672,0.15722307690912432,1.928543495221917e-06,-0.0006130683402403836,26,-36.131267460143405,24.556145895808353,0.0027790210062138836,4.0,3.8427769230908755,-0.001299092429690063,0.5,0.0,0,0,0,3.4096883609890938e-06,0.0,0.0
408,20.400000000000002,-38.19210433959961,24.550479888916016,0.0032166317634019803,0.2882474969333533,1.928543456279977e-06,-0.00043761075720591186,22,-35.99284602843027,24.556589761143638,0.0027790210061960684,4.0,3.7117525030666467,0.0,0.0,1.0,0,0,1,0.001299092429690063,-0.5,1.0
409,20.450000000000003,-38.190406799316406,24.550445556640625,0.0032965226949894792,8.280156551449181e-05,1.9285434565046236e-06,-0.000517501688795241,28,-36.16023881849847,24.55608552207856,0.0027790210061942383,4.0,3.9999171984344857,-0.0010960918152704835,0.5,0.0,0,0,0,-0.0010960918152704835,0.5,-1.0
410,20.5,-38.18942642211914,24.550451278686523,0.0032960259530283417,0.09802794048519145,1.9285435062885853e-06,-0.0005170049468091035,27,-36.09651666213487,24.556265605295593,0.0027790210062192382,4.0,3.9019720595148084,-0.0010951680596917868,0.5,0.0,0,0,0,9.237555786967278e-07,0.0,0.0
411,20.55,-38.18532943725586,24.55046272277832,0.0032935859357092864,0.15436570779659065,1.928543477188599e-06,-0.0005145649295035218,26,-36.119290509091044,24.556202374589073,0.0027790210062057646,4.0,3.8456342922034095,-0.0010900580091401935,0.5,0.0,0,0,0,5.110050551593304e-06,0.0,0.0
412,20.6,-38.17586135864258,24.550546646118164,0.0031406479284020066,0.1845621877828339,1.9285434520923544e-06,-0.0003616269222073065,26,-36.04897675830051,24.556455389765333,0.0027790210061947,4.0,3.815437812217166,-0.0007655478548258543,0.5,0.0,0,0,0,0.00032451015431433916,0.0,0.0
413,20.650000000000002,-38.15957260131836,24.550588607788086,0.003060931766761044,0.3846545522669992,1.9285434823710854e-06,-0.00028191076055098137,21,-35.95989853334852,24.55669963541557,0.0027790210062100624,4.0,3.615345447733001,0.0,0.0,1.0,0,0,1,0.0007655478548258543,-0.5,1.0
414,20.700000000000003,-38.15713119506836,24.550832748413086,0.002366655033253094,0.00013282257137588071,1.9285434867382517e-06,0.0004123659729581958,28,-36.12685700340651,24.556473009013953,0.0027790210062112897,4.0,3.9998671774286243,0.0008771493448875844,0.5,0.0,0,0,0,0.0008771493448875844,0.5,-1.0
415,20.75,-38.15614318847656,24.55083465576172,0.002367039423105744,0.09903912401830389,1.9285434643117466e-06,0.00041198158309448075,27,-36.06114028667727,24.556654799270838,0.002779021006200225,4.0,3.900960875981696,0.0008762021316215396,0.5,0.0,0,0,0,-9.472132660448551e-07,0.0,0.0
416,20.8,-38.151123046875,24.55083465576172,0.002413888691899171,0.18184585078671614,1.9285433992032378e-06,0.0003651323142689275,26,-36.02971184445213,24.556728188681934,0.0027790210061680986,4.0,3.8181541492132838,0.00077668676385656,0.5,0.0,0,0,0,-9.95153677649796e-05,0.0,0.0
417,20.85,-38.140342712402344,24.550994873046875,0.0021189452916560094,0.2746641694216492,1.928543475608266e-06,0.000660075714550437,22,-35.96523999205733,24.55703761620737,0.0027790210062064464,4.0,3.725335830578351,0.0,0.0,1.0,0,0,1,-0.00077668676385656,-0.5,1.0
418,20.900000000000002,-38.1387825012207,24.550992965698242,0.002160679938769993,7.790164074602344e-05,1.928543507081354e-06,0.0006183410674519326,28,-36.10862492456008,24.556632902222738,0.0027790210062219258,4.0,3.999922098359254,0.0013142426032572985,0.5,0.0,0,0,0,0.0013142426032572985,0.5,-1.0
419,20.950000000000003,-38.137794494628906,24.550994873046875,0.002161247811059074,0.09828613813643418,1.9285434494625137e-06,0.0006177731951347845,27,-36.04435026759413,24.556810684954932,0.0027790210061938584,4.0,3.901713861863566,0.0013129068538546562,0.5,0.0,0,0,0,-1.33574940264225e-06,0.0,0.0
420,21.0,-38.13351058959961,24.55100440979004,0.002162482643955138,0.16228247318970157,1.928543392813384e-06,0.0006165383622098002,26,-36.05151944079997,24.556788393271155,0.0027790210061649384,4.0,3.8377175268102985,0.001310209627263248,0.5,0.0,0,0,0,-2.6972265914082527e-06,0.0,0.0
421,21.05,-38.12210464477539,24.5510196685791,0.0022072921498159977,0.228490868475662,1.928543447441561e-06,0.0005717288563756766,25,-36.04965135852581,24.556777146071603,0.0027790210061916744,4.0,3.771509131524338,0.0,0.0,1.0,0,0,1,-0.001310209627263248,-0.5,1.0
422,21.1,-38.12058639526367,24.551055908203125,0.002092298986555843,7.955105924025425e-05,1.928543481116013e-06,0.0006867220196542512,28,-36.09042531636157,24.55669585446045,0.002779021006210094,4.0,3.9999204489407596,0.0014593518571928144,0.5,0.0,0,0,0,0.0014593518571928144,0.5,-1.0
423,21.150000000000002,-38.11960220336914,24.55105972290039,0.002092961395862135,0.09812090772929005,1.928543458620119e-06,0.0006860596103366698,27,-36.026500001966426,24.556874584309586,0.002779021006198805,4.0,3.90187909227071,0.001457815757021308,0.5,0.0,0,0,0,-1.5361001715064049e-06,0.0,0.0
424,21.200000000000003,-38.11542510986328,24.551071166992188,0.0020956829436382224,0.15855359880288397,1.928543447092014e-06,0.0006833380625546654,26,-36.04094761394497,24.556834269820364,0.002779021006192888,4.0,3.841446401197116,0.0014519677497446537,0.5,0.0,0,0,0,-5.8480072766542435e-06,0.0,0.0
425,21.25,-38.10451126098633,24.55111312866211,0.0020549647970242945,0.2463690608510335,1.9285434730946516e-06,0.0007240562091830318,22,-35.97972648107177,24.557016036849184,0.0027790210062073263,4.0,3.7536309391489664,0.0,0.0,1.0,0,0,1,-0.0014519677497446537,-0.5,1.0
426,21.3,-38.10283660888672,24.55115509033203,0.0019459770100074033,7.924713680241325e-05,1.928543435690544e-06,0.0008330439961799737,28,-36.07267617532015,24.55679503479595,0.002779021006187377,4.0,3.9999207528631975,0.0017698572482913733,0.5,0.0,0,0,0,0.0017698572482913733,0.5,-1.0
427,21.35,-38.10185623168945,24.551156997680664,0.001946748260418793,0.09809835644524932,1.9285434732386336e-06,0.0008322727457872592,27,-36.00880071127377,24.556971729362083,0.002779021006206052,4.0,3.901901643554751,0.0017680900637060404,0.5,0.0,0,0,0,-1.7671845853328705e-06,0.0,0.0
428,21.400000000000002,-38.09769821166992,24.55116844177246,0.0019495683763641324,0.15761731801072296,1.9285435021642802e-06,0.0008294526298575032,26,-36.025107314271,24.55692630169023,0.0027790210062216356,4.0,3.8423826819892772,0.0017620339058339596,0.5,0.0,0,0,0,-6.056157872080803e-06,0.0,0.0
429,21.450000000000003,-38.08725357055664,24.551219940185547,0.001857979301629,0.24342328969972635,1.928543490598879e-06,0.0009210417045858285,22,-35.967707333450065,24.557108290314638,0.0027790210062148286,4.0,3.7565767103002736,0.0,0.0,1.0,0,0,1,-0.0017620339058339596,-0.5,1.0
430,21.5,-38.08570098876953,24.551210403442383,0.0018595547018539175,7.639518208678638e-05,1.928543512249095e-06,0.0009194663043727857,28,-36.05554661083976,24.55685033107752,0.002779021006226703,4.0,3.9999236048179134,0.001953251427039504,0.5,0.0,0,0,0,0.001953251427039504,0.5,-1.0
431,21.55,-38.084716796875,24.551212310791016,0.001860405274934494,0.09806558532845865,1.9285434300500906e-06,0.0009186157312515355,27,-35.99172911241876,24.557026853954394,0.0027790210061860296,4.0,3.9019344146715413,0.0019513160223141313,0.5,0.0,0,0,0,-1.9354047253727913e-06,0.0,0.0
432,21.6,-38.08056640625,24.551225662231445,0.0018634954780665568,0.15714227309551684,1.928543447732127e-06,0.000915525528127966,26,-36.00893272066805,24.556980862030617,0.0027790210061945228,4.0,3.8428577269044832,0.0019446872174739838,0.5,0.0,0,0,0,-6.628804840147495e-06,0.0,0.0
433,21.650000000000002,-38.069801330566406,24.5512638092041,0.0018606284187055182,0.25861795530572995,1.9285434449132013e-06,0.0009183925874879594,21,-35.89377993508056,24.557309105388686,0.0027790210061934776,4.0,3.7413820446942703,0.0,0.0,1.0,0,0,1,-0.0019446872174739838,-0.5,1.0
434,21.700000000000003,-38.06797409057617,24.551252365112305,0.0018890744381360898,8.20204227430737e-05,1.9285434517358688e-06,0.0008899465680608516,28,-36.03780776844181,24.556892325940723,0.0027790210061969414,4.0,3.999917979577257,0.0018906090408563614,0.5,0.0,0,0,0,0.0018906090408563614,0.5,-1.0
435,21.75,-38.06699752807617,24.551254272460938,0.001889884309584772,0.09800057634489318,1.928543525542281e-06,0.0008891366966475318,27,-35.97414441170647,24.557068441655815,0.0027790210062323037,4.0,3.901999423655107,0.0018887600162997842,0.5,0.0,0,0,0,-1.8490245565772057e-06,0.0,0.0
436,21.8,-38.06288146972656,24.551259994506836,0.001910492859188187,0.15726640360830169,1.9285434765979256e-06,0.0008685281470206968,26,-35.990997662137715,24.55701588940211,0.0027790210062088837,4.0,3.842733596391698,0.0018449559574946761,0.5,0.0,0,0,0,-4.380405880510807e-05,0.0,0.0
437,21.85,-38.0535888671875,24.551294326782227,0.001915874447162451,0.23725103166253406,1.928543475498111e-06,0.0008631465590461039,22,-35.94501891991889,24.557152173492764,0.002779021006208555,4.0,3.762748968337466,0.0,0.0,1.0,0,0,1,-0.0018449559574946761,-0.5,1.0
438,21.900000000000002,-38.05216598510742,24.55129623413086,0.0019224673313063484,7.047092681915065e-05,1.9285434448464145e-06,0.0008565536748872823,28,-36.02202418631708,24.556936126808214,0.0027790210061936307,4.0,3.9999295290731807,0.0018197475001215935,0.5,0.0,0,0,0,0.0018197475001215935,0.5,-1.0
439,21.950000000000003,-38.051177978515625,24.55129623413086,0.0019232362410488114,0.09804439148179953,1.9285434443476815e-06,0.0008557847651453488,27,-35.95823416517191,24.557110655375183,0.00277902100619416,4.0,3.9019556085182003,0.0018179853213950992,0.5,0.0,0,0,0,-1.7621787264943123e-06,0.0,0.0
440,22.0,-38.04702377319336,24.551307678222656,0.0019254186547487527,0.1573888921861349,1.928543368353783e-06,0.0008536023514079079,26,-35.97489315208241,24.557064259019658,0.0027790210061566607,4.0,3.842611107813865,0.0018132826080545783,0.5,0.0,0,0,0,-4.702713340520859e-06,0.0,0.0
441,22.05,-38.03661346435547,24.55129623413086,0.00208147859425577,0.23462460036604132,1.928543402484467e-06,0.0006975424119183954,22,-35.932714169381335,24.557141100967144,0.0027790210061741654,4.0,3.7653753996339585,0.0,0.0,1.0,0,0,1,-0.0018132826080545783,-0.5,1.0
442,22.1,-38.03498458862305,24.55129623413086,0.0020891940892244065,7.821559821355448e-05,1.928543455359706e-06,0.0006898269169747125,28,-36.004826345387954,24.55693617250779,0.002779021006199119,4.0,3.9999217844017863,0.0014659427106380463,0.5,0.0,0,0,0,0.0014659427106380463,0.5,-1.0
443,22.150000000000002,-38.034000396728516,24.551298141479492,0.002089823989240048,0.09803986143581694,1.9285435014929422e-06,0.0006891970169835048,27,-35.94106596055446,24.557112536664402,0.002779021006223553,4.0,3.901960138564183,0.0014644755283370614,0.5,0.0,0,0,0,-1.4671823009848595e-06,0.0,0.0
444,22.200000000000003,-38.029884338378906,24.551307678222656,0.002091861931652339,0.15540248532299222,1.9285434485344366e-06,0.0006871590745445048,26,-35.96175631164959,24.55705313569716,0.002779021006196844,4.0,3.844597514677008,0.0014600816648453474,0.5,0.0,0,0,0,-4.393863491714001e-06,0.0,0.0
445,22.25,-38.01919937133789,24.55132484436035,0.0021290361754738875,0.25413481975047386,1.928543451904137e-06,0.0006499848307245345,23,-35.94159932078147,24.557096624855806,0.002779021006198422,4.0,3.745865180249526,0.0,0.0,1.0,0,0,1,-0.0014600816648453474,-0.5,1.0
446,22.3,-38.01736068725586,24.551368713378906,0.002054893796733514,8.285130689744602e-05,1.928543436805104e-06,0.0007241272094564741,28,-35.9871926009137,24.55700867911011,0.002779021006189988,4.0,3.9999171486931027,0.0015387306921184063,0.5,0.0,0,0,0,0.0015387306921184063,0.5,-1.0
447,22.35,-38.016380310058594,24.55137062072754,0.0020555656987526765,0.09802102729194176,1.928543466561683e-06,0.0007234553074548359,27,-35.92348486042144,24.557184907567766,0.0027790210062075124,4.0,3.9019789727080583,0.001537174335680902,0.5,0.0,0,0,0,-1.5563564375042915e-06,0.0,0.0
448,22.400000000000002,-38.01228713989258,24.551382064819336,0.0020620770495956226,0.1544624584780636,1.9285434864476855e-06,0.0007169439566213193,26,-35.94605325995009,24.557122258406583,0.002779021006216942,4.0,3.8455375415219364,0.0,0.0,1.0,0,0,1,-0.001537174335680902,-0.5,1.0
449,22.450000000000003,-38.01133346557617,24.55139923095703,0.0020172767763733074,2.9604729377589294e-05,1.9285434314569513e-06,0.000761744229815735,28,-35.9812784390335,24.55703888249187,0.0027790210061890423,4.0,3.9999703952706223,0.0016185566782951355,0.5,0.0,0,0,0,0.0016185566782951355,0.5,-1.0
450,22.5,-38.01035690307617,24.551401138305664,0.00201796519311212,0.09696511735776417,1.9285434298462606e-06,0.0007610558130763554,27,-35.919647178564546,24.557209350954214,0.0027790210061884755,4.0,3.9030348826422356,0.0016169665614143014,0.5,0.0,0,0,0,-1.5901168808341026e-06,0.0,0.0
451,22.55,-38.00709915161133,24.55141830444336,0.0020032661823631316,0.06928513916602272,1.9285434247912764e-06,0.0007757548238222205,27,-35.97368676067235,24.5570672861884,0.002779021006185352,4.0,3.9307148608339775,0.0016481941565871239,0.5,0.0,0,0,0,3.1227595172822475e-05,0.0,0.0
452,22.6,-37.99817657470703,24.55150604248047,0.0018792695060387721,0.21943477217797905,1.928543444082269e-06,0.0008997515001561774,22,-35.921289753223476,24.557275840892245,0.0027790210061949495,4.0,3.780565227822021,0.0,0.0,1.0,0,0,1,-0.0016481941565871239,-0.5,1.0
453,22.650000000000002,-37.9964599609375,24.55150604248047,0.0019114426506238286,7.395327482644375e-05,1.9285434473877844e-06,0.0008675783555740469,28,-35.966310768020996,24.557145955706314,0.0027790210061978756,4.0,3.9999260467251734,0.0018431439530104399,0.5,0.0,0,0,0,0.0018431439530104399,0.5,-1.0
454,22.700000000000003,-37.9954833984375,24.5515079498291,0.0019121958258696166,0.0977517820634816,1.928543427742041e-06,0.0008668251803177305,27,-35.903145284281216,24.55732068781833,0.002779021006187347,4.0,3.9022482179365183,0.0018414154183119535,0.5,0.0,0,0,0,-1.7285346984863281e-06,0.0,0.0
455,22.75,-37.99174880981445,24.55152130126953,0.0019094236936372773,0.12756992772605677,1.9285434629378456e-06,0.0008695973125688017,27,-35.83768737251803,24.557505570111918,0.002779021006206079,4.0,3.8724300722739433,0.0018472615629434586,0.5,0.0,0,0,0,5.8461446315050125e-06,0.0,0.0
456,22.8,-37.98250198364258,24.55156898498535,0.0019004443674853167,0.23188545145776454,1.9285434504192137e-06,0.0008785766387145195,21,-35.85232665524422,24.55748687365847,0.0027790210061998362,4.0,3.7681145485422354,0.0,0.0,1.0,0,0,1,-0.0018472615629434586,-0.5,1.0
457,22.85,-37.98110580444336,24.551578521728516,0.0018917524234627057,7.142020898237756e-05,1.928543441847945e-06,0.0008872685827328458,28,-35.950961990057436,24.557218420007274,0.0027790210061955515,4.0,3.9999285797910176,0.0018849283223971725,0.5,0.0,0,0,0,0.0018849283223971725,0.5,-1.0
458,22.900000000000002,-37.980125427246094,24.55158233642578,0.001892564505543152,0.09796359241323908,1.9285434181741737e-06,0.0008864565006404086,27,-35.88734886736726,24.55739629286802,0.0027790210061835606,4.0,3.902036407586761,0.0018830744083970785,0.5,0.0,0,0,0,-1.853914000093937e-06,0.0,0.0
459,22.950000000000003,-37.97601318359375,24.551591873168945,0.0018951890455959387,0.15541445004313717,1.92854345820552e-06,0.0008838319606081489,26,-35.907861048074736,24.55733739764246,0.0027790210062040876,4.0,3.8445855499568626,0.0,0.0,1.0,0,0,1,-0.0018830744083970785,-0.5,1.0
460,23.0,-37.97472381591797,24.551599502563477,0.0018838156052433214,3.436895451425434e-05,1.928543477771466e-06,0.000895205400969546,28,-35.94465867339545,24.55723918221091,0.0027790210062128675,4.0,3.9999656310454856,0.0019017714075744152,0.5,0.0,0,0,0,0.0019017714075744152,0.5,-1.0
461,23.05,-37.9737548828125,24.55160140991211,0.0018846176744622477,0.09687681319431077,1.9285434321690553e-06,0.0008944033317285693,27,-35.883227947232264,24.557409114585074,0.002779021006190817,4.0,3.903123186805689,0.0018999396124854684,0.5,0.0,0,0,0,-1.8317950889468193e-06,0.0,0.0
462,23.1,-37.97098922729492,24.55160903930664,0.0018819806508418514,0.03682522636072272,1.9285434319869094e-06,0.0008970403553504014,28,-35.86280513258227,24.557465813722068,0.002779021006192253,4.0,3.9631747736392775,0.0019056139281019568,0.5,0.0,0,0,0,5.674315616488457e-06,0.0,0.0
463,23.150000000000002,-37.962772369384766,24.551578521728516,0.0020250968212206753,0.21708321217559892,1.9285435006160395e-06,0.0007539241850048044,21,-35.85798278332621,24.557425862708804,0.0027790210062254798,4.0,3.782916787824401,0.0,0.0,1.0,0,0,1,-0.0019056139281019568,-0.5,1.0
464,23.200000000000003,-37.961181640625,24.55158805847168,0.0020031068868389445,6.726865485437944e-05,1.9285433976124963e-06,0.0007759141193351715,28,-35.93104664135055,24.557227932252996,0.002779021006174116,4.0,3.9999327313451456,0.0016486323438584805,0.5,0.0,0,0,0,0.0016486323438584805,0.5,-1.0
465,23.25,-37.960201263427734,24.551591873168945,0.00200383743561844,0.09783755415080031,1.9285434482855038e-06,0.0007751835705811201,27,-35.86768560175685,24.55740510456772,0.00277902100619956,4.0,3.9021624458492,0.0016469465335831046,0.5,0.0,0,0,0,-1.685810275375843e-06,0.0,0.0
466,23.3,-37.9562873840332,24.551603317260742,0.0020082484262110463,0.14187280986450218,1.9285433926902185e-06,0.0007707725799599584,26,-35.91542154810485,24.5572730123393,0.0027790210061710047,4.0,3.8581271901354977,0.0,0.0,1.0,0,0,1,-0.0016469465335831046,-0.5,1.0
467,23.35,-37.954978942871094,24.551605224609375,0.002005794494915593,3.382299450622985e-05,1.9285434657454956e-06,0.0007732265112922916,28,-35.924914959611385,24.557244901035187,0.0027790210062078845,4.0,3.999966177005494,0.0016429312527179718,0.5,0.0,0,0,0,0.0016429312527179718,0.5,-1.0
468,23.400000000000002,-37.954010009765625,24.55160903930664,0.0020064887633267224,0.09674120558622984,1.9285434828490017e-06,0.0007725322428898795,27,-35.863763780862236,24.55741596388785,0.002779021006216602,4.0,3.90325879441377,0.0016413218108937144,0.5,0.0,0,0,0,-1.6094418242573738e-06,0.0,0.0
469,23.450000000000003,-37.950927734375,24.551618576049805,0.002003165793673603,0.09301205254476246,1.9285434805088597e-06,0.0007758552125414556,27,-35.868400822456714,24.55740404843173,0.0027790210062150584,4.0,3.9069879474552374,0.0016484023071825504,0.5,0.0,0,0,0,7.080496288836002e-06,0.0,0.0
470,23.5,-37.94399642944336,24.551591873168945,0.0021280660982408803,0.2087323218275447,1.928543437314245e-06,0.0006509549079547904,21,-35.85352856503185,24.557399413681473,0.0027790210061956707,4.0,3.7912676781724555,0.0,0.0,1.0,0,0,1,-0.0016484023071825504,-0.5,1.0
471,23.55,-37.94248962402344,24.551605224609375,0.002095669679847637,6.188313897779137e-05,1.9285434617573663e-06,0.0006833513263593488,28,-35.912366059961556,24.557245066611916,0.002779021006206986,4.0,3.9999381168610224,0.0014522146666422486,0.5,0.0,0,0,0,0.0014522146666422486,0.5,-1.0
472,23.6,-37.94150924682617,24.55160903930664,0.0020962964589713766,0.09781747825726976,1.928543468355387e-06,0.0006827245472395085,27,-35.8490351421058,24.557422155217484,0.002779021006210885,4.0,3.90218252174273,0.0014507428277283907,0.5,0.0,0,0,0,-1.4718389138579369e-06,0.0,0.0
473,23.650000000000002,-37.937591552734375,24.551618576049805,0.002100058304048276,0.1421075003344404,1.9285434322384443e-06,0.0006789627021444558,26,-35.89625281734688,24.557289585329283,0.0027790210061927317,4.0,3.8578924996655597,0.0,0.0,1.0,0,0,1,-0.0014507428277283907,-0.5,1.0
474,23.700000000000003,-37.936279296875,24.551620483398438,0.002097550147256018,3.456638511920327e-05,1.928543407104903e-06,0.0006814708589231492,28,-35.90621373516673,24.557260164210803,0.002779021006179167,4.0,3.999965433614881,0.0014482263941317797,0.5,0.0,0,0,0,0.0014482263941317797,0.5,-1.0
475,23.75,-37.93531036376953,24.55162239074707,0.0020981767963425945,0.09674888240586196,1.9285434046979744e-06,0.0006808442098375244,27,-35.84504824392238,24.55742935948966,0.002779021006180119,4.0,3.903251117594138,0.0014467542059719563,0.5,0.0,0,0,0,-1.4721881598234177e-06,0.0,0.0
476,23.8,-37.93223190307617,24.551631927490234,0.002096458745350303,0.09316551735149409,1.9285434349532865e-06,0.000682562260844297,27,-35.849387320246294,24.557418282688573,0.0027790210061946,4.0,3.906834482648506,0.0014504349092021585,0.5,0.0,0,0,0,3.680703230202198e-06,0.0,0.0
477,23.85,-37.924808502197266,24.55167579650879,0.0019698263457771734,0.20398913979622338,1.9285434323425277e-06,0.0008091946604162977,21,-35.84247516356376,24.55746073094511,0.002779021006193471,4.0,3.7960108602037765,0.0,0.0,1.0,0,0,1,-0.0014504349092021585,-0.5,1.0
478,23.900000000000002,-37.92292785644531,24.55168914794922,0.001903343806099843,6.932056728775127e-05,1.928543447552583e-06,0.0008756772001017861,28,-35.89278850031559,24.557329033838364,0.002779021006201629,4.0,3.9999306794327123,0.0018603497883304954,0.5,0.0,0,0,0,0.0018603497883304954,0.5,-1.0
479,23.950000000000003,-37.92195129394531,24.55169105529785,0.0019041505566566228,0.0977876551180751,1.9285434348327232e-06,0.0008748704495378007,27,-35.82953892289526,24.557503999649086,0.0027790210061944235,4.0,3.902212344881925,0.0018584895879030228,0.5,0.0,0,0,0,-1.8602004274725914e-06,0.0,0.0
480,24.0,-37.91805648803711,24.55170440673828,0.0019077259284423517,0.14076476234968238,1.9285434517714306e-06,0.0008712950777614097,26,-35.879423359250225,24.55736789706083,0.0027790210062037615,4.0,3.8592352376503176,0.0,0.0,1.0,0,0,1,-0.0018584895879030228,-0.5,1.0
481,24.05,-37.91675567626953,24.551706314086914,0.0019051631560418009,3.429797858704287e-05,1.9285434773533977e-06,0.000873857850174706,28,-35.88669068448614,24.557345993315447,0.002779021006216507,4.0,3.999965702021413,0.0018564912024885416,0.5,0.0,0,0,0,0.0018564912024885416,0.5,-1.0
482,24.1,-37.91579055786133,24.551708221435547,0.0019059425987944345,0.09677398872412725,1.928331438141688e-06,0.0008730782986834159,27,-35.82547646814591,24.557515334588608,0.0027790208974778504,4.0,3.9032260112758728,0.001854688161984086,0.5,0.0,0,0,0,-1.8030405044555664e-06,0.0,0.0
483,24.150000000000002,-37.91272735595703,24.551715850830078,0.0019051164727004269,0.0923972220362474,1.9285434420795305e-06,0.000873904533498323,27,-35.83147313829815,24.557497786358823,0.00277902100619875,4.0,3.9076027779637528,0.0018564830534160137,0.5,0.0,0,0,0,1.794891431927681e-06,0.0,0.0
484,24.200000000000003,-37.90427017211914,24.55180549621582,0.001759283175809044,0.19962175395953474,1.9285434267818716e-06,0.0010197378303820619,21,-35.82942687127877,24.557569615626193,0.002779021006191106,4.0,3.800378246040465,0.0,0.0,1.0,0,0,1,-0.0018564830534160137,-0.5,1.0
485,24.25,-37.90260314941406,24.55179214477539,0.0018184273282892828,7.100630030271522e-05,1.9285434224268483e-06,0.000960593677898724,28,-35.87246021393574,24.557432040611644,0.0027790210061880067,4.0,3.9999289936996973,0.0020405554678291082,0.5,0.0,0,0,0,0.0020405554678291082,0.5,-1.0
486,24.3,-37.9016227722168,24.551794052124023,0.0018193221140051438,0.097711454654678,1.923582244887749e-06,0.000959696350452489,27,-35.80936813551202,24.557606557770278,0.002779018464457633,4.0,3.902288545345322,0.0020385016687214375,0.5,0.0,0,0,0,-2.053799107670784e-06,0.0,0.0
487,24.35,-37.898197174072266,24.55180549621582,0.001820334713390322,0.10064504049058443,1.92076750601608e-06,0.0009586823210360747,27,-35.799870038132745,24.55763487730707,0.0027790170344263966,4.0,3.8993549595094157,0.002036349382251501,0.5,0.0,0,0,0,-2.152286469936371e-06,0.0,0.0
488,24.400000000000002,-37.889312744140625,24.551870346069336,0.0016484619948366338,0.2177443735248642,1.9005281131747112e-06,0.0011305450778917273,24,-35.72560678475277,24.557881415177484,0.002779007072728361,4.0,3.782255626475136,0.0,0.0,1.0,0,0,1,-0.002036349382251501,-0.5,1.0
489,24.450000000000003,-37.887550354003906,24.551876068115234,0.0016389366426389094,7.401989798459688e-05,1.9285434594553882e-06,0.0011400843635696642,28,-35.85740101968561,24.55751598173405,0.0027790210062085736,4.0,3.9999259801020153,0.0024214517325162888,0.5,0.0,0,0,0,0.0024214517325162888,0.5,-1.0
490,24.5,-37.88656997680664,24.551876068115234,0.001639962765888998,0.09791229938510951,1.9190206682270783e-06,0.0011390533625734982,27,-35.79389959310911,24.55768972880612,0.0027790161284624963,4.0,3.9020877006148904,0.002419114112854004,0.5,0.0,0,0,0,-2.337619662284851e-06,0.0,0.0
491,24.55,-37.88260269165039,24.551908493041992,0.0015784434846338425,0.14374524533717478,1.928543402169615e-06,0.001200577521545605,26,-35.837963912855955,24.55758867323503,0.0027790210061794476,4.0,3.8562547546628254,0.0,0.0,1.0,0,0,1,-0.002419114112854004,-0.5,1.0
492,24.6,-37.88127899169922,24.551910400390625,0.001568108911173249,3.348163008769974e-05,1.9285434080598685e-06,0.0012109120950097327,28,-35.851215733307214,24.557550074802016,0.0027790210061829817,4.0,3.9999665183699125,0.002571755088865757,0.5,0.0,0,0,0,0.002571755088865757,0.5,-1.0
493,24.650000000000002,-37.88031005859375,24.55191421508789,0.0015692155274269878,0.09681192253518273,1.9178540182100343e-06,0.0012097999972298906,27,-35.78991744617817,24.557721545703806,0.0027790155246568784,4.0,3.9031880774648173,0.002569246105849743,0.5,0.0,0,0,0,-2.508983016014099e-06,0.0,0.0
494,24.700000000000003,-37.87763977050781,24.551918029785156,0.0015756311709182594,0.04006506295910546,1.909820193725896e-06,0.0012033803452308766,28,-35.7625764493133,24.55779392041581,0.002779011516149136,4.0,3.9599349370408947,0.0025557121261954308,0.5,0.0,0,0,0,-1.3533979654312134e-05,0.0,0.0
495,24.75,-37.86931228637695,24.551916122436523,0.0017309303930240578,0.21360132321702374,1.8972182852404137e-06,0.0010480749742636665,24,-35.71347809217326,24.5579053154304,0.0027790053672877243,4.0,3.7863986767829765,0.0,0.0,1.0,0,0,1,-0.0025557121261954308,-0.5,1.0
496,24.8,-37.86772537231445,24.551950454711914,0.0016494665319177306,6.794804573886047e-05,1.928543465849579e-06,0.0011295544742949434,28,-35.83758893052352,24.557590332502034,0.002779021006212674,4.0,3.999932051954261,0.002399113727733493,0.5,0.0,0,0,0,0.002399113727733493,0.5,-1.0
497,24.85,-37.86674880981445,24.551952362060547,0.0016504770507083071,0.09776049889692162,1.913270422875153e-06,0.0011285361311490765,27,-35.77439265190694,24.55776514909552,0.0027790131818573836,4.0,3.9022395011030784,0.002396802883595228,0.5,0.0,0,0,0,-2.310844138264656e-06,0.0,0.0
498,24.900000000000002,-37.8629035949707,24.55196762084961,0.001651189134210713,0.137064005302349,1.928543402658807e-06,0.0011278318719711354,26,-35.83172746286401,24.557610387968396,0.0027790210061818484,4.0,3.862935994697651,0.0,0.0,1.0,0,0,1,-0.002396802883595228,-0.5,1.0
499,24.950000000000003,-37.86164093017578,24.551969528198242,0.0016482212960486585,3.301514957593218e-05,1.9285434532312004e-06,0.0011307997101573173,28,-35.83157866228466,24.557609199857005,0.002779021006205976,4.0,3.999966984850424,0.002401758451014757,0.5,0.0,0,0,0,0.002401758451014757,0.5,-1.0
500,25.0,-37.86067199707031,24.551971435546875,0.001649287600781991,0.09678114896481722,1.912086869965829e-06,0.001129724966212415,27,-35.77034308569262,24.557778588720797,0.002779012566994406,4.0,3.9032188510351826,0.002399328164756298,0.5,0.0,0,0,0,-2.430286258459091e-06,0.0,0.0
501,25.05,-37.857574462890625,24.551984786987305,0.0016531240871902237,0.0937253899962833,1.913068363432191e-06,0.00112588895799337,27,-35.77357094815335,24.55777436177428,0.0027790130451835937,4.0,3.9062746100037167,0.002391246147453785,0.5,0.0,0,0,0,-8.082017302513123e-06,0.0,0.0
502,25.1,-37.850467681884766,24.552003860473633,0.0016609666284667216,0.20647992496690348,1.8958646937463144e-06,0.0011180379556174303,24,-35.70816409210546,24.557955451424117,0.002779004584084152,4.0,3.7935200750330966,0.0,0.0,1.0,0,0,1,-0.002391246147453785,-0.5,1.0
503,25.150000000000002,-37.849464416503906,24.552005767822266,0.0016590324557101866,5.72358518463699e-05,1.926583912935549e-06,0.0011199875137685926,28,-35.819350720187536,24.557645582256928,0.002779019969478779,4.0,3.9999427641481535,0.002378820674493909,0.5,0.0,0,0,0,0.002378820674493909,0.5,-1.0
504,25.200000000000003,-37.84847640991211,24.55200958251953,0.0016600564983656736,0.09793704738394791,1.907773217843696e-06,0.0011189538692220793,27,-35.75575479804112,24.5578233847662,0.002779010367587753,4.0,3.902062952616052,0.0,0.0,1.0,0,0,1,-0.002378820674493909,-0.5,1.0
505,25.25,-37.848541259765625,24.55200958251953,0.0016602731402785677,4.713217348552454e-06,1.9263516857232627e-06,0.0011187467062694157,28,-35.8185390860789,24.557649087012457,0.0027790198465479834,4.0,3.9999952867826516,0.0023761882912367582,0.5,0.0,0,0,0,0.0023761882912367582,0.5,-1.0
506,25.3,-37.84760665893555,24.552011489868164,0.0016612473787007784,0.09466334515931975,1.909554841202088e-06,0.00111776386847027,27,-35.761661584504026,24.557806460051697,0.0027790112471710485,4.0,3.90533665484068,0.0023739542812108994,0.5,0.0,0,0,0,-2.234010025858879e-06,0.0,0.0
507,25.35,-37.84567642211914,24.552013397216797,0.0016660298854669373,0.018314264644446004,1.9142201870096798e-06,0.0011129836913160585,28,-35.776797117678335,24.557760941465855,0.002779013576782996,4.0,3.981685735355554,0.0023639039136469364,0.5,0.0,0,0,0,-1.0050367563962936e-05,0.0,0.0
508,25.400000000000002,-37.840415954589844,24.552019119262695,0.0017112816477178048,0.0932766108825643,1.908301660173521e-06,0.0010677289404309928,27,-35.757341409025464,24.55780611207407,0.0027790105881487976,4.0,3.9067233891174356,0.0022678342647850513,0.5,0.0,0,0,0,-9.606964886188507e-05,0.0,0.0
509,25.450000000000003,-37.829345703125,24.552030563354492,0.0018075273532456976,0.2388940941557214,1.9018041075898745e-06,0.0009714799678396608,25,-35.73651951201503,24.55784465582198,0.0027790073210853584,4.0,3.7611059058442784,0.0,0.0,1.0,0,0,1,-0.0022678342647850513,-0.5,1.0
510,25.5,-37.827754974365234,24.5519962310791,0.0019367555546586789,8.763189164003363e-05,1.9203511860991715e-06,0.0008422611174313962,28,-35.797576737367585,24.55763622441248,0.002779016672090075,4.0,3.99991236810836,0.0017894817283377051,0.5,0.0,0,0,0,0.0017894817283377051,0.5,-1.0
511,25.55,-37.8267707824707,24.5519962310791,0.0019375352574856376,0.0984579405650343,1.9010460401338442e-06,0.0008414716719777823,27,-35.73297092587215,24.557813029315163,0.00277900692946342,4.0,3.901542059434966,0.0,0.0,1.0,0,0,1,-0.0017894817283377051,-0.5,1.0
512,25.6,-37.82682800292969,24.5519962310791,0.001937715228918678,5.01179712571323e-06,1.9201365429027256e-06,0.0008413013292130598,28,-35.796825195255096,24.557635736873518,0.002779016558131738,4.0,3.9999949882028742,0.001787445624358952,0.5,0.0,0,0,0,0.001787445624358952,0.5,-1.0
513,25.650000000000002,-37.82588195800781,24.551998138427734,0.0019384347245393523,0.0950490728319336,1.9023299632197482e-06,0.0008405731186596635,27,-35.73913837844681,24.55779532779335,0.002779007843199016,4.0,3.9049509271680662,0.0,0.0,1.0,0,0,1,-0.001787445624358952,-0.5,1.0
514,25.700000000000003,-37.82597351074219,24.551998138427734,0.0019386862164118238,7.349404972422061e-07,1.919479733672458e-06,0.0008403302136604617,28,-35.79597973230033,24.55763761952655,0.0027790164300722855,4.0,3.9999992650595027,0.0017853849567472935,0.5,0.0,0,0,0,0.0017853849567472935,0.5,-1.0
515,25.75,-37.82508850097656,24.552001953125,0.0019393325011099532,0.09198892469279091,1.902477760373604e-06,0.0008396761650592685,27,-35.74467940361227,24.557781540433922,0.0027790086661692217,4.0,3.908011075307209,0.0,0.0,1.0,0,0,1,-0.0017853849567472935,-0.5,1.0
516,25.8,-37.8252067565918,24.552001953125,0.0019396445903001969,1.278853072280727e-06,1.9177812050951218e-06,0.0008393717234773249,28,-35.79521182325375,24.557641438895754,0.002779016313777522,4.0,3.9999987211469277,0.001783349784091115,0.5,0.0,0,0,0,0.001783349784091115,0.5,-1.0
517,25.85,-37.82437515258789,24.552003860473633,0.0019402548547042858,0.08944564884950991,1.9024760613377267e-06,0.000838754488790523,27,-35.74923061589538,24.55776881889242,0.002779009343494809,4.0,3.91055435115049,0.0017819394124671817,0.5,0.0,0,0,0,-1.4103716239333153e-06,0.0,0.0
518,25.900000000000002,-37.82297134399414,24.55200958251953,0.001941116610980846,0.012227224598230717,1.9052526368610462e-06,0.0008378954743881691,28,-35.76701675277185,24.557721214623896,0.0027790120853690152,4.0,3.987772775401769,0.0017801563953980803,0.5,0.0,0,0,0,-1.7830170691013336e-06,0.0,0.0
519,25.950000000000003,-37.81948471069336,24.552021026611328,0.0019314404156745041,0.07368030492534641,1.901328754935934e-06,0.0008475730853179529,27,-35.77697430995003,24.55769530386704,0.002779013500992457,4.0,3.9263196950746537,0.0018006497994065285,0.5,0.0,0,0,0,2.0493404008448124e-05,0.0,0.0
520,26.0,-37.81005859375,24.552026748657227,0.0020259822442608294,0.23890315051445404,1.8649404334028855e-06,0.0007530221308950104,25,-35.71721461546489,24.55784092125393,0.00277900437515584,4.0,3.761096849485546,0.0,0.0,1.0,0,0,1,-0.0018006497994065285,-0.5,1.0
521,26.05,-37.808536529541016,24.552026748657227,0.002036010450166334,7.829034277806965e-05,1.8808130483752641e-06,0.0007430033144826356,28,-35.77837807581376,24.557666720648104,0.0027790137646489695,4.0,3.999921709657222,0.00157882459461689,0.5,0.0,0,0,0,0.00157882459461689,0.5,-1.0
522,26.1,-37.80755615234375,24.55202865600586,0.0020367101801382925,0.09796028213879347,1.8597595516575693e-06,0.0007422940002713469,27,-35.7147863928385,24.557842627121058,0.0027790041804096393,4.0,3.9020397178612067,0.0,0.0,1.0,0,0,1,-0.00157882459461689,-0.5,1.0
523,26.150000000000002,-37.80762481689453,24.55202865600586,0.002036893402500398,6.890267455593435e-06,1.8788378701979982e-06,0.000742120246821141,28,-35.777617968745226,24.557668208422733,0.002779013649321539,4.0,3.9999931097325443,0.0015769493766129017,0.5,0.0,0,0,0,0.0015769493766129017,0.5,-1.0
524,26.200000000000003,-37.80669021606445,24.552030563354492,0.00203749482437743,0.09454821585527555,1.85998470962883e-06,0.0007415102706858599,27,-35.72098340649839,24.55782490813431,0.00277900509506329,4.0,3.9054517841447245,0.0,0.0,1.0,0,0,1,-0.0015769493766129017,-0.5,1.0
525,26.25,-37.806785583496094,24.552030563354492,0.0020377437155066494,1.3132733112683083e-06,1.876982637958463e-06,0.000741269808511533,28,-35.77679057712206,24.557670084463698,0.0027790135240181825,4.0,3.9999986867266886,0.0015751434257254004,0.5,0.0,0,0,0,0.0015751434257254004,0.5,-1.0
526,26.3,-37.805912017822266,24.552032470703125,0.0020383287527011937,0.091506180492177,1.860165103876113e-06,0.0007406771589361419,27,-35.72650219714764,24.557809317591293,0.0027790059116373357,4.0,3.908493819507823,0.0,0.0,1.0,0,0,1,-0.0015751434257254004,-0.5,1.0
527,26.35,-37.80603790283203,24.552032470703125,0.0020386447430063154,2.470702632745337e-06,1.8753259755427062e-06,0.0007403686674082926,28,-35.77604043886259,24.55767200006809,0.002779013410414608,4.0,3.9999975292973673,0.001573230023495853,0.5,0.0,0,0,0,0.001573230023495853,0.5,-1.0
528,26.400000000000002,-37.805213928222656,24.55203628540039,0.002039172563849315,0.08909889310902151,1.8601206678414e-06,0.0007398339829011238,27,-35.73078717319788,24.557799285645952,0.002779006546750439,4.0,3.9109011068909787,0.0,0.0,1.0,0,0,1,-0.001573230023495853,-0.5,1.0
529,26.450000000000003,-37.80536651611328,24.552032470703125,0.002039535107458648,3.76513405225222e-06,1.8738381569356755e-06,0.0007394782008360024,28,-35.77536630364491,24.557672008986746,0.0027790133082946505,4.0,3.999996234865948,0.0015713393222540617,0.5,0.0,0,0,0,0.0015713393222540617,0.5,-1.0
530,26.5,-37.80457305908203,24.55203628540039,0.0020400408219840055,0.08763641049547143,1.8596102662358713e-06,0.0007389660783220808,27,-35.733173631378165,24.557790873904615,0.0027790069003060863,4.0,3.912363589504529,0.0,0.0,1.0,0,0,1,-0.0015713393222540617,-0.5,1.0
531,26.55,-37.80473709106445,24.55203628540039,0.0020404343144380375,4.1490612091019785e-06,1.8724439177983387e-06,0.0007385788984334658,28,-35.77473606340101,24.55767582714999,0.0027790132128715033,4.0,3.9999958509387907,0.0015694299945607781,0.5,0.0,0,0,0,0.0015694299945607781,0.5,-1.0
532,26.6,-37.80396270751953,24.552038192749023,0.002040934177291078,0.08688576840172216,1.8587227796316996e-06,0.0007380728620075753,27,-35.73411710295366,24.557788464332095,0.0027790070392986533,4.0,3.9131142315982776,0.0,0.0,1.0,0,0,1,-0.0015694299945607781,-0.5,1.0
533,26.650000000000002,-37.80413818359375,24.552038192749023,0.0020413414536843456,4.495750508063493e-06,1.8711171958472883e-06,0.0007376716683451844,28,-35.77413641979968,24.55767773768666,0.00277901312202953,4.0,3.999995504249492,0.0015675039030611515,0.5,0.0,0,0,0,0.0015675039030611515,0.5,-1.0
534,26.700000000000003,-37.803367614746094,24.552040100097656,0.002041831953861679,0.08652863832932872,1.8576234919855453e-06,0.0007371751053027835,27,-35.73426126657916,24.5577883184171,0.0027790070591644624,4.0,3.913471361670671,0.0,0.0,1.0,0,0,1,-0.0015675039030611515,-0.5,1.0
535,26.75,-37.80354309082031,24.552040100097656,0.002042247292559028,4.8158737403437064e-06,1.8697990494800573e-06,0.0007367657392706012,28,-35.773540647303996,24.5576796480593,0.002779013031829629,4.0,3.9999951841262598,0.0015655806055292487,0.5,0.0,0,0,0,0.0015655806055292487,0.5,-1.0
536,26.8,-37.80278015136719,24.55204200744629,0.00204273025058093,0.08638203204375658,1.856410000399683e-06,0.0007362767646954989,27,-35.73397727704311,24.55778938353031,0.002779007015276429,4.0,3.9136179679562435,0.0,0.0,1.0,0,0,1,-0.0015655806055292487,-0.5,1.0
537,26.85,-37.80295944213867,24.55204200744629,0.0020431474097985557,5.132175663671604e-06,1.8685062559203533e-06,0.0007358655335674789,28,-35.77295632701399,24.55768155838756,0.0027790129433660346,4.0,3.9999948678243364,0.001563669415190816,0.5,0.0,0,0,0,0.001563669415190816,0.5,-1.0
538,26.900000000000002,-37.80219268798828,24.552045822143555,0.0020436431114623926,0.08630645320668924,1.85515224396509e-06,0.0007353638380125562,27,-35.733546261259974,24.55779276457913,0.002779006949474949,4.0,3.913693546793311,0.0,0.0,1.0,0,0,1,-0.001563669415190816,-0.5,1.0
539,26.950000000000003,-37.802371978759766,24.552045822143555,0.0020440639117205715,5.05167193766571e-06,1.867205144594035e-06,0.0007349489426777393,28,-35.772369034577785,24.557685373730283,0.0027790128543983108,4.0,3.9999949483280623,0.0015617234166711569,0.5,0.0,0,0,0,0.0015617234166711569,0.5,-1.0
540,27.0,-37.80160903930664,24.552047729492188,0.002044544399036384,0.08628168660204788,1.8538712590401851e-06,0.0007344624695142287,27,-35.73301387925547,24.557794530570533,0.0027790068685506126,4.0,3.9137183133979523,0.0,0.0,1.0,0,0,1,-0.0015617234166711569,-0.5,1.0
541,27.05,-37.801788330078125,24.552047729492188,0.0020449640289600993,5.17137133146475e-06,1.8659123985961118e-06,0.0007340487369990197,28,-35.77178513173889,24.557687282898442,0.002779012765959119,4.0,3.9999948286286684,0.001559812226332724,0.5,0.0,0,0,0,0.001559812226332724,0.5,-1.0
542,27.1,-37.801025390625,24.55204963684082,0.002045441785495497,0.0862681492261219,1.8525832948647694e-06,0.0007335649986732373,27,-35.73245825283726,24.55779636115832,0.0027790067841687344,4.0,3.9137318507738783,0.0,0.0,1.0,0,0,1,-0.001559812226332724,-0.5,1.0
543,27.150000000000002,-37.801204681396484,24.55204963684082,0.002045863886125302,5.153706986459935e-06,1.8646197290006147e-06,0.0007331487914353798,28,-35.771201520567864,24.557689191256056,0.0027790126775606816,4.0,3.9999948462930135,0.0015579016180709004,0.5,0.0,0,0,0,0.0015579016180709004,0.5,-1.0
544,27.200000000000003,-37.80044174194336,24.552053451538086,0.0020463495749276184,0.08626090001906556,1.8512914584109877e-06,0.0007326571229469333,27,-35.73188960996341,24.557800135267573,0.0027790066978745516,4.0,3.9137390999809343,0.0,0.0,1.0,0,0,1,-0.0015579016180709004,-0.5,1.0
545,27.25,-37.800621032714844,24.55204963684082,0.002046769594962821,5.225714885301358e-06,1.8633270749759956e-06,0.0007322429942001355,28,-35.770617718989904,24.557689192794168,0.0027790125891629567,4.0,3.9999947742851147,0.0015559784369543195,0.5,0.0,0,0,0,0.0015559784369543195,0.5,-1.0
546,27.3,-37.79985809326172,24.552053451538086,0.0020472511225759346,0.08626184571711923,1.8499944960106637e-06,0.0007317554864629517,27,-35.731304003694184,24.55780014182094,0.0027790066090388863,4.0,3.9137381542828806,0.0,0.0,1.0,0,0,1,-0.0015559784369543195,-0.5,1.0
547,27.35,-37.8000373840332,24.552053451538086,0.0020476711426111378,5.1748259060887925e-06,1.862034449445077e-06,0.0007313413581806608,28,-35.770034178369194,24.557693008304366,0.0027790125007917986,4.0,3.999994825174094,0.0015540639869868755,0.5,0.0,0,0,0,0.0015540639869868755,0.5,-1.0
548,27.400000000000002,-37.79927444458008,24.55205535888672,0.0020481339448728364,0.08625303179293664,1.8487035653340714e-06,0.0007308725783134844,27,-35.73073859976862,24.55780199958049,0.0027790065231863208,4.0,3.9137469682070636,0.0,0.0,1.0,0,0,1,-0.0015540639869868755,-0.5,1.0
549,27.450000000000003,-37.79945373535156,24.55205535888672,0.0020485533147222264,5.214568397296644e-06,1.8607417874415971e-06,0.0007304590976731592,28,-35.7694504453048,24.55769491700072,0.0027790124123953856,4.0,3.999994785431603,0.0015521907480433583,0.5,0.0,0,0,0,0.0015521907480433583,0.5,-1.0
550,27.5,-37.79869079589844,24.55205726623535,0.0020490289906630226,0.08625641374021553,1.8474050810842607e-06,0.0007299774429367824,27,-35.73014795048661,24.557803927497062,0.002779006433599805,4.0,3.9137435862597845,0.0,0.0,1.0,0,0,1,-0.0015521907480433583,-0.5,1.0
551,27.55,-37.79887008666992,24.55205726623535,0.0020494513513671527,5.212096863093446e-06,1.85944912727172e-06,0.0007295609726344506,28,-35.7688668018745,24.557696825447984,0.0027790123240016033,4.0,3.999994787903137,0.0015502837486565113,0.5,0.0,0,0,0,0.0015502837486565113,0.5,-1.0
552,27.6,-37.7981071472168,24.552059173583984,0.002049936520020819,0.08625589999778473,1.846109048105407e-06,0.0007290698252051839,27,-35.72956536525118,24.557805833003595,0.002779006345226003,4.0,3.9137441000022153,0.0,0.0,1.0,0,0,1,-0.0015502837486565113,-0.5,1.0
553,27.650000000000002,-37.79828643798828,24.552059173583984,0.0020503579704648106,5.228054746899593e-06,1.8581564774945714e-06,0.0007286542651468403,28,-35.76828311931255,24.557698734003992,0.002779012235611651,4.0,3.999994771945253,0.0015483585884794593,0.5,0.0,0,0,0,0.0015483585884794593,0.5,-1.0
554,27.700000000000003,-37.797523498535156,24.55206298828125,0.002050834166554257,0.08625684619648363,1.8448120393211795e-06,0.0007281720898222347,27,-35.728979757952914,24.557809654257106,0.0027790062563764917,4.0,3.9137431538035163,0.0,0.0,1.0,0,0,1,-0.0015483585884794593,-0.5,1.0
555,27.75,-37.79770278930664,24.55206298828125,0.002051254836775273,5.226453056106734e-06,1.8568637914105277e-06,0.0007277573104352759,28,-35.767699474038935,24.557702549805022,0.002779012147210549,4.0,3.999994773546944,0.0015464541502296925,0.5,0.0,0,0,0,0.0015464541502296925,0.5,-1.0
556,27.8,-37.796939849853516,24.552064895629883,0.0020517419559863783,0.08625825377996311,1.8435147000842728e-06,0.0007272642113695543,27,-35.72839319558818,24.557811570816103,0.0027790061673559326,4.0,3.913741746220037,0.0,0.0,1.0,0,0,1,-0.0015464541502296925,-0.5,1.0
557,27.85,-37.797119140625,24.552064895629883,0.0020521631463560445,5.220286514570113e-06,1.8555711387147067e-06,0.0007268489124645843,28,-35.767115838454345,24.557704458230482,0.002779012058820629,4.0,3.9999947797134854,0.0015445253811776638,0.5,0.0,0,0,0,0.0015445253811776638,0.5,-1.0
558,27.900000000000002,-37.796356201171875,24.552066802978516,0.0020526490952326865,0.08625820897051728,1.8422183859102131e-06,0.0007263569836104193,27,-35.72780963966522,24.557813479020183,0.0027790060788431058,4.0,3.9137417910294827,0.0,0.0,1.0,0,0,1,-0.0015445253811776638,-0.5,1.0
559,27.950000000000003,-37.79653549194336,24.552066802978516,0.002053070285602353,5.219267969870495e-06,1.8542785509070847e-06,0.0007259416848596147,28,-35.76653219193887,24.55770636668632,0.002779011970461968,4.0,3.99999478073203,0.0015425990568473935,0.5,0.0,0,0,0,0.0015425990568473935,0.5,-1.0
560,28.0,-37.795772552490234,24.55207061767578,0.002053556624590483,0.08626285824320096,1.8409190643674939e-06,0.0007254493642604382,27,-35.72721636703339,24.557817321575705,0.002779005988850921,4.0,3.913737141756799,0.0,0.0,1.0,0,0,1,-0.0015425990568473935,-0.5,1.0
561,28.05,-37.79595184326172,24.552066802978516,0.0020539775548858237,5.2231774551087415e-06,1.852985895188508e-06,0.0007250343271772296,28,-35.76594853495596,24.557706367822597,0.0027790118820630533,4.0,3.999994776822545,0.0015406724996864796,0.5,0.0,0,0,0,0.0015406724996864796,0.5,-1.0
562,28.1,-37.795188903808594,24.55207061767578,0.0020544481593772787,0.08625905867345549,1.8396250078102708e-06,0.0007245577420693645,27,-35.72664058343059,24.557817300831807,0.002779005901446643,4.0,3.9137409413265445,0.0,0.0,1.0,0,0,1,-0.0015406724996864796,-0.5,1.0
563,28.150000000000002,-37.795372009277344,24.55207061767578,0.0020548679193381565,5.227116661472062e-06,1.8517016612956683e-06,0.0007241438749032805,28,-35.76536869261448,24.557710183649046,0.002779011794241437,4.0,3.9999947728833387,0.0015387817984446883,0.5,0.0,0,0,0,0.0015387817984446883,0.5,-1.0
564,28.200000000000003,-37.79460525512695,24.552072525024414,0.0020553506172857334,0.08625821596329451,1.8383292255683484e-06,0.0007236551959112821,27,-35.72605867915572,24.55781920444595,0.0027790058131970156,4.0,3.9137417840367057,0.0,0.0,1.0,0,0,1,-0.0015387817984446883,-0.5,1.0
565,28.25,-37.7947883605957,24.552072525024414,0.0020557718076553997,5.227978940950664e-06,1.850408997720529e-06,0.0007232398981902558,28,-35.764785042105416,24.55771209211598,0.0027790117058456554,4.0,3.999994772021059,0.0015368624590337276,0.5,0.0,0,0,0,0.0015368624590337276,0.5,-1.0
566,28.3,-37.79402160644531,24.552074432373047,0.0020562474835961963,0.08625678559244496,1.8370336699602419e-06,0.0007227582414622261,27,-35.72547799133377,24.557821104679554,0.0027790057250584223,4.0,3.913743214407555,0.0,0.0,1.0,0,0,1,-0.0015368624590337276,-0.5,1.0
567,28.35,-37.79420471191406,24.552074432373047,0.002056667503631399,5.233513568073033e-06,1.8491162913575679e-06,0.000722344113794978,28,-35.764201381675434,24.55771400061048,0.002779011617426377,4.0,3.9999947664864317,0.0015349604655057192,0.5,0.0,0,0,0,0.0015349604655057192,0.5,-1.0
568,28.400000000000002,-37.79343795776367,24.55207633972168,0.0020571438297580084,0.0862568525313376,1.835737270645954e-06,0.0007218618067457811,27,-35.724894204092635,24.55782301352647,0.0027790056365037895,4.0,3.9137431474686624,0.0,0.0,1.0,0,0,1,-0.0015349604655057192,-0.5,1.0
569,28.450000000000003,-37.79362106323242,24.55207633972168,0.0020575635897188862,5.211360320562912e-06,1.8478236851479993e-06,0.0007214479393414805,28,-35.763617780035815,24.55771590894161,0.0027790115290603668,4.0,3.9999947886396794,0.001533057657070458,0.5,0.0,0,0,0,0.001533057657070458,0.5,-1.0
570,28.5,-37.79285430908203,24.552080154418945,0.0020580351044704793,0.08626280582461315,1.834437034935188e-06,0.0007209704415928309,27,-35.72429823214861,24.557826863583397,0.00277900554606331,4.0,3.9137371941753867,0.0,0.0,1.0,0,0,1,-0.001533057657070458,-0.5,1.0
571,28.55,-37.79303741455078,24.552080154418945,0.002058454214245544,5.2039947667228295e-06,1.846531073108025e-06,0.0007205572264507025,28,-35.76303414700075,24.55771972470863,0.0027790114406962465,4.0,3.9999947960052333,0.0015311663737520576,0.5,0.0,0,0,0,0.0015311663737520576,0.5,-1.0
572,28.6,-37.79227066040039,24.552082061767578,0.002058940813307999,0.08625933312196982,1.833142892281904e-06,0.0007200646453119886,27,-35.72372177193716,24.557828752068446,0.0027790054586199877,4.0,3.9137406668780303,0.0,0.0,1.0,0,0,1,-0.0015311663737520576,-0.5,1.0
573,28.650000000000002,-37.79245376586914,24.552082061767578,0.00205936226375199,5.215910273023888e-06,1.845238404660915e-06,0.0007196490885452234,28,-35.76245047302209,24.557721633240785,0.0027790113522972136,4.0,3.999994784089727,0.001529238186776638,0.5,0.0,0,0,0,0.001529238186776638,0.5,-1.0
574,28.700000000000003,-37.79168701171875,24.55208396911621,0.0020598458719597056,0.0862566881693807,1.831848156539674e-06,0.0007191594989242062,27,-35.72314359828971,24.557830645315143,0.002779005370883912,4.0,3.9137433118306193,0.0,0.0,1.0,0,0,1,-0.001529238186776638,-0.5,1.0
575,28.75,-37.7918701171875,24.55208396911621,0.0020602674524408597,5.2007718625887676e-06,1.8439456691285785e-06,0.0007187438114230203,28,-35.761866856487686,24.5577235416133,0.00277901126386388,4.0,3.9999947992281375,0.0015273160533979535,0.5,0.0,0,0,0,0.0015273160533979535,0.5,-1.0
576,28.8,-37.79110336303711,24.552087783813477,0.0020607445587904447,0.0862554812444141,1.8305525349834526e-06,0.0007182607239266405,27,-35.72256244794022,24.55783445418276,0.002779005282717085,4.0,3.913744518755586,0.0,0.0,1.0,0,0,1,-0.0015273160533979535,-0.5,1.0
577,28.85,-37.79128646850586,24.55208396911621,0.002061164838899973,5.2108056844739785e-06,1.842653083733957e-06,0.0007178463366031237,28,-35.76128318650082,24.557723542785723,0.0027790111755030965,4.0,3.9999947891943157,0.0015254104509949684,0.5,0.0,0,0,0,0.0015254104509949684,0.5,-1.0
578,28.900000000000002,-37.79051971435547,24.552087783813477,0.002061643765769834,0.08625920636462149,1.82925374503113e-06,0.00071736142720971,27,-35.72197108828935,24.557834476724807,0.002779005192979544,4.0,3.9137407936353785,0.0,0.0,1.0,0,0,1,-0.0015254104509949684,-0.5,1.0
579,28.950000000000003,-37.79070281982422,24.552087783813477,0.002062064045879362,5.194327545828304e-06,1.841360482896827e-06,0.0007169470412637787,28,-35.76069957281472,24.55772735849897,0.002779011087143141,4.0,3.999994805672454,0.001523501006886363,0.5,0.0,0,0,0,0.001523501006886363,0.5,-1.0
580,29.0,-37.789939880371094,24.55208969116211,0.0020625401119316465,0.08625548101357343,1.8279681640170908e-06,0.000716464994225998,27,-35.72139896575535,24.557836363749214,0.0027790051061576445,4.0,3.9137445189864266,0.0,0.0,1.0,0,0,1,-0.001523501006886363,-0.5,1.0
581,29.05,-37.79011917114258,24.55208969116211,0.0020629606521154996,5.196795155275965e-06,1.8400677219941597e-06,0.000716050346581616,28,-35.76011591889703,24.55772926697537,0.0027790109986971156,4.0,3.999994803204845,0.0015215971507132053,0.5,0.0,0,0,0,0.0015215971507132053,0.5,-1.0
582,29.1,-37.78935623168945,24.552091598510742,0.0020634309965326296,0.08625770133125672,1.82667048178025e-06,0.0007155740204394289,27,-35.72081072103732,24.55783828498349,0.0027790050169720585,4.0,3.913742298668743,0.0,0.0,1.0,0,0,1,-0.0015215971507132053,-0.5,1.0
583,29.150000000000002,-37.78953552246094,24.552091598510742,0.0020638510165678324,5.194721915483221e-06,1.8387751316460352e-06,0.0007151598937706967,28,-35.759532274621016,24.557731175424987,0.002779010910338529,4.0,3.9999948052780847,0.001519706449471414,0.5,0.0,0,0,0,0.001519706449471414,0.5,-1.0
584,29.200000000000003,-37.78877258300781,24.552093505859375,0.0020643147290896695,0.08625913942137982,1.8253730640141463e-06,0.000714690198825411,27,-35.720224095524095,24.557840201717976,0.0027790049279150806,4.0,3.91374086057862,0.0,0.0,1.0,0,0,1,-0.001519706449471414,-0.5,1.0
585,29.25,-37.7889518737793,24.552093505859375,0.002064733838864734,5.195744201446715e-06,1.8374825349245366e-06,0.0007142769831113486,28,-35.75894862377219,24.557733083892867,0.002779010821976083,4.0,3.9999948042557985,0.001517831813544035,0.5,0.0,0,0,0,0.001517831813544035,0.5,-1.0
586,29.3,-37.78818893432617,24.55209732055664,0.0020652032730217257,0.08625758934049747,1.8240777137036243e-06,0.0007138015668607489,27,-35.7196436555046,24.557844008611585,0.0027790048398824746,4.0,3.9137424106595025,0.0,0.0,1.0,0,0,1,-0.001517831813544035,-0.5,1.0
587,29.35,-37.788368225097656,24.55209732055664,0.002065622772908278,5.192504851559069e-06,1.8361898140046434e-06,0.0007133879606495705,28,-35.758364981975866,24.557736899684233,0.0027790107335578487,4.0,3.9999948074951486,0.0015159441391006112,0.5,0.0,0,0,0,0.0015159441391006112,0.5,-1.0
588,29.400000000000002,-37.78760528564453,24.552099227905273,0.0020660977986632616,0.08625818517804276,1.822780938042813e-06,0.0007129069524784951,27,-35.71905877344748,24.557845920501,0.0027790047511417567,4.0,3.9137418148219574,0.0,0.0,1.0,0,0,1,-0.0015159441391006112,-0.5,1.0
589,29.450000000000003,-37.787784576416016,24.552099227905273,0.0020665175586241395,5.212837485227978e-06,1.834897142089821e-06,0.0007124930865309844,28,-35.75778129012491,24.557738808266052,0.002779010645155124,4.0,3.9999947871625148,0.0015140441246330738,0.5,0.0,0,0,0,0.0015140441246330738,0.5,-1.0
590,29.5,-37.78702163696289,24.552101135253906,0.0020669860825209925,0.08625757419843867,1.8214849212628073e-06,0.0007120185802554934,27,-35.7184763894922,24.557847825448174,0.002779004662776486,4.0,3.913742425801561,0.0,0.0,1.0,0,0,1,-0.0015140441246330738,-0.5,1.0
591,29.55,-37.787200927734375,24.552101135253906,0.00206740532233322,5.192560742372426e-06,1.8336045235012657e-06,0.0007116052344485133,28,-35.75719768450086,24.55774071660825,0.0027790105567817333,4.0,3.9999948074392577,0.0015121588949114084,0.5,0.0,0,0,0,0.0015121588949114084,0.5,-1.0
592,29.6,-37.78643798828125,24.55210304260254,0.002067872935969935,0.08625757410839568,1.8201885111481311e-06,0.0007111316382448379,27,-35.717892741000426,24.5578497339095,0.002779004574214773,4.0,3.9137424258916043,0.0,0.0,1.0,0,0,1,-0.0015121588949114084,-0.5,1.0
593,29.650000000000002,-37.786617279052734,24.55210304260254,0.0020682926959308128,5.190999793905199e-06,1.8323118617944237e-06,0.0007107177724574106,28,-35.75661403913709,24.55774262506089,0.0027790104683882233,4.0,3.999994809000206,0.0015102745965123177,0.5,0.0,0,0,0,0.0015102745965123177,0.5,-1.0
594,29.700000000000003,-37.78585433959961,24.55210304260254,0.002068759529344552,0.08625668012974201,1.8188927244713882e-06,0.0007102449566116662,27,-35.71731094284729,24.557849729880083,0.0027790044859562183,4.0,3.913743319870258,0.0,0.0,1.0,0,0,1,-0.0015102745965123177,-0.5,1.0
595,29.75,-37.786033630371094,24.55210304260254,0.002069178639119617,5.191546317981648e-06,1.8310191676968249e-06,0.0007098317408518258,28,-35.756030389294835,24.557742626177326,0.002779010379971443,4.0,3.999994808453682,0.0015083933249115944,0.5,0.0,0,0,0,0.0015083933249115944,0.5,-1.0
596,29.8,-37.78527069091797,24.552106857299805,0.0020696510641313483,0.08625820714938129,1.8175953487836044e-06,0.0007093533327953111,27,-35.71672413325432,24.557853554474775,0.0027790043969266594,4.0,3.913741792850619,0.0,0.0,1.0,0,0,1,-0.0015083933249115944,-0.5,1.0
597,29.85,-37.78544998168945,24.552106857299805,0.002070071084166551,5.191144414393025e-06,1.8297265844272395e-06,0.000708939207453128,28,-35.75544674147368,24.557746441985433,0.002779010291619679,4.0,3.9999948088555857,0.0015064981998875737,0.5,0.0,0,0,0,0.0015064981998875737,0.5,-1.0
598,29.900000000000002,-37.78468704223633,24.552108764648438,0.0020705432491039573,0.08625816976325945,1.816298966125264e-06,0.000708461059275307,27,-35.716140561965126,24.557855462721555,0.0027790043083792642,4.0,3.9137418302367406,0.0,0.0,1.0,0,0,1,-0.0015064981998875737,-0.5,1.0
599,29.950000000000003,-37.78486633300781,24.552108764648438,0.0020709627489905098,5.191869408295986e-06,1.828433906917934e-06,0.0007080474542265438,28,-35.75486309125611,24.557748350451558,0.0027790102032170536,4.0,3.999994808130592,0.0015046047046780586,0.5,0.0,0,0,0,0.0015046047046780586,0.5,-1.0
600,30.0,-37.78410339355469,24.55211067199707,0.002071428021958298,0.08625756617723086,1.8150029504112458e-06,0.0007075761980531283,27,-35.7155581627052,24.557857367711257,0.0027790042200114265,4.0,3.9137424338227693,0.0,0.0,1.0,0,0,1,-0.0015046047046780586,-0.5,1.0
601,30.05,-37.78428268432617,24.55211067199707,0.002071847131733363,5.199403513844397e-06,1.827141278233288e-06,0.0007071629831044948,28,-35.75427942658059,24.55775025895786,0.0027790101148378577,4.0,3.999994800596486,0.0015027268091216683,0.5,0.0,0,0,0,0.0015027268091216683,0.5,-1.0
602,30.1,-37.78351974487305,24.552114486694336,0.0020723178662619803,0.0862581025959005,1.813706175880607e-06,0.0007066862650173811,27,-35.714973403648315,24.5578611866075,0.0027790041312793614,4.0,3.9137418974040994,0.0,0.0,1.0,0,0,1,-0.0015027268091216683,-0.5,1.0
603,30.150000000000002,-37.78369903564453,24.552114486694336,0.0020727372361113703,5.195758221764024e-06,1.825848655646195e-06,0.0007062727903570818,28,-35.753695785646194,24.557754074746832,0.002779010026468452,4.0,3.999994804241778,0.0015008366899564862,0.5,0.0,0,0,0,0.0015008366899564862,0.5,-1.0
604,30.200000000000003,-37.782936096191406,24.55211639404297,0.0020732077105656624,0.08625901876397316,1.812409280852606e-06,0.0007057963319155422,27,-35.71438785850956,24.557863100339624,0.0027790040424812046,4.0,3.913740981236027,0.0,0.0,1.0,0,0,1,-0.0015008366899564862,-0.5,1.0
605,30.25,-37.78311538696289,24.55211639404297,0.0020736273404893778,5.204393362427229e-06,1.8245558793417854e-06,0.0007053825975259095,28,-35.75311211863283,24.55775598325963,0.0027790099380152872,4.0,3.9999947956066375,0.0014989465707913041,0.5,0.0,0,0,0,0.0014989465707913041,0.5,-1.0
606,30.3,-37.782352447509766,24.5521183013916,0.002074090662899727,0.08625746175449235,1.8111137960836673e-06,0.0007049132914737264,27,-35.713807432828574,24.557864999844735,0.0027790039543734535,4.0,3.9137425382455078,0.0,0.0,1.0,0,0,1,-0.0014989465707913041,-0.5,1.0
607,30.35,-37.78253173828125,24.5521183013916,0.0020745095126004664,5.205890847741687e-06,1.8232632928091852e-06,0.0007045003370569447,28,-35.75252846677501,24.55775789173031,0.002779009849657411,4.0,3.9999947941091523,0.001497073215432465,0.5,0.0,0,0,0,0.001497073215432465,0.5,-1.0
608,30.400000000000002,-37.781768798828125,24.552120208740234,0.0020749786866831326,0.08625904097099386,1.8098163967923686e-06,0.0007040251786456608,27,-35.71322051518487,24.55786691739106,0.0027790038653287934,4.0,3.913740959029006,0.0,0.0,1.0,0,0,1,-0.001497073215432465,-0.5,1.0
609,30.450000000000003,-37.78194808959961,24.552120208740234,0.0020753980565325226,5.199135697415801e-06,1.8219706668315752e-06,0.0007036117047491968,28,-35.751944832440216,24.5577598001523,0.0027790097612817193,4.0,3.9999948008643025,0.0014951863558962941,0.5,0.0,0,0,0,0.0014951863558962941,0.5,-1.0
610,30.5,-37.781185150146484,24.552120208740234,0.0020758599485340835,0.08625749879182427,1.8085210199258323e-06,0.0007031438287371378,27,-35.71264005880161,24.557866909632857,0.0027790037772712213,4.0,3.913742501208176,0.0,0.0,1.0,0,0,1,-0.0014951863558962941,-0.5,1.0
611,30.55,-37.78136444091797,24.552120208740234,0.002076278798234823,5.200647861704736e-06,1.8206779569592685e-06,0.0007027308746226117,28,-35.75136118054759,24.557759801274436,0.0027790096728574345,4.0,3.9999947993521383,0.0014933161437511444,0.5,0.0,0,0,0,0.0014933161437511444,0.5,-1.0
612,30.6,-37.780601501464844,24.5521240234375,0.0020767465419087006,0.08625902582300632,1.807223671818417e-06,0.0007022571463462636,27,-35.71205324918474,24.557870734227613,0.0027790036882549642,4.0,3.9137409741769935,0.0,0.0,1.0,0,0,1,-0.0014933161437511444,-0.5,1.0
613,30.650000000000002,-37.780784606933594,24.5521240234375,0.0020771656516837653,5.201156393917517e-06,1.819393784812176e-06,0.0007018439333808845,28,-35.75078134549059,24.55776361708064,0.0027790095850646498,4.0,3.999994798843606,0.00149143289308995,0.5,0.0,0,0,0,0.00149143289308995,0.5,-1.0
614,30.700000000000003,-37.7800178527832,24.552125930786133,0.0020776263733508623,0.08625657488491595,1.8059287889239314e-06,0.0007013772270922205,27,-35.71147467392883,24.557872628590385,0.002779003600443083,4.0,3.913743425115084,0.0,0.0,1.0,0,0,1,-0.00149143289308995,-0.5,1.0
615,30.75,-37.78020095825195,24.552125930786133,0.0020780448329401143,5.203697649734707e-06,1.8181011211346881e-06,0.0007009646637275383,28,-35.750197691416474,24.55776552555748,0.0027790094966676526,4.0,3.9999947963023503,0.0014895659405738115,0.5,0.0,0,0,0,0.0014895659405738115,0.5,-1.0
616,30.8,-37.77943420410156,24.552127838134766,0.002078504904421398,0.08625753570377397,1.804631790771824e-06,0.0007004986071736112,27,-35.71088903636331,24.557874542579363,0.0027790035115950094,4.0,3.913742464296226,0.0,0.0,1.0,0,0,1,-0.0014895659405738115,-0.5,1.0
617,30.85,-37.77961730957031,24.552127838134766,0.002078923754122138,5.212891176622444e-06,1.81680842660948e-06,0.0007000856541353687,28,-35.74961402321746,24.557767434073575,0.0027790094082575066,4.0,3.9999947871088235,0.0014876995701342821,0.5,0.0,0,0,0,0.0014876995701342821,0.5,-1.0
618,30.900000000000002,-37.77885055541992,24.55213165283203,0.0020793833054547715,0.08625753569205681,1.8033353993245071e-06,0.0006996201175944452,27,-35.710305387713035,24.557878358389775,0.0027790034230492167,4.0,3.9137424643079433,0.0,0.0,1.0,0,0,1,-0.0014876995701342821,-0.5,1.0
619,30.950000000000003,-37.77903366088867,24.55213165283203,0.0020798017650440234,5.2110698924444e-06,1.8155158045393346e-06,0.0006992075548416655,28,-35.749030378410104,24.557771249873305,0.002779009319885689,4.0,3.9999947889301075,0.001485835062339902,0.5,0.0,0,0,0,0.001485835062339902,0.5,-1.0
620,31.0,-37.77826690673828,24.552133560180664,0.0020802568951131285,0.08625828818213449,1.8020384936635186e-06,0.0006987464391321283,27,-35.7097201813864,24.557880271180334,0.002779003334245257,4.0,3.9137417118178655,0.0,0.0,1.0,0,0,1,-0.001485835062339902,-0.5,1.0
621,31.05,-37.77845001220703,24.552133560180664,0.002080674184367917,5.215613479465873e-06,1.8142231602638614e-06,0.0006983350471326598,28,-35.74844672008443,24.557773158361965,0.0027790092315005768,4.0,3.9999947843865207,0.00148398254532367,0.5,0.0,0,0,0,0.00148398254532367,0.5,-1.0
622,31.1,-37.77768325805664,24.552135467529297,0.002081133085514738,0.08625749077663022,1.8007426067639942e-06,0.0006978701604263972,27,-35.70913818333128,24.557882175055088,0.002779003245941135,4.0,3.9137425092233697,0.0,0.0,1.0,0,0,1,-0.00148398254532367,-0.5,1.0
623,31.150000000000002,-37.77786636352539,24.552135467529297,0.002081551024955339,5.217376618126616e-06,1.8129305193233941e-06,0.0006974581181601689,28,-35.74786306766255,24.557775066834214,0.002779009143115508,4.0,3.9999947826233817,0.00148212059866637,0.5,0.0,0,0,0,0.00148212059866637,0.5,-1.0
624,31.200000000000003,-37.777099609375,24.55213737487793,0.0020820087557676965,0.08625752798661306,1.799446207477462e-06,0.0006969944016187689,27,-35.70855445762874,24.557884083730986,0.0027790031573864653,4.0,3.913742472013387,0.0,0.0,1.0,0,0,1,-0.00148212059866637,-0.5,1.0
625,31.25,-37.77728271484375,24.55213737487793,0.002082426955282623,5.224932642607055e-06,1.8116378448203643e-06,0.0006965820994304208,28,-35.747279402940485,24.557776975340644,0.002779009054713044,4.0,3.9999947750673575,0.0014802605146542192,0.5,0.0,0,0,0,0.0014802605146542192,0.5,-1.0
626,31.3,-37.77651596069336,24.552141189575195,0.002082883905872005,0.08625749810777787,1.798149811018529e-06,0.0006961191629673369,27,-35.70797087080317,24.55788789936959,0.0027790030688393417,4.0,3.913742501892222,0.0,0.0,1.0,0,0,1,-0.0014802605146542192,-0.5,1.0
627,31.35,-37.77669906616211,24.55213737487793,0.002083301845312606,5.229456224959508e-06,1.8103452010557672e-06,0.0006957071210109658,28,-35.74669574465363,24.557776976480554,0.002779008966323572,4.0,3.999994770543775,0.001478402642533183,0.5,0.0,0,0,0,0.001478402642533183,0.5,-1.0
628,31.400000000000002,-37.77593231201172,24.552141189575195,0.0020837582757533375,0.08625752784936566,1.79685344246696e-06,0.0006952447045391972,27,-35.707387160556515,24.55788790065389,0.0027790029802925347,4.0,3.913742472150634,0.0,0.0,1.0,0,0,1,-0.001478402642533183,-0.5,1.0
629,31.450000000000003,-37.77611541748047,24.552141189575195,0.0020841759551196134,5.2934059869795355e-06,1.8090524837198127e-06,0.0006948329227850444,28,-35.74611196019296,24.55778079266838,0.0027790088779046577,4.0,3.999994706594013,0.0014765465166419744,0.5,0.0,0,0,0,0.0014765465166419744,0.5,-1.0
630,31.5,-37.775352478027344,24.552143096923828,0.002084631995448857,0.08625752020265949,1.7955655206292054e-06,0.0006943708968692244,27,-35.706807342404225,24.55788980906447,0.0027790028923180814,4.0,3.9137424797973406,0.0,0.0,1.0,0,0,1,-0.0014765465166419744,-0.5,1.0
631,31.55,-37.77553176879883,24.552143096923828,0.0020850499348894582,5.243252280309641e-06,1.8077598833146288e-06,0.0006939588546526479,28,-35.745528418007424,24.557782700834288,0.002779008789542106,4.0,3.9999947567477196,0.0014746905071660876,0.5,0.0,0,0,0,0.0014746905071660876,0.5,-1.0
632,31.6,-37.7747688293457,24.55214500427246,0.0020855051949957262,0.08625755744262784,1.7942691042261566e-06,0.0006934976087601919,27,-35.70622361663962,24.557891717740542,0.002779002803755918,4.0,3.913742442557372,0.0,0.0,1.0,0,0,1,-0.0014746905071660876,-0.5,1.0
633,31.650000000000002,-37.77494812011719,24.55214500427246,0.0020859231344363275,5.246288196492208e-06,1.806467188806768e-06,0.0006930855666926194,28,-35.74494476288302,24.557784609314044,0.002779008701128947,4.0,3.9999947537118037,0.0014728362439200282,0.5,0.0,0,0,0,0.0014728362439200282,0.5,-1.0
634,31.700000000000003,-37.77418518066406,24.552148818969727,0.0020863790447284087,0.08625749774250349,1.7929727120849503e-06,0.0006926236704797306,27,-35.70564009154387,24.557895533207592,0.0027790027152081393,4.0,3.9137425022574965,0.0,0.0,1.0,0,0,1,-0.0014728362439200282,-0.5,1.0
635,31.75,-37.77436447143555,24.552148818969727,0.0020867967240946845,5.251485712970542e-06,1.8051745237727262e-06,0.000692211888641936,28,-35.74436110317247,24.55778842515519,0.0027790086127366205,4.0,3.999994748514287,0.001470981165766716,0.5,0.0,0,0,0,0.001470981165766716,0.5,-1.0
636,31.8,-37.77360153198242,24.55215072631836,0.002087250293717839,0.08625753491173027,1.7916762999926894e-06,0.0006917523329294443,27,-35.7050563659257,24.557897441883256,0.002779002626647283,4.0,3.9137424650882697,0.0,0.0,1.0,0,0,1,-0.001470981165766716,-0.5,1.0
637,31.85,-37.773780822753906,24.55215072631836,0.00208766823315844,5.257086351906775e-06,1.8038818768726164e-06,0.0006913402911905985,28,-35.74377744260233,24.557790333650086,0.0027790085243490385,4.0,3.999994742913648,0.0014691305113956332,0.5,0.0,0,0,0,0.0014691305113956332,0.5,-1.0
638,31.900000000000002,-37.77301788330078,24.552152633666992,0.002088121542707269,0.0862575720893653,1.7903798672025753e-06,0.0006908809953698352,27,-35.704472640290135,24.55789935055897,0.002779002538077104,4.0,3.9137424279106345,0.0,0.0,1.0,0,0,1,-0.0014691305113956332,-0.5,1.0
639,31.950000000000003,-37.773197174072266,24.552152633666992,0.00208853948214787,5.334805966086274e-06,1.8025891995645388e-06,0.0006904689537960743,28,-35.74319362890016,24.55779224257053,0.0027790084359439445,4.0,3.999994665194034,0.0014672804391011596,0.5,0.0,0,0,0,0.0014672804391011596,0.5,-1.0
640,32.0,-37.77243423461914,24.552154541015625,0.002088992791696699,0.08625756450274889,1.789083532118159e-06,0.0006900096578573533,27,-35.7038890073162,24.557901258977175,0.0027790024495540524,4.0,3.913742435497251,0.0,0.0,1.0,0,0,1,-0.0014672804391011596,-0.5,1.0
641,32.050000000000004,-37.772613525390625,24.552154541015625,0.0020894096908399998,5.264452707950179e-06,1.801296584310122e-06,0.0006895986567335699,28,-35.74261012960483,24.557794150617244,0.0027790083475735697,4.0,3.999994735547292,0.0014654325786978006,0.5,0.0,0,0,0,0.0014654325786978006,0.5,-1.0
642,32.1,-37.7718505859375,24.55215835571289,0.0020898619600915277,0.08625758672870312,1.7877870543909005e-06,0.0006891404008731858,27,-35.70330531263412,24.557905074915507,0.0027790023609647134,4.0,3.913742413271297,0.0,0.0,1.0,0,0,1,-0.0014654325786978006,-0.5,1.0
643,32.15,-37.772029876708984,24.552154541015625,0.002090279639457804,5.27060160795483e-06,1.8000039525376682e-06,0.0006887286197313097,28,-35.74202646786689,24.557794151766743,0.0027790082591891137,4.0,3.999994729398392,0.001463585183955729,0.5,0.0,0,0,0,0.001463585183955729,0.5,-1.0
644,32.2,-37.77126693725586,24.55215835571289,0.002090730998449194,0.08625757174519386,1.7864907415196182e-06,0.0006882712739983135,27,-35.70272169496806,24.55790507594253,0.0027790022724475073,4.0,3.9137424282548063,0.0,0.0,1.0,0,0,1,-0.001463585183955729,-0.5,1.0
645,32.25,-37.771446228027344,24.55215835571289,0.0020911488078526326,5.280860135779554e-06,1.7987113279469696e-06,0.0006878593629660187,28,-35.74144279741019,24.557797967637757,0.0027790081708186512,4.0,3.999994719139864,0.001461739419028163,0.5,0.0,0,0,0,0.001461739419028163,0.5,-1.0
646,32.300000000000004,-37.77068328857422,24.552160263061523,0.0020916000368068595,0.08625758653057546,1.7851943266769532e-06,0.0006874021470797752,27,-35.70213801568427,24.55790698448943,0.0027790021838866347,4.0,3.9137424134694245,0.0,0.0,1.0,0,0,1,-0.001461739419028163,-0.5,1.0
647,32.35,-37.7708625793457,24.552160263061523,0.002092017716173136,5.290316186242357e-06,1.7974185881237947e-06,0.0006869903662112867,28,-35.74085912865376,24.5577998761554,0.0027790080823844225,4.0,3.9999947096838135,0.0014598943525925279,0.5,0.0,0,0,0,0.0014598943525925279,0.5,-1.0
648,32.4,-37.77009963989258,24.552162170410156,0.002092468034867225,0.08625763861957214,1.7838978711602269e-06,0.0006865340604359383,27,-35.701554259182316,24.557908893250918,0.0027790020953031634,4.0,3.913742361380428,0.0,0.0,1.0,0,0,1,-0.0014598943525925279,-0.5,1.0
649,32.45,-37.77027893066406,24.552162170410156,0.0020928854541591756,5.302757989892274e-06,1.7961259224652526e-06,0.0006861225398273937,28,-35.740275453557594,24.55780178469066,0.0027790079939865693,4.0,3.99999469724201,0.0014580516144633293,0.5,0.0,0,0,0,0.0014580516144633293,0.5,-1.0
650,32.5,-37.76951599121094,24.55216407775879,0.002093341364451257,0.08625909114267592,1.782600552390455e-06,0.0006856606418490468,27,-35.700967603792904,24.557910810068435,0.0027790020063003036,4.0,3.9137409088573243,0.0,0.0,1.0,0,0,1,-0.0014580516144633293,-0.5,1.0
651,32.550000000000004,-37.76969528198242,24.55216407775879,0.002093759303891858,5.319738521575588e-06,1.7948332882459714e-06,0.0006852486017133287,28,-35.73969176882423,24.557803693252705,0.0027790079056051868,4.0,3.9999946802614783,0.0014561960706487298,0.5,0.0,0,0,0,0.0014561960706487298,0.5,-1.0
652,32.6,-37.7689323425293,24.552167892456055,0.0020942049412480935,0.08625740016058756,1.7813052065641932e-06,0.00068479697701407,27,-35.70038745543779,24.5579146161515,0.0027790019182621635,4.0,3.9137425998394124,0.0,0.0,1.0,0,0,1,-0.0014561960706487298,-0.5,1.0
653,32.65,-37.76911163330078,24.552167892456055,0.0020946214502799063,5.335864362665194e-06,1.7935406279208366e-06,0.0006843863669352794,28,-35.7391080859093,24.557807509158337,0.0027790078172151857,4.0,3.999994664135637,0.0014543652068823576,0.5,0.0,0,0,0,0.0014543652068823576,0.5,-1.0
654,32.7,-37.768348693847656,24.552169799804688,0.002095069558342231,0.08625760111614886,1.7800087707018838e-06,0.0006839322713483604,27,-35.69980339078322,24.55791652576935,0.0027790018296905915,4.0,3.9137423988838513,0.0,0.0,1.0,0,0,1,-0.0014543652068823576,-0.5,1.0
655,32.75,-37.76852798461914,24.552169799804688,0.0020954871076713445,5.35375902504435e-06,1.7922479396007343e-06,0.0006835206211335525,28,-35.73852439923494,24.55780941772577,0.002779007728804897,4.0,3.999994646240975,0.0014525270089507103,0.5,0.0,0,0,0,0.0014525270089507103,0.5,-1.0
656,32.800000000000004,-37.767765045166016,24.55217170715332,0.002095935085696507,0.08625758613275432,1.7787122933102945e-06,0.0006830666554001833,27,-35.699219773120554,24.557918434145,0.0027790017410966902,4.0,3.913742413867246,0.0,0.0,1.0,0,0,1,-0.0014525270089507103,-0.5,1.0
657,32.85,-37.7679443359375,24.55217170715332,0.00209635211487697,5.366082018305372e-06,1.790955315228611e-06,0.0006826555255545234,28,-35.73794072439106,24.55781132626034,0.0027790076404314934,4.0,3.9999946339179817,0.001450690091587603,0.5,0.0,0,0,0,0.001450690091587603,0.5,-1.0
658,32.9,-37.767181396484375,24.552175521850586,0.0020967954115642786,0.08625830133492332,1.7774154869908479e-06,0.0006822062407848693,27,-35.69863464398325,24.557922254069698,0.002779001652349148,4.0,3.913741698665077,0.0,0.0,1.0,0,0,1,-0.001450690091587603,-0.5,1.0
659,32.95,-37.76736068725586,24.552175521850586,0.002097211920596091,5.388356905974073e-06,1.7896626276873995e-06,0.0006817956314319334,28,-35.7373570284197,24.557815142202255,0.0027790075520280244,4.0,3.999994611643094,0.0014488642336800694,0.5,0.0,0,0,0,0.0014488642336800694,0.5,-1.0
660,33.0,-37.766597747802734,24.552175521850586,0.002097661068955717,0.0862580031257464,1.776119325740469e-06,0.0006813404949508901,27,-35.69805161259207,24.55792225346746,0.002779001563906607,4.0,3.9137419968742537,0.0,0.0,1.0,0,0,1,-0.0014488642336800694,-0.5,1.0
661,33.050000000000004,-37.76677703857422,24.552175521850586,0.002098076667727391,5.294785440862795e-06,1.7883700088499113e-06,0.000680930795920734,28,-35.73677357842054,24.557815142763324,0.002779007463648125,4.0,3.9999947052145592,0.0014470280148088932,0.5,0.0,0,0,0,0.0014470280148088932,0.5,-1.0
662,33.1,-37.766014099121094,24.55217742919922,0.0020985190541545616,0.08625956805722701,1.7748218494439277e-06,0.0006804824206725914,27,-35.69746472451824,24.557924170931607,0.002779001474827153,4.0,3.913740431942773,0.0,0.0,1.0,0,0,1,-0.0014470280148088932,-0.5,1.0
663,33.15,-37.766197204589844,24.55217742919922,0.0020989346529262363,5.2588760322179094e-06,1.7870858582047164e-06,0.0006800727229365378,28,-35.73619382068699,24.557817051006005,0.002779007375862774,4.0,3.9999947411239676,0.0014452059986069798,0.5,0.0,0,0,0,0.0014452059986069798,0.5,-1.0
664,33.2,-37.76543045043945,24.55217933654785,0.0020993826309513982,0.08625831614374453,1.7735262692599937e-06,0.0006796187557196478,27,-35.69688366729097,24.557926072191794,0.002779001386671046,4.0,3.9137416838562555,0.0,0.0,1.0,0,0,1,-0.0014452059986069798,-0.5,1.0
665,33.25,-37.7656135559082,24.55217933654785,0.002099798229723073,5.221030186629934e-06,1.7857932346349026e-06,0.0006792090577651178,28,-35.73561025236785,24.557818959244536,0.002779007287488191,4.0,3.9999947789698136,0.001443372224457562,0.5,0.0,0,0,0,0.001443372224457562,0.5,-1.0
666,33.300000000000004,-37.76484680175781,24.552181243896484,0.00210024594767391,0.08625837570336857,1.7722298957150232e-06,0.0006787553504544364,27,-35.696299895324856,24.557927980996258,0.0027790012981283464,4.0,3.9137416242966316,0.0,0.0,1.0,0,0,1,-0.001443372224457562,-0.5,1.0
667,33.35,-37.76502990722656,24.552181243896484,0.0021006618065199096,5.502190982069666e-06,1.7845003430902104e-06,0.000678345392455545,28,-35.7350260066939,24.557820869365433,0.0027790071989754546,4.0,3.999994497809018,0.0014415383338928223,0.5,0.0,0,0,0,0.0014415383338928223,0.5,-1.0
668,33.4,-37.76426315307617,24.55218505859375,0.002101119537332267,0.08625856092803036,1.7709333384741122e-06,0.0006778816721680872,27,-35.69571586323676,24.557931797872243,0.0027790012095003543,4.0,3.91374143907197,0.0,0.0,1.0,0,0,1,-0.0014415383338928223,-0.5,1.0
669,33.45,-37.76444625854492,24.55218505859375,0.0021015352661411042,5.503064875060789e-06,1.7832077446842953e-06,0.0006774718444769205,28,-35.73444235616381,24.55782468518107,0.0027790071106180247,4.0,3.999994496935125,0.0014396834885701537,0.5,0.0,0,0,0,0.0014396834885701537,0.5,-1.0
670,33.5,-37.76367950439453,24.552186965942383,0.0021019708906358193,0.08625564879751847,1.7696388008277622e-06,0.0006770302312134307,27,-35.69513824264547,24.557933689581994,0.00277900112184925,4.0,3.9137443512024817,0.0,0.0,1.0,0,0,1,-0.0014396834885701537,-0.5,1.0
671,33.550000000000004,-37.76386260986328,24.552186965942383,0.0021023855791473555,5.51385694404988e-06,1.781915018498649e-06,0.000676621443043153,28,-35.73385868457057,24.557826593706597,0.0027790070221905086,4.0,3.999994486143056,0.001437877886928618,0.5,0.0,0,0,0,0.001437877886928618,0.5,-1.0
672,33.6,-37.76309585571289,24.552188873291016,0.002102817822675843,0.08625739920372513,1.7683412913520324e-06,0.0006761832100815827,27,-35.69455097064045,24.557935608113095,0.002779001032757426,4.0,3.913742600796275,0.0,0.0,1.0,0,0,1,-0.001437877886928618,-0.5,1.0
673,33.65,-37.76327896118164,24.552188873291016,0.002103232251113054,5.404743910207858e-06,1.7806224557968126e-06,0.0006757746827322103,28,-35.73327526757482,24.557828501524597,0.0027790069338452642,4.0,3.99999459525609,0.001436079852283001,0.5,0.0,0,0,0,0.001436079852283001,0.5,-1.0
674,33.7,-37.76251220703125,24.55219268798828,0.0021036735972429234,0.08625575264536992,1.7670458865026717e-06,0.0006753273474451055,27,-35.693970730328566,24.557939414451706,0.002779000944688029,4.0,3.91374424735463,0.0,0.0,1.0,0,0,1,-0.001436079852283001,-0.5,1.0
675,33.75,-37.7626953125,24.55219268798828,0.002104091406646362,5.4129165118620286e-06,1.779329885659084e-06,0.0006749154388545264,28,-35.73269160154724,24.5578323173833,0.0027790068455008886,4.0,3.999994587083488,0.0014342553913593292,0.5,0.0,0,0,0,0.0014342553913593292,0.5,-1.0
676,33.800000000000004,-37.76192855834961,24.552194595336914,0.0021045315824417686,0.08625834531100852,1.76574787186419e-06,0.0006744692729080451,27,-35.693381714853246,24.55794133782792,0.0027790008553498138,4.0,3.9137416546889914,0.0,0.0,1.0,0,0,1,-0.0014342553913593292,-0.5,1.0
677,33.85,-37.76211166381836,24.55219268798828,0.0021049482215107435,5.434970171080588e-06,1.7780371289449065e-06,0.0006740585355416752,28,-35.73210790603834,24.557832318626645,0.0027790067570524187,4.0,3.9999945650298288,0.001432435936294496,0.5,0.0,0,0,0,0.001432435936294496,0.5,-1.0
678,33.9,-37.76134490966797,24.552194595336914,0.0021053900877892637,0.08625852376250316,1.7644514041020506e-06,0.0006736106789679295,27,-35.69279769677827,24.55794133996768,0.002779000766757193,4.0,3.913741476237497,0.0,0.0,1.0,0,0,1,-0.001432435936294496,-0.5,1.0
679,33.95,-37.76152801513672,24.552194595336914,0.0021058059466352633,5.448507079649376e-06,1.776744526871786e-06,0.0006732007220526331,28,-35.73152422861691,24.55783422716837,0.0027790066686878964,4.0,3.9999945514929203,0.0014306145021691918,0.5,0.0,0,0,0,0.0014306145021691918,0.5,-1.0
680,34.0,-37.760765075683594,24.552196502685547,0.0021062450821333688,0.08625813639940776,1.7631636988315116e-06,0.0006727555967551216,27,-35.692218664635874,24.557943246193936,0.0027790006788884903,4.0,3.9137418636005923,0.0,0.0,1.0,0,0,1,-0.0014306145021691918,-0.5,1.0
681,34.050000000000004,-37.76094436645508,24.552196502685547,0.0021066615911651816,5.261535756546892e-06,1.7754519711695588e-06,0.0006723449891806997,28,-35.73094097693966,24.557836134526948,0.0027790065803458813,4.0,3.9999947384642436,0.001428797491826117,0.5,0.0,0,0,0,0.001428797491826117,0.5,-1.0
682,34.1,-37.76018142700195,24.55219841003418,0.0021070731587848153,0.0862549630578911,1.7618693625327808e-06,0.0006719274325494421,27,-35.69164158474929,24.557945136401067,0.0027790005913342574,4.0,3.913745036942109,0.0,0.0,1.0,0,0,1,-0.001428797491826117,-0.5,1.0
683,34.15,-37.76036071777344,24.55219841003418,0.002107488627519327,5.218660617809756e-06,1.7741593408872325e-06,0.0006715178644472785,28,-35.730357419299345,24.5578380427358,0.0027790064919666056,4.0,3.999994781339382,0.001427041250281036,0.5,0.0,0,0,0,0.001427041250281036,0.5,-1.0
684,34.2,-37.75959777832031,24.552202224731445,0.0021079065669599283,0.08625616211439575,1.7605721735255292e-06,0.000671093935439277,27,-35.69105545403738,24.55794895910914,0.0027790005023992054,4.0,3.913743837885604,0.0,0.0,1.0,0,0,1,-0.001427041250281036,-0.5,1.0
685,34.25,-37.7597770690918,24.552202224731445,0.0021083219056572777,5.193826384440702e-06,1.7728666691215964e-06,0.0006706844979139435,28,-35.72977382335598,24.557841858399737,0.0027790064035712212,4.0,3.9999948061736155,0.0014252717373892665,0.5,0.0,0,0,0,0.0014252717373892665,0.5,-1.0
686,34.300000000000004,-37.75901412963867,24.552204132080078,0.0021087434861384318,0.08625724984373072,1.7592750674831625e-06,0.0006702569273645772,27,-35.69046955376818,24.557950873828176,0.002779000413503009,4.0,3.913742750156269,0.0,0.0,1.0,0,0,1,-0.0014252717373892665,-0.5,1.0
687,34.35,-37.759193420410156,24.552204132080078,0.0021091589548729436,5.236158174563256e-06,1.7715740520448525e-06,0.000669847360326679,28,-35.72919008479364,24.557843767111375,0.0027790063151996226,4.0,3.9999947638418254,0.001423494191840291,0.5,0.0,0,0,0,0.001423494191840291,0.5,-1.0
688,34.4,-37.75843048095703,24.55220603942871,0.002109568701972301,0.08625561797292884,1.7579797248843537e-06,0.0006694316234889643,27,-35.689889283049524,24.557952772902652,0.0027790003254612654,4.0,3.913744382027071,0.0,0.0,1.0,0,0,1,-0.001423494191840291,-0.5,1.0
689,34.45,-37.758609771728516,24.55220603942871,0.0021099833904838373,5.204877861347341e-06,1.7702813852162394e-06,0.0006690228363184997,28,-35.72860650253375,24.557845675388645,0.002779006226802337,4.0,3.999994795122139,0.0014217434218153358,0.5,0.0,0,0,0,0.0014217434218153358,0.5,-1.0
690,34.5,-37.75784683227539,24.552209854125977,0.002110402240184577,0.08625289846117203,1.7566850864210795e-06,0.0006685979975778614,27,-35.6893112637426,24.557956573069077,0.0027790002377624384,4.0,3.913747101538828,0.0,0.0,1.0,0,0,1,-0.0014217434218153358,-0.5,1.0
691,34.550000000000004,-37.758026123046875,24.552209854125977,0.002110816668621788,5.203645972511846e-06,1.7689886848823097e-06,0.0006681894697685544,28,-35.72802285647493,24.55784949119185,0.0027790061383903423,4.0,3.9999947963540277,0.0014199737925082445,0.5,0.0,0,0,0,0.0014199737925082445,0.5,-1.0
692,34.6,-37.75726318359375,24.55221176147461,0.002111224335126544,0.08625559601764897,1.755386884498382e-06,0.000667775813206443,27,-35.68872203114409,24.557958497048674,0.0027790001483329867,4.0,3.913744403982351,0.0,0.0,1.0,0,0,1,-0.0014199737925082445,-0.5,1.0
693,34.65,-37.757442474365234,24.55221176147461,0.0021116373331549663,5.187703671887842e-06,1.7676960759162655e-06,0.0006673687168663955,28,-35.727439241647446,24.557851399559624,0.0027790060500213617,4.0,3.999994812296328,0.0014182310551404953,0.5,0.0,0,0,0,0.0014182310551404953,0.5,-1.0
694,34.7,-37.75667953491211,24.552213668823242,0.0021120585235246325,0.08625264459660928,1.7540923706576422e-06,0.0006669415371651976,27,-35.68814449188388,24.557960388532404,0.00277900006068983,4.0,3.9137473554033906,0.0,0.0,1.0,0,0,1,-0.0014182310551404953,-0.5,1.0
695,34.75,-37.756858825683594,24.55221176147461,0.0021124720417017052,5.193138880264449e-06,1.766403431131651e-06,0.0006665339199294772,28,-35.72685558142492,24.557851400704912,0.0027790059616311824,4.0,3.9999948068611197,0.0014164585154503584,0.5,0.0,0,0,0,0.0014164585154503584,0.5,-1.0
696,34.800000000000004,-37.75609588623047,24.552213668823242,0.002112892841959884,0.08625282322427676,1.752795922727729e-06,0.0006661071301478313,27,-35.687560473444236,24.55796039067318,0.0027789999721077154,4.0,3.9137471767757233,0.0,0.0,1.0,0,0,1,-0.0014164585154503584,-0.5,1.0
697,34.85,-37.75627517700195,24.552213668823242,0.0021133061000626315,5.2098828100861636e-06,1.7651107426328722e-06,0.0006656997731586708,28,-35.726271897193946,24.557853309265557,0.0027790058732213023,4.0,3.99999479011719,0.0014146872563287616,0.5,0.0,0,0,0,0.0014146872563287616,0.5,-1.0
698,34.9,-37.75551223754883,24.552215576171875,0.0021137196182397042,0.08625411249631318,1.7514986748188091e-06,0.0006652802649015355,27,-35.68697415598325,24.55796230655159,0.0027789998831412397,4.0,3.913745887503687,0.0,0.0,1.0,0,0,1,-0.0014146872563287616,-0.5,1.0
699,34.95,-37.75569152832031,24.552215576171875,0.002114132356193802,5.213202142585185e-06,1.7638181042780102e-06,0.0006648734286442389,28,-35.725688241467765,24.55785521774699,0.0027790057848380407,4.0,3.9999947867978576,0.001412932644598186,0.5,0.0,0,0,0,0.001412932644598186,0.5,-1.0
700,35.0,-37.75492858886719,24.55221939086914,0.0021145588780871346,0.08625276321707252,1.7502218583034454e-06,0.000664440925970964,27,-35.68639330030596,24.557966114600312,0.0027789998040580986,4.0,3.9137472367829274,0.0,0.0,1.0,0,0,1,-0.001412932644598186,-0.5,1.0
701,35.050000000000004,-37.75510787963867,24.55221939086914,0.002114973566598671,5.243645999029232e-06,1.7625254237789087e-06,0.0006640321298412321,28,-35.72510452815102,24.557859033737113,0.002779005696439903,4.0,3.999994756354001,0.0014111462514847517,0.5,0.0,0,0,0,0.0014111462514847517,0.5,-1.0
702,35.1,-37.75434494018555,24.552221298217773,0.002115399048194703,0.08625292696368721,1.7491086013567483e-06,0.0006636007558453354,27,-35.68580931267361,24.557968024004115,0.0027789998040400384,4.0,3.913747073036313,0.0,0.0,1.0,0,0,1,-0.0014111462514847517,-0.5,1.0
703,35.15,-37.75452423095703,24.552221298217773,0.0021158134766319143,5.200435632271889e-06,1.7612328414252573e-06,0.0006631921314536678,28,-35.72452097122252,24.55786094194399,0.002779005608085582,4.0,3.9999947995643677,0.0014093626523390412,0.5,0.0,0,0,0,0.0014093626523390412,0.5,-1.0
704,35.2,-37.753761291503906,24.552223205566406,0.0021162211431366698,0.08625557995265995,1.7479953897210285e-06,0.0006627786609073121,27,-35.68522017232949,24.55796994772734,0.002778999804043982,4.0,3.91374442004734,0.0,0.0,1.0,0,0,1,-0.0014093626523390412,-0.5,1.0
705,35.25,-37.75394058227539,24.552223205566406,0.0021166334909792795,5.275423856339333e-06,1.7599401112037769e-06,0.0006623720286746638,28,-35.72393716331997,24.557862850848316,0.0027790055196539433,4.0,3.9999947245761436,0.001407621311955154,0.5,0.0,0,0,0,0.001407621311955154,0.5,-1.0
706,35.300000000000004,-37.753177642822266,24.55222511291504,0.002117088230936897,0.08625223331126143,1.7468821821350206e-06,0.0006619115731108976,27,-35.684643451172256,24.557971836937554,0.0027789998040477944,4.0,3.9137477666887386,0.0,0.0,1.0,0,0,1,-0.001407621311955154,-0.5,1.0
707,35.35,-37.75335693359375,24.55222511291504,0.0021175050000430346,5.202905709202864e-06,1.7586474615983658e-06,0.0006615004312228627,28,-35.72335366862141,24.557864758882253,0.0027790054312658973,4.0,3.9999947970942906,0.0014057706575840712,0.5,0.0,0,0,0,0.0014057706575840712,0.5,-1.0
708,35.4,-37.752593994140625,24.552228927612305,0.002117948426767506,0.08625162973693508,1.7457690029533748e-06,0.0006610513773050585,27,-35.68406105189177,24.55797564927596,0.0027789998040725645,4.0,3.913748370263065,0.0,0.0,1.0,0,0,1,-0.0014057706575840712,-0.5,1.0
709,35.45,-37.75277328491211,24.552228927612305,0.0021183629852418798,5.204993611357076e-06,1.7573548315875237e-06,0.0006606423576503585,28,-35.72277001551358,24.557868574705054,0.0027790053428922382,4.0,3.9999947950063888,0.0014039486413821578,0.5,0.0,0,0,0,0.0014039486413821578,0.5,-1.0
710,35.5,-37.752010345458984,24.552230834960938,0.0021188097929325787,0.08625244177695868,1.7446557560446552e-06,0.000660190011125238,27,-35.68347572229723,24.557977562409082,0.0027789998040578167,4.0,3.9137475582230414,0.0,0.0,1.0,0,0,1,-0.0014039486413821578,-0.5,1.0
711,35.550000000000004,-37.75218963623047,24.552228927612305,0.002119224351406952,5.211985916898852e-06,1.7560621965546572e-06,0.000659780903096068,28,-35.72218635198484,24.557868575859523,0.00277900525450302,4.0,3.999994788014083,0.001402119523845613,0.5,0.0,0,0,0,0.001402119523845613,0.5,-1.0
712,35.6,-37.751426696777344,24.552230834960938,0.002119670768986163,0.08625253855519421,1.7435425662031337e-06,0.0006593290350821778,27,-35.68289187328526,24.557977564079017,0.002778999804068341,4.0,3.913747461444806,0.0,0.0,1.0,0,0,1,-0.001402119523845613,-0.5,1.0
713,35.65,-37.751609802246094,24.552230834960938,0.0021200854574976993,5.196635253289588e-06,1.7547779609982175e-06,0.0006589197091775609,28,-35.72160655059839,24.557870484223514,0.00277900516667526,4.0,3.9999948033647468,0.0014002909883856773,0.5,0.0,0,0,0,0.0014002909883856773,0.5,-1.0
714,35.7,-37.7508430480957,24.55223274230957,0.0021205310948539348,0.08625256085281877,1.7424293315389597e-06,0.0006584687092070088,27,-35.68230817845119,24.557979472669132,0.0027789998040609436,4.0,3.913747439147181,0.0,0.0,1.0,0,0,1,-0.0014002909883856773,-0.5,1.0
715,35.75,-37.75102615356445,24.55223274230957,0.002120945783365471,5.214078784672696e-06,1.753485310535853e-06,0.0006580592949204499,28,-35.72102286488193,24.55787239278829,0.002779005078285921,4.0,3.9999947859212153,0.0013984639663249254,0.5,0.0,0,0,0,0.0013984639663249254,0.5,-1.0
716,35.800000000000004,-37.75025939941406,24.552236557006836,0.0021213976625055115,0.08625360380421453,1.7413160597491012e-06,0.0006576021415341982,27,-35.681722370875605,24.55798329447921,0.0027789998040397097,4.0,3.9137463961957857,0.0,0.0,1.0,0,0,1,-0.0013984639663249254,-0.5,1.0
717,35.85,-37.75044250488281,24.552236557006836,0.002121812611091373,5.203406142419006e-06,1.7521926979052055e-06,0.0006571923788297094,28,-35.72043923886889,24.557876208535795,0.0027790049899210825,4.0,3.9999947965938576,0.0013966233236715198,0.5,0.0,0,0,0,0.0013966233236715198,0.5,-1.0
718,35.9,-37.74967575073242,24.55223846435547,0.002122256037815844,0.08625241909425697,1.7402029202128258e-06,0.0006567437662639624,27,-35.681141174537586,24.55798519612599,0.0027789998040798065,4.0,3.913747580905743,0.0,0.0,1.0,0,0,1,-0.0013966233236715198,-0.5,1.0
719,35.95,-37.74985885620117,24.55223846435547,0.0021226712464760306,5.213407874303413e-06,1.7508999707619918e-06,0.0006563336550164962,28,-35.71985556895379,24.557878117056656,0.0027790049014925267,4.0,3.9999947865921257,0.0013947999104857445,0.5,0.0,0,0,0,0.0013947999104857445,0.5,-1.0
720,36.0,-37.74909210205078,24.5522403717041,0.0021231148032376645,0.08625247858649843,1.7390896797590122e-06,0.0006558850008298862,27,-35.680557402710946,24.557987104930064,0.0027789998040675507,4.0,3.9137475214135016,0.0,0.0,1.0,0,0,1,-0.0013947999104857445,-0.5,1.0
721,36.050000000000004,-37.74927520751953,24.5522403717041,0.0021235294917492007,5.221886792921026e-06,1.7496073699257292e-06,0.0006554753213792101,28,-35.719271902272126,24.557880025568537,0.002779004813128411,4.0,3.9999947781132072,0.0013929774286225438,0.5,0.0,0,0,0,0.0013929774286225438,0.5,-1.0
722,36.1,-37.74850845336914,24.552242279052734,0.002123983971632493,0.08625230721314493,1.7379764501983946e-06,0.0006550158324306783,27,-35.67997410877426,24.557989012406082,0.0027789998040631714,4.0,3.913747692786855,0.0,0.0,1.0,0,0,1,-0.0013929774286225438,-0.5,1.0
723,36.15,-37.74869155883789,24.552242279052734,0.0021243986601440293,5.3195598431522796e-06,1.7483146664788382e-06,0.0006546060645686055,28,-35.71868804620231,24.557881934606726,0.002779004724712635,4.0,3.9999946804401567,0.0013911316636949778,0.5,0.0,0,0,0,0.0013911316636949778,0.5,-1.0
724,36.2,-37.7479248046875,24.55224609375,0.0021248363652333463,0.08625372999069149,1.7368631887778457e-06,0.0006541634388116998,27,-35.679387514961576,24.557992836401116,0.002778999804045046,4.0,3.9137462700093084,0.0,0.0,1.0,0,0,1,-0.0013911316636949778,-0.5,1.0
725,36.25,-37.74810791015625,24.55224609375,0.0021252510537448826,5.208817375812666e-06,1.7470220916608256e-06,0.0006537535826219034,28,-35.718104632670055,24.557885749763745,0.002779004636366786,4.0,3.9999947911826244,0.0013893216382712126,0.5,0.0,0,0,0,0.0013893216382712126,0.5,-1.0
726,36.300000000000004,-37.74734115600586,24.552248001098633,0.002125687718536898,0.08625368527146343,1.7357499606431709e-06,0.0006533120855057714,27,-35.67880395885185,24.55799474460572,0.0027789998040426696,4.0,3.9137463147285367,0.0,0.0,1.0,0,0,1,-0.0013893216382712126,-0.5,1.0
727,36.35,-37.74752426147461,24.552248001098633,0.002126102277011272,5.21243344717827e-06,1.7457293853958764e-06,0.0006529022709372925,28,-35.71752097631379,24.557887658246926,0.0027790045479485644,4.0,3.999994787566553,0.001387513941153884,0.5,0.0,0,0,0,0.001387513941153884,0.5,-1.0
728,36.4,-37.74675750732422,24.552249908447266,0.002126543233029654,0.08625235153902303,1.7346367855077677e-06,0.0006524565710339654,27,-35.67822307098918,24.55799664539524,0.0027789998040636194,4.0,3.913747648460977,0.0,0.0,1.0,0,0,1,-0.001387513941153884,-0.5,1.0
729,36.45,-37.74694061279297,24.552248001098633,0.002126957661466865,5.207979076815792e-06,1.7444367748789893e-06,0.0006520467981061821,28,-35.716937337090066,24.557887659333854,0.002779004459573047,4.0,3.999994792020923,0.0013856975128874183,0.5,0.0,0,0,0,0.0013856975128874183,0.5,-1.0
730,36.5,-37.746177673339844,24.552249908447266,0.0021274014783028237,0.08625317103197683,1.733530842734643e-06,0.0006515983257552949,27,-35.67764154066078,24.557996651215326,0.0027789998040581186,4.0,3.9137468289680233,0.0,0.0,1.0,0,0,1,-0.0013856975128874183,-0.5,1.0
731,36.550000000000004,-37.74635696411133,24.552249908447266,0.0021278170770744984,5.245240493231178e-06,1.7431440837954726e-06,0.0006511872940896087,28,-35.71635360929378,24.55788956801557,0.002779004371164107,4.0,3.999994754759507,0.0013838725863024592,0.5,0.0,0,0,0,0.0013838725863024592,0.5,-1.0
732,36.6,-37.7455940246582,24.55225372314453,0.002128252831606376,0.08625173307213027,1.7324176568899244e-06,0.0006507469724742468,27,-35.677060868551635,24.558000458753913,0.0027789998040806227,4.0,3.9137482669278696,0.0,0.0,1.0,0,0,1,-0.0013838725863024592,-0.5,1.0
733,36.65,-37.74577331542969,24.55225372314453,0.0021286668699320994,6.743683541329904e-06,1.7418504687262415e-06,0.0006503374123639138,28,-35.71576677893745,24.557893392667964,0.0027790042822960132,4.0,3.9999932563164586,0.001382067915983498,0.5,0.0,0,0,0,0.001382067915983498,0.5,-1.0
734,36.7,-37.74501037597656,24.552255630493164,0.0021290682946530502,0.086291795828748,1.7313044256336146e-06,0.0006499315094203859,27,-35.676394290287476,24.558002597677653,0.002778999804073436,4.0,3.913708204171252,0.0,0.0,1.0,0,0,1,-0.001382067915983498,-0.5,1.0
735,36.75,-37.74518966674805,24.552255630493164,0.002129479602198359,5.577207948831561e-06,1.7405585871817925e-06,0.000649524592093297,28,-35.71518560706625,24.557895294246748,0.002779004194291656,4.0,3.999994422792051,0.0013803420588374138,0.5,0.0,0,0,0,0.0013803420588374138,0.5,-1.0
736,36.800000000000004,-37.74442672729492,24.552257537841797,0.0021299074244633177,0.0862934787680133,1.7301911862813504e-06,0.0006490923796003104,27,-35.67580715793848,24.558004515820645,0.002778999804063628,4.0,3.913706521231987,0.0,0.0,1.0,0,0,1,-0.0013803420588374138,-0.5,1.0
737,36.85,-37.744606018066406,24.552257537841797,0.0021303206825660655,5.54988213160575e-06,1.739265921440851e-06,0.0006486834233286882,28,-35.714602016409685,24.557897202547352,0.0027790041058947538,4.0,3.9999944501178684,0.0013785558985546231,0.5,0.0,0,0,0,0.0013785558985546231,0.5,-1.0
738,36.9,-37.74384307861328,24.55225944519043,0.0021307162556146995,0.0862895762675758,1.72907798333833e-06,0.0006482835484566876,27,-35.67523158740503,24.55800640183327,0.002778999804071387,4.0,3.9137104237324243,0.0,0.0,1.0,0,0,1,-0.0013785558985546231,-0.5,1.0
739,36.95,-37.744022369384766,24.55225944519043,0.002131128863531634,5.774541233181515e-06,1.737973135081984e-06,0.0006478751539054791,28,-35.71401789070719,24.55789911233485,0.0027790040174371132,4.0,3.999994225458767,0.0013768395874649286,0.5,0.0,0,0,0,0.0013768395874649286,0.5,-1.0
740,37.0,-37.74325942993164,24.552263259887695,0.002131525606914731,0.0862887937532197,1.7279647170674942e-06,0.0006474741971394657,27,-35.674649558528955,24.55801021314232,0.002778999804054197,4.0,3.9137112062467803,0.0,0.0,1.0,0,0,1,-0.0013768395874649286,-0.5,1.0
741,37.050000000000004,-37.743438720703125,24.552263259887695,0.002131937824720178,5.7280231830428285e-06,1.7366804955102136e-06,0.000647066104337232,28,-35.71343434080561,24.55790292787084,0.00277900392905741,4.0,3.999994271976817,0.0013751216465607285,0.5,0.0,0,0,0,0.0013751216465607285,0.5,-1.0
742,37.1,-37.74267578125,24.552265167236328,0.002132328846468121,0.08628962094790942,1.7268515742916227e-06,0.0006466709576228922,27,-35.6740641975644,24.558012126362623,0.0027789998040910133,4.0,3.9137103790520906,0.0,0.0,1.0,0,0,1,-0.0013751216465607285,-0.5,1.0
743,37.15,-37.742855072021484,24.552265167236328,0.0021327402840505922,5.6757918639026785e-06,1.7353878794552219e-06,0.0006462635566358574,28,-35.712850803031515,24.557904836024484,0.0027790038406864497,4.0,3.999994324208136,0.0013734175590798259,0.5,0.0,0,0,0,0.0013734175590798259,0.5,-1.0
744,37.2,-37.74209213256836,24.55226707458496,0.0021331302655012343,0.08628947189853056,1.7257382755684475e-06,0.000645869538548895,27,-35.67348085741725,24.558014033967055,0.0027789998040501293,4.0,3.9137105281014692,0.0,0.0,1.0,0,0,1,-0.0013734175590798259,-0.5,1.0
745,37.25,-37.742271423339844,24.55226707458496,0.0021335415730465426,5.63325059890032e-06,1.7340953028131476e-06,0.0006454621792877941,28,-35.71226724468229,24.557906744235307,0.0027790037523343367,4.0,3.999994366749401,0.0013717159163206816,0.5,0.0,0,0,0,0.0013717159163206816,0.5,-1.0
746,37.300000000000004,-37.74150848388672,24.55226707458496,0.0021339358457235507,0.08628685618401175,1.7246251287142411e-06,0.0006450639583578492,27,-35.67290262324359,24.558014020033315,0.0027789998040814,4.0,3.9137131438159884,0.0,0.0,1.0,0,0,1,-0.0013717159163206816,-0.5,1.0
747,37.35,-37.7416877746582,24.55226707458496,0.0021343470232316965,5.591288615428825e-06,1.7328026322921755e-06,0.0006446566406955517,28,-35.711683685099416,24.557906745100908,0.002779003663927248,4.0,3.999994408711385,0.0013700054259970784,0.5,0.0,0,0,0,0.0013700054259970784,0.5,-1.0
748,37.4,-37.74092483520508,24.552270889282227,0.002134740515685729,0.08628693054051197,1.7235119023064835e-06,0.0006442592883967035,27,-35.672318820651704,24.55801783627153,0.0027789998040824325,4.0,3.913713069459488,0.0,0.0,1.0,0,0,1,-0.0013700054259970784,-0.5,1.0
749,37.45,-37.74110412597656,24.552270889282227,0.0021351516931938748,5.555969639674005e-06,1.7315099768268685e-06,0.0006438518823481156,28,-35.71110011141855,24.557910560702982,0.0027790035755419903,4.0,3.9999944440303605,0.0013682965654879808,0.5,0.0,0,0,0,0.0013682965654879808,0.5,-1.0
750,37.5,-37.74034118652344,24.55227279663086,0.002135544145350606,0.08628696026760342,1.722398637388732e-06,0.0006434556587085476,27,-35.67173511043869,24.55801974490438,0.0027789998040591538,4.0,3.9137130397323965,0.0,0.0,1.0,0,0,1,-0.0013682965654879808,-0.5,1.0
751,37.550000000000004,-37.74052047729492,24.55227279663086,0.002135956363156053,5.532241170382219e-06,1.7302173590492964e-06,0.0006430471240128559,28,-35.71051651312364,24.557912469024814,0.002779003487168909,4.0,3.9999944677588295,0.0013665877049788833,0.5,0.0,0,0,0,0.0013665877049788833,0.5,-1.0
752,37.6,-37.7397575378418,24.552274703979492,0.002136358828174305,0.08628726608818495,1.7212854170100059e-06,0.0006426409758846364,27,-35.67115082871436,24.55802165512547,0.0027789998040589413,4.0,3.913712733911815,0.0,0.0,1.0,0,0,1,-0.0013665877049788833,-0.5,1.0
753,37.65,-37.73993682861328,24.552274703979492,0.0021367710459797517,5.804661573900478e-06,1.7289245945652926e-06,0.0006422323527436793,28,-35.70993228600838,24.557914379094143,0.002779003398723431,4.0,3.999994195338426,0.0013648576568812132,0.5,0.0,0,0,0,0.0013648576568812132,0.5,-1.0
754,37.7,-37.739173889160156,24.552276611328125,0.002137168699622987,0.086287184038283,1.7201721967865374e-06,0.00064183110443483,27,-35.670567349878844,24.55802356311532,0.002778999804057817,4.0,3.913712815961717,0.0,0.0,1.0,0,0,1,-0.0013648576568812132,-0.5,1.0
755,37.75,-37.73935317993164,24.552276611328125,0.002137581177502759,5.655896418480636e-06,1.727631945455145e-06,0.0006414221328301844,28,-35.70934895320701,24.55791628667816,0.0027790033103329433,4.0,3.9999943441035817,0.0013631372712552547,0.5,0.0,0,0,0,0.0013631372712552547,0.5,-1.0
756,37.800000000000004,-37.738590240478516,24.55228042602539,0.0021379723292878645,0.08628689303677547,1.7190590397330244e-06,0.0006410274748069205,27,-35.6699843035751,24.55802737725181,0.002778999804094785,4.0,3.9137131069632245,0.0,0.0,1.0,0,0,1,-0.0013631372712552547,-0.5,1.0
757,37.85,-37.73876953125,24.55228042602539,0.002138383376758848,5.5342068397755334e-06,1.7263394061096254e-06,0.0006406198452458857,28,-35.70876556291902,24.557920101770584,0.0027790032220047335,4.0,3.99999446579316,0.0013614336494356394,0.5,0.0,0,0,0,0.0013614336494356394,0.5,-1.0
758,37.9,-37.738006591796875,24.552282333374023,0.0021387802501791077,0.08628666969900843,1.717945743150498e-06,0.0006402195538759872,27,-35.66940111720432,24.558029284428898,0.002778999804055095,4.0,3.9137133303009914,0.0,0.0,1.0,0,0,1,-0.0013614336494356394,-0.5,1.0
759,37.95,-37.73818588256836,24.552282333374023,0.0021391924679845546,5.603349832853241e-06,1.725046714149206e-06,0.0006398106656101145,28,-35.708181767427824,24.557922010640425,0.002779003133594669,4.0,3.999994396650167,0.0013597154757007957,0.5,0.0,0,0,0,0.0013597154757007957,0.5,-1.0
760,38.0,-37.737422943115234,24.552284240722656,0.0021395827095095216,0.08628693006161248,1.7168325586102914e-06,0.0006394170945629735,27,-35.668816929577666,24.558031194388487,0.002778999804072495,4.0,3.9137130699383875,0.0,0.0,1.0,0,0,1,-0.0013597154757007957,-0.5,1.0
761,38.050000000000004,-37.73760223388672,24.552284240722656,0.002139993887017668,5.689603100345321e-06,1.7237539792977485e-06,0.0006390091581463609,28,-35.7075979356059,24.55792391961123,0.0027790030451640287,4.0,3.9999943103969,0.0013580134836956859,0.5,0.0,0,0,0,0.0013580134836956859,0.5,-1.0
762,38.1,-37.736839294433594,24.55228614807129,0.0021403962219987568,0.08628687812073942,1.7157192680567965e-06,0.000638603582038134,27,-35.66823338841669,24.55803310255154,0.0027789998040368908,4.0,3.9137131218792605,0.0,0.0,1.0,0,0,1,-0.0013580134836956859,-0.5,1.0
763,38.15,-37.737022399902344,24.55228614807129,0.002140808309767041,5.747489596000257e-06,1.722469731347577e-06,0.0006381946475606482,28,-35.70701797871315,24.55792582840737,0.0027790029573276894,4.0,3.999994252510404,0.001356284017674625,0.5,0.0,0,0,0,0.001356284017674625,0.5,-1.0
764,38.2,-37.73625564575195,24.55228614807129,0.00214121064474813,0.08628677374795472,1.7146061299369228e-06,0.0006377891593224456,27,-35.66764995578571,24.558033103064346,0.0027789998040705756,4.0,3.913713226252045,0.0,0.0,1.0,0,0,1,-0.001356284017674625,-0.5,1.0
765,38.25,-37.7364387512207,24.55228614807129,0.0021416227325164144,5.573308997116144e-06,1.7211772515837373e-06,0.0006373801365040267,28,-35.70643469987338,24.557925828492795,0.002779002869020441,4.0,3.999994426691003,0.0013545544352382421,0.5,0.0,0,0,0,0.0013545544352382421,0.5,-1.0
766,38.300000000000004,-37.73567199707031,24.552289962768555,0.00214201089344678,0.08628672111918706,1.7134929096900356e-06,0.0006369889106284943,27,-35.66706641605231,24.55803691857208,0.002778999804075274,4.0,3.913713278880813,0.0,0.0,1.0,0,0,1,-0.0013545544352382421,-0.5,1.0
767,38.35,-37.73585510253906,24.552289962768555,0.002142422070954926,5.461425975744094e-06,1.7198846103665816e-06,0.0006365807096839001,28,-35.705851288762894,24.557929643643078,0.002779002780638826,4.0,3.999994538574024,0.0013528569834306836,0.5,0.0,0,0,0,0.0013528569834306836,0.5,-1.0
768,38.400000000000006,-37.73508834838867,24.552291870117188,0.002142864587419259,0.08628180250374623,1.7123796686516202e-06,0.000636135216645896,27,-35.666492948868786,24.55803879873948,0.002778999804065155,4.0,3.913718197496254,0.0,0.0,1.0,0,0,1,-0.0013528569834306836,-0.5,1.0
769,38.45,-37.73527145385742,24.552291870117188,0.002143280966413909,5.493920669751918e-06,1.7185919666531588e-06,0.0006357217258378431,28,-35.70526757108792,24.557931552296665,0.002779002692251752,4.0,3.99999450607933,0.001351033104583621,0.5,0.0,0,0,0,0.001351033104583621,0.5,-1.0
770,38.5,-37.73450469970703,24.55229377746582,0.0021437233528410794,0.08628303206346186,1.711266496655199e-06,0.0006352764512470243,27,-35.66590675501184,24.558040714274398,0.0027789998040881037,4.0,3.913716967936538,0.0,0.0,1.0,0,0,1,-0.001351033104583621,-0.5,1.0
771,38.550000000000004,-37.73468780517578,24.55229377746582,0.002144138951612754,5.697981816871249e-06,1.717299194719385e-06,0.0006348636521894516,28,-35.70468348912159,24.557933461962623,0.0027790026038022058,4.0,3.999994302018183,0.0013492110883817077,0.5,0.0,0,0,0,0.0013492110883817077,0.5,-1.0
772,38.6,-37.73392105102539,24.552297592163086,0.0021445682042865017,0.08628108018872306,1.7101532450089496e-06,0.0006344315997895414,27,-35.66532714670242,24.558044518856672,0.002778999804076043,4.0,3.9137189198112767,0.0,0.0,1.0,0,0,1,-0.0013492110883817077,-0.5,1.0
773,38.650000000000006,-37.73410415649414,24.552297592163086,0.00214498250268655,5.689428032101571e-06,1.7160065110414027e-06,0.0006340200127154297,28,-35.70409985860953,24.55793727772263,0.00277900251540198,4.0,3.9999943105719677,0.0013474198058247566,0.5,0.0,0,0,0,0.0013474198058247566,0.5,-1.0
774,38.7,-37.73333740234375,24.55229949951172,0.002145418127181265,0.08627936629072443,1.709039990753676e-06,0.0006335816768769094,27,-35.664747045779414,24.55804641745928,0.0027789998040581745,4.0,3.9137206337092754,0.0,0.0,1.0,0,0,1,-0.0013474198058247566,-0.5,1.0
775,38.75,-37.7335205078125,24.55229949951172,0.002145831645358338,5.700122477942577e-06,1.714713887258218e-06,0.0006331707816686414,28,-35.70351618722358,24.557939186247584,0.0027790024270269794,4.0,3.999994299877522,0.0013456165324896574,0.5,0.0,0,0,0,0.0013456165324896574,0.5,-1.0
776,38.800000000000004,-37.73275375366211,24.55230140686035,0.0021462602478462727,0.08628055833644274,1.707926761076832e-06,0.0006327395562075204,27,-35.664160929576134,24.558048332778398,0.002778999804053793,4.0,3.9137194416635572,0.0,0.0,1.0,0,0,1,-0.0013456165324896574,-0.5,1.0
777,38.85,-37.73293685913086,24.55230140686035,0.002146674026097671,5.509682763576788e-06,1.7134213211042817e-06,0.0006323283125790409,28,-35.70293294291084,24.55794109358569,0.0027790023386767117,4.0,3.9999944903172366,0.0013438276946544647,0.5,0.0,0,0,0,0.0013438276946544647,0.5,-1.0
778,38.900000000000006,-37.73217010498047,24.552303314208984,0.0021471084802579224,0.08627961934956846,1.7068135485182392e-06,0.0006318913237978816,27,-35.66357922459329,24.5580502358387,0.002778999804055804,4.0,3.9137203806504317,0.0,0.0,1.0,0,0,1,-0.0013438276946544647,-0.5,1.0
779,38.95,-37.73235321044922,24.552303314208984,0.002147521998434995,5.713349397472265e-06,1.712128520507672e-06,0.0006314802517785674,28,-35.70234886178219,24.55794300324932,0.0027790022502135626,4.0,3.9999942866506024,0.0013420269824564457,0.5,0.0,0,0,0,0.0013420269824564457,0.5,-1.0
780,39.0,-37.731590270996094,24.55230712890625,0.0021479617841189138,0.08628021504033025,1.7057076057902174e-06,0.0006310380199420632,27,-35.66299815754092,24.558054055068627,0.002778999804060977,4.0,3.9137197849596697,0.0,0.0,1.0,0,0,1,-0.0013420269824564457,-0.5,1.0
781,39.050000000000004,-37.73176956176758,24.552303314208984,0.00214837647263045,5.501868267803695e-06,1.710836047476294e-06,0.0006306256892787952,28,-35.70176566214358,24.557943003114644,0.002779002161909245,4.0,3.9999944981317324,0.001340212533250451,0.5,0.0,0,0,0,0.001340212533250451,0.5,-1.0
782,39.1,-37.73100662231445,24.55230712890625,0.002148813007385303,0.08627891873136098,1.7045943849431158e-06,0.0006301867966700451,27,-35.66241719220831,24.558054048724795,0.0027789998040553482,4.0,3.913721081268639,0.0,0.0,1.0,0,0,1,-0.001340212533250451,-0.5,1.0
783,39.150000000000006,-37.73118591308594,24.55230712890625,0.0021492274358225144,5.696145436004601e-06,1.7095432802947952e-06,0.0006297746376416747,28,-35.70118160095546,24.557946820071496,0.002779002073464189,4.0,3.999994303854564,0.0013384054182097316,0.5,0.0,0,0,0,0.0013384054182097316,0.5,-1.0
784,39.2,-37.73042297363281,24.552309036254883,0.002149664230651693,0.08627901557551598,1.7034811963072272e-06,0.0006293355734183848,27,-35.66183334306352,24.55805595774374,0.0027789998040700778,4.0,3.913720984424484,0.0,0.0,1.0,0,0,1,-0.0013384054182097316,-0.5,1.0
785,39.25,-37.7306022644043,24.552309036254883,0.002150078919163229,5.697408391158803e-06,1.7082505813755325e-06,0.0006289230658869638,28,-35.700597949595625,24.557948728540794,0.002779001985050193,4.0,3.9999943025916087,0.0013365972554311156,0.5,0.0,0,0,0,0.0013365972554311156,0.5,-1.0
786,39.300000000000004,-37.72983932495117,24.552310943603516,0.002150511032654554,0.08627979787854109,1.7023679681473988e-06,0.0006284887714096536,27,-35.661248075024346,24.5580578707058,0.0027789998040642075,4.0,3.9137202021214588,0.0,0.0,1.0,0,0,1,-0.0013365972554311156,-0.5,1.0
787,39.35,-37.730018615722656,24.552310943603516,0.0021509245508316266,5.671353577807475e-06,1.7069580146075042e-06,0.0006280773458720843,28,-35.70001435624031,24.5579506368489,0.002779001896703711,4.0,3.999994328646422,0.0013348014326766133,0.5,0.0,0,0,0,0.0013348014326766133,0.5,-1.0
788,39.400000000000006,-37.72925567626953,24.55231475830078,0.0021513554939884883,0.08627781571701487,1.7012547125286326e-06,0.0006276443100636216,27,-35.66066852940833,24.55806167511385,0.00277899980405211,4.0,3.9137221842829852,0.0,0.0,1.0,0,0,1,-0.0013348014326766133,-0.5,1.0
789,39.45,-37.729434967041016,24.55231475830078,0.0021517692722398864,5.677384584823734e-06,1.705665358993011e-06,0.000627232536077338,28,-35.69943069475998,24.55795445269497,0.0027790018083172245,4.0,3.9999943226154153,0.001333007705397904,0.5,0.0,0,0,0,0.001333007705397904,0.5,-1.0
790,39.5,-37.72867202758789,24.552316665649414,0.0021522002153967477,0.08627984225995333,1.7001414988901745e-06,0.0006267995886579947,27,-35.66008068580248,24.55806359523343,0.0027789998040547424,4.0,3.9137201577400464,0.0,0.0,1.0,0,0,1,-0.001333007705397904,-0.5,1.0
791,39.550000000000004,-37.728851318359375,24.552316665649414,0.0021526137335738204,5.695663167422223e-06,1.7043726173605195e-06,0.0006263879863076115,28,-35.698847007270444,24.55795636126467,0.002779001719881432,4.0,3.9999943043368327,0.0013312144437804818,0.5,0.0,0,0,0,0.0013312144437804818,0.5,-1.0
792,39.6,-37.72808837890625,24.552318572998047,0.002153047667585422,0.08627903753316529,1.6990283271721765e-06,0.0006259521364932416,27,-35.65949870290232,24.55806549906607,0.0027789998040786633,4.0,3.9137209624668348,0.0,0.0,1.0,0,0,1,-0.0013312144437804818,-0.5,1.0
793,39.650000000000006,-37.728267669677734,24.552318572998047,0.00215346196598547,5.689059899736816e-06,1.7030799779726297e-06,0.0006255396655114537,28,-35.69826337261316,24.55795826968755,0.002779001631496924,4.0,3.9999943109401004,0.0013294131495058537,0.5,0.0,0,0,0,0.0013294131495058537,0.5,-1.0
794,39.7,-37.72750473022461,24.55232048034668,0.0021538919988821938,0.08627981987061985,1.6979150729333828e-06,0.0006251078051784363,27,-35.658913434791884,24.55806741202833,0.00277899980406063,4.0,3.91372018012938,0.0,0.0,1.0,0,0,1,-0.0013294131495058537,-0.5,1.0
795,39.75,-37.727684020996094,24.55232048034668,0.0021543055170592665,5.698247089725291e-06,1.7017873502316733e-06,0.0006246960260597018,28,-35.69767970442761,24.557960178203608,0.0027790015431189683,4.0,3.9999943017529103,0.0013276217505335808,0.5,0.0,0,0,0,0.0013276217505335808,0.5,-1.0
796,39.800000000000004,-37.72692108154297,24.552324295043945,0.002154739971219518,0.08628029634056186,1.69680185921426e-06,0.0006242598328491601,27,-35.65832879982839,24.558071230579714,0.0027789998040686783,4.0,3.913719703659438,0.0,0.0,1.0,0,0,1,-0.0013276217505335808,-0.5,1.0
797,39.85,-37.72710037231445,24.552324295043945,0.0021551543996567294,5.6987880089224715e-06,1.7004946432199256e-06,0.0006238470550514012,28,-35.69709605460453,24.557963994017282,0.0027790014547081307,4.0,3.999994301211991,0.0013258191756904125,0.5,0.0,0,0,0,0.0013258191756904125,0.5,-1.0
798,39.900000000000006,-37.72633743286133,24.552326202392578,0.0021555879435568425,0.08628019939380473,1.695688581110008e-06,0.0006234118604824678,27,-35.657745351829234,24.55807313848387,0.0027789998040393103,4.0,3.913719800606195,0.0,0.0,1.0,0,0,1,-0.0013258191756904125,-0.5,1.0
799,39.95,-37.72651672363281,24.552324295043945,0.002156002371994054,5.698930483553675e-06,1.69920199590088e-06,0.0006229989943187927,28,-35.6965124056202,24.55796399513133,0.0027790013663128465,4.0,3.9999943010695165,0.0013240184634923935,0.5,0.0,0,0,0,0.0013240184634923935,0.5,-1.0
800,40.0,-37.72575378417969,24.552326202392578,0.002156429153961712,0.08628075128232637,1.694575409254967e-06,0.0006225706500942161,27,-35.65716056074259,24.558073142771832,0.002778999804055928,4.0,3.9137192487176735,0.0,0.0,1.0,0,0,1,-0.0013240184634923935,-0.5,1.0
801,40.050000000000004,-37.72593307495117,24.552326202392578,0.0021568426721387847,5.237583729042657e-06,1.697909669161335e-06,0.0006221586059455067,28,-35.6959297365312,24.557965900870894,0.0027790012780842914,4.0,3.999994762416271,0.0013222339330241084,0.5,0.0,0,0,0,0.0013222339330241084,0.5,-1.0
802,40.1,-37.72517013549805,24.55232810974121,0.002157245007119874,0.08625779558802743,1.693462165337778e-06,0.0006217547969239604,27,-35.65662443016815,24.558074919180537,0.0027789998040438344,4.0,3.9137422044119727,0.0,0.0,1.0,0,0,1,-0.0013222339330241084,-0.5,1.0
803,40.150000000000006,-37.72534942626953,24.55232810974121,0.0021576563146651823,5.308579475438496e-06,1.6966170108129175e-06,0.0006213448750269678,28,-35.69534593710597,24.55796780975167,0.00277900118969215,4.0,3.9999946914205244,0.001320506096817553,0.5,0.0,0,0,0,0.001320506096817553,0.5,-1.0
804,40.2,-37.724586486816406,24.552331924438477,0.002158068532470629,0.08625844333799579,1.6923489625526172e-06,0.0006209312715863848,27,-35.656039440656365,24.558078738717214,0.002778999804057014,4.0,3.9137415566620044,0.0,0.0,1.0,0,0,1,-0.001320506096817553,-0.5,1.0
805,40.25,-37.72476577758789,24.552331924438477,0.0021584806202389136,5.314199570272589e-06,1.6953243133213322e-06,0.0006205204810452213,28,-35.69476227649816,24.55797162559531,0.002779001101284135,4.0,3.99999468580043,0.0013187555596232414,0.5,0.0,0,0,0,0.0013187555596232414,0.5,-1.0
806,40.300000000000004,-37.724002838134766,24.55233383178711,0.0021589074022065717,0.08625218512134367,1.6912357883574342e-06,0.0006200924018731515,27,-35.655468746436654,24.558080611178532,0.0027789998040797233,4.0,3.9137478148786564,0.0,0.0,1.0,0,0,1,-0.0013187555596232414,-0.5,1.0
807,40.35,-37.72418212890625,24.55233383178711,0.0021593206603093195,5.3367860783874456e-06,1.6940316377280287e-06,0.0006196803525713949,28,-35.69417857986149,24.55797353419043,0.0027790010128807144,4.0,3.9999946632139216,0.0013169717276468873,0.5,0.0,0,0,0,0.0013169717276468873,0.5,-1.0
808,40.400000000000006,-37.723419189453125,24.552335739135742,0.0021597530338749696,0.08625401770241195,1.6901225576354192e-06,0.0006192467701979744,27,-35.654881304330324,24.55808253018234,0.002778999804072944,4.0,3.913745982297588,0.0,0.0,1.0,0,0,1,-0.0013169717276468873,-0.5,1.0
809,40.45,-37.72359848022461,24.552335739135742,0.0021601665520520424,5.353129883678605e-06,1.6927389791168007e-06,0.0006188343724363565,28,-35.69359489648011,24.55797544274872,0.002779000924488399,4.0,3.999994646870116,0.0013151754392310977,0.5,0.0,0,0,0,0.0013151754392310977,0.5,-1.0
810,40.5,-37.722835540771484,24.552337646484375,0.002160603346881221,0.08625579090878795,1.6890093449111604e-06,0.0006183964571953066,27,-35.65429398512913,24.558084448844596,0.0027789998040765275,4.0,3.9137442090912122,0.0,0.0,1.0,0,0,1,-0.0013151754392310977,-0.5,1.0
811,40.550000000000004,-37.72301483154297,24.552337646484375,0.0021610168650582936,5.367687468365967e-06,1.6914463479601738e-06,0.0006179839710508928,28,-35.693011216891456,24.55797735129647,0.0027790008361091864,4.0,3.9999946323125317,0.0013133697211742401,0.5,0.0,0,0,0,0.0013133697211742401,0.5,-1.0
812,40.6,-37.722251892089844,24.55234146118164,0.0021614545701476107,0.08625310089058254,1.6878960607709381e-06,0.0006175452339016456,27,-35.65371590477078,24.558088249180685,0.0027789998040492563,4.0,3.9137468991094173,0.0,0.0,1.0,0,0,1,-0.0013133697211742401,-0.5,1.0
813,40.650000000000006,-37.722434997558594,24.55234146118164,0.0021618680883246835,5.393728278507598e-06,1.6901620669192846e-06,0.0006171326599366204,28,-35.69243132762109,24.557981167253327,0.002779000748261304,4.0,3.9999946062717213,0.0013115621404722333,0.5,0.0,0,0,0,0.0013115621404722333,0.5,-1.0
814,40.7,-37.7216682434082,24.552343368530273,0.0021623069637484635,0.08625520940493576,1.686782919765352e-06,0.0006166928403396146,27,-35.65312789148476,24.55809016977181,0.002778999804088078,4.0,3.9137447905950644,0.0,0.0,1.0,0,0,1,-0.0013115621404722333,-0.5,1.0
815,40.75,-37.72185134887695,24.552343368530273,0.0021627204819255363,5.414637142862497e-06,1.688869386151301e-06,0.0006162801779322933,28,-35.691847634546605,24.557983075838553,0.0027790006598578296,4.0,3.9999945853628573,0.0013097519986331463,0.5,0.0,0,0,0,0.0013097519986331463,0.5,-1.0
816,40.800000000000004,-37.72108459472656,24.552343368530273,0.0021631574067918773,0.0862551348757764,1.685669682080157e-06,0.0006158423972808455,27,-35.65254439707772,24.55809017045629,0.0027789998040727228,4.0,3.9137448651242237,0.0,0.0,1.0,0,0,1,-0.0013097519986331463,-0.5,1.0
817,40.85,-37.72126770019531,24.552343368530273,0.0021635705348574626,5.438449541177879e-06,1.6875767579298262e-06,0.0006154300366186544,28,-35.69126393530333,24.55798307709228,0.002779000571476117,4.0,3.9999945615504586,0.0013079468626528978,0.5,0.0,0,0,0,0.0013079468626528978,0.5,-1.0
818,40.900000000000006,-37.72050094604492,24.552345275878906,0.0021639996574940477,0.08625311572030324,1.6845564151353812e-06,0.0006150001465549549,27,-35.65196492803524,24.558092067302898,0.0027789998040490026,4.0,3.9137468842796967,0.0,0.0,1.0,0,0,1,-0.0013079468626528978,-0.5,1.0
819,40.95,-37.72068405151367,24.552345275878906,0.002164410965039356,5.463137380585244e-06,1.6862841002024398e-06,0.0006145895180419522,28,-35.690680234204855,24.5579849856998,0.0027790004830813082,4.0,3.9999945368626193,0.001306162215769291,0.5,0.0,0,0,0,0.001306162215769291,0.5,-1.0
820,41.0,-37.71991729736328,24.55234718322754,0.00216484203823338,0.08625359234842983,1.6834432711313255e-06,0.0006141577658539607,27,-35.651380292740654,24.558093978506562,0.002778999804087341,4.0,3.91374640765157,0.0,0.0,1.0,0,0,1,-0.001306162215769291,-0.5,1.0
821,41.050000000000004,-37.72010040283203,24.55234718322754,0.0021652532157415264,5.485694784967061e-06,1.6849913794941829e-06,0.0006137471789165075,28,-35.690096537629984,24.557986894294753,0.002779000394658034,4.0,3.999994514305215,0.001304373610764742,0.5,0.0,0,0,0,0.001304373610764742,0.5,-1.0
822,41.1,-37.71933364868164,24.552350997924805,0.002165694171759908,0.08625561103137395,1.682330007345481e-06,0.0006133056323087273,27,-35.65079246540858,24.558097805929556,0.0027789998040686353,4.0,3.913744388968626,0.0,0.0,1.0,0,0,1,-0.001304373610764742,-0.5,1.0
823,41.150000000000006,-37.71951675415039,24.552350997924805,0.0021661065196025174,5.259174533719794e-06,1.683698864892759e-06,0.000612893786736094,28,-35.689513369931596,24.557990708768592,0.0027790003063386114,4.0,3.9999947408254664,0.0013025616062805057,0.5,0.0,0,0,0,0.0013025616062805057,0.5,-1.0
824,41.2,-37.71875,24.552352905273438,0.002166516786850525,0.08625672945352356,1.6812168015583814e-06,0.0006124830172246289,27,-35.650206501605496,24.55809972082515,0.002778999804075154,4.0,3.9137432705464765,0.0,0.0,1.0,0,0,1,-0.0013025616062805057,-0.5,1.0
825,41.25,-37.71893310546875,24.552352905273438,0.002166930044953273,5.369320636971039e-06,1.6824061928226788e-06,0.0006120701729861637,28,-35.688929487377436,24.557992617880384,0.0027790002179394367,4.0,3.999994630679363,0.0013008126989006996,0.5,0.0,0,0,0,0.0013008126989006996,0.5,-1.0
826,41.300000000000004,-37.71816635131836,24.55235481262207,0.0021673379715323538,0.0862580332330624,1.6801035728208902e-06,0.0006116618325381767,27,-35.649620154114096,24.55810163678702,0.0027789998040705305,4.0,3.9137419667669375,0.0,0.0,1.0,0,0,1,-0.0013008126989006996,-0.5,1.0
827,41.35,-37.71834945678711,24.55235481262207,0.0021677492790776625,5.352150085057785e-06,1.6811134970163774e-06,0.0006112508504482251,28,-35.68834587515794,24.557994526240908,0.0027790001295258876,4.0,3.999994647849915,0.001299072988331318,0.5,0.0,0,0,0,0.001299072988331318,0.5,-1.0
828,41.400000000000006,-37.71758270263672,24.552358627319336,0.002168157075619581,0.0862579735692371,1.6789903349717639e-06,0.0006108427284473284,27,-35.649036628943215,24.55810545225428,0.0027789998040669093,4.0,3.913742026430763,0.0,0.0,1.0,0,0,1,-0.001299072988331318,-0.5,1.0
829,41.45,-37.71776580810547,24.552358627319336,0.0021685683831648896,5.33086813803348e-06,1.6798208635456294e-06,0.0006104316579860279,28,-35.687762271671915,24.55799834192581,0.0027790000411509175,4.0,3.999994669131862,0.0012973335105925798,0.5,0.0,0,0,0,0.0012973335105925798,0.5,-1.0
830,41.5,-37.717002868652344,24.55236053466797,0.002168975139409507,0.08625800324320537,1.6778844137222207e-06,0.0006100246646669164,27,-35.648456733537444,24.55810736087955,0.0027789998040764234,4.0,3.913741996756795,0.0,0.0,1.0,0,0,1,-0.0012973335105925798,-0.5,1.0
831,41.550000000000004,-37.71718215942383,24.55236053466797,0.002169387357214954,5.306774306058881e-06,1.6785282585364894e-06,0.0006096125955687942,28,-35.687178674152804,24.558000250245485,0.002778999952783748,4.0,3.999994693225694,0.0012955943820998073,0.5,0.0,0,0,0,0.0012955943820998073,0.5,-1.0
832,41.6,-37.7164192199707,24.5523624420166,0.0021698042563582545,0.08625795806822927,1.6767711687641976e-06,0.0006091955477058437,27,-35.647873178371114,24.558109269081527,0.002778999804064098,4.0,3.9137420419317706,0.0,0.0,1.0,0,0,1,-0.0012955943820998073,-0.5,1.0
833,41.650000000000006,-37.71659851074219,24.55236053466797,0.002170217124349514,5.3238293564691384e-06,1.6772356241446032e-06,0.0006087827400500494,28,-35.68659498925755,24.55800025145934,0.0027789998643995635,4.0,3.9999946761706435,0.001293832203373313,0.5,0.0,0,0,0,0.001293832203373313,0.5,-1.0
834,41.7,-37.71583557128906,24.5523624420166,0.002170619719404929,0.08625452326907061,1.6756580044907654e-06,0.000608380084681196,27,-35.64729663969611,24.558109250435983,0.002778999804086125,4.0,3.9137454767309294,0.0,0.0,1.0,0,0,1,-0.001293832203373313,-0.5,1.0
835,41.75,-37.71601486206055,24.5523624420166,0.002171029726578611,5.279696412906595e-06,1.675999901057379e-06,0.000607970077472765,28,-35.68601143428798,24.558002159660766,0.002778999804051376,4.0,3.999994720303587,0.0012921065790578723,0.5,0.0,0,0,0,0.0012921065790578723,0.5,-1.0
836,41.800000000000004,-37.71525192260742,24.552364349365234,0.0021714357026002534,0.08625347257538074,1.674544732772898e-06,0.0006075641014587339,27,-35.64671516594549,24.558111152853687,0.0027789998040589872,4.0,3.9137465274246193,0.0,0.0,1.0,0,0,1,-0.0012921065790578723,-0.5,1.0
837,41.85,-37.715431213378906,24.552364349365234,0.0021718457097739357,5.290309924823031e-06,1.6748866929518214e-06,0.000607154094283044,28,-35.685427763073875,24.55800406818524,0.0027789998040569797,4.0,3.999994709690075,0.0012903737369924784,0.5,0.0,0,0,0,0.0012903737369924784,0.5,-1.0
838,41.900000000000006,-37.71466827392578,24.5523681640625,0.002172235691224578,0.08625461978839342,1.673431535945645e-06,0.0006067641128503043,27,-35.646129142549185,24.558114975263535,0.002778999804074882,4.0,3.9137453802116067,0.0,0.0,1.0,0,0,1,-0.0012903737369924784,-0.5,1.0
839,41.95,-37.714847564697266,24.5523681640625,0.0021726455683610977,5.2619131724501085e-06,1.6737734477396612e-06,0.0006063542356873268,28,-35.68484417469488,24.558007883828157,0.0027789998040484245,4.0,3.9999947380868277,0.0012886751210317016,0.5,0.0,0,0,0,0.0012886751210317016,0.5,-1.0
840,42.0,-37.71408462524414,24.552370071411133,0.0021730614272070974,0.08625389701701086,1.6723183197302552e-06,0.0006059383768694309,27,-35.64554699000201,24.558116879567624,0.0027789998040765283,4.0,3.913746102982989,0.0,0.0,1.0,0,0,1,-0.0012886751210317016,-0.5,1.0
841,42.050000000000004,-37.714263916015625,24.552370071411133,0.0021734726047152437,5.25676075173499e-06,1.6726602780244015e-06,0.0006055271993573048,28,-35.68426053695697,24.5580097922596,0.0027789998040725484,4.0,3.9999947432392484,0.0012869188794866204,0.5,0.0,0,0,0,0.0012869188794866204,0.5,-1.0
842,42.1,-37.7135009765625,24.552371978759766,0.002173892364676121,0.08625520078142876,1.671205127007358e-06,0.0006051074394123157,27,-35.64496064254192,24.558118795529403,0.0027789998040884368,4.0,3.913744799218571,0.0,0.0,1.0,0,0,1,-0.0012869188794866204,-0.5,1.0
843,42.150000000000006,-37.713680267333984,24.552371978759766,0.0021743035421842674,5.254198497762603e-06,1.67154700259943e-06,0.0006046962618602978,28,-35.68367689371931,24.558011700706327,0.002778999804044565,4.0,3.9999947458015024,0.0012851542560383677,0.5,0.0,0,0,0,0.0012851542560383677,0.5,-1.0
844,42.2,-37.71291732788086,24.55237579345703,0.0021747005456416897,0.08625461198159488,1.6700918117427271e-06,0.0006042992584044844,27,-35.64437821267835,24.558122607952797,0.002778999804046174,4.0,3.913745388018405,0.0,0.0,1.0,0,0,1,-0.0012851542560383677,-0.5,1.0
845,42.25,-37.713096618652344,24.55237579345703,0.0021751095125180715,5.259440296898869e-06,1.670433789759812e-06,0.0006038902915346126,28,-35.68309323391473,24.558015516547737,0.002778999804052684,4.0,3.999994740559703,0.0012834427179768682,0.5,0.0,0,0,0,0.0012834427179768682,0.5,-1.0
846,42.300000000000004,-37.71233367919922,24.552377700805664,0.00217551730905999,0.08625728651643669,1.6689786021175518e-06,0.000603482494991286,27,-35.64378902773443,24.558124531799965,0.002778999804051276,4.0,3.9137427134835634,0.0,0.0,1.0,0,0,1,-0.0012834427179768682,-0.5,1.0
847,42.35,-37.7125129699707,24.552377700805664,0.0021759284865681358,5.247708383592571e-06,1.6693205935631311e-06,0.00060307131749554,28,-35.682509610147235,24.558017424940356,0.0027789998040636758,4.0,3.9999947522916166,0.0012817034730687737,0.5,0.0,0,0,0,0.0012817034730687737,0.5,-1.0
848,42.400000000000006,-37.71175003051758,24.552379608154297,0.00217632757062016,0.08625422418276164,1.6678654164853368e-06,0.0006026722334480893,27,-35.64321171806249,24.55812642264567,0.0027789998040682494,4.0,3.9137457758172385,0.0,0.0,1.0,0,0,1,-0.0012817034730687737,-0.5,1.0
849,42.45,-37.71192932128906,24.552379608154297,0.002176738748128306,5.240954861235964e-06,1.6682073643459888e-06,0.0006022610559289457,28,-35.681925975808994,24.55801933336235,0.0027789998040572516,4.0,3.999994759045139,0.0012799827381968498,0.5,0.0,0,0,0,0.0012799827381968498,0.5,-1.0
850,42.5,-37.71116638183594,24.55238151550293,0.0021771367918830293,0.08625432091261427,1.6667522753132172e-06,0.0006018630122230266,27,-35.6426278691543,24.55812833166396,0.002778999804106056,4.0,3.913745679087386,0.0,0.0,1.0,0,0,1,-0.0012799827381968498,-0.5,1.0
851,42.550000000000004,-37.71134567260742,24.552379608154297,0.0021775473192053624,5.2427310938719305e-06,1.6670941463169456e-06,0.0006014524848492247,28,-35.681342323355665,24.558019334486048,0.002778999804054587,4.0,3.9999947572689063,0.0012782657286152244,0.5,0.0,0,0,0,0.0012782657286152244,0.5,-1.0
852,42.6,-37.7105827331543,24.55238151550293,0.002177931188909362,0.08625748746249234,1.665638951346346e-06,0.0006010686151393316,27,-35.64203766573956,24.558128350992817,0.0027789998040486934,4.0,3.9137425125375076,0.0,0.0,1.0,0,0,1,-0.0012782657286152244,-0.5,1.0
853,42.650000000000006,-37.71076202392578,24.55238151550293,0.0021783396356370934,5.239022712425425e-06,1.6659809140119955e-06,0.0006006601684100665,28,-35.6807586825516,24.55802124292601,0.00277899980404716,4.0,3.9999947609772875,0.0012765830615535378,0.5,0.0,0,0,0,0.0012765830615535378,0.5,-1.0
854,42.7,-37.709999084472656,24.552385330200195,0.0021787231152296054,0.08625742041203,1.6645257575696043e-06,0.0006002766888357066,27,-35.64145415585896,24.558132166417586,0.002778999804065312,4.0,3.91374257958797,0.0,0.0,1.0,0,0,1,-0.0012765830615535378,-0.5,1.0
855,42.75,-37.71017837524414,24.552385330200195,0.002179131431920174,5.23518071647705e-06,1.6648677532852055e-06,0.0005998683721596598,28,-35.680175042034875,24.558025058713817,0.002778999804079834,4.0,3.9999947648192835,0.0012749015586450696,0.5,0.0,0,0,0,0.0012749015586450696,0.5,-1.0
856,42.800000000000004,-37.709415435791016,24.552387237548828,0.002179514261326873,0.08625738303733077,1.66341248228688e-06,0.0005994855427111823,27,-35.64087058454609,24.558134074664434,0.002778999804038055,4.0,3.9137426169626695,0.0,0.0,1.0,0,0,1,-0.0012749015586450696,-0.5,1.0
857,42.85,-37.7095947265625,24.552387237548828,0.002179922447980279,5.221362326241607e-06,1.6637544547511152e-06,0.0005990773560609116,28,-35.67959142269764,24.558026967094126,0.0027789998040411907,4.0,3.999994778637674,0.001273221685551107,0.5,0.0,0,0,0,0.001273221685551107,0.5,-1.0
858,42.900000000000006,-37.708831787109375,24.55238914489746,0.002180312429430921,0.08625545328314034,1.6622993081550144e-06,0.0005986873746287205,27,-35.64029093044369,24.558135972025326,0.0027789998040596417,4.0,3.9137445467168597,0.0,0.0,1.0,0,0,1,-0.001273221685551107,-0.5,1.0
859,42.95,-37.70901107788086,24.55238914489746,0.0021807224366046036,5.226362021703444e-06,1.662641256968897e-06,0.0005982773674473572,28,-35.679007763403504,24.558028875585475,0.0027789998040519607,4.0,3.999994773637978,0.0012715228367596865,0.5,0.0,0,0,0,0.0012715228367596865,0.5,-1.0
860,43.0,-37.708248138427734,24.552392959594727,0.002181119179987701,0.08625428304370937,1.6611860790662417e-06,0.000597880624072694,27,-35.639709704155436,24.55813978110398,0.002778999804060395,4.0,3.913745716956291,0.0,0.0,1.0,0,0,1,-0.0012715228367596865,-0.5,1.0
861,43.050000000000004,-37.70842742919922,24.552392959594727,0.0021815282769012453,5.224542148082834e-06,1.6615280243681765e-06,0.0005974715271487479,28,-35.678424118593156,24.558032691385215,0.002778999804049993,4.0,3.9999947754578518,0.0012698115315288305,0.5,0.0,0,0,0,0.0012698115315288305,0.5,-1.0
862,43.1,-37.707664489746094,24.55239486694336,0.0021819169579802614,0.08625347108155032,1.6600728718072291e-06,0.0005970828460859457,27,-35.63912773623245,24.558141684894995,0.002778999804066207,4.0,3.9137465289184497,0.0,0.0,1.0,0,0,1,-0.0012698115315288305,-0.5,1.0
863,43.150000000000006,-37.707847595214844,24.55239486694336,0.0021823273552654316,5.220831640184869e-06,1.6604221219204338e-06,0.0005966724488046262,28,-35.67784429249087,24.55803459981789,0.002778999804070058,4.0,3.9999947791683597,0.0012681145453825593,0.5,0.0,0,0,0,0.0012681145453825593,0.5,-1.0
864,43.2,-37.70708084106445,24.552396774291992,0.002182707844003204,0.08625515494930329,1.6589596364465636e-06,0.0005962919600544406,27,-35.638540601961495,24.558143603043327,0.0027789998040576446,4.0,3.913744845050697,0.0,0.0,1.0,0,0,1,-0.0012681145453825593,-0.5,1.0
865,43.25,-37.7072639465332,24.552396774291992,0.0021831148603221467,5.221671334019156e-06,1.6593089031142344e-06,0.0005958849437472363,28,-35.67726064202976,24.55803650828469,0.002778999804069383,4.0,3.999994778328666,0.0012664421228691936,0.5,0.0,0,0,0,0.0012664421228691936,0.5,-1.0
866,43.300000000000004,-37.70649719238281,24.552398681640625,0.002183499510249122,0.08625625027141424,1.6578464232487253e-06,0.0005955002938103984,27,-35.637954685975316,24.558145517806036,0.0027789998040595202,4.0,3.9137437497285856,0.0,0.0,1.0,0,0,1,-0.0012664421228691936,-0.5,1.0
867,43.35,-37.70668029785156,24.552398681640625,0.002183908347088341,5.219598489665458e-06,1.658195657366912e-06,0.0005950914569679143,28,-35.67667699775292,24.558038416734306,0.0027789998040562555,4.0,3.99999478040151,0.0012647570110857487,0.5,0.0,0,0,0,0.0012647570110857487,0.5,-1.0
868,43.400000000000006,-37.70591354370117,24.55240249633789,0.002184295337684243,0.08625336648127925,1.6567332122270975e-06,0.0005947044663846867,27,-35.63737700672331,24.55814931702745,0.00277899980406893,4.0,3.9137466335187208,0.0,0.0,1.0,0,0,1,-0.0012647570110857487,-0.5,1.0
869,43.45,-37.70609664916992,24.552398681640625,0.0021847054748950884,5.215041489541963e-06,1.657082501718525e-06,0.0005942943291891,28,-35.6760933587471,24.558038417820633,0.0027789998040841884,4.0,3.9999947849585102,0.0012630642158910632,0.5,0.0,0,0,0,0.0012630642158910632,0.5,-1.0
870,43.5,-37.70532989501953,24.55240249633789,0.0021850885643761126,0.08625631707100509,1.6556199921675605e-06,0.0005939112396869659,27,-35.636787250344355,24.558149335113995,0.0027789998040630786,4.0,3.913743682928995,0.0,0.0,1.0,0,0,1,-0.0012630642158910632,-0.5,1.0
871,43.550000000000004,-37.70551300048828,24.55240249633789,0.002185496620992356,5.215776441580395e-06,1.6559692406830848e-06,0.0005935031830752759,28,-35.67550970851203,24.558042233635447,0.002778999804067632,4.0,3.9999947842235586,0.0012613841099664569,0.5,0.0,0,0,0,0.0012613841099664569,0.5,-1.0
872,43.6,-37.70474624633789,24.552404403686523,0.002185879450399055,0.08625622028302267,1.6545067761299798e-06,0.0005931203536645212,27,-35.636203802016546,24.558151243019065,0.002778999804063576,4.0,3.9137437797169774,0.0,0.0,1.0,0,0,1,-0.0012613841099664569,-0.5,1.0
873,43.650000000000006,-37.70492935180664,24.552404403686523,0.002186286726792323,5.218986029646569e-06,1.6548559773335234e-06,0.0005927130772523772,28,-35.674926053018865,24.55804414211623,0.0027789998040447,4.0,3.9999947810139704,0.0012597060995176435,0.5,0.0,0,0,0,0.0012597060995176435,0.5,-1.0
874,43.7,-37.70416259765625,24.552406311035156,0.0021866690360503715,0.08625618301397997,1.6533935219397583e-06,0.0005923307679977607,27,-35.635620230484996,24.558153151266524,0.002778999804048132,4.0,3.91374381698602,0.0,0.0,1.0,0,0,1,-0.0012597060995176435,-0.5,1.0
875,43.75,-37.704345703125,24.552406311035156,0.00218707735274094,5.218374758677096e-06,1.6537427824083947e-06,0.0005919224513164525,28,-35.67434240563862,24.55804605057447,0.0027789998040573926,4.0,3.9999947816252415,0.0012580271577462554,0.5,0.0,0,0,0,0.0012580271577462554,0.5,-1.0
876,43.800000000000004,-37.70357894897461,24.55240821838379,0.0021874505593976064,0.08625615286953589,1.6522802966162028e-06,0.0005915492446471717,27,-35.635036644205584,24.558155059554963,0.002778999804044778,4.0,3.913743847130464,0.0,0.0,1.0,0,0,1,-0.0012580271577462554,-0.5,1.0
877,43.85,-37.70376205444336,24.55240821838379,0.0021878578357908745,5.2087408217137095e-06,1.652629561546548e-06,0.000591141968264403,28,-35.67375877741644,24.55804795897947,0.0027789998040552775,4.0,3.9999947912591782,0.0012563696363940835,0.5,0.0,0,0,0,0.0012563696363940835,0.5,-1.0
878,43.900000000000006,-37.70299530029297,24.552412033081055,0.00218824898757598,0.08625418551047036,1.651167053428465e-06,0.0005907508164609797,27,-35.6344570679486,24.558158864048163,0.0027789998040369597,4.0,3.9137458144895296,0.0,0.0,1.0,0,0,1,-0.0012563696363940835,-0.5,1.0
879,43.95,-37.70317840576172,24.552412033081055,0.0021886583445638497,5.2112577351555695e-06,1.6515163367052457e-06,0.0005903414594915181,28,-35.673175123397684,24.558051774804795,0.0027789998040553677,4.0,3.999994788742265,0.0012546696234494448,0.5,0.0,0,0,0,0.0012546696234494448,0.5,-1.0
880,44.0,-37.702415466308594,24.552413940429688,0.002189027390031313,0.08625408145786079,1.65006114199312e-06,0.0005899724140196864,27,-35.63387744935577,24.558160771904166,0.0027789998040509993,4.0,3.9137459185421393,0.0,0.0,1.0,0,0,1,-0.0012546696234494448,-0.5,1.0
881,44.050000000000004,-37.70259475708008,24.552413940429688,0.0021894357067218815,5.207247686839398e-06,1.650403131028301e-06,0.0005895640973410032,28,-35.67259148323416,24.55805368324298,0.0027789998040628847,4.0,3.999994792752313,0.001253018737770617,0.5,0.0,0,0,0,0.001253018737770617,0.5,-1.0
882,44.1,-37.70183181762695,24.55241584777832,0.002189815675311003,0.08625622719731466,1.6489479239467295e-06,0.0005891841287406123,27,-35.63328935901408,24.558162692709427,0.0027789998040516155,4.0,3.913743772802685,0.0,0.0,1.0,0,0,1,-0.001253018737770617,-0.5,1.0
883,44.150000000000006,-37.70201110839844,24.55241584777832,0.0021902229517042713,5.212756777675501e-06,1.6492899162882935e-06,0.0005887768523626597,28,-35.6720078228584,24.55805559173734,0.002778999804066931,4.0,3.999994787243222,0.0012513468973338604,0.5,0.0,0,0,0,0.0012513468973338604,0.5,-1.0
884,44.2,-37.70124816894531,24.552419662475586,0.0021905909568744335,0.08625312751873025,1.6478347087314077e-06,0.0005884088471856692,27,-35.63271212664944,24.55816649068894,0.0027789998040601027,4.0,3.9137468724812696,0.0,0.0,1.0,0,0,1,-0.0012513468973338604,-0.5,1.0
885,44.25,-37.7014274597168,24.552419662475586,0.002190998753416352,5.203530117141123e-06,1.6481767353649854e-06,0.0005880010506740729,28,-35.67142419377507,24.558059407493374,0.0027789998040904248,4.0,3.999994796469883,0.0012496992712840438,0.5,0.0,0,0,0,0.0012496992712840438,0.5,-1.0
886,44.300000000000004,-37.70066452026367,24.55242156982422,0.0021913810626744004,0.08625417061605573,1.6467214825907975e-06,0.0005876187413829002,27,-35.632126318768165,24.55816840515123,0.0027789998040573007,4.0,3.913745829383944,0.0,0.0,1.0,0,0,1,-0.0012496992712840438,-0.5,1.0
887,44.35,-37.700843811035156,24.55242156982422,0.0021917901595879447,5.209903387062107e-06,1.6470634238655718e-06,0.000587209644454805,28,-35.67084053156438,24.558061315992823,0.00277899980404275,4.0,3.999994790096613,0.0012480185832828283,0.5,0.0,0,0,0,0.0012480185832828283,0.5,-1.0
888,44.400000000000006,-37.70008087158203,24.55242156982422,0.002192172208771668,0.08625417059587107,1.6456083193321785e-06,0.000586827595307534,27,-35.631542670128155,24.558168406264326,0.002778999804079202,4.0,3.913745829404129,0.0,0.0,1.0,0,0,1,-0.0012480185832828283,-0.5,1.0
889,44.45,-37.700260162353516,24.55242156982422,0.0021925813056852123,5.206274244303874e-06,1.6459502324246353e-06,0.0005864184983676961,28,-35.670256890588426,24.558061317084626,0.0027789998040529083,4.0,3.999994793725756,0.001246338477358222,0.5,0.0,0,0,0,0.001246338477358222,0.5,-1.0
890,44.5,-37.69949722290039,24.55242347717285,0.002192963354868936,0.08625413324244283,1.6444950505494632e-06,0.0005860364491854005,27,-35.630959098771264,24.558170314511294,0.0027789998040543364,4.0,3.9137458667575573,0.0,0.0,1.0,0,0,1,-0.001246338477358222,-0.5,1.0
891,44.550000000000004,-37.699676513671875,24.55242347717285,0.002193372191708155,5.204734129227963e-06,1.6448370771292645e-06,0.0005856276123764898,28,-35.66967324518042,24.558063225537385,0.0027789998040846447,4.0,3.999994795265871,0.0012446589535102248,0.5,0.0,0,0,0,0.0012446589535102248,0.5,-1.0
892,44.6,-37.69891357421875,24.552425384521484,0.002193752680445927,0.08625411820130081,1.643381886460779e-06,0.0005852471236361652,27,-35.63037548122815,24.55817222288662,0.002778999804082092,4.0,3.913745881798699,0.0,0.0,1.0,0,0,1,-0.0012446589535102248,-0.5,1.0
893,44.650000000000006,-37.699092864990234,24.552425384521484,0.002194161517285146,5.204240774282537e-06,1.6437238381490984e-06,0.0005848382867890151,28,-35.66908959754981,24.55806513399632,0.0027789998040741613,4.0,3.9999947957592257,0.0012429826892912388,0.5,0.0,0,0,0,0.0012429826892912388,0.5,-1.0
894,44.7,-37.69832992553711,24.55242919921875,0.0021945422660972435,0.08625408826774665,1.6422686531089234e-06,0.00058445753797998,27,-35.62979189451584,24.5581760385249,0.0027789998040772235,4.0,3.9137459117322533,0.0,0.0,1.0,0,0,1,-0.0012429826892912388,-0.5,1.0
895,44.75,-37.698509216308594,24.55242919921875,0.0021949508428621375,5.204162744201811e-06,1.6426105744126937e-06,0.0005840489611928872,28,-35.668505949040956,24.558068949806334,0.0027789998040550247,4.0,3.9999947958372557,0.0012413064250722528,0.5,0.0,0,0,0,0.0012413064250722528,0.5,-1.0
896,44.800000000000004,-37.69774627685547,24.552431106567383,0.0021953328920458607,0.08625449819056008,1.641155398343641e-06,0.0005836669120138386,27,-35.629207397300725,24.558177949344834,0.0027789998040596993,4.0,3.91374550180944,0.0,0.0,1.0,0,0,1,-0.0012413064250722528,-0.5,1.0
897,44.85,-37.69792556762695,24.552431106567383,0.0021957425091080553,5.2026972954940135e-06,1.641497358559861e-06,0.0005832572949506162,28,-35.66792230347442,24.558070858259537,0.0027789998040586715,4.0,3.9999947973027044,0.0012396251549944282,0.5,0.0,0,0,0,0.0012396251549944282,0.5,-1.0
898,44.900000000000006,-37.69716262817383,24.552433013916016,0.0021961216974742018,0.0862541177642261,1.6400421625466927e-06,0.0005828781065775946,27,-35.62862453610202,24.55817985561827,0.0027789998040517964,4.0,3.913745882235774,0.0,0.0,1.0,0,0,1,-0.0012396251549944282,-0.5,1.0
899,44.95,-37.69734191894531,24.552433013916016,0.0021965305343134207,5.201897038108842e-06,1.6403842096933755e-06,0.0005824692697804475,28,-35.66733865649546,24.558072766716663,0.002778999804093868,4.0,3.999994798102962,0.001237951684743166,0.5,0.0,0,0,0,0.001237951684743166,0.5,-1.0
900,45.0,-37.69657897949219,24.55243682861328,0.0021969172648349977,0.08625604736784417,1.6389289652519318e-06,0.000582082539232713,27,-35.62803689316343,24.55818368252884,0.0027789998040677107,4.0,3.913743952632156,0.0,0.0,1.0,0,0,1,-0.001237951684743166,-0.5,1.0
901,45.050000000000004,-37.69675827026367,24.55243682861328,0.002197327402045843,5.202641577844723e-06,1.6392709307321701e-06,0.0005816724020210316,28,-35.66675500624004,24.55807658253153,0.0027789998040668746,4.0,3.999994797358422,0.0012362593552097678,0.5,0.0,0,0,0,0.0012362593552097678,0.5,-1.0
902,45.1,-37.69599533081055,24.552438735961914,0.002197712572121469,0.08625561541732783,1.6378157670334306e-06,0.0005812872319556381,27,-35.62745413861938,24.55818558850588,0.002778999804077107,4.0,3.9137443845826723,0.0,0.0,1.0,0,0,1,-0.0012362593552097678,-0.5,1.0
903,45.150000000000006,-37.69617462158203,24.552438735961914,0.0021981224492579887,5.203183438012571e-06,1.638157731295893e-06,0.0005808773548189234,28,-35.66617135641132,24.558078490996575,0.002778999804076912,4.0,3.999994796816562,0.0012345709837973118,0.5,0.0,0,0,0,0.0012345709837973118,0.5,-1.0
904,45.2,-37.695411682128906,24.552440643310547,0.0021985018976984597,0.08625432638896008,1.6367024741996417e-06,0.0005804979063419547,27,-35.62687315821964,24.55818748955256,0.0027789998040404144,4.0,3.91374567361104,0.0,0.0,1.0,0,0,1,-0.0012345709837973118,-0.5,1.0
905,45.25,-37.69559097290039,24.552440643310547,0.0021989109946120044,5.20323846050906e-06,1.6370444979822013e-06,0.0005800888094575512,28,-35.66558770761632,24.558080399458746,0.0027789998040695556,4.0,3.9999947967615395,0.0012328963493928313,0.5,0.0,0,0,0,0.0012328963493928313,0.5,-1.0
906,45.300000000000004,-37.694828033447266,24.552440643310547,0.002199287582234898,0.08625403539029969,1.635589330126197e-06,0.0005797122218396586,27,-35.626290111902726,24.558187488991802,0.002778999804074557,4.0,3.9137459646097,0.0,0.0,1.0,0,0,1,-0.0012328963493928313,-0.5,1.0
907,45.35,-37.69500732421875,24.552440643310547,0.0021996958989254673,5.202055584316149e-06,1.63593125552218e-06,0.0005793039051273014,28,-35.66500406144613,24.55808040056498,0.0027789998040527687,4.0,3.9999947979444155,0.0012312295148149133,0.5,0.0,0,0,0,0.0012312295148149133,0.5,-1.0
908,45.400000000000006,-37.694244384765625,24.55244255065918,0.0022000693656564585,0.08625793251916866,1.6344761033116467e-06,0.0005789304384126556,27,-35.62569839619895,24.558189419871965,0.002778999804069114,4.0,3.913742067480831,0.0,0.0,1.0,0,0,1,-0.0012312295148149133,-0.5,1.0
909,45.45,-37.69442367553711,24.55244255065918,0.0022004761219010763,5.210171612250049e-06,1.634818057157962e-06,0.000578523682162272,28,-35.66442039553501,24.558082309074717,0.0027789998040633483,4.0,3.9999947898283876,0.0012295725755393505,0.5,0.0,0,0,0,0.0012295725755393505,0.5,-1.0
910,45.5,-37.693660736083984,24.552446365356445,0.0022008501087807182,0.08625364076024769,1.6333628246141194e-06,0.0005781496952624405,27,-35.62512363143108,24.558193210994002,0.0027789998040431588,4.0,3.9137463592397523,0.0,0.0,1.0,0,0,1,-0.0012295725755393505,-0.5,1.0
911,45.550000000000004,-37.69384002685547,24.552446365356445,0.002201258425471287,5.211558914563973e-06,1.633704782815458e-06,0.0005777413785698422,28,-35.66383674391479,24.558086124893382,0.002778999804041129,4.0,3.9999947884410854,0.0012279110960662365,0.5,0.0,0,0,0,0.0012279110960662365,0.5,-1.0
912,45.6,-37.693077087402344,24.552448272705078,0.0022016342328712054,0.08625408776428042,1.6322496048494853e-06,0.0005773655711720821,27,-35.62453905745814,24.55819512202725,0.0027789998040432876,4.0,3.9137459122357194,0.0,0.0,1.0,0,0,1,-0.0012279110960662365,-0.5,1.0
913,45.650000000000006,-37.693260192871094,24.552448272705078,0.002202042549561774,5.200331152877711e-06,1.6325989104287383e-06,0.0005769572545150639,28,-35.66325693377408,24.558088033281702,0.002778999804076838,4.0,3.999994799668847,0.001226245891302824,0.5,0.0,0,0,0,0.001226245891302824,0.5,-1.0
914,45.7,-37.6924934387207,24.55245018005371,0.0022024170565900668,0.08625411735505464,1.6311363792041386e-06,0.0005765827474518994,27,-35.623955347527314,24.558197030659322,0.002778999804041966,4.0,3.913745882644945,0.0,0.0,1.0,0,0,1,-0.001226245891302824,-0.5,1.0
915,45.75,-37.69267654418945,24.55245018005371,0.0022028253732806354,5.199378266297123e-06,1.6314856313591128e-06,0.0005761744307646467,28,-35.662673287119205,24.558089941737922,0.002778999804045282,4.0,3.999994800621734,0.0012245834805071354,0.5,0.0,0,0,0,0.0012245834805071354,0.5,-1.0
916,45.800000000000004,-37.69190979003906,24.552453994750977,0.0022031996202346027,0.08625416934237297,1.6300232246425558e-06,0.0005758001838430875,27,-35.623371591239454,24.55820084676886,0.00277899980407769,4.0,3.913745830657627,0.0,0.0,1.0,0,0,1,-0.0012245834805071354,-0.5,1.0
917,45.85,-37.69209289550781,24.552453994750977,0.0022036079369251713,5.2030843209527715e-06,1.630372423214524e-06,0.0005753918671300767,28,-35.662089630575515,24.55809375757027,0.002778999804055248,4.0,3.999994796915679,0.001222921535372734,0.5,0.0,0,0,0,0.001222921535372734,0.5,-1.0
918,45.900000000000006,-37.69132614135742,24.55245590209961,0.002203981663730488,0.08625414673769571,1.6289099809396052e-06,0.0005750181403344095,27,-35.62278798935279,24.55820275510067,0.0027789998040648974,4.0,3.9137458532623044,0.0,0.0,1.0,0,0,1,-0.001222921535372734,-0.5,1.0
919,45.95,-37.69150924682617,24.55245590209961,0.002204390240495382,5.2017196853943665e-06,1.6292592012424542e-06,0.0005746095635579675,28,-35.661505984794914,24.558095666024062,0.0027789998040533494,4.0,3.999994798280315,0.0012212601723149419,0.5,0.0,0,0,0,0.0012212601723149419,0.5,-1.0
920,46.0,-37.69074249267578,24.552457809448242,0.0022047707292331543,0.08625608379908846,1.6277967512081173e-06,0.0005742290748261122,27,-35.622200330973016,24.558204674705504,0.0027789998040592665,4.0,3.9137439162009113,0.0,0.0,1.0,0,0,1,-0.0012212601723149419,-0.5,1.0
921,46.050000000000004,-37.69092559814453,24.552457809448242,0.0022051798261466986,5.202449474027987e-06,1.6281460106853593e-06,0.00057381997792083,28,-35.66092233456716,24.558097574490215,0.0027789998040675286,4.0,3.999994797550526,0.0012195833260193467,0.5,0.0,0,0,0,0.0012195833260193467,0.5,-1.0
922,46.1,-37.69015884399414,24.552459716796875,0.0022055527727290396,0.08625400486691724,1.6266835712709996e-06,0.0005734470313501143,27,-35.62162098566783,24.55820657120825,0.002778999804079154,4.0,3.9137459951330826,0.0,0.0,1.0,0,0,1,-0.0012195833260193467,-0.5,1.0
923,46.150000000000006,-37.69034194946289,24.552459716796875,0.0022059610894196086,5.201737791045817e-06,1.6270327748355018e-06,0.0005730387146400764,28,-35.660338687400134,24.558099482947863,0.002778999804059685,4.0,3.999994798262209,0.0012179241748526692,0.5,0.0,0,0,0,0.0012179241748526692,0.5,-1.0
924,46.2,-37.6895751953125,24.55246353149414,0.0022063327356303237,0.08625401969609804,1.6255703436047e-06,0.0005726670684494247,27,-35.62103730629702,24.558210387104033,0.0027789998040797484,4.0,3.913745980303902,0.0,0.0,1.0,0,0,1,-0.0012179241748526692,-0.5,1.0
925,46.25,-37.68975830078125,24.552459716796875,0.0022067410523208923,5.201957524126027e-06,1.6259195562461429e-06,0.0005722587517344602,28,-35.65975503825176,24.558099484062375,0.0027789998040553526,4.0,3.9999947980424757,0.0012162678176537156,0.5,0.0,0,0,0,0.0012162678176537156,0.5,-1.0
926,46.300000000000004,-37.68899154663086,24.55246353149414,0.0022071264824708435,0.08625482407535676,1.6244570841027553e-06,0.0005718733215835979,27,-35.62045199255657,24.558210392844455,0.0027789998040544414,4.0,3.9137451759246433,0.0,0.0,1.0,0,0,1,-0.0012162678176537156,-0.5,1.0
927,46.35,-37.68917465209961,24.55246353149414,0.002207535319310063,5.205529035564674e-06,1.6248063265233287e-06,0.0005714644847454502,28,-35.65917138199376,24.55810329989393,0.002778999804055513,4.0,3.9999947944709646,0.0012145810760557652,0.5,0.0,0,0,0,0.0012145810760557652,0.5,-1.0
928,46.400000000000006,-37.68840789794922,24.552465438842773,0.002207905665149152,0.0862560840549754,1.6233438727567343e-06,0.0005710941389098496,27,-35.61986573573067,24.558212308554364,0.0027789998040590016,4.0,3.9137439159450245,0.0,0.0,1.0,0,0,1,-0.0012145810760557652,-0.5,1.0
929,46.45,-37.68859100341797,24.552465438842773,0.002208313201616745,5.208343761328262e-06,1.623693088196286e-06,0.0005706866024278632,28,-35.65858772733901,24.558105208372382,0.002778999804044608,4.0,3.999994791656239,0.0012129290262237191,0.5,0.0,0,0,0,0.0012129290262237191,0.5,-1.0
930,46.5,-37.687828063964844,24.552467346191406,0.0022086903093882894,0.08625282736935445,1.6222379355052344e-06,0.0005703094946725305,27,-35.61929264306297,24.558214198274776,0.00277899980406082,4.0,3.9137471726306456,0.0,0.0,1.0,0,0,1,-0.0012129290262237191,-0.5,1.0
931,46.550000000000004,-37.68800735473633,24.552467346191406,0.0022090978458558824,5.205096276597502e-06,1.6225798940673955e-06,0.0005699019582009611,28,-35.65800408555631,24.558107116815066,0.0027789998040568436,4.0,3.9999947949037233,0.0012112627737224102,0.5,0.0,0,0,0,0.0012112627737224102,0.5,-1.0
932,46.6,-37.6872444152832,24.55246925354004,0.002209473653255801,0.08625297632196777,1.6211247556349034e-06,0.0005695261508247649,27,-35.61870868605409,24.558216107593477,0.002778999804080566,4.0,3.9137470236780323,0.0,0.0,1.0,0,0,1,-0.0012112627737224102,-0.5,1.0
933,46.650000000000006,-37.68742370605469,24.55246925354004,0.0022098817098720447,5.211107422028279e-06,1.6214666856582613e-06,0.0005691180941904427,28,-35.65742042411452,24.558109025312383,0.0027789998040624875,4.0,3.999994788892578,0.001209598034620285,0.5,0.0,0,0,0,0.001209598034620285,0.5,-1.0
934,46.7,-37.68666076660156,24.552473068237305,0.0022102533560827598,0.08625432479439346,1.620011480255902e-06,0.0005687464479732563,27,-35.618122246052415,24.55821993116107,0.002778999804056016,4.0,3.9137456752056066,0.0,0.0,1.0,0,0,1,-0.001209598034620285,-0.5,1.0
935,46.75,-37.68684005737305,24.552473068237305,0.0022106603724017025,5.206073586682748e-06,1.6203535086831838e-06,0.0005683394316864038,28,-35.656836786128466,24.55811284109316,0.0027789998040881063,4.0,3.999994793926413,0.0012079443549737334,0.5,0.0,0,0,0,0.0012079443549737334,0.5,-1.0
936,46.800000000000004,-37.68607711791992,24.552474975585938,0.002211024736531312,0.08625063686706759,1.6188982581563302e-06,0.0005679750675234292,27,-35.61754623135433,24.558221818408033,0.002778999804054741,4.0,3.9137493631329323,0.0,0.0,1.0,0,0,1,-0.0012079443549737334,-0.5,1.0
937,46.85,-37.686256408691406,24.552474975585938,0.0022114314927759297,5.183521761955611e-06,1.6192402301374448e-06,0.0005675683112824166,28,-35.65625318533516,24.558114749421932,0.0027789998040583463,4.0,3.999994816478238,0.001206306740641594,0.5,0.0,0,0,0,0.001206306740641594,0.5,-1.0
938,46.900000000000006,-37.68549346923828,24.55247688293457,0.0022117779117771,0.0862542883434084,1.61778505408227e-06,0.0005672218922838385,27,-35.61695502414933,24.558223747875076,0.0027789998040609384,4.0,3.9137457116565915,0.0,0.0,1.0,0,0,1,-0.001206306740641594,-0.5,1.0
939,46.95,-37.685672760009766,24.55247688293457,0.0022121836277244167,5.188476685155459e-06,1.6181270242679457e-06,0.0005668161763413369,28,-35.65566952613608,24.55811665791302,0.0027789998040657535,4.0,3.999994811523315,0.0012047094060108066,0.5,0.0,0,0,0,0.0012047094060108066,0.5,-1.0
940,47.0,-37.68490982055664,24.552480697631836,0.0022125334276918147,0.08625281303064516,1.6166718173433667e-06,0.0005664663763661967,27,-35.616374429360434,24.558227555198787,0.0027789998040580115,4.0,3.913747186969355,0.0,0.0,1.0,0,0,1,-0.0012047094060108066,-0.5,1.0
941,47.050000000000004,-37.685089111328125,24.552480697631836,0.0022129401839364325,5.245468524720616e-06,1.617013767657785e-06,0.0005660596201139127,28,-35.655085756449346,24.558120474059788,0.0027789998040503453,4.0,3.999994754531475,0.0012031026417389512,0.5,0.0,0,0,0,0.0012031026417389512,0.5,-1.0
942,47.1,-37.684326171875,24.55248260498047,0.0022132873831605783,0.08625556976304585,1.6155585937632083e-06,0.000565712420894831,27,-35.61578507426822,24.558229479518797,0.0027789998040554094,4.0,3.913744430236954,0.0,0.0,1.0,0,0,1,-0.0012031026417389512,-0.5,1.0
943,47.150000000000006,-37.684505462646484,24.552480697631836,0.002213694399479521,5.307685783366316e-06,1.6159005792352674e-06,0.000565305404580883,28,-35.65450197566007,24.55812047554013,0.002778999804060404,4.0,3.9999946923142167,0.0012015008833259344,0.5,0.0,0,0,0,0.0012015008833259344,0.5,-1.0
944,47.2,-37.68374252319336,24.55248260498047,0.0022140426390009683,0.08625443702085082,1.614445423641156e-06,0.0005649571650753293,27,-35.615203770353716,24.55822947411589,0.0027789998040762976,4.0,3.913745562979149,0.0,0.0,1.0,0,0,1,-0.0012015008833259344,-0.5,1.0
945,47.25,-37.683921813964844,24.55248260498047,0.002214449915394236,5.381246331896771e-06,1.6147873190160145e-06,0.0005645498886455392,28,-35.65391817078894,24.558122384436036,0.002778999804039775,4.0,3.999994618753668,0.0011998964473605156,0.5,0.0,0,0,0,0.0011998964473605156,0.5,-1.0
946,47.300000000000004,-37.68315887451172,24.5524845123291,0.002214796594469732,0.08625527162419595,1.6133321403917142e-06,0.0005642032095736992,27,-35.614618394053295,24.558231387378807,0.002778999804043431,4.0,3.913744728375804,0.0,0.0,1.0,0,0,1,-0.0011998964473605156,-0.5,1.0
947,47.35,-37.6833381652832,24.5524845123291,0.0022152036107886746,5.466932033017983e-06,1.6136741175440394e-06,0.0005637961932597568,28,-35.653334340172144,24.55812429340349,0.0027789998040484314,4.0,3.999994533067967,0.0011982957366853952,0.5,0.0,0,0,0,0.0011982957366853952,0.5,-1.0
948,47.400000000000006,-37.68257522583008,24.552486419677734,0.0022155547111276986,0.08625404232191033,1.6122189736211476e-06,0.0005634450929418102,27,-35.614037290021045,24.558233288769067,0.0027789998040695088,4.0,3.9137459576780897,0.0,0.0,1.0,0,0,1,-0.0011982957366853952,-0.5,1.0
949,47.45,-37.68275451660156,24.552486419677734,0.0022159614673723164,5.26272539868288e-06,1.6125610060391607e-06,0.0005630383367307107,28,-35.65275112509108,24.55812620066037,0.002778999804103027,4.0,3.9999947372746014,0.0011966862948611379,0.5,0.0,0,0,0,0.0011966862948611379,0.5,-1.0
950,47.5,-37.68199157714844,24.552490234375,0.0022163318132114055,0.08626078402930795,1.6111057153595301e-06,0.0005626679908421642,27,-35.61343968606607,24.558237143361364,0.0027789998040535697,4.0,3.913739215970692,0.0,0.0,1.0,0,0,1,-0.0011966862948611379,-0.5,1.0
951,47.550000000000004,-37.68217086791992,24.552490234375,0.0022167388295303483,5.314349959425543e-06,1.6114476915430123e-06,0.0005622609745297548,28,-35.65216736680083,24.558130016775472,0.002778999804060103,4.0,3.999994685650041,0.00119503540918231,0.5,0.0,0,0,0,0.00119503540918231,0.5,-1.0
952,47.6,-37.6814079284668,24.552492141723633,0.0022171016332140064,0.0862619019598538,1.60999246475238e-06,0.0005618981708244279,27,-35.612853723280615,24.55823905825413,0.0027789998040384342,4.0,3.913738098040146,0.0,0.0,1.0,0,0,1,-0.00119503540918231,-0.5,1.0
953,47.650000000000006,-37.68158721923828,24.552492141723633,0.002217508389458624,5.309516822244081e-06,1.6103344547668125e-06,0.0005614914145920407,28,-35.65158372838498,24.558131925208798,0.002778999804050665,4.0,3.999994690483178,0.0011934010544791818,0.5,0.0,0,0,0,0.0011934010544791818,0.5,-1.0
954,47.7,-37.680824279785156,24.552494049072266,0.0022178828964869164,0.0862616927893745,1.608879241170487e-06,0.0005611169075496049,27,-35.61227050758366,24.55824096551272,0.0027789998040365213,4.0,3.9137383072106253,0.0,0.0,1.0,0,0,1,-0.0011934010544791818,-0.5,1.0
955,47.75,-37.68100357055664,24.552494049072266,0.0022182901728801845,5.297716504591551e-06,1.6092212492876262e-06,0.0005607096311779796,28,-35.65100010476273,24.558133833601016,0.002778999804058164,4.0,3.9999947022834954,0.0011917408555746078,0.5,0.0,0,0,0,0.0011917408555746078,0.5,-1.0
956,47.800000000000004,-37.680240631103516,24.55249786376953,0.0022186646799084767,0.08626163310746855,1.6077660473659897e-06,0.000560335124144488,27,-35.611686982450216,24.558244780979877,0.0027789998040529647,4.0,3.9137383668925314,0.0,0.0,1.0,0,0,1,-0.0011917408555746078,-0.5,1.0
957,47.85,-37.680419921875,24.55249786376953,0.002219071956301745,5.285835640042698e-06,1.608108004926348e-06,0.000559927847747603,28,-35.65041648131514,24.558137649341386,0.002778999804049348,4.0,3.99999471416436,0.001190080540254712,0.5,0.0,0,0,0,0.001190080540254712,0.5,-1.0
958,47.900000000000006,-37.679656982421875,24.552499771118164,0.0022194394413232567,0.08626038165756374,1.6066528707447958e-06,0.0005595603627513873,27,-35.61110592426334,24.558246682242732,0.002778999804074644,4.0,3.9137396183424364,0.0,0.0,1.0,0,0,1,-0.001190080540254712,-0.5,1.0
959,47.95,-37.67983627319336,24.552499771118164,0.002219846197567874,5.277732905632525e-06,1.6069947904448142e-06,0.0005591536064821659,28,-35.649832849841715,24.558139557755418,0.00277899980405004,4.0,3.999994722267094,0.0011884362902492285,0.5,0.0,0,0,0,0.0011884362902492285,0.5,-1.0
960,48.0,-37.679073333740234,24.552501678466797,0.0022202131624407357,0.086260441124639,1.6055396358542404e-06,0.0005587866416239245,27,-35.610522152488805,24.55824859104666,0.0027789998040646602,4.0,3.913739558875361,0.0,0.0,1.0,0,0,1,-0.0011884362902492285,-0.5,1.0
961,48.050000000000004,-37.67925262451172,24.552501678466797,0.002220619918685353,5.267455257807018e-06,1.605881609381861e-06,0.0005583798853841617,28,-35.64924922298633,24.55814146615662,0.002778999804069515,4.0,3.9999947325447422,0.0011867930879816413,0.5,0.0,0,0,0,0.0011867930879816413,0.5,-1.0
962,48.1,-37.678489685058594,24.55250358581543,0.0022209866234838894,0.08625954713915099,1.6044264167982408e-06,0.0005580131805816325,27,-35.609940354353455,24.558250494365836,0.002778999804065522,4.0,3.913740452860849,0.0,0.0,1.0,0,0,1,-0.0011867930879816413,-0.5,1.0
963,48.150000000000006,-37.678672790527344,24.552501678466797,0.0022213936398028326,5.263842389833239e-06,1.6047757105553534e-06,0.0005576061642850096,28,-35.648669396673085,24.558141467241242,0.002778999804087842,4.0,3.99999473615761,0.001185150002129376,0.5,0.0,0,0,0,0.001185150002129376,0.5,-1.0
964,48.2,-37.67790603637695,24.55250358581543,0.002221759824452718,0.08626050793887234,1.6033131778180748e-06,0.0005572399795998164,27,-35.60935471682391,24.558250501006075,0.0027789998040525345,4.0,3.9137394920611275,0.0,0.0,1.0,0,0,1,-0.001185150002129376,-0.5,1.0
965,48.25,-37.6780891418457,24.55250358581543,0.002222166580697336,5.2531989039183115e-06,1.603662445129328e-06,0.0005568332233660254,28,-35.6480857705945,24.55814337564028,0.0027789998040633613,4.0,3.999994746801096,0.0011835084296762943,0.5,0.0,0,0,0,0.0011835084296762943,0.5,-1.0
966,48.300000000000004,-37.67732238769531,24.552507400512695,0.002222538226908051,0.08626169969228734,1.602200019966589e-06,0.0005564615771802136,27,-35.60876860122933,24.558254323672145,0.0027789998040882646,4.0,3.913738300307713,0.0,0.0,1.0,0,0,1,-0.0011835084296762943,-0.5,1.0
967,48.35,-37.67750549316406,24.552507400512695,0.002222944983152669,5.2525526020921836e-06,1.6025492116837972e-06,0.0005560548209097263,28,-35.647502123292284,24.55814719144695,0.002778999804062395,4.0,3.999994747447398,0.0011818554485216737,0.5,0.0,0,0,0,0.0011818554485216737,0.5,-1.0
968,48.400000000000006,-37.67673873901367,24.552509307861328,0.0022233168894377087,0.08626067163676603,1.6010867528544123e-06,0.0005556829146247545,27,-35.60818708061788,24.558256226220074,0.002778999804062463,4.0,3.913739328363234,0.0,0.0,1.0,0,0,1,-0.0011818554485216737,-0.5,1.0
969,48.45,-37.67692184448242,24.552509307861328,0.0022237236456823265,5.240813612533783e-06,1.6014359803216693e-06,0.0005552761583733001,28,-35.64691849953981,24.558149099839525,0.0027789998040556266,4.0,3.9999947591863876,0.001180201768875122,0.5,0.0,0,0,0,0.001180201768875122,0.5,-1.0
970,48.5,-37.67615509033203,24.55251121520996,0.0022240947717443913,0.08626166975451585,1.5999734813637936e-06,0.0005549050322925398,27,-35.607601365843976,24.558258140423614,0.002778999804036931,4.0,3.9137383302454842,0.0,0.0,1.0,0,0,1,-0.001180201768875122,-0.5,1.0
971,48.550000000000004,-37.67633819580078,24.55251121520996,0.0022245023082119843,5.23296363048929e-06,1.600322836879664e-06,0.000554497495881435,28,-35.64633486752971,24.558151008255052,0.0027789998040934193,4.0,3.9999947670363696,0.0011785480892285705,0.5,0.0,0,0,0,0.0011785480892285705,0.5,-1.0
972,48.6,-37.67557144165039,24.552515029907227,0.002224872133902423,0.0862593529225869,1.598860338450879e-06,0.0005541276701755979,24,-35.51168697109448,24.55852688104075,0.002778999804078021,4.0,3.913740647077413,0.0,0.0,1.0,0,0,1,-0.0011785480892285705,-0.5,1.0
973,48.650000000000006,-37.67575454711914,24.552515029907227,0.0022252786300727156,5.22753988401109e-06,1.599209523573536e-06,0.0005537211739767203,28,-35.64575123037156,24.558154824033522,0.002778999804049436,4.0,3.999994772460116,0.0011768994154408574,0.5,0.0,0,0,0,0.0011768994154408574,0.5,-1.0
974,48.7,-37.67498779296875,24.55251693725586,0.0022256424740536747,0.08626041829853558,1.5977471039861982e-06,0.0005533573300164729,24,-35.51110129820982,24.558528795127877,0.0027789998040701476,4.0,3.9137395817014644,0.0,0.0,1.0,0,0,1,-0.0011768994154408574,-0.5,1.0
975,48.75,-37.6751708984375,24.55251693725586,0.002226049230298292,5.222085266204454e-06,1.5980963340824286e-06,0.0005529505737653993,28,-35.64516759327532,24.558156732463182,0.0027789998040636914,4.0,3.999994777914734,0.0011752629652619362,0.5,0.0,0,0,0,0.0011752629652619362,0.5,-1.0
976,48.800000000000004,-37.67440414428711,24.552518844604492,0.002226407872792747,0.08625968049993187,1.5966338034988092e-06,0.0005525919312378324,24,-35.51051905134359,24.558530699694074,0.0027789998040305794,4.0,3.913740319500068,0.0,0.0,1.0,0,0,1,-0.0011752629652619362,-0.5,1.0
977,48.85,-37.67458724975586,24.552518844604492,0.0022268130685914136,5.217289133605926e-06,1.5969830634678453e-06,0.0005521867354488651,28,-35.64458395478089,24.558158640896732,0.0027789998040402787,4.0,3.9999947827108664,0.0011736407177522779,0.5,0.0,0,0,0,0.0011736407177522779,0.5,-1.0
978,48.900000000000006,-37.67382049560547,24.552520751953125,0.002227171971160194,0.08625974007865289,1.5955206658776686e-06,0.0005518278329087875,24,-35.50993528946629,24.558532608470504,0.0027789998040689814,4.0,3.9137402599213473,0.0,0.0,1.0,0,0,1,-0.0011736407177522779,-0.5,1.0
979,48.95,-37.67400360107422,24.552520751953125,0.002227576906884535,5.2135002407474525e-06,1.5958698987772121e-06,0.0005514228971828941,28,-35.64400031414778,24.558160549336222,0.0027789998040674293,4.0,3.999994786499759,0.0011720185866579413,0.5,0.0,0,0,0,0.0011720185866579413,0.5,-1.0
980,49.0,-37.673240661621094,24.55252456665039,0.002227945952351998,0.08626180354922809,1.5944147108417836e-06,0.0005510538517166995,24,-35.50935153491008,24.558536435169025,0.0027789998040686974,4.0,3.913738196450772,0.0,0.0,1.0,0,0,1,-0.0011720185866579413,-0.5,1.0
981,49.050000000000004,-37.67341995239258,24.552520751953125,0.0022283521884479654,5.207006517527699e-06,1.5947566382977507e-06,0.0005506476155917712,28,-35.64341667925426,24.558160550411113,0.0027789998040397366,4.0,3.9999947929934825,0.001170372124761343,0.5,0.0,0,0,0,0.001170372124761343,0.5,-1.0
982,49.1,-37.67265701293945,24.55252456665039,0.0022287097906451194,0.0862596951524236,1.5933014764915945e-06,0.0005502900134135703,24,-35.50877189216673,24.55853642514971,0.0027789998040586897,4.0,3.9137403048475763,0.0,0.0,1.0,0,0,1,-0.001170372124761343,-0.5,1.0
983,49.150000000000006,-37.67283630371094,24.55252456665039,0.002229114986443786,5.20484500366794e-06,1.5936434650132975e-06,0.0005498848176257224,28,-35.64283303516933,24.558164366208842,0.0027789998040695083,4.0,3.999994795154996,0.0011687520891427994,0.5,0.0,0,0,0,0.0011687520891427994,0.5,-1.0
984,49.2,-37.67207336425781,24.552526473999023,0.0022294816912423222,0.0862616766869891,1.5921881916670239e-06,0.0005495181127839594,24,-35.508184478587424,24.55853834407424,0.0027789998040262816,4.0,3.913738323313011,0.0,0.0,1.0,0,0,1,-0.0011687520891427994,-0.5,1.0
985,49.25,-37.6722526550293,24.552526473999023,0.0022298884474869396,5.2047332974714334e-06,1.5925302295572222e-06,0.0005491113565740213,28,-35.64224938672835,24.55816627467003,0.002778999804060961,4.0,3.9999947952667023,0.0011671094689518213,0.5,0.0,0,0,0,0.0011671094689518213,0.5,-1.0
986,49.300000000000004,-37.67148971557617,24.552528381347656,0.0022302442291638174,0.0862596131753341,1.5910750627958284e-06,0.00054875557490435,24,-35.507604750566266,24.558540241640554,0.0027789998040681674,4.0,3.913740386824666,0.0,0.0,1.0,0,0,1,-0.0011671094689518213,-0.5,1.0
987,49.35,-37.671669006347656,24.552528381347656,0.002230649424962484,5.202565089547423e-06,1.5914170361638544e-06,0.0005483503791100658,28,-35.641665742654,24.55816818311908,0.0027789998040725497,4.0,3.9999947974349106,0.0011654933914542198,0.5,0.0,0,0,0,0.0011654933914542198,0.5,-1.0
988,49.400000000000006,-37.67090606689453,24.55253028869629,0.0022310156096123695,0.08626170641557472,1.5899618337122598e-06,0.0005479841944515422,24,-35.507017124746994,24.558542161154904,0.0027789998040639117,4.0,3.913738293584425,0.0,0.0,1.0,0,0,1,-0.0011654933914542198,-0.5,1.0
989,49.45,-37.671085357666016,24.55253028869629,0.002231422105782662,5.186492637357698e-06,1.5903037917505344e-06,0.0005475776982775357,28,-35.641082128102866,24.558170091486087,0.0027789998040601976,4.0,3.999994813507363,0.0011638524010777473,0.5,0.0,0,0,0,0.0011638524010777473,0.5,-1.0
990,49.5,-37.67032241821289,24.552534103393555,0.002231788550506873,0.08626164666413905,1.588848620930755e-06,0.0005472112535640011,24,-35.506433589599766,24.55854597664989,0.002778999804070874,4.0,3.913738353335861,0.0,0.0,1.0,0,0,1,-0.0011638524010777473,-0.5,1.0
991,49.550000000000004,-37.670501708984375,24.552534103393555,0.0022321947866028404,5.1832391005108555e-06,1.5891905486677474e-06,0.0005468050174505627,28,-35.64049848633666,24.558173907277368,0.002778999804053403,4.0,3.9999948167608994,0.0011622115271165967,0.5,0.0,0,0,0,0.0011622115271165967,0.5,-1.0
992,49.6,-37.66973876953125,24.552536010742188,0.0022325601910297504,0.08626160925748397,1.587735381957528e-06,0.0005464396130327323,24,-35.50585001199397,24.558547884914226,0.0027789998040624827,4.0,3.913738390742516,0.0,0.0,1.0,0,0,1,-0.0011622115271165967,-0.5,1.0
993,49.650000000000006,-37.669918060302734,24.552536010742188,0.002232965386828417,5.179601309088661e-06,1.5880773167461712e-06,0.0005460344172190769,28,-35.63991484538271,24.55817581571775,0.002778999804047494,4.0,3.999994820398691,0.0011605749605223536,0.5,0.0,0,0,0,0.0011605749605223536,0.5,-1.0
994,49.7,-37.66915512084961,24.55253791809082,0.002233324029322872,0.08626037272427049,1.5866221763274208e-06,0.0005456757747461156,24,-35.50526871271984,24.558549786847063,0.0027789998040689875,4.0,3.9137396272757297,0.0,0.0,1.0,0,0,1,-0.0011605749605223536,-0.5,1.0
995,49.75,-37.669334411621094,24.55253791809082,0.0022337294851958634,5.1787206381935595e-06,1.5869640880772015e-06,0.0005452703188449939,28,-35.639331198574496,24.558177724174396,0.002778999804040857,4.0,3.999994821279362,0.001158952247351408,0.5,0.0,0,0,0,0.001158952247351408,0.5,-1.0
996,49.800000000000004,-37.66857147216797,24.552541732788086,0.002234087087393018,0.08626043220899356,1.5855089593322727e-06,0.0005449127166802393,24,-35.50468495102478,24.558553602971624,0.002778999804073257,4.0,3.9137395677910063,0.0,0.0,1.0,0,0,1,-0.001158952247351408,-0.5,1.0
997,49.85,-37.66875076293945,24.552541732788086,0.002234493323488985,5.1882886541319056e-06,1.5858509036350069e-06,0.0005445064805731912,28,-35.63874752958396,24.558181540041332,0.002778999804062176,4.0,3.9999948117113457,0.0011573299998417497,0.5,0.0,0,0,0,0.0011573299998417497,0.5,-1.0
998,49.900000000000006,-37.66798782348633,24.55254364013672,0.0022348563872469683,0.0862617281661387,1.5843956838951581e-06,0.0005441434167994647,24,-35.504098840037535,24.558555518276243,0.002778999804046433,4.0,3.913738271833861,0.0,0.0,1.0,0,0,1,-0.0011573299998417497,-0.5,1.0
999,49.95,-37.66816711425781,24.55254364013672,0.002235262883417261,5.194612310610882e-06,1.5847376937201327e-06,0.0005437369206497083,28,-35.638163867478596,24.558183448540493,0.002778999804066969,4.0,3.9999948053876895,0.0011556957615539432,0.5,0.0,0,0,0,0.0011556957615539432,0.5,-1.0
