step,t,ego_x,ego_y,ego_yaw,ego_speed,ctrl_steer,ctrl_throttle,ctrl_brake,plan_status,num_candidates,ego_s0,ego_l0,best_valid,best_min_clearance_m,best_max_curvature,best_max_yaw_rate,best_cost_total,best_l_target,best_v_target,best_collision,timing_plan_total_ms,debug_num_candidates,debug_ego_s0,debug_ego_l0,traj_dt,traj_len,traj0_x,traj0_y,traj0_yaw,traj0_v,trajN_x,trajN_y,trajN_yaw,trajN_v,num_obstacles,obstacles
0,0.0,-64.6448745727539,24.47097396850586,0.002778537082746092,0.0,-9.127959856414236e-06,0.5,0.0,PlanStatus.OK,20,0.1811898403125088,-0.03343021634065849,True,53.03535334236753,5.625556588763226e-06,1.7810424658513263e-05,0.0018895633034204987,-0.03343021634065849,4.0,False,7.380299968644977,20,0.1811898403125088,-0.03343021634065849,0.1,60,-64.6448745727539,24.47097396850586,0.0027790104048547866,0.0,-52.844920123230686,24.503760562950553,0.0027771030639927486,3.933333333333339,1,"[{""id"": 162, ""x"": -110.19760131835938, ""y"": -9.83513355255127, ""vx"": -0.0008403034880757332, ""vy"": 0.3080408573150635, ""r"": 2.5906050205230713}]"
1,0.05,-64.6448745727539,24.470972061157227,0.002778537082746092,0.002267062431360891,-9.118776688410435e-06,0.5,0.0,PlanStatus.OK,20,0.18118983501197392,-0.03343212368192683,True,53.01981587787578,5.771546639626987e-06,1.7426897869566096e-05,0.0018900820936128976,-0.03343212368192683,4.0,False,7.115799933671951,20,0.18118983501197392,-0.03343212368192683,0.1,60,-64.6448745727539,24.470972061157227,0.002779010404926866,0.002267062431360891,-52.83823231442107,24.503777228384013,0.0027771030639980486,3.9333711177071855,1,"[{""id"": 162, ""x"": -110.19771575927734, ""y"": -9.809149742126465, ""vx"": -0.0014844218967482448, ""vy"": 0.6503976583480835, ""r"": 2.5906050205230713}]"
2,0.1,-64.6448745727539,24.470972061157227,0.002778536822671767,3.322201250799266e-05,-9.127273187914398e-06,0.5,0.0,PlanStatus.OK,20,0.18118983501197392,-0.03343212368192683,True,52.994545555079135,5.6219198754412615e-06,1.7804803996031814e-05,0.001891013531406412,-0.03343212368192683,4.0,False,7.5385000091046095,20,0.18118983501197392,-0.03343212368192683,0.1,60,-64.6448745727539,24.470972061157227,0.0027790104050727286,3.322201250799266e-05,-52.84482211866553,24.50375892777141,0.002777103064010955,3.9333338870335397,1,"[{""id"": 162, ""x"": -110.19789123535156, ""y"": -9.766873359680176, ""vx"": -0.0020644385367631912, ""vy"": 0.9669392108917236, ""r"": 2.5906050205230713}]"
3,0.15000000000000002,-64.6448745727539,24.470972061157227,0.002778536822671767,0.0009358035435750191,-9.123614290729165e-06,0.5,0.0,PlanStatus.OK,20,0.18118983501197392,-0.03343212368192683,True,52.96503372007857,5.653779179734614e-06,1.765209853569344e-05,0.0018920462226876275,-0.03343212368192683,4.0,False,7.782100001350045,20,0.18118983501197392,-0.03343212368192683,0.1,60,-64.6448745727539,24.470972061157227,0.0027790104049242085,0.0009358035435750191,-52.84215951324654,24.503766322120082,0.0027771030639899205,3.9333489300590583,1,"[{""id"": 162, ""x"": -110.19811248779297, ""y"": -9.717436790466309, ""vx"": -0.0016991902375593781, ""vy"": 1.0206575393676758, ""r"": 2.5906050205230713}]"
4,0.2,-64.6448745727539,24.470972061157227,0.002778536822671767,0.0011626439722549919,-9.122694791585673e-06,0.5,0.0,PlanStatus.OK,20,0.18118983501197392,-0.03343212368192683,True,52.93186350028273,5.673854868841437e-06,1.7613722892162453e-05,0.0018932270508366768,-0.03343212368192683,4.0,False,7.384000113233924,20,0.18118983501197392,-0.03343212368192683,0.1,60,-64.6448745727539,24.470972061157227,0.0027790104050144783,0.0011626439722549919,-52.84149033651972,24.5037681804976,0.002777103064005693,3.9333527107328687,1,"[{""id"": 162, ""x"": -110.19860076904297, ""y"": -9.661497116088867, ""vx"": -0.014130620285868645, ""vy"": 1.1616065502166748, ""r"": 2.5906050205230713}]"
5,0.25,-64.6448745727539,24.47096824645996,0.002778536822671767,0.001089783045003228,-9.122990377363749e-06,0.5,0.0,PlanStatus.OK,20,0.18118982441090417,-0.03343593836445999,True,52.897584022928484,5.667406610781476e-06,1.7626049626609e-05,0.0018944520191085316,-0.03343593836445999,4.0,False,7.7043999917805195,20,0.18118982441090417,-0.03343593836445999,0.1,60,-64.6448745727539,24.47096824645996,0.0027790104050029072,0.001089783045003228,-52.84170527544008,24.50376376889129,0.002777103064000917,3.9333514963840877,1,"[{""id"": 162, ""x"": -110.19892120361328, ""y"": -9.603874206542969, ""vx"": 0.0035649999044835567, ""vy"": 1.1486376523971558, ""r"": 2.5906050205230713}]"
6,0.30000000000000004,-64.6448745727539,24.47096824645996,0.002778536822671767,0.000909786446020378,-9.12371979211457e-06,0.5,0.0,PlanStatus.OK,20,0.18118982441090417,-0.03343593836445999,True,52.8627875977292,5.6514760015059655e-06,1.765650059841386e-05,0.0018956981510740367,-0.03343593836445999,4.0,False,8.715900126844645,20,0.18118982441090417,-0.03343593836445999,0.1,60,-64.6448745727539,24.47096824645996,0.0027790104050111858,0.000909786446020378,-52.84223626339339,24.503762294279227,0.002777103063999027,3.933348496440761,1,"[{""id"": 162, ""x"": -110.19807434082031, ""y"": -9.546883583068848, ""vx"": 0.005617338232696056, ""vy"": 1.1363989114761353, ""r"": 2.5906050205230713}]"
7,0.35000000000000003,-64.6448745727539,24.47096824645996,0.002778536822671767,0.0007145119847018997,-9.124511052505113e-06,0.5,0.0,PlanStatus.OK,20,0.18118982441090417,-0.03343593836445999,True,52.8287039260862,5.634190589576453e-06,1.7689537465813594e-05,0.001896920537408483,-0.03343593836445999,4.0,False,7.150100078433752,20,0.18118982441090417,-0.03343593836445999,0.1,60,-64.6448745727539,24.47096824645996,0.0027790104052971276,0.0007145119847018997,-52.84281232086963,24.50376069450413,0.002777103063998028,3.933345241866407,1,"[{""id"": 162, ""x"": -110.19772338867188, ""y"": -9.490360260009766, ""vx"": 0.012501221150159836, ""vy"": 1.1305840015411377, ""r"": 2.5906050205230713}]"
8,0.4,-64.6448745727539,24.47096824645996,0.002778536822671767,0.0005372239491349864,-9.125229553319514e-06,0.5,0.0,PlanStatus.OK,20,0.18118982441090417,-0.03343593836445999,True,52.79293951633259,5.618495182733186e-06,1.7719531770913136e-05,0.0018982046181886282,-0.03343593836445999,4.0,False,7.1900999173521996,20,0.18118982441090417,-0.03343593836445999,0.1,60,-64.6448745727539,24.47096824645996,0.00277901040513003,0.0005372239491349864,-52.84333531859115,24.503759242081824,0.002777103063998581,3.9333422870658215,1,"[{""id"": 162, ""x"": -110.19681549072266, ""y"": -9.431710243225098, ""vx"": 0.011247686110436916, ""vy"": 1.2471275329589844, ""r"": 2.5906050205230713}]"
9,0.45,-64.6448745727539,24.47096824645996,0.002778536822671767,0.00017781266546616642,-9.126686563831754e-06,0.5,0.0,PlanStatus.OK,20,0.18118982441090417,-0.03343593836445999,True,52.74945491220957,5.606093610788567e-06,1.7780340430622286e-05,0.0018997735565628204,-0.03343593836445999,4.0,False,7.111300015822053,20,0.18118982441090417,-0.03343593836445999,0.1,60,-64.6448745727539,24.47096824645996,0.002779010405193768,0.00017781266546616642,-52.84439557785706,24.503756297624996,0.002777103063993687,3.9333362968777594,1,"[{""id"": 162, ""x"": -110.19695281982422, ""y"": -9.358642578125, ""vx"": -0.0018920586444437504, ""vy"": 1.5467796325683594, ""r"": 2.5906050205230713}]"
10,0.5,-64.6448745727539,24.47096824645996,0.002778536822671767,0.00024210938671076767,-9.126425538852345e-06,0.5,0.0,PlanStatus.OK,20,0.18118982441090417,-0.03343593836445999,True,52.703180581980135,5.599056557729822e-06,1.7769461823852542e-05,0.0019014348067332909,-0.03343593836445999,4.0,False,8.085899986326694,20,0.18118982441090417,-0.03343593836445999,0.1,60,-64.6448745727539,24.47096824645996,0.0027790104051596603,0.00024210938671076767,-52.84420590324871,24.503756824372285,0.0027771030639918053,3.9333373684897768,1,"[{""id"": 162, ""x"": -110.19733428955078, ""y"": -9.280457496643066, ""vx"": -0.002619474194943905, ""vy"": 1.5635310411453247, ""r"": 2.5906050205230713}]"
11,0.55,-64.6448745727539,24.47096824645996,0.002778536822671767,0.00023318297398159757,-9.126461918640416e-06,0.5,0.0,PlanStatus.OK,20,0.18118982441090417,-0.03343593836445999,True,52.655754904779904,5.600033568114398e-06,1.777097217405682e-05,0.0019031441410712676,-0.03343593836445999,4.0,False,7.237300043925643,20,0.18118982441090417,-0.03343593836445999,0.1,60,-64.6448745727539,24.47096824645996,0.00277901040530061,0.00023318297398159757,-52.8442322360664,24.50375675124315,0.0027771030639953584,3.9333372197162313,1,"[{""id"": 162, ""x"": -110.1974868774414, ""y"": -9.20052719116211, ""vx"": -0.0029899640940129757, ""vy"": 1.6446889638900757, ""r"": 2.5906050205230713}]"
12,0.6000000000000001,-64.6448745727539,24.47096824645996,0.002778536822671767,0.0001973820399619928,-9.1266074377927e-06,0.5,0.0,PlanStatus.OK,20,0.18118982441090417,-0.03343593836445999,True,52.60370997121934,5.60395180434286e-06,1.7777029438547157e-05,0.0019050248017198886,-0.03343593836445999,4.0,False,7.107799872756004,20,0.18118982441090417,-0.03343593836445999,0.1,60,-64.6448745727539,24.47096824645996,0.0027790104053468097,0.0001973820399619928,-52.84433784842122,24.503756457946004,0.0027771030640016733,3.9333366230340028,1,"[{""id"": 162, ""x"": -110.197998046875, ""y"": -9.112203598022461, ""vx"": 0.0011425261618569493, ""vy"": 1.8342443704605103, ""r"": 2.5906050205230713}]"
13,0.65,-64.6448745727539,24.47096824645996,0.002778536822671767,0.00015614515466973538,-9.126774784817826e-06,0.5,0.0,PlanStatus.OK,20,0.18118982441090417,-0.03343593836445999,True,52.54276001694325,5.608465124434678e-06,1.7784006580388867e-05,0.0019072319458655561,-0.03343593836445999,4.0,False,7.1263001300394535,20,0.18118982441090417,-0.03343593836445999,0.1,60,-64.6448745727539,24.47096824645996,0.0027790104051811123,0.00015614515466973538,-52.84445949677149,24.503756120115128,0.0027771030639988843,3.9333359357525817,1,"[{""id"": 162, ""x"": -110.19880676269531, ""y"": -9.008288383483887, ""vx"": -0.009400728158652782, ""vy"": 2.3169448375701904, ""r"": 2.5906050205230713}]"
14,0.7000000000000001,-64.6448745727539,24.47096824645996,0.002778536822671767,0.00011743549615552379,-9.126931217906531e-06,0.5,0.0,PlanStatus.OK,20,0.18118982441090417,-0.03343593836445999,True,52.47103150124501,5.61270218594172e-06,1.779055611213047e-05,0.0019098354817938656,-0.03343593836445999,4.0,False,7.093500113114715,20,0.18118982441090417,-0.03343593836445999,0.1,60,-64.6448745727539,24.47096824645996,0.0027790104049090565,0.00011743549615552379,-52.84457368983106,24.503755802988415,0.002777103064000735,3.9333352905915966,1,"[{""id"": 162, ""x"": -110.19908142089844, ""y"": -8.886649131774902, ""vx"": -0.006839493755251169, ""vy"": 2.625220537185669, ""r"": 2.5906050205230713}]"
15,0.75,-64.64484405517578,24.47096824645996,0.002775563132837395,0.0031106989711230143,-2.80438371191849e-06,0.5,0.0,PlanStatus.OK,20,0.18122034187118716,-0.03343602317301903,True,52.38811613692932,5.847262331628637e-06,1.728238651730208e-05,0.001912815229906471,-0.03343602317301903,4.0,False,7.533500203862786,20,0.18122034187118716,-0.03343602317301903,0.1,60,-64.64484405517578,24.47096824645996,0.002779010405111573,0.0031106989711230143,-52.835713078486805,24.503780325073702,0.002777103064000864,3.9333851783161897,1,"[{""id"": 162, ""x"": -110.20028686523438, ""y"": -8.744417190551758, ""vx"": -0.007537218276411295, ""vy"": 3.025639772415161, ""r"": 2.5906050205230713}]"
16,0.8,-64.61520385742188,24.471054077148438,0.0027729249388825355,0.860495300107549,5.0402627493895125e-06,0.5,0.0,PlanStatus.OK,20,0.21086066369511208,-0.03343256312791624,True,52.31656692086514,8.279235168009362e-06,1.6005081514502105e-05,0.0019155495975341113,-0.03343256312791624,4.0,False,8.023900212720037,20,0.21086066369511208,-0.03343256312791624,0.1,60,-64.61520385742188,24.471054077148438,0.0027790104051039653,0.860495300107549,-50.27679810844384,24.510895036448733,0.002779010405139411,3.9476749216684626,1,"[{""id"": 162, ""x"": -110.20076751708984, ""y"": -8.58123779296875, ""vx"": -0.007883226498961449, ""vy"": 3.343385934829712, ""r"": 2.5906050205230713}]"
17,0.8500000000000001,-64.55347442626953,24.4711856842041,0.002882705952591296,1.4547967873171028,-0.00022708511096425354,0.5,0.0,PlanStatus.OK,20,0.27259022221943974,-0.03347250309111349,True,52.26403098233214,7.498665965959595e-06,1.7554413604065414e-05,0.001918317283222262,-0.03347250309111349,4.0,False,7.860100129619241,20,0.27259022221943974,-0.03347250309111349,0.1,60,-64.55347442626953,24.4711856842041,0.002779010405075586,1.4547967873171028,-48.461886019543826,24.51589686154597,0.0027788585053568028,3.957579946455278,1,"[{""id"": 162, ""x"": -110.20181274414062, ""y"": -8.404539108276367, ""vx"": -0.010681546293199062, ""vy"": 3.672739267349243, ""r"": 2.5906050205230713}]"
18,0.9,-64.4695053100586,24.471405029296875,0.0028479592425211925,1.8177590542569129,-0.00015284393157344311,0.5,0.0,PlanStatus.OK,20,0.35655962374960165,-0.033486509592628305,True,52.22472885330217,7.668830701829019e-06,1.882119763854575e-05,0.0019195640430649927,-0.033486509592628305,4.0,False,7.09700002335012,20,0.35655962374960165,-0.033486509592628305,0.1,60,-64.4695053100586,24.471405029296875,0.002779010405087041,1.8177590542569129,-47.307182350461076,24.51909179676233,0.0027790104050956863,3.96362931757094,1,"[{""id"": 162, ""x"": -110.2026138305664, ""y"": -8.218754768371582, ""vx"": -0.009136129170656204, ""vy"": 3.8098320960998535, ""r"": 2.5906050205230713}]"
19,0.9500000000000001,-64.37089538574219,24.471654891967773,0.0028780566038796407,2.061521084727425,-0.00021114615083206445,0.5,0.0,PlanStatus.OK,20,0.45516986165908685,-0.03351068553955396,True,52.18998805236085,5.793218419541547e-06,1.8845819687498405e-05,0.001920800035489975,-0.03351068553955396,4.0,False,7.476199883967638,20,0.45516986165908685,-0.03351068553955396,0.1,60,-64.37089538574219,24.471654891967773,0.0027790104050876025,2.061521084727425,-46.48947723453312,24.521340037597398,0.0027790104051060188,3.967692018078788,1,"[{""id"": 162, ""x"": -110.20293426513672, ""y"": -8.019624710083008, ""vx"": -0.01087225042283535, ""vy"": 4.150030136108398, ""r"": 2.5906050205230713}]"
20,1.0,-64.26164245605469,24.47200584411621,0.0026915627668373625,2.264188403349812,0.00018642986833583564,0.5,0.0,PlanStatus.OK,20,0.5644233447706136,-0.03346334938388779,True,52.159330272283846,7.074497793487428e-06,1.8711451784747882e-05,0.0019218222951073007,-0.03346334938388779,4.0,False,7.5379000045359135,20,0.5644233447706136,-0.03346334938388779,0.1,60,-64.26164245605469,24.47200584411621,0.0027790104050938787,2.264188403349812,-45.78235806281373,24.52335238703008,0.002778800134126194,3.971069806722503,1,"[{""id"": 162, ""x"": -110.20418548583984, ""y"": -7.809536457061768, ""vx"": -0.009875129908323288, ""vy"": 4.25748872756958, ""r"": 2.5906050205230713}]"
21,1.05,-64.1431884765625,24.472286224365234,0.0028368082957537866,2.438874720810629,-0.00012182886712253094,0.4683375954627991,0.0,PlanStatus.OK,20,0.6828776460376721,-0.03351215463536344,True,52.129070051524245,6.968025579740162e-06,1.87164852294636e-05,0.001922505586060682,-0.03351215463536344,4.0,False,8.429800160229206,20,0.6828776460376721,-0.03351215463536344,0.1,60,-64.1431884765625,24.472286224365234,0.0027790104050851804,2.438874720810629,-45.148581392706106,24.525063649247546,0.0027771030639665434,3.973981245346837,1,"[{""id"": 162, ""x"": -110.20529174804688, ""y"": -7.585483074188232, ""vx"": -0.01216363999992609, ""vy"": 4.640175819396973, ""r"": 2.5906050205230713}]"
22,1.1,-64.01642608642578,24.47268295288086,0.0026968438360849356,2.5985844780797414,0.00017515290528535843,0.4204246699810028,0.0,PlanStatus.OK,20,0.8096406491994024,-0.03346770119941791,True,52.09945108123111,6.1535883629025235e-06,1.7554608867315427e-05,0.0019238955887124407,-0.03346770119941791,4.0,False,7.405600044876337,20,0.8096406491994024,-0.03346770119941791,0.1,60,-64.01642608642578,24.47268295288086,0.002779010405091516,2.5985844780797414,-44.55067701569297,24.526769077526893,0.0027784316316407454,3.976643074634674,1,"[{""id"": 162, ""x"": -110.2061767578125, ""y"": -7.348714351654053, ""vx"": -0.011597038246691227, ""vy"": 4.7557806968688965, ""r"": 2.5906050205230713}]"
23,1.1500000000000001,-63.8822021484375,24.4730167388916,0.0028339810277645044,2.7405649415447435,-0.0001158877057605423,0.37783050537109375,0.0,PlanStatus.OK,20,0.9438649964826733,-0.03350692571773633,True,52.06750362281854,4.7946765220321426e-06,1.748276722744746e-05,0.001924974828179169,-0.03350692571773633,4.0,False,7.245799992233515,20,0.9438649964826733,-0.03350692571773633,0.1,60,-63.8822021484375,24.4730167388916,0.0027790104050926094,2.7405649415447435,-43.99761232822958,24.52826683519804,0.002779021006189549,3.9790094156924054,1,"[{""id"": 162, ""x"": -110.20668029785156, ""y"": -7.095231056213379, ""vx"": -0.012199394404888153, ""vy"": 5.2123918533325195, ""r"": 2.5906050205230713}]"
24,1.2000000000000002,-63.741458892822266,24.47344970703125,0.0027035579148643775,2.8632034543487777,0.00016085727838799357,0.3410389721393585,0.0,PlanStatus.OK,20,1.0846089118467117,-0.033465085718331934,True,52.03676404452954,5.167373586672163e-06,1.7642588690924138e-05,0.0019261514267178389,-0.033465085718331934,4.0,False,7.904799887910485,20,1.0846089118467117,-0.033465085718331934,0.1,60,-63.741458892822266,24.47344970703125,0.0027790104050993683,2.8632034543487777,-43.495086856732385,24.529705200776327,0.0027790033746350903,3.9810533909058234,1,"[{""id"": 162, ""x"": -110.20790100097656, ""y"": -6.830477237701416, ""vx"": -0.03702620789408684, ""vy"": 5.401927947998047, ""r"": 2.5906050205230713}]"
25,1.25,-63.59516143798828,24.473817825317383,0.0028330720679979196,2.966734917755687,-0.00011399749928386882,0.30997952818870544,0.0,PlanStatus.OK,20,1.2309068247640689,-0.03350353047958601,True,52.00766908920984,5.675027493239904e-06,1.8534453392659092e-05,0.0019273668806146125,-0.03350353047958601,4.0,False,7.969999918714166,20,1.2309068247640689,-0.03350353047958601,0.1,60,-63.59516143798828,24.473817825317383,0.002779010405084145,2.966734917755687,-43.043372763868696,24.530922072473718,0.002778999804062929,3.98277891529593,1,"[{""id"": 162, ""x"": -110.20963287353516, ""y"": -6.55677604675293, ""vx"": -0.040134500712156296, ""vy"": 5.536064147949219, ""r"": 2.5906050205230713}]"
26,1.3,-63.4442253112793,24.474273681640625,0.0027088337826254466,3.0524908959942127,0.00014963067951612175,0.28425273299217224,0.0,PlanStatus.OK,20,1.3818436354690449,-0.03346712844333704,True,51.98413971485301,5.10394637851829e-06,1.8998795510193414e-05,0.00192821469125025,-0.03346712844333704,4.0,False,7.391999941319227,20,1.3818436354690449,-0.03346712844333704,0.1,60,-63.4442253112793,24.474273681640625,0.002779010405091633,3.0524908959942127,-42.63945749012015,24.532080961964986,0.002779009738898816,3.9842081815998913,1,"[{""id"": 162, ""x"": -110.21129608154297, ""y"": -6.283052921295166, ""vx"": -0.04030849039554596, ""vy"": 5.466214656829834, ""r"": 2.5906050205230713}]"
27,1.35,-63.28948211669922,24.474666595458984,0.0028327225281048465,3.1224004251057424,-0.00011328016262268648,0.26327988505363464,0.0,PlanStatus.OK,20,1.5365873244266735,-0.03350424853653309,True,51.96833620930546,4.767065415905343e-06,1.84058624014315e-05,0.0019287317894975877,-0.03350424853653309,4.0,False,8.434899849817157,20,1.5365873244266735,-0.03350424853653309,0.1,60,-63.28948211669922,24.474666595458984,0.00277901040509393,3.1224004251057424,-42.27848200436704,24.533047002768555,0.002779021006241364,3.985373340418428,1,"[{""id"": 162, ""x"": -110.21283721923828, ""y"": -6.014706134796143, ""vx"": -0.03747747093439102, ""vy"": 5.085407733917236, ""r"": 2.5906050205230713}]"
28,1.4000000000000001,-63.13165283203125,24.475143432617188,0.0027129848289300126,3.1785878695357286,0.0001408027164870873,0.2464236319065094,0.0,PlanStatus.OK,20,1.6944173247789538,-0.033466021879373996,True,51.98612439971787,5.5156337631398425e-06,1.873351804098332e-05,0.0019278965329944994,-0.033466021879373996,4.0,False,7.132400060072541,20,1.6944173247789538,-0.033466021879373996,0.1,60,-63.13165283203125,24.475143432617188,0.0027790104050946685,3.1785878695357286,-41.95490041953066,24.533984471909775,0.002779021006289511,3.986309797825583,1,"[{""id"": 162, ""x"": -110.21420288085938, ""y"": -5.800716876983643, ""vx"": -0.029260672628879547, ""vy"": 3.7749128341674805, ""r"": 2.5906050205230713}]"
29,1.4500000000000002,-62.97138214111328,24.475553512573242,0.0028326837770303913,3.2231891553076952,-0.00011321288184262812,0.23304325342178345,0.0,PlanStatus.OK,20,1.854688536435153,-0.033501336851227026,True,52.040698902956294,4.807297018958853e-06,1.870015425559004e-05,0.0019261467492205939,-0.033501336851227026,4.0,False,7.450599921867251,20,1.854688536435153,-0.033501336851227026,0.1,60,-62.97138214111328,24.475553512573242,0.0027790104050959617,3.2231891553076952,-41.66305644062482,24.53475988489323,0.002778232095478736,3.987053152588474,1,"[{""id"": 162, ""x"": -110.21538543701172, ""y"": -5.649372577667236, ""vx"": -0.0205918587744236, ""vy"": 2.582080125808716, ""r"": 2.5906050205230713}]"
30,1.5,-62.80915832519531,24.476037979125977,0.0027160370612105958,3.2581856501959034,0.0001343141047982499,0.22254429757595062,0.0,PlanStatus.OK,20,2.0169130722703237,-0.03346769326134947,True,52.10105690351835,5.745943681248989e-06,1.896999262732818e-05,0.001924021639830575,-0.03346769326134947,4.0,False,9.961900068446994,20,2.0169130722703237,-0.03346769326134947,0.1,60,-62.80915832627493,24.476037979122978,0.002779010405105829,3.2581856501959034,-41.39759334483887,24.535530746072464,0.002777092470176871,3.9876364275032703,1,"[{""id"": 162, ""x"": -110.21642303466797, ""y"": -5.504385471343994, ""vx"": -0.023757686838507652, ""vy"": 3.0422277450561523, ""r"": 2.5906050205230713}]"
31,1.55,-62.6449089050293,24.47696304321289,0.0027565129485905967,3.2898610275574733,4.841709596803412e-05,0.21304169297218323,0.0,PlanStatus.OK,20,2.181164428955334,-0.03299908300666973,True,52.16113707003709,4.753771803744333e-06,1.8014017799609233e-05,0.0019215303395484864,-0.03299908300666973,4.0,False,7.543900050222874,20,2.181164428955334,-0.03299908300666973,0.1,60,-62.64490891643183,24.476963043181208,0.002779010405130422,3.2898610275574733,-41.139901903994996,24.536714992933888,0.0027770924702025628,3.9881643504592934,1,"[{""id"": 162, ""x"": -110.21704864501953, ""y"": -5.354390621185303, ""vx"": -0.02461150288581848, ""vy"": 2.9237184524536133, ""r"": 2.5906050205230713}]"
32,1.6,-62.479740142822266,24.476520538330078,0.0023620075050617153,3.309105651995895,0.0008855809574015439,0.20726829767227173,0.0,PlanStatus.OK,20,2.3463313236478642,-0.033900591298727606,True,52.217602404025016,5.515165209007728e-06,1.8720824210096722e-05,0.0019195868992095302,-0.033900591298727606,4.0,False,8.271600119769573,20,2.3463313236478642,-0.033900591298727606,0.1,60,-62.47974016521596,24.47652053826786,0.002779010405155409,3.309105651995895,-40.917961703758834,24.5364298312089,0.00277709247024258,3.988485094199925,1,"[{""id"": 162, ""x"": -110.21826171875, ""y"": -5.194949626922607, ""vx"": -0.022673742845654488, ""vy"": 3.344059467315674, ""r"": 2.5906050205230713}]"
33,1.6500000000000001,-62.313812255859375,24.47633171081543,0.0022202802616166383,3.3248833432310163,0.001186333247460425,0.2025350034236908,0.0,PlanStatus.OK,20,2.5122580451360728,-0.03455053281506131,True,52.2715682617394,5.202909549047535e-06,1.8265024919945395e-05,0.0019175495947730565,-0.03455053281506131,4.0,False,7.622600067406893,20,2.5122580451360728,-0.03455053281506131,0.1,60,-62.31381228961687,24.47633171072165,0.0027790104051711342,3.3248833432310163,-40.70548980097388,24.536370175528035,0.00277767586777052,3.9887480557205235,1,"[{""id"": 162, ""x"": -110.21907806396484, ""y"": -5.028204441070557, ""vx"": -0.02638637274503708, ""vy"": 3.345658302307129, ""r"": 2.5906050205230713}]"
34,1.7000000000000002,-62.1472282409668,24.477108001708984,0.0021577539725742964,3.325255926419512,0.001319018192589283,0.20242321491241455,0.0,PlanStatus.OK,20,2.6788435740910113,-0.03423718303393603,True,52.321373707563076,5.4932736634415086e-06,1.8905723375020958e-05,0.0019157413317610161,-0.03423718303393603,4.0,False,9.97089990414679,20,2.6788435740910113,-0.03423718303393603,0.1,60,-62.14722828529646,24.477108001585847,0.0027789389844011954,3.325255926419512,-40.53780667004867,24.537149522662006,0.0027784866108970514,3.988754265440313,1,"[{""id"": 162, ""x"": -110.21975708007812, ""y"": -4.849857807159424, ""vx"": -0.028592662885785103, ""vy"": 3.7057313919067383, ""r"": 2.5906050205230713}]"
35,1.75,-61.9811897277832,24.476661682128906,0.002460602201894842,3.3369972364785547,0.0006763525889255106,0.19890083372592926,0.0,PlanStatus.OK,20,2.8448802058005374,-0.03514492305242133,True,52.36607715166503,5.173296472479537e-06,1.882236683712485e-05,0.001914255491812893,-0.03514492305242133,4.0,False,9.108399972319603,20,2.8448802058005374,-0.03514492305242133,0.1,60,-61.981189784418135,24.476661681971606,0.002777986763014985,3.3369972364785547,-40.33713142609067,24.53679946129233,0.002779021006201342,3.9889499539413027,1,"[{""id"": 162, ""x"": -110.22064971923828, ""y"": -4.661459922790527, ""vx"": -0.02897520549595356, ""vy"": 3.846329927444458, ""r"": 2.5906050205230713}]"
36,1.8,-61.8143424987793,24.47759437561035,0.0024264403989821205,3.34411124063254,0.0007467640680260956,0.19676662981510162,0.0,PlanStatus.OK,20,3.0117294486330333,-0.03467588038948859,True,52.40735205353179,5.279678420048989e-06,1.8813818021272584e-05,0.0019125464705203837,-0.03467588038948859,4.0,False,7.59279984049499,20,3.0117294486330333,-0.03467588038948859,0.1,60,-61.81434249800353,24.477594375612505,0.002777103063930532,3.34411124063254,-40.14929789993742,24.537790500425096,0.002779021006200033,3.989068520677211,1,"[{""id"": 162, ""x"": -110.22216796875, ""y"": -4.460477352142334, ""vx"": -0.031693633645772934, ""vy"": 4.136783599853516, ""r"": 2.5906050205230713}]"
37,1.85,-61.647064208984375,24.478261947631836,0.0025867598357873136,3.3489207030608608,0.00040319658000953496,0.19532379508018494,0.0,PlanStatus.OK,20,3.179008947291996,-0.03447285939625066,True,52.44468927037116,5.15224867080282e-06,1.8503780447013014e-05,0.00191132004244678,-0.03447285939625066,4.0,False,7.84209999255836,20,3.179008947291996,-0.03447285939625066,0.1,60,-61.64706419721433,24.478261947664528,0.002777103063938462,3.3489207030608608,-39.96783175217561,24.53849782173707,0.002779021006204424,3.989148678384358,1,"[{""id"": 162, ""x"": -110.22393035888672, ""y"": -4.248563766479492, ""vx"": -0.03430414944887161, ""vy"": 4.261224269866943, ""r"": 2.5906050205230713}]"
38,1.9000000000000001,-61.47951126098633,24.478849411010742,0.002509289155870154,3.3528644135864965,0.0005663170595653355,0.19414067268371582,0.0,PlanStatus.OK,20,3.3465628806252905,-0.03435070948982921,True,52.47637897435187,5.3026243302856075e-06,1.8847747650123023e-05,0.0019100420644967387,-0.03435070948982921,4.0,False,8.893599966540933,20,3.3465628806252905,-0.03435070948982921,0.1,60,-61.47951123828014,24.478849411073814,0.0027771030639684546,3.3528644135864965,-39.788644904249615,24.5391179366161,0.0027790190122921987,3.9892144068931166,1,"[{""id"": 162, ""x"": -110.22589874267578, ""y"": -4.022202968597412, ""vx"": -0.03810462728142738, ""vy"": 4.684382915496826, ""r"": 2.5906050205230713}]"
39,1.9500000000000002,-61.31177520751953,24.479310989379883,0.002652765139077897,3.355861705196904,0.00026185280876234174,0.19324149191379547,0.0,PlanStatus.OK,20,3.514299569126057,-0.03435495260984628,True,52.504121565279824,5.053827919773464e-06,1.828470445026844e-05,0.001909219282222756,-0.03435495260984628,4.0,False,7.344499928876758,20,3.514299569126057,-0.03435495260984628,0.1,60,-61.31177517381936,24.479310989473504,0.002777103063991458,3.355861705196904,-39.61206687542204,24.539604405050444,0.00277900962751699,3.989264361753271,1,"[{""id"": 162, ""x"": -110.22806549072266, ""y"": -3.784635543823242, ""vx"": -0.04021255299448967, ""vy"": 4.798242568969727, ""r"": 2.5906050205230713}]"
40,2.0,-61.14390182495117,24.479822158813477,0.0025662870449816547,3.3581696134665426,0.00044536596396937966,0.19254910945892334,0.0,PlanStatus.OK,20,3.6821737239181433,-0.03430998623321716,True,52.52940685088688,5.332879386569728e-06,1.873305935695506e-05,0.001908417434029724,-0.03430998623321716,4.0,False,7.414499996230006,20,3.6821737239181433,-0.03430998623321716,0.1,60,-61.14390178030933,24.47982215893751,0.00277721097667751,3.3581696134665426,-39.43738519059095,24.54013481321829,0.002779000343701553,3.989302826891122,1,"[{""id"": 162, ""x"": -110.23030853271484, ""y"": -3.5386791229248047, ""vx"": -0.04137451574206352, ""vy"": 5.029726028442383, ""r"": 2.5906050205230713}]"
41,2.0500000000000003,-60.97593688964844,24.48025894165039,0.0027011943593969324,3.3599001153316057,0.00015908446221146733,0.19202996790409088,0.0,PlanStatus.OK,20,3.8501392245125845,-0.03433966041746868,True,52.55461458155008,4.917462475839317e-06,1.794576919162457e-05,0.001907285426043073,-0.03433966041746868,4.0,False,8.303399896249175,20,3.8501392245125845,-0.03433966041746868,0.1,60,-60.97593683396672,24.480258941805115,0.002778162370196067,3.3599001153316057,-39.26431529520133,24.540586101362965,0.002778999804064735,3.989331668588852,1,"[{""id"": 162, ""x"": -110.23242950439453, ""y"": -3.2895050048828125, ""vx"": -0.04081975668668747, ""vy"": 4.918199062347412, ""r"": 2.5906050205230713}]"
42,2.1,-60.80789566040039,24.480764389038086,0.002608008948453704,3.361190333844156,0.0003593733417801559,0.1916428953409195,0.0,PlanStatus.OK,20,4.018181144022908,-0.03430091686901817,True,52.60227687907336,4.795615902165812e-06,1.7492481409783593e-05,0.001905419352360737,-0.03430091686901817,4.0,False,8.163399994373322,20,4.018181144022908,-0.03430091686901817,0.1,60,-60.80789566040039,24.480764389038086,0.002779010405097779,3.361190333844156,-39.09246800219971,24.541102409883987,0.0027789998040639065,3.9893531722307425,1,"[{""id"": 162, ""x"": -110.23418426513672, ""y"": -3.0836379528045654, ""vx"": -0.02995329722762108, ""vy"": 3.6172163486480713, ""r"": 2.5906050205230713}]"
43,2.15,-60.63979721069336,24.481201171875,0.0027368505493822705,3.3621307988838947,8.92523312359117e-05,0.19136075675487518,0.0,PlanStatus.OK,20,4.186280158449183,-0.03433128245824483,True,52.680252015744806,4.764784450562468e-06,1.756996443196511e-05,0.0019025400271681617,-0.03433128245824483,4.0,False,7.490799995139241,20,4.186280158449183,-0.03433128245824483,0.1,60,-60.63979721069336,24.481201171875,0.002779010405090872,3.3621307988838947,-38.92159519120897,24.54154690090818,0.0027789998040622615,3.989368846648072,1,"[{""id"": 162, ""x"": -110.2353286743164, ""y"": -2.9390339851379395, ""vx"": -0.019238289445638657, ""vy"": 2.426971435546875, ""r"": 2.5906050205230713}]"
44,2.2,-60.4716682434082,24.481706619262695,0.002638898756281046,3.36281139059879,0.0002979920245707035,0.19115658104419708,0.0,PlanStatus.OK,20,4.354409881154996,-0.03429306857039449,True,52.778674131763744,4.982312576919958e-06,1.7945080344966904e-05,0.0018989064540691888,-0.03429306857039449,4.0,False,7.826199987903237,20,4.354409881154996,-0.03429306857039449,0.1,60,-60.4716682434082,24.481706619262695,0.002779010405093532,3.36281139059879,-38.751458490988504,24.542057927601174,0.0027790037742262855,3.98938018984331,1,"[{""id"": 162, ""x"": -110.23593139648438, ""y"": -2.8362209796905518, ""vx"": -0.016429834067821503, ""vy"": 2.1300079822540283, ""r"": 2.5906050205230713}]"
45,2.25,-60.30350875854492,24.48214340209961,0.0027634897024384937,3.3632931274792335,3.360175833222456e-05,0.19101205468177795,0.0,PlanStatus.OK,20,4.522569930501836,-0.03432360377673566,True,52.87512195880281,4.865159534606615e-06,1.8608776621072826e-05,0.0018957545782420824,-0.03432360377673566,4.0,False,8.222199976444244,20,4.522569930501836,-0.03432360377673566,0.1,60,-60.30350875854492,24.48214340209961,0.0027790104050969258,3.3632931274792335,-38.581877899049886,24.542498661517364,0.00277901278684707,3.989388218791321,1,"[{""id"": 162, ""x"": -110.2367935180664, ""y"": -2.7277441024780273, ""vx"": -0.017588211223483086, ""vy"": 2.1525204181671143, ""r"": 2.5906050205230713}]"
46,2.3000000000000003,-60.13533401489258,24.48264503479004,0.0026618100039598083,3.363628701158697,0.00024937273701652884,0.19091138243675232,0.0,PlanStatus.OK,20,4.690745418797005,-0.03428933178425879,True,52.966280629912625,5.30114027368326e-06,1.903990337468863e-05,0.00189250243724203,-0.03428933178425879,4.0,False,8.232800057157874,20,4.690745418797005,-0.03428933178425879,0.1,60,-60.13533401489258,24.48264503479004,0.002779010405085765,3.363628701158697,-38.41271322804152,24.54300304702665,0.0027790210062318163,3.989393811685985,1,"[{""id"": 162, ""x"": -110.23783874511719, ""y"": -2.6065750122070312, ""vx"": -0.021303297951817513, ""vy"": 2.608363628387451, ""r"": 2.5906050205230713}]"
47,2.35,-59.96714782714844,24.483083724975586,0.002783044430876186,3.363855316737509,-7.894740519986954e-06,0.190843403339386,0.0,PlanStatus.OK,20,4.858932176222128,-0.034318033856822104,True,53.05271689968802,4.5645991091946265e-06,1.7798636832095163e-05,0.0018892745275532977,-0.034318033856822104,4.0,False,8.958699880167842,20,4.858932176222128,-0.034318033856822104,0.1,60,-59.96714782714844,24.483083724975586,0.0027790104050885527,3.363855316737509,-38.24385853812432,24.543443596781543,0.0027790210062506263,3.9893975886123014,1,"[{""id"": 162, ""x"": -110.23894500732422, ""y"": -2.474048614501953, ""vx"": -0.02261100709438324, ""vy"": 2.7344088554382324, ""r"": 2.5906050205230713}]"
48,2.4000000000000004,-59.79895782470703,24.483585357666016,0.002678487270063454,3.364004917106095,0.00021398242097347975,0.19079852104187012,0.0,PlanStatus.OK,20,5.027122923247437,-0.03428380426861941,True,53.13358187255564,4.9951443698514995e-06,1.833313252224203e-05,0.0018866159971222464,-0.03428380426861941,4.0,False,7.37100001424551,20,5.027122923247437,-0.03428380426861941,0.1,60,-59.79895782470703,24.483585357666016,0.002779010405088463,3.364004917106095,-38.075227227416185,24.543946457663107,0.0027790210062723837,3.9894000819517643,1,"[{""id"": 162, ""x"": -110.24019622802734, ""y"": -2.327871084213257, ""vx"": -0.024574879556894302, ""vy"": 3.0541515350341797, ""r"": 2.5906050205230713}]"
49,2.45,-59.63123321533203,24.484270095825195,0.002833181299214505,3.369698702673915,-0.0001142892797361128,0.18909038603305817,0.0,PlanStatus.OK,20,5.194848787854779,-0.03406517658821345,True,53.20905535539505,4.8720155399645925e-06,1.895066553970256e-05,0.0018840140137719205,-0.03406517658821345,4.0,False,6.949299946427345,20,5.194848787854779,-0.03406517658821345,0.1,60,-59.63123321533203,24.484270095825195,0.002779010405084393,3.369698702673915,-37.89070602728909,24.54467787579909,0.0027790210062900427,3.9894949783778864,1,"[{""id"": 162, ""x"": -110.24154663085938, ""y"": -2.1690096855163574, ""vx"": -0.02624328061938286, ""vy"": 3.2026140689849854, ""r"": 2.5906050205230713}]"
50,2.5,-59.46284866333008,24.483896255493164,0.0029913317161475044,3.368351426957691,-0.00044989469461143017,0.1894945651292801,0.0,PlanStatus.OK,20,5.363231650743885,-0.034906957296438154,True,53.27777989052715,4.7872715610473165e-06,1.710797242768583e-05,0.0018810573478474331,-0.034906957296438154,4.0,False,7.338299881666899,20,5.363231650743885,-0.034906957296438154,0.1,60,-59.46284866333008,24.483896255493164,0.0027790104050907176,3.368351426957691,-37.72629592190368,24.544292799547577,0.0027785382238202177,3.989472523782635,1,"[{""id"": 162, ""x"": -110.24303436279297, ""y"": -1.9932760000228882, ""vx"": -0.030158860608935356, ""vy"": 3.697451591491699, ""r"": 2.5906050205230713}]"
51,2.5500000000000003,-59.294437408447266,24.483774185180664,0.003358363428110586,3.367349810479147,-0.0012287599965929985,0.18979506194591522,0.0,PlanStatus.OK,20,5.531641916081343,-0.035497043164815265,True,53.3410521729094,4.900189698020013e-06,1.7921534815551823e-05,0.0018789602559586402,-0.035497043164815265,4.0,False,7.517899852246046,20,5.531641916081343,-0.035497043164815265,0.1,60,-59.294437408447266,24.483774185180664,0.002779010405087332,3.367349810479147,-37.560839413032895,24.544162200609907,0.0027777383961615737,3.9894558301746463,1,"[{""id"": 162, ""x"": -110.24464416503906, ""y"": -1.803016185760498, ""vx"": -0.03197402507066727, ""vy"": 3.922855854034424, ""r"": 2.5906050205230713}]"
52,2.6,-59.1264762878418,24.484079360961914,0.003354815494166166,3.3536450336198693,-0.001221229205839336,0.1939064860343933,0.0,PlanStatus.OK,20,5.6996032361994375,-0.03565863366300217,True,53.39797424332399,5.027742675480237e-06,1.9054816754069878e-05,0.0018774940295324875,-0.03565863366300217,4.0,False,7.988800061866641,20,5.6996032361994375,-0.03565863366300217,0.1,60,-59.1264762878418,24.484079360961914,0.0027790104050812807,3.3536450336198693,-37.43330721882503,24.54435477909533,0.0027771217860765333,3.989227417226992,1,"[{""id"": 162, ""x"": -110.24637603759766, ""y"": -1.5966583490371704, ""vx"": -0.034478504210710526, ""vy"": 4.280766010284424, ""r"": 2.5906050205230713}]"
53,2.6500000000000004,-58.95790481567383,24.484420776367188,0.0032820521595351817,3.3679500672682954,-0.0010668225586414337,0.18961498141288757,0.0,PlanStatus.OK,20,5.868175006233355,-0.035785680848260254,True,53.450321681174394,5.152328508782817e-06,1.879108538917207e-05,0.0018753281522677938,-0.035785680848260254,4.0,False,8.604099974036217,20,5.868175006233355,-0.035785680848260254,0.1,60,-58.95790481567383,24.484420776367188,0.0027790104051072808,3.3679500672682954,-37.222536044825034,24.544813063965158,0.002777092470204112,3.9894658344544602,1,"[{""id"": 162, ""x"": -110.24822235107422, ""y"": -1.3760391473770142, ""vx"": -0.036188483238220215, ""vy"": 4.460948467254639, ""r"": 2.5906050205230713}]"
54,2.7,-58.78965377807617,24.48518943786621,0.0030848791505514155,3.3576046215335036,-0.000648407032713294,0.19271861016750336,0.0,PlanStatus.OK,20,6.036427530254113,-0.03548459309970128,True,53.49643284423455,4.787088518206332e-06,1.8042800141409958e-05,0.0018737034806497038,-0.03548459309970128,4.0,False,7.621399825438857,20,6.036427530254113,-0.03548459309970128,0.1,60,-58.789653780541606,24.48518943785936,0.0027790104051155762,3.3576046215335036,-37.08480394391091,24.545496648638412,0.0027770924702266555,3.9892934103588913,1,"[{""id"": 162, ""x"": -110.25019073486328, ""y"": -1.1384843587875366, ""vx"": -0.0400526225566864, ""vy"": 4.918333530426025, ""r"": 2.5906050205230713}]"
55,2.75,-58.621273040771484,24.485763549804688,0.0030238155195140156,3.372702956487289,-0.0005188280483707786,0.18818911910057068,0.0,PlanStatus.OK,20,6.204809212826516,-0.03537841459681452,True,53.53789568259761,4.900882166470816e-06,1.8700390773170733e-05,0.0018724283389263097,-0.03537841459681452,4.0,False,7.174700032919645,20,6.204809212826516,-0.03537841459681452,0.1,60,-58.621273054591676,24.485763549766286,0.002779010405133684,3.372702956487289,-36.87188327476825,24.546194129457863,0.002777092470250924,3.989545049274775,1,"[{""id"": 162, ""x"": -110.25226593017578, ""y"": -0.8868391513824463, ""vx"": -0.04146936908364296, ""vy"": 5.133852005004883, ""r"": 2.5906050205230713}]"
56,2.8000000000000003,-58.452972412109375,24.486297607421875,0.002854591657962521,3.3613601267334374,-0.00015972233086358756,0.19159196317195892,0.0,PlanStatus.OK,20,6.373110675754445,-0.03531206763807753,True,53.57565100893299,4.821302166998008e-06,1.8585497892709482e-05,0.0018710424383167825,-0.03531206763807753,4.0,False,7.031499873846769,20,6.373110675754445,-0.03531206763807753,0.1,60,-58.45297243723907,24.486297607352057,0.002779010405161281,3.3613601267334374,-36.73704386137799,24.546635111029925,0.002777523303059179,3.989356002112217,1,"[{""id"": 162, ""x"": -110.25440979003906, ""y"": -0.6231611967086792, ""vx"": -0.04332072660326958, ""vy"": 5.351510047912598, ""r"": 2.5906050205230713}]"
57,2.85,-58.28449249267578,24.486772537231445,0.0028233762370800247,3.3752029240257877,-9.348303865408525e-05,0.18743912875652313,0.0,PlanStatus.OK,20,6.541591264444954,-0.03530534650891681,True,53.615890032304556,5.052414312828059e-06,1.8520664823002374e-05,0.001869571941353077,-0.03530534650891681,4.0,False,7.479800144210458,20,6.541591264444954,-0.03530534650891681,0.1,60,-58.28449252914602,24.486772537130133,0.0027790104051764256,3.3752029240257877,-36.527727847781804,24.547223527281226,0.0027785350998631507,3.989586715400439,1,"[{""id"": 162, ""x"": -110.25666046142578, ""y"": -0.3608034551143646, ""vx"": -0.04147739335894585, ""vy"": 5.181128978729248, ""r"": 2.5906050205230713}]"
58,2.9000000000000004,-58.116111755371094,24.48727035522461,0.0026823561357251745,3.36301315903517,0.00020577257964760065,0.19109605252742767,0.0,PlanStatus.OK,20,6.709972734995963,-0.03527546165672508,True,53.656871784085816,4.852774332149259e-06,1.773808179753207e-05,0.0018681729229088942,-0.03527546165672508,4.0,False,7.331199944019318,20,6.709972734995963,-0.03527546165672508,0.1,60,-58.11611180313952,24.487270355091926,0.0027787427862352877,3.36301315903517,-36.39530677844568,24.547621414129527,0.0027790210062104263,3.989383552650578,1,"[{""id"": 162, ""x"": -110.25875091552734, ""y"": -0.0968051478266716, ""vx"": -0.04289589822292328, ""vy"": 5.3615336418151855, ""r"": 2.5906050205230713}]"
59,2.95,-57.94757080078125,24.487733840942383,0.002675962988663033,3.376153995121781,0.00021913139789830893,0.18715380132198334,0.0,PlanStatus.OK,20,6.878514326803829,-0.03528035419227818,True,53.68729024895262,5.269125657671849e-06,1.8474196970524187e-05,0.001867009180319842,-0.03528035419227818,4.0,False,7.220100145787001,20,6.878514326803829,-0.03528035419227818,0.1,60,-57.9475708598977,24.487733840778198,0.0027777872857186,3.376153995121781,-36.18800050725229,24.548192631540534,0.002779021006195816,3.9896025665853543,1,"[{""id"": 162, ""x"": -110.26089477539062, ""y"": 0.196670800447464, ""vx"": -0.04879046231508255, ""vy"": 6.199123382568359, ""r"": 2.5906050205230713}]"
60,3.0,-57.77915573120117,24.488237380981445,0.0025565691077461174,3.3635137305412086,0.0004695534298662096,0.19094587862491608,0.0,PlanStatus.OK,20,7.046930212623115,-0.035244753214725144,True,53.705398479180275,4.578825533911139e-06,1.7951300225905326e-05,0.0018664672834161691,-0.035244753214725144,4.0,False,7.510599913075566,20,7.046930212623115,-0.035244753214725144,0.1,60,-57.77915572804638,24.488237380990206,0.002777103063927098,3.3635137305412086,-36.05687400732314,24.548592636891424,0.002779021006197025,3.989391895509018,1,"[{""id"": 162, ""x"": -110.26356506347656, ""y"": 0.5254412889480591, ""vx"": -0.05326731503009796, ""vy"": 6.78761625289917, ""r"": 2.5906050205230713}]"
61,3.0500000000000003,-57.610599517822266,24.488704681396484,0.002568437859651084,3.376337615093061,0.00044084686669521034,0.18709871172904968,0.0,PlanStatus.OK,20,7.215487073764024,-0.03524555197658956,True,53.71586136866333,5.425760139672394e-06,1.8967767859033244e-05,0.001866425766792362,-0.03524555197658956,4.0,False,7.540500024333596,20,7.215487073764024,-0.03524555197658956,0.1,60,-57.61059950333616,24.48870468143672,0.0027771030639575406,3.376337615093061,-35.85048748164852,24.549165392093236,0.0027790210062068215,3.9896056269182076,1,"[{""id"": 162, ""x"": -110.26642608642578, ""y"": 0.879380464553833, ""vx"": -0.057231221348047256, ""vy"": 7.247254371643066, ""r"": 2.5906050205230713}]"
62,3.1,-57.44216537475586,24.489213943481445,0.002464467166441685,3.3635024303381966,0.000661436642985791,0.19094927608966827,0.0,PlanStatus.OK,20,7.383921981594884,-0.03520405022893969,True,53.72238852200531,4.964164479705148e-06,1.9145730864927532e-05,0.0018660817299645017,-0.03520405022893969,4.0,False,7.6135999988764524,20,7.383921981594884,-0.03520405022893969,0.1,60,-57.442165348977106,24.489213943553054,0.002777103063983523,3.3635024303381966,-35.71991698834721,24.549569750826056,0.0027790153590533523,3.9893917071723024,1,"[{""id"": 162, ""x"": -110.2696533203125, ""y"": 1.2503211498260498, ""vx"": -0.06875436753034592, ""vy"": 7.523995399475098, ""r"": 2.5906050205230713}]"
63,3.1500000000000004,-57.27362060546875,24.48968505859375,0.0024894673311004786,3.3762106005211203,0.0006083898479118943,0.18713681399822235,0.0,PlanStatus.OK,20,7.5524674092819195,-0.03520100252686374,True,53.7256929905362,5.25070445954554e-06,1.830066742029412e-05,0.00186569106723417,-0.03520100252686374,4.0,False,7.932599866762757,20,7.5524674092819195,-0.03520100252686374,0.1,60,-57.273620568376074,24.4896850586968,0.002777103063986701,3.3762106005211203,-35.51388326259855,24.55014536769734,0.002779004409963376,3.989603510008688,1,"[{""id"": 162, ""x"": -110.27317810058594, ""y"": 1.6375963687896729, ""vx"": -0.07419740408658981, ""vy"": 7.887917518615723, ""r"": 2.5906050205230713}]"
64,3.2,-57.10520553588867,24.49019432067871,0.0023969274246324035,3.363311690796842,0.0008047603769227862,0.19100649654865265,0.0,PlanStatus.OK,20,7.720883243700003,-0.03515944781023345,True,53.72690817058379,4.8818680274420165e-06,1.7533025713730756e-05,0.0018654819392133976,-0.03515944781023345,4.0,False,7.5379000045359135,20,7.720883243700003,-0.03515944781023345,0.1,60,-57.10520548754568,24.490194320813032,0.0027774325044489924,3.363311690796842,-35.383519830689046,24.550549203458775,0.002778999804055017,3.989388528179953,1,"[{""id"": 162, ""x"": -110.27689361572266, ""y"": 2.0384035110473633, ""vx"": -0.07680945098400116, ""vy"": 8.095084190368652, ""r"": 2.5906050205230713}]"
65,3.25,-56.93666458129883,24.490671157836914,0.0024317531972973686,3.375997862135139,0.0007312703528441489,0.1872006356716156,0.0,PlanStatus.OK,20,7.889424872595173,-0.035150667490522605,True,53.727238323475284,5.102352122434472e-06,1.8893772666542588e-05,0.0018658557874210128,-0.035150667490522605,4.0,False,7.390700047835708,20,7.889424872595173,-0.035150667490522605,0.1,60,-56.9366645216682,24.490671158002616,0.002778387604134764,3.375997862135139,-35.177554815989765,24.551130362021347,0.0027789998040539973,3.9895999643689146,1,"[{""id"": 162, ""x"": -110.28073120117188, ""y"": 2.4507076740264893, ""vx"": -0.07936669141054153, ""vy"": 8.334662437438965, ""r"": 2.5906050205230713}]"
66,3.3000000000000003,-56.768245697021484,24.491188049316406,0.002347620973614458,3.3630948377298586,0.0009127433877438307,0.191071555018425,0.0,PlanStatus.OK,20,8.05784447593277,-0.03510160433116308,True,53.72881852713519,5.223174223780431e-06,1.8856852061384377e-05,0.0018659148838421457,-0.03510160433116308,4.0,False,8.059500018134713,20,8.05784447593277,-0.03510160433116308,0.1,60,-56.768245697021484,24.491188049316406,0.0027790104050930183,3.3630948377298586,-35.04719977430363,24.55154168293802,0.0027789998040619037,3.989384913962157,1,"[{""id"": 162, ""x"": -110.28467559814453, ""y"": 2.868894338607788, ""vx"": -0.0806901603937149, ""vy"": 8.37276554107666, ""r"": 2.5906050205230713}]"
67,3.35,-56.59971237182617,24.49166488647461,0.002389763937419011,3.3757952791748953,0.0008266707300208509,0.1872614175081253,0.0,PlanStatus.OK,20,8.22637847547931,-0.035093124275721296,True,53.73341288970043,5.325098666411567e-06,1.92570309619439e-05,0.001865876150346831,-0.035093124275721296,4.0,False,8.051300188526511,20,8.22637847547931,-0.035093124275721296,0.1,60,-56.59971237182617,24.49166488647461,0.002779010405093244,3.3757952791748953,-34.84120029143684,24.55212263702244,0.0027789998040618656,3.989596587986247,1,"[{""id"": 162, ""x"": -110.28865051269531, ""y"": 3.2888309955596924, ""vx"": -0.08040844649076462, ""vy"": 8.410271644592285, ""r"": 2.5906050205230713}]"
68,3.4000000000000004,-56.43130874633789,24.49217987060547,0.0023120755752916566,3.362909154091743,0.0009915323462337255,0.1911272555589676,0.0,PlanStatus.OK,20,8.394782881830343,-0.03504613695855334,True,53.742627285387066,5.134358806358875e-06,1.8329474407684232e-05,0.001865044787098843,-0.03504613695855334,4.0,False,8.06259992532432,20,8.394782881830343,-0.03504613695855334,0.1,60,-56.43130874633789,24.49217987060547,0.00277901040509191,3.362909154091743,-34.710810595859975,24.55253197961528,0.002779002869622383,3.989381819234858,1,"[{""id"": 162, ""x"": -110.29261779785156, ""y"": 3.7055134773254395, ""vx"": -0.0796598345041275, ""vy"": 8.278834342956543, ""r"": 2.5906050205230713}]"
69,3.45,-56.262786865234375,24.492660522460938,0.002359664755540286,3.3756341046302083,0.0008905432187020779,0.18730977177619934,0.0,PlanStatus.OK,20,8.563305447930347,-0.035033810417365654,True,53.75695038276018,5.413139503192743e-06,1.8864240402564555e-05,0.0018645694160427558,-0.035033810417365654,4.0,False,7.665500044822693,20,8.563305447930347,-0.035033810417365654,0.1,60,-56.262786865234375,24.492660522460938,0.0027790104050823866,3.3756341046302083,-34.50475026938781,24.55311695146958,0.0027790083448849885,3.9895939017438455,1,"[{""id"": 162, ""x"": -110.29656219482422, ""y"": 4.117889881134033, ""vx"": -0.07988672703504562, ""vy"": 8.231193542480469, ""r"": 2.5906050205230713}]"
70,3.5,-56.094398498535156,24.493175506591797,0.0022864483714347982,3.362770336372694,0.0010459149489179254,0.1911689043045044,0.0,PlanStatus.OK,20,8.73169459555124,-0.03498678069591641,True,53.77657218068674,4.852060674600796e-06,1.7269694338470712e-05,0.0018636296779276343,-0.03498678069591641,4.0,False,8.990000002086163,20,8.73169459555124,-0.03498678069591641,0.1,60,-56.094398498535156,24.493175506591797,0.0027790104050918712,3.362770336372694,-34.37430988118933,24.553526477501862,0.0027790104051306167,3.989379505606211,1,"[{""id"": 162, ""x"": -110.30044555664062, ""y"": 4.52441930770874, ""vx"": -0.07722436636686325, ""vy"": 8.06662368774414, ""r"": 2.5906050205230713}]"
71,3.5500000000000003,-55.92587661743164,24.493656158447266,0.0023377761201082217,3.375517904249379,0.0009369923500344157,0.18734462559223175,0.0,PlanStatus.OK,20,8.900217161651243,-0.034974454154728725,True,53.80127587307574,5.253353406379845e-06,1.8413478019944918e-05,0.001863232696675742,-0.034974454154728725,4.0,False,7.993799867108464,20,8.900217161651243,-0.034974454154728725,0.1,60,-55.92587661743164,24.493656158447266,0.002779010405091121,3.375517904249379,-34.16818283380033,24.554111634774763,0.0027790104051465384,3.9895919650708134,1,"[{""id"": 162, ""x"": -110.30428314208984, ""y"": 4.926070690155029, ""vx"": -0.0767461359500885, ""vy"": 8.016210556030273, ""r"": 2.5906050205230713}]"
72,3.6,-55.757484436035156,24.494176864624023,0.00226774408604052,3.362672946386306,0.0010856067528948188,0.19119811058044434,0.0,PlanStatus.OK,20,9.068610139856276,-0.03492171301054651,True,53.830808804400746,5.073529073087649e-06,1.8694966585144912e-05,0.0018622663946474749,-0.03492171301054651,4.0,False,8.212599903345108,20,9.068610139856276,-0.03492171301054651,0.1,60,-55.757484436035156,24.494176864624023,0.00277901040509864,3.362672946386306,-34.037683140405605,24.55452703706202,0.0027790104051638948,3.9893778824397788,1,"[{""id"": 162, ""x"": -110.3080825805664, ""y"": 5.3226318359375, ""vx"": -0.07551661133766174, ""vy"": 7.881168842315674, ""r"": 2.5906050205230713}]"
73,3.6500000000000004,-55.58896255493164,24.494657516479492,0.0023217893513379903,3.375438138743588,0.0009709173464216292,0.18736855685710907,0.0,PlanStatus.OK,20,9.237132705956279,-0.03490938646935882,True,53.86441484237516,5.108810497186355e-06,1.7903146783365513e-05,0.0018609181192269554,-0.03490938646935882,4.0,False,8.11329996213317,20,9.237132705956279,-0.03490938646935882,0.1,60,-55.58896255493164,24.494657516479492,0.0027790104050913287,3.375438138743588,-33.831504100969575,24.555112338821747,0.00277901040520598,3.9895906356457265,1,"[{""id"": 162, ""x"": -110.31185150146484, ""y"": 5.71677827835083, ""vx"": -0.07567275315523148, ""vy"": 7.890550136566162, ""r"": 2.5906050205230713}]"
74,3.7,-55.420570373535156,24.495180130004883,0.0022540782205484004,3.3626065157449885,0.001114606624469161,0.1912180483341217,0.0,PlanStatus.OK,20,9.405525689461847,-0.03485473798391179,True,53.89964853291119,5.288032547781059e-06,1.8877004518062616e-05,0.0018597502559142178,-0.03485473798391179,4.0,False,8.187700062990189,20,9.405525689461847,-0.03485473798391179,0.1,60,-55.420570373535156,24.495180130004883,0.0027790104050960723,3.3626065157449885,-33.70096505251328,24.555529519000224,0.0027784117530477827,3.989376775262414,1,"[{""id"": 162, ""x"": -110.31359100341797, ""y"": 6.109377384185791, ""vx"": 0.005629959981888533, ""vy"": 7.832068920135498, ""r"": 2.5906050205230713}]"
75,3.75,-55.25205612182617,24.49566078186035,0.002310106292501219,3.3753840925252625,0.0009957095608115196,0.18738476932048798,0.0,PlanStatus.OK,20,9.57404062619678,-0.03484239024058345,True,53.93591622529639,4.979378070144195e-06,1.9278690712252328e-05,0.001858764003789944,-0.03484239024058345,4.0,False,8.556599961593747,20,9.57404062619678,-0.03484239024058345,0.1,60,-55.25205612182617,24.49566078186035,0.0027790104050905273,3.3753840925252625,-33.494757080038234,24.556114529055517,0.002777425942971082,3.989589734875423,1,"[{""id"": 162, ""x"": -110.31354522705078, ""y"": 6.503599166870117, ""vx"": 0.03351167216897011, ""vy"": 7.924806118011475, ""r"": 2.5906050205230713}]"
76,3.8000000000000003,-55.08366012573242,24.496183395385742,0.0022440952675754815,3.362563424752903,0.0011357910698279738,0.19123096764087677,0.0,PlanStatus.OK,20,9.742437424384882,-0.03478775235620496,True,53.973712201179026,5.009037979664049e-06,1.7827699604179917e-05,0.0018569270981756913,-0.03478775235620496,4.0,False,7.651499938219786,20,9.742437424384882,-0.03478775235620496,0.1,60,-55.08366012573242,24.496183395385742,0.002779010405096922,3.362563424752903,-33.3641818984038,24.5565317888198,0.0027771030639350226,3.989376057079208,1,"[{""id"": 162, ""x"": -110.31268310546875, ""y"": 6.900243759155273, ""vx"": 0.045535530894994736, ""vy"": 7.9389190673828125, ""r"": 2.5906050205230713}]"
77,3.85,-54.9151496887207,24.49666404724121,0.0023015740341142824,3.3753502907943584,0.0010138156358152628,0.187394917011261,0.0,PlanStatus.OK,20,9.910948546437279,-0.0347753940118081,True,54.012924520964155,4.865318478178492e-06,1.6769050772929943e-05,0.0018556009500744785,-0.0347753940118081,4.0,False,7.407200057059526,20,9.910948546437279,-0.0347753940118081,0.1,60,-54.9151496887207,24.49666404724121,0.002779010405109633,3.3753502907943584,-33.157950337443886,24.557116874984033,0.0027771030639581157,3.9895891715132445,1,"[{""id"": 162, ""x"": -110.31119537353516, ""y"": 7.301095962524414, ""vx"": 0.05653933063149452, ""vy"": 8.067630767822266, ""r"": 2.5906050205230713}]"
78,3.9000000000000004,-54.746761322021484,24.4971866607666,0.0022368072047603163,3.3625362905408687,0.0011512568453326821,0.1912391185760498,0.0,PlanStatus.OK,20,10.079337715260312,-0.03472073492528856,True,54.05389878662194,4.802900562700943e-06,1.897700664602129e-05,0.0018547119562172506,-0.03472073492528856,4.0,False,7.509900024160743,20,10.079337715260312,-0.03472073492528856,0.1,60,-54.746761327275514,24.497186660752,0.0027790104051284388,3.3625362905408687,-33.02736311615015,24.557534189386,0.0027771030639751307,3.989375604842357,1,"[{""id"": 162, ""x"": -110.30921936035156, ""y"": 7.704995632171631, ""vx"": 0.06107741594314575, ""vy"": 8.080398559570312, ""r"": 2.5906050205230713}]"
79,3.95,-54.578250885009766,24.49766731262207,0.0022953478547689215,3.3753288715585,0.001027027959935367,0.18740133941173553,0.0,PlanStatus.OK,20,10.24784883731271,-0.034708376580888205,True,54.09698370556234,4.885255664094938e-06,1.7786307794065946e-05,0.0018527218771460796,-0.034708376580888205,4.0,False,7.3564001359045506,20,10.24784883731271,-0.034708376580888205,0.1,60,-54.57825090141744,24.497667312576482,0.0027790104051456876,3.3753288715585,-32.821114696471106,24.55811933203436,0.002777127290945019,3.9895888145259737,1,"[{""id"": 162, ""x"": -110.30681610107422, ""y"": 8.11185073852539, ""vx"": 0.06678443402051926, ""vy"": 8.170771598815918, ""r"": 2.5906050205230713}]"
80,4.0,-54.40986251831055,24.49818992614746,0.0022314845236207108,3.3625198721167844,0.0011625519255176187,0.19124403595924377,0.0,PlanStatus.OK,20,10.416238006135742,-0.03465371749436558,True,54.14275664368097,4.857477532997728e-06,1.8320315332970294e-05,0.0018513710670482325,-0.03465371749436558,4.0,False,8.385100169107318,20,10.416238006135742,-0.03465371749436558,0.1,60,-54.409862545822264,24.498189926071028,0.0027790104051588047,3.3625198721167844,-32.690512732214174,24.558536936483872,0.0027777517101439764,3.989375331201958,1,"[{""id"": 162, ""x"": -110.3040771484375, ""y"": 8.519312858581543, ""vx"": 0.06881508231163025, ""vy"": 8.130329132080078, ""r"": 2.5906050205230713}]"
81,4.05,-54.24135208129883,24.49867057800293,0.0022908007152670712,3.37531626378934,0.0010366772767156363,0.18740512430667877,0.0,PlanStatus.OK,20,10.58474912818814,-0.03464135914995454,True,54.19159887815117,5.222729549736117e-06,1.896057362351343e-05,0.0018499635663677665,-0.03464135914995454,4.0,False,7.294100010767579,20,10.58474912818814,-0.03464135914995454,0.1,60,-54.24135211993472,24.498670577895602,0.002779010405201749,3.37531626378934,-32.484253085535606,24.55912249405586,0.002778737764820521,3.9895886043964763,1,"[{""id"": 162, ""x"": -110.30106353759766, ""y"": 8.92697811126709, ""vx"": 0.07198728621006012, ""vy"": 8.167098999023438, ""r"": 2.5906050205230713}]"
82,4.1000000000000005,-54.072967529296875,24.49919319152832,0.0022275995333508277,3.3625103596217314,0.0011707961093634367,0.191246896982193,0.0,PlanStatus.OK,20,10.753134482328635,-0.03458668946235271,True,54.2438385797608,4.807492051887514e-06,1.848932594995193e-05,0.0018480201342796641,-0.03458668946235271,4.0,False,7.254900177940726,20,10.753134482328635,-0.03458668946235271,0.1,60,-54.07296757897989,24.499193191390322,0.002778498969238886,3.3625103596217314,-32.3536458049526,24.559540123880655,0.0027790104050854814,3.989375172660353,1,"[{""id"": 162, ""x"": -110.29782104492188, ""y"": 9.332905769348145, ""vx"": 0.0728338360786438, ""vy"": 8.084407806396484, ""r"": 2.5906050205230713}]"
83,4.15,-53.90446090698242,24.499671936035156,0.0022874774855396267,3.3753098467617013,0.0010427320376038551,0.18740704655647278,0.0,PlanStatus.OK,20,10.921641784397963,-0.034576227858137895,True,54.29961090231007,4.9261673447392925e-06,1.8396804937880623e-05,0.0018460298738289286,-0.034576227858137895,4.0,False,8.51790001615882,20,10.921641784397963,-0.034576227858137895,0.1,60,-53.90446096776319,24.499671935866353,0.00277754449660031,3.3753098467617013,-32.14738084137759,24.560123799480873,0.002779010405092554,3.9895884974460327,1,"[{""id"": 162, ""x"": -110.2944107055664, ""y"": 9.737462043762207, ""vx"": 0.07497415691614151, ""vy"": 8.096927642822266, ""r"": 2.5906050205230713}]"
84,4.2,-53.736083984375,24.500194549560547,0.00222472103071948,3.362505364856704,0.001172938384115696,0.19124838709831238,0.0,PlanStatus.OK,20,11.090019575017575,-0.03452136527144318,True,54.35897858820254,4.647850335681257e-06,1.8467944445056325e-05,0.0018441971057748855,-0.03452136527144318,4.0,False,7.524200016632676,20,11.090019575017575,-0.03452136527144318,0.1,60,-53.7360839784478,24.50019454957701,0.0027771030639290543,3.362505364856704,-32.01677692916387,24.56054161284475,0.002779010405091562,3.98937508941427,1,"[{""id"": 162, ""x"": -110.2908935546875, ""y"": 10.13957405090332, ""vx"": 0.07516512274742126, ""vy"": 8.006590843200684, ""r"": 2.5906050205230713}]"
85,4.25,-53.56757736206055,24.500675201416016,0.0022848455333685717,3.3753065012747054,0.001042610383592546,0.18740804493427277,0.0,PlanStatus.OK,20,11.258526882363538,-0.034508674925043656,True,54.42178504108274,4.916501133731141e-06,1.830951086138205e-05,0.0018419193384233477,-0.034508674925043656,4.0,False,8.057599887251854,20,11.258526882363538,-0.034508674925043656,0.1,60,-53.567577345044455,24.50067520146328,0.0027771030639502465,3.3753065012747054,-31.810507101154574,24.561127530714106,0.0027790104050882864,3.9895884416879013,1,"[{""id"": 162, ""x"": -110.28724670410156, ""y"": 10.540502548217773, ""vx"": 0.07668541371822357, ""vy"": 8.029284477233887, ""r"": 2.5906050205230713}]"
86,4.3,-53.39919662475586,24.501195907592773,0.002222156437798653,3.3625024819394524,0.0011756356107071042,0.19124925136566162,0.0,PlanStatus.OK,20,11.426908416420002,-0.03445558081660988,True,54.48794114894896,4.442629672359973e-06,1.713328197479585e-05,0.0018394606322285607,-0.03445558081660988,4.0,False,7.33110005967319,20,11.426908416420002,-0.03445558081660988,0.1,60,-53.3991965967002,24.50119590767071,0.0027771030639843043,3.3625024819394524,-31.67989807602829,24.56154358980177,0.0027790104050956837,3.9893750413656623,1,"[{""id"": 162, ""x"": -110.28355407714844, ""y"": 10.939845085144043, ""vx"": 0.07594293355941772, ""vy"": 7.960175037384033, ""r"": 2.5906050205230713}]"
87,4.3500000000000005,-53.23069381713867,24.501676559448242,0.0022824013548603138,3.3753038678167315,0.0010477971518412232,0.18740883469581604,0.0,PlanStatus.OK,20,11.59541190908341,-0.034442879876410745,True,54.55376051721236,5.159320527605941e-06,1.8730336556228855e-05,0.0018375682853396733,-0.034442879876410745,4.0,False,8.277999935671687,20,11.59541190908341,-0.034442879876410745,0.1,60,-53.23069377802367,24.501676559556913,0.00277710306400842,3.3753038678167315,-31.473631326814232,24.56212950970894,0.0027790104050904236,3.989588397796946,1,"[{""id"": 162, ""x"": -110.27619171142578, ""y"": 11.339081764221191, ""vx"": 0.23934993147850037, ""vy"": 8.00165843963623, ""r"": 2.5906050205230713}]"
88,4.4,-53.062313079833984,24.502199172973633,0.0022199835168115814,3.3625008187457777,0.0011802467051893473,0.1912497580051422,0.0,PlanStatus.OK,20,11.763793448436772,-0.034387878426693906,True,54.618610865176166,4.945883054343823e-06,1.9021558719579425e-05,0.0018355013161795537,-0.034387878426693906,4.0,False,8.410300128161907,20,11.763793448436772,-0.034387878426693906,0.1,60,-53.062313029737446,24.502199173112828,0.0027776747670764093,3.3625008187457777,-31.34301943942301,24.562547484099532,0.002779010405089505,3.989375013645756,1,"[{""id"": 162, ""x"": -110.26470184326172, ""y"": 11.737916946411133, ""vx"": 0.2957185208797455, ""vy"": 7.959333419799805, ""r"": 2.5906050205230713}]"
89,4.45,-52.89380645751953,24.50267791748047,0.0022805272592729005,3.375302446368456,0.0010529709979891777,0.18740926682949066,0.0,PlanStatus.OK,20,11.932300750485838,-0.034377095421559783,True,54.684303512869484,5.222149542037124e-06,1.8272417785726754e-05,0.001833031032887037,-0.034377095421559783,4.0,False,8.131899870932102,20,11.932300750485838,-0.034377095421559783,0.1,60,-52.89380639638992,24.50267791765034,0.002778629018466825,3.375302446368456,-31.13674816236189,24.5631314986472,0.00277901040509175,3.9895883741061318,1,"[{""id"": 162, ""x"": -110.25112915039062, ""y"": 12.138114929199219, ""vx"": 0.34022945165634155, ""vy"": 8.033247947692871, ""r"": 2.5906050205230713}]"
90,4.5,-52.72542953491211,24.50320053100586,0.0022184277521982167,3.3624996421966973,0.001187721500173211,0.19125010073184967,0.0,PlanStatus.OK,20,12.100678409692538,-0.03432227540521867,True,54.751265446092084,4.600079267667998e-06,1.6651686928974112e-05,0.0018306004159499396,-0.03432227540521867,4.0,False,7.8362999483942986,20,12.100678409692538,-0.03432227540521867,0.1,60,-52.7254295349121,24.50320053100586,0.0027790104050847675,3.3624996421966973,-31.006139432148238,24.563549282829864,0.0027790104050972567,3.989374994036622,1,"[{""id"": 162, ""x"": -110.23601531982422, ""y"": 12.539093017578125, ""vx"": 0.3599190413951874, ""vy"": 8.006866455078125, ""r"": 2.5906050205230713}]"
91,4.55,-52.556922912597656,24.503679275512695,0.0022793980165528686,3.3753012863643566,0.0010608745506033301,0.18740960955619812,0.0,PlanStatus.OK,20,12.269185711761864,-0.034311813801018054,True,54.81971497109882,5.396515607961111e-06,1.906389816326657e-05,0.0018288463926716145,-0.034311813801018054,4.0,False,7.905300008133054,20,12.269185711761864,-0.034311813801018054,0.1,60,-52.556922912597656,24.503679275512695,0.002779010405093779,3.3753012863643566,-30.799868107335175,24.56413297610806,0.002779010405087353,3.9895883547727498,1,"[{""id"": 162, ""x"": -110.21952819824219, ""y"": 12.9417724609375, ""vx"": 0.3841119706630707, ""vy"": 8.081765174865723, ""r"": 2.5906050205230713}]"
92,4.6000000000000005,-52.38854217529297,24.504201889038086,0.0022177910902501197,3.3624982521049605,0.001191610237583518,0.1912505179643631,0.0,PlanStatus.OK,20,12.437567251219827,-0.034257133512361815,True,54.88994382374874,4.959431137012207e-06,1.883887004049036e-05,0.0018264787494041796,-0.034257133512361815,4.0,False,8.04049987345934,20,12.437567251219827,-0.034257133512361815,0.1,60,-52.38854217529297,24.504201889038086,0.0027790104050912146,3.3624982521049605,-30.669256185004336,24.56455062943345,0.0027790104050994698,3.9893749708684116,1,"[{""id"": 162, ""x"": -110.20194244384766, ""y"": 13.344910621643066, ""vx"": 0.39378097653388977, ""vy"": 8.045358657836914, ""r"": 2.5906050205230713}]"
93,4.65,-52.22004318237305,24.504684448242188,0.0022790978907815842,3.375300120505589,0.0010615114588290453,0.18740996718406677,0.0,PlanStatus.OK,20,12.606066934525153,-0.03424283602348739,True,54.95745241049017,5.490029844264542e-06,1.8959201012135572e-05,0.0018242717979268857,-0.03424283602348739,4.0,False,8.421099977567792,20,12.606066934525153,-0.03424283602348739,0.1,60,-52.22004318237305,24.504684448242188,0.002779010405083062,3.375300120505589,-30.462991841525195,24.565138139209893,0.0027790104051194594,3.989588335341772,1,"[{""id"": 162, ""x"": -110.17840576171875, ""y"": 13.748212814331055, ""vx"": 0.664206326007843, ""vy"": 8.062690734863281, ""r"": 2.5906050205230713}]"
94,4.7,-52.05166244506836,24.505205154418945,0.0022176171005265587,3.3624973064165427,0.001191979506984353,0.19125080108642578,0.0,PlanStatus.OK,20,12.774448468682579,-0.03419006307609597,True,55.016412445607294,5.228956984997098e-06,1.8650568354206844e-05,0.0018220900039461903,-0.03419006307609597,4.0,False,7.8292000107467175,20,12.774448468682579,-0.03419006307609597,0.1,60,-52.05166244506836,24.505205154418945,0.0027790104050894144,3.3624973064165427,-30.332379269636615,24.565553886991793,0.002779010405141578,3.989374955106954,1,"[{""id"": 162, ""x"": -110.14273834228516, ""y"": 14.148805618286133, ""vx"": 0.9289553761482239, ""vy"": 7.966933250427246, ""r"": 2.5906050205230713}]"
95,4.75,-51.88316345214844,24.505687713623047,0.002278964992801406,3.3752989312084227,0.001061793533153832,0.18741032481193542,0.0,PlanStatus.OK,20,12.942948151987904,-0.034175765587221546,True,55.069684426572024,5.379008404416164e-06,1.851979078421398e-05,0.0018201217509062405,-0.034175765587221546,4.0,False,7.917199982330203,20,12.942948151987904,-0.034175765587221546,0.1,60,-51.88316345214844,24.505687713623047,0.002779010405091627,3.3752989312084227,-30.126115644759917,24.566141394771236,0.0027790104051722965,3.9895883155201277,1,"[{""id"": 162, ""x"": -110.09795379638672, ""y"": 14.547978401184082, ""vx"": 1.1279693841934204, ""vy"": 7.97908353805542, ""r"": 2.5906050205230713}]"
96,4.800000000000001,-51.71478271484375,24.506208419799805,0.0022175076092356485,3.362496115244947,0.0011922118719667196,0.19125115871429443,0.0,PlanStatus.OK,20,13.111329686145332,-0.03412299263983012,True,55.1197292597959,5.22596155214776e-06,1.8543983536438262e-05,0.0018185446667656853,-0.03412299263983012,4.0,False,7.846600143238902,20,13.111329686145332,-0.03412299263983012,0.1,60,-51.71478271484375,24.506208419799805,0.0027790104050999177,3.362496115244947,-29.99550307834296,24.56655714253794,0.0027790104051977084,3.989374935254087,1,"[{""id"": 162, ""x"": -110.04682159423828, ""y"": 14.945619583129883, ""vx"": 1.2224044799804688, ""vy"": 7.9108428955078125, ""r"": 2.5906050205230713}]"
97,4.8500000000000005,-51.54628372192383,24.506690979003906,0.002278873446638934,3.375297501245794,0.0010619877139106393,0.18741075694561005,0.0,PlanStatus.OK,20,13.279829369450658,-0.034108695150959246,True,55.16754747617857,5.283368653506874e-06,1.8524737441048128e-05,0.0018172198862626942,-0.034108695150959246,4.0,False,8.11040005646646,20,13.279829369450658,-0.034108695150959246,0.1,60,-51.54628372192383,24.506690979003906,0.0027790104050855326,3.375297501245794,-29.789243308205236,24.567144559191647,0.0027788088463692106,3.989588291687417,1,"[{""id"": 162, ""x"": -109.99041748046875, ""y"": 15.34316349029541, ""vx"": 1.3241078853607178, ""vy"": 7.950432777404785, ""r"": 2.5906050205230713}]"
98,4.9,-51.37790298461914,24.507211685180664,0.002217427506343486,3.3624954008036343,0.001192381838336587,0.19125138223171234,0.0,PlanStatus.OK,20,13.448210903608084,-0.034055922203567825,True,55.21400689131388,4.975958987631406e-06,1.8789039152463348e-05,0.0018157799727335732,-0.034055922203567825,4.0,False,8.050400065258145,20,13.448210903608084,-0.034055922203567825,0.1,60,-51.37790298461914,24.507211685180664,0.0027790104050859268,3.3624954008036343,-29.658639743460096,24.567560000060602,0.00277810222565373,3.989374923346725,1,"[{""id"": 162, ""x"": -109.92977142333984, ""y"": 15.73995590209961, ""vx"": 1.3695119619369507, ""vy"": 7.896281719207764, ""r"": 2.5906050205230713}]"
99,4.95,-51.20940399169922,24.507694244384766,0.002278805047091406,3.3752975018330216,0.0010621328838169575,0.18741074204444885,0.0,PlanStatus.OK,20,13.61671058691341,-0.0340416247146934,True,55.25950133640626,5.385821247591889e-06,2.005472507281801e-05,0.0018146938556080259,-0.0340416247146934,4.0,False,7.903699995949864,20,13.61671058691341,-0.0340416247146934,0.1,60,-51.20940399169922,24.507694244384766,0.0027790104050942985,3.3752975018330216,-29.452392256678582,24.568147025247097,0.0027770049327114255,3.989588291697221,1,"[{""id"": 162, ""x"": -109.86524200439453, ""y"": 16.13704490661621, ""vx"": 1.4381705522537231, ""vy"": 7.944321632385254, ""r"": 2.5906050205230713}]"
100,5.0,-51.04102325439453,24.508214950561523,0.0022173705500662666,3.3624951626482567,0.0011925026774406433,0.1912514567375183,0.0,PlanStatus.OK,20,13.785092121070836,-0.03398885176730197,True,55.299880343621524,5.225261064807202e-06,1.9207720870807743e-05,0.001812875057465792,-0.03398885176730197,4.0,False,7.680699927732348,20,13.785092121070836,-0.03398885176730197,0.1,60,-51.04102325439454,24.508214950561523,0.00277901040509239,3.3624951626482567,-29.32178932979099,24.568562473676007,0.002776895205364219,3.9893749193774797,1,"[{""id"": 162, ""x"": -109.79253387451172, ""y"": 16.531896591186523, ""vx"": 1.7048014402389526, ""vy"": 7.824471950531006, ""r"": 2.5906050205230713}]"
101,5.050000000000001,-50.87252426147461,24.508697509765625,0.002278755632969617,3.375297024872186,0.0010622377740219235,0.1874108910560608,0.0,PlanStatus.OK,20,13.953591804376163,-0.0339745542784311,True,55.33250123329529,5.529593034766204e-06,1.903824113262155e-05,0.0018119527684444952,-0.0339745542784311,4.0,False,7.671999977901578,20,13.953591804376163,-0.0339745542784311,0.1,60,-50.87252426147461,24.508697509765625,0.002779010405098278,3.375297024872186,-29.11554250078989,24.56914951177674,0.002776939035908009,3.989588283747882,1,"[{""id"": 162, ""x"": -109.70879364013672, ""y"": 16.924217224121094, ""vx"": 1.9167016744613647, ""vy"": 7.819374084472656, ""r"": 2.5906050205230713}]"
102,5.1000000000000005,-50.70414352416992,24.509218215942383,0.0022173278978769332,3.3624951627393216,0.0011925932485610247,0.1912514567375183,0.0,PlanStatus.OK,20,14.12197333853359,-0.033921781331038785,True,55.36103738905963,5.393170616487014e-06,1.9137310993655975e-05,0.0018111244015892012,-0.033921781331038785,4.0,False,8.15660017542541,20,14.12197333853359,-0.033921781331038785,0.1,60,-50.70414353206158,24.509218215920452,0.0027790104051373782,3.3624951627393216,-28.984938100345783,24.56956497355446,0.002776966600267718,3.9893749193789887,1,"[{""id"": 162, ""x"": -109.61810302734375, ""y"": 17.314579010009766, ""vx"": 2.017601728439331, ""vy"": 7.745901107788086, ""r"": 2.5906050205230713}]"
103,5.15,-50.53564453125,24.509700775146484,0.0022787200027870646,3.3752967867426986,0.0010623133275657892,0.18741096556186676,0.0,PlanStatus.OK,20,14.290473021838915,-0.033907483842160045,True,55.38177000668678,5.455400640923119e-06,1.872599744777697e-05,0.001809930460015422,-0.033907483842160045,4.0,False,8.715600008144975,20,14.290473021838915,-0.033907483842160045,0.1,60,-50.535644550035684,24.509700775094288,0.0027790104051514455,3.3752967867426986,-28.778691927387488,24.570152024505695,0.0027770103138718524,3.989588279779033,1,"[{""id"": 162, ""x"": -109.51644897460938, ""y"": 17.702085494995117, ""vx"": 2.377763509750366, ""vy"": 7.669233798980713, ""r"": 2.5906050205230713}]"
104,5.2,-50.36726379394531,24.510221481323242,0.0022172966889579086,3.362494924575688,0.0011926594888791442,0.19125151634216309,0.0,PlanStatus.OK,20,14.458854555996341,-0.03385471089476088,True,55.39347503896997,5.082792716250812e-06,1.7422847481949645e-05,0.10180923885060195,-0.03385471089476088,3.5,False,7.947699865326285,20,14.458854555996341,-0.03385471089476088,0.1,60,-50.36726382357454,24.51022148124093,0.0027790104051637985,3.362494924575688,-30.122981964376606,24.56647115925625,0.0027790104051805425,3.4977082487429185,1,"[{""id"": 162, ""x"": -109.40272521972656, ""y"": 18.08501625061035, ""vx"": 2.554588794708252, ""vy"": 7.565877914428711, ""r"": 2.5906050205230713}]"
105,5.25,-50.19876480102539,24.510705947875977,0.0022786932151315684,3.375297024578545,0.0010623702546581626,0.1874108910560608,0.0,PlanStatus.OK,20,14.627354244602202,-0.03383850606461037,True,55.39474771474051,5.294902834066001e-06,1.792139215470341e-05,0.1018092864359859,-0.03383850606461037,3.5,False,7.902999874204397,20,14.627354244602202,-0.03383850606461037,0.1,60,-50.19876484151562,24.5107059477635,0.002779010405197017,3.375297024578545,-29.916716937471822,24.5670605782806,0.0027790104052106534,3.4979216170763143,1,"[{""id"": 162, ""x"": -109.27540588378906, ""y"": 18.463342666625977, ""vx"": 2.956608772277832, ""vy"": 7.445450305938721, ""r"": 2.5906050205230713}]"
106,5.300000000000001,-50.0303840637207,24.5112247467041,0.0022172732822686404,3.3624951626234214,0.0011927090818062425,0.1912514567375183,0.0,PlanStatus.OK,20,14.795735773459095,-0.03378764045847263,True,55.38593879096823,4.990788698931831e-06,1.7096038200489945e-05,0.10180940807143213,-0.03378764045847263,3.5,False,8.085199864581227,20,14.795735773459095,-0.03378764045847263,0.1,60,-50.030384115001304,24.51122474656167,0.002778260946691056,3.3624951626234214,-29.786104942434097,24.567474329877783,0.002778761003220353,3.497708252710399,1,"[{""id"": 162, ""x"": -109.13511657714844, ""y"": 18.836318969726562, ""vx"": 3.138263463973999, ""vy"": 7.335629940032959, ""r"": 2.5906050205230713}]"
107,5.3500000000000005,-49.86188507080078,24.511709213256836,0.002278673449482853,3.375296786597286,0.0010618212400004268,0.18741096556186676,0.0,PlanStatus.OK,20,14.964235462064956,-0.033771435628311634,True,55.36971778297509,5.273284897130848e-06,1.783726192133763e-05,0.1018100820365418,-0.033771435628311634,3.5,False,7.878800155594945,20,14.964235462064956,-0.033771435628311634,0.1,60,-49.86188513291042,24.511709213084348,0.0027773050446720403,3.375296786597286,-29.579858727775303,24.568063253229873,0.0027774933464309462,3.497921613109962,1,"[{""id"": 162, ""x"": -108.98473358154297, ""y"": 19.207304000854492, ""vx"": 3.3424172401428223, ""vy"": 7.332136631011963, ""r"": 2.5906050205230713}]"
108,5.4,-49.693504333496094,24.51222801208496,0.0022172327106739086,3.36249444474386,0.0011891390895470977,0.19125166535377502,0.0,PlanStatus.OK,20,15.132617055238239,-0.033720317077642115,True,55.343620663929926,5.628638339876576e-06,1.9679989337749622e-05,0.10181142909332233,-0.033720317077642115,3.5,False,7.905199890956283,20,15.132617055238239,-0.033720317077642115,0.1,60,-49.69350432496675,24.51222801210865,0.0027771030639396014,3.36249444474386,-29.449255675253422,24.568477044007775,0.0027768729771858124,3.497708240745721,1,"[{""id"": 162, ""x"": -108.82178497314453, ""y"": 19.572919845581055, ""vx"": 3.6374776363372803, ""vy"": 7.132438659667969, ""r"": 2.5906050205230713}]"
109,5.45,-49.52500534057617,24.51270866394043,0.0022784742325497476,3.37529700522056,0.0010561307426542044,0.1874108910560608,0.0,PlanStatus.OK,20,15.30111673321909,-0.033707605543656795,True,55.30721815189977,5.255080271188739e-06,1.7764762488604348e-05,0.10181210511421353,-0.033707605543656795,3.5,False,7.78590003028512,20,15.30111673321909,-0.033707605543656795,0.1,60,-49.52500532121692,24.512708663994204,0.002777103063954333,3.37529700522056,-29.243006655809275,24.569062496479848,0.0027769164747477853,3.497921616753678,1,"[{""id"": 162, ""x"": -108.6457290649414, ""y"": 19.933204650878906, ""vx"": 3.8823585510253906, ""vy"": 7.074501037597656, ""r"": 2.5906050205230713}]"
110,5.5,-49.356624603271484,24.513229370117188,0.0022167263459627385,3.362495123703762,0.0011871586320921779,0.1912514567375183,0.0,PlanStatus.OK,20,15.469498267275554,-0.033654511435222315,True,55.264114417049576,5.865566938464262e-06,2.0494978572789015e-05,0.1018142161175048,-0.033654511435222315,3.5,False,7.759400177747011,20,15.469498267275554,-0.033654511435222315,0.1,60,-49.356624573134255,24.513229370200907,0.0027771030639856323,3.362495123703762,-29.112402242560663,24.56947827580588,0.0027769438537346078,3.4977082520617198,1,"[{""id"": 162, ""x"": -108.46062469482422, ""y"": 20.28961181640625, ""vx"": 3.9905989170074463, ""vy"": 6.976576805114746, ""r"": 2.5906050205230713}]"
111,5.550000000000001,-49.18812561035156,24.513710021972656,0.0022777655300135692,3.375297696645658,0.0010576347121968865,0.18741069734096527,0.0,PlanStatus.OK,20,15.637997945256407,-0.033641799901230035,True,55.21122075248632,5.240297317967395e-06,1.770390100434057e-05,0.10181524697860443,-0.033641799901230035,3.5,False,7.8130001202225685,20,15.637997945256407,-0.033641799901230035,0.1,60,-49.18812556941374,24.513710022086396,0.0027771030639893494,3.375297696645658,-28.906153141695288,24.570063743078627,0.002776987239517401,3.4979216282774237,1,"[{""id"": 162, ""x"": -108.26304626464844, ""y"": 20.639446258544922, ""vx"": 4.3434977531433105, ""vy"": 6.794536590576172, ""r"": 2.5906050205230713}]"
112,5.6000000000000005,-49.019744873046875,24.514230728149414,0.0022160257057306414,3.3624953591257896,0.0011886453721672297,0.19125139713287354,0.0,PlanStatus.OK,20,15.806379479312872,-0.03358870579278867,True,55.149359005831286,6.099137197066078e-06,2.1297157081412096e-05,0.10181816571080916,-0.03358870579278867,3.5,False,7.6679999474436045,20,15.806379479312872,-0.03358870579278867,0.1,60,-49.01974482138632,24.51423072829296,0.0027779128563874384,3.3624953591257896,-28.77555000729615,24.57047952798379,0.002777014452419099,3.4977082559854193,1,"[{""id"": 162, ""x"": -108.0541000366211, ""y"": 20.981491088867188, ""vx"": 4.47960090637207, ""vy"": 6.650759220123291, ""r"": 2.5906050205230713}]"
113,5.65,-48.85124588012695,24.514711380004883,0.002277148893788513,3.3752984134451416,0.0010652035707607865,0.18741047382354736,0.0,PlanStatus.OK,20,15.974879157293724,-0.033575994258785956,True,55.08087969908961,5.6763793331758964e-06,1.8180958131878977e-05,0.20181962295767486,-0.033575994258785956,3.0,False,7.337499875575304,20,15.974879157293724,-0.033575994258785956,0.1,60,-48.85124581769512,24.51471138017838,0.002778868182511304,3.3752984134451416,-30.04418815507234,24.56696884634809,0.002779010405185078,3.0062549735574273,1,"[{""id"": 162, ""x"": -107.83622741699219, ""y"": 21.319049835205078, ""vx"": 4.659051895141602, ""vy"": 6.597817897796631, ""r"": 2.5906050205230713}]"
114,5.7,-48.682865142822266,24.51523208618164,0.002215758349324333,3.3624961093486148,0.0011959606781601906,0.19125117361545563,0.0,PlanStatus.OK,20,16.14326062741032,-0.03352317339598842,True,55.00405917628575,5.402802127320186e-06,1.7367182942071117e-05,0.20182188122498632,-0.03352317339598842,3.0,False,7.5038999784737825,20,16.14326062741032,-0.03352317339598842,0.1,60,-48.682865142822266,24.51523208618164,0.0027790104050988075,3.3624961093486148,-29.91357414264735,24.56738464604887,0.002779010405213198,3.006041601822476,1,"[{""id"": 162, ""x"": -107.60782623291016, ""y"": 21.64828872680664, ""vx"": 4.888087749481201, ""vy"": 6.33942985534668, ""r"": 2.5906050205230713}]"
115,5.75,-48.51436233520508,24.515714645385742,0.0022773366674513095,3.375297982541147,0.0010652850614860654,0.1874106079339981,0.0,PlanStatus.OK,20,16.31176412539818,-0.033508886508186085,True,54.91858602862736,5.5594059229025345e-06,1.8469073434904983e-05,0.2018250179652153,-0.033508886508186085,3.0,False,7.773000048473477,20,16.31176412539818,-0.033508886508186085,0.1,60,-48.51436233520508,24.515714645385742,0.0027790104050844583,3.375297982541147,-29.70731592692986,24.56797187050494,0.0027781532002390356,3.006254966375679,1,"[{""id"": 162, ""x"": -107.36849975585938, ""y"": 21.969482421875, ""vx"": 5.097869873046875, ""vy"": 6.2324137687683105, ""r"": 2.5906050205230713}]"
116,5.800000000000001,-48.345985412597656,24.5162353515625,0.0022161120504066087,3.3624961223320344,0.0011952088680118322,0.19125115871429443,0.0,PlanStatus.OK,20,16.480141844873074,-0.03345610295972612,True,54.8274406811363,5.9415091555811265e-06,1.821188107738094e-05,0.2018278653027212,-0.03345610295972612,3.0,False,7.675900124013424,20,16.480141844873074,-0.03345610295972612,0.1,60,-48.345985412597656,24.5162353515625,0.0027790104050917984,3.3624961223320344,-29.576715261129756,24.568387316113487,0.0027772226301494753,3.0060416020388585,1,"[{""id"": 162, ""x"": -107.12168884277344, ""y"": 22.284826278686523, ""vx"": 5.174938201904297, ""vy"": 6.110905647277832, ""r"": 2.5906050205230713}]"
117,5.8500000000000005,-48.17748260498047,24.5167179107666,0.002277684386824106,3.3752979848988978,0.0010645459406077862,0.1874106079339981,0.0,PlanStatus.OK,20,16.648645342860934,-0.03344181607192024,True,54.727945454715915,5.624357676035463e-06,1.872003184753227e-05,0.20183142107132535,-0.03344181607192024,3.0,False,7.807200076058507,20,16.648645342860934,-0.03344181607192024,0.1,60,-48.17748260498047,24.5167179107666,0.0027790104050912797,3.3752979848988978,-29.370464350952435,24.568974343531224,0.0027768942610412496,3.0062549664149847,1,"[{""id"": 162, ""x"": -106.86447143554688, ""y"": 22.591747283935547, ""vx"": 5.470880031585693, ""vy"": 5.8891754150390625, ""r"": 2.5906050205230713}]"
118,5.9,-48.00910568237305,24.51723861694336,0.002216417117590072,3.362495168109892,0.0011945299338549376,0.1912514567375183,0.0,PlanStatus.OK,20,16.817023062335824,-0.03338903252346027,True,54.62099991465591,6.766397941513911e-06,2.040058490074357e-05,0.2018351868997446,-0.03338903252346027,3.0,False,7.408999837934971,20,16.817023062335824,-0.03338903252346027,0.1,60,-48.009105682373054,24.51723861694336,0.002779010405094206,3.362495168109892,-29.239866440435225,24.569389790640688,0.002776921456388426,3.006041586135155,1,"[{""id"": 162, ""x"": -106.59811401367188, ""y"": 22.889867782592773, ""vx"": 5.569400310516357, ""vy"": 5.738828659057617, ""r"": 2.5906050205230713}]"
119,5.95,-47.84060287475586,24.51772117614746,0.002277944461149309,3.375297029570298,0.001063921139575541,0.1874108910560608,0.0,PlanStatus.OK,20,16.985526560323688,-0.03337474563565794,True,54.505189017132686,5.699363708645218e-06,1.8934206625384302e-05,0.20183894493399643,-0.03337474563565794,3.0,False,7.173300022259355,20,16.985526560323688,-0.03337474563565794,0.1,60,-47.84060287475586,24.51772117614746,0.0027790104050842367,3.375297029570298,-29.033615486893645,24.569976832649473,0.002776964501653225,3.0062549504928313,1,"[{""id"": 162, ""x"": -106.32105255126953, ""y"": 23.1779727935791, ""vx"": 5.874898433685303, ""vy"": 5.467501163482666, ""r"": 2.5906050205230713}]"
120,6.0,-47.67222595214844,24.51824188232422,0.002216635059874592,3.362494451361386,0.001194023061543703,0.19125166535377502,0.0,PlanStatus.OK,20,17.153904279798578,-0.033321962087197975,True,54.38139824107101,6.63055811010927e-06,2.003099181952569e-05,0.20184317629403656,-0.033321962087197975,3.0,False,7.90430000051856,20,17.153904279798578,-0.033321962087197975,0.1,60,-47.672225952148445,24.51824188232422,0.0027790104050850997,3.362494451361386,-28.903016806238156,24.57039229097515,0.002776991530962469,3.0060415741893673,1,"[{""id"": 162, ""x"": -106.03456115722656, ""y"": 23.455888748168945, ""vx"": 5.979846000671387, ""vy"": 5.300308704376221, ""r"": 2.5906050205230713}]"
121,6.050000000000001,-47.50372314453125,24.51872444152832,0.002278126773251276,3.37529631295022,0.0,0.0,1.0,PlanStatus.FAIL,20,17.32240777778644,-0.03330767519939211,False,54.2510790771689,0.1478542453322697,0.4556721616695373,2.982262417977149,-0.03330767519939211,3.0,False,7.688499987125397,20,17.32240777778644,-0.03330767519939211,0.1,60,-47.50372314453124,24.51872444152832,0.0027790104050975555,3.37529631295022,-28.682632312081473,24.585371936183765,0.048344187891347624,3.0062549385491817,1,"[{""id"": 162, ""x"": -105.74003601074219, ""y"": 23.72775650024414, ""vx"": 6.151352405548096, ""vy"": 5.21637487411499, ""r"": 2.5906050205230713}]"
122,6.1000000000000005,-47.33625030517578,24.51919174194336,0.002165916665345119,3.3214701410598106,0.0,0.0,1.0,PlanStatus.FAIL,20,17.489881269085473,-0.03330578475289861,False,54.1123567824523,0.1939001804603643,0.5964153237410726,3.2819503378829022,-0.03330578475289861,3.0,False,7.457300089299679,20,17.489881269085473,-0.03330578475289861,0.1,60,-47.33625030517578,24.51919174194336,0.002779010405084798,3.3214701410598106,-28.675161514433,24.589760006265823,0.062418505938561186,3.0053578356843267,1,"[{""id"": 162, ""x"": -105.43679809570312, ""y"": 23.989553451538086, ""vx"": 6.318617343902588, ""vy"": 4.923213481903076, ""r"": 2.5906050205230713}]"
123,6.15,-47.172874450683594,24.519559860229492,0.002146209533352858,3.22439125621604,0.0013434914872050285,0.23268263041973114,0.0,PlanStatus.OK,20,17.653257515713698,-0.03339169050341182,True,53.96178250547485,5.669588847631156e-06,1.7846302792635764e-05,0.2018570683957764,-0.03339169050341182,3.0,False,7.540199905633926,20,17.653257515713698,-0.03339169050341182,0.1,60,-47.172874450683594,24.519559860229492,0.002779010405093298,3.22439125621604,-28.811075998810203,24.570577885778434,0.0027770111088338133,3.0037398542702665,1,"[{""id"": 162, ""x"": -105.12459564208984, ""y"": 24.241655349731445, ""vx"": 6.498746871948242, ""vy"": 4.786021709442139, ""r"": 2.5906050205230713}]"
124,6.2,-47.01533508300781,24.520004272460938,0.002018470387488827,3.1154150682292023,0.0016145787667483091,0.2653754651546478,0.0,PlanStatus.OK,20,17.8107975100842,-0.0333850829665058,True,53.800549772382624,6.244571148931302e-06,1.9208186479487827e-05,0.20186288378633252,-0.0333850829665058,3.0,False,8.449700195342302,20,17.8107975100842,-0.0333850829665058,0.1,60,-47.01533508300781,24.520004272460938,0.002779010405095994,3.1154150682292023,-28.975001436625902,24.57012926705674,0.002776976836909958,3.0019235844704815,1,"[{""id"": 162, ""x"": -104.80648040771484, ""y"": 24.486923217773438, ""vx"": 6.541927814483643, ""vy"": 4.663519859313965, ""r"": 2.5906050205230713}]"
125,6.25,-46.859657287597656,24.52044677734375,0.002060422326701518,3.116627067762048,0.0015255545731633902,0.26501187682151794,0.0,PlanStatus.OK,20,17.9664759340769,-0.033375209448831135,True,53.63053543525431,4.764929492252112e-06,1.4697685073693234e-05,0.20186779297197524,-0.033375209448831135,3.0,False,9.789700154215097,20,17.9664759340769,-0.033375209448831135,0.1,60,-46.859657287597656,24.52044677734375,0.0027790104050990244,3.116627067762048,-28.81576153098477,24.570581354890773,0.0027770100595199427,3.001943784462699,1,"[{""id"": 162, ""x"": -104.4804458618164, ""y"": 24.721820831298828, ""vx"": 6.771417617797852, ""vy"": 4.379859924316406, ""r"": 2.5906050205230713}]"
126,6.300000000000001,-46.70418930053711,24.520938873291016,0.0019722153885284887,3.1063176455132107,0.0,0.0,1.0,PlanStatus.FAIL,20,18.121944688344062,-0.03331516199935485,False,53.454820197891856,0.1804435540788065,0.5543070738665188,3.1925496383675305,-0.03331516199935485,3.0,False,8.743700105696917,20,18.121944688344062,-0.03331516199935485,0.1,60,-46.704189308285805,24.520938873269483,0.0027790104051308743,3.1063176455132107,-28.677424592500536,24.588420546458593,0.058207680591257034,3.001771960758563,1,"[{""id"": 162, ""x"": -104.14804077148438, ""y"": 24.94615364074707, ""vx"": 6.819921016693115, ""vy"": 4.216986179351807, ""r"": 2.5906050205230713}]"
127,6.3500000000000005,-46.5488166809082,24.52131462097168,0.001958413634201451,3.097677541812726,0.0,0.0,1.0,PlanStatus.FAIL,20,18.277317752215215,-0.033371197340464426,False,53.274317615053334,0.8957784932062297,2.727972696503338,7.845706683282426,-0.033371197340464426,3.0,False,8.142199832946062,20,18.277317752215215,-0.033371197340464426,0.1,60,-46.54881669855943,24.521314620922634,0.002779010405150004,3.097677541812726,-28.565673688528374,24.6539630811687,0.2755742702293507,3.0016279590302073,1,"[{""id"": 162, ""x"": -103.81013488769531, ""y"": 25.1638126373291, ""vx"": 6.94629430770874, ""vy"": 4.120945930480957, ""r"": 2.5906050205230713}]"
128,6.4,-46.39723205566406,24.521677017211914,0.0017539433297639748,2.978739002601185,0.0021760195959359407,0.3063783049583435,0.0,PlanStatus.OK,20,18.428902799224996,-0.03343005720818555,True,53.08510671644776,6.008922169415577e-06,1.796821243502545e-05,0.20188762061799953,-0.03343005720818555,3.0,False,7.611399982124567,20,18.428902799224996,-0.03343005720818555,0.1,60,-46.39723208301183,24.521677017135936,0.002779010405158841,2.978739002601185,-28.760109313611306,24.57068105634822,0.0027770220241336557,2.9996456500433557,1,"[{""id"": 162, ""x"": -103.46662902832031, ""y"": 25.370677947998047, ""vx"": 7.039790630340576, ""vy"": 3.815680503845215, ""r"": 2.5906050205230713}]"
129,6.45,-46.25068283081055,24.522045135498047,0.0017608860138752704,2.9129213573601165,0.0021612972486764193,0.32612359523773193,0.0,PlanStatus.OK,20,18.57545248118969,-0.0334692016400329,True,52.885379143082254,5.930440882223273e-06,1.7554633168046126e-05,0.20189463155506363,-0.0334692016400329,3.0,False,7.699199952185154,20,18.57545248118969,-0.0334692016400329,0.1,60,-46.25068286754562,24.522045135396,0.0027790104051836745,2.9129213573601165,-28.80771751075184,24.570509701283825,0.002777012286468532,2.998548689289329,1,"[{""id"": 162, ""x"": -103.1170654296875, ""y"": 25.56708526611328, ""vx"": 7.174881935119629, ""vy"": 3.6634318828582764, ""r"": 2.5906050205230713}]"
130,6.5,-46.105873107910156,24.52251434326172,0.0016553481127821977,2.8906865357041345,0.0023852589074522257,0.33279404044151306,0.0,PlanStatus.OK,20,18.720262948846596,-0.033402422896882375,True,52.68067271963729,6.375198697319148e-06,1.8446123455548823e-05,0.20190213867325907,-0.033402422896882375,3.0,False,7.620700169354677,20,18.720262948846596,-0.033402422896882375,0.1,60,-46.10587315379775,24.522514343134258,0.002778947676267684,2.8906865357041345,-28.728506707199028,24.5707964531177,0.0027770284883494077,2.9981781089284114,1,"[{""id"": 162, ""x"": -102.76371765136719, ""y"": 25.75636100769043, ""vx"": 7.184084415435791, ""vy"": 3.545046329498291, ""r"": 2.5906050205230713}]"
131,6.550000000000001,-45.9600830078125,24.522958755493164,0.0017122010104573975,2.934295645261195,0.0,0.0,1.0,PlanStatus.FAIL,20,18.866053721008146,-0.03336316406513638,False,52.471687096670586,1.0695782108266372,4.1885345088595916,10.11771518074376,-0.03336316406513638,4.0,False,8.414499927312136,20,18.866053721008146,-0.03336316406513638,0.1,60,-45.9600830629235,24.5229587553401,0.0027779685041005656,2.934295645261195,-25.93675878781277,26.198469042217916,0.5314362957701063,3.982238260754345,1,"[{""id"": 162, ""x"": -102.40473175048828, ""y"": 25.934364318847656, ""vx"": 7.366097927093506, ""vy"": 3.203835964202881, ""r"": 2.5906050205230713}]"
132,6.6000000000000005,-45.81367111206055,24.523353576660156,0.0015374137689783214,2.9120105770223343,0.0,0.0,1.0,PlanStatus.FAIL,20,19.01246621226697,-0.03337520030517504,False,52.2587715152099,0.7988118848264104,3.09737661741589,7.552139692285178,-0.03337520030517504,4.0,False,7.505600107833743,20,19.01246621226697,-0.03337520030517504,0.1,60,-45.81367111126262,24.523353576662373,0.002777103063914561,2.9120105770223343,-25.86738385375862,26.239241682303433,0.5314518445289796,3.9818668429503687,1,"[{""id"": 162, ""x"": -102.04096221923828, ""y"": 26.099454879760742, ""vx"": 7.401666641235352, ""vy"": 3.0050058364868164, ""r"": 2.5906050205230713}]"
133,6.65,-45.66975402832031,24.52361488342285,0.0014601677932781375,2.8467266833991127,0.0,0.0,1.0,PlanStatus.FAIL,20,19.156383466716473,-0.033513566610584404,False,52.038881049841706,0.9502633034330487,3.6913129772574584,8.948596522701045,-0.033513566610584404,4.0,False,7.49130011536181,20,19.156383466716473,-0.033513566610584404,0.1,60,-45.66975401826853,24.52361488345077,0.0027771030639463785,2.8467266833991127,-25.90919797752752,26.214503017516318,0.531445057074721,3.9807787780566493,1,"[{""id"": 162, ""x"": -101.67243194580078, ""y"": 26.25663948059082, ""vx"": 7.52370023727417, ""vy"": 2.8789315223693848, ""r"": 2.5906050205230713}]"
134,6.7,-45.53242492675781,24.523876190185547,0.001187487015346682,2.6724522622533815,0.0033708992414176464,0.3982643187046051,0.0,PlanStatus.OK,20,19.29371276439248,-0.03363363743401907,True,51.809345439031205,6.776519912540776e-06,1.91642520032528e-05,0.20193418684838785,-0.03363363743401907,3.0,False,7.667899830266833,20,19.29371276439248,-0.03363363743401907,0.1,60,-45.532424907811304,24.523876190238173,0.0027771030639536813,2.6724522622533815,-28.798841801586583,24.570369913702805,0.0027770150912314437,2.9945408710375476,1,"[{""id"": 162, ""x"": -101.30057525634766, ""y"": 26.40745735168457, ""vx"": 7.525152206420898, ""vy"": 2.782050371170044, ""r"": 2.5906050205230713}]"
135,6.75,-45.40259552001953,24.524171829223633,0.0011784151027349492,2.560947577901343,0.0033900863490998745,0.431715726852417,0.0,PlanStatus.OK,20,19.423542491508346,-0.033698548715750745,True,51.56891797069619,6.768887122988022e-06,1.894454283478137e-05,0.20194319408284145,-0.033698548715750745,3.0,False,7.393599953502417,20,19.423542491508346,-0.033698548715750745,0.1,60,-45.402595492645354,24.524171829299675,0.0027771030639791453,2.560947577901343,-28.997933326967146,24.56975211861568,0.0027769734730466004,2.992682459631692,1,"[{""id"": 162, ""x"": -100.92505645751953, ""y"": 26.553192138671875, ""vx"": 7.62134313583374, ""vy"": 2.7172763347625732, ""r"": 2.5906050205230713}]"
136,6.800000000000001,-45.27641677856445,24.524606704711914,0.0010403383925555844,2.515605734606106,0.003683067625388503,0.4453182816505432,0.0,PlanStatus.OK,20,19.549721954091993,-0.0336140858234867,True,51.32302680119118,6.4658560463260435e-06,1.8692863441669566e-05,0.20195240797222386,-0.0336140858234867,3.0,False,7.739100139588118,20,19.549721954091993,-0.0336140858234867,0.1,60,-45.27641674312414,24.524606704810374,0.0027771030639791553,2.515605734606106,-29.00551169507775,24.569815536441126,0.0027769715276927407,2.991926762243447,1,"[{""id"": 162, ""x"": -100.54747772216797, ""y"": 26.694326400756836, ""vx"": 7.600344657897949, ""vy"": 2.6498589515686035, ""r"": 2.5906050205230713}]"
137,6.8500000000000005,-45.14865493774414,24.525028228759766,0.0010951225290109568,2.584877205660165,0.0,0.0,1.0,PlanStatus.FAIL,20,19.677484472857927,-0.03354737074461424,False,51.07670375902298,0.27516082302084477,0.8395374728911087,3.802418672943,-0.03354737074461424,3.0,False,7.544900057837367,20,19.677484472857927,-0.03354737074461424,0.1,60,-45.148654894153715,24.525028228880878,0.00277710306399942,2.584877205660165,-28.66243481752324,24.596951361914414,0.08673072548502611,2.9930812867610115,1,"[{""id"": 162, ""x"": -100.16763305664062, ""y"": 26.83165740966797, ""vx"": 7.671943664550781, ""vy"": 2.607863187789917, ""r"": 2.5906050205230713}]"
138,6.9,-45.018836975097656,24.52536964416504,0.0008703516029711064,2.5913807699605806,0.0,0.0,1.0,PlanStatus.FAIL,20,19.807302883051655,-0.033566474054288135,False,50.83070237323261,1.1028137102093079,3.3542919399742286,9.165455908747388,-0.033566474054288135,3.0,False,8.608900010585785,20,19.807302883051655,-0.033566474054288135,0.1,60,-45.018836923124915,24.525369644309453,0.0027775985408461878,2.5913807699605806,-28.534259203885124,24.672180385365536,0.33820620357643233,2.993189679499337,1,"[{""id"": 162, ""x"": -99.78604888916016, ""y"": 26.960166931152344, ""vx"": 7.688915729522705, ""vy"": 2.303708791732788, ""r"": 2.5906050205230713}]"
139,6.95,-44.89002990722656,24.525548934936523,0.0007432393662679772,2.5550257761870596,0.0,0.0,1.0,PlanStatus.FAIL,20,19.93610995213191,-0.033744894017201287,False,50.58063832916813,1.2196812498226233,3.7190743184637056,9.920595349530696,-0.033744894017201287,3.0,False,7.613199995830655,20,19.93610995213191,-0.033744894017201287,0.1,60,-44.890029846641106,24.525548935104883,0.0027785427937586818,2.5550257761870596,-28.515626842682124,24.682912888112913,0.3746844469573422,2.9925837629364436,1,"[{""id"": 162, ""x"": -99.40166473388672, ""y"": 27.075502395629883, ""vx"": 7.78317928314209, ""vy"": 2.043642520904541, ""r"": 2.5906050205230713}]"
140,7.0,-44.76683807373047,24.52573013305664,0.000408744837926655,2.394470366526079,0.005024109035730362,0.4816588759422302,0.0,PlanStatus.OK,20,20.05930174875774,-0.03390592631001855,True,50.323510971164296,7.3046756385324556e-06,1.8412328902442376e-05,0.20199102255319068,-0.03390592631001855,3.0,False,8.665699977427721,20,20.05930174875774,-0.03390592631001855,0.1,60,-44.7668380737731,24.525730133056523,0.002779021006193326,2.394470366526079,-28.853294524291066,24.56994640675804,0.002777005079906206,2.989907839442105,1,"[{""id"": 162, ""x"": -99.01597595214844, ""y"": 27.181711196899414, ""vx"": 7.762702465057373, ""vy"": 1.8825255632400513, ""r"": 2.5906050205230713}]"
141,7.050000000000001,-44.65045166015625,24.525970458984375,0.0004009219972802911,2.297112325956081,0.005040265154093504,0.5,0.0,PlanStatus.OK,20,20.175688380778514,-0.03398904118213505,True,50.05721795683548,7.420079291054494e-06,1.848339003923498e-05,0.202001795194778,-0.03398904118213505,3.0,False,7.264100015163422,20,20.175688380778514,-0.03398904118213505,0.1,60,-44.650451660282855,24.525970458984023,0.002779021006203209,2.297112325956081,-29.02409890032024,24.56938896357074,0.002776969187154289,2.9882852054325952,1,"[{""id"": 162, ""x"": -98.62800598144531, ""y"": 27.281110763549805, ""vx"": 7.8459062576293945, ""vy"": 1.765798807144165, ""r"": 2.5906050205230713}]"
142,7.1000000000000005,-44.53736877441406,24.52638816833496,0.0002795808098534176,2.255974616302839,0.005299487616866827,0.5,0.0,PlanStatus.OK,20,20.28877199067537,-0.03388559275494163,True,49.78562373712482,6.572987510120941e-06,1.8618607466702568e-05,0.20201253473220515,-0.03388559275494163,3.0,False,7.822500076144934,20,20.28877199067537,-0.03388559275494163,0.1,60,-44.537368774621534,24.526388168334385,0.0027790210061897406,2.255974616302839,-29.032370880400038,24.569469440844266,0.0027769670172739327,2.9875995769383885,1,"[{""id"": 162, ""x"": -98.2383804321289, ""y"": 27.369647979736328, ""vx"": 7.8445024490356445, ""vy"": 1.4445693492889404, ""r"": 2.5906050205230713}]"
143,7.15,-44.42208480834961,24.526803970336914,0.0003608430808484217,2.3422992465925696,0.1806044578552246,0.49731022119522095,0.0,PlanStatus.OK,20,20.404056667094522,-0.03379016850959537,True,49.513155641564694,0.04267876372618056,0.10262322335150484,0.4796207280203842,0.21620983149040462,3.0,False,7.297999924048781,20,20.404056667094522,-0.03379016850959537,0.1,60,-44.422084808639084,24.52680397033611,0.0031530750957734217,2.3422992465925696,-28.778558329963506,24.818392524244697,-0.007486460342165954,2.9890383207765345,1,"[{""id"": 162, ""x"": -97.84613037109375, ""y"": 27.446352005004883, ""vx"": 7.934690475463867, ""vy"": 1.246098518371582, ""r"": 2.5906050205230713}]"
144,7.2,-44.3031005859375,24.529787063598633,0.0024165453511311203,2.407571307540809,0.0,0.0,1.0,PlanStatus.FAIL,20,20.523048720120034,-0.03113774599489949,False,49.242146452758476,0.7815703458858297,2.951482731358931,7.111550526608941,-0.03113774599489949,4.0,False,7.4298998806625605,20,20.523048720120034,-0.03113774599489949,0.1,60,-44.30310058628281,24.529787063597674,0.0027790210061939824,2.407571307540809,-25.848659966239783,26.252762093706007,0.5314156574892016,3.9734595217923516,1,"[{""id"": 162, ""x"": -97.45206451416016, ""y"": 27.515329360961914, ""vx"": 7.9198479652404785, ""vy"": 1.1267194747924805, ""r"": 2.5906050205230713}]"
145,7.25,-44.1798095703125,24.533327102661133,0.004491961092717757,2.4947643211887267,0.0,0.0,1.0,PlanStatus.FAIL,20,20.646349097489942,-0.027940348483456723,False,48.97242722398651,0.7807011906812468,2.9329592232702693,7.068572474296671,-0.027940348483456723,4.0,False,7.343499921262264,20,20.646349097489942,-0.027940348483456723,0.1,60,-44.17980957069539,24.533327102660067,0.0027790210062096947,2.4947643211887267,-25.522169452119414,26.448271387464843,0.5314179751359763,3.974912738686473,1,"[{""id"": 162, ""x"": -97.05525207519531, ""y"": 27.578054428100586, ""vx"": 8.00870418548584, ""vy"": 1.024992823600769, ""r"": 2.5906050205230713}]"
146,7.300000000000001,-44.0565185546875,24.534645080566406,0.004430204363603691,2.432818543627441,0.0,0.0,1.0,PlanStatus.FAIL,20,20.769643299713167,-0.026965003548804233,False,48.70098266795178,0.822947758398283,3.102033282737134,7.498924129952325,-0.026965003548804233,4.0,False,7.311899913474917,20,20.769643299713167,-0.026965003548804233,0.1,60,-44.05651855512751,24.534645080565184,0.0027790196662607464,2.432818543627441,-25.573555211554496,26.419151593354876,0.5313891669485251,3.973880309060447,1,"[{""id"": 162, ""x"": -96.65709686279297, ""y"": 27.630218505859375, ""vx"": 7.987142086029053, ""vy"": 0.7223223447799683, ""r"": 2.5906050205230713}]"
147,7.3500000000000005,-43.93743133544922,24.535375595092773,0.004292919189633082,2.3396039824201864,0.0,0.0,1.0,PlanStatus.FAIL,20,20.88873208921156,-0.02656543730115249,False,48.423036499775584,0.77426449084269,3.1481051786440633,8.975436385258742,-0.02656543730115249,4.5,False,7.26290000602603,20,20.88873208921156,-0.02656543730115249,0.1,60,-43.93743133594979,24.53537559509138,0.0027790097343946547,2.3396039824201864,-24.438712766153877,27.08682243285356,0.5315725988155894,4.463993399707014,1,"[{""id"": 162, ""x"": -96.25716400146484, ""y"": 27.671518325805664, ""vx"": 8.05843734741211, ""vy"": 0.5527014136314392, ""r"": 2.5906050205230713}]"
148,7.4,-43.82644271850586,24.535968780517578,0.003917681872635519,2.137823292053692,0.0,0.0,1.0,PlanStatus.FAIL,20,20.99972192604763,-0.02628069346784535,False,48.13589956687153,0.2904570377787798,0.8771122564204179,3.8962535526508866,-0.02628069346784535,3.0,False,7.4344000313431025,20,20.99972192604763,-0.02628069346784535,0.1,60,-43.82644271906291,24.53596878051603,0.002778999831185745,2.137823292053692,-28.663142534534064,24.60496221782996,0.09048817261501264,2.9856303882008874,1,"[{""id"": 162, ""x"": -95.85646057128906, ""y"": 27.706098556518555, ""vx"": 8.02214241027832, ""vy"": 0.4624141454696655, ""r"": 2.5906050205230713}]"
149,7.45,-43.73987579345703,24.536508560180664,0.003075824922993797,1.3043924099983808,-0.0006286582793109119,0.5,0.0,PlanStatus.OK,20,21.086290017428276,-0.025981485053010716,True,47.82272137766585,7.071850139639482e-06,1.6670126140117328e-05,0.10209524033430888,-0.025981485053010716,3.5,False,8.5678999312222,20,21.086290017428276,-0.025981485053010716,0.1,60,-43.7398757934095,24.536508560180796,0.0027789998040595133,1.3043924099983808,-29.56698980101913,24.575888967806804,0.0027773943570225438,3.463406540166634,1,"[{""id"": 162, ""x"": -95.45436096191406, ""y"": 27.73538589477539, ""vx"": 8.084424018859863, ""vy"": 0.38414302468299866, ""r"": 2.5906050205230713}]"
150,7.5,-43.71284484863281,24.536678314208984,0.0029207433830981933,0.16343137523985005,-0.00030022411374375224,0.5,0.0,PlanStatus.OK,20,21.113321329620536,-0.02588685057386171,True,47.44982475774559,8.577329208468889e-06,1.8551134141546292e-05,0.0021117737200004203,-0.02588685057386171,4.0,False,7.673999993130565,20,21.113321329620536,-0.02588685057386171,0.1,60,-43.71284484857062,24.53667831420916,0.0027789998039524848,0.16343137523985005,-31.430769702243037,24.570804685257567,0.002779010405092049,3.9360571895873364,1,"[{""id"": 162, ""x"": -95.05216217041016, ""y"": 27.76038932800293, ""vx"": 8.035565376281738, ""vy"": 0.3386504650115967, ""r"": 2.5906050205230713}]"
151,7.550000000000001,-43.712913513183594,24.536684036254883,0.002917252665505318,7.607925102123803e-05,-0.00029113286291249096,0.5,0.0,PlanStatus.OK,20,21.113252681236442,-0.025880937731533504,True,47.049045700010986,9.125418620107766e-06,1.8419932766478193e-05,0.002130618334023773,-0.025880937731533504,4.0,False,7.478199899196625,20,21.113252681236442,-0.025880937731533504,0.1,60,-43.71291351312144,24.536684036255057,0.0027789998032770554,7.607925102123803e-05,-31.912734629136974,24.569471209128007,0.0027790104050881615,3.933334601320851,1,"[{""id"": 162, ""x"": -94.6492919921875, ""y"": 27.781879425048828, ""vx"": 8.085710525512695, ""vy"": 0.29487791657447815, ""r"": 2.5906050205230713}]"
152,7.6000000000000005,-43.70640182495117,24.536624908447266,0.003159724120081325,0.21559209149593475,-0.0008059502579271793,0.5,0.0,PlanStatus.OK,20,21.119764180008563,-0.02595816126786234,True,46.65527257633193,9.919684413524086e-06,1.8392235728403698e-05,0.002148738645370445,-0.02595816126786234,4.0,False,7.86600005812943,20,21.119764180008563,-0.02595816126786234,0.1,60,-43.70640182488526,24.53662490844745,0.0027789998040313843,0.21559209149593475,-31.270453159782207,24.571178896774715,0.002779010405087705,3.936926534858271,1,"[{""id"": 162, ""x"": -94.24700164794922, ""y"": 27.80047035217285, ""vx"": 8.027650833129883, ""vy"": 0.26712340116500854, ""r"": 2.5906050205230713}]"
153,7.65,-43.68966293334961,24.53668975830078,0.0031352222578296205,0.42940281074625264,-0.0007541695376858115,0.5,0.0,PlanStatus.OK,20,21.136503187191778,-0.025939828981367385,True,46.271352984875016,7.6792643693126e-06,1.788327937020818e-05,0.0021654660357052036,-0.025939828981367385,4.0,False,8.234899956732988,20,21.136503187191778,-0.025939828981367385,0.1,60,-43.68966293327453,24.53668975830099,0.002778999804049195,0.42940281074625264,-30.622975093461523,24.572996582047452,0.002779010405099509,3.9404900468457713,1,"[{""id"": 162, ""x"": -93.844482421875, ""y"": 27.81670570373535, ""vx"": 8.072436332702637, ""vy"": 0.24051478505134583, ""r"": 2.5906050205230713}]"
154,7.7,-43.663902282714844,24.53683853149414,0.0029222336089816067,0.5715444769496045,-0.000302311556879431,0.5,0.0,PlanStatus.OK,20,21.16226415179406,-0.025862645113403557,True,45.89711360575261,1.1623750901011311e-05,1.8625845744990946e-05,0.0021844430143213704,-0.025862645113403557,4.0,False,7.5795999728143215,20,21.16226415179406,-0.025862645113403557,0.1,60,-43.66390228262587,24.53683853149439,0.002778999804080925,0.5715444769496045,-30.177898171762717,24.574310642794043,0.002779010405143159,3.9428590746158267,1,"[{""id"": 162, ""x"": -93.44274139404297, ""y"": 27.831022262573242, ""vx"": 8.013197898864746, ""vy"": 0.22216974198818207, ""r"": 2.5906050205230713}]"
155,7.75,-43.63163375854492,24.536954879760742,0.002808291145995272,0.7020222712317796,-6.061318708816543e-05,0.5,0.0,PlanStatus.OK,20,21.19453287469313,-0.025835971402993513,True,45.52898923041424,7.036066843466076e-06,1.745895145522855e-05,0.002200749952929728,-0.025835971402993513,4.0,False,8.615300059318542,20,21.19453287469313,-0.025835971402993513,0.1,60,-43.63163375843836,24.536954879761037,0.0027789998040799,0.7020222712317796,-29.760725893366388,24.575496503261263,0.0027786493587128916,3.945033704520535,1,"[{""id"": 162, ""x"": -93.04077911376953, ""y"": 27.842491149902344, ""vx"": 8.060650825500488, ""vy"": 0.15306183695793152, ""r"": 2.5906050205230713}]"
156,7.800000000000001,-43.59231185913086,24.537044525146484,0.0027548232456997526,0.847453024053676,5.275569128571078e-05,0.5,0.0,PlanStatus.OK,20,21.233854871393113,-0.025855601773524736,True,45.16844507377298,9.931158698698267e-06,1.7680663665200005e-05,0.002218556954110711,-0.025855601773524736,4.0,False,8.303500013425946,20,21.233854871393113,-0.025855601773524736,0.1,60,-43.592311859002656,24.53704452514684,0.002778999804069037,0.847453024053676,-29.292415223325637,24.576777318138497,0.0027768847742823365,3.947457550400893,1,"[{""id"": 162, ""x"": -92.63948059082031, ""y"": 27.851776123046875, ""vx"": 8.004016876220703, ""vy"": 0.13095596432685852, ""r"": 2.5906050205230713}]"
157,7.8500000000000005,-43.54515075683594,24.537267684936523,0.002614570103529926,1.0180119103974974,0.00035028616548515856,0.5,0.0,PlanStatus.OK,20,21.281016411739547,-0.02576350337054059,True,44.8155395927277,8.09248529646198e-06,1.8721889392665607e-05,0.0022361823700821123,-0.02576350337054059,4.0,False,7.3254001326859,20,21.281016411739547,-0.02576350337054059,0.1,60,-43.54515075668244,24.53726768493695,0.0027789998040803803,1.0180119103974974,-28.74214269086459,24.578397505979513,0.002776973292065465,3.950300198506632,1,"[{""id"": 162, ""x"": -92.23807525634766, ""y"": 27.859745025634766, ""vx"": 8.044795036315918, ""vy"": 0.11416851729154587, ""r"": 2.5906050205230713}]"
158,7.9,-43.49016571044922,24.537399291992188,0.0026508377282538167,1.1291513250070664,0.00027326770941726863,0.5,0.0,PlanStatus.OK,20,21.33600161154156,-0.025784700059522467,True,44.4718655047302,1.1823838719341193e-05,1.9191014072068163e-05,0.10225375198919406,-0.025784700059522467,3.5,False,9.216499980539083,20,21.33600161154156,-0.025784700059522467,0.1,60,-43.49016571026553,24.5373992919927,0.002778999804058062,1.1291513250070664,-29.83422207315737,24.575343670061613,0.002779010405196069,3.460485855416791,1,"[{""id"": 162, ""x"": -91.83814239501953, ""y"": 27.8666934967041, ""vx"": 7.966128826141357, ""vy"": 0.10426454991102219, ""r"": 2.5906050205230713}]"
159,7.95,-43.42793273925781,24.53752326965332,0.0026373188047554372,1.3009876116068202,0.0003018780262209475,0.5,0.0,PlanStatus.OK,20,21.398234686958933,-0.02583366806926184,True,44.13670400288003,8.976121153852152e-06,1.9112836878980993e-05,0.10226995230230286,-0.02583366806926184,3.5,False,7.7142000664025545,20,21.398234686958933,-0.02583366806926184,0.1,60,-43.42793273903968,24.537523269653928,0.002778999804058039,1.3009876116068202,-29.265110276123718,24.576875075725184,0.0027768930567949775,3.4633497935267825,1,"[{""id"": 162, ""x"": -91.43952941894531, ""y"": 27.87285804748535, ""vx"": 7.975680828094482, ""vy"": 0.09587415307760239, ""r"": 2.5906050205230713}]"
160,8.0,-43.35820388793945,24.537628173828125,0.0028063265445426883,1.4586523477236326,-5.6871464039431885e-05,0.5,0.0,PlanStatus.OK,20,21.467963560553393,-0.02592254051426963,True,43.81220592995367,6.843417199601201e-06,1.71250374460339e-05,0.10228670978493845,-0.02592254051426963,3.5,False,7.258799858391285,20,21.467963560553393,-0.02592254051426963,0.1,60,-43.35820388768226,24.53762817382884,0.002778999804062442,1.4586523477236326,-28.730307054871446,24.578271336538176,0.002776980023816969,3.4659775391287315,1,"[{""id"": 162, ""x"": -91.04413604736328, ""y"": 27.87837791442871, ""vx"": 7.860600471496582, ""vy"": 0.08973874151706696, ""r"": 2.5906050205230713}]"
161,8.05,-43.2806282043457,24.537885665893555,0.0026576862654593887,1.6104193927974217,0.0002585197798907757,0.5,0.0,PlanStatus.OK,20,21.545539660164522,-0.025880631975145032,True,43.49845225821135,8.307868445437201e-06,1.901291526845532e-05,0.2023031619043996,-0.025880631975145032,3.0,False,8.37440020404756,20,21.545539660164522,-0.025880631975145032,0.1,60,-43.28062820404635,24.537885665894386,0.002778999804057511,1.6104193927974217,-29.67995302392919,24.575676137032815,0.0027779450196727317,2.9768403232132856,1,"[{""id"": 162, ""x"": -90.65169525146484, ""y"": 27.88341522216797, ""vx"": 7.8422675132751465, ""vy"": 0.08510937541723251, ""r"": 2.5906050205230713}]"
162,8.1,-43.19646453857422,24.538061141967773,0.002852649162827579,1.7323284250450588,-0.0001553093024995178,0.5,0.0,PlanStatus.OK,20,21.629703488592305,-0.02593904708815114,True,43.19567568325788,7.228090606163897e-06,2.13018007826039e-05,0.2023196002333837,-0.02593904708815114,3.0,False,8.651100099086761,20,21.629703488592305,-0.02593904708815114,0.1,60,-43.19646453822791,24.538061141968736,0.002778999804060086,1.7323284250450588,-29.236187918574746,24.576850011792533,0.0027769019409510575,2.978872140417417,1,"[{""id"": 162, ""x"": -90.26367950439453, ""y"": 27.88804054260254, ""vx"": 7.705447196960449, ""vy"": 0.08082525432109833, ""r"": 2.5906050205230713}]"
163,8.15,-43.10593795776367,24.53836441040039,0.0026828903283891417,1.863767197952258,0.0002048918540822342,0.5,0.0,PlanStatus.OK,20,21.72023056262376,-0.02588735285310719,True,42.90276060245834,8.047652492248382e-06,1.8885153584731473e-05,0.20233487758951915,-0.02588735285310719,3.0,False,7.267500041052699,20,21.72023056262376,-0.02588735285310719,0.1,60,-43.10593795736836,24.53836441040149,0.0027789998040515015,1.863767197952258,-28.75794934901236,24.57822976119816,0.002776979269982992,2.981062786632548,1,"[{""id"": 162, ""x"": -89.87920379638672, ""y"": 27.89236831665039, ""vx"": 7.680985927581787, ""vy"": 0.07819664478302002, ""r"": 2.5906050205230713}]"
164,8.200000000000001,-43.00861358642578,24.538583755493164,0.002850751400476573,2.0020653511530617,0.0,0.0,1.0,PlanStatus.FAIL,20,21.81755516771081,-0.025938472668068674,False,42.62112486236932,0.7049509605424849,2.8124145847946327,8.07413643570345,-0.025938472668068674,4.5,False,7.332999957725406,20,21.81755516771081,-0.025938472668068674,0.1,60,-43.00861358597617,24.538583755494415,0.0027790020785301143,2.0020653511530617,-24.496383340911706,27.053585152074884,0.5315461168910736,4.458367755852542,1,"[{""id"": 162, ""x"": -89.49923706054688, ""y"": 27.896453857421875, ""vx"": 7.54573392868042, ""vy"": 0.07544445246458054, ""r"": 2.5906050205230713}]"
165,8.25,-42.90526580810547,24.53893280029297,0.0026874283652896097,2.097246472274512,0.0,0.0,1.0,PlanStatus.FAIL,20,21.92090351695639,-0.0258766323021035,False,42.34856097462992,0.7052502684794324,2.8253680336021847,8.131115550302399,-0.0258766323021035,4.5,False,7.531000068411231,20,21.92090351695639,-0.0258766323021035,0.1,60,-42.90526580760022,24.538932800294372,0.0027790131596657467,2.097246472274512,-24.16587832046982,27.248012776219472,0.531598630189846,4.459954107871244,1,"[{""id"": 162, ""x"": -89.12235260009766, ""y"": 27.900360107421875, ""vx"": 7.534456729888916, ""vy"": 0.07370805740356445, ""r"": 2.5906050205230713}]"
166,8.3,-42.80044174194336,24.53916358947754,0.002863869029291164,2.0835973108354913,0.0,0.0,1.0,PlanStatus.FAIL,20,22.025727819161368,-0.02593715023854212,False,42.08119953729196,0.8370384990372981,3.3279678048824595,9.315518057915533,-0.02593715023854212,4.5,False,7.237099809572101,20,22.025727819161368,-0.02593715023854212,0.1,60,-42.80044174323023,24.53916358947396,0.002779021006229149,2.0835973108354913,-24.110323223070015,27.28062110815814,0.5316094438513291,4.4597266218472695,1,"[{""id"": 162, ""x"": -88.74919891357422, ""y"": 27.90411376953125, ""vx"": 7.415822505950928, ""vy"": 0.07143671065568924, ""r"": 2.5906050205230713}]"
167,8.35,-42.69941329956055,24.539440155029297,0.00288718131157939,1.9443208294074474,0.0,0.0,1.0,PlanStatus.FAIL,20,22.126756640005723,-0.025941345556959126,False,41.81219328204013,1.0046084783903777,3.723684949486384,8.878668574836613,-0.025941345556959126,4.0,False,8.667099988088012,20,22.126756640005723,-0.025941345556959126,0.1,60,-42.69941330590198,24.539440155011675,0.0027790210062121922,1.9443208294074474,-25.646051044743075,26.377681071666544,0.5313565147606281,3.9657386804901176,1,"[{""id"": 162, ""x"": -88.37818908691406, ""y"": 27.90778923034668, ""vx"": 7.424932479858398, ""vy"": 0.07192711532115936, ""r"": 2.5906050205230713}]"
168,8.4,-42.635536193847656,24.53953742980957,0.00313882714805126,0.7574722196912479,-0.0007621718104928732,0.5,0.0,PlanStatus.OK,20,22.190633769386988,-0.026021586742408478,True,41.508912340385876,1.1237356823760215e-05,1.6855582125820286e-05,0.10241332164214118,-0.026021586742408478,3.5,False,8.428999921306968,20,22.190633769386988,-0.026021586742408478,0.1,60,-42.63553620341429,24.53953742978299,0.0027790210062054086,0.7574722196912479,-30.076041670698228,24.57443476155627,0.0027790104051696168,3.454291203661516,1,"[{""id"": 162, ""x"": -88.00997161865234, ""y"": 27.91098976135254, ""vx"": 7.324099063873291, ""vy"": 0.05439126864075661, ""r"": 2.5906050205230713}]"
169,8.450000000000001,-42.62700653076172,24.539554595947266,0.0031412830299041524,0.0005470103623293474,-0.0007666741730645299,0.5,0.0,PlanStatus.OK,20,22.199163447240828,-0.026028124753380833,True,41.151753227662034,1.8634480613366188e-05,1.9263189993878535e-05,0.0024366361758126993,-0.026028124753380833,4.0,False,7.856799988076091,20,22.199163447240828,-0.026028124753380833,0.1,60,-42.62700654075891,24.539554595919487,0.0027790210059001007,0.0005470103623293474,-30.825438405915786,24.572345636834097,0.00277901040508671,3.9333424501727072,1,"[{""id"": 162, ""x"": -87.64308166503906, ""y"": 27.913793563842773, ""vx"": 7.34792947769165, ""vy"": 0.04885721951723099, ""r"": 2.5906050205230713}]"
170,8.5,-42.627044677734375,24.539554595947266,0.00314127392730277,7.640442794821363e-05,-0.0007666542078368366,0.5,0.0,PlanStatus.OK,20,22.199125300415478,-0.026028018742279675,True,40.78830109511121,1.8527062579727828e-05,1.9145681222163674e-05,0.0024582805638158054,-0.026028018742279675,4.0,False,8.782200049608946,20,22.199125300415478,-0.026028018742279675,0.1,60,-42.62704468772961,24.539554595919494,0.0027790210061844935,7.640442794821363e-05,-30.826864834990054,24.572341778774167,0.002779010405097769,3.933334606740468,1,"[{""id"": 162, ""x"": -87.2784423828125, ""y"": 27.916404724121094, ""vx"": 7.254626750946045, ""vy"": 0.045962609350681305, ""r"": 2.5906050205230713}]"
171,8.55,-42.62122344970703,24.539575576782227,0.003139256270687845,0.15156298724198872,-0.0007625665166415274,0.5,0.0,PlanStatus.OK,20,22.204946564270394,-0.026023215282481037,True,40.43184078910411,1.636475867769903e-05,1.865783704290032e-05,0.0024787519916583413,-0.026023215282481037,4.0,False,7.543399930000305,20,22.204946564270394,-0.026023215282481037,0.1,60,-42.62122345999257,24.53957557675365,0.002779021006193204,0.15156298724198872,-30.374159938931644,24.57360465710777,0.0027790104051211607,3.935859383120699,1,"[{""id"": 162, ""x"": -86.91494750976562, ""y"": 27.918880462646484, ""vx"": 7.2802276611328125, ""vy"": 0.043934840708971024, ""r"": 2.5906050205230713}]"
172,8.6,-42.606693267822266,24.53966522216797,0.0030150250073221526,0.3515168367188316,-0.000499146815855056,0.5,0.0,PlanStatus.OK,20,22.219476939173294,-0.0259739498716081,True,40.08648850577437,1.7007273467545766e-05,1.7871403649263352e-05,0.002500587641836988,-0.0259739498716081,4.0,False,8.131900103762746,20,22.219476939173294,-0.0259739498716081,0.1,60,-42.60669327881619,24.539665222137423,0.0027790210061835645,0.3515168367188316,-29.76977187743575,24.57533340494541,0.0027786986671088465,3.939191947278647,1,"[{""id"": 162, ""x"": -86.55387878417969, ""y"": 27.921241760253906, ""vx"": 7.1809515953063965, ""vy"": 0.04261020943522453, ""r"": 2.5906050205230713}]"
173,8.65,-42.58329391479492,24.53970718383789,0.003050527493381296,0.5161805488491175,-0.0005746250390075147,0.5,0.0,PlanStatus.OK,20,22.242876318456798,-0.025997015573614866,True,39.75149367196972,1.291158923591075e-05,1.8162036724564748e-05,0.002520459386167859,-0.025997015573614866,4.0,False,7.943999953567982,20,22.242876318456798,-0.025997015573614866,0.1,60,-42.58329392697176,24.539707183804058,0.0027790210062037103,0.5161805488491175,-29.260649562786636,24.576724114836797,0.0027768902858164982,3.9419363424808225,1,"[{""id"": 162, ""x"": -86.1943130493164, ""y"": 27.92352294921875, ""vx"": 7.197756290435791, ""vy"": 0.04205833747982979, ""r"": 2.5906050205230713}]"
174,8.700000000000001,-42.55276870727539,24.539762496948242,0.0031926549912128606,0.6891432961024145,-0.0008763528312556446,0.5,0.0,PlanStatus.OK,20,22.27340156182006,-0.02602653276057895,True,39.42658837645125,1.3209414090662183e-05,1.813830896172427e-05,0.0025424398318663528,-0.02602653276057895,4.0,False,7.956600049510598,20,22.27340156182006,-0.02602653276057895,0.1,60,-42.55276872099821,24.539762496910114,0.002779021006192246,0.6891432961024145,-28.719921468529797,24.57819618522995,0.0027769784162737393,3.9448190549350373,1,"[{""id"": 162, ""x"": -85.83773040771484, ""y"": 27.925729751586914, ""vx"": 7.085705280303955, ""vy"": 0.04118037596344948, ""r"": 2.5906050205230713}]"
175,8.75,-42.51527786254883,24.539823532104492,0.003331407504526265,0.8153055525498775,-0.001170873292721808,0.5,0.0,PlanStatus.OK,20,22.310892431394375,-0.026069685550943474,True,39.11073786895108,1.57330956428657e-05,1.8107099622865358e-05,0.1025621233762834,-0.026069685550943474,3.5,False,7.328699808567762,20,22.310892431394375,-0.026069685550943474,0.1,60,-42.515277878179305,24.539823532061064,0.0027790210062494133,0.8153055525498775,-29.785178356937607,24.57519488748592,0.002778751863635096,3.4552550925425036,1,"[{""id"": 162, ""x"": -85.4832534790039, ""y"": 27.927865982055664, ""vx"": 7.092812538146973, ""vy"": 0.04027942195534706, ""r"": 2.5906050205230713}]"
176,8.8,-42.468467712402344,24.53990936279297,0.003574251125461638,1.0019502199542054,-0.0016863051569089293,0.5,0.0,PlanStatus.OK,20,22.357702639309547,-0.02611394141701457,True,38.807625271380594,9.548343497159972e-06,1.9270492931694645e-05,0.1025818305019864,-0.02611394141701457,3.5,False,8.954399963840842,20,22.357702639309547,-0.02611394141701457,0.1,60,-42.4684677304168,24.539909362742918,0.002779021006239859,1.0019502199542054,-29.187807592720763,24.57680946613839,0.002776906413158341,3.458365836999239,1,"[{""id"": 162, ""x"": -85.1322250366211, ""y"": 27.929943084716797, ""vx"": 6.971109867095947, ""vy"": 0.03960195183753967, ""r"": 2.5906050205230713}]"
177,8.85,-42.41474533081055,24.54012107849121,0.0034270337130115247,1.160913733028765,-0.0013739753048866987,0.5,0.0,PlanStatus.OK,20,22.41142540181525,-0.026051521971086785,True,38.51379258172846,1.0326549284026845e-05,1.5957579537909453e-05,0.20260033455950976,-0.026051521971086785,3.0,False,7.424699841067195,20,22.41142540181525,-0.026051521971086785,0.1,60,-42.414745351481045,24.540121078433785,0.0027790210062173786,1.160913733028765,-30.14009723979657,24.574226814660705,0.0027790104051547537,2.9693485622171414,1,"[{""id"": 162, ""x"": -84.7835922241211, ""y"": 27.931968688964844, ""vx"": 6.975037097930908, ""vy"": 0.038991063833236694, ""r"": 2.5906050205230713}]"
178,8.9,-42.3536262512207,24.540197372436523,0.003655001082545283,1.2560953463210398,-0.0018577775917947292,0.5,0.0,PlanStatus.OK,20,22.472544457417417,-0.026145079307814546,True,38.23091764750804,1.3495077419822659e-05,1.871616360629713e-05,0.20262020235172448,-0.026145079307814546,3.0,False,7.304399972781539,20,22.472544457417417,-0.026145079307814546,0.1,60,-42.353626275047155,24.54019737237033,0.0027790210062421782,1.2560953463210398,-29.798195336029593,24.575083347330008,0.002778804991917907,2.9709349224386874,1,"[{""id"": 162, ""x"": -84.43852996826172, ""y"": 27.93399429321289, ""vx"": 6.851836204528809, ""vy"": 0.040072765201330185, ""r"": 2.5906050205230713}]"
179,8.950000000000001,-42.28422927856445,24.540374755859375,0.003638553462070792,1.4752486542347771,-0.001822947640903294,0.5,0.0,PlanStatus.OK,20,22.54194165505052,-0.026160551966461876,True,37.9585533300326,1.2311022352300249e-05,1.9256808624730157e-05,0.20263898946829562,-0.026160551966461876,3.0,False,7.50699988566339,20,22.54194165505052,-0.026160551966461876,0.1,60,-42.28422930590621,24.54037475578342,0.0027790210062483213,1.4752486542347771,-29.082345449889324,24.577055718633005,0.00277692777794761,2.9745874775705796,1,"[{""id"": 162, ""x"": -84.09573364257812, ""y"": 27.935958862304688, ""vx"": 6.860476970672607, ""vy"": 0.03786124661564827, ""r"": 2.5906050205230713}]"
180,9.0,-42.20730209350586,24.540584564208984,0.003557724442392285,1.5804547818740646,0.0,0.0,1.0,PlanStatus.FAIL,20,22.618869126117666,-0.02616452641507081,False,37.69698093220696,0.15300797521266932,0.46176083680033525,3.010261194798585,-0.02616452641507081,3.0,False,9.828000096604228,20,22.618869126117666,-0.02616452641507081,0.1,60,-42.20730212473347,24.540584564122238,0.0027790210062953956,1.5804547818740646,-28.684794582708662,24.592385649792927,0.04895302633300963,2.976340913031227,1,"[{""id"": 162, ""x"": -83.7562255859375, ""y"": 27.937904357910156, ""vx"": 6.742709159851074, ""vy"": 0.03860966116189957, ""r"": 2.5906050205230713}]"
181,9.05,-42.12303924560547,24.54085350036621,0.003558002981994578,1.742895116095381,0.0,0.0,1.0,PlanStatus.FAIL,20,22.703132396017324,-0.02612975921927723,False,37.444605557417184,1.0194393031746272,3.747764703109883,8.898937086834431,-0.02612975921927723,4.0,False,7.272900082170963,20,22.703132396017324,-0.02612975921927723,0.1,60,-42.12303928103779,24.54085350026779,0.002779021006294386,1.742895116095381,-25.661344557040426,26.36848128733938,0.5313575670998991,3.962381585268263,1,"[{""id"": 162, ""x"": -83.4186019897461, ""y"": 27.939849853515625, ""vx"": 6.760442733764648, ""vy"": 0.03875770419836044, ""r"": 2.5906050205230713}]"
182,9.1,-42.03779602050781,24.54115104675293,0.0035583241737862036,1.663224441458921,0.0,0.0,1.0,PlanStatus.FAIL,20,22.788376118836876,-0.026069106389784786,False,37.19609006816659,0.9465636813993844,2.829894846450001,8.116515520548353,-0.026069106389784786,3.0,False,8.233200060203671,20,22.788376118836876,-0.026069106389784786,0.1,60,-42.037796060143535,24.54115104664284,0.0027790210062798968,1.663224441458921,-28.328815266236205,24.80149534649471,0.5308965439467007,2.977720407357651,1,"[{""id"": 162, ""x"": -83.08387756347656, ""y"": 27.941598892211914, ""vx"": 6.650450229644775, ""vy"": 0.03112902119755745, ""r"": 2.5906050205230713}]"
183,9.15,-41.95621871948242,24.54144287109375,0.0035583369174281383,1.550126918345954,0.0,0.0,1.0,PlanStatus.FAIL,20,22.869953915838373,-0.02600398791720555,False,36.94535710477773,1.0778435148278567,3.227152891310665,8.955226989559623,-0.02600398791720555,3.0,False,7.5165999587625265,20,22.869953915838373,-0.02600398791720555,0.1,60,-41.956218763110236,24.54144287097258,0.0027786855247872895,1.550126918345954,-28.545778808045913,24.674185772032967,0.32549225741448706,2.9758354486391005,1,"[{""id"": 162, ""x"": -82.75059509277344, ""y"": 27.943185806274414, ""vx"": 6.67657470703125, ""vy"": 0.02894824743270874, ""r"": 2.5906050205230713}]"
184,9.200000000000001,-41.918907165527344,24.541574478149414,0.0035585519988950813,0.23119336816264333,-0.0016523569356650114,0.5,0.0,PlanStatus.OK,20,22.907265691454068,-0.025976070828485773,True,36.653110517893346,2.8172073275398262e-05,2.1242368190219074e-05,0.0027380569111206034,-0.025976070828485773,4.0,False,7.9101999290287495,20,22.907265691454068,-0.025976070828485773,0.1,60,-41.91890721097748,24.541574478023186,0.002779021006236047,0.23119336816264333,-29.436960263564195,24.576255459796982,0.0027768861683642896,3.9371865561360484,1,"[{""id"": 162, ""x"": -82.4198989868164, ""y"": 27.9447021484375, ""vx"": 6.571262836456299, ""vy"": 0.02782527357339859, ""r"": 2.5906050205230713}]"
185,9.25,-41.917659759521484,24.54157829284668,0.003554835796862255,0.00017539107562011396,-0.0016442377818748355,0.5,0.0,PlanStatus.OK,20,22.908513103244207,-0.025975722708981346,True,36.326212163883056,3.901744386043781e-05,1.4654670329040768e-05,0.002763027967324817,-0.025975722708981346,4.0,False,7.590800058096647,20,22.908513103244207,-0.025975722708981346,0.1,60,-41.9176598050335,24.54157829272028,0.002779021005945681,0.00017539107562011396,-30.11718794742419,24.57436627954128,0.0027790104051632894,3.9333362565179244,1,"[{""id"": 162, ""x"": -82.09046936035156, ""y"": 27.946151733398438, ""vx"": 6.600643157958984, ""vy"": 0.02663218043744564, ""r"": 2.5906050205230713}]"
186,9.3,-41.91765594482422,24.54157829284668,0.0035548292950041247,9.99390677710519e-05,-0.001644223928451538,0.5,0.0,PlanStatus.OK,20,22.908516917926743,-0.025975733310088973,True,36.00063799499166,3.907242859264855e-05,1.4667021169876941e-05,0.0027879350877888626,-0.025975733310088973,4.0,False,7.308899890631437,20,22.908516917926743,-0.025975733310088973,0.1,60,-41.91765599033644,24.54157829272028,0.0027790210062511853,9.99390677710519e-05,-30.117406715278214,24.574365660980423,0.002779010405153307,3.933334998984458,1,"[{""id"": 162, ""x"": -81.76359558105469, ""y"": 27.947546005249023, ""vx"": 6.493988037109375, ""vy"": 0.025896886363625526, ""r"": 2.5906050205230713}]"
187,9.35,-41.91230773925781,24.541593551635742,0.0035511939760864367,0.13378551443354414,-0.001636630855500698,0.5,0.0,PlanStatus.OK,20,22.913865145245623,-0.025975337336433257,True,35.68177476730114,4.361854106122982e-05,1.8579556725828103e-05,0.0028131787271410587,-0.025975337336433257,4.0,False,8.541800081729889,20,22.913865145245623,-0.025975337336433257,0.1,60,-41.912307785037264,24.5415935515086,0.00277902100639855,0.13378551443354414,-29.717694653503347,24.57547662816007,0.0027784116670866643,3.9355630919072317,1,"[{""id"": 162, ""x"": -81.43809509277344, ""y"": 27.948917388916016, ""vx"": 6.521096706390381, ""vy"": 0.025916296988725662, ""r"": 2.5906050205230713}]"
188,9.4,-41.899864196777344,24.541711807250977,0.0034143928004350304,0.30984046726823733,-0.0013465317897498608,0.5,0.0,PlanStatus.OK,20,22.92630896831006,-0.02589166299927229,True,35.372754977021955,3.5130814096709456e-05,1.9072736208792032e-05,0.0028370624729030206,-0.02589166299927229,4.0,False,8.083600085228682,20,22.92630896831006,-0.02589166299927229,0.1,60,-41.89986424303068,24.54171180712252,0.0027790210062099267,0.30984046726823733,-29.185925425547303,24.577036971796954,0.0027769021803582977,3.9384973411211326,1,"[{""id"": 162, ""x"": -81.11537170410156, ""y"": 27.95024299621582, ""vx"": 6.408792972564697, ""vy"": 0.02480010688304901, ""r"": 2.5906050205230713}]"
189,9.450000000000001,-41.88172912597656,24.541704177856445,0.0036839907873526916,0.433733576574128,-0.001918714726343751,0.5,0.0,PlanStatus.OK,20,22.944443947880472,-0.025949690042174997,True,35.0710442518289,3.272010518497491e-05,1.845859493154918e-05,0.0028608784021086995,-0.025949690042174997,4.0,False,7.432000013068318,20,22.944443947880472,-0.025949690042174997,0.1,60,-41.88172917324112,24.541704177725183,0.0027790210062809207,0.433733576574128,-28.80233208780469,24.57804417279864,0.0027769646283568148,3.9405622262762376,1,"[{""id"": 162, ""x"": -80.79426574707031, ""y"": 27.951534271240234, ""vx"": 6.431589126586914, ""vy"": 0.024672381579875946, ""r"": 2.5906050205230713}]"
190,9.5,-41.855560302734375,24.541751861572266,0.003824947430572192,0.5667042778307961,-0.0022179363295435905,0.5,0.0,PlanStatus.OK,20,22.970612802586245,-0.02597473012637348,True,34.78038092322297,1.4382912282291618e-05,1.6705249339297144e-05,0.10288055455858641,-0.02597473012637348,3.5,False,7.95749993994832,20,22.970612802586245,-0.02597473012637348,0.1,60,-41.85556035135543,24.541751861437238,0.0027780130292956854,0.5667042778307961,-29.858829047184415,24.575085256048066,0.002779010405186344,3.4511117379638505,1,"[{""id"": 162, ""x"": -80.47620391845703, ""y"": 27.95279884338379, ""vx"": 6.313512325286865, ""vy"": 0.02411520853638649, ""r"": 2.5906050205230713}]"
191,9.55,-41.82233810424805,24.54183578491211,0.00372215773487354,0.70442917511484,-0.0019999025389552116,0.5,0.0,PlanStatus.OK,20,23.003835156119663,-0.025983124777747033,True,34.49855415653771,1.144666702986582e-05,1.8813851685385748e-05,0.10290391812783359,-0.025983124777747033,3.5,False,7.812299998477101,20,23.003835156119663,-0.025983124777747033,0.1,60,-41.82233810405573,24.541835784912642,0.0027770924701592905,0.70442917511484,-29.419346368576402,24.576297317887644,0.0027768684170034253,3.453407152918578,1,"[{""id"": 162, ""x"": -80.15994262695312, ""y"": 27.954086303710938, ""vx"": 6.334048748016357, ""vy"": 0.025772852823138237, ""r"": 2.5906050205230713}]"
192,9.600000000000001,-41.78118896484375,24.541839599609375,0.004016946260856044,0.8990716613979813,-0.0026256407145410776,0.5,0.0,PlanStatus.OK,20,23.044984147441742,-0.026093584913499963,True,34.227785713083506,9.095335600437584e-06,2.1415446439217514e-05,0.1029269686008108,-0.026093584913499963,3.5,False,7.3281999211758375,20,23.044984147441742,-0.026093584913499963,0.1,60,-41.78118896257992,24.541839599615663,0.002777092470153841,0.8990716613979813,-28.804044388653995,24.57789552277739,0.0027769690448566425,3.4566511943566383,1,"[{""id"": 162, ""x"": -79.84683227539062, ""y"": 27.95536994934082, ""vx"": 6.213505744934082, ""vy"": 0.025337010622024536, ""r"": 2.5906050205230713}]"
193,9.65,-41.73168182373047,24.54186248779297,0.00437570318801414,1.0434756635443125,-0.003387085162103176,0.5,0.0,PlanStatus.OK,20,23.094491161212126,-0.026208182550249905,True,33.96714136398996,9.378833381397074e-06,1.4593414583048692e-05,0.2029477500121994,-0.026208182550249905,3.0,False,7.323099998757243,20,23.094491161212126,-0.026208182550249905,0.1,60,-41.731681818954456,24.541862487806235,0.0027770924701296345,1.0434756635443125,-29.803476158997302,24.57500557983539,0.0027788434719776293,2.967391261059076,1,"[{""id"": 162, ""x"": -79.53551483154297, ""y"": 27.956642150878906, ""vx"": 6.235857009887695, ""vy"": 0.025420421734452248, ""r"": 2.5906050205230713}]"
194,9.700000000000001,-41.67583084106445,24.5421142578125,0.004092292653684945,1.1788743921394746,-0.002785797230899334,0.5,0.0,PlanStatus.OK,20,23.150342627697842,-0.026111516645619882,True,33.7158782710245,7.745369369848621e-06,1.3337453033373387e-05,0.20296939304835873,-0.026111516645619882,3.0,False,7.4640000239014626,20,23.150342627697842,-0.026111516645619882,0.1,60,-41.67583083349356,24.54211425783353,0.0027770924701535893,1.1788743921394746,-29.34823020088782,24.576366408772326,0.002776884180912841,2.9696479065356645,1,"[{""id"": 162, ""x"": -79.22727966308594, ""y"": 27.957897186279297, ""vx"": 6.116964817047119, ""vy"": 0.02490926906466484, ""r"": 2.5906050205230713}]"
195,9.75,-41.61298370361328,24.54244041442871,0.003600218246461537,1.2993249669950881,-0.00174170162063092,0.5,0.0,PlanStatus.OK,20,23.213190428568904,-0.025959893374950888,True,33.473166784816534,9.061004575430451e-06,2.054584939729931e-05,0.20299219977275812,-0.025959893374950888,3.0,False,8.240499999374151,20,23.213190428568904,-0.025959893374950888,0.1,60,-41.612983692939935,24.542440414458355,0.0027770924701902714,1.2993249669950881,-28.93008221362345,24.577679208197015,0.002776951794782109,2.971655416116579,1,"[{""id"": 162, ""x"": -78.9206314086914, ""y"": 27.959108352661133, ""vx"": 6.14447021484375, ""vy"": 0.02348068356513977, ""r"": 2.5906050205230713}]"
196,9.8,-41.54159164428711,24.542665481567383,0.0033884688517731155,1.5208800176535697,0.0,0.0,1.0,PlanStatus.FAIL,20,23.284582837630264,-0.025933089199706147,False,33.24183574517439,1.2711092175420273,3.7889083490520226,10.105824238995428,-0.025933089199706147,3.0,False,8.086299989372492,20,23.284582837630264,-0.025933089199706147,0.1,60,-41.54159163005427,24.542665481606917,0.002777092470170647,1.5208800176535697,-28.26322205455915,24.840166687849845,0.530907908148997,2.9753480002942223,1,"[{""id"": 162, ""x"": -78.6168441772461, ""y"": 27.960309982299805, ""vx"": 6.029608249664307, ""vy"": 0.023993322625756264, ""r"": 2.5906050205230713}]"
197,9.850000000000001,-41.4632453918457,24.54290771484375,0.0033704267156108043,1.5777016509895634,0.0,0.0,1.0,PlanStatus.FAIL,20,23.362929460662556,-0.025908431365470105,False,33.01877849670876,0.9742883912301806,3.2009879641437835,8.206123098145772,-0.025908431365470105,3.5,False,8.259200025349855,20,23.362929460662556,-0.025908431365470105,0.1,60,-41.46324537371181,24.542907714894124,0.002777092470207452,1.5777016509895634,-26.782211532453683,25.71005534309195,0.5311637580216079,3.4679616941831646,1,"[{""id"": 162, ""x"": -78.31439971923828, ""y"": 27.961517333984375, ""vx"": 6.063019275665283, ""vy"": 0.024205612018704414, ""r"": 2.5906050205230713}]"
198,9.9,-41.38228988647461,24.543170928955078,0.003371289902296153,1.6363808696159887,0.0,0.0,1.0,PlanStatus.FAIL,20,23.44388538482859,-0.025870038904529595,False,32.80093495466526,0.7386695670140343,2.6505856086459043,6.298118581963456,-0.025870038904529595,4.0,False,7.499000057578087,20,23.44388538482859,-0.025870038904529595,0.1,60,-41.38228986432862,24.5431709290166,0.0027770924701808523,1.6363808696159887,-25.294395501458492,26.58447012521231,0.5314147485877488,3.9606063478269244,1,"[{""id"": 162, ""x"": -78.01457214355469, ""y"": 27.962718963623047, ""vx"": 5.951571464538574, ""vy"": 0.02378341369330883, ""r"": 2.5906050205230713}]"
199,9.950000000000001,-41.3087043762207,24.54341697692871,0.0033713260526273565,1.2149106959003293,-0.0012563151540234685,0.5,0.0,PlanStatus.OK,20,23.51747129462512,-0.02582834538344903,True,32.57691347788722,1.0741039953670229e-05,1.6222674689681492e-05,0.20307408573002095,-0.02582834538344903,3.0,False,7.859000004827976,20,23.51747129462512,-0.02582834538344903,0.1,60,-41.308704350445055,24.54341697700032,0.002777092470214823,1.2149106959003293,-28.874827301162263,24.57796419852776,0.002776960123211896,2.970248511598333,1,"[{""id"": 162, ""x"": -77.71590423583984, ""y"": 27.96382713317871, ""vx"": 5.988683223724365, ""vy"": 0.02060888335108757, ""r"": 2.5906050205230713}]"
200,10.0,-41.28680419921875,24.54349136352539,0.003366354991975425,0.005970015281943973,-0.001245336141437292,0.5,0.0,PlanStatus.OK,20,23.539371593755583,-0.025814777812085507,True,32.3039978414381,2.0425486560759238e-05,1.952362178670678e-05,0.003103453982790381,-0.025814777812085507,4.0,False,8.280399953946471,20,23.539371593755583,-0.025814777812085507,0.1,60,-41.28680417236635,24.54349136359999,0.0027770924699448084,0.005970015281943973,-29.469261332418174,24.57632705659334,0.002777058043004854,3.933432833588038,1,"[{""id"": 162, ""x"": -77.41978454589844, ""y"": 27.96488380432129, ""vx"": 5.87755012512207, ""vy"": 0.020159956067800522, ""r"": 2.5906050205230713}]"
201,10.05,-41.286888122558594,24.543487548828125,0.0033662241745898483,0.004979840607698188,-0.001245057675987482,0.5,0.0,PlanStatus.OK,20,23.539287660145604,-0.025818359432065636,True,32.01035687008269,2.0110962951386868e-05,1.9361499190486547e-05,0.003131753975357457,-0.025818359432065636,4.0,False,7.997900014743209,20,23.539287660145604,-0.025818359432065636,0.1,60,-41.286888095706644,24.543487548902725,0.002777092469826278,0.004979840607698188,-29.472266068900108,24.576315131123554,0.0027770742552789525,3.93341633067679,1,"[{""id"": 162, ""x"": -77.12480163574219, ""y"": 27.965944290161133, ""vx"": 5.914775371551514, ""vy"": 0.020703505724668503, ""r"": 2.5906050205230713}]"
202,10.100000000000001,-41.27853012084961,24.54351043701172,0.0033614538913169737,0.23988625101905206,-0.0012350890319794416,0.5,0.0,PlanStatus.OK,20,23.54764569318766,-0.02581868225050701,True,31.72775610621185,1.414432561103672e-05,1.6501724538929216e-05,0.0031575260456371402,-0.02581868225050701,4.0,False,7.731000194326043,20,23.54764569318766,-0.02581868225050701,0.1,60,-41.27853009358117,24.543510437087473,0.0027770924701907593,0.23988625101905206,-28.770982126972307,24.578262239677976,0.0027769690425896013,3.9373314375169812,1,"[{""id"": 162, ""x"": -76.83245086669922, ""y"": 27.966964721679688, ""vx"": 5.800694942474365, ""vy"": 0.01918919011950493, ""r"": 2.5906050205230713}]"
203,10.15,-41.25961685180664,24.54355812072754,0.003361265597505527,0.44196625981752696,-0.0012348120799288154,0.5,0.0,PlanStatus.OK,20,23.566559021720735,-0.025823522548093305,True,31.456955011945233,1.793712797339996e-05,1.7522051079708022e-05,0.10318507595360339,-0.025823522548093305,3.5,False,7.669399958103895,20,23.566559021720735,-0.025823522548093305,0.1,60,-41.25961682359117,24.543558120805926,0.002777092470226682,0.44196625981752696,-29.63087390238032,24.5758695327746,0.0027777845554220956,3.449032770996963,1,"[{""id"": 162, ""x"": -76.5413818359375, ""y"": 27.967966079711914, ""vx"": 5.835798263549805, ""vy"": 0.019649911671876907, ""r"": 2.5906050205230713}]"
204,10.200000000000001,-41.23456573486328,24.54355812072754,0.0035501112866706164,0.5934668967831592,-0.0016356485430151224,0.5,0.0,PlanStatus.OK,20,23.591610042064012,-0.02589309172690233,True,31.195065973642578,1.2535794486213097e-05,2.0392037646684534e-05,0.10321153435547188,-0.02589309172690233,3.5,False,7.622499950230122,20,23.591610042064012,-0.02589309172690233,0.1,60,-41.234565705320875,24.543558120809614,0.0027770924701879507,0.5934668967831592,-29.158928236012073,24.57711051273356,0.002776910505243684,3.4515577816130505,1,"[{""id"": 162, ""x"": -76.25310516357422, ""y"": 27.96895408630371, ""vx"": 5.717684745788574, ""vy"": 0.01903596892952919, ""r"": 2.5906050205230713}]"
205,10.25,-41.20133590698242,24.543519973754883,0.0038404944136585053,0.7226846420657099,-0.0022519477643072605,0.5,0.0,PlanStatus.OK,20,23.624839635869172,-0.026023520738632712,True,30.942749107884623,1.2074288796609145e-05,1.7523846979694904e-05,0.10323705085459312,-0.026023520738632712,3.5,False,7.6108998619019985,20,23.624839635869172,-0.026023520738632712,0.1,60,-41.201335875623506,24.543519973842006,0.0027770924701725325,0.7226846420657099,-28.74453472653904,24.578130845849078,0.002776978389423933,3.453711410701098,1,"[{""id"": 162, ""x"": -75.96624755859375, ""y"": 27.96990966796875, ""vx"": 5.75115966796875, ""vy"": 0.018182629719376564, ""r"": 2.5906050205230713}]"
206,10.3,-41.16048812866211,24.54354476928711,0.004055587844020388,0.8389495890531596,-0.0027084755711257458,0.5,0.0,PlanStatus.OK,20,23.665687325534993,-0.02611216321380212,True,30.700906871611664,1.1958586871310923e-05,1.4068467603088088e-05,0.20326133034788652,-0.02611216321380212,3.0,False,7.631999906152487,20,23.665687325534993,-0.02611216321380212,0.1,60,-41.160488095139385,24.543544769380247,0.002777092470239618,0.8389495890531596,-29.835630565391252,24.575012291418197,0.0027790104051993694,2.9639824931508847,1,"[{""id"": 162, ""x"": -75.68228912353516, ""y"": 27.9708251953125, ""vx"": 5.63054084777832, ""vy"": 0.0174484234303236, ""r"": 2.5906050205230713}]"
207,10.350000000000001,-41.11268997192383,24.543752670288086,0.0037844429350164187,1.0278214905109393,-0.0021408130414783955,0.5,0.0,PlanStatus.OK,20,23.713485875317467,-0.026037002745058675,True,30.46740245850166,1.0649691089194297e-05,2.1145837970164803e-05,0.2032873386058974,-0.026037002745058675,3.0,False,7.3854997754096985,20,23.713485875317467,-0.026037002745058675,0.1,60,-41.11268993609749,24.54375267038763,0.0027770924702057486,1.0278214905109393,-29.230701239864185,24.57676729200971,0.0027769032012221408,2.9671303581751816,1,"[{""id"": 162, ""x"": -75.3997573852539, ""y"": 27.97176742553711, ""vx"": 5.664882183074951, ""vy"": 0.01904214732348919, ""r"": 2.5906050205230713}]"
208,10.4,-41.05747604370117,24.543973922729492,0.0034115683932633254,1.1372373251250307,-0.0013501103967428207,0.5,0.0,PlanStatus.OK,20,23.768700205066352,-0.025969085144047298,True,30.244154593785368,1.5151898854545419e-05,1.840732167120683e-05,0.20331145688616264,-0.025969085144047298,3.0,False,8.476499933749437,20,23.768700205066352,-0.025969085144047298,0.1,60,-41.05747600520304,24.54397392283646,0.0027770924702336924,1.1372373251250307,-28.852736299113065,24.5778848052012,0.0027769644317535763,2.9689539554187574,1,"[{""id"": 162, ""x"": -75.12010192871094, ""y"": 27.97271728515625, ""vx"": 5.544545650482178, ""vy"": 0.018719088286161423, ""r"": 2.5906050205230713}]"
209,10.450000000000001,-40.99412155151367,24.544208526611328,0.0031186074095640236,1.3522089592841848,0.0,0.0,1.0,PlanStatus.FAIL,20,23.83205510446724,-0.02591042322391846,False,30.0303401791506,1.007442452984827,3.6380451960538807,8.586683284379957,-0.02591042322391846,4.0,False,8.057700004428625,20,23.83205510446724,-0.02591042322391846,0.1,60,-40.99412150993673,24.54420852672686,0.0027770924702363365,1.3522089592841848,-25.681709270402116,26.356756612592537,0.5313499077199326,3.955870149321397,1,"[{""id"": 162, ""x"": -74.8417739868164, ""y"": 27.97365951538086, ""vx"": 5.582438945770264, ""vy"": 0.018875783309340477, ""r"": 2.5906050205230713}]"
210,10.5,-40.92448806762695,24.544418334960938,0.0030639195006089766,1.4013123288596019,0.0,0.0,1.0,PlanStatus.FAIL,20,23.901688902495412,-0.02589399405855925,False,29.82550140634163,0.734045516838182,2.8003490540241236,7.881552835681988,-0.02589399405855925,4.5,False,8.636899990960956,20,23.901688902495412,-0.02589399405855925,0.1,60,-40.92448802259907,24.544418335086064,0.0027777160909411083,1.4013123288596019,-24.22801546265709,27.211451252880654,0.5315890679057665,4.4483552054809925,1,"[{""id"": 162, ""x"": -74.56617736816406, ""y"": 27.97454833984375, ""vx"": 5.464509963989258, ""vy"": 0.016801834106445312, ""r"": 2.5906050205230713}]"
211,10.55,-40.8531494140625,24.54463005065918,0.0030629046905920345,1.3771613033957806,0.0,0.0,1.0,PlanStatus.FAIL,20,23.973027868922856,-0.025880392959704235,False,29.623489095916142,0.7475414698391749,2.848227362861449,7.9927212399897565,-0.025880392959704235,4.5,False,9.991699829697609,20,23.973027868922856,-0.025880392959704235,0.1,60,-40.85314936549768,24.54463005079414,0.0027786570367491275,1.3771613033957806,-24.2279368734597,27.21151201498416,0.5315886964917502,4.447952688389922,1,"[{""id"": 162, ""x"": -74.29170227050781, ""y"": 27.975446701049805, ""vx"": 5.507039546966553, ""vy"": 0.018239585682749748, ""r"": 2.5906050205230713}]"
212,10.600000000000001,-40.82347869873047,24.544721603393555,0.003062785316476766,0.1478829357288702,-0.0006121922051534057,0.5,0.0,PlanStatus.OK,20,24.002698674197543,-0.025871243995071156,True,29.38260274428685,7.88799195991987e-06,1.9055019810647507e-05,0.10340755900302463,-0.025871243995071156,3.5,False,9.373500011861324,20,24.002698674197543,-0.025871243995071156,0.1,60,-40.82347869873195,24.54472160339355,0.002779021006033687,0.1478829357288702,-30.062265625108633,24.574623388756734,0.0027790104051536595,3.4441313822621504,1,"[{""id"": 162, ""x"": -74.01979064941406, ""y"": 27.976320266723633, ""vx"": 5.391615867614746, ""vy"": 0.016710292547941208, ""r"": 2.5906050205230713}]"
213,10.65,-40.82361602783203,24.544721603393555,0.003059653501452671,0.00014341149785084697,-0.0006008578347973526,0.5,0.0,PlanStatus.OK,20,24.002561345626276,-0.025870862355104208,True,29.11307410847232,7.29133407030592e-06,2.013324640593849e-05,0.003440149586486983,-0.025870862355104208,4.0,False,7.3593000415712595,20,24.002561345626276,-0.025870862355104208,0.1,60,-40.82361602783344,24.54472160339355,0.0027790210058755422,0.00014341149785084697,-29.023290540683206,24.577509402139718,0.0027769284995430433,3.93333572352497,1,"[{""id"": 162, ""x"": -73.74886322021484, ""y"": 27.97716522216797, ""vx"": 5.437553405761719, ""vy"": 0.016395632177591324, ""r"": 2.5906050205230713}]"
214,10.700000000000001,-40.8236083984375,24.544721603393555,0.0030596581827905247,0.0008363172318721132,-0.0006009477656334639,0.5,0.0,PlanStatus.OK,20,24.002568974991345,-0.025870883557323008,True,28.84616613494491,7.350758833690031e-06,2.0012648916608623e-05,0.0034719180812041997,-0.025870883557323008,4.0,False,7.592800073325634,20,24.002568974991345,-0.025870883557323008,0.1,60,-40.823608398438914,24.54472160339355,0.002779021006132988,0.0008363172318721132,-29.021238980082522,24.57751507805488,0.002776928831747184,3.9333472719538607,1,"[{""id"": 162, ""x"": -73.48040008544922, ""y"": 27.97801399230957, ""vx"": 5.322639465332031, ""vy"": 0.016973264515399933, ""r"": 2.5906050205230713}]"
215,10.75,-40.81627655029297,24.54473876953125,0.0030590891401669805,0.20650189914615644,-0.0006039412692189217,0.5,0.0,PlanStatus.OK,20,24.009900842529113,-0.025874092819697707,True,28.587523170624728,1.0365745824355625e-05,1.8925831920123433e-05,0.10350247058533299,-0.025874092819697707,3.5,False,7.209400180727243,20,24.009900842529113,-0.025874092819697707,0.1,60,-40.8162765502984,24.544738769531236,0.0027790210061247943,0.20650189914615644,-29.88213821249957,24.575121117163647,0.0027790104051761614,3.445108364985766,1,"[{""id"": 162, ""x"": -73.21289825439453, ""y"": 27.9788818359375, ""vx"": 5.369348526000977, ""vy"": 0.01723155938088894, ""r"": 2.5906050205230713}]"
216,10.8,-40.803157806396484,24.544784545898438,0.003049827113223524,0.31816001318152776,-0.0005841017700731754,0.5,0.0,PlanStatus.OK,20,24.023019662981202,-0.025864773847210254,True,28.337164831631597,7.071476987701587e-06,1.793268973598102e-05,0.1035333390301509,-0.025864773847210254,3.5,False,8.02730000577867,20,24.023019662981202,-0.025864773847210254,0.1,60,-40.80315780640911,24.544784545898402,0.0027790210062098547,0.31816001318152776,-29.539647849177246,24.576081604802216,0.0027772171362210963,3.4469693335530294,1,"[{""id"": 162, ""x"": -72.94792175292969, ""y"": 27.9797306060791, ""vx"": 5.252443790435791, ""vy"": 0.016893895342946053, ""r"": 2.5906050205230713}]"
217,10.850000000000001,-40.78227233886719,24.544933319091797,0.0027787724500104006,0.45601303169743485,-8.494547728332691e-06,0.5,0.0,PlanStatus.OK,20,24.043905463305055,-0.025774042306615168,True,28.095539037140867,1.009147704072253e-05,1.956943767348132e-05,0.10356452601872643,-0.025774042306615168,3.5,False,7.659700000658631,20,24.043905463305055,-0.025774042306615168,0.1,60,-40.78227233889118,24.54493331909173,0.002779021006266673,0.45601303169743485,-29.11212504703824,24.577359532510552,0.002776917705468803,3.4492668838616214,1,"[{""id"": 162, ""x"": -72.68395233154297, ""y"": 27.980548858642578, ""vx"": 5.297922134399414, ""vy"": 0.015691453590989113, ""r"": 2.5906050205230713}]"
218,10.9,-40.75334548950195,24.54509162902832,0.0025870526794774923,0.6423435614628452,0.0003988203825429082,0.5,0.0,PlanStatus.OK,20,24.072832640916015,-0.02569612119995957,True,27.86491627267495,9.53571183029493e-06,1.7928218007706893e-05,0.20359269530081286,-0.02569612119995957,3.0,False,7.69880018197,20,24.072832640916015,-0.02569612119995957,0.1,60,-40.75334548954163,24.54509162902821,0.0027790210061961643,0.6423435614628452,-30.008473509582256,24.574948001461674,0.0027790104051707695,2.9607057260243757,1,"[{""id"": 162, ""x"": -72.42298889160156, ""y"": 27.98135757446289, ""vx"": 5.160800457000732, ""vy"": 0.016145462170243263, ""r"": 2.5906050205230713}]"
219,10.950000000000001,-40.71750259399414,24.54521942138672,0.0024936662310808817,0.7940375421085419,0.0005973384249955416,0.5,0.0,PlanStatus.OK,20,24.108675753154525,-0.025667937366355708,True,27.644310352886457,9.674811901643827e-06,2.1200493065939505e-05,0.2036223458161013,-0.025667937366355708,3.0,False,8.39660014025867,20,24.108675753154525,-0.025667937366355708,0.1,60,-40.71750259405328,24.545219421386555,0.0027790210061581153,0.7940375421085419,-29.52515444075331,24.57631868851503,0.0027768548933628278,2.9632339590351453,1,"[{""id"": 162, ""x"": -72.1651611328125, ""y"": 27.9821720123291, ""vx"": 5.150393009185791, ""vy"": 0.01622127927839756, ""r"": 2.5906050205230713}]"
220,11.0,-40.67387008666992,24.54547119140625,0.002065629404803571,0.9443280057870639,0.001505972002632916,0.5,0.0,PlanStatus.OK,20,24.15230879166612,-0.025537423817358743,True,27.463626910894046,1.0065232673062282e-05,1.8988172652343975e-05,0.20364521931780818,-0.025537423817358743,3.0,False,7.89860007353127,20,24.15230879166612,-0.025537423817358743,0.1,60,-40.67387008675239,24.54547119140602,0.0027790210062212744,0.9443280057870639,-29.03819778770266,24.577801444392822,0.002776932583951285,2.9657388000964566,1,"[{""id"": 162, ""x"": -71.93971252441406, ""y"": 27.98288345336914, ""vx"": 4.000450134277344, ""vy"": 0.012607830576598644, ""r"": 2.5906050205230713}]"
221,11.05,-40.62328338623047,24.54549789428711,0.0023570086164569873,1.0453861367578456,0.0,0.0,1.0,PlanStatus.FAIL,20,24.202895370973994,-0.02565130236181836,False,27.35206914049798,0.1845683194477195,0.553741534335104,3.218312992325668,-0.02565130236181836,3.0,False,7.769100135192275,20,24.202895370973994,-0.02565130236181836,0.1,60,-40.623283386340816,24.545497894286804,0.0027790210062041453,1.0453861367578456,-28.680256468523424,24.59564496079673,0.0581510950641854,2.9674231022792927,1,"[{""id"": 162, ""x"": -71.77684020996094, ""y"": 27.9833927154541, ""vx"": 2.767789602279663, ""vy"": 0.008432811126112938, ""r"": 2.5906050205230713}]"
222,11.100000000000001,-40.59798812866211,24.545352935791016,0.0028491085109642648,0.12698693607726944,-0.0001583783741807565,0.5,0.0,PlanStatus.OK,20,24.228190128023126,-0.025866556259814686,True,27.27718790553393,9.110504684549859e-06,1.8826580031779117e-05,0.1036703352046031,-0.025866556259814686,3.5,False,7.894400041550398,20,24.228190128023126,-0.025866556259814686,0.1,60,-40.59798812878726,24.545352935790667,0.0027790210062446246,0.12698693607726944,-29.898418025205626,24.57508341186726,0.002779010405186515,3.4437831156012844,1,"[{""id"": 162, ""x"": -71.67615509033203, ""y"": 27.983726501464844, ""vx"": 1.48709237575531, ""vy"": 0.004842289723455906, ""r"": 2.5906050205230713}]"
223,11.15,-40.59696960449219,24.54535675048828,0.0028463699283198768,0.1051471545792264,-0.0001526404230389744,0.5,0.0,PlanStatus.OK,20,24.22920865886115,-0.02586557207369996,True,27.24522013166847,1.059238573582862e-05,1.879389138140751e-05,0.10367493338706213,-0.02586557207369996,3.5,False,7.420100038871169,20,24.22920865886115,-0.02586557207369996,0.1,60,-40.59696960461789,24.545356750487933,0.0027790210062808873,0.1051471545792264,-29.96182660409452,24.574908182503037,0.002779010405166589,3.44341911924299,1,"[{""id"": 162, ""x"": -71.64295959472656, ""y"": 27.983856201171875, ""vx"": 0.1364402025938034, ""vy"": 0.0006372839561663568, ""r"": 2.5906050205230713}]"
224,11.200000000000001,-40.586753845214844,24.545387268066406,0.0028457010171554545,0.28608169796782035,-0.00015063198225107044,0.5,0.0,PlanStatus.OK,20,24.239424463499464,-0.02586344438650161,True,27.255355300642158,8.733034074042429e-06,1.770145979069441e-05,0.10367362629811366,-0.02586344438650161,3.5,False,8.239200105890632,20,24.239424463499464,-0.02586344438650161,0.1,60,-40.58675384534613,24.54538726806604,0.002779021006213391,0.28608169796782035,-29.417882429671174,24.57642106389531,0.0027768685349917562,3.4464346949661273,1,"[{""id"": 162, ""x"": -71.6429443359375, ""y"": 27.983856201171875, ""vx"": -0.00026843816158361733, ""vy"": 3.1552231121168006e-06, ""r"": 2.5906050205230713}]"
225,11.25,-40.56884765625,24.545387268066406,0.002950588212286869,0.4278855772824749,-0.0003728083975147456,0.5,0.0,PlanStatus.OK,20,24.25733058331998,-0.025913205997725546,True,27.2729029768002,1.0562614327955768e-05,1.8310653218779963e-05,0.10367096696211668,-0.025913205997725546,3.5,False,7.431299891322851,20,24.25733058331998,-0.025913205997725546,0.1,60,-40.568847656391384,24.545387268066012,0.002779021006204393,0.4278855772824749,-28.98168473913199,24.577582596526458,0.0027769393375736483,3.4487980929547053,1,"[{""id"": 162, ""x"": -71.64269256591797, ""y"": 27.98386001586914, ""vx"": -0.0005284356302581728, ""vy"": -2.1341929823393002e-07, ""r"": 2.5906050205230713}]"
226,11.3,-40.54221725463867,24.545578002929688,0.0023744120100766,0.5953060966991689,0.0008502877317368984,0.5,0.0,PlanStatus.OK,20,24.283961412154152,-0.025796478221184183,True,27.299055255657052,6.77148461461548e-06,1.2308474936664586e-05,0.2036657695553891,-0.025796478221184183,3.0,False,7.762800203636289,20,24.283961412154152,-0.025796478221184183,0.1,60,-40.54221725479398,24.545578002929258,0.002779021006160541,0.5953060966991689,-29.936105264199025,24.575048756677575,0.002779010405185137,2.959921768278317,1,"[{""id"": 162, ""x"": -71.64239501953125, ""y"": 27.98386001586914, ""vx"": -0.0005391554441303015, ""vy"": -1.1551899206097005e-06, ""r"": 2.5906050205230713}]"
227,11.350000000000001,-40.50786590576172,24.545692443847656,0.002234515689880952,0.7460399811107439,0.001147490693256259,0.5,0.0,PlanStatus.OK,20,24.31831294641749,-0.025777500742371614,True,27.33292841503785,6.706154825819732e-06,1.6026520127075672e-05,0.20366218728643448,-0.025777500742371614,3.0,False,8.147699991241097,20,24.31831294641749,-0.025777500742371614,0.1,60,-40.50786590593569,24.545692443847173,0.0027790210061794463,0.7460399811107439,-29.457114480979936,24.576398064335535,0.0027768659824729193,2.9624339996851847,1,"[{""id"": 162, ""x"": -71.64213562011719, ""y"": 27.98386001586914, ""vx"": -0.00046474667033180594, ""vy"": -1.0606491969156195e-06, ""r"": 2.5906050205230713}]"
228,11.4,-40.465858459472656,24.54582405090332,0.0021931344837749192,0.9089870985863359,0.0012356247752904892,0.5,0.0,PlanStatus.OK,20,24.36032059623409,-0.025762633620295215,True,27.374455829083562,7.504823279653962e-06,2.0576323604207247e-05,0.20365740519800254,-0.025762633620295215,3.0,False,7.808699971064925,20,24.36032059623409,-0.025762633620295215,0.1,60,-40.46585845966947,24.545824050902773,0.002779021006215422,0.9089870985863359,-28.93444856501526,24.577864342938902,0.002776950220132209,2.9651497849764414,1,"[{""id"": 162, ""x"": -71.64192199707031, ""y"": 27.983861923217773, ""vx"": -0.0003718491643667221, ""vy"": -1.0457235930516617e-06, ""r"": 2.5906050205230713}]"
229,11.450000000000001,-40.41672897338867,24.545944213867188,0.0022223855632791567,1.0518798912381362,0.0,0.0,1.0,PlanStatus.FAIL,20,24.409450226540695,-0.025779002818547482,False,27.42312491368052,0.7495632844695806,2.6592717792338583,6.282238339178247,-0.025779002818547482,4.0,False,7.803799817338586,20,24.409450226540695,-0.025779002818547482,0.1,60,-40.416728973612464,24.545944213866566,0.0027790210062249737,1.0518798912381362,-25.947266277271602,26.200825914820143,0.5313022278800084,3.95086466485397,1,"[{""id"": 162, ""x"": -71.64176940917969, ""y"": 27.983861923217773, ""vx"": -0.00028598727658391, ""vy"": -7.296705462067621e-07, ""r"": 2.5906050205230713}]"
230,11.5,-40.385833740234375,24.545711517333984,0.0028717763290746377,0.1708080439990995,-0.00020591953943949193,0.5,0.0,PlanStatus.OK,20,24.440344693726058,-0.026097556844614258,True,27.4537388573627,1.1295284776200025e-05,1.9164570650089148e-05,0.10364754620690406,-0.026097556844614258,3.5,False,7.4256001971662045,20,24.440344693726058,-0.026097556844614258,0.1,60,-40.38583374047803,24.545711517333306,0.00277902100622563,0.1708080439990995,-29.557009447479736,24.575800609842457,0.0027773236421951516,3.4445134673999807,1,"[{""id"": 162, ""x"": -71.64164733886719, ""y"": 27.983861923217773, ""vx"": -0.00021502896561287344, ""vy"": -6.985868594711064e-07, ""r"": 2.5906050205230713}]"
231,11.55,-40.38481903076172,24.545717239379883,0.0028658804441222844,0.10550941357561275,-0.00019360912847332656,0.5,0.0,PlanStatus.OK,20,24.441359415182102,-0.026094654716119943,True,27.454640686366165,8.985265984657645e-06,1.608402844071634e-05,0.10364628208148538,-0.026094654716119943,3.5,False,7.575700059533119,20,24.441359415182102,-0.026094654716119943,0.1,60,-40.384819031005904,24.545717239379204,0.002779021006324463,0.10550941357561275,-29.748612444502726,24.575271456174455,0.002778520495349406,3.4434251568929235,1,"[{""id"": 162, ""x"": -71.64154052734375, ""y"": 27.983861923217773, ""vx"": -0.0001595552748767659, ""vy"": -3.501149024032202e-07, ""r"": 2.5906050205230713}]"
232,11.600000000000001,-40.374576568603516,24.545745849609375,0.002864978246288155,0.287539332251616,-0.00019114681344944984,0.5,0.0,PlanStatus.OK,20,24.451601917297605,-0.02609450857796117,True,27.464750381344373,9.701256252462277e-06,1.9151067891117445e-05,0.103645884679131,-0.02609450857796117,3.5,False,8.000100031495094,20,24.451601917297605,-0.02609450857796117,0.1,60,-40.37457656885337,24.545745849608682,0.002779021006203196,0.287539332251616,-29.20141951525954,24.576791099526922,0.002776904230571023,3.4464589888708628,1,"[{""id"": 162, ""x"": -71.64147186279297, ""y"": 27.983861923217773, ""vx"": -0.00011733417341019958, ""vy"": -3.363383029864053e-07, ""r"": 2.5906050205230713}]"
233,11.65,-40.35626983642578,24.545909881591797,0.0026030032979165204,0.45029449158431445,0.00036519987042993307,0.5,0.0,PlanStatus.OK,20,24.469909034632064,-0.025981351956739777,True,27.48286890696506,1.0692036664576012e-05,1.6470256023457842e-05,0.20364214470949105,-0.025981351956739777,3.0,False,7.633700035512447,20,24.469909034632064,-0.025981351956739777,0.1,60,-40.35626983668464,24.54590988159108,0.0027790210060791745,0.45029449158431445,-30.17794041586616,24.574191818095215,0.0027790104051421288,2.9575049081930684,1,"[{""id"": 162, ""x"": -71.64141082763672, ""y"": 27.983861923217773, ""vx"": -8.590926154283807e-05, ""vy"": -6.234972147467488e-07, ""r"": 2.5906050205230713}]"
234,11.700000000000001,-40.32953643798828,24.545976638793945,0.0027329692001529403,0.6130331715490236,8.977076504379511e-05,0.5,0.0,PlanStatus.OK,20,24.496642515358605,-0.02598888759256907,True,27.509397266776375,1.20816279051021e-05,1.8740835455288013e-05,0.20363911726440434,-0.02598888759256907,3.0,False,7.752700010314584,20,24.496642515358605,-0.02598888759256907,0.1,60,-40.32953643826194,24.545976638793185,0.0027790210062270332,0.6130331715490236,-29.67113986741337,24.575592353924456,0.0027778748832437807,2.9602172195258167,1,"[{""id"": 162, ""x"": -71.64137268066406, ""y"": 27.983861923217773, ""vx"": -6.266057607717812e-05, ""vy"": -4.780952167493524e-08, ""r"": 2.5906050205230713}]"
235,11.75,-40.295989990234375,24.546144485473633,0.0025621661672988122,0.7095705171433943,0.0004524444811977446,0.5,0.0,PlanStatus.OK,20,24.530189300022542,-0.025914267724012882,True,27.54272523768154,7.768646526946069e-06,1.5623911527062363e-05,0.20363407652331758,-0.025914267724012882,3.0,False,8.386599831283092,20,24.530189300022542,-0.025914267724012882,0.1,60,-40.29598999052568,24.546144485472823,0.0027790210062054502,0.7095705171433943,-29.352829955721262,24.576550885186943,0.00277688309145881,2.9618261752857293,1,"[{""id"": 162, ""x"": -71.64137268066406, ""y"": 27.983861923217773, ""vx"": 0.0, ""vy"": 0.0, ""r"": 2.5906050205230713}]"
236,11.8,-40.25533676147461,24.546293258666992,0.002408658597219338,0.8804802628733572,0.0007785151246935129,0.5,0.0,PlanStatus.OK,20,24.570842785244125,-0.025878471136410737,True,27.58312027479958,7.878516680121035e-06,1.8208481735258047e-05,0.20362898633531312,-0.025878471136410737,3.0,False,8.592800004407763,20,24.570842785244125,-0.025878471136410737,0.1,60,-40.25533676178782,24.54629325866612,0.0027790210062114125,0.8804802628733572,-28.808030150307836,24.578099568209527,0.002776971239750275,2.9646746710478893,1,"[{""id"": 162, ""x"": -71.64137268066406, ""y"": 27.983861923217773, ""vx"": 0.0, ""vy"": 0.0, ""r"": 2.5906050205230713}]"
237,11.850000000000001,-40.20613098144531,24.5465030670166,0.0022198347542975653,1.04791473617559,0.0,0.0,1.0,PlanStatus.FAIL,20,24.620048958327523,-0.02580540731728887,False,27.632011199095505,0.943205848065251,2.7763006616862893,7.984901575247344,-0.02580540731728887,3.0,False,9.410799946635962,20,24.620048958327523,-0.02580540731728887,0.1,60,-40.20613098178456,24.54650306701566,0.002779021006187232,1.04791473617559,-28.314732619535103,24.810069643282745,0.5308986716220833,2.9674652456029222,1,"[{""id"": 162, ""x"": -71.64137268066406, ""y"": 27.983861923217773, ""vx"": 0.0, ""vy"": 0.0, ""r"": 2.5906050205230713}]"
238,11.9,-40.174781799316406,24.54689598083496,0.0016217155611212644,0.17143669300099607,0.0024472069926559925,0.5,0.0,PlanStatus.OK,20,24.651399111316653,-0.02549961493968452,True,27.66313214526912,8.519900380285636e-06,1.8959744506490996e-05,0.10361925896821131,-0.02549961493968452,3.5,False,7.551599992439151,20,24.651399111316653,-0.02549961493968452,0.1,60,-40.17478179966859,24.546895980833984,0.002779021006112665,0.17143669300099607,-29.34411617552105,24.57698973669492,0.0027768797862370363,3.4445239448833473,1,"[{""id"": 162, ""x"": -71.64137268066406, ""y"": 27.983861923217773, ""vx"": 0.0, ""vy"": 0.0, ""r"": 2.5906050205230713}]"
239,11.950000000000001,-40.17376708984375,24.546899795532227,0.0016215579560801912,0.10551881589414643,0.0024473555386066437,0.5,0.0,PlanStatus.OK,20,24.65241382747214,-0.02549862015245862,True,27.66414044148277,8.77367393629858e-06,1.808420621373947e-05,0.10361955142281477,-0.02549862015245862,3.5,False,8.376399986445904,20,24.65241382747214,-0.02549862015245862,0.1,60,-40.17376709019646,24.546899795531246,0.0027790210060834796,0.10551881589414643,-29.537546113147197,24.576453596090392,0.002777201984556614,3.4434253135982353,1,"[{""id"": 162, ""x"": -71.64137268066406, ""y"": 27.983861923217773, ""vx"": 0.0, ""vy"": 0.0, ""r"": 2.5906050205230713}]"
240,12.0,-40.16351318359375,24.54693031311035,0.0016320035812776466,0.28824272542269275,0.002425694838166237,0.5,0.0,PlanStatus.OK,20,24.662667778935806,-0.025496598476361407,True,27.674330434761057,9.164891175053283e-06,1.760471159513704e-05,0.10361737839657574,-0.025496598476361407,3.5,False,8.014599792659283,20,24.662667778935806,-0.025496598476361407,0.1,60,-40.16351318395198,24.546930313109357,0.0027790210061334453,0.28824272542269275,-28.988293786071576,24.577980851587732,0.0027769365487935608,3.446470712090375,1,"[{""id"": 162, ""x"": -71.64137268066406, ""y"": 27.983861923217773, ""vx"": 0.0, ""vy"": 0.0, ""r"": 2.5906050205230713}]"
241,12.05,-40.14485168457031,24.547042846679688,0.0014219034479225003,0.42566628409901364,0.002871877048164606,0.5,0.0,PlanStatus.OK,20,24.681329518631056,-0.02543592597261326,True,27.69286953955464,1.2195419321908834e-05,1.80108360948528e-05,0.2036155938240944,-0.02543592597261326,3.0,False,7.670700084418058,20,24.681329518631056,-0.02543592597261326,0.1,60,-40.144851684937755,24.547042846678668,0.0027790210061706747,0.42566628409901364,-30.039175202457876,24.575122877150154,0.002779010405171534,2.9570944380683195,1,"[{""id"": 162, ""x"": -71.64137268066406, ""y"": 27.983861923217773, ""vx"": 0.0, ""vy"": 0.0, ""r"": 2.5906050205230713}]"
242,12.100000000000001,-40.11911392211914,24.546918869018555,0.0019211176755957072,0.5829861763402177,0.001812848262488842,0.5,0.0,PlanStatus.OK,20,24.707066837160387,-0.025631428845447286,True,27.71846899267153,1.2171971779343973e-05,2.0186284784258837e-05,0.20361301495245765,-0.025631428845447286,3.0,False,7.854999974370003,20,24.707066837160387,-0.025631428845447286,0.1,60,-40.11911392250339,24.546918869017485,0.002779021006224765,0.5829861763402177,-29.549363313910757,24.57628797193812,0.0027769917767053553,2.959716436272333,1,"[{""id"": 162, ""x"": -71.64137268066406, ""y"": 27.983861923217773, ""vx"": 0.0, ""vy"": 0.0, ""r"": 2.5906050205230713}]"
243,12.15,-40.08435821533203,24.54694366455078,0.002131386337113585,0.7440887228265665,0.001366952434182167,0.5,0.0,PlanStatus.OK,20,24.74182247864637,-0.025703220123893183,True,27.753017473710738,1.1065356594239625e-05,1.8864406697298615e-05,0.20360749595459451,-0.025703220123893183,3.0,False,7.669900078326464,20,24.74182247864637,-0.025703220123893183,0.1,60,-40.084358215736295,24.54694366454966,0.0027790210061667564,0.7440887228265665,-29.039389770677897,24.577632337675283,0.0027769330829531137,2.962401478713781,1,"[{""id"": 162, ""x"": -71.64137268066406, ""y"": 27.983861923217773, ""vx"": 0.0, ""vy"": 0.0, ""r"": 2.5906050205230713}]"
244,12.200000000000001,-40.04328155517578,24.547000885009766,0.002373872876000454,0.87086678260879,0.0,0.0,1.0,PlanStatus.FAIL,20,24.78289913920272,-0.025760152640370265,False,27.793846784464847,0.5587097489696863,1.660806587127761,5.608464656691235,-0.025760152640370265,3.0,False,7.818700047209859,20,24.78289913920272,-0.025760152640370265,0.1,60,-40.04328155560337,24.54700088500858,0.0027790210061811324,0.87086678260879,-28.624110031406683,24.628480927676243,0.16885761141680358,2.964514446376813,1,"[{""id"": 162, ""x"": -71.64137268066406, ""y"": 27.983861923217773, ""vx"": 0.0, ""vy"": 0.0, ""r"": 2.5906050205230713}]"
245,12.25,-40.02626037597656,24.546972274780273,0.0025671052388087437,0.00593021180736498,0.00044084753608331084,0.5,0.0,PlanStatus.OK,20,24.79992017316673,-0.025836064913043407,True,27.810771309218417,1.0690595624075797e-05,1.7183837564627505e-05,0.10360018919195878,-0.025836064913043407,3.5,False,7.659700000658631,20,24.79992017316673,-0.025836064913043407,0.1,60,-40.02626037641474,24.546972274779055,0.0027790210061154007,0.00593021180736498,-29.683815437754483,24.575709978878198,0.0027781131347831187,3.441765503530126,1,"[{""id"": 162, ""x"": -71.64137268066406, ""y"": 27.983861923217773, ""vx"": 0.0, ""vy"": 0.0, ""r"": 2.5906050205230713}]"
246,12.3,-40.025264739990234,24.546974182128906,0.002567158293971085,0.10279552092502095,0.0004410246037878096,0.5,0.0,PlanStatus.OK,20,24.800915810608988,-0.02583692446153358,True,27.81176090771333,7.786118961120344e-06,1.594798204068975e-05,0.10359979679133796,-0.02583692446153358,3.5,False,7.891200017184019,20,24.800915810608988,-0.02583692446153358,0.1,60,-40.02526474042897,24.546974182127688,0.0027790210062419063,0.10279552092502095,-29.397086775787315,24.576505331467683,0.0027768718834992306,3.443379925348754,1,"[{""id"": 162, ""x"": -71.64137268066406, ""y"": 27.983861923217773, ""vx"": 0.0, ""vy"": 0.0, ""r"": 2.5906050205230713}]"
247,12.350000000000001,-40.01580047607422,24.547000885009766,0.002568656062009929,0.26303038432735487,0.0004382700426504016,0.5,0.0,PlanStatus.OK,20,24.810380112186742,-0.02583652303816503,True,27.821166873472524,7.4710963984989695e-06,1.574801402288127e-05,0.10359822955564775,-0.02583652303816503,3.5,False,7.481199922040105,20,24.810380112186742,-0.02583652303816503,0.1,60,-40.01580047651814,24.547000885008533,0.0027790210061528643,0.26303038432735487,-28.914962650465295,24.577844565478394,0.0027769498270011606,3.4460505064054585,1,"[{""id"": 162, ""x"": -71.64137268066406, ""y"": 27.983861923217773, ""vx"": 0.0, ""vy"": 0.0, ""r"": 2.5906050205230713}]"
248,12.4,-39.9981689453125,24.54704475402832,0.002581323242093269,0.4198008168034802,0.00041651533683761954,0.5,0.0,PlanStatus.OK,20,24.82801169677749,-0.0258416525202993,True,27.83869052403305,1.1667004496875191e-05,1.6688236143254202e-05,0.2035959438747006,-0.0258416525202993,3.0,False,7.711400045081973,20,24.82801169677749,-0.0258416525202993,0.1,60,-39.99816894576617,24.54704475402706,0.0027790210061724966,0.4198008168034802,-29.909795532891682,24.5750766974093,0.0027790104051896337,2.9569966802800622,1,"[{""id"": 162, ""x"": -71.64137268066406, ""y"": 27.983861923217773, ""vx"": 0.0, ""vy"": 0.0, ""r"": 2.5906050205230713}]"
249,12.450000000000001,-39.9744758605957,24.547170639038086,0.00246593450578448,0.5529334853149894,0.0006598280160687864,0.5,0.0,PlanStatus.OK,20,24.851705039840635,-0.02578161149201455,True,27.862231606159572,9.301668584635252e-06,1.8747257536410114e-05,0.20359361269139187,-0.02578161149201455,3.0,False,7.828299887478352,20,24.851705039840635,-0.02578161149201455,0.1,60,-39.974475861061265,24.547170639036793,0.002779021006175139,0.5529334853149894,-29.493384063271893,24.576293236782718,0.002776860161317832,2.959215558088583,1,"[{""id"": 162, ""x"": -71.64137268066406, ""y"": 27.983861923217773, ""vx"": 0.0, ""vy"": 0.0, ""r"": 2.5906050205230713}]"
250,12.5,-39.941463470458984,24.547454833984375,0.001931932866409276,0.7261989623254644,0.0017955498769879341,0.5,0.0,PlanStatus.OK,20,24.884718092283496,-0.025589159650704636,True,27.89502085678653,1.1790921987196407e-05,2.1550541658716532e-05,0.20359022956687947,-0.025589159650704636,3.0,False,7.936899783089757,20,24.884718092283496,-0.025589159650704636,0.1,60,-39.941463470938984,24.547454833983043,0.0027790210061859762,0.7261989623254644,-28.949275159263596,24.57799664400311,0.0027769470624872776,2.962103316038757,1,"[{""id"": 162, ""x"": -71.64137268066406, ""y"": 27.983861923217773, ""vx"": 0.0, ""vy"": 0.0, ""r"": 2.5906050205230713}]"
251,12.55,-39.90128707885742,24.547637939453125,0.0017600662596022304,0.8386470522957226,0.0,0.0,1.0,PlanStatus.FAIL,20,24.92489483759816,-0.025517705781512114,False,27.934943827458497,0.8340648936226642,2.4753973202139243,7.36762370641892,-0.025517705781512114,3.0,False,7.601800141856074,20,24.92489483759816,-0.025517705781512114,0.1,60,-39.901287079357814,24.547637939451736,0.0027790180090232755,0.8386470522957226,-28.58382429021821,24.652413276040974,0.2503166910885333,2.96397745087159,1,"[{""id"": 162, ""x"": -71.64137268066406, ""y"": 27.983861923217773, ""vx"": 0.0, ""vy"": 0.0, ""r"": 2.5906050205230713}]"
252,12.600000000000001,-39.88154602050781,24.546520233154297,0.0044238887186904595,0.04985091047093087,-0.003491176525130868,0.5,0.0,PlanStatus.OK,20,24.944632713592856,-0.02669026850957027,True,27.954690522693863,7.691422530250146e-06,1.6739900299302113e-05,0.10358153327195355,-0.02669026850957027,3.5,False,7.66559992916882,20,24.944632713592856,-0.02669026850957027,0.1,60,-39.88154602104237,24.546520233152812,0.00277902100601318,0.04985091047093087,-29.409554139538894,24.575617363897816,0.0027768711805015527,3.44249751517452,1,"[{""id"": 162, ""x"": -71.64137268066406, ""y"": 27.983861923217773, ""vx"": 0.0, ""vy"": 0.0, ""r"": 2.5906050205230713}]"
253,12.65,-39.88054275512695,24.546504974365234,0.004428303220286456,0.10327741946047315,-0.0035041416995227337,0.5,0.0,PlanStatus.OK,20,24.94563593269519,-0.026708315331687882,True,27.95568960528156,8.877617970634422e-06,1.8731719731036184e-05,0.10358125327879661,-0.026708315331687882,3.5,False,10.167100001126528,20,24.94563593269519,-0.026708315331687882,0.1,60,-39.88054275566244,24.546504974363746,0.0027790210062264356,0.10327741946047315,-29.250953896716098,24.57603973726166,0.0027768977139540837,3.4433879569910104,1,"[{""id"": 162, ""x"": -71.64137268066406, ""y"": 27.983861923217773, ""vx"": 0.0, ""vy"": 0.0, ""r"": 2.5906050205230713}]"
254,12.700000000000001,-39.87112045288086,24.54652976989746,0.00441469249055128,0.2597763688953947,-0.003475876059383154,0.5,0.0,PlanStatus.OK,20,24.9550582674645,-0.02670970463737544,True,27.965054555127345,8.998449816181623e-06,1.9564028437453473e-05,0.1035808552676523,-0.02670970463737544,3.5,False,7.967500016093254,20,24.9550582674645,-0.02670970463737544,0.1,60,-39.8711204534217,24.546529769895958,0.0027790210062209335,0.2597763688953947,-28.77989295323878,24.577346471479338,0.0027769764471256508,3.4459962728149267,1,"[{""id"": 162, ""x"": -71.64137268066406, ""y"": 27.983861923217773, ""vx"": 0.0, ""vy"": 0.0, ""r"": 2.5906050205230713}]"
255,12.75,-39.85375213623047,24.546554565429688,0.004452749166558243,0.4149687968076251,-0.0035500330850481987,0.5,0.0,PlanStatus.OK,20,24.972426585954764,-0.026733176055582827,True,27.982319489345755,1.149155398087124e-05,1.6696986135178796e-05,0.20357798279967027,-0.026733176055582827,3.0,False,8.686899906024337,20,24.972426585954764,-0.026733176055582827,0.1,60,-39.85375213678164,24.546554565428156,0.002779012565843211,0.4149687968076251,-29.779636249449013,24.57454678399907,0.0027786675911798445,2.956916146613459,1,"[{""id"": 162, ""x"": -71.64137268066406, ""y"": 27.983861923217773, ""vx"": 0.0, ""vy"": 0.0, ""r"": 2.5906050205230713}]"
256,12.8,-39.830360412597656,24.546537399291992,0.004655690884149338,0.5528337843837682,-0.003980804700404406,0.5,0.0,PlanStatus.OK,20,24.99581817155599,-0.02681534813466376,True,28.00557758562298,9.746668731086632e-06,1.9014167774193333e-05,0.20357475162366157,-0.02681534813466376,3.0,False,8.272300008684397,20,24.99581817155599,-0.02681534813466376,0.1,60,-39.830360413163824,24.54653739929042,0.0027790012967376754,0.5528337843837682,-29.349573241800677,24.575658845558973,0.0027768854945967696,2.959213896406393,1,"[{""id"": 162, ""x"": -71.64137268066406, ""y"": 27.983861923217773, ""vx"": 0.0, ""vy"": 0.0, ""r"": 2.5906050205230713}]"
257,12.850000000000001,-39.798667907714844,24.546682357788086,0.0045066485301592735,0.7046751849182246,-0.003664638614282012,0.5,0.0,PlanStatus.OK,20,25.02751095746847,-0.02675846363842129,True,28.037071302045263,9.232409633635645e-06,1.76599235011737e-05,0.2035706587249627,-0.02675846363842129,3.0,False,8.136099902912974,20,25.02751095746847,-0.02675846363842129,0.1,60,-39.79866790769923,24.54668235778813,0.002778999804037135,0.7046751849182246,-28.86998236981212,24.57704753368236,0.0027769656802864003,2.961744586415301,1,"[{""id"": 162, ""x"": -71.64137268066406, ""y"": 27.983861923217773, ""vx"": 0.0, ""vy"": 0.0, ""r"": 2.5906050205230713}]"
258,12.9,-39.76028823852539,24.54662322998047,0.004858055236738481,0.8380559104114494,0.0,0.0,1.0,PlanStatus.FAIL,20,25.06589031414204,-0.02692424817359479,False,28.07523591720164,0.921626009083725,3.249043959935624,7.607060506896043,-0.02692424817359479,4.0,False,7.711900165304542,20,25.06589031414204,-0.02692424817359479,0.1,60,-39.760288238487774,24.546623229980572,0.002778999804069273,0.8380559104114494,-25.924865739915145,26.212702905259743,0.5313261916599804,3.947300931840183,1,"[{""id"": 162, ""x"": -71.64137268066406, ""y"": 27.983861923217773, ""vx"": 0.0, ""vy"": 0.0, ""r"": 2.5906050205230713}]"
259,12.950000000000001,-39.74508285522461,24.546539306640625,0.00507843441768579,0.004281268427681233,-0.0048782252706587315,0.5,0.0,PlanStatus.OK,20,25.081095405505845,-0.02705042689219967,True,28.090362723636886,1.1692323745427174e-05,1.765063112588866e-05,0.10356503161951831,-0.02705042689219967,3.5,False,7.816900033503771,20,25.081095405505845,-0.02705042689219967,0.1,60,-39.7450828551781,24.546539306640753,0.0027789998043978256,0.004281268427681233,-29.4075214123486,24.575262849019037,0.0027768720823196664,3.441738021140462,1,"[{""id"": 162, ""x"": -71.64137268066406, ""y"": 27.983861923217773, ""vx"": 0.0, ""vy"": 0.0, ""r"": 2.5906050205230713}]"
260,13.0,-39.74409103393555,24.54654312133789,0.00507601312571815,0.10253164325254062,-0.004872304853051901,0.5,0.0,PlanStatus.OK,20,25.0820872335661,-0.027049368477285254,True,28.09134842685109,1.0562136104419567e-05,1.9733536526975702e-05,0.10356517050770192,-0.027049368477285254,3.5,False,8.020400069653988,20,25.0820872335661,-0.027049368477285254,0.1,60,-39.74409103388847,24.546543121338022,0.0027789998039425222,0.10253164325254062,-29.11671178156711,24.576071466289036,0.0027769213024380784,3.443375527387546,1,"[{""id"": 162, ""x"": -71.64137268066406, ""y"": 27.983861923217773, ""vx"": 0.0, ""vy"": 0.0, ""r"": 2.5906050205230713}]"
261,13.05,-39.73454284667969,24.54656982421875,0.0050525351760847695,0.2868370311455598,-0.0048226965591311455,0.5,0.0,PlanStatus.OK,20,25.09163545815963,-0.027049200075896302,True,28.100838808510694,1.4230227189478982e-05,1.920358526615821e-05,0.20356342592042495,-0.027049200075896302,3.0,False,8.694199845194817,20,25.09163545815963,-0.027049200075896302,0.1,60,-39.734542846627136,24.546569824218896,0.002778999804013659,0.2868370311455598,-30.038411081588436,24.57351172032259,0.0027790104051723906,2.9547806171857585,1,"[{""id"": 162, ""x"": -71.64137268066406, ""y"": 27.983861923217773, ""vx"": 0.0, ""vy"": 0.0, ""r"": 2.5906050205230713}]"
262,13.100000000000001,-39.71881103515625,24.5465030670166,0.00532447045096303,0.3882705321702286,-0.005399860441684723,0.5,0.0,PlanStatus.OK,20,25.10736702341796,-0.027159675665135073,True,28.116487310011898,9.09934077426985e-06,1.4821389163559816e-05,0.20355986922932906,-0.027159675665135073,3.0,False,9.092799853533506,20,25.10736702341796,-0.027159675665135073,0.1,60,-39.718811035094426,24.546503067016772,0.0027789998041509705,0.3882705321702286,-29.723458591770594,24.57427627968563,0.0027782557045674832,2.9564711755361675,1,"[{""id"": 162, ""x"": -71.64137268066406, ""y"": 27.983861923217773, ""vx"": 0.0, ""vy"": 0.0, ""r"": 2.5906050205230713}]"
263,13.15,-39.69476318359375,24.54652214050293,0.005336640368936582,0.5264329844490934,-0.005425805691629648,0.5,0.0,PlanStatus.OK,20,25.13141483512681,-0.0272074311412209,True,28.140395012855592,8.853470023569299e-06,1.832173095624428e-05,0.20355784884042918,-0.0272074311412209,3.0,False,7.721700007095933,20,25.13141483512681,-0.0272074311412209,0.1,60,-39.69476318351794,24.54652214050314,0.002778999804087962,0.5264329844490934,-29.291862467583364,24.575427019727403,0.0027768961327862686,2.958773883074156,1,"[{""id"": 162, ""x"": -71.64137268066406, ""y"": 27.983861923217773, ""vx"": 0.0, ""vy"": 0.0, ""r"": 2.5906050205230713}]"
264,13.200000000000001,-39.66362380981445,24.546667098999023,0.00498362692317627,0.7109185844651266,-0.004676824435591698,0.5,0.0,PlanStatus.OK,20,25.1625544915031,-0.027149009407117543,True,28.171340367042376,1.0761009847239146e-05,1.7708606928463176e-05,0.2035542630670289,-0.027149009407117543,3.0,False,7.905799895524979,20,25.1625544915031,-0.027149009407117543,0.1,60,-39.66362380972088,24.546667098999283,0.0027789998040932107,0.7109185844651266,-28.716531671305194,24.57708312210934,0.002776993730718298,2.9618486430744144,1,"[{""id"": 162, ""x"": -71.64137268066406, ""y"": 27.983861923217773, ""vx"": 0.0, ""vy"": 0.0, ""r"": 2.5906050205230713}]"
265,13.25,-39.625,24.54667091369629,0.005105964845454484,0.8438414958613735,0.0,0.0,1.0,PlanStatus.FAIL,20,25.20117816277593,-0.02725253014633357,False,28.209742829625206,0.9621203405313492,2.860228650349538,8.186126743242536,-0.02725253014633357,3.0,False,8.462700061500072,20,25.20117816277593,-0.02725253014633357,0.1,60,-39.624999999883755,24.546670913696612,0.002778999804091945,0.8438414958613735,-28.332017542397068,24.798243532482104,0.5308979394428973,2.96406402493102,1,"[{""id"": 162, ""x"": -71.64137268066406, ""y"": 27.983861923217773, ""vx"": 0.0, ""vy"": 0.0, ""r"": 2.5906050205230713}]"
266,13.3,-39.61307144165039,24.546627044677734,0.005238614194578349,0.0005450645034778603,-0.005217218305915594,0.5,0.0,PlanStatus.OK,20,25.21310655315256,-0.02732954841414164,True,28.221607940947997,1.0174830221519841e-05,1.831807730570678e-05,0.10354772500844268,-0.02732954841414164,3.5,False,7.8316000290215015,20,25.21310655315256,-0.02732954841414164,0.1,60,-39.613071441526905,24.54662704467808,0.0027789998033862333,0.0005450645034778603,-29.286540321955183,24.575319681315047,0.0027768932085932684,3.441675751075053,1,"[{""id"": 162, ""x"": -71.64137268066406, ""y"": 27.983861923217773, ""vx"": 0.0, ""vy"": 0.0, ""r"": 2.5906050205230713}]"
267,13.350000000000001,-39.61207580566406,24.546632766723633,0.005236149730272725,0.1020240858514539,-0.005212127696722746,0.5,0.0,PlanStatus.OK,20,25.214102201195864,-0.027326593258988386,True,28.2225972820901,1.2325501868170184e-05,1.830064657335883e-05,0.10354799923047414,-0.027326593258988386,3.5,False,7.7933999709784985,20,25.214102201195864,-0.027326593258988386,0.1,60,-39.612075805540016,24.546632766723977,0.0027789998038309158,0.1020240858514539,-28.986203256143728,24.57615665913246,0.0027769445572004446,3.443367068097523,1,"[{""id"": 162, ""x"": -71.64137268066406, ""y"": 27.983861923217773, ""vx"": 0.0, ""vy"": 0.0, ""r"": 2.5906050205230713}]"
268,13.4,-39.60346603393555,24.54665756225586,0.005212666579152841,0.2376889357984928,-0.005162456072866917,0.5,0.0,PlanStatus.OK,20,25.222712008585148,-0.027325724345654532,True,28.231155268632016,1.0098916847832273e-05,1.7000162765004254e-05,0.20354625865103385,-0.027325724345654532,3.0,False,7.628899998962879,20,25.222712008585148,-0.027325724345654532,0.1,60,-39.60346603380652,24.546657562256218,0.0027789998041420497,0.2376889357984928,-30.052320589906184,24.57319654021719,0.0027790104051806505,2.9539614822633116,1,"[{""id"": 162, ""x"": -71.64137268066406, ""y"": 27.983861923217773, ""vx"": 0.0, ""vy"": 0.0, ""r"": 2.5906050205230713}]"
269,13.450000000000001,-39.58869934082031,24.546606063842773,0.005443674997771199,0.355404969202368,-0.005652791820466518,0.5,0.0,PlanStatus.OK,20,25.23747850156612,-0.027418259144338052,True,28.24584323424571,1.4569012582319127e-05,1.898417405042565e-05,0.20354471969099183,-0.027418259144338052,3.0,False,7.72210001014173,20,25.23747850156612,-0.027418259144338052,0.1,60,-39.58869934068226,24.546606063843157,0.0027789998040779525,0.355404969202368,-29.69030227498445,24.574109765599665,0.0027780133441253256,2.9559234161533707,1,"[{""id"": 162, ""x"": -71.64137268066406, ""y"": 27.983861923217773, ""vx"": 0.0, ""vy"": 0.0, ""r"": 2.5906050205230713}]"
270,13.5,-39.56623077392578,24.546693801879883,0.005215247036607505,0.5182629024779981,-0.0051681967452168465,0.5,0.0,PlanStatus.OK,20,25.25994722552381,-0.027392961508651135,True,28.268174451760473,1.1148819253375254e-05,1.7587452804434037e-05,0.20354223557038692,-0.027392961508651135,3.0,False,8.11200006864965,20,25.25994722552381,-0.027392961508651135,0.1,60,-39.566230773774805,24.546693801880302,0.0027789998040743556,0.5182629024779981,-29.18743911084178,24.575531466001486,0.0027769144867115375,2.9586377150413035,1,"[{""id"": 162, ""x"": -71.64137268066406, ""y"": 27.983861923217773, ""vx"": 0.0, ""vy"": 0.0, ""r"": 2.5906050205230713}]"
271,13.55,-39.53557205200195,24.546764373779297,0.0051722172193540104,0.6480642103060903,-0.005076983943581581,0.5,0.0,PlanStatus.OK,20,25.290606025180555,-0.02740759035429879,True,28.29865129767969,1.3608493731564622e-05,1.8154349540502705e-05,0.20353843060096752,-0.02740759035429879,3.0,False,8.067300077527761,20,25.290606025180555,-0.02740759035429879,0.1,60,-39.53557205183308,24.546764373779766,0.0027789998040674206,0.6480642103060903,-28.77389638661266,24.576665238033186,0.002776985455370386,2.9608010701717724,1,"[{""id"": 162, ""x"": -71.64137268066406, ""y"": 27.983861923217773, ""vx"": 0.0, ""vy"": 0.0, ""r"": 2.5906050205230713}]"
272,13.600000000000001,-39.49697494506836,24.54695701599121,0.004749788895899704,0.8253011230056683,0.0,0.0,1.0,PlanStatus.FAIL,20,25.329203518426585,-0.027322210100803466,False,28.337008889843787,1.0896676451946872,3.856384269885708,8.979897290078542,-0.027322210100803466,4.0,False,8.096899837255478,20,25.329203518426585,-0.027322210100803466,0.1,60,-39.49697494487766,24.54695701599174,0.0027789998040734427,0.8253011230056683,-25.73058104529251,26.32645083350939,0.5313682477498181,3.9470883520500974,1,"[{""id"": 162, ""x"": -71.64137268066406, ""y"": 27.983861923217773, ""vx"": 0.0, ""vy"": 0.0, ""r"": 2.5906050205230713}]"
273,13.65,-39.485107421875,24.54684066772461,0.00497471209545696,0.0005769967327757124,-0.004657203797250986,0.5,0.0,PlanStatus.OK,20,25.34107067246309,-0.027471537720314236,True,28.348821543921275,9.257292964908282e-06,2.058539947342574e-05,0.10353272329925055,-0.027471537720314236,3.5,False,7.770000025629997,20,25.34107067246309,-0.027471537720314236,0.1,60,-39.48510742167634,24.54684066772516,0.002778999804468054,0.0005769967327757124,-29.158491094410905,24.57553327677535,0.00277691555309945,3.4416762832788774,1,"[{""id"": 162, ""x"": -71.64137268066406, ""y"": 27.983861923217773, ""vx"": 0.0, ""vy"": 0.0, ""r"": 2.5906050205230713}]"
274,13.700000000000001,-39.48411560058594,24.546842575073242,0.004972528511422556,0.10196605717473001,-0.0046527087688446045,0.5,0.0,PlanStatus.OK,20,25.34206249522283,-0.027472386646668137,True,28.349807545283277,1.393617710262814e-05,1.9179368106938405e-05,0.10353312012325076,-0.027472386646668137,3.5,False,7.820500060915947,20,25.34206249522283,-0.027472386646668137,0.1,60,-39.484115600386694,24.546842575073796,0.0027789998038617895,0.10196605717473001,-28.858423323414826,24.5763657094698,0.0027769671388521537,3.4433661009529173,1,"[{""id"": 162, ""x"": -71.64137268066406, ""y"": 27.983861923217773, ""vx"": 0.0, ""vy"": 0.0, ""r"": 2.5906050205230713}]"
275,13.75,-39.47490310668945,24.54686164855957,0.004959371351310533,0.2503214837592571,-0.0046249632723629475,0.5,0.0,PlanStatus.OK,20,25.351275006551177,-0.027478914719770004,True,28.35896585382698,7.95767072177891e-06,1.822041110748334e-05,0.20352981676079487,-0.027478914719770004,3.0,False,8.335300022736192,20,25.351275006551177,-0.027478914719770004,0.1,60,-39.474903106484796,24.54686164856014,0.002778999804172697,0.2503214837592571,-29.88649180027135,24.573504190369757,0.002779010405202329,2.9541720247293166,1,"[{""id"": 162, ""x"": -71.64137268066406, ""y"": 27.983861923217773, ""vx"": 0.0, ""vy"": 0.0, ""r"": 2.5906050205230713}]"
276,13.8,-39.459571838378906,24.546903610229492,0.0048499674453733165,0.3810248690548051,-0.004392932169139385,0.5,0.0,PlanStatus.OK,20,25.366606332272617,-0.027479558748671282,True,28.374205930747273,9.655384697351596e-06,1.8107739411339294e-05,0.20352883123066998,-0.027479558748671282,3.0,False,7.666599936783314,20,25.366606332272617,-0.027479558748671282,0.1,60,-39.45957183816531,24.546903610230085,0.0027789998040584057,0.3810248690548051,-29.485610451927915,24.57461687007368,0.0027768634874551384,2.956350414484243,1,"[{""id"": 162, ""x"": -71.64137268066406, ""y"": 27.983861923217773, ""vx"": 0.0, ""vy"": 0.0, ""r"": 2.5906050205230713}]"
277,13.850000000000001,-39.43632125854492,24.54701042175293,0.004607183381458415,0.5409724131600743,-0.003877866081893444,0.5,0.0,PlanStatus.OK,20,25.389857119155227,-0.027437360911313564,True,28.397313797441484,7.72373977058597e-06,1.860986334626183e-05,0.20352557694082377,-0.027437360911313564,3.0,False,8.160199970006943,20,25.389857119155227,-0.027437360911313564,0.1,60,-39.43632125831813,24.54701042175356,0.0027789998041194424,0.5409724131600743,-28.99055038265733,24.576033819408423,0.0027769484323698144,2.959016206885998,1,"[{""id"": 162, ""x"": -71.64137268066406, ""y"": 27.983861923217773, ""vx"": 0.0, ""vy"": 0.0, ""r"": 2.5906050205230713}]"
278,13.9,-39.40676498413086,24.547164916992188,0.004242713401598584,0.6234051995364491,-0.0031045000068843365,0.5,0.0,PlanStatus.OK,20,25.419413708781864,-0.027365003043711162,True,28.42668696504662,9.926827967523293e-06,1.765371237049708e-05,0.20352220862706819,-0.027365003043711162,3.0,False,7.715000072494149,20,25.419413708781864,-0.027365003043711162,0.1,60,-39.40676498388752,24.547164916992863,0.0027789998040687637,0.6234051995364491,-28.717836845050297,24.57686350396911,0.0027769948197680157,2.960390086658944,1,"[{""id"": 162, ""x"": -71.64137268066406, ""y"": 27.983861923217773, ""vx"": 0.0, ""vy"": 0.0, ""r"": 2.5906050205230713}]"
279,13.950000000000001,-39.36918258666992,24.547136306762695,0.004680692349179757,0.8161262859628046,0.0,0.0,1.0,PlanStatus.FAIL,20,25.456995881613754,-0.02749805450347598,False,28.464060845002088,0.8466465954544257,2.9343794107921486,6.823720909699553,-0.02749805450347598,4.0,False,7.964999880641699,20,25.456995881613754,-0.02749805450347598,0.1,60,-39.36918258640349,24.547136306763434,0.002778999804078956,0.8161262859628046,-25.643874907193453,26.37722093172312,0.5313872646496187,3.946935438099374,1,"[{""id"": 162, ""x"": -71.64137268066406, ""y"": 27.983861923217773, ""vx"": 0.0, ""vy"": 0.0, ""r"": 2.5906050205230713}]"
280,14.0,-39.35136795043945,24.547279357910156,0.004471244612269383,0.006514854680544661,-0.003588824300095439,0.5,0.0,PlanStatus.OK,20,25.474810846593076,-0.027404510715268837,True,28.481760234011674,1.0537046492046457e-05,1.8246332470863748e-05,0.10351537315603988,-0.027404510715268837,3.5,False,8.400400169193745,20,25.474810846593076,-0.027404510715268837,0.1,60,-39.35136795016357,24.547279357910924,0.0027789998038380372,0.006514854680544661,-29.00724526627993,24.576020308311865,0.002776941287271652,3.4417752475780112,1,"[{""id"": 162, ""x"": -71.64137268066406, ""y"": 27.983861923217773, ""vx"": 0.0, ""vy"": 0.0, ""r"": 2.5906050205230713}]"
281,14.05,-39.350379943847656,24.54728126525879,0.004469378839060376,0.10277573454710379,-0.0035849963314831257,0.5,0.0,PlanStatus.OK,20,25.47579885467028,-0.0274053490405897,True,28.48274249040714,1.4561383951418251e-05,1.9222693088609237e-05,0.10351629454266251,-0.0274053490405897,3.5,False,7.833000039681792,20,25.47579885467028,-0.0274053490405897,0.1,60,-39.35037994357119,24.547281265259556,0.0027789998043714413,0.10277573454710379,-28.722308296905652,24.576810740628346,0.0027769901531455566,3.443379595575789,1,"[{""id"": 162, ""x"": -71.64137268066406, ""y"": 27.983861923217773, ""vx"": 0.0, ""vy"": 0.0, ""r"": 2.5906050205230713}]"
282,14.100000000000001,-39.341617584228516,24.547306060791016,0.00445269559124725,0.24458918694835674,-0.00354976044036448,0.5,0.0,PlanStatus.OK,20,25.484561249360983,-0.027404904168430944,True,28.491453034709153,9.664567779162091e-06,1.501302999123294e-05,0.20351345515557145,-0.027404904168430944,3.0,False,8.189600193873048,20,25.484561249360983,-0.027404904168430944,0.1,60,-39.34161758394696,24.547306060791797,0.002778999804102902,0.24458918694835674,-29.770120337127018,24.573901477526622,0.002778597345962116,2.9540764864491376,1,"[{""id"": 162, ""x"": -71.64137268066406, ""y"": 27.983861923217773, ""vx"": 0.0, ""vy"": 0.0, ""r"": 2.5906050205230713}]"
283,14.15,-39.326019287109375,24.547367095947266,0.0044039930328124265,0.38595002836818837,-0.0034465522039681673,0.5,0.0,PlanStatus.OK,20,25.500159655865055,-0.0273872168567083,True,28.506957375246685,9.811286761502586e-06,1.791151049755288e-05,0.2035119539678237,-0.0273872168567083,3.0,False,7.641700096428394,20,25.500159655865055,-0.0273872168567083,0.1,60,-39.32601928681895,24.547367095948072,0.0027789998040663594,0.38595002836818837,-29.33753880260862,24.57512039371598,0.0027768887578219063,2.9564325004728027,1,"[{""id"": 162, ""x"": -71.64137268066406, ""y"": 27.983861923217773, ""vx"": 0.0, ""vy"": 0.0, ""r"": 2.5906050205230713}]"
284,14.200000000000001,-39.303245544433594,24.54742431640625,0.004462347989752836,0.5292827805611201,-0.003570508910343051,0.5,0.0,PlanStatus.OK,20,25.52293346961735,-0.02739328476364668,True,28.529597471530252,1.01775786566991e-05,1.760900544387281e-05,0.2035094964060527,-0.02739328476364668,3.0,False,7.701100083068013,20,25.52293346961735,-0.02739328476364668,0.1,60,-39.30324554412988,24.547424316407096,0.002778999804048212,0.5292827805611201,-28.891965615064652,24.5763516644644,0.0027769651474739135,2.9588213796760243,1,"[{""id"": 162, ""x"": -71.64137268066406, ""y"": 27.983861923217773, ""vx"": 0.0, ""vy"": 0.0, ""r"": 2.5906050205230713}]"
285,14.25,-39.273948669433594,24.547489166259766,0.004421991736562429,0.6565397573548492,0.0,0.0,1.0,PlanStatus.FAIL,20,25.55223041170738,-0.02740985106563658,False,28.558723618763956,0.7755140301685411,2.7070059713915144,6.331943615168107,-0.02740985106563658,4.0,False,7.734799990430474,20,25.55223041170738,-0.02740985106563658,0.1,60,-39.27394866911267,24.547489166260657,0.002778999804054128,0.6565397573548492,-25.967001582329523,26.18739152059251,0.5313270953704279,3.9442756626225752,1,"[{""id"": 162, ""x"": -71.64137268066406, ""y"": 27.983861923217773, ""vx"": 0.0, ""vy"": 0.0, ""r"": 2.5906050205230713}]"
286,14.3,-39.26260757446289,24.547435760498047,0.0046726352465849665,0.0004893486465304752,-0.004016181919723749,0.5,0.0,PlanStatus.OK,20,25.563571314470973,-0.02749477348126607,True,28.57000699147148,1.0080778894757026e-05,1.3493836684159294e-05,0.10350433106589838,-0.02749477348126607,3.5,False,7.635399932041764,20,25.563571314470973,-0.02749477348126607,0.1,60,-39.26260757413436,24.54743576049896,0.002778999804276371,0.0004893486465304752,-28.936265131702832,24.576127156121697,0.0027769538688348656,3.4416748224774434,1,"[{""id"": 162, ""x"": -71.64137268066406, ""y"": 27.983861923217773, ""vx"": 0.0, ""vy"": 0.0, ""r"": 2.5906050205230713}]"
287,14.350000000000001,-39.26161193847656,24.54743766784668,0.004670742425646138,0.10125511465052044,-0.004012302961200476,0.5,0.0,PlanStatus.OK,20,25.56456695191325,-0.027495633008649434,True,28.570996865832534,1.4886345084993688e-05,1.768921242718477e-05,0.20350512884209143,-0.027495633008649434,3.0,False,7.998599903658032,20,25.56456695191325,-0.027495633008649434,0.1,60,-39.26161193814744,24.547437667847593,0.0027789998041882996,0.10125511465052044,-30.112944709340375,24.57285815540568,0.0027790104051706624,2.9516875852441733,1,"[{""id"": 162, ""x"": -71.64137268066406, ""y"": 27.983861923217773, ""vx"": 0.0, ""vy"": 0.0, ""r"": 2.5906050205230713}]"
288,14.4,-39.252540588378906,24.54744529724121,0.004708442799827572,0.21903143444369574,-0.004092446528375149,0.5,0.0,PlanStatus.OK,20,25.573638288184693,-0.027513212891274418,True,28.580016765853664,1.4425454355003726e-05,1.6866179024053324e-05,0.20350336563305363,-0.027513212891274418,3.0,False,8.388600079342723,20,25.573638288184693,-0.027513212891274418,0.1,60,-39.25254058804428,24.54744529724214,0.0027789998040561067,0.21903143444369574,-29.75643937707021,24.57383115833797,0.0027784968121905263,2.953650523907396,1,"[{""id"": 162, ""x"": -71.64137268066406, ""y"": 27.983861923217773, ""vx"": 0.0, ""vy"": 0.0, ""r"": 2.5906050205230713}]"
289,14.450000000000001,-39.237003326416016,24.547487258911133,0.004623603954203086,0.386422497235316,-0.003912582993507385,0.5,0.0,PlanStatus.OK,20,25.589175606763053,-0.027514429375759788,True,28.595462924264126,1.2083643121462293e-05,2.0978561460715216e-05,0.2035024312290385,-0.027514429375759788,3.0,False,7.89860007353127,20,25.589175606763053,-0.027514429375759788,0.1,60,-39.237003326072305,24.54748725891209,0.0027789998039403564,0.386422497235316,-29.247135442428544,24.575244224550914,0.0027769045981172577,2.956440374953924,1,"[{""id"": 162, ""x"": -71.64137268066406, ""y"": 27.983861923217773, ""vx"": 0.0, ""vy"": 0.0, ""r"": 2.5906050205230713}]"
290,14.5,-39.2143440246582,24.54759979248047,0.00442633497779332,0.4950157757785054,-0.003494060831144452,0.5,0.0,PlanStatus.OK,20,25.611835133754205,-0.027464866355054712,True,28.617984107368734,1.2457870171093208e-05,1.7848934512855116e-05,0.20349926013315603,-0.027464866355054712,3.0,False,8.272400125861168,20,25.611835133754205,-0.027464866355054712,0.1,60,-39.21434402430192,24.54759979248146,0.002778999804019992,0.4950157757785054,-28.904150699325214,24.576246244849848,0.00277696341,2.958250262929646,1,"[{""id"": 162, ""x"": -71.64137268066406, ""y"": 27.983861923217773, ""vx"": 0.0, ""vy"": 0.0, ""r"": 2.5906050205230713}]"
291,14.55,-39.1857795715332,24.547719955444336,0.0041933882252292234,0.6446064797796738,0.0,0.0,1.0,PlanStatus.FAIL,20,25.64039981051235,-0.02742408436265247,False,28.64637700466301,0.7203880724840855,2.718870001972978,7.658226551965278,-0.02742408436265247,4.5,False,7.994000101462007,20,25.64039981051235,-0.02742408436265247,0.1,60,-39.18577957116085,24.54771995544537,0.0027789998040967465,0.6446064797796738,-24.652433399824144,26.960211754483133,0.5315586876801911,4.43574344132966,1,"[{""id"": 162, ""x"": -71.64137268066406, ""y"": 27.983861923217773, ""vx"": 0.0, ""vy"": 0.0, ""r"": 2.5906050205230713}]"
292,14.600000000000001,-39.177921295166016,24.547748565673828,0.00416470566819988,0.00039263802702525064,-0.0029383236542344093,0.5,0.0,PlanStatus.OK,20,25.64825813604317,-0.027417312364009058,True,28.6541886055507,1.4946841615318332e-05,1.891948373497314e-05,0.10349593206738229,-0.027417312364009058,3.5,False,7.601599907502532,20,25.64825813604317,-0.027417312364009058,0.1,60,-39.17792129478918,24.547748565674876,0.0027789998039560717,0.00039263802702525064,-28.851869763465018,24.576438983066268,0.0027769680037290647,3.4416732106337795,1,"[{""id"": 162, ""x"": -71.64137268066406, ""y"": 27.983861923217773, ""vx"": 0.0, ""vy"": 0.0, ""r"": 2.5906050205230713}]"
293,14.65,-39.17692184448242,24.54775047302246,0.0041633231130871005,0.10079395441998291,-0.0029355271253734827,0.5,0.0,PlanStatus.OK,20,25.649257588167984,-0.027418182492421887,True,28.655182303686416,1.3595378094864353e-05,1.549432762021092e-05,0.2034941786952528,-0.027418182492421887,3.0,False,7.724599912762642,20,25.649257588167984,-0.027418182492421887,0.1,60,-39.176921844104996,24.54775047302351,0.0027789998041154985,0.10079395441998291,-30.02961503763695,24.573167180841846,0.002779010405173715,2.9516798992403297,1,"[{""id"": 162, ""x"": -71.64137268066406, ""y"": 27.983861923217773, ""vx"": 0.0, ""vy"": 0.0, ""r"": 2.5906050205230713}]"
294,14.700000000000001,-39.1689567565918,24.54775619506836,0.004245135733863525,0.16297731083384678,-0.0031092159915715456,0.5,0.0,PlanStatus.OK,20,25.657222661203622,-0.02743459541781608,True,28.663102556807004,1.3516150682855498e-05,1.90673916788172e-05,0.20349377436861726,-0.02743459541781608,3.0,False,7.565400097519159,20,25.657222661203622,-0.02743459541781608,0.1,60,-39.16895675620951,24.54775619506942,0.002778999804066439,0.16297731083384678,-29.838209768149145,24.57368268645791,0.0027790104051967795,2.9527162885139018,1,"[{""id"": 162, ""x"": -71.64137268066406, ""y"": 27.983861923217773, ""vx"": 0.0, ""vy"": 0.0, ""r"": 2.5906050205230713}]"
295,14.75,-39.15435791015625,24.547792434692383,0.0043824698018072724,0.34403377658498957,-0.0034008421935141087,0.5,0.0,PlanStatus.OK,20,25.67182155197671,-0.027438926072893135,True,28.677616575617648,1.0514944552569206e-05,1.788507829001036e-05,0.2034916451454212,-0.027438926072893135,3.0,False,7.596299983561039,20,25.67182155197671,-0.027438926072893135,0.1,60,-39.15435790976541,24.54779243469347,0.0027789998039453906,0.34403377658498957,-29.28953324943813,24.575201992184486,0.002776897118798567,2.955733896276413,1,"[{""id"": 162, ""x"": -71.64137268066406, ""y"": 27.983861923217773, ""vx"": 0.0, ""vy"": 0.0, ""r"": 2.5906050205230713}]"
296,14.8,-39.1335334777832,24.548009872436523,0.004036033895805671,0.4988247653368799,-0.002665820764377713,0.5,0.0,PlanStatus.OK,20,25.6926465081966,-0.02727936018736464,True,28.698302715607454,1.2216270643092579e-05,1.8061166987891168e-05,0.2034889920592592,-0.02727936018736464,3.0,False,7.764399982988834,20,25.6926465081966,-0.02727936018736464,0.1,60,-39.133533477382585,24.548009872437635,0.0027789998041284473,0.4988247653368799,-28.812109529414872,24.576687349822112,0.0027769782260966924,2.9583137460889506,1,"[{""id"": 162, ""x"": -71.64137268066406, ""y"": 27.983861923217773, ""vx"": 0.0, ""vy"": 0.0, ""r"": 2.5906050205230713}]"
297,14.850000000000001,-39.10444641113281,24.547998428344727,0.004295688721122169,0.6639843840622733,0.0,0.0,1.0,PlanStatus.FAIL,20,25.721733430726594,-0.02737163708345177,False,28.727230009496296,1.0186998328348853,3.026335506990505,8.538145029382658,-0.02737163708345177,3.0,False,8.018099935725331,20,25.721733430726594,-0.02737163708345177,0.1,60,-39.10444641071396,24.547998428345892,0.002778999804040451,0.6639843840622733,-28.340586009959413,24.793074468940542,0.5308965553208725,2.961066406401037,1,"[{""id"": 162, ""x"": -71.64137268066406, ""y"": 27.983861923217773, ""vx"": 0.0, ""vy"": 0.0, ""r"": 2.5906050205230713}]"
298,14.9,-39.098445892333984,24.547924041748047,0.00447711969127572,0.00026299444972374247,-0.0036012884229421616,0.5,0.0,PlanStatus.OK,20,25.72773371963484,-0.02746269881199629,True,28.733205165693043,9.961410174827334e-06,1.888318516018051e-05,0.1034853323523047,-0.02746269881199629,3.5,False,7.879199925810099,20,25.72773371963484,-0.02746269881199629,0.1,60,-39.098445891910245,24.547924041749223,0.0027789998044281655,0.00026299444972374247,-28.7727823518299,24.57661322324915,0.0027769818262062497,3.4416710499074954,1,"[{""id"": 162, ""x"": -71.64137268066406, ""y"": 27.983861923217773, ""vx"": 0.0, ""vy"": 0.0, ""r"": 2.5906050205230713}]"
299,14.950000000000001,-39.09744644165039,24.54792594909668,0.00447545469544577,0.1005135363298827,-0.0035978923551738262,0.5,0.0,PlanStatus.OK,20,25.728733171759654,-0.027463568940405563,True,28.73419889174251,1.0630913423392689e-05,1.5710041231038925e-05,0.20348393929984895,-0.027463568940405563,3.0,False,7.692100014537573,20,25.728733171759654,-0.027463568940405563,0.1,60,-39.09744644122606,24.54792594909786,0.0027789998043129508,0.1005135363298827,-29.950966869765992,24.573340358858122,0.002779010405189379,2.951675225605496,1,"[{""id"": 162, ""x"": -71.64137268066406, ""y"": 27.983861923217773, ""vx"": 0.0, ""vy"": 0.0, ""r"": 2.5906050205230713}]"
300,15.0,-39.0893440246582,24.547922134399414,0.004551505629621646,0.226196444735368,-0.00375942699611187,0.5,0.0,PlanStatus.OK,20,25.736835546863997,-0.027489900209194954,True,28.74225693625919,1.0137226555194951e-05,1.8567020215053305e-05,0.20348386814817204,-0.027489900209194954,3.0,False,7.736800005659461,20,25.736835546863997,-0.027489900209194954,0.1,60,-39.089344024228744,24.547922134400608,0.002778999803970689,0.226196444735368,-29.5721187860163,24.57436630456795,0.0027771537031858026,2.9537699407455915,1,"[{""id"": 162, ""x"": -71.64137268066406, ""y"": 27.983861923217773, ""vx"": 0.0, ""vy"": 0.0, ""r"": 2.5906050205230713}]"
301,15.05,-39.07618713378906,24.547941207885742,0.004568201361002381,0.3092121532061536,-0.0037949441466480494,0.5,0.0,PlanStatus.OK,20,25.749992439934037,-0.027507389746601715,True,28.755339169451418,1.159743731978643e-05,1.744361650052491e-05,0.20348217317643447,-0.027507389746601715,3.0,False,8.853899780660868,20,25.749992439934037,-0.027507389746601715,0.1,60,-39.07618713335166,24.547941207886957,0.0027789998040927077,0.3092121532061536,-29.314084268021826,24.575065351903664,0.0027768930634477903,2.9551535358867653,1,"[{""id"": 162, ""x"": -71.64137268066406, ""y"": 27.983861923217773, ""vx"": 0.0, ""vy"": 0.0, ""r"": 2.5906050205230713}]"
302,15.100000000000001,-39.05489730834961,24.548091888427734,0.00431675292094334,0.47593691071757177,-0.0032615072559565306,0.5,0.0,PlanStatus.OK,20,25.771282601905245,-0.027415874131023175,True,28.776495750702146,1.560965111305424e-05,1.7607476317490003e-05,0.2034800439922044,-0.027415874131023175,3.0,False,8.143499959260225,20,25.771282601905245,-0.027415874131023175,0.1,60,-39.05489730790128,24.54809188842898,0.0027789998040422563,0.47593691071757177,-28.800993379422845,24.5765817054783,0.0027769808770624752,2.9579322818452916,1,"[{""id"": 162, ""x"": -71.64137268066406, ""y"": 27.983861923217773, ""vx"": 0.0, ""vy"": 0.0, ""r"": 2.5906050205230713}]"
303,15.15,-39.02780532836914,24.548295974731445,0.004141311982647866,0.6003014191642104,0.0,0.0,1.0,PlanStatus.FAIL,20,25.798375044427335,-0.02728707712552329,False,28.803417130765347,0.8139043411672501,3.0177454167264277,8.294275021635864,-0.02728707712552329,4.5,False,7.83480005338788,20,25.798375044427335,-0.02728707712552329,0.1,60,-39.027805327907245,24.548295974732728,0.0027789998040821254,0.6003014191642104,-24.628991232758693,26.97414577568774,0.5315592596529508,4.435005023652733,1,"[{""id"": 162, ""x"": -71.64137268066406, ""y"": 27.983861923217773, ""vx"": 0.0, ""vy"": 0.0, ""r"": 2.5906050205230713}]"
304,15.200000000000001,-39.02202606201172,24.54826545715332,0.00424024997759026,0.00024282784019617697,-0.0030986370984464884,0.5,0.0,PlanStatus.OK,20,25.804154203660364,-0.02733365514521266,True,28.809167797833695,1.1345958410368663e-05,1.740052003246402e-05,0.20347528908053908,-0.02733365514521266,3.0,False,8.123900042846799,20,25.804154203660364,-0.02733365514521266,0.1,60,-39.02202606154569,24.548265457154617,0.0027789998038726133,0.00024282784019617697,-30.17134392458485,24.57285784144998,0.0027790104051642344,2.9500040471306725,1,"[{""id"": 162, ""x"": -71.64137268066406, ""y"": 27.983861923217773, ""vx"": 0.0, ""vy"": 0.0, ""r"": 2.5906050205230713}]"
305,15.25,-39.021026611328125,24.548269271850586,0.0042388125467948635,0.10047834605200717,-0.003095723921433091,0.5,0.0,PlanStatus.OK,20,25.80515366108569,-0.027332617932353635,True,28.81016135131344,1.4204795342644378e-05,1.6794782937640598e-05,0.20347581137419896,-0.027332617932353635,3.0,False,7.647000020369887,20,25.80515366108569,-0.027332617932353635,0.1,60,-39.02102661086153,24.548269271851883,0.002778999804099696,0.10047834605200717,-29.8746508546638,24.573683393917854,0.0027790104051857198,2.95167463910087,1,"[{""id"": 162, ""x"": -71.64137268066406, ""y"": 27.983861923217773, ""vx"": 0.0, ""vy"": 0.0, ""r"": 2.5906050205230713}]"
306,15.3,-39.01348876953125,24.548357009887695,0.004017808147169766,0.17091826648536385,-0.0026268386282026768,0.5,0.0,PlanStatus.OK,20,25.812691717599485,-0.02726582786795321,True,28.817648553212358,1.2163524157278694e-05,1.836565425240768e-05,0.20347449200584275,-0.02726582786795321,3.0,False,7.558200042694807,20,25.812691717599485,-0.02726582786795321,0.1,60,-39.01348876906144,24.548357009889,0.002778999804026098,0.17091826648536385,-29.659327435793195,24.574348210349164,0.0027777862804785423,2.9528486377747574,1,"[{""id"": 162, ""x"": -71.64137268066406, ""y"": 27.983861923217773, ""vx"": 0.0, ""vy"": 0.0, ""r"": 2.5906050205230713}]"
307,15.350000000000001,-39.000301361083984,24.54839324951172,0.0040136560605679,0.33100846695957586,-0.0026182213332504034,0.5,0.0,PlanStatus.OK,20,25.82587917583444,-0.027266236142184524,True,28.830759697128265,1.152403002947357e-05,1.79213589787848e-05,0.20347311607338409,-0.027266236142184524,3.0,False,8.036700077354908,20,25.82587917583444,-0.027266236142184524,0.1,60,-39.00030136060654,24.548393249513044,0.00277899980405012,0.33100846695957586,-29.17390886983524,24.57569576446548,0.002776916433095561,2.9555168077826566,1,"[{""id"": 162, ""x"": -71.64137268066406, ""y"": 27.983861923217773, ""vx"": 0.0, ""vy"": 0.0, ""r"": 2.5906050205230713}]"
308,15.4,-38.98046875,24.548357009887695,0.0043087491335852155,0.45800845164861836,-0.0032445190008729696,0.5,0.0,PlanStatus.OK,20,25.845711609626655,-0.027357590377647012,True,28.85048722089936,1.0794410288759834e-05,1.453668530197131e-05,0.2034700637098406,-0.027357590377647012,3.0,False,7.826199987903237,20,25.845711609626655,-0.027357590377647012,0.1,60,-38.980468749509456,24.54835700988906,0.0027789998040292155,0.45800845164861836,-28.7794548955332,24.57669980195455,0.0027769842476764884,2.957633474194146,1,"[{""id"": 162, ""x"": -71.64137268066406, ""y"": 27.983861923217773, ""vx"": 0.0, ""vy"": 0.0, ""r"": 2.5906050205230713}]"
309,15.450000000000001,-38.951683044433594,24.548357009887695,0.004454527034645331,0.6396261494892516,0.0,0.0,1.0,PlanStatus.FAIL,20,25.874497204039436,-0.027437585744810686,False,28.879115126685953,1.0480931547071752,3.672984789803808,8.535512389235686,-0.027437585744810686,4.0,False,7.548199966549873,20,25.874497204039436,-0.027437585744810686,0.1,60,-38.951683043924874,24.54835700988911,0.0027789998041114687,0.6396261494892516,-25.732656318092754,26.32510181036302,0.5313700715781203,3.9439937691581495,1,"[{""id"": 162, ""x"": -71.64137268066406, ""y"": 27.983861923217773, ""vx"": 0.0, ""vy"": 0.0, ""r"": 2.5906050205230713}]"
310,15.5,-38.94363021850586,24.54829978942871,0.004639345212810325,0.0004095595942088828,-0.003945568110793829,0.5,0.0,PlanStatus.OK,20,25.882549839856406,-0.02751718475571526,True,28.88712983652588,1.1402677734725959e-05,1.8394648455834738e-05,0.20346623256715246,-0.02751718475571526,3.0,False,8.381300140172243,20,25.882549839856406,-0.02751718475571526,0.1,60,-38.94363021799096,24.548299789430143,0.00277899980412814,0.0004095595942088828,-30.092456229298744,24.572893541421188,0.0027790104051631168,2.9500068259932406,1,"[{""id"": 162, ""x"": -71.64137268066406, ""y"": 27.983861923217773, ""vx"": 0.0, ""vy"": 0.0, ""r"": 2.5906050205230713}]"
311,15.55,-38.9426383972168,24.548303604125977,0.0046374867216824244,0.10089841494843757,-0.003941738978028297,0.5,0.0,PlanStatus.OK,20,25.883541667916663,-0.027516126340800865,True,28.888115829550614,1.7327755110310026e-05,1.8074692735197198e-05,0.2034668621585653,-0.027516126340800865,3.0,False,7.692000130191445,20,25.883541667916663,-0.027516126340800865,0.1,60,-38.94263839670134,24.54830360412741,0.0027789998039472784,0.10089841494843757,-29.795025592196968,24.57372109689402,0.00277878033442305,2.951681640249142,1,"[{""id"": 162, ""x"": -71.64137268066406, ""y"": 27.983861923217773, ""vx"": 0.0, ""vy"": 0.0, ""r"": 2.5906050205230713}]"
312,15.600000000000001,-38.93527603149414,24.54834747314453,0.004579585854513819,0.16067260897359653,-0.0038189920596778393,0.5,0.0,PlanStatus.OK,20,25.89090412712199,-0.027492717478208827,True,28.895433317888347,1.673814962849307e-05,1.7818606039784503e-05,0.20346632359797387,-0.027492717478208827,3.0,False,7.708600023761392,20,25.89090412712199,-0.027492717478208827,0.1,60,-38.935276030974826,24.548347473145974,0.002778999804046177,0.16067260897359653,-29.611342666091286,24.574254567366275,0.0027774372959019794,2.952677876816226,1,"[{""id"": 162, ""x"": -71.64137268066406, ""y"": 27.983861923217773, ""vx"": 0.0, ""vy"": 0.0, ""r"": 2.5906050205230713}]"
313,15.65,-38.92157745361328,24.5483341217041,0.004624402382381459,0.31134218754633763,-0.003914268687367439,0.5,0.0,PlanStatus.OK,20,25.904602615003316,-0.02754413716332898,True,28.90905836695962,1.6180048714622747e-05,1.8766926428116434e-05,0.2034644164761703,-0.02754413716332898,3.0,False,7.700699847191572,20,25.904602615003316,-0.02754413716332898,0.1,60,-38.921577453085,24.54833412170557,0.0027789998041623607,0.31134218754633763,-29.15320214350629,24.57547536432201,0.0027769208834473313,2.9551890364591036,1,"[{""id"": 162, ""x"": -71.64137268066406, ""y"": 27.983861923217773, ""vx"": 0.0, ""vy"": 0.0, ""r"": 2.5906050205230713}]"
314,15.700000000000001,-38.90019607543945,24.54833221435547,0.004743049329836392,0.4940435404090642,0.0,0.0,1.0,PlanStatus.FAIL,20,25.925983905314204,-0.02760546327387212,False,28.930323124206723,0.7459181682053313,2.2112819870852656,6.790221371698375,-0.02760546327387212,3.0,False,7.684699958190322,20,25.925983905314204,-0.02760546327387212,0.1,60,-38.90019607489748,24.548332214356975,0.0027789998040072114,0.4940435404090642,-28.596117458360474,24.642775227018507,0.22390516583139927,2.958234059006821,1,"[{""id"": 162, ""x"": -71.64137268066406, ""y"": 27.983861923217773, ""vx"": 0.0, ""vy"": 0.0, ""r"": 2.5906050205230713}]"
315,15.75,-38.89554977416992,24.548383712768555,0.004636323149151466,0.00018576768929977252,-0.003939187619835138,0.5,0.0,PlanStatus.OK,20,25.93063033175632,-0.027566877113340448,True,28.93493868635533,1.5398072930663364e-05,1.5784907757437384e-05,0.20346084587685997,-0.027566877113340448,3.0,False,8.026499999687076,20,25.93063033175632,-0.027566877113340448,0.1,60,-38.895549773625994,24.548383712770065,0.002778999804579323,0.00018576768929977252,-30.045035971463243,24.57297563060087,0.0027790104051729015,2.9500030961281576,1,"[{""id"": 162, ""x"": -71.64137268066406, ""y"": 27.983861923217773, ""vx"": 0.0, ""vy"": 0.0, ""r"": 2.5906050205230713}]"
316,15.8,-38.894554138183594,24.548385620117188,0.004634517193037256,0.09958620767364959,-0.0039354367181658745,0.5,0.0,PlanStatus.OK,20,25.9316259691986,-0.02756773664072381,True,28.935928688918032,1.135970895798886e-05,1.54732207420993e-05,0.20345956281508298,-0.02756773664072381,3.0,False,7.535599870607257,20,25.9316259691986,-0.02756773664072381,0.1,60,-38.89455413763906,24.5483856201187,0.002778999804110381,0.09958620767364959,-29.750815382701575,24.573792251367834,0.002778455168278107,2.951659770127894,1,"[{""id"": 162, ""x"": -71.64137268066406, ""y"": 27.983861923217773, ""vx"": 0.0, ""vy"": 0.0, ""r"": 2.5906050205230713}]"
317,15.850000000000001,-38.88948059082031,24.548404693603516,0.004585957155332643,0.17671037368398995,-0.003832585643976927,0.5,0.0,PlanStatus.OK,20,25.93669954997594,-0.027562762597025108,True,28.940972559014845,1.119188147013034e-05,2.0572001047909974e-05,0.20346048979212109,-0.027562762597025108,3.0,False,7.616200018674135,20,25.93669954997594,-0.027562762597025108,0.1,60,-38.88948059027292,24.548404693605036,0.002778999804111704,0.17671037368398995,-29.518242459381394,24.57444305032828,0.002776857987552703,2.9529451728947307,1,"[{""id"": 162, ""x"": -71.64137268066406, ""y"": 27.983861923217773, ""vx"": 0.0, ""vy"": 0.0, ""r"": 2.5906050205230713}]"
318,15.9,-38.87715148925781,24.54837989807129,0.004691555133594838,0.30762458634576834,-0.004056790377944708,0.5,0.0,PlanStatus.OK,20,25.949028535023942,-0.027621820560233466,True,28.95323699981372,1.0388893681072337e-05,1.727890483571408e-05,0.20345787239566288,-0.027621820560233466,3.0,False,7.862600032240152,20,25.949028535023942,-0.027621820560233466,0.1,60,-38.877151488702026,24.548379898072834,0.0027789998039865244,0.30762458634576834,-29.11974550313205,24.5754905883778,0.0027769269236599717,2.9551270764390978,1,"[{""id"": 162, ""x"": -71.64137268066406, ""y"": 27.983861923217773, ""vx"": 0.0, ""vy"": 0.0, ""r"": 2.5906050205230713}]"
319,15.950000000000001,-38.858856201171875,24.54855728149414,0.004391283720688404,0.3927770699128097,-0.0034196979831904173,0.5,0.0,PlanStatus.OK,20,25.967324245411998,-0.027495280358895445,True,28.971414103714245,1.4067413686777847e-05,1.8867075619755785e-05,0.20345660846372465,-0.027495280358895445,3.0,False,7.681400049477816,20,25.967324245411998,-0.027495280358895445,0.1,60,-38.85885620060797,24.548557281495707,0.002779005124304234,0.3927770699128097,-28.85026966982327,24.576365458470928,0.002776972844781469,2.9565462844985464,1,"[{""id"": 162, ""x"": -71.64137268066406, ""y"": 27.983861923217773, ""vx"": 0.0, ""vy"": 0.0, ""r"": 2.5906050205230713}]"
320,16.0,-38.83380889892578,24.54868507385254,0.004243538097283803,0.5820148187229917,0.0,0.0,1.0,PlanStatus.FAIL,20,25.992371806074484,-0.027437094852401117,False,28.996311799893903,0.9449191866161432,2.7670967082445297,7.951049839264343,-0.027437094852401117,3.0,False,8.22930014692247,20,25.992371806074484,-0.027437094852401117,0.1,60,-38.833808898348494,24.548685073854145,0.002779018406847114,0.5820148187229917,-28.31574711925969,24.807582934683534,0.5309012989759319,2.9597002469787195,1,"[{""id"": 162, ""x"": -71.64137268066406, ""y"": 27.983861923217773, ""vx"": 0.0, ""vy"": 0.0, ""r"": 2.5906050205230713}]"
321,16.05,-38.82537078857422,24.54869270324707,0.00425746975873628,0.00040260908275194045,-0.0031352846417576075,0.5,0.0,PlanStatus.OK,20,26.000809904462976,-0.027452914981306076,True,29.004703248209154,1.047163914007048e-05,1.4997451643289708e-05,0.2034513984161159,-0.027452914981306076,3.0,False,7.599000120535493,20,26.000809904462976,-0.027452914981306076,0.1,60,-38.825370788617036,24.548692703246953,0.002779021005980352,0.00040260908275194045,-29.974217310856638,24.57328639947431,0.0027790104051878756,2.9500067101513805,1,"[{""id"": 162, ""x"": -71.64137268066406, ""y"": 27.983861923217773, ""vx"": 0.0, ""vy"": 0.0, ""r"": 2.5906050205230713}]"
322,16.1,-38.82437515258789,24.548696517944336,0.004256020624596248,0.10074648235350027,-0.0031322743743658066,0.5,0.0,PlanStatus.OK,20,26.00180554720579,-0.027451867188531383,True,29.005693076582872,1.7502779417754563e-05,1.853318776429743e-05,0.20345306693429702,-0.027451867188531383,3.0,False,8.6536998860538,20,26.00180554720579,-0.027451867188531383,0.1,60,-38.824375152683416,24.54869651794407,0.002779021006204382,0.10074648235350027,-29.677218632674634,24.57411248889622,0.00277791636147338,2.9516791080392233,1,"[{""id"": 162, ""x"": -71.64137268066406, ""y"": 27.983861923217773, ""vx"": 0.0, ""vy"": 0.0, ""r"": 2.5906050205230713}]"
323,16.150000000000002,-38.81602096557617,24.548669815063477,0.004346598530354991,0.20973351866004683,-0.0033246742095798254,0.5,0.0,PlanStatus.OK,20,26.01015962775024,-0.027501786397588025,True,29.01400465757777,1.5435876188021992e-05,1.8905938222076035e-05,0.20345186641498733,-0.027501786397588025,3.0,False,8.016600040718913,20,26.01015962775024,-0.027501786397588025,0.1,60,-38.816020966114955,24.54866981506198,0.00277902100609878,0.20973351866004683,-29.347376641458414,24.574978504920285,0.002776887334042595,2.9534955586443346,1,"[{""id"": 162, ""x"": -71.64137268066406, ""y"": 27.983861923217773, ""vx"": 0.0, ""vy"": 0.0, ""r"": 2.5906050205230713}]"
324,16.2,-38.802207946777344,24.548856735229492,0.003989504518432244,0.32837914798809703,-0.0025670386385172606,0.5,0.0,PlanStatus.OK,20,26.023973112664823,-0.027353253573351777,True,29.027723237852243,1.3178712545069072e-05,1.927802986886277e-05,0.20345028427602746,-0.027353253573351777,3.0,False,7.659199880436063,20,26.023973112664823,-0.027353253573351777,0.1,60,-38.802207948041904,24.54885673522598,0.0027790210061921787,0.32837914798809703,-28.983585082632477,24.5761372693936,0.002776949293148392,2.955472985799799,1,"[{""id"": 162, ""x"": -71.64137268066406, ""y"": 27.983861923217773, ""vx"": 0.0, ""vy"": 0.0, ""r"": 2.5906050205230713}]"
325,16.25,-38.7822265625,24.548908233642578,0.0041730491126267194,0.42150309256307694,0.0,0.0,1.0,PlanStatus.FAIL,20,26.04395456289951,-0.027357283974291557,False,29.04759090952173,0.1912699909374578,0.5716402280803737,3.253197187944823,-0.027357283974291557,3.0,False,8.771900087594986,20,26.04395456289951,-0.027357283974291557,0.1,60,-38.78222656481896,24.548908233636134,0.0027790210061990304,0.42150309256307694,-28.678875829443065,24.59447725544908,0.059940972301202974,2.9570250515427214,1,"[{""id"": 162, ""x"": -71.64137268066406, ""y"": 27.983861923217773, ""vx"": 0.0, ""vy"": 0.0, ""r"": 2.5906050205230713}]"
326,16.3,-38.77664566040039,24.548871994018555,0.004325283098735674,0.00018692101171040776,-0.003279203549027443,0.5,0.0,PlanStatus.OK,20,26.04953534273805,-0.027409032882580182,True,29.05314533802577,1.9744449975800923e-05,1.925332994123872e-05,0.20344796797985193,-0.027409032882580182,3.0,False,7.69250001758337,20,26.04953534273805,-0.027409032882580182,0.1,60,-38.77664566301873,24.54887199401128,0.0027790210063613516,0.00018692101171040776,-29.926128462825524,24.573463921495566,0.00277901040519708,2.950003115350193,1,"[{""id"": 162, ""x"": -71.64137268066406, ""y"": 27.983861923217773, ""vx"": 0.0, ""vy"": 0.0, ""r"": 2.5906050205230713}]"
327,16.35,-38.7756462097168,24.548873901367188,0.004323758022892684,0.09977704742606747,-0.0032760463654994965,0.5,0.0,PlanStatus.OK,20,26.050534794862845,-0.027409903032181528,True,29.054139175760945,1.328976831167346e-05,1.8349301189723305e-05,0.2034465152094086,-0.027409903032181528,3.0,False,7.628599880263209,20,26.050534794862845,-0.027409903032181528,0.1,60,-38.775646212388054,24.548873901359766,0.002779021006263877,0.09977704742606747,-29.631352641040063,24.57428181696823,0.0027775821370538546,2.9516629507904324,1,"[{""id"": 162, ""x"": -71.64137268066406, ""y"": 27.983861923217773, ""vx"": 0.0, ""vy"": 0.0, ""r"": 2.5906050205230713}]"
328,16.400000000000002,-38.76987838745117,24.54891014099121,0.0042408837787207805,0.1793405239545696,-0.003100290894508362,0.5,0.0,PlanStatus.OK,20,26.056302695566707,-0.027389692426703992,True,29.059871989945165,1.6602754540936108e-05,1.6131651410429028e-05,0.2034463194833008,-0.027389692426703992,3.0,False,7.629500003531575,20,26.056302695566707,-0.027389692426703992,0.1,60,-38.76987839042513,24.548910140982947,0.002779021006147187,0.1793405239545696,-29.390889935525,24.574969766488046,0.002776879646325311,2.9529890087325787,1,"[{""id"": 162, ""x"": -71.64137268066406, ""y"": 27.983861923217773, ""vx"": 0.0, ""vy"": 0.0, ""r"": 2.5906050205230713}]"
329,16.45,-38.75769805908203,24.548925399780273,0.004207751870135863,0.3106647681251656,-0.0030301562510430813,0.5,0.0,PlanStatus.OK,20,26.06848301930624,-0.027408283041391802,True,29.071984794857812,1.477662845633761e-05,1.871244113633031e-05,0.20344527690989933,-0.027408283041391802,3.0,False,8.001199923455715,20,26.06848301930624,-0.027408283041391802,0.1,60,-38.75769806270183,24.548925399770216,0.0027790210062109146,0.3106647681251656,-28.99133199870246,24.576060726794186,0.002776948206029621,2.9551777461354165,1,"[{""id"": 162, ""x"": -71.64137268066406, ""y"": 27.983861923217773, ""vx"": 0.0, ""vy"": 0.0, ""r"": 2.5906050205230713}]"
330,16.5,-38.73949432373047,24.549020767211914,0.004055410993479249,0.44166534418649905,0.0,0.0,1.0,PlanStatus.FAIL,20,26.08668694939226,-0.027363504475827784,False,29.090080173113904,0.7828768194102436,2.319291300458887,7.023642744155661,-0.027363504475827784,3.0,False,7.83579982817173,20,26.08668694939226,-0.027363504475827784,0.1,60,-38.73949432830501,24.549020767199202,0.0027790210062081516,0.44166534418649905,-28.59091336969927,24.64611106150504,0.2347060970592155,2.957361089069778,1,"[{""id"": 162, ""x"": -71.64137268066406, ""y"": 27.983861923217773, ""vx"": 0.0, ""vy"": 0.0, ""r"": 2.5906050205230713}]"
331,16.55,-38.73455047607422,24.54888916015625,0.0044328607627613145,0.00017226976502936393,-0.003507489338517189,0.5,0.0,PlanStatus.OK,20,26.091630412219658,-0.027508850062098005,True,29.095010965394856,1.2220269322349822e-05,1.690282274774673e-05,0.2034414332688827,-0.027508850062098005,3.0,False,7.690900005400181,20,26.091630412219658,-0.027508850062098005,0.1,60,-38.73455048093532,24.548889160142743,0.002779021006539323,0.00017226976502936393,-29.88407650222775,24.57348096706751,0.0027790104051979075,2.950002871162754,1,"[{""id"": 162, ""x"": -71.64137268066406, ""y"": 27.983861923217773, ""vx"": 0.0, ""vy"": 0.0, ""r"": 2.5906050205230713}]"
332,16.6,-38.73355484008789,24.548891067504883,0.004431273269080275,0.09952962968216858,-0.0035042273811995983,0.5,0.0,PlanStatus.OK,20,26.092626049661916,-0.02750970961059172,True,29.096001023083332,2.0076216418279343e-05,1.898206576358627e-05,0.20344336769805937,-0.02750970961059172,3.0,False,7.681200047954917,20,26.092626049661916,-0.02750970961059172,0.1,60,-38.73355484500196,24.548891067491226,0.002779021006151593,0.09952962968216858,-29.58999404603034,24.574296857647923,0.0027772818736364257,2.951658827161372,1,"[{""id"": 162, ""x"": -71.64137268066406, ""y"": 27.983861923217773, ""vx"": 0.0, ""vy"": 0.0, ""r"": 2.5906050205230713}]"
333,16.650000000000002,-38.72827911376953,24.548891067504883,0.0044589592212954405,0.1793972075887599,-0.003563087899237871,0.5,0.0,PlanStatus.OK,20,26.097901755608184,-0.02752437094597843,True,29.1012482455116,1.4930506398614706e-05,1.8673229161951e-05,0.2034413993018043,-0.02752437094597843,3.0,False,8.534700144082308,20,26.097901755608184,-0.02752437094597843,0.1,60,-38.72827911896626,24.548891067490445,0.002779021006067701,0.1793972075887599,-29.349126468358264,24.57495106117205,0.0027768870837776376,2.9529899534598143,1,"[{""id"": 162, ""x"": -71.64137268066406, ""y"": 27.983861923217773, ""vx"": 0.0, ""vy"": 0.0, ""r"": 2.5906050205230713}]"
334,16.7,-38.71674346923828,24.54882049560547,0.004690985050673993,0.24915009831538923,-0.004055546596646309,0.5,0.0,PlanStatus.OK,20,26.109437159474275,-0.02762700033009047,True,29.112728919360507,1.294388216860202e-05,1.7118233420188554e-05,0.20343943257488897,-0.02762700033009047,3.0,False,8.426800137385726,20,26.109437159474275,-0.02762700033009047,0.1,60,-38.716743475068995,24.548820495589265,0.0027790210062826294,0.24915009831538923,-29.131835730872982,24.575451834534366,0.0027769248595239135,2.9541525016385872,1,"[{""id"": 162, ""x"": -71.64137268066406, ""y"": 27.983861923217773, ""vx"": 0.0, ""vy"": 0.0, ""r"": 2.5906050205230713}]"
335,16.75,-38.69769287109375,24.54894256591797,0.004430873794916764,0.4546351250321597,0.0,0.0,1.0,PlanStatus.FAIL,20,26.1284880232909,-0.02755787243324088,False,29.131664073499685,0.758027968024239,2.6594409878745022,6.25739952190944,-0.02755787243324088,4.0,False,8.520199917256832,20,26.1284880232909,-0.02755787243324088,0.1,60,-38.69769287792236,24.548942565898994,0.0027790210062880764,0.4546351250321597,-25.983616964210416,26.177459295826736,0.5313266458613929,3.9409105854171975,1,"[{""id"": 162, ""x"": -71.64137268066406, ""y"": 27.983861923217773, ""vx"": 0.0, ""vy"": 0.0, ""r"": 2.5906050205230713}]"
336,16.8,-38.692832946777344,24.548959732055664,0.00442536177966841,0.0001834724615489101,-0.0034915748983621597,0.5,0.0,PlanStatus.OK,20,26.133347976545817,-0.027554212176214045,True,29.13649601762323,1.8351226019032487e-05,1.7971335523328177e-05,0.20343789835940254,-0.027554212176214045,3.0,False,8.490700041875243,20,26.133347976545817,-0.027554212176214045,0.1,60,-38.6928329538633,24.548959732035975,0.002779021005660791,0.0001834724615489101,-29.842325927704138,24.573551630357937,0.0027790104051961025,2.950003057874356,1,"[{""id"": 162, ""x"": -71.64137268066406, ""y"": 27.983861923217773, ""vx"": 0.0, ""vy"": 0.0, ""r"": 2.5906050205230713}]"
337,16.85,-38.69184112548828,24.548961639404297,0.004423756600933256,0.09945264912984245,-0.0034882999025285244,0.5,0.0,PlanStatus.OK,20,26.13433979930554,-0.02755506112359301,True,29.137482295151486,1.0866036534991131e-05,2.0287100483216275e-05,0.20343707979023565,-0.02755506112359301,3.0,False,8.611700031906366,20,26.13433979930554,-0.02755506112359301,0.1,60,-38.69184113262716,24.54896163938446,0.0027790210064341605,0.09945264912984245,-29.548510309631006,24.574366701399875,0.0027769816951449503,2.9516575441521624,1,"[{""id"": 162, ""x"": -71.64137268066406, ""y"": 27.983861923217773, ""vx"": 0.0, ""vy"": 0.0, ""r"": 2.5906050205230713}]"
338,16.900000000000002,-38.687007904052734,24.548995971679688,0.004349681191331623,0.13774213613335695,-0.0033311531879007816,0.5,0.0,PlanStatus.OK,20,26.13917309748771,-0.027534160587386388,True,29.142285910515,1.8921639005966492e-05,1.7499924845174215e-05,0.20343717162770186,-0.027534160587386388,3.0,False,8.740599965676665,20,26.13917309748771,-0.027534160587386388,0.1,60,-38.68700791144285,24.548995971659153,0.0027790210062283976,0.13774213613335695,-29.43073163569441,24.57471466107807,0.002776873046076102,2.95229570226889,1,"[{""id"": 162, ""x"": -71.64137268066406, ""y"": 27.983861923217773, ""vx"": 0.0, ""vy"": 0.0, ""r"": 2.5906050205230713}]"
339,16.95,-38.67588424682617,24.549020767211914,0.004377792104994171,0.2394495349692335,-0.003390919417142868,0.5,0.0,PlanStatus.OK,20,26.150296780667748,-0.027540277988215872,True,29.153347081215585,1.4092776153099067e-05,1.8244998834853962e-05,0.20343500911210194,-0.027540277988215872,3.0,False,7.671199971809983,20,26.150296780667748,-0.027540277988215872,0.1,60,-38.67588425480873,24.54902076718973,0.002779021006288395,0.2394495349692335,-29.119593752402128,24.575572552542432,0.0027769266744278507,2.9539908255828253,1,"[{""id"": 162, ""x"": -71.64137268066406, ""y"": 27.983861923217773, ""vx"": 0.0, ""vy"": 0.0, ""r"": 2.5906050205230713}]"
340,17.0,-38.657562255859375,24.54905891418457,0.004421084597316121,0.4288077540089055,0.0,0.0,1.0,PlanStatus.FAIL,20,26.16861880689571,-0.027553048295093897,False,29.171566519643434,0.9016191962211517,3.1722067275419352,7.435425355797945,-0.027553048295093897,4.0,False,7.478700019419193,20,26.16861880689571,-0.027553048295093897,0.1,60,-38.65756226481922,24.549058914159673,0.002779021006253685,0.4288077540089055,-26.014642826390574,26.15922964483801,0.5313208987429057,3.9404801292334857,1,"[{""id"": 162, ""x"": -71.64137268066406, ""y"": 27.983861923217773, ""vx"": 0.0, ""vy"": 0.0, ""r"": 2.5906050205230713}]"
341,17.05,-38.65317153930664,24.549222946166992,0.004034637816827981,0.00016822137691764133,-0.002662431914359331,0.5,0.0,PlanStatus.OK,20,26.173009962341535,-0.027401218823905185,True,29.175916636749278,1.429978357860144e-05,1.48227818321401e-05,0.20343206144615347,-0.027401218823905185,3.0,False,7.540100021287799,20,26.173009962341535,-0.027401218823905185,0.1,60,-38.65317154844916,24.549222946141587,0.0027790210064269428,0.00016822137691764133,-29.802711122443906,24.573814663349214,0.002778836875468673,2.9500028036896144,1,"[{""id"": 162, ""x"": -71.64137268066406, ""y"": 27.983861923217773, ""vx"": 0.0, ""vy"": 0.0, ""r"": 2.5906050205230713}]"
342,17.1,-38.652183532714844,24.549224853515625,0.004033399082817039,0.09941354579563957,-0.0026599345728754997,0.5,0.0,PlanStatus.OK,20,26.17399797041872,-0.02740205717017652,True,29.176899133893592,1.9287796793929498e-05,1.985180105418781e-05,0.2034340631938758,-0.02740205717017652,3.0,False,7.646400015801191,20,26.17399797041872,-0.02740205717017652,0.1,60,-38.65218354190985,24.549224853490074,0.002779021006505744,0.09941354579563957,-29.508970675039816,24.57462950306227,0.0027768594276013276,2.9516568924299307,1,"[{""id"": 162, ""x"": -71.64137268066406, ""y"": 27.983861923217773, ""vx"": 0.0, ""vy"": 0.0, ""r"": 2.5906050205230713}]"
343,17.150000000000002,-38.64585494995117,24.54922866821289,0.0040550775781943394,0.14939741712992483,-0.0027059977874159813,0.5,0.0,PlanStatus.OK,20,26.18032653934583,-0.027415829729441954,True,29.183193304136438,1.5678766933515103e-05,1.8796575863540624e-05,0.20343190971498848,-0.027415829729441954,3.0,False,7.716800086200237,20,26.18032653934583,-0.027415829729441954,0.1,60,-38.645854959485405,24.549228668186398,0.0027790210063736633,0.14939741712992483,-29.355200798275963,24.57504273480874,0.0027768858219118083,2.952489956952165,1,"[{""id"": 162, ""x"": -71.64137268066406, ""y"": 27.983861923217773, ""vx"": 0.0, ""vy"": 0.0, ""r"": 2.5906050205230713}]"
344,17.2,-38.63425064086914,24.549259185791016,0.004021137618681015,0.27493968164817695,-0.002634110627695918,0.5,0.0,PlanStatus.OK,20,26.191930888426977,-0.027417560846354022,True,29.194732112676405,1.2811902011558944e-05,2.0084347211266756e-05,0.20343061944228108,-0.027417560846354022,3.0,False,7.950299885123968,20,26.191930888426977,-0.027417560846354022,0.1,60,-38.63425065101757,24.549259185762818,0.002779021006213609,0.27493968164817695,-28.973274436570943,24.576101594503907,0.002776951349900105,2.9545823280274726,1,"[{""id"": 162, ""x"": -71.64137268066406, ""y"": 27.983861923217773, ""vx"": 0.0, ""vy"": 0.0, ""r"": 2.5906050205230713}]"
345,17.25,-38.61600875854492,24.549150466918945,0.004327283590445137,0.4216946227114522,0.0,0.0,1.0,PlanStatus.FAIL,20,26.21017239817896,-0.02757697380752603,False,29.212887329504895,0.8136761705610596,2.8579255182198815,6.710757511300654,-0.02757697380752603,4.0,False,7.739300141111016,20,26.21017239817896,-0.02757697380752603,0.1,60,-38.61600876972249,24.549150466887887,0.0027790210062517166,0.4216946227114522,-25.99693852058215,26.169608161088853,0.5313245430216481,3.9403615770451865,1,"[{""id"": 162, ""x"": -71.64137268066406, ""y"": 27.983861923217773, ""vx"": 0.0, ""vy"": 0.0, ""r"": 2.5906050205230713}]"
346,17.3,-38.61125946044922,24.54926872253418,0.004055773277014257,0.0001721749652958156,-0.0027072818484157324,0.5,0.0,PlanStatus.OK,20,26.214922006569775,-0.027471917031120008,True,29.217598921310454,1.718325915610128e-05,1.5038259889637792e-05,0.20342750968456358,-0.027471917031120008,3.0,False,8.23279982432723,20,26.214922006569775,-0.027471917031120008,0.1,60,-38.611259471835844,24.54926872250254,0.0027790210062542346,0.0001721749652958156,-29.76079026580518,24.57386037259529,0.0027785281573140773,2.950002869582759,1,"[{""id"": 162, ""x"": -71.64137268066406, ""y"": 27.983861923217773, ""vx"": 0.0, ""vy"": 0.0, ""r"": 2.5906050205230713}]"
347,17.35,-38.61026382446289,24.549272537231445,0.004054536883672242,0.0994673840001713,-0.0027047893963754177,0.5,0.0,PlanStatus.OK,20,26.21591764931259,-0.02747086923834174,True,29.218588823427403,1.3488211492409301e-05,1.8984168684062913e-05,0.203427533955984,-0.02747086923834174,3.0,False,7.745200069621205,20,26.21591764931259,-0.02747086923834174,0.1,60,-38.61026383590183,24.54927253719966,0.0027790210062922584,0.0994673840001713,-29.466895090943115,24.57467753025607,0.0027768667352934366,2.9516577897333383,1,"[{""id"": 162, ""x"": -71.64137268066406, ""y"": 27.983861923217773, ""vx"": 0.0, ""vy"": 0.0, ""r"": 2.5906050205230713}]"
348,17.400000000000002,-38.603294372558594,24.54916000366211,0.004423179235931306,0.18721081317606683,-0.0034871757961809635,0.5,0.0,PlanStatus.OK,20,26.22288676157176,-0.027602770601445482,True,29.225532545198675,1.6554241591230617e-05,1.8496465763106693e-05,0.2034275691164716,-0.027602770601445482,3.0,False,7.523700129240751,20,26.22288676157176,-0.027602770601445482,0.1,60,-38.60329438442344,24.54916000362914,0.002779021006302871,0.18721081317606683,-29.20110199470593,24.575283715268174,0.0027769128184272638,2.9531201802195977,1,"[{""id"": 162, ""x"": -71.64137268066406, ""y"": 27.983861923217773, ""vx"": 0.0, ""vy"": 0.0, ""r"": 2.5906050205230713}]"
349,17.45,-38.58981704711914,24.54931640625,0.00393405953311653,0.33354913457331936,-0.0024493816308677197,0.5,0.0,PlanStatus.OK,20,26.236364469614358,-0.027483822339794378,True,29.238921486448582,1.7708220660798726e-05,1.8742026725569218e-05,0.2034256710430144,-0.027483822339794378,3.0,False,8.21979995816946,20,26.236364469614358,-0.027483822339794378,0.1,60,-38.58981705964723,24.54931640621519,0.0027790210062659743,0.33354913457331936,-28.75595870715923,24.576638819313164,0.0027769890176852,2.955559152242892,1,"[{""id"": 162, ""x"": -71.64137268066406, ""y"": 27.983861923217773, ""vx"": 0.0, ""vy"": 0.0, ""r"": 2.5906050205230713}]"
350,17.5,-38.57093048095703,24.549468994140625,0.003756605619543985,0.4296718467250899,0.0,0.0,1.0,PlanStatus.FAIL,20,26.255251386890848,-0.02738372113492602,False,29.257691194232713,0.7235588186023073,2.654508577886513,7.439455609192045,-0.02738372113492602,4.5,False,8.715000003576279,20,26.255251386890848,-0.02738372113492602,0.1,60,-38.57093049443692,24.549468994103172,0.0027790210062093547,0.4296718467250899,-24.668963105841005,26.9505352052525,0.5315547753919414,4.432161197445422,1,"[{""id"": 162, ""x"": -71.64137268066406, ""y"": 27.983861923217773, ""vx"": 0.0, ""vy"": 0.0, ""r"": 2.5906050205230713}]"
351,17.55,-38.56623077392578,24.549467086791992,0.0038371735245999873,0.00018114515525680607,-0.002243397757411003,0.5,0.0,PlanStatus.OK,20,26.259951070473733,-0.027398689043945698,True,29.262365961555993,1.550080766182595e-05,1.8244862229023148e-05,0.20342237209703626,-0.027398689043945698,3.0,False,7.572900038212538,20,26.259951070473733,-0.027398689043945698,0.1,60,-38.56623078766137,24.54946708675383,0.002779021005762622,0.00018114515525680607,-29.715738193086764,24.574058703826676,0.0027781975023125865,2.9500030190859188,1,"[{""id"": 162, ""x"": -71.64137268066406, ""y"": 27.983861923217773, ""vx"": 0.0, ""vy"": 0.0, ""r"": 2.5906050205230713}]"
352,17.6,-38.56523895263672,24.549468994140625,0.003836130106407273,0.09951913003852864,-0.0022413148544728756,0.5,0.0,PlanStatus.OK,20,26.260942893233455,-0.02739953799132465,True,29.263352281936008,2.0201211970697483e-05,1.7146991088535894e-05,0.20342312889624417,-0.02739953799132465,3.0,False,7.7731001656502485,20,26.260942893233455,-0.02739953799132465,0.1,60,-38.565238966425134,24.549468994102313,0.0027790210064485843,0.09951913003852864,-29.421720601010552,24.57487430692411,0.002776874388071295,2.9516586521673123,1,"[{""id"": 162, ""x"": -71.64137268066406, ""y"": 27.983861923217773, ""vx"": 0.0, ""vy"": 0.0, ""r"": 2.5906050205230713}]"
353,17.650000000000002,-38.55929183959961,24.549484252929688,0.00376073611997686,0.1669370844100531,-0.0020814042072743177,0.5,0.0,PlanStatus.OK,20,26.26689002571037,-0.027400806391968163,True,29.26926602288345,2.1712232415204986e-05,1.9719339432507782e-05,0.2034236671355524,-0.027400806391968163,3.0,False,7.694300031289458,20,26.26689002571037,-0.027400806391968163,0.1,60,-38.55929185370294,24.5494842528905,0.002779021006194228,0.1669370844100531,-29.216905331122923,24.57544179503985,0.0027769095073951057,2.952782284740171,1,"[{""id"": 162, ""x"": -71.64137268066406, ""y"": 27.983861923217773, ""vx"": 0.0, ""vy"": 0.0, ""r"": 2.5906050205230713}]"
354,17.7,-38.54716110229492,24.549386978149414,0.003941903634838979,0.32117232672428325,-0.002466014586389065,0.5,0.0,PlanStatus.OK,20,26.279020445844193,-0.027531792327014838,True,29.281341979342706,1.868876689982587e-05,1.7772472494155013e-05,0.20342098056333974,-0.027531792327014838,3.0,False,7.6673999428749084,20,26.279020445844193,-0.027531792327014838,0.1,60,-38.547161117109745,24.549386978108252,0.002779021006235755,0.32117232672428325,-28.749814756207613,24.576607911202544,0.002776990355226403,2.9553528721120697,1,"[{""id"": 162, ""x"": -71.64137268066406, ""y"": 27.983861923217773, ""vx"": 0.0, ""vy"": 0.0, ""r"": 2.5906050205230713}]"
355,17.75,-38.52939987182617,24.549388885498047,0.00388080801465958,0.410667773595617,0.0,0.0,1.0,PlanStatus.FAIL,20,26.296781613028926,-0.027579243754784082,False,29.299008183823396,0.9374040898423441,3.2434535450744026,7.525242471665601,-0.027579243754784082,4.0,False,8.559300098568201,20,26.296781613028926,-0.027579243754784082,0.1,60,-38.52939988761119,24.54938888545419,0.002779021006214374,0.410667773595617,-25.95040986374599,26.19695259204947,0.5313330865549052,3.940177796226588,1,"[{""id"": 162, ""x"": -71.64137268066406, ""y"": 27.983861923217773, ""vx"": 0.0, ""vy"": 0.0, ""r"": 2.5906050205230713}]"
356,17.8,-38.52485656738281,24.549474716186523,0.0036543321713808606,0.0001696566208005207,-0.0018553952686488628,0.5,0.0,PlanStatus.OK,20,26.3013251384534,-0.02750603931997291,True,29.303518393537004,1.8303130777833354e-05,1.6253648097226854e-05,0.20341791215932084,-0.02750603931997291,3.0,False,8.538300171494484,20,26.3013251384534,-0.02750603931997291,0.1,60,-38.52485658336696,24.54947471614211,0.002779021006242775,0.0001696566208005207,-29.674400751873762,24.574066141429626,0.0027778951749872403,2.9500028276103496,1,"[{""id"": 162, ""x"": -71.64137268066406, ""y"": 27.983861923217773, ""vx"": 0.0, ""vy"": 0.0, ""r"": 2.5906050205230713}]"
357,17.85,-38.52386474609375,24.549476623535156,0.00365347938766852,0.0994537417728258,-0.0018537170253694057,0.5,0.0,PlanStatus.OK,20,26.302316961213123,-0.027506888267355402,True,29.304504727322517,1.4019901501381731e-05,1.799935940269108e-05,0.20341727859030118,-0.027506888267355402,3.0,False,7.595000090077519,20,26.302316961213123,-0.027506888267355402,0.1,60,-38.523864762131005,24.549476623490598,0.0027790210062609228,0.0994537417728258,-29.380542231507192,24.574881304942007,0.002776881650340877,2.9516575623628833,1,"[{""id"": 162, ""x"": -71.64137268066406, ""y"": 27.983861923217773, ""vx"": 0.0, ""vy"": 0.0, ""r"": 2.5906050205230713}]"
358,17.900000000000002,-38.516990661621094,24.549484252929688,0.003678487614631395,0.17979785040200782,-0.0019068809924647212,0.5,0.0,PlanStatus.OK,20,26.309191040343887,-0.027518362102844068,True,29.311341364619715,1.5389427484759916e-05,1.769936629602859e-05,0.203416703770601,-0.027518362102844068,3.0,False,7.63269979506731,20,26.309191040343887,-0.027518362102844068,0.1,60,-38.51699067802984,24.549484252884096,0.0027790210062267097,0.17979785040200782,-29.136670742782844,24.57554704639807,0.0027769236649757105,2.9529966308400364,1,"[{""id"": 162, ""x"": -71.64137268066406, ""y"": 27.983861923217773, ""vx"": 0.0, ""vy"": 0.0, ""r"": 2.5906050205230713}]"
359,17.95,-38.5042839050293,24.549354553222656,0.004057938135697247,0.3022012134957423,-0.002712228335440159,0.5,0.0,PlanStatus.OK,20,26.321897387431097,-0.027683373607078454,True,29.323993765297878,1.4630038119796825e-05,1.8564237946106822e-05,0.20341506234138912,-0.027683373607078454,3.0,False,7.796799996867776,20,26.321897387431097,-0.027683373607078454,0.1,60,-38.50428392221481,24.549354553174908,0.0027790210062777656,0.3022012134957423,-28.762901629087324,24.576419987342774,0.0027769889714809965,2.9550366868915954,1,"[{""id"": 162, ""x"": -71.64137268066406, ""y"": 27.983861923217773, ""vx"": 0.0, ""vy"": 0.0, ""r"": 2.5906050205230713}]"
360,18.0,-38.48617172241211,24.54937744140625,0.004212485743003209,0.40793602249736616,0.0,0.0,1.0,PlanStatus.FAIL,20,26.340009563715178,-0.0277108195830383,False,29.342007133842053,0.8129191265538767,2.982386084015465,8.169105126327054,-0.0277108195830383,4.5,False,7.690000114962459,20,26.340009563715178,-0.0277108195830383,0.1,60,-38.4861717405826,24.549377441355766,0.002779021006228116,0.40793602249736616,-24.651152719036595,26.960653620149515,0.5315663304979269,4.43179893370829,1,"[{""id"": 162, ""x"": -71.64137268066406, ""y"": 27.983861923217773, ""vx"": 0.0, ""vy"": 0.0, ""r"": 2.5906050205230713}]"
361,18.05,-38.4822883605957,24.549463272094727,0.004018136881116823,0.0001630049144001279,-0.0026274118572473526,0.5,0.0,PlanStatus.OK,20,26.343893149061053,-0.02763578115616711,True,29.345860986315323,1.6327104954202235e-05,1.7829791542976585e-05,0.20341294700896223,-0.02763578115616711,3.0,False,7.611099863424897,20,26.343893149061053,-0.02763578115616711,0.1,60,-38.482288378923975,24.549463272043806,0.0027790210058374373,0.0001630049144001279,-29.63185515842512,24.5740545425742,0.0027775850848911956,2.9500027167485716,1,"[{""id"": 162, ""x"": -71.64137268066406, ""y"": 27.983861923217773, ""vx"": 0.0, ""vy"": 0.0, ""r"": 2.5906050205230713}]"
362,18.1,-38.48129653930664,24.54946517944336,0.004016930136247881,0.09943111126622782,-0.002624982502311468,0.5,0.0,PlanStatus.OK,20,26.344884971820775,-0.027636630103549602,True,29.346847333781753,2.1666552724159535e-05,1.734195046310897e-05,0.20341384387320077,-0.027636630103549602,3.0,False,7.677099900320172,20,26.344884971820775,-0.027636630103549602,0.1,60,-38.48129655768834,24.54946517939229,0.0027790210061398174,0.09943111126622782,-29.33804386755719,24.574869577167977,0.002776889243861158,2.951657185187772,1,"[{""id"": 162, ""x"": -71.64137268066406, ""y"": 27.983861923217773, ""vx"": 0.0, ""vy"": 0.0, ""r"": 2.5906050205230713}]"
363,18.150000000000002,-38.475257873535156,24.549468994140625,0.004043177357296023,0.13372030605160315,-0.002680722391232848,0.5,0.0,PlanStatus.OK,20,26.350923624875207,-0.02764959697843989,True,29.352853482608808,1.2588713449601588e-05,2.0790560395296705e-05,0.20341226989783015,-0.02764959697843989,3.0,False,7.960099959746003,20,26.350923624875207,-0.02764959697843989,0.1,60,-38.47525789224748,24.549468994088635,0.0027790210063271445,0.13372030605160315,-29.230859897390786,24.57515425276617,0.002776907816111786,2.952228671767524,1,"[{""id"": 162, ""x"": -71.64137268066406, ""y"": 27.983861923217773, ""vx"": 0.0, ""vy"": 0.0, ""r"": 2.5906050205230713}]"
364,18.2,-38.463748931884766,24.549501419067383,0.003951988797021703,0.2939641667030034,-0.0024873879738152027,0.5,0.0,PlanStatus.OK,20,26.362432612193526,-0.027649155726328704,True,29.36429789353199,1.9032196437758058e-05,1.6589177117909762e-05,0.20341143900726122,-0.027649155726328704,3.0,False,8.427999913692474,20,26.362432612193526,-0.027649155726328704,0.1,60,-38.463748951210476,24.54950141901369,0.0027790210061985703,0.2939641667030034,-28.746666881965133,24.57649928949869,0.002776991586123996,2.9548994027783846,1,"[{""id"": 162, ""x"": -71.64137268066406, ""y"": 27.983861923217773, ""vx"": 0.0, ""vy"": 0.0, ""r"": 2.5906050205230713}]"
365,18.25,-38.44473648071289,24.549570083618164,0.0038491325222957994,0.42528654899045476,0.0,0.0,1.0,PlanStatus.FAIL,20,26.381445180769255,-0.027633327373871766,False,29.38320228523999,0.9181655078349295,2.9328340948851555,7.549444153906769,-0.027633327373871766,3.5,False,8.705500047653913,20,26.381445180769255,-0.027633327373871766,0.1,60,-38.44473650104075,24.549570083561687,0.002779021006193048,0.42528654899045476,-27.1095134862508,25.515792220321227,0.531123646884271,3.4487547758165076,1,"[{""id"": 162, ""x"": -71.64137268066406, ""y"": 27.983861923217773, ""vx"": 0.0, ""vy"": 0.0, ""r"": 2.5906050205230713}]"
366,18.3,-38.440189361572266,24.54962921142578,0.0037418679877577036,0.0001749926789890748,-0.0020411501172930002,0.5,0.0,PlanStatus.OK,20,26.385992446668492,-0.027586836317918893,True,29.387719184617332,2.0596033903776522e-05,1.7536880456340935e-05,0.20340936109726854,-0.027586836317918893,3.0,False,7.60670006275177,20,26.385992446668492,-0.027586836317918893,0.1,60,-38.44018938210785,24.549629211368728,0.0027790210055897158,0.0001749926789890748,-29.58972367928622,24.574220481432242,0.0027772789894054462,2.950002916544648,1,"[{""id"": 162, ""x"": -71.64137268066406, ""y"": 27.983861923217773, ""vx"": 0.0, ""vy"": 0.0, ""r"": 2.5906050205230713}]"
367,18.35,-38.4391975402832,24.549631118774414,0.003740911954538257,0.09952567920396051,-0.0020392530132085085,0.5,0.0,PlanStatus.OK,20,26.38698426942822,-0.02758768526529783,True,29.388705546112476,1.3569823096300742e-05,1.7512293752101546e-05,0.20340782951919606,-0.02758768526529783,3.0,False,7.4356000404804945,20,26.38698426942822,-0.02758768526529783,0.1,60,-38.43919756087219,24.549631118717212,0.002779021006462206,0.09952567920396051,-29.29566875877526,24.5750361946751,0.002776896456628746,2.9516587613200627,1,"[{""id"": 162, ""x"": -71.64137268066406, ""y"": 27.983861923217773, ""vx"": 0.0, ""vy"": 0.0, ""r"": 2.5906050205230713}]"
368,18.400000000000002,-38.432682037353516,24.549686431884766,0.0035936159996419323,0.17862054724875562,-0.0017267747316509485,0.5,0.0,PlanStatus.OK,20,26.39349990091454,-0.027550479064738877,True,29.395180789611125,1.7080437025879067e-05,1.580173317856752e-05,0.20340723193034863,-0.027550479064738877,3.0,False,7.929900195449591,20,26.39349990091454,-0.027550479064738877,0.1,60,-38.43268205826092,24.54968643182668,0.002779021006384364,0.17862054724875562,-29.05584077572786,24.575739391215464,0.0027769377125598346,2.952977009120811,1,"[{""id"": 162, ""x"": -71.64137268066406, ""y"": 27.983861923217773, ""vx"": 0.0, ""vy"": 0.0, ""r"": 2.5906050205230713}]"
369,18.45,-38.421016693115234,24.549665451049805,0.00372236865515128,0.25277919864319326,-0.0020000762306153774,0.5,0.0,PlanStatus.OK,20,26.405165141801266,-0.027603878013637652,True,29.40678643324587,2.024834195828071e-05,1.8318132384326398e-05,0.20340624335721236,-0.027603878013637652,3.0,False,7.697999943047762,20,26.405165141801266,-0.027603878013637652,0.1,60,-38.421016714684164,24.54966545098988,0.002779021006210874,0.25277919864319326,-28.825424268903223,24.576325856604075,0.002776977720563679,2.954212986644055,1,"[{""id"": 162, ""x"": -71.64137268066406, ""y"": 27.983861923217773, ""vx"": 0.0, ""vy"": 0.0, ""r"": 2.5906050205230713}]"
370,18.5,-38.40253829956055,24.5496826171875,0.0037250658859779603,0.4057072622373389,0.0,0.0,1.0,PlanStatus.FAIL,20,26.42364351170707,-0.027638063719979927,False,29.425165163923133,0.8435335404352429,2.690715754071254,7.014527161092243,-0.027638063719979927,3.5,False,7.647600024938583,20,26.42364351170707,-0.027638063719979927,0.1,60,-38.402538322141105,24.549682617124766,0.002779021006256265,0.4057072622373389,-27.122900340394185,25.50792250109689,0.5311211995873175,3.4484284543706236,1,"[{""id"": 162, ""x"": -71.64137268066406, ""y"": 27.983861923217773, ""vx"": 0.0, ""vy"": 0.0, ""r"": 2.5906050205230713}]"
371,18.55,-38.39796829223633,24.549762725830078,0.003565423162566946,0.00017251378989851395,-0.0016667215386405587,0.5,0.0,PlanStatus.OK,20,26.428213724007627,-0.027570655516745087,True,29.429702744616762,1.5447082515928677e-05,2.0370451822011686e-05,0.20340393201141366,-0.027570655516745087,3.0,False,7.5298999436199665,20,26.428213724007627,-0.027570655516745087,0.1,60,-38.39796831500482,24.549762725766822,0.0027790210068221097,0.00017251378989851395,-29.547512824360453,24.57435387685272,0.002776973360011218,2.950002875229828,1,"[{""id"": 162, ""x"": -71.64137268066406, ""y"": 27.983861923217773, ""vx"": 0.0, ""vy"": 0.0, ""r"": 2.5906050205230713}]"
372,18.6,-38.396976470947266,24.549768447875977,0.0035646595843481497,0.09944451386426462,-0.001665232703089714,0.5,0.0,PlanStatus.OK,20,26.42920555736846,-0.027567689781590764,True,29.43068872806274,2.511568561839189e-05,2.0601021372360778e-05,0.20340573724885064,-0.027567689781590764,3.0,False,7.599200122058392,20,26.42920555736846,-0.027567689781590764,0.1,60,-38.39697649376603,24.549768447812582,0.002779021005989159,0.09944451386426462,-29.253689994691225,24.575172762418116,0.0027769036521417996,2.951657408564401,1,"[{""id"": 162, ""x"": -71.64137268066406, ""y"": 27.983861923217773, ""vx"": 0.0, ""vy"": 0.0, ""r"": 2.5906050205230713}]"
373,18.650000000000002,-38.39088821411133,24.5498046875,0.003480426971975711,0.1628267499621507,-0.0014865612611174583,0.5,0.0,PlanStatus.OK,20,26.435293891405284,-0.027548369669366825,True,29.43674104256089,2.5423086850821125e-05,1.9166579870249188e-05,0.20340404676787047,-0.027548369669366825,3.0,False,7.910999935120344,20,26.435293891405284,-0.027548369669366825,0.1,60,-38.39088823723756,24.549804687435753,0.0027790210061562274,0.1628267499621507,-29.060638139886567,24.575728178479253,0.002776936879401621,2.9527137791660367,1,"[{""id"": 162, ""x"": -71.64137268066406, ""y"": 27.983861923217773, ""vx"": 0.0, ""vy"": 0.0, ""r"": 2.5906050205230713}]"
374,18.7,-38.378684997558594,24.54994773864746,0.003187938283250978,0.25970517989372455,-0.0008659861050546169,0.5,0.0,PlanStatus.OK,20,26.447497458377217,-0.02743923202578367,True,29.448865025455724,1.3412034724611007e-05,1.694920238443174e-05,0.20340036722376167,-0.02743923202578367,3.0,False,7.517300080507994,20,26.447497458377217,-0.02743923202578367,0.1,60,-38.378685021239,24.549947738581672,0.002779021006337513,0.25970517989372455,-28.76266490290007,24.576664786394847,0.002776987619028467,2.9543284196648933,1,"[{""id"": 162, ""x"": -71.64137268066406, ""y"": 27.983861923217773, ""vx"": 0.0, ""vy"": 0.0, ""r"": 2.5906050205230713}]"
375,18.75,-38.3602409362793,24.550039291381836,0.00308348827306023,0.4376099949869525,0.0,0.0,1.0,PlanStatus.FAIL,20,26.46594170286185,-0.027398936012696162,False,29.467202236015666,1.008394866043823,3.49700792387847,8.106474102985278,-0.027398936012696162,4.0,False,7.538999896496534,20,26.46594170286185,-0.027398936012696162,0.1,60,-38.36024096089952,24.55003929131344,0.0027790210062413655,0.4376099949869525,-25.736540836717833,26.322861770842106,0.5313686680292916,3.940626833249786,1,"[{""id"": 162, ""x"": -71.64137268066406, ""y"": 27.983861923217773, ""vx"": 0.0, ""vy"": 0.0, ""r"": 2.5906050205230713}]"
376,18.8,-38.35665512084961,24.550016403198242,0.0031731577392010383,0.00016272633396389007,-0.0008343074005097151,0.5,0.0,PlanStatus.OK,20,26.469527440838334,-0.02743178915148451,True,29.470771466987202,2.4727239348102636e-05,1.962678639549388e-05,0.2034009425952566,-0.02743178915148451,3.0,False,8.347300114110112,20,26.469527440838334,-0.02743178915148451,0.1,60,-38.35665514568905,24.550016403129234,0.0027790210068970762,0.00016272633396389007,-29.506231261632326,24.574607378031335,0.0027768599437311844,2.950002712105565,1,"[{""id"": 162, ""x"": -71.64137268066406, ""y"": 27.983861923217773, ""vx"": 0.0, ""vy"": 0.0, ""r"": 2.5906050205230713}]"
377,18.85,-38.35566711425781,24.550018310546875,0.0031727517631793965,0.0994339075416309,-0.0008335775346495211,0.5,0.0,PlanStatus.OK,20,26.470515448915524,-0.027432627497755817,True,29.471754061781887,1.494747771580371e-05,1.934085007313565e-05,0.20339878502275321,-0.027432627497755817,3.0,False,7.885599974542856,20,26.470515448915524,-0.027432627497755817,0.1,60,-38.35566713915028,24.55001831047772,0.0027790210060572667,0.0994339075416309,-29.21241456534679,24.575422444446563,0.002776910380102742,2.951657231792361,1,"[{""id"": 162, ""x"": -71.64137268066406, ""y"": 27.983861923217773, ""vx"": 0.0, ""vy"": 0.0, ""r"": 2.5906050205230713}]"
378,18.900000000000002,-38.34929656982422,24.550077438354492,0.0031086254968884053,0.15258487588021433,-0.0006975612486712635,0.5,0.0,PlanStatus.OK,20,26.476886133066618,-0.027391203772474244,True,29.47808491472197,1.505978417936498e-05,1.715291107678117e-05,0.2033973338292643,-0.027391203772474244,3.0,False,7.696699816733599,20,26.476886133066618,-0.027391203772474244,0.1,60,-38.34929659501563,24.550077438284507,0.0027790210062001745,0.15258487588021433,-29.049260385738755,24.575916940372277,0.002776938223627587,2.9525430812646745,1,"[{""id"": 162, ""x"": -71.64137268066406, ""y"": 27.983861923217773, ""vx"": 0.0, ""vy"": 0.0, ""r"": 2.5906050205230713}]"
379,18.95,-38.33659744262695,24.55017852783203,0.003007481291445313,0.2936058932813873,0.0,0.0,1.0,PlanStatus.FAIL,20,26.489585492155925,-0.02732540578110382,False,29.490706686127176,0.5853662269616072,1.7336043308031184,5.760172221274575,-0.02732540578110382,3.0,False,7.737800013273954,20,26.489585492155925,-0.02732540578110382,0.1,60,-38.33659746842708,24.550178527760355,0.00277902100637887,0.2936058932813873,-28.620085574068646,24.629028601058096,0.17613739419408375,2.954893431554687,1,"[{""id"": 162, ""x"": -71.64137268066406, ""y"": 27.983861923217773, ""vx"": 0.0, ""vy"": 0.0, ""r"": 2.5906050205230713}]"
380,19.0,-38.33473587036133,24.55019760131836,0.0029734666906006562,8.638839568265466e-05,-0.0004105491971131414,0.5,0.0,PlanStatus.OK,20,26.49144711023868,-0.027311505710199278,True,29.492556487391674,2.030804314148852e-05,1.8466838828923825e-05,0.2033973052581588,-0.027311505710199278,3.0,False,7.675200002267957,20,26.49144711023868,-0.027311505710199278,0.1,60,-38.334735896246386,24.55019760124645,0.0027790210063553993,8.638839568265466e-05,-29.484538592752145,24.574787900140286,0.002776863522178325,2.9500014398065963,1,"[{""id"": 162, ""x"": -71.64137268066406, ""y"": 27.983861923217773, ""vx"": 0.0, ""vy"": 0.0, ""r"": 2.5906050205230713}]"
381,19.05,-38.333744049072266,24.550199508666992,0.0029732864590932906,0.09846489576310151,-0.00041029733256436884,0.5,0.0,PlanStatus.OK,20,26.492438932998407,-0.027312354657581753,True,29.49354288426546,2.2831357835999715e-05,1.7857706778906697e-05,0.20339763814425993,-0.027312354657581753,3.0,False,8.23169993236661,20,26.492438932998407,-0.027312354657581753,0.1,60,-38.333744075010365,24.550199508594932,0.0027790210064118667,0.09846489576310151,-29.193351191423556,24.575595655530943,0.0027769132881757634,2.9516410815960534,1,"[{""id"": 162, ""x"": -71.64137268066406, ""y"": 27.983861923217773, ""vx"": 0.0, ""vy"": 0.0, ""r"": 2.5906050205230713}]"
382,19.1,-38.329349517822266,24.550201416015625,0.003013444795722219,0.16350055730888327,-0.0004955937620252371,0.5,0.0,PlanStatus.OK,20,26.496833452579583,-0.02732265979525182,True,29.49791405597159,2.3055199906673248e-05,1.838355390598994e-05,0.203397215495137,-0.02732265979525182,3.0,False,8.38429993018508,20,26.496833452579583,-0.02732265979525182,0.1,60,-38.329349544001715,24.550201415942897,0.0027790210061172708,0.16350055730888327,-28.99711562860892,24.576130289160545,0.0027769468696534974,2.9527250092884785,1,"[{""id"": 162, ""x"": -71.64137268066406, ""y"": 27.983861923217773, ""vx"": 0.0, ""vy"": 0.0, ""r"": 2.5906050205230713}]"
383,19.150000000000002,-38.31904602050781,24.55023193359375,0.003006994692382858,0.280207155763111,0.0,0.0,1.0,PlanStatus.FAIL,20,26.507136994916205,-0.027320775933585232,False,29.50816013838294,0.4570650505024307,1.3557779678529198,4.9431240862584245,-0.027320775933585232,3.0,False,7.888399995863438,20,26.507136994916205,-0.027320775933585232,0.1,60,-38.31904604722833,24.55023193351952,0.0027790210063140895,0.280207155763111,-28.638998679109473,24.61793043511668,0.1383547541270255,2.9546701192627194,1,"[{""id"": 162, ""x"": -71.64137268066406, ""y"": 27.983861923217773, ""vx"": 0.0, ""vy"": 0.0, ""r"": 2.5906050205230713}]"
384,19.200000000000003,-38.31764602661133,24.550209045410156,0.003076028821264756,7.272367954091288e-05,-0.0006281923851929605,0.5,0.0,PlanStatus.OK,20,26.508536919799987,-0.027347554636236074,True,29.509555104650836,1.4604734200092668e-05,1.7891428233311572e-05,0.20339401732609314,-0.027347554636236074,3.0,False,7.797199999913573,20,26.508536919799987,-0.027347554636236074,0.1,60,-38.31764605343187,24.55020904533565,0.0027790210057546333,7.272367954091288e-05,-29.467490256972226,24.574799192567887,0.0027768664841890576,2.9500012120613244,1,"[{""id"": 162, ""x"": -71.64137268066406, ""y"": 27.983861923217773, ""vx"": 0.0, ""vy"": 0.0, ""r"": 2.5906050205230713}]"
385,19.25,-38.31665802001953,24.55021095275879,0.003075734417128626,0.0981654584132993,-0.0006276979111135006,0.5,0.0,PlanStatus.OK,20,26.509524927877173,-0.02734839298250738,True,29.5105377123707,2.5597907980299934e-05,1.7988016625908147e-05,0.2033960545195645,-0.02734839298250738,3.0,False,7.9246999230235815,20,26.509524927877173,-0.02734839298250738,0.1,60,-38.31665804689302,24.550210952684132,0.0027790210062474396,0.0981654584132993,-29.177149664704224,24.575604607896228,0.0027769161710288013,2.9516360909735524,1,"[{""id"": 162, ""x"": -71.64137268066406, ""y"": 27.983861923217773, ""vx"": 0.0, ""vy"": 0.0, ""r"": 2.5906050205230713}]"
386,19.3,-38.31242752075195,24.55022430419922,0.0030745120678001715,0.1608620317678898,-0.0006251790910027921,0.5,0.0,PlanStatus.OK,20,26.513755447912665,-0.02734679822483241,True,29.5147445667531,2.614499467217606e-05,1.9068761627646057e-05,0.20339599906915956,-0.02734679822483241,3.0,False,8.293499937281013,20,26.513755447912665,-0.02734679822483241,0.1,60,-38.31242754784698,24.550224304123947,0.0027790210063354946,0.1608620317678898,-28.987977927068428,24.576131525905726,0.0027769485370644632,2.9526810338628002,1,"[{""id"": 162, ""x"": -71.64137268066406, ""y"": 27.983861923217773, ""vx"": 0.0, ""vy"": 0.0, ""r"": 2.5906050205230713}]"
387,19.35,-38.301246643066406,24.550222396850586,0.0031020149276903943,0.2528096737405299,0.0,0.0,1.0,PlanStatus.FAIL,20,26.52493627712296,-0.027379777420062104,False,29.52586679188893,0.09896134227560265,0.2962771104994903,2.6636266348409827,-0.027379777420062104,3.0,False,7.695400156080723,20,26.52493627712296,-0.027379777420062104,0.1,60,-38.301246670784494,24.550222396773584,0.0027790210061831755,0.2528096737405299,-28.69320490271455,24.5860390403712,0.0324046578819106,2.954213494562338,1,"[{""id"": 162, ""x"": -71.64137268066406, ""y"": 27.983861923217773, ""vx"": 0.0, ""vy"": 0.0, ""r"": 2.5906050205230713}]"
388,19.400000000000002,-38.29959487915039,24.55024528503418,0.0030728605958351323,7.972734861660804e-05,-0.000621468760073185,0.5,0.0,PlanStatus.OK,20,26.52658809826739,-0.02736147960555912,True,29.527507520775153,2.10931269499404e-05,1.5277205656482468e-05,0.20339304925949012,-0.02736147960555912,3.0,False,8.55080015026033,20,26.52658809826739,-0.02736147960555912,0.1,60,-38.299594906937116,24.550245284956986,0.002779021007282112,7.972734861660804e-05,-29.44941969817981,24.574835447693264,0.0027768695973466443,2.9500013287891416,1,"[{""id"": 162, ""x"": -71.64137268066406, ""y"": 27.983861923217773, ""vx"": 0.0, ""vy"": 0.0, ""r"": 2.5906050205230713}]"
389,19.450000000000003,-38.29861068725586,24.550249099731445,0.0030725747741517343,0.0982416904061462,-0.0006209926214069128,0.5,0.0,PlanStatus.OK,20,26.527572296962596,-0.02736040000945438,True,29.528486144286944,1.8264686364702117e-05,1.7036399551761255e-05,0.2033923206192603,-0.02736040000945438,3.0,False,8.155300049111247,20,26.527572296962596,-0.02736040000945438,0.1,60,-38.298610715093425,24.550249099654113,0.00277902100607732,0.0982416904061462,-29.15887871850762,24.575643338346204,0.0027769193376286022,2.9516373615067675,1,"[{""id"": 162, ""x"": -71.64137268066406, ""y"": 27.983861923217773, ""vx"": 0.0, ""vy"": 0.0, ""r"": 2.5906050205230713}]"
390,19.5,-38.29437255859375,24.550260543823242,0.0030714447512087267,0.16115069827354034,-0.0006186700193211436,0.5,0.0,PlanStatus.OK,20,26.531810441062603,-0.027360733795266646,True,29.532700808451153,1.877875134963759e-05,2.0481029052222578e-05,0.20339266945738754,-0.027360733795266646,3.0,False,8.665699977427721,20,26.531810441062603,-0.027360733795266646,0.1,60,-38.29437258665528,24.55026054374529,0.0027790210061616923,0.16115069827354034,-28.96907272524397,24.576170089729395,0.002776951834863099,2.952685844971226,1,"[{""id"": 162, ""x"": -71.64137268066406, ""y"": 27.983861923217773, ""vx"": 0.0, ""vy"": 0.0, ""r"": 2.5906050205230713}]"
391,19.55,-38.283477783203125,24.55027198791504,0.0030905123604353137,0.26486091743678547,0.0,0.0,1.0,PlanStatus.FAIL,20,26.542705206186643,-0.027379566518357108,False,29.543537132253014,0.4008917309747688,1.1902718397106504,4.585235260959099,-0.027379566518357108,3.0,False,8.190899854525924,20,26.542705206186643,-0.027379566518357108,0.1,60,-38.28347781185924,24.550271987835433,0.0027790210062290477,0.26486091743678547,-28.64731943416007,24.612977329435566,0.12180413993215465,2.954414348623944,1,"[{""id"": 162, ""x"": -71.64137268066406, ""y"": 27.983861923217773, ""vx"": 0.0, ""vy"": 0.0, ""r"": 2.5906050205230713}]"
392,19.6,-38.28175735473633,24.55028533935547,0.0030578111349329326,8.070534408990819e-05,-0.0005895323702134192,0.5,0.0,PlanStatus.OK,20,26.54442566511393,-0.02737099623017967,True,29.545247151954868,2.8372758169944224e-05,1.9153386415712848e-05,0.2033922692349164,-0.02737099623017967,3.0,False,7.718400098383427,20,26.54442566511393,-0.02737099623017967,0.1,60,-38.28175738347429,24.550285339275636,0.002779021005826088,8.070534408990819e-05,-29.431580519155055,24.574875468715646,0.0027768726671968977,2.9500013450890665,1,"[{""id"": 162, ""x"": -71.64137268066406, ""y"": 27.983861923217773, ""vx"": 0.0, ""vy"": 0.0, ""r"": 2.5906050205230713}]"
393,19.650000000000002,-38.2807731628418,24.5502872467041,0.0030575383169657946,0.09805645080772797,-0.0005890836473554373,0.5,0.0,PlanStatus.OK,20,26.54540985850858,-0.027371823975339788,True,29.546225976565978,1.7523466630312523e-05,1.8458814178006107e-05,0.20339008359612853,-0.027371823975339788,3.0,False,7.772000040858984,20,26.54540985850858,-0.027371823975339788,0.1,60,-38.28077319163258,24.550287246624123,0.002779021006059551,0.09805645080772797,-29.14158885179484,24.57567992750421,0.0027769223369912862,2.951634274180133,1,"[{""id"": 162, ""x"": -71.64137268066406, ""y"": 27.983861923217773, ""vx"": 0.0, ""vy"": 0.0, ""r"": 2.5906050205230713}]"
394,19.700000000000003,-38.276649475097656,24.55030059814453,0.0030569848788017623,0.1557032290578247,-0.0005879785167053342,0.5,0.0,PlanStatus.OK,20,26.549533567433087,-0.027369932386580205,True,29.550326630551687,1.4679950777830357e-05,2.060835794381096e-05,0.20338984826334391,-0.027369932386580205,3.0,False,8.809999795630574,20,26.549533567433087,-0.027369932386580205,0.1,60,-38.27664950410412,24.550300598063952,0.0027790210062508505,0.1557032290578247,-28.967419746803127,24.576165481419185,0.0027769521596538566,2.9525950538176295,1,"[{""id"": 162, ""x"": -71.64137268066406, ""y"": 27.983861923217773, ""vx"": 0.0, ""vy"": 0.0, ""r"": 2.5906050205230713}]"
395,19.75,-38.26689529418945,24.55036163330078,0.002958353771563107,0.2242918514206557,-0.000378753145923838,0.5,0.0,PlanStatus.OK,20,26.559287880293514,-0.027336004504765376,True,29.56002333564416,1.608207736477407e-05,1.5957914963069322e-05,0.2033882161198618,-0.027336004504765376,3.0,False,7.554400013759732,20,26.559287880293514,-0.027336004504765376,0.1,60,-38.266895323674184,24.550361633218873,0.0027790210062602224,0.2242918514206557,-28.75534434083501,24.576788343296162,0.002776988284841967,2.9537381975236814,1,"[{""id"": 162, ""x"": -71.64137268066406, ""y"": 27.983861923217773, ""vx"": 0.0, ""vy"": 0.0, ""r"": 2.5906050205230713}]"
396,19.8,-38.25025177001953,24.550514221191406,0.0027139091330817843,0.3627470594386617,0.0,0.0,1.0,PlanStatus.FAIL,20,26.575931764239268,-0.027229669847105523,False,29.576563911233777,0.9801617184960498,3.1258965381810615,7.969603544451942,-0.027229669847105523,3.5,False,7.781799882650375,20,26.575931764239268,-0.027229669847105523,0.1,60,-38.250251800263605,24.55051422110739,0.0027790210063023887,0.3627470594386617,-27.101066449185208,25.52121797607423,0.5311212717967979,3.4477124509906423,1,"[{""id"": 162, ""x"": -71.64137268066406, ""y"": 27.983861923217773, ""vx"": 0.0, ""vy"": 0.0, ""r"": 2.5906050205230713}]"
397,19.85,-38.24571228027344,24.550371170043945,0.0030922109058532147,0.00016771075257557361,-0.0006625302485190332,0.5,0.0,PlanStatus.OK,20,26.580470838914596,-0.027385335763300333,True,29.58109422576669,1.6924231821699633e-05,1.793216482217936e-05,0.20338593784347134,-0.027385335763300333,3.0,False,7.594800088554621,20,26.580470838914596,-0.027385335763300333,0.1,60,-38.24571231093013,24.550371169958783,0.002779021006733569,0.00016771075257557361,-29.39528128067881,24.5749619287879,0.0027768789113671254,2.950002795179209,1,"[{""id"": 162, ""x"": -71.64137268066406, ""y"": 27.983861923217773, ""vx"": 0.0, ""vy"": 0.0, ""r"": 2.5906050205230713}]"
398,19.900000000000002,-38.24472427368164,24.550373077392578,0.003091913120750857,0.09926401872210557,-0.000662029895465821,0.5,0.0,PlanStatus.OK,20,26.581458846991783,-0.027386174109571646,True,29.582076856613035,2.489325330533572e-05,1.6397463853110895e-05,0.2033872143717597,-0.027386174109571646,3.0,False,7.508900016546249,20,26.581458846991783,-0.027386174109571646,0.1,60,-38.24472430439146,24.55037307730727,0.00277902100630837,0.09926401872210557,-29.101980389207846,24.575775568381218,0.0027769291744880833,2.951654400312036,1,"[{""id"": 162, ""x"": -71.64137268066406, ""y"": 27.983861923217773, ""vx"": 0.0, ""vy"": 0.0, ""r"": 2.5906050205230713}]"
399,19.950000000000003,-38.239646911621094,24.550355911254883,0.003185002564268086,0.16709101416542899,-0.0008596528205089271,0.5,0.0,PlanStatus.OK,20,26.58653614174122,-0.02741745025864221,True,29.58712935529995,2.303527124801858e-05,1.8743419805894793e-05,0.20338678870648208,-0.02741745025864221,3.0,False,7.813400123268366,20,26.58653614174122,-0.02741745025864221,0.1,60,-38.239646942634444,24.55035591116873,0.0027790210062847457,0.16709101416542899,-28.896828290888134,24.576313995304254,0.0027769644837205443,2.9527848502360943,1,"[{""id"": 162, ""x"": -71.64137268066406, ""y"": 27.983861923217773, ""vx"": 0.0, ""vy"": 0.0, ""r"": 2.5906050205230713}]"
400,20.0,-38.227577209472656,24.550331115722656,0.003348369291941683,0.3051302933388437,0.0,0.0,1.0,PlanStatus.FAIL,20,26.59860572837557,-0.02747578760775602,False,29.59913834672429,0.9325451772835954,3.210416885461639,7.435081246405054,-0.02747578760775602,4.0,False,8.508099941536784,20,26.59860572837557,-0.02747578760775602,0.1,60,-38.22757724119154,24.550331115634545,0.0027790210062647825,0.3051302933388437,-25.958622380499502,26.192242129327393,0.531329806115096,3.938418838222311,1,"[{""id"": 162, ""x"": -71.64137268066406, ""y"": 27.983861923217773, ""vx"": 0.0, ""vy"": 0.0, ""r"": 2.5906050205230713}]"
401,20.05,-38.225955963134766,24.55034828186035,0.003312404653806654,8.423041121642167e-05,-0.0011297953315079212,0.5,0.0,PlanStatus.OK,20,26.600227016158055,-0.027463127008175936,True,29.60074934645013,2.6258857018726153e-05,1.8620523782268e-05,0.20338564195470626,-0.027463127008175936,3.0,False,7.670099847018719,20,26.600227016158055,-0.027463127008175936,0.1,60,-38.225955994924895,24.55034828177204,0.0027790210066836476,8.423041121642167e-05,-29.375772653906505,24.574938311051827,0.0027768824028040727,2.950001403840187,1,"[{""id"": 162, ""x"": -71.64137268066406, ""y"": 27.983861923217773, ""vx"": 0.0, ""vy"": 0.0, ""r"": 2.5906050205230713}]"
402,20.1,-38.22496795654297,24.550350189208984,0.003311909992440118,0.09818216358650424,-0.001128875999711454,0.5,0.0,PlanStatus.OK,20,26.60121502423524,-0.027463965354447242,True,29.60173198341667,1.6181607802486584e-05,1.538537369020522e-05,0.20338306251143465,-0.027463965354447242,3.0,False,8.168499916791916,20,26.60121502423524,-0.027463965354447242,0.1,60,-38.22496798838641,24.55035018912053,0.0027790210061855807,0.09818216358650424,-29.08541681149724,24.575743773412935,0.0027769323027161635,2.9516363693931105,1,"[{""id"": 162, ""x"": -71.64137268066406, ""y"": 27.983861923217773, ""vx"": 0.0, ""vy"": 0.0, ""r"": 2.5906050205230713}]"
403,20.150000000000002,-38.220760345458984,24.550365447998047,0.003310012230089111,0.15996313059076506,-0.0011249230010434985,0.5,0.0,PlanStatus.OK,20,26.605422661476076,-0.027460399648843864,True,29.605916001198025,1.7430858487106836e-05,1.8683596834192552e-05,0.20338354636876427,-0.027460399648843864,3.0,False,7.621899945661426,20,26.605422661476076,-0.027460399648843864,0.1,60,-38.22076037752112,24.550365447908984,0.0027790210061722246,0.15996313059076506,-28.898968852985703,24.57626510152999,0.0027769643269862773,2.9526660521765153,1,"[{""id"": 162, ""x"": -71.64137268066406, ""y"": 27.983861923217773, ""vx"": 0.0, ""vy"": 0.0, ""r"": 2.5906050205230713}]"
404,20.200000000000003,-38.20978546142578,24.55034828186035,0.0034930270528831485,0.27757527910166135,0.0,0.0,1.0,PlanStatus.FAIL,20,26.616397455425027,-0.027508065114263226,False,29.616835193470045,0.8578962161788745,2.99756865875865,7.015215801202698,-0.027508065114263226,4.0,False,8.250900078564882,20,26.616397455425027,-0.027508065114263226,0.1,60,-38.20978549412578,24.550348281769516,0.0027790210062261203,0.27757527910166135,-26.01324233733028,26.16010345053956,0.5313204108020315,3.9379595879850315,1,"[{""id"": 162, ""x"": -71.64137268066406, ""y"": 27.983861923217773, ""vx"": 0.0, ""vy"": 0.0, ""r"": 2.5906050205230713}]"
405,20.25,-38.208194732666016,24.55037498474121,0.0033943109013401516,7.794904076696094e-05,-0.0013036052696406841,0.5,0.0,PlanStatus.OK,20,26.617988252250004,-0.027485782999465854,True,29.618414871009314,2.6701982634556054e-05,1.8984906600357822e-05,0.20338354102155445,-0.027485782999465854,3.0,False,7.484300062060356,20,26.617988252250004,-0.027485782999465854,0.1,60,-38.208194765423855,24.550374984650215,0.0027790210058792936,7.794904076696094e-05,-29.358031198866176,24.574964921526515,0.0027768854979617545,2.9500012991506757,1,"[{""id"": 162, ""x"": -71.64137268066406, ""y"": 27.983861923217773, ""vx"": 0.0, ""vy"": 0.0, ""r"": 2.5906050205230713}]"
406,20.3,-38.207210540771484,24.550378799438477,0.0033937296352233226,0.09806127543786299,-0.001302502118051052,0.5,0.0,PlanStatus.OK,20,26.61897245094521,-0.027484703403357555,True,29.619393524027103,2.326546692836644e-05,1.6983645282158365e-05,0.20338259176905654,-0.027484703403357555,3.0,False,7.691300008445978,20,26.61897245094521,-0.027484703403357555,0.1,60,-38.207210573580205,24.55037879934734,0.002779021006137862,0.09806127543786299,-29.068017249190532,24.57577135331961,0.002776935372992015,2.951634354590635,1,"[{""id"": 162, ""x"": -71.64137268066406, ""y"": 27.983861923217773, ""vx"": 0.0, ""vy"": 0.0, ""r"": 2.5906050205230713}]"
407,20.35,-38.20306396484375,24.550390243530273,0.0033920893464542672,0.15722307690912432,-0.001299092429690063,0.5,0.0,PlanStatus.OK,20,26.62311904266437,-0.027484782762526323,True,29.623517239942245,2.0598238205590837e-05,1.860710507222297e-05,0.20338206326691788,-0.027484782762526323,3.0,False,7.900599855929613,20,26.62311904266437,-0.027484782762526323,0.1,60,-38.20306399787235,24.550390243438525,0.002779021006240699,0.15722307690912432,-28.889356317056972,24.5762674123791,0.00277696610001449,2.9526203846151517,1,"[{""id"": 162, ""x"": -71.64137268066406, ""y"": 27.983861923217773, ""vx"": 0.0, ""vy"": 0.0, ""r"": 2.5906050205230713}]"
408,20.400000000000002,-38.19210433959961,24.550479888916016,0.0032166317634019803,0.2882474969333533,0.0,0.0,1.0,PlanStatus.FAIL,20,26.634078874714266,-0.027425594712516,False,29.63441040702812,0.8766449905891052,3.012687330689191,6.983733134285046,-0.027425594712516,4.0,False,7.552800001576543,20,26.634078874714266,-0.027425594712516,0.1,60,-38.19210437313677,24.550479888822856,0.0027790210062329556,0.2882474969333533,-25.970966587167954,26.185043396092333,0.5313266950151846,3.9381374582822195,1,"[{""id"": 162, ""x"": -71.64137268066406, ""y"": 27.983861923217773, ""vx"": 0.0, ""vy"": 0.0, ""r"": 2.5906050205230713}]"
409,20.450000000000003,-38.190406799316406,24.550445556640625,0.0032965226949894792,8.280156551449181e-05,-0.0010960918152704835,0.5,0.0,PlanStatus.OK,20,26.635776313032466,-0.02746464434936759,True,29.636102580565336,1.7553164530410512e-05,1.6614473345140726e-05,0.20337974409980894,-0.02746464434936759,3.0,False,7.65689997933805,20,26.635776313032466,-0.02746464434936759,0.1,60,-38.19040683299122,24.550445556547082,0.002779021006632494,8.280156551449181e-05,-29.340230148854662,24.575035492326112,0.0027768885156266234,2.950001380026096,1,"[{""id"": 162, ""x"": -71.64137268066406, ""y"": 27.983861923217773, ""vx"": 0.0, ""vy"": 0.0, ""r"": 2.5906050205230713}]"
410,20.5,-38.18942642211914,24.550451278686523,0.0032960259530283417,0.09802794048519145,-0.0010951680596917868,0.5,0.0,PlanStatus.OK,20,26.636756702345693,-0.027461646810883252,True,29.637077249936738,3.139219830416779e-05,1.9019687014535866e-05,0.2033823944462437,-0.027461646810883252,3.0,False,7.656200090423226,20,26.636756702345693,-0.027461646810883252,0.1,60,-38.18942645584221,24.55045127859285,0.0027790210061183745,0.09802794048519145,-29.050332639387292,24.575843519578154,0.002776938324623864,2.951633799008086,1,"[{""id"": 162, ""x"": -71.64137268066406, ""y"": 27.983861923217773, ""vx"": 0.0, ""vy"": 0.0, ""r"": 2.5906050205230713}]"
411,20.55,-38.18532943725586,24.55046272277832,0.0032935859357092864,0.15436570779659065,-0.0010900580091401935,0.5,0.0,PlanStatus.OK,20,26.640853703191894,-0.027461588355620885,True,29.641151658307002,2.843612786056942e-05,1.776637435640504e-05,0.20338151651252778,-0.027461588355620885,3.0,False,7.56049994379282,20,26.640853703191894,-0.027461588355620885,0.1,60,-38.18532947119583,24.550462722684042,0.0027790210061605846,0.15436570779659065,-28.88005158060584,24.576316446058307,0.0027769675851997914,2.952572761796613,1,"[{""id"": 162, ""x"": -71.64137268066406, ""y"": 27.983861923217773, ""vx"": 0.0, ""vy"": 0.0, ""r"": 2.5906050205230713}]"
412,20.6,-38.17586135864258,24.550546646118164,0.0031406479284020066,0.1845621877828339,-0.0007655478548258543,0.5,0.0,PlanStatus.OK,20,26.65032197846884,-0.027403977295328272,True,29.650561718111398,1.668676252400531e-05,1.8452785561923202e-05,0.20337772895610765,-0.027403977295328272,3.0,False,7.716899970546365,20,26.65032197846884,-0.027403977295328272,0.1,60,-38.17586139301174,24.550546646022696,0.0027790210062612368,0.1845621877828339,-28.781510848881187,24.57664770560003,0.0027769841950975324,2.9530760364630493,1,"[{""id"": 162, ""x"": -71.64137268066406, ""y"": 27.983861923217773, ""vx"": 0.0, ""vy"": 0.0, ""r"": 2.5906050205230713}]"
413,20.650000000000002,-38.15957260131836,24.550588607788086,0.003060931766761044,0.3846545522669992,0.0,0.0,1.0,PlanStatus.FAIL,20,26.666610789506617,-0.02740728252794273,False,29.66676118441005,0.7998684254572199,2.7565757034726412,6.414927630612603,-0.02740728252794273,4.0,False,7.884599966928363,20,26.666610789506617,-0.02740728252794273,0.1,60,-38.15957263655263,24.550588607690216,0.002779021006265766,0.3846545522669992,-25.69829541511858,26.345333198782594,0.5313757391663496,3.9397442425377833,1,"[{""id"": 162, ""x"": -71.64137268066406, ""y"": 27.983861923217773, ""vx"": 0.0, ""vy"": 0.0, ""r"": 2.5906050205230713}]"
414,20.700000000000003,-38.15713119506836,24.550832748413086,0.002366655033253094,0.00013282257137588071,0.0008771493448875844,0.5,0.0,PlanStatus.OK,20,26.669052864800236,-0.027169927556207823,True,29.669164955424435,3.3079167064001704e-05,1.9024072632893053e-05,0.2033794511289019,-0.027169927556207823,3.0,False,7.478799903765321,20,26.669052864800236,-0.027169927556207823,0.1,60,-38.15713123012545,24.550832748315706,0.0027790210067903387,0.00013282257137588071,-29.306808895853017,24.5754230182823,0.0027768935748536594,2.9500022137095208,1,"[{""id"": 162, ""x"": -71.64137268066406, ""y"": 27.983861923217773, ""vx"": 0.0, ""vy"": 0.0, ""r"": 2.5906050205230713}]"
415,20.75,-38.15614318847656,24.55083465576172,0.002367039423105744,0.09903912401830389,0.0008762021316215396,0.5,0.0,PlanStatus.OK,20,26.670040872877426,-0.02717076590247911,True,29.670147615342053,2.075451107740914e-05,1.84380786871427e-05,0.20337689868365774,-0.02717076590247911,3.0,False,7.921099895611405,20,26.670040872877426,-0.02717076590247911,0.1,60,-38.156143223586504,24.550834655664193,0.0027790210063307727,0.09903912401830389,-29.014068325490104,24.576235106062434,0.002776943347803326,2.951650652066971,1,"[{""id"": 162, ""x"": -71.64137268066406, ""y"": 27.983861923217773, ""vx"": 0.0, ""vy"": 0.0, ""r"": 2.5906050205230713}]"
416,20.8,-38.151123046875,24.55083465576172,0.002413888691899171,0.18184585078671614,0.00077668676385656,0.5,0.0,PlanStatus.OK,20,26.67506099509383,-0.02718471696348754,True,29.675141583150562,2.749556450098709e-05,1.5977242254884907e-05,0.20337727904999164,-0.02718471696348754,3.0,False,7.699599955230951,20,26.67506099509383,-0.02718471696348754,0.1,60,-38.15112308226616,24.55083465566341,0.0027790210062673287,0.18184585078671614,-28.764786264120982,24.576913410478596,0.0027769858100389214,2.953030764179778,1,"[{""id"": 162, ""x"": -71.64137268066406, ""y"": 27.983861923217773, ""vx"": 0.0, ""vy"": 0.0, ""r"": 2.5906050205230713}]"
417,20.85,-38.140342712402344,24.550994873046875,0.0021189452916560094,0.2746641694216492,0.0,0.0,1.0,PlanStatus.FAIL,20,26.685841733185107,-0.02705445903439503,False,29.685849405701717,0.9319520042767209,3.2027996137353822,7.415609143748675,-0.02705445903439503,4.0,False,7.6407999731600285,20,26.685841733185107,-0.02705445903439503,0.1,60,-38.14034274818641,24.550994872947477,0.002779021006278733,0.2746641694216492,-25.961012341491653,26.19131167666483,0.5313220754651838,3.9379110694903643,1,"[{""id"": 162, ""x"": -71.64137268066406, ""y"": 27.983861923217773, ""vx"": 0.0, ""vy"": 0.0, ""r"": 2.5906050205230713}]"
418,20.900000000000002,-38.1387825012207,24.550992965698242,0.002160679938769993,7.790164074602344e-05,0.0013142426032572985,0.5,0.0,PlanStatus.OK,20,26.687401933041475,-0.02706070222973086,True,29.687401684271578,2.2877941083605356e-05,1.840204772685268e-05,0.2033755369999572,-0.02706070222973086,3.0,False,8.309000171720982,20,26.687401933041475,-0.02706070222973086,0.1,60,-38.13878253709445,24.550992965598596,0.0027790210063996334,7.790164074602344e-05,-29.288623307038073,24.575582743989905,0.0027768964008237614,2.950001298360677,1,"[{""id"": 162, ""x"": -71.64137268066406, ""y"": 27.983861923217773, ""vx"": 0.0, ""vy"": 0.0, ""r"": 2.5906050205230713}]"
419,20.950000000000003,-38.137794494628906,24.550994873046875,0.002161247811059074,0.09828613813643418,0.0013129068538546562,0.5,0.0,PlanStatus.OK,20,26.68838994111866,-0.02706154057600216,True,29.68838435037815,3.129767594017344e-05,1.8368788934223015e-05,0.20337711133933845,-0.02706154057600216,3.0,False,8.497900096699595,20,26.68838994111866,-0.02706154057600216,0.1,60,-38.13779453055533,24.550994872947083,0.0027790210060338163,0.09828613813643418,-28.997941800974893,24.57638911456245,0.002776945625069291,2.951638102302276,1,"[{""id"": 162, ""x"": -71.64137268066406, ""y"": 27.983861923217773, ""vx"": 0.0, ""vy"": 0.0, ""r"": 2.5906050205230713}]"
420,21.0,-38.13351058959961,24.55100440979004,0.002162482643955138,0.16228247318970157,0.001310209627263248,0.5,0.0,PlanStatus.OK,20,26.692673856108534,-0.027063908916406254,True,29.692644974083308,2.99708455204525e-05,1.7685117073167923e-05,0.2033755556401431,-0.027063908916406254,3.0,False,7.857300108298659,20,26.692673856108534,-0.027063908916406254,0.1,60,-38.13351062575277,24.551004409689618,0.0027790210060612175,0.16228247318970157,-28.80488251218808,24.57692287072842,0.0027769783296472993,2.9527047078864976,1,"[{""id"": 162, ""x"": -71.64137268066406, ""y"": 27.983861923217773, ""vx"": 0.0, ""vy"": 0.0, ""r"": 2.5906050205230713}]"
421,21.05,-38.12210464477539,24.5510196685791,0.0022072921498159977,0.228490868475662,0.0,0.0,1.0,PlanStatus.FAIL,20,26.704079799293407,-0.02708034750572631,False,29.703989993256528,0.7177678959507751,2.1222868896876537,6.600456432375871,-0.02708034750572631,3.0,False,8.15619993954897,20,26.704079799293407,-0.02708034750572631,0.1,60,-38.1221046815462,24.551019668476965,0.0027790210061998193,0.228490868475662,-28.600926756858897,24.640560637926733,0.21500565274367808,2.9538081811412593,1,"[{""id"": 162, ""x"": -71.64137268066406, ""y"": 27.983861923217773, ""vx"": 0.0, ""vy"": 0.0, ""r"": 2.5906050205230713}]"
422,21.1,-38.12058639526367,24.551055908203125,0.002092298986555843,7.955105924025425e-05,0.0014593518571928144,0.5,0.0,PlanStatus.OK,20,26.70559814365299,-0.027048327263495764,True,29.705496651055228,2.3824226054838105e-05,1.940928885570646e-05,0.20337387077529995,-0.027048327263495764,3.0,False,7.737899897620082,20,26.70559814365299,-0.027048327263495764,0.1,60,-38.120586432070205,24.55105590810089,0.0027790210062692273,7.955105924025425e-05,-29.270423550116732,24.575645658443992,0.002776899451815722,2.9500013258509856,1,"[{""id"": 162, ""x"": -71.64137268066406, ""y"": 27.983861923217773, ""vx"": 0.0, ""vy"": 0.0, ""r"": 2.5906050205230713}]"
423,21.150000000000002,-38.11960220336914,24.55105972290039,0.002092961395862135,0.09812090772929005,0.001457815757021308,0.5,0.0,PlanStatus.OK,20,26.706582342348195,-0.02704724766738748,True,29.706475333843905,2.6459469864095187e-05,1.9694638851131506e-05,0.20337428343927696,-0.02704724766738748,3.0,False,7.625700207427144,20,26.706582342348195,-0.02704724766738748,0.1,60,-38.11960224022554,24.551059722798016,0.002779021006484092,0.09812090772929005,-28.980238105744384,24.576452570288613,0.0027769485612886245,2.951635348462156,1,"[{""id"": 162, ""x"": -71.64137268066406, ""y"": 27.983861923217773, ""vx"": 0.0, ""vy"": 0.0, ""r"": 2.5906050205230713}]"
424,21.200000000000003,-38.11542510986328,24.551071166992188,0.0020956829436382224,0.15855359880288397,0.0014519677497446537,0.5,0.0,PlanStatus.OK,20,26.71075945152764,-0.02704741183543855,True,29.710629532693247,2.9195953661824814e-05,1.688622647742083e-05,0.20337327813819378,-0.02704741183543855,3.0,False,7.617100141942501,20,26.71075945152764,-0.02704741183543855,0.1,60,-38.11542514693779,24.55107116688921,0.002779021006209212,0.15855359880288397,-28.79779760660517,24.576959042679658,0.002776979439371416,2.9526425599800463,1,"[{""id"": 162, ""x"": -71.64137268066406, ""y"": 27.983861923217773, ""vx"": 0.0, ""vy"": 0.0, ""r"": 2.5906050205230713}]"
425,21.25,-38.10451126098633,24.55111312866211,0.0020549647970242945,0.2463690608510335,0.0,0.0,1.0,PlanStatus.FAIL,20,26.721673374873234,-0.027035780103797206,False,29.721482361395097,0.7939197333458365,2.767240654332349,6.482897243838388,-0.027035780103797206,4.0,False,7.916900096461177,20,26.721673374873234,-0.027035780103797206,0.1,60,-38.104511298613936,24.551113128557592,0.002779021006300827,0.2463690608510335,-26.00200594147,26.167239543069087,0.5313144108371572,3.937439484347522,1,"[{""id"": 162, ""x"": -71.64137268066406, ""y"": 27.983861923217773, ""vx"": 0.0, ""vy"": 0.0, ""r"": 2.5906050205230713}]"
426,21.3,-38.10283660888672,24.55115509033203,0.0019459770100074033,7.924713680241325e-05,0.0017698572482913733,0.5,0.0,PlanStatus.OK,20,26.723348137118425,-0.02699847248328425,True,29.72314403698836,3.567624067760356e-05,2.071612826987264e-05,0.20337443375879452,-0.02699847248328425,3.0,False,8.884100010618567,20,26.723348137118425,-0.02699847248328425,0.1,60,-38.102836646549605,24.551155090227418,0.0027790210055174615,7.924713680241325e-05,-29.252675789553802,24.575744797708175,0.002776902323532585,2.9500013207856126,1,"[{""id"": 162, ""x"": -71.64137268066406, ""y"": 27.983861923217773, ""vx"": 0.0, ""vy"": 0.0, ""r"": 2.5906050205230713}]"
427,21.35,-38.10185623168945,24.551156997680664,0.001946748260418793,0.09809835644524932,0.0017680900637060404,0.5,0.0,PlanStatus.OK,20,26.724328515830543,-0.02699928962733318,True,29.72411912498454,2.1488196024292303e-05,2.101696562967041e-05,0.20337148153155932,-0.02699928962733318,3.0,False,7.542199920862913,20,26.724328515830543,-0.02699928962733318,0.1,60,-38.10185626940453,24.551156997575905,0.002779021006448401,0.09809835644524932,-28.96255975251307,24.57654962087349,0.002776951339141427,2.9516349726074216,1,"[{""id"": 162, ""x"": -71.64137268066406, ""y"": 27.983861923217773, ""vx"": 0.0, ""vy"": 0.0, ""r"": 2.5906050205230713}]"
428,21.400000000000002,-38.09769821166992,24.55116844177246,0.0019495683763641324,0.15761731801072296,0.0017620339058339596,0.5,0.0,PlanStatus.OK,20,26.72848655159731,-0.026999400789831898,True,29.728254374115267,1.830333381141715e-05,1.543119963188372e-05,0.20336922769903282,-0.026999400789831898,3.0,False,7.86000001244247,20,26.72848655159731,-0.026999400789831898,0.1,60,-38.097698249601656,24.5511684416671,0.002779021006133568,0.15761731801072296,-28.78283361314516,24.577048608948704,0.0027769817035958686,2.9526269553001745,1,"[{""id"": 162, ""x"": -71.64137268066406, ""y"": 27.983861923217773, ""vx"": 0.0, ""vy"": 0.0, ""r"": 2.5906050205230713}]"
429,21.450000000000003,-38.08725357055664,24.551219940185547,0.001857979301629,0.24342328969972635,0.0,0.0,1.0,PlanStatus.FAIL,20,26.738931295493842,-0.02697692841530129,False,29.73863952571314,0.7727534489763571,2.646314871773471,6.209588488286997,-0.02697692841530129,4.0,False,7.7812999952584505,20,26.738931295493842,-0.02697692841530129,0.1,60,-38.0872536090002,24.551219940078767,0.0027790210062451667,0.24342328969972635,-25.99465100580551,26.171628518457652,0.5313147229505238,3.9373903881616625,1,"[{""id"": 162, ""x"": -71.64137268066406, ""y"": 27.983861923217773, ""vx"": 0.0, ""vy"": 0.0, ""r"": 2.5906050205230713}]"
430,21.5,-38.08570098876953,24.551210403442383,0.0018595547018539175,7.639518208678638e-05,0.001953251427039504,0.5,0.0,PlanStatus.OK,20,26.74048384478292,-0.026990779773484845,True,29.74018501713268,2.5303880467215817e-05,2.1109756692342524e-05,0.20337048922270864,-0.026990779773484845,3.0,False,7.883500074967742,20,26.74048384478292,-0.026990779773484845,0.1,60,-38.08570102731364,24.551210403335322,0.002779021005889073,7.639518208678638e-05,-29.235549727970923,24.575800048413313,0.0027769051962788912,2.9500012732530365,1,"[{""id"": 162, ""x"": -71.64137268066406, ""y"": 27.983861923217773, ""vx"": 0.0, ""vy"": 0.0, ""r"": 2.5906050205230713}]"
431,21.55,-38.084716796875,24.551212310791016,0.001860405274934494,0.09806558532845865,0.0019513160223141313,0.5,0.0,PlanStatus.OK,20,26.741468038177572,-0.026991607518644947,True,29.741163905448246,3.364280515277701e-05,2.0783820125955775e-05,0.20337195094449537,-0.026991607518644947,3.0,False,7.568500004708767,20,26.741468038177572,-0.026991607518644947,0.1,60,-38.084716835471525,24.55121231068381,0.002779021006389364,0.09806558532845865,-28.945518126194283,24.576604627331353,0.0027769541837837555,2.951634426422139,1,"[{""id"": 162, ""x"": -71.64137268066406, ""y"": 27.983861923217773, ""vx"": 0.0, ""vy"": 0.0, ""r"": 2.5906050205230713}]"
432,21.6,-38.08056640625,24.551225662231445,0.0018634954780665568,0.15714227309551684,0.0019446872174739838,0.5,0.0,PlanStatus.OK,20,26.74561844987982,-0.02698979013765645,True,29.745291393900864,2.9410008982421748e-05,1.507261443071603e-05,0.20336969308715605,-0.02698979013765645,3.0,False,7.734699873253703,20,26.74561844987982,-0.02698979013765645,0.1,60,-38.08056644505996,24.55122566212365,0.002779021006256498,0.15714227309551684,-28.76710422171884,24.577101900361985,0.0027769843069786883,2.9526190378849244,1,"[{""id"": 162, ""x"": -71.64137268066406, ""y"": 27.983861923217773, ""vx"": 0.0, ""vy"": 0.0, ""r"": 2.5906050205230713}]"
433,21.650000000000002,-38.069801330566406,24.5512638092041,0.0018606284187055182,0.25861795530572995,0.0,0.0,1.0,PlanStatus.FAIL,20,26.75638359000543,-0.02698155964525497,False,29.75599673558179,0.7970778155706885,2.8973888773871534,7.942311458079372,-0.02698155964525497,4.5,False,7.948999991640449,20,26.75638359000543,-0.02698155964525497,0.1,60,-38.06980136992469,24.55126380909478,0.002779021006253214,0.25861795530572995,-24.672023398411305,26.94917243922094,0.5315439517941016,4.429310299255098,1,"[{""id"": 162, ""x"": -71.64137268066406, ""y"": 27.983861923217773, ""vx"": 0.0, ""vy"": 0.0, ""r"": 2.5906050205230713}]"
434,21.700000000000003,-38.06797409057617,24.551252365112305,0.0018890744381360898,8.20204227430737e-05,0.0018906090408563614,0.5,0.0,PlanStatus.OK,20,26.75821079113649,-0.02699808162464083,True,29.757815662781148,2.7022642739749163e-05,1.972405201762159e-05,0.20336863827698987,-0.02699808162464083,3.0,False,7.91319995187223,20,26.75821079113649,-0.02699808162464083,0.1,60,-38.0679741300537,24.551252365002654,0.0027790210058791813,8.20204227430737e-05,-29.21780744447371,24.575842015777013,0.00277690821470477,2.950001367007049,1,"[{""id"": 162, ""x"": -71.64137268066406, ""y"": 27.983861923217773, ""vx"": 0.0, ""vy"": 0.0, ""r"": 2.5906050205230713}]"
435,21.75,-38.06699752807617,24.551254272460938,0.001889884309584772,0.09800057634489318,0.0018887600162997842,0.5,0.0,PlanStatus.OK,20,26.759187355166073,-0.02699888816758211,True,29.758786966846706,2.8732600071086163e-05,1.939460086142642e-05,0.2033687778658685,-0.02699888816758211,3.0,False,8.789899991825223,20,26.759187355166073,-0.02699888816758211,0.1,60,-38.066997567605725,24.55125427235114,0.0027790210061743254,0.09800057634489318,-28.92799183294882,24.57664601697409,0.0027769571789594883,2.9516333429390786,1,"[{""id"": 162, ""x"": -71.64137268066406, ""y"": 27.983861923217773, ""vx"": 0.0, ""vy"": 0.0, ""r"": 2.5906050205230713}]"
436,21.8,-38.06288146972656,24.551259994506836,0.001910492859188187,0.15726640360830169,0.0018449559574946761,0.5,0.0,PlanStatus.OK,20,26.763303413523285,-0.027004604741670178,True,29.762881100692788,3.296399118294305e-05,1.6897609137369977e-05,0.2033686125700058,-0.027004604741670178,3.0,False,7.571599911898375,20,26.763303413523285,-0.027004604741670178,0.1,60,-38.06288150947885,24.55125999439642,0.002779021006383878,0.15726640360830169,-28.74905436023877,24.577137210543217,0.0027769874423602915,2.9526211067268067,1,"[{""id"": 162, ""x"": -71.64137268066406, ""y"": 27.983861923217773, ""vx"": 0.0, ""vy"": 0.0, ""r"": 2.5906050205230713}]"
437,21.85,-38.0535888671875,24.551294326782227,0.001915874447162451,0.23725103166253406,0.0,0.0,1.0,PlanStatus.FAIL,20,26.772596075589174,-0.02699609690327037,False,29.772122048001236,0.8423762024332597,2.88587545534563,6.689733480402501,-0.02699609690327037,4.0,False,7.943600183352828,20,26.772596075589174,-0.02699609690327037,0.1,60,-38.05358890741106,24.551294326670504,0.002779021006254576,0.23725103166253406,-25.981346667172623,26.179426248892074,0.5313174320439253,3.937287517194371,1,"[{""id"": 162, ""x"": -71.64137268066406, ""y"": 27.983861923217773, ""vx"": 0.0, ""vy"": 0.0, ""r"": 2.5906050205230713}]"
438,21.900000000000002,-38.05216598510742,24.55129623413086,0.0019224673313063484,7.047092681915065e-05,0.0018197475001215935,0.5,0.0,PlanStatus.OK,20,26.774018957475384,-0.026998143776102438,True,29.773537363671373,3.984855897065486e-05,1.8930429082613526e-05,0.20336924916713892,-0.026998143776102438,3.0,False,7.806100184097886,20,26.774018957475384,-0.026998143776102438,0.1,60,-38.05216602540811,24.551296234018924,0.002779021006548307,7.047092681915065e-05,-29.202034475265584,24.575885754239874,0.002776910880270133,2.9500011745154477,1,"[{""id"": 162, ""x"": -71.64137268066406, ""y"": 27.983861923217773, ""vx"": 0.0, ""vy"": 0.0, ""r"": 2.5906050205230713}]"
439,21.950000000000003,-38.051177978515625,24.55129623413086,0.0019232362410488114,0.09804439148179953,0.0018179853213950992,0.5,0.0,PlanStatus.OK,20,26.775006960252014,-0.02700088946364213,True,29.77452025138669,2.3786268087672757e-05,1.8622895174213658e-05,0.2033658313236856,-0.02700088946364213,3.0,False,7.816300028935075,20,26.775006960252014,-0.02700088946364213,0.1,60,-38.051178018871866,24.551296234018768,0.0027790210063495,0.09804439148179953,-28.912044110932413,24.576688302349723,0.0027769598835469117,2.951634073191361,1,"[{""id"": 162, ""x"": -71.64137268066406, ""y"": 27.983861923217773, ""vx"": 0.0, ""vy"": 0.0, ""r"": 2.5906050205230713}]"
440,22.0,-38.04702377319336,24.551307678222656,0.0019254186547487527,0.1573888921861349,0.0018132826080545783,0.5,0.0,PlanStatus.OK,20,26.779161181336246,-0.027000990025029654,True,29.778651773733714,2.0699357287705406e-05,1.7063041140579112e-05,0.2033645557230902,-0.027000990025029654,3.0,False,7.652500178664923,20,26.779161181336246,-0.027000990025029654,0.1,60,-38.047023813766074,24.551307678109964,0.0027790210063216203,0.1573888921861349,-28.732836409501417,24.57718586284847,0.0027769901621652725,2.952623148203103,1,"[{""id"": 162, ""x"": -71.64137268066406, ""y"": 27.983861923217773, ""vx"": 0.0, ""vy"": 0.0, ""r"": 2.5906050205230713}]"
441,22.05,-38.03661346435547,24.55129623413086,0.00208147859425577,0.23462460036604132,0.0,0.0,1.0,PlanStatus.FAIL,20,26.789571418171644,-0.027041364502338235,False,29.78900934123839,0.8833717088859139,3.0277280246692606,7.012450240800996,-0.027041364502338235,4.0,False,7.597899995744228,20,26.789571418171644,-0.027041364502338235,0.1,60,-38.036613505531754,24.55129623401649,0.0027790210063022344,0.23462460036604132,-25.97339457962678,26.184048961582608,0.5313196354659021,3.9372437433394327,1,"[{""id"": 162, ""x"": -71.64137268066406, ""y"": 27.983861923217773, ""vx"": 0.0, ""vy"": 0.0, ""r"": 2.5906050205230713}]"
442,22.1,-38.03498458862305,24.55129623413086,0.0020891940892244065,7.821559821355448e-05,0.0014659427106380463,0.5,0.0,PlanStatus.OK,20,26.7912002876142,-0.0270458911763891,True,29.790629785650225,2.5922249541259557e-05,1.7153035827216848e-05,0.2033643408838958,-0.0270458911763891,3.0,False,8.112200070172548,20,26.7912002876142,-0.0270458911763891,0.1,60,-38.03498462989118,24.551296234016238,0.002779021005474149,7.821559821355448e-05,-29.184831470673643,24.57588577850415,0.0027769139349058366,2.950001303593302,1,"[{""id"": 162, ""x"": -71.64137268066406, ""y"": 27.983861923217773, ""vx"": 0.0, ""vy"": 0.0, ""r"": 2.5906050205230713}]"
443,22.150000000000002,-38.034000396728516,24.551298141479492,0.002089823989240048,0.09803986143581694,0.0014644755283370614,0.5,0.0,PlanStatus.OK,20,26.792184481008853,-0.027046718921549195,True,29.791608689803347,3.860816637039819e-05,1.8570507235074994e-05,0.20336667392939822,-0.027046718921549195,3.0,False,7.596899988129735,20,26.792184481008853,-0.027046718921549195,0.1,60,-38.03400043804925,24.551298141364725,0.002779021006386001,0.09803986143581694,-28.894881158893252,24.576690134244274,0.0027769630089665184,2.9516339976905956,1,"[{""id"": 162, ""x"": -71.64137268066406, ""y"": 27.983861923217773, ""vx"": 0.0, ""vy"": 0.0, ""r"": 2.5906050205230713}]"
444,22.200000000000003,-38.029884338378906,24.551307678222656,0.002091861931652339,0.15540248532299222,0.0014600816648453474,0.5,0.0,PlanStatus.OK,20,26.796300549967174,-0.027048620813103975,True,29.79570247877116,3.2300661050941274e-05,1.7949088744234794e-05,0.20336507643182633,-0.027048620813103975,3.0,False,7.690099999308586,20,26.796300549967174,-0.027048620813103975,0.1,60,-38.02988437991725,24.551307678107285,0.0027790210060951183,0.15540248532299222,-28.721557745871216,24.57716955316925,0.0027769923539026557,2.952590041422047,1,"[{""id"": 162, ""x"": -71.64137268066406, ""y"": 27.983861923217773, ""vx"": 0.0, ""vy"": 0.0, ""r"": 2.5906050205230713}]"
445,22.25,-38.01919937133789,24.55132484436035,0.0021290361754738875,0.25413481975047386,0.0,0.0,1.0,PlanStatus.FAIL,20,26.806985523453438,-0.02706114845133088,False,29.806330432397644,1.0969356254959053,3.5514897558313785,8.947798275667283,-0.02706114845133088,3.5,False,8.162999991327524,20,26.806985523453438,-0.02706114845133088,0.1,60,-38.01919941345311,24.55132484424338,0.0027790210063079407,0.25413481975047386,-27.178014818082413,25.476208205253712,0.5311055829602784,3.4459022469958396,1,"[{""id"": 162, ""x"": -71.64137268066406, ""y"": 27.983861923217773, ""vx"": 0.0, ""vy"": 0.0, ""r"": 2.5906050205230713}]"
446,22.3,-38.01736068725586,24.551368713378906,0.002054893796733514,8.285130689744602e-05,0.0015387306921184063,0.5,0.0,PlanStatus.OK,20,26.8088243223482,-0.027022389337287598,True,29.808155153996637,3.4168403893776045e-05,1.7750953243264242e-05,0.20336381602824458,-0.027022389337287598,3.0,False,7.7142000664025545,20,26.8088243223482,-0.027022389337287598,0.1,60,-38.01736072940658,24.551368713261834,0.0027790210063600293,8.285130689744602e-05,-29.167195048466766,24.575958255821064,0.0027769168452170625,2.9500013808551175,1,"[{""id"": 162, ""x"": -71.64137268066406, ""y"": 27.983861923217773, ""vx"": 0.0, ""vy"": 0.0, ""r"": 2.5906050205230713}]"
447,22.35,-38.016380310058594,24.55137062072754,0.0020555656987526765,0.09802102729194176,0.001537174335680902,0.5,0.0,PlanStatus.OK,20,26.80980470106032,-0.02702320648133652,True,29.809130268789396,2.8579208557528905e-05,1.6557773712300335e-05,0.203362495651376,-0.02702320648133652,3.0,False,8.146499982103705,20,26.80980470106032,-0.02702320648133652,0.1,60,-38.016380352261685,24.55137062061032,0.0027790210063597938,0.09802102729194176,-28.877317765206993,24.576762420193713,0.0027769658642904046,2.9516336837881956,1,"[{""id"": 162, ""x"": -71.64137268066406, ""y"": 27.983861923217773, ""vx"": 0.0, ""vy"": 0.0, ""r"": 2.5906050205230713}]"
448,22.400000000000002,-38.01228713989258,24.551382064819336,0.0020620770495956226,0.1544624584780636,0.0,0.0,1.0,PlanStatus.FAIL,20,26.813897887223987,-0.02702313742496291,False,29.813201117762645,0.09223392341682699,0.2758906700022427,2.6200425365005477,-0.02702313742496291,3.0,False,7.497499929741025,20,26.813897887223987,-0.02702313742496291,0.1,60,-38.012287182308874,24.551382064701528,0.0027790210062144396,0.1544624584780636,-28.694385797208497,24.585759333552215,0.030366012173323877,2.9525743743079707,1,"[{""id"": 162, ""x"": -71.64137268066406, ""y"": 27.983861923217773, ""vx"": 0.0, ""vy"": 0.0, ""r"": 2.5906050205230713}]"
449,22.450000000000003,-38.01133346557617,24.55139923095703,0.0020172767763733074,2.9604729377589294e-05,0.0016185566782951355,0.5,0.0,PlanStatus.OK,20,26.814851605562797,-0.027008621631100488,True,29.814148119947994,4.0208341022891206e-05,1.8238520716217822e-05,0.2033642829992462,-0.027008621631100488,3.0,False,7.681400049477816,20,26.814851605562797,-0.027008621631100488,0.1,60,-38.01133350801936,24.55139923083915,0.002779021006468139,2.9604729377589294e-05,-29.161325277445677,24.57598832361855,0.0027769177934218532,2.9500004934121598,1,"[{""id"": 162, ""x"": -71.64137268066406, ""y"": 27.983861923217773, ""vx"": 0.0, ""vy"": 0.0, ""r"": 2.5906050205230713}]"
450,22.5,-38.01035690307617,24.551401138305664,0.00201796519311212,0.09696511735776417,0.0016169665614143014,0.5,0.0,PlanStatus.OK,20,26.81582816959238,-0.02700942817404177,True,29.815119441686193,2.3473656233894292e-05,1.6290126712416135e-05,0.20336076752615737,-0.02700942817404177,3.0,False,7.731200195848942,20,26.81582816959238,-0.02700942817404177,0.1,60,-38.010356945571495,24.551401138187636,0.0027790210063569415,0.09696511735776417,-28.87440944426919,24.576784274917102,0.002776966286995382,2.951616085289295,1,"[{""id"": 162, ""x"": -71.64137268066406, ""y"": 27.983861923217773, ""vx"": 0.0, ""vy"": 0.0, ""r"": 2.5906050205230713}]"
451,22.55,-38.00709915161133,24.55141830444336,0.0020032661823631316,0.06928513916602272,0.0016481941565871239,0.5,0.0,PlanStatus.OK,20,26.819085956182487,-0.027001315450734906,True,29.818358615691274,3.9582132014339125e-05,2.1338711243424485e-05,0.20336451346401924,-0.027001315450734906,3.0,False,8.0033999402076,20,26.819085956182487,-0.027001315450734906,0.1,60,-38.00709919426354,24.551418304324894,0.0027790210062835895,0.06928513916602272,-28.952801998671617,24.57657469217575,0.002776953001381953,2.9511547523194346,1,"[{""id"": 162, ""x"": -71.64137268066406, ""y"": 27.983861923217773, ""vx"": 0.0, ""vy"": 0.0, ""r"": 2.5906050205230713}]"
452,22.6,-37.99817657470703,24.55150604248047,0.0018792695060387721,0.21943477217797905,0.0,0.0,1.0,PlanStatus.FAIL,20,26.828008742458,-0.026938373749152315,False,29.827226196489065,0.8608627106076149,2.9473455984302896,6.827844153527826,-0.026938373749152315,4.0,False,8.918399922549725,20,26.828008742458,-0.026938373749152315,0.1,60,-37.99817661772337,24.551506042360995,0.0027790210062997025,0.21943477217797905,-25.97890693551146,26.18092514725971,0.5313168775605758,3.936990579536302,1,"[{""id"": 162, ""x"": -71.64137268066406, ""y"": 27.983861923217773, ""vx"": 0.0, ""vy"": 0.0, ""r"": 2.5906050205230713}]"
453,22.650000000000002,-37.9964599609375,24.55150604248047,0.0019114426506238286,7.395327482644375e-05,0.0018431439530104399,0.5,0.0,PlanStatus.OK,20,26.829725349598867,-0.02694314424873543,True,29.828933946024,3.427620790985062e-05,1.8655569781413257e-05,0.20336136151577702,-0.02694314424873543,3.0,False,7.8223999589681625,20,26.829725349598867,-0.02694314424873543,0.1,60,-37.99646000405065,24.551506042360725,0.002779021006534983,7.395327482644375e-05,-29.146321847293496,24.576095464951,0.0027769201115671804,2.9500012325545835,1,"[{""id"": 162, ""x"": -71.64137268066406, ""y"": 27.983861923217773, ""vx"": 0.0, ""vy"": 0.0, ""r"": 2.5906050205230713}]"
454,22.700000000000003,-37.9954833984375,24.5515079498291,0.0019121958258696166,0.0977517820634816,0.0018414154183119535,0.5,0.0,PlanStatus.OK,20,26.83070191362845,-0.02694395079167673,True,29.82990527259117,3.706928343434651e-05,1.765224496973021e-05,0.20336162940683497,-0.02694395079167673,3.0,False,7.66320014372468,20,26.83070191362845,-0.02694395079167673,0.1,60,-37.99548344160269,24.55150794970921,0.0027790210065520584,0.0977517820634816,-28.85721629052132,24.576897497744476,0.0027769688568195635,2.9516291963677204,1,"[{""id"": 162, ""x"": -71.64137268066406, ""y"": 27.983861923217773, ""vx"": 0.0, ""vy"": 0.0, ""r"": 2.5906050205230713}]"
455,22.75,-37.99174880981445,24.55152130126953,0.0019094236936372773,0.12756992772605677,0.0018472615629434586,0.5,0.0,PlanStatus.OK,20,26.834436524934357,-0.02694097788967619,True,29.833619225981565,3.1752309923641225e-05,1.687185536702971e-05,0.20336022931051506,-0.02694097788967619,3.0,False,7.716399850323796,20,26.834436524934357,-0.02694097788967619,0.1,60,-37.99174885316891,24.55152130114912,0.002779021006204711,0.12756992772605677,-28.765524684263145,24.57715509902789,0.002776984298976891,2.952126165462106,1,"[{""id"": 162, ""x"": -71.64137268066406, ""y"": 27.983861923217773, ""vx"": 0.0, ""vy"": 0.0, ""r"": 2.5906050205230713}]"
456,22.8,-37.98250198364258,24.55156898498535,0.0019004443674853167,0.23188545145776454,0.0,0.0,1.0,PlanStatus.FAIL,20,26.84368344791371,-0.026918991449081046,False,29.84281349527324,0.8435722667026931,3.063676814196093,8.328748533769183,-0.026918991449081046,4.5,False,8.918400155380368,20,26.84368344791371,-0.026918991449081046,0.1,60,-37.982502027441704,24.551568984863703,0.0027790210063518388,0.23188545145776454,-24.664773700551592,26.953503484482926,0.5315436018089271,4.428864757524298,1,"[{""id"": 162, ""x"": -71.64137268066406, ""y"": 27.983861923217773, ""vx"": 0.0, ""vy"": 0.0, ""r"": 2.5906050205230713}]"
457,22.85,-37.98110580444336,24.551578521728516,0.0018917524234627057,7.142020898237756e-05,0.0018849283223971725,0.5,0.0,PlanStatus.OK,20,26.845079648224388,-0.026913334749071843,True,29.844201504334386,3.2305558135930156e-05,1.9248468945197265e-05,0.20335910121071224,-0.026913334749071843,3.0,False,7.787500042468309,20,26.845079648224388,-0.026913334749071843,0.1,60,-37.981105848305745,24.551578521606693,0.0027790210064276,7.142020898237756e-05,-29.130976145717796,24.57616788881892,0.0027769225972783477,2.950001190336815,1,"[{""id"": 162, ""x"": -71.64137268066406, ""y"": 27.983861923217773, ""vx"": 0.0, ""vy"": 0.0, ""r"": 2.5906050205230713}]"
458,22.900000000000002,-37.980125427246094,24.55158233642578,0.001892564505543152,0.09796359241323908,0.0018830744083970785,0.5,0.0,PlanStatus.OK,20,26.846060032237062,-0.0269122445518559,True,29.8451764373102,3.904358522018023e-05,1.899997907138084e-05,0.20336027591562691,-0.0269122445518559,3.0,False,7.754399906843901,20,26.846060032237062,-0.0269122445518559,0.1,60,-37.980125471157585,24.55158233630382,0.002779021006454619,0.09796359241323908,-28.841234480233123,24.57697358553308,0.0027769713858551634,2.9516327265402236,1,"[{""id"": 162, ""x"": -71.64137268066406, ""y"": 27.983861923217773, ""vx"": 0.0, ""vy"": 0.0, ""r"": 2.5906050205230713}]"
459,22.950000000000003,-37.97601318359375,24.551591873168945,0.0018951890455959387,0.15541445004313717,0.0,0.0,1.0,PlanStatus.FAIL,20,26.850172286512848,-0.026914135842299482,False,29.849266503954006,0.3124126746481624,0.9281527484152453,4.020099797323847,-0.026914135842299482,3.0,False,7.597600109875202,20,26.850172286512848,-0.026914135842299482,0.1,60,-37.97601322772177,24.551591873046384,0.002779021006349361,0.15541445004313717,-28.660806297412684,24.605599229900502,0.09559222613417759,2.952590240834056,1,"[{""id"": 162, ""x"": -71.64137268066406, ""y"": 27.983861923217773, ""vx"": 0.0, ""vy"": 0.0, ""r"": 2.5906050205230713}]"
460,23.0,-37.97472381591797,24.551599502563477,0.0018838156052433214,3.436895451425434e-05,0.0019017714075744152,0.5,0.0,PlanStatus.OK,20,26.851461670411986,-0.026910089652474094,True,29.850548448764044,4.047974225512157e-05,1.8087977388735015e-05,0.20335996175417184,-0.026910089652474094,3.0,False,7.678299909457564,20,26.851461670411986,-0.026910089652474094,0.1,60,-37.97472386010627,24.551599502440748,0.0027790210060189085,3.436895451425434e-05,-29.12470387455848,24.57618855173847,0.002776923642597195,2.9500005728159056,1,"[{""id"": 162, ""x"": -71.64137268066406, ""y"": 27.983861923217773, ""vx"": 0.0, ""vy"": 0.0, ""r"": 2.5906050205230713}]"
461,23.05,-37.9737548828125,24.55160140991211,0.0018846176744622477,0.09687681319431077,0.0018999396124854684,0.5,0.0,PlanStatus.OK,20,26.8524306050765,-0.026910874993193015,True,29.851512192135907,3.214617983794217e-05,1.8659151760397515e-05,0.20335814995209978,-0.026910874993193015,3.0,False,8.429799927398562,20,26.8524306050765,-0.026910874993193015,0.1,60,-37.97375492705238,24.55160140978924,0.0027790210061586084,0.09687681319431077,-28.838070131762517,24.576983742500083,0.002776971911804719,2.951614613553234,1,"[{""id"": 162, ""x"": -71.64137268066406, ""y"": 27.983861923217773, ""vx"": 0.0, ""vy"": 0.0, ""r"": 2.5906050205230713}]"
462,23.1,-37.97098922729492,24.55160903930664,0.0018819806508418514,0.03682522636072272,0.0019056139281019568,0.5,0.0,PlanStatus.OK,20,26.855196271116785,-0.026910931433006845,True,29.85426281446866,2.713257392098017e-05,1.7324064928380366e-05,0.2033574116402775,-0.026910931433006845,3.0,False,7.924600038677454,20,26.855196271116785,-0.026910931433006845,0.1,60,-37.97098927167843,24.551609039183372,0.002779021006429354,0.03682522636072272,-29.01244423453164,24.576499451056357,0.002776942549237735,2.9506137537726818,1,"[{""id"": 162, ""x"": -71.64137268066406, ""y"": 27.983861923217773, ""vx"": 0.0, ""vy"": 0.0, ""r"": 2.5906050205230713}]"
463,23.150000000000002,-37.962772369384766,24.551578521728516,0.0020250968212206753,0.21708321217559892,0.0,0.0,1.0,PlanStatus.FAIL,20,26.863413012488856,-0.026964283684636152,False,29.86244041488259,0.75811845502268,2.747997612282658,7.5815386355076155,-0.026964283684636152,4.5,False,7.60939996689558,20,26.863413012488856,-0.026964283684636152,0.1,60,-37.962772414283556,24.551578521603815,0.0027790210062398723,0.21708321217559892,-24.68536006919933,26.941348776394072,0.5315412092126068,4.428618053536257,1,"[{""id"": 162, ""x"": -71.64137268066406, ""y"": 27.983861923217773, ""vx"": 0.0, ""vy"": 0.0, ""r"": 2.5906050205230713}]"
464,23.200000000000003,-37.961181640625,24.55158805847168,0.0020031068868389445,6.726865485437944e-05,0.0016486323438584805,0.5,0.0,PlanStatus.OK,20,26.865003761608836,-0.0269591676412438,True,29.864021980045223,4.400127762062081e-05,1.6503069198872504e-05,0.2033590203975012,-0.0269591676412438,3.0,False,7.721300004050136,20,26.865003761608836,-0.0269591676412438,0.1,60,-37.96118168559797,24.551588058346773,0.002779021006704354,6.726865485437944e-05,-29.11106565154009,24.576177346394793,0.0027769261141227836,2.9500011211442496,1,"[{""id"": 162, ""x"": -71.64137268066406, ""y"": 27.983861923217773, ""vx"": 0.0, ""vy"": 0.0, ""r"": 2.5906050205230713}]"
465,23.25,-37.960201263427734,24.551591873168945,0.00200383743561844,0.09783755415080031,0.0016469465335831046,0.5,0.0,PlanStatus.OK,20,26.865984145621507,-0.026958077444027857,True,29.86499691921184,3.5872959733751975e-05,1.7116284520305933e-05,0.20335722444717388,-0.026958077444027857,3.0,False,7.725199917331338,20,26.865984145621507,-0.026958077444027857,0.1,60,-37.96020130844986,24.551591873043904,0.0027790210060422427,0.09783755415080031,-28.821683559379487,24.57698204561447,0.0027769749250035826,2.951630625902517,1,"[{""id"": 162, ""x"": -71.64137268066406, ""y"": 27.983861923217773, ""vx"": 0.0, ""vy"": 0.0, ""r"": 2.5906050205230713}]"
466,23.3,-37.9562873840332,24.551603317260742,0.0020082484262110463,0.14187280986450218,0.0,0.0,1.0,PlanStatus.FAIL,20,26.869898041706016,-0.026957510135474982,False,29.86888947560803,0.19743701134116035,0.5883842439032783,3.288828105253774,-0.026957510135474982,3.0,False,7.731100078672171,20,26.869898041706016,-0.026957510135474982,0.1,60,-37.956287429257856,24.551603317135136,0.0027790210063730896,0.14187280986450218,-28.678187518875863,24.59534491435276,0.06161537247372845,2.9523645468310775,1,"[{""id"": 162, ""x"": -71.64137268066406, ""y"": 27.983861923217773, ""vx"": 0.0, ""vy"": 0.0, ""r"": 2.5906050205230713}]"
467,23.35,-37.954978942871094,24.551605224609375,0.002005794494915593,3.382299450622985e-05,0.0016429312527179718,0.5,0.0,PlanStatus.OK,20,26.87120648311617,-0.02695923897500362,True,29.870190983881983,3.492364618911747e-05,1.640260388341766e-05,0.20335645313416312,-0.02695923897500362,3.0,False,7.98740005120635,20,26.87120648311617,-0.02695923897500362,0.1,60,-37.95497898816668,24.551605224483573,0.0027790210059364423,3.382299450622985e-05,-29.10496202986713,24.576194224565903,0.0027769271443062733,2.950000563716577,1,"[{""id"": 162, ""x"": -71.64137268066406, ""y"": 27.983861923217773, ""vx"": 0.0, ""vy"": 0.0, ""r"": 2.5906050205230713}]"
468,23.400000000000002,-37.954010009765625,24.55160903930664,0.0020064887633267224,0.09674120558622984,0.0016413218108937144,0.5,0.0,PlanStatus.OK,20,26.872175423081234,-0.02695811697445413,True,29.871154539865664,4.37135223162379e-05,1.679471419190233e-05,0.2033580689946612,-0.02695811697445413,3.0,False,7.723500020802021,20,26.872175423081234,-0.02695811697445413,0.1,60,-37.9540100551097,24.551609039180704,0.0027790210063363906,0.09674120558622984,-28.818726720998203,24.57699021724553,0.002776975424284914,2.9516123534264342,1,"[{""id"": 162, ""x"": -71.64137268066406, ""y"": 27.983861923217773, ""vx"": 0.0, ""vy"": 0.0, ""r"": 2.5906050205230713}]"
469,23.450000000000003,-37.950927734375,24.551618576049805,0.002003165793673603,0.09301205254476246,0.0016484023071825504,0.5,0.0,PlanStatus.OK,20,26.8752577130725,-0.026957145965149268,True,29.874219975451282,4.5874988257785774e-05,1.7429474939612173e-05,0.203358222018766,-0.026957145965149268,3.0,False,7.73840001784265,20,26.8752577130725,-0.026957145965149268,0.1,60,-37.95092777987768,24.551618575923428,0.002779021006133298,0.09301205254476246,-28.826644868181337,24.576969199507015,0.002776974083592107,2.9515502008757504,1,"[{""id"": 162, ""x"": -71.64137268066406, ""y"": 27.983861923217773, ""vx"": 0.0, ""vy"": 0.0, ""r"": 2.5906050205230713}]"
470,23.5,-37.94399642944336,24.551591873168945,0.0021280660982408803,0.2087323218275447,0.0,0.0,1.0,PlanStatus.FAIL,20,26.8821889170313,-0.02700311096010466,False,29.881118301703594,0.7394592771867813,2.6787134794954626,7.4158551702750515,-0.02700311096010466,4.5,False,8.84110014885664,20,26.8821889170313,-0.02700311096010466,0.1,60,-37.94399647538458,24.551591873041353,0.0027790210063764523,0.2087323218275447,-24.690394287105036,26.938346289469838,0.5315413305721856,4.428478872030461,1,"[{""id"": 162, ""x"": -71.64137268066406, ""y"": 27.983861923217773, ""vx"": 0.0, ""vy"": 0.0, ""r"": 2.5906050205230713}]"
471,23.55,-37.94248962402344,24.551605224609375,0.002095669679847637,6.188313897779137e-05,0.0014522146666422486,0.5,0.0,PlanStatus.OK,20,26.883695753736614,-0.026993947009757956,True,29.88261599860335,4.023398276556872e-05,1.757149388309249e-05,0.20335618537893,-0.026993947009757956,3.0,False,7.80319981276989,20,26.883695753736614,-0.026993947009757956,0.1,60,-37.94248967002751,24.551605224481605,0.0027790210067169256,6.188313897779137e-05,-29.09239084552417,24.576194426134798,0.0027769293929478943,2.9500010313856544,1,"[{""id"": 162, ""x"": -71.64137268066406, ""y"": 27.983861923217773, ""vx"": 0.0, ""vy"": 0.0, ""r"": 2.5906050205230713}]"
472,23.6,-37.94150924682617,24.55160903930664,0.0020962964589713766,0.09781747825726976,0.0014507428277283907,0.5,0.0,PlanStatus.OK,20,26.884676137749285,-0.026992856812538456,True,29.883590943593063,4.341910000836278e-05,1.7393875403849332e-05,0.20335655410361989,-0.026992856812538456,3.0,False,7.549999980255961,20,26.884676137749285,-0.026992856812538456,0.1,60,-37.941509292879424,24.551609039178736,0.002779021006265193,0.09781747825726976,-28.803052112013557,24.576999005914182,0.0027769782593832612,2.951630291304286,1,"[{""id"": 162, ""x"": -71.64137268066406, ""y"": 27.983861923217773, ""vx"": 0.0, ""vy"": 0.0, ""r"": 2.5906050205230713}]"
473,23.650000000000002,-37.937591552734375,24.551618576049805,0.002100058304048276,0.1421075003344404,0.0,0.0,1.0,PlanStatus.FAIL,20,26.888593843215773,-0.026994207446365163,False,29.887487511321304,0.3077420591191148,0.914344848375546,3.9901554935342793,-0.026994207446365163,3.0,False,7.789599942043424,20,26.888593843215773,-0.026994207446365163,0.1,60,-37.93759159899388,24.551618575921328,0.002779021006333572,0.1421075003344404,-28.661483703523455,24.605108692881604,0.09421143635671152,2.95236845833891,1,"[{""id"": 162, ""x"": -71.64137268066406, ""y"": 27.983861923217773, ""vx"": 0.0, ""vy"": 0.0, ""r"": 2.5906050205230713}]"
474,23.700000000000003,-37.936279296875,24.551620483398438,0.002097550147256018,3.456638511920327e-05,0.0014482263941317797,0.5,0.0,PlanStatus.OK,20,26.889906099308458,-0.02699594688700142,True,29.88879282224959,5.07367209348825e-05,1.8142608534375305e-05,0.2033576536544161,-0.02699594688700142,3.0,False,7.885100087150931,20,26.889906099308458,-0.02699594688700142,0.1,60,-37.93627934320581,24.55162048326976,0.0027790210064021622,3.456638511920327e-05,-29.086261520096855,24.576209447156874,0.0027769304359671837,2.950000576106415,1,"[{""id"": 162, ""x"": -71.64137268066406, ""y"": 27.983861923217773, ""vx"": 0.0, ""vy"": 0.0, ""r"": 2.5906050205230713}]"
475,23.75,-37.93531036376953,24.55162239074707,0.0020981767963425945,0.09674888240586196,0.0014467542059719563,0.5,0.0,PlanStatus.OK,20,26.89087503397297,-0.02699673222772034,True,29.88975657720441,3.457688028066851e-05,1.8209127285741776e-05,0.20335412864999647,-0.02699673222772034,3.0,False,7.948199985548854,20,26.89087503397297,-0.02699673222772034,0.1,60,-37.935310410152134,24.551622390618252,0.0027790210063489,0.09674888240586196,-28.800005790208235,24.577003590164736,0.0027769787955248437,2.9516124813734272,1,"[{""id"": 162, ""x"": -71.64137268066406, ""y"": 27.983861923217773, ""vx"": 0.0, ""vy"": 0.0, ""r"": 2.5906050205230713}]"
476,23.8,-37.93223190307617,24.551631927490234,0.002096458745350303,0.09316551735149409,0.0014504349092021585,0.5,0.0,PlanStatus.OK,20,26.8939535092817,-0.026995750617304293,True,29.892818235841837,3.250568941357017e-05,1.773548347405729e-05,0.20335329076335545,-0.026995750617304293,3.0,False,7.4610000010579824,20,26.8939535092817,-0.026995750617304293,0.1,60,-37.93223194961737,24.551631927360976,0.002779021006145503,0.09316551735149409,-28.807497707134335,24.576983766645753,0.002776977524724074,2.9515527586225265,1,"[{""id"": 162, ""x"": -71.64137268066406, ""y"": 27.983861923217773, ""vx"": 0.0, ""vy"": 0.0, ""r"": 2.5906050205230713}]"
477,23.85,-37.924808502197266,24.55167579650879,0.0019698263457771734,0.20398913979622338,0.0,0.0,1.0,PlanStatus.FAIL,20,26.90137700340809,-0.026972511528574654,False,29.90019901904173,0.76224851246375,2.7610307718187435,7.609898328989355,-0.026972511528574654,4.5,False,8.22249986231327,20,26.90137700340809,-0.026972511528574654,0.1,60,-37.924808549084545,24.551675796378568,0.0027790210064295,0.20398913979622338,-24.685929503002765,26.941004988779753,0.53154132256166,4.428399818996608,1,"[{""id"": 162, ""x"": -71.64137268066406, ""y"": 27.983861923217773, ""vx"": 0.0, ""vy"": 0.0, ""r"": 2.5906050205230713}]"
478,23.900000000000002,-37.92292785644531,24.55168914794922,0.001903343806099843,6.932056728775127e-05,0.0018603497883304954,0.5,0.0,PlanStatus.OK,20,26.903257679001857,-0.02696438648702406,True,29.90206864439306,4.291867376255892e-05,1.8745467026586374e-05,0.2033546672818528,-0.02696438648702406,3.0,False,7.842999882996082,20,26.903257679001857,-0.02696438648702406,0.1,60,-37.922927903416266,24.551689147818767,0.002779021006462227,6.932056728775127e-05,-29.072808404201652,24.57627836643605,0.002776932589460873,2.950001155342786,1,"[{""id"": 162, ""x"": -71.64137268066406, ""y"": 27.983861923217773, ""vx"": 0.0, ""vy"": 0.0, ""r"": 2.5906050205230713}]"
479,23.950000000000003,-37.92195129394531,24.55169105529785,0.0019041505566566228,0.0977876551180751,0.0018584895879030228,0.5,0.0,PlanStatus.OK,20,26.90423424303144,-0.026965193029965348,True,29.90303999371838,4.6235021449685974e-05,1.7566361975719473e-05,0.2033551523919414,-0.026965193029965348,3.0,False,8.70590005069971,20,26.90423424303144,-0.026965193029965348,0.1,60,-37.921951340968455,24.551691055167254,0.0027790210062107203,0.0977876551180751,-28.78358337946742,24.57708073461271,0.002776981393647239,2.9516297942519722,1,"[{""id"": 162, ""x"": -71.64137268066406, ""y"": 27.983861923217773, ""vx"": 0.0, ""vy"": 0.0, ""r"": 2.5906050205230713}]"
480,24.0,-37.91805648803711,24.55170440673828,0.0019077259284423517,0.14076476234968238,0.0,0.0,1.0,PlanStatus.FAIL,20,26.908129071003827,-0.02696266537459171,False,29.906913429384247,0.39756190868388236,1.1788169453721022,4.5612036332104315,-0.02696266537459171,3.0,False,8.04250012151897,20,26.908129071003827,-0.02696266537459171,0.1,60,-37.91805653525837,24.551704406607136,0.002779021006396038,0.14076476234968238,-28.648096549425883,24.613004533494262,0.12065864854364072,2.9523460793724943,1,"[{""id"": 162, ""x"": -71.64137268066406, ""y"": 27.983861923217773, ""vx"": 0.0, ""vy"": 0.0, ""r"": 2.5906050205230713}]"
481,24.05,-37.91675567626953,24.551706314086914,0.0019051631560418009,3.429797858704287e-05,0.0018564912024885416,0.5,0.0,PlanStatus.OK,20,26.909429883048908,-0.02696437301189797,True,29.908207363238766,3.075407057663197e-05,1.8165639152833632e-05,0.20335150913987055,-0.02696437301189797,3.0,False,7.654400076717138,20,26.909429883048908,-0.02696437301189797,0.1,60,-37.91675572356142,24.55170631395557,0.0027790210065718815,3.429797858704287e-05,-29.06673994958057,24.57629523179809,0.0027769336136022277,2.9500005716329802,1,"[{""id"": 162, ""x"": -71.64137268066406, ""y"": 27.983861923217773, ""vx"": 0.0, ""vy"": 0.0, ""r"": 2.5906050205230713}]"
482,24.1,-37.91579055786133,24.551708221435547,0.0019059425987944345,0.09677398872412725,0.001854688161984086,0.5,0.0,PlanStatus.OK,20,26.910395003030885,-0.026965147751509266,True,29.90916732918602,5.678141760242808e-05,1.78586609047909e-05,0.2033566111300702,-0.026965147751509266,3.0,False,7.715800078585744,20,26.910395003030885,-0.026965147751509266,0.1,60,-37.91579060520477,24.55170822130406,0.0027790210062356813,0.09677398872412725,-28.78041316143091,24.577089583630126,0.0027769819286123983,2.95161289981207,1,"[{""id"": 162, ""x"": -71.64137268066406, ""y"": 27.983861923217773, ""vx"": 0.0, ""vy"": 0.0, ""r"": 2.5906050205230713}]"
483,24.150000000000002,-37.91272735595703,24.551715850830078,0.0019051164727004269,0.0923972220362474,0.0018564830534160137,0.5,0.0,PlanStatus.OK,20,26.913458214308918,-0.026966031077920442,True,29.91221402005941,6.00380556384299e-05,1.863986089996935e-05,0.20335681557032695,-0.026966031077920442,3.0,False,7.658899994567037,20,26.913458214308918,-0.026966031077920442,0.1,60,-37.91272740346133,24.551715850698145,0.0027790210063783254,0.0923972220362474,-28.790260709412635,24.57706135353311,0.0027769802720992924,2.9515399537006024,1,"[{""id"": 162, ""x"": -71.64137268066406, ""y"": 27.983861923217773, ""vx"": 0.0, ""vy"": 0.0, ""r"": 2.5906050205230713}]"
484,24.200000000000003,-37.90427017211914,24.55180549621582,0.001759283175809044,0.19962175395953474,0.0,0.0,1.0,PlanStatus.FAIL,20,26.921915614615685,-0.026899888699626295,False,29.920618693227638,0.79445507536121,2.8778627794555125,7.885218024434466,-0.026899888699626295,4.5,False,7.878700038418174,20,26.921915614615685,-0.026899888699626295,0.1,60,-37.904270219945666,24.551805496082995,0.002779021006290993,0.19962175395953474,-24.67935624983396,26.944949192451773,0.5315406016028325,4.428327029232659,1,"[{""id"": 162, ""x"": -71.64137268066406, ""y"": 27.983861923217773, ""vx"": 0.0, ""vy"": 0.0, ""r"": 2.5906050205230713}]"
485,24.25,-37.90260314941406,24.55179214477539,0.0018184273282892828,7.100630030271522e-05,0.0020405554678291082,0.5,0.0,PlanStatus.OK,20,26.923582593779706,-0.026917872773653605,True,29.922278507903137,6.688511127666145e-05,1.8397719554995307e-05,0.20335731777502797,-0.026917872773653605,3.0,False,7.61400000192225,20,26.923582593779706,-0.026917872773653605,0.1,60,-37.9026031973591,24.551792144642235,0.0027790210059602974,7.100630030271522e-05,-29.052480005374484,24.576381331520803,0.002776935838028049,2.950001183438342,1,"[{""id"": 162, ""x"": -71.64137268066406, ""y"": 27.983861923217773, ""vx"": 0.0, ""vy"": 0.0, ""r"": 2.5906050205230713}]"
486,24.3,-37.9016227722168,24.551794052124023,0.0018193221140051438,0.097711454654678,0.0020385016687214375,0.5,0.0,PlanStatus.OK,20,26.924562972491824,-0.026918689917702517,True,29.92325365876078,3.5904617268662705e-05,1.4790673178561274e-05,0.20335104542271182,-0.026918689917702517,3.0,False,7.7083001378923655,20,26.924562972491824,-0.026918689917702517,0.1,60,-37.901622820214186,24.551794051990722,0.002779021006391596,0.097711454654678,-28.763480880533653,24.577183062683694,0.0027769845201424297,2.951628524244242,1,"[{""id"": 162, ""x"": -71.64137268066406, ""y"": 27.983861923217773, ""vx"": 0.0, ""vy"": 0.0, ""r"": 2.5906050205230713}]"
487,24.35,-37.898197174072266,24.55180549621582,0.001820334713390322,0.10064504049058443,0.002036349382251501,0.5,0.0,PlanStatus.OK,20,26.92798858921182,-0.026916765667046535,True,29.926660513961913,1.171360997848214e-05,1.5711363064115948e-05,0.2033459572661646,-0.026916765667046535,3.0,False,8.11329996213317,20,26.92798858921182,-0.026916765667046535,0.1,60,-37.89819722224404,24.551805496082036,0.0027790210063894285,0.10064504049058443,-28.751402045799384,24.57721853007073,0.0027769865436833145,2.9516774173415086,1,"[{""id"": 162, ""x"": -71.64137268066406, ""y"": 27.983861923217773, ""vx"": 0.0, ""vy"": 0.0, ""r"": 2.5906050205230713}]"
488,24.400000000000002,-37.889312744140625,24.551870346069336,0.0016484619948366338,0.2177443735248642,0.0,0.0,1.0,PlanStatus.FAIL,20,26.936873165055317,-0.026876606049573048,False,29.93549279321298,0.9827002898328845,3.1699679565126515,8.113840603107715,-0.026876606049573048,3.5,False,7.594600087031722,20,26.936873165055317,-0.026876606049573048,0.1,60,-37.88931279270104,24.55187034593447,0.002779021006434159,0.2177443735248642,-27.15869429507074,25.48776990109133,0.5311073788368318,3.4452957395587447,1,"[{""id"": 162, ""x"": -71.64137268066406, ""y"": 27.983861923217773, ""vx"": 0.0, ""vy"": 0.0, ""r"": 2.5906050205230713}]"
489,24.450000000000003,-37.887550354003906,24.551876068115234,0.0016389366426389094,7.401989798459688e-05,0.0024214517325162888,0.5,0.0,PlanStatus.OK,20,26.938635564288273,-0.026875781738677954,True,29.937245564004492,1.6799537730228563e-05,1.7220345290879305e-05,0.2033457931105923,-0.026875781738677954,3.0,False,8.436300093308091,20,26.938635564288273,-0.026875781738677954,0.1,60,-37.887550402654185,24.55187606798012,0.002779021006479517,7.401989798459688e-05,-29.03741925089,24.57646524588584,0.002776938206527721,2.9500012336649686,1,"[{""id"": 162, ""x"": -71.64137268066406, ""y"": 27.983861923217773, ""vx"": 0.0, ""vy"": 0.0, ""r"": 2.5906050205230713}]"
490,24.5,-37.88656997680664,24.551876068115234,0.001639962765888998,0.09791229938510951,0.002419114112854004,0.5,0.0,PlanStatus.OK,20,26.939615937699834,-0.026878506223995256,True,29.938220912579418,6.725401815549809e-05,1.7970324011724534e-05,0.20335581406753978,-0.026878506223995256,3.0,False,8.673999924212694,20,26.939615937699834,-0.026878506223995256,0.1,60,-37.88657002551267,24.55187606797997,0.002779021006228896,0.09791229938510951,-28.747836540444425,24.57726669099761,0.002776986921846168,2.9516318716564185,1,"[{""id"": 162, ""x"": -71.64137268066406, ""y"": 27.983861923217773, ""vx"": 0.0, ""vy"": 0.0, ""r"": 2.5906050205230713}]"
491,24.55,-37.88260269165039,24.551908493041992,0.0015784434846338425,0.14374524533717478,0.0,0.0,1.0,PlanStatus.FAIL,20,26.943583297645944,-0.026857106577042787,False,29.942164571998994,0.6567598000842382,1.9407016208101764,6.209285801922829,-0.026857106577042787,3.0,False,7.4182001408189535,20,26.943583297645944,-0.026857106577042787,0.1,60,-37.882602740523126,24.55190849290626,0.0027790210064316118,0.14374524533717478,-28.610070934067313,24.635451068376582,0.19684712303896262,2.9523957540889563,1,"[{""id"": 162, ""x"": -71.64137268066406, ""y"": 27.983861923217773, ""vx"": 0.0, ""vy"": 0.0, ""r"": 2.5906050205230713}]"
492,24.6,-37.88127899169922,24.551910400390625,0.001568108911173249,3.348163008769974e-05,0.002571755088865757,0.5,0.0,PlanStatus.OK,20,26.944906997786234,-0.02685887782100903,True,29.94348129160428,1.7911672774525155e-05,1.8359859886474435e-05,0.20334538655297718,-0.02685887782100903,3.0,False,7.823199965059757,20,26.944906997786234,-0.02685887782100903,0.1,60,-37.88127904064375,24.551910400254695,0.002779021007031031,3.348163008769974e-05,-29.031267855932484,24.576499232078646,0.0027769391728215687,2.9500005580271655,1,"[{""id"": 162, ""x"": -71.64137268066406, ""y"": 27.983861923217773, ""vx"": 0.0, ""vy"": 0.0, ""r"": 2.5906050205230713}]"
493,24.650000000000002,-37.88031005859375,24.55191421508789,0.0015692155274269878,0.09681192253518273,0.002569246105849743,0.5,0.0,PlanStatus.OK,20,26.945875937751303,-0.02685775582046309,True,29.944444870931868,6.061664328520372e-05,1.6218961741147793e-05,0.20335382512337247,-0.02685775582046309,3.0,False,8.130799978971481,20,26.945875937751303,-0.02685775582046309,0.1,60,-37.88031010758642,24.55191421495183,0.0027790210062663303,0.09681192253518273,-28.744822867856698,24.577295810431664,0.002776987307732327,2.951613532042256,1,"[{""id"": 162, ""x"": -71.64137268066406, ""y"": 27.983861923217773, ""vx"": 0.0, ""vy"": 0.0, ""r"": 2.5906050205230713}]"
494,24.700000000000003,-37.87763977050781,24.551918029785156,0.0015756311709182594,0.04006506295910546,0.0025557121261954308,0.5,0.0,PlanStatus.OK,20,26.948546226127096,-0.02686136191505909,True,29.947101083438028,1.2119290438486677e-05,1.8320745314714948e-05,0.20334410656102053,-0.02686136191505909,3.0,False,8.77870013937354,20,26.948546226127096,-0.02686136191505909,0.1,60,-37.87763981964539,24.551918029648693,0.002779021006079641,0.04006506295910546,-28.909544110180494,24.57683477255185,0.0027769596424831117,2.9506677510493176,1,"[{""id"": 162, ""x"": -71.64137268066406, ""y"": 27.983861923217773, ""vx"": 0.0, ""vy"": 0.0, ""r"": 2.5906050205230713}]"
495,24.75,-37.86931228637695,24.551916122436523,0.0017309303930240578,0.21360132321702374,0.0,0.0,1.0,PlanStatus.FAIL,20,26.956873672801017,-0.026886411479865008,False,29.95538608158806,0.9436130180829626,3.0415598291037598,7.8311403203324215,-0.026886411479865008,3.5,False,7.627399871125817,20,26.956873672801017,-0.026886411479865008,0.1,60,-37.869312335992134,24.55191612229873,0.00277902100636365,0.21360132321702374,-27.151997298573548,25.491692737286467,0.5311086868508408,3.4452266887202803,1,"[{""id"": 162, ""x"": -71.64137268066406, ""y"": 27.983861923217773, ""vx"": 0.0, ""vy"": 0.0, ""r"": 2.5906050205230713}]"
496,24.8,-37.86772537231445,24.551950454711914,0.0016494665319177306,6.794804573886047e-05,0.002399113727733493,0.5,0.0,PlanStatus.OK,20,26.958460676145677,-0.02685648939888633,True,29.95696139423199,1.7201576872076095e-05,1.7632386164530972e-05,0.20334388952988597,-0.02685648939888633,3.0,False,7.850800175219774,20,26.958460676145677,-0.02685648939888633,0.1,60,-37.867725421956614,24.551950454574047,0.0027790210069789678,6.794804573886047e-05,-29.017613473618002,24.576539538345916,0.00277694145838948,2.9500011324674316,1,"[{""id"": 162, ""x"": -71.64137268066406, ""y"": 27.983861923217773, ""vx"": 0.0, ""vy"": 0.0, ""r"": 2.5906050205230713}]"
497,24.85,-37.86674880981445,24.551952362060547,0.0016504770507083071,0.09776049889692162,0.002396802883595228,0.5,0.0,PlanStatus.OK,20,26.95943724017526,-0.026857295941827616,True,29.957932760911135,1.2271633045172933e-05,1.746729502163924e-05,0.2033428294288037,-0.026857295941827616,3.0,False,7.8650000505149364,20,26.95943724017526,-0.026857295941827616,0.1,60,-37.86674885950869,24.551952361922538,0.0027790210062605646,0.09776049889692162,-28.728464427433167,24.577341698036847,0.002776990054789523,2.9516293416482804,1,"[{""id"": 162, ""x"": -71.64137268066406, ""y"": 27.983861923217773, ""vx"": 0.0, ""vy"": 0.0, ""r"": 2.5906050205230713}]"
498,24.900000000000002,-37.8629035949707,24.55196762084961,0.001651189134210713,0.137064005302349,0.0,0.0,1.0,PlanStatus.FAIL,20,26.96328248257524,-0.026852723130754416,False,29.96175673689593,0.6567600146705546,1.9405866265334886,6.2090494157702345,-0.026852723130754416,3.0,False,7.692299783229828,20,26.96328248257524,-0.026852723130754416,0.1,60,-37.86290364485561,24.55196762071107,0.0027790210063714615,0.137064005302349,-28.610082135287225,24.63544957516425,0.19683562359196008,2.952284400088374,1,"[{""id"": 162, ""x"": -71.64137268066406, ""y"": 27.983861923217773, ""vx"": 0.0, ""vy"": 0.0, ""r"": 2.5906050205230713}]"
499,24.950000000000003,-37.86164093017578,24.551969528198242,0.0016482212960486585,3.301514957593218e-05,0.002401758451014757,0.5,0.0,PlanStatus.OK,20,26.96454514779497,-0.026854324756959543,True,29.96301274212594,1.6068026886834074e-05,1.74104042672445e-05,0.2033430533331134,-0.026854324756959543,3.0,False,8.423699997365475,20,26.96454514779497,-0.026854324756959543,0.1,60,-37.86164098012906,24.551969528059512,0.002779021006344412,3.301514957593218e-05,-29.01163248053744,24.576558312053326,0.002776942454750278,2.9500005502524913,1,"[{""id"": 162, ""x"": -71.64137268066406, ""y"": 27.983861923217773, ""vx"": 0.0, ""vy"": 0.0, ""r"": 2.5906050205230713}]"
500,25.0,-37.86067199707031,24.551971435546875,0.001649287600781991,0.09678114896481722,0.002399328164756298,0.5,0.0,PlanStatus.OK,20,26.96551408245948,-0.026855110097678457,True,29.963976520359857,1.3154115627542185e-05,1.8798324452171285e-05,0.20334236724137322,-0.026855110097678457,3.0,False,8.173699956387281,20,26.96551408245948,-0.026855110097678457,0.1,60,-37.860672047075234,24.551971435408003,0.002779021006322662,0.09678114896481722,-28.725276893965695,24.57735273573255,0.002776990577718512,2.951613019149412,1,"[{""id"": 162, ""x"": -71.64137268066406, ""y"": 27.983861923217773, ""vx"": 0.0, ""vy"": 0.0, ""r"": 2.5906050205230713}]"
501,25.05,-37.857574462890625,24.551984786987305,0.0016531240871902237,0.0937253899962833,0.002391246147453785,0.5,0.0,PlanStatus.OK,20,26.968611641782,-0.026850366810277904,True,29.967056844060835,1.2874890362932598e-05,1.73723439571543e-05,0.20334190480587255,-0.026850366810277904,3.0,False,7.548799971118569,20,26.968611641782,-0.026850366810277904,0.1,60,-37.85757451304711,24.551984786848013,0.002779021006203393,0.0937253899962833,-28.73119340345326,24.577341048743286,0.0027769895555171194,2.951562089833271,1,"[{""id"": 162, ""x"": -71.64137268066406, ""y"": 27.983861923217773, ""vx"": 0.0, ""vy"": 0.0, ""r"": 2.5906050205230713}]"
502,25.1,-37.850467681884766,24.552003860473633,0.0016609666284667216,0.20647992496690348,0.0,0.0,1.0,PlanStatus.FAIL,20,26.975718448350744,-0.026851043265880736,False,29.974125318251744,0.9535550364428327,3.0733815059263794,7.900915979034079,-0.026851043265880736,3.5,False,7.784900022670627,20,26.975718448350744,-0.026851043265880736,0.1,60,-37.85046773241053,24.552003860333315,0.002778883897001705,0.20647992496690348,-27.153872366872964,25.490631871480566,0.5311080133247965,3.445107998749454,1,"[{""id"": 162, ""x"": -71.64137268066406, ""y"": 27.983861923217773, ""vx"": 0.0, ""vy"": 0.0, ""r"": 2.5906050205230713}]"
503,25.150000000000002,-37.849464416503906,24.552005767822266,0.0016590324557101866,5.72358518463699e-05,0.002378820674493909,0.5,0.0,PlanStatus.OK,20,26.97672171515807,-0.026851924016593157,True,29.97512325648224,1.3769455599263123e-05,1.8330313662474028e-05,0.2033413775725249,-0.026851924016593157,3.0,False,7.840699981898069,20,26.97672171515807,-0.026851924016593157,0.1,60,-37.84946446708328,24.5520057676818,0.0027790210067929143,5.72358518463699e-05,-28.999385333847254,24.57659472282305,0.0027769445030816436,2.9500009539308625,1,"[{""id"": 162, ""x"": -71.64137268066406, ""y"": 27.983861923217773, ""vx"": 0.0, ""vy"": 0.0, ""r"": 2.5906050205230713}]"
504,25.200000000000003,-37.84847640991211,24.55200958251953,0.0016600564983656736,0.09793704738394791,0.0,0.0,1.0,PlanStatus.FAIL,20,26.977709728535814,-0.026850855021596,False,29.97610582161402,0.07587916053619378,0.22696707948813,2.515651786406332,-0.026850855021596,3.0,False,7.603199919685721,20,26.977709728535814,-0.026850855021596,0.1,60,-37.84847646054063,24.55200958237893,0.0027790210064931884,0.09793704738394791,-28.69700147278346,24.584423538556774,0.025473651927589436,2.951632284123063,1,"[{""id"": 162, ""x"": -71.64137268066406, ""y"": 27.983861923217773, ""vx"": 0.0, ""vy"": 0.0, ""r"": 2.5906050205230713}]"
505,25.25,-37.848541259765625,24.55200958251953,0.0016602731402785677,4.713217348552454e-06,0.0023761882912367582,0.5,0.0,PlanStatus.OK,20,26.977644878932715,-0.02685067480272371,True,29.976041303614807,1.361235624211499e-05,1.838802813315058e-05,0.2033412522835536,-0.02685067480272371,3.0,False,7.56810000166297,20,26.977644878932715,-0.02685067480272371,0.1,60,-37.84854131039045,24.55200958237894,0.0027790210057260533,4.713217348552454e-06,-28.998617167293176,24.57659810521952,0.002776944626877719,2.950000078553624,1,"[{""id"": 162, ""x"": -71.64137268066406, ""y"": 27.983861923217773, ""vx"": 0.0, ""vy"": 0.0, ""r"": 2.5906050205230713}]"
506,25.3,-37.84760665893555,24.552011489868164,0.0016612473787007784,0.09466334515931975,0.0023739542812108994,0.5,0.0,PlanStatus.OK,20,26.97857948145441,-0.026851364733452683,True,29.976970929259025,1.5056032188762211e-05,1.8234404541438327e-05,0.20334137492313006,-0.026851364733452683,3.0,False,7.846400141716003,20,26.97857948145441,-0.026851364733452683,0.1,60,-37.84760670961006,24.552011489727434,0.0027790210063412656,0.09466334515931975,-28.71845950054225,24.577375413155814,0.002776991701439383,2.9515777224193203,1,"[{""id"": 162, ""x"": -71.64137268066406, ""y"": 27.983861923217773, ""vx"": 0.0, ""vy"": 0.0, ""r"": 2.5906050205230713}]"
507,25.35,-37.84567642211914,24.552013397216797,0.0016660298854669373,0.018314264644446004,0.0023639039136469364,0.5,0.0,PlanStatus.OK,20,26.98050971611781,-0.026854821553940107,True,29.97889109693282,1.171824327294834e-05,2.042080304478621e-05,0.20334084940046218,-0.026854821553940107,3.0,False,7.552300114184618,20,26.98050971611781,-0.026854821553940107,0.1,60,-37.84567647290015,24.552013397075772,0.0027790210056783766,0.018314264644446004,-28.94174319089924,24.576751896433173,0.002776954201772356,2.9503052377440766,1,"[{""id"": 162, ""x"": -71.64137268066406, ""y"": 27.983861923217773, ""vx"": 0.0, ""vy"": 0.0, ""r"": 2.5906050205230713}]"
508,25.400000000000002,-37.840415954589844,24.552019119262695,0.0017112816477178048,0.0932766108825643,0.0022678342647850513,0.5,0.0,PlanStatus.OK,20,26.985770179235598,-0.026863718461087045,True,29.984124075932115,0.04468059874773999,0.1338051254600471,0.231733248682235,-0.026863718461087045,3.0,False,7.87500012665987,20,26.985770179235598,-0.026863718461087045,0.1,60,-37.84041600566022,24.552019119120867,0.002779021006105047,0.0932766108825643,-28.701889945905936,24.58153877516893,0.01615745562555866,2.9515546101813785,1,"[{""id"": 162, ""x"": -71.64137268066406, ""y"": 27.983861923217773, ""vx"": 0.0, ""vy"": 0.0, ""r"": 2.5906050205230713}]"
509,25.450000000000003,-37.829345703125,24.552030563354492,0.0018075273532456976,0.2388940941557214,0.0,0.0,1.0,PlanStatus.FAIL,20,26.996840419756257,-0.026883038835245066,False,29.99513656795009,0.9103779254720411,2.651034727709096,7.737408915984285,-0.026883038835245066,3.0,False,7.617699913680553,20,26.996840419756257,-0.026883038835245066,0.1,60,-37.829345754806035,24.55203056321097,0.0027773061630258214,0.2388940941557214,-28.32266972834487,24.804160395235364,0.5308991478742046,2.953981568235927,1,"[{""id"": 162, ""x"": -71.64137268066406, ""y"": 27.983861923217773, ""vx"": 0.0, ""vy"": 0.0, ""r"": 2.5906050205230713}]"
510,25.5,-37.827754974365234,24.5519962310791,0.0019367555546586789,8.763189164003363e-05,0.0017894817283377051,0.5,0.0,PlanStatus.OK,20,26.998431046963468,-0.026921791641011956,True,29.99672263276446,9.675714811798951e-06,1.996484050270121e-05,0.20333839179692154,-0.026921791641011956,3.0,False,7.701499853283167,20,26.998431046963468,-0.026921791641011956,0.1,60,-37.827755026203356,24.551996230935142,0.0027776955898004495,8.763189164003363e-05,-28.977587836423723,24.576585386263226,0.002776948473196815,2.950001460531527,1,"[{""id"": 162, ""x"": -71.64137268066406, ""y"": 27.983861923217773, ""vx"": 0.0, ""vy"": 0.0, ""r"": 2.5906050205230713}]"
511,25.55,-37.8267707824707,24.5519962310791,0.0019375352574856376,0.0984579405650343,0.0,0.0,1.0,PlanStatus.FAIL,20,26.99941523505757,-0.026924526727440445,False,29.997701794521227,0.20567079655357443,0.6125292230960526,3.3405973205863515,-0.026924526727440445,3.0,False,7.793299853801727,20,26.99941523505757,-0.026924526727440445,0.1,60,-37.82677083436519,24.551996230934986,0.002777168943233898,0.0984579405650343,-28.676962028414767,24.596102609564717,0.06402987051651339,2.951640965676088,1,"[{""id"": 162, ""x"": -71.64137268066406, ""y"": 27.983861923217773, ""vx"": 0.0, ""vy"": 0.0, ""r"": 2.5906050205230713}]"
512,25.6,-37.82682800292969,24.5519962310791,0.001937715228918678,5.01179712571323e-06,0.001787445624358952,0.5,0.0,PlanStatus.OK,20,26.99935801481954,-0.026924367710786955,True,29.997644866504153,9.764261563276231e-06,2.0016080481792542e-05,0.20333831438681294,-0.026924367710786955,3.0,False,8.050499949604273,20,26.99935801481954,-0.026924367710786955,0.1,60,-37.8268280548209,24.551996230934993,0.002777339068081594,5.01179712571323e-06,-28.976904644816404,24.576584707399125,0.0027769485996668804,2.9500000835299547,1,"[{""id"": 162, ""x"": -71.64137268066406, ""y"": 27.983861923217773, ""vx"": 0.0, ""vy"": 0.0, ""r"": 2.5906050205230713}]"
513,25.650000000000002,-37.82588195800781,24.551998138427734,0.0019384347245393523,0.0950490728319336,0.0,0.0,1.0,PlanStatus.FAIL,20,27.000304113314844,-0.026925088853467543,False,29.998585935610052,0.15413074588279307,0.45977103597060254,3.0129771775017176,-0.026925088853467543,3.0,False,7.822500076144934,20,27.000304113314844,-0.026925088853467543,0.1,60,-37.82588195799188,24.551998138427777,0.002777092470406543,0.0950490728319336,-28.684851098796166,24.591470531727012,0.04875405026352399,2.951584151213867,1,"[{""id"": 162, ""x"": -71.64137268066406, ""y"": 27.983861923217773, ""vx"": 0.0, ""vy"": 0.0, ""r"": 2.5906050205230713}]"
514,25.700000000000003,-37.82597351074219,24.551998138427734,0.0019386862164118238,7.349404972422061e-07,0.0017853849567472935,0.5,0.0,PlanStatus.OK,20,27.000212560933505,-0.026924834603385357,True,29.99849485074833,9.931950370844254e-06,2.0079168007356395e-05,0.20333826254595333,-0.026924834603385357,3.0,False,8.049100171774626,20,27.000212560933505,-0.026924834603385357,0.1,60,-37.82597351073102,24.551998138427766,0.002777092469866832,7.349404972422061e-07,-28.976062775080475,24.57658657836176,0.0027769487435860656,2.950000012249011,1,"[{""id"": 162, ""x"": -71.64137268066406, ""y"": 27.983861923217773, ""vx"": 0.0, ""vy"": 0.0, ""r"": 2.5906050205230713}]"
515,25.75,-37.82508850097656,24.552001953125,0.0019393325011099532,0.09198892469279091,0.0,0.0,1.0,PlanStatus.FAIL,20,27.00109757788018,-0.026923477671627945,False,29.99937495269213,0.10825975948222644,0.323441650675623,2.721407477398045,-0.026923477671627945,3.0,False,7.982000010088086,20,27.00109757788018,-0.026923477671627945,0.1,60,-37.82508850091944,24.55200195312516,0.002777092470161273,0.09198892469279091,-28.691938067772924,24.587311875696766,0.03512111034132425,2.951533148744877,1,"[{""id"": 162, ""x"": -71.64137268066406, ""y"": 27.983861923217773, ""vx"": 0.0, ""vy"": 0.0, ""r"": 2.5906050205230713}]"
516,25.8,-37.8252067565918,24.552001953125,0.0019396445903001969,1.278853072280727e-06,0.001783349784091115,0.5,0.0,PlanStatus.OK,20,27.000979322720955,-0.026923149265271795,True,29.999257301383423,1.0083784497600345e-05,2.0136752907221403e-05,0.20333821647435193,-0.026923149265271795,3.0,False,8.145499974489212,20,27.000979322720955,-0.026923149265271795,0.1,60,-37.825206756540815,24.552001953125142,0.002777092469869654,1.278853072280727e-06,-28.97529446455981,24.576590397286118,0.002776948865642512,2.950000021314221,1,"[{""id"": 162, ""x"": -71.64137268066406, ""y"": 27.983861923217773, ""vx"": 0.0, ""vy"": 0.0, ""r"": 2.5906050205230713}]"
517,25.85,-37.82437515258789,24.552003860473633,0.0019402548547042858,0.08944564884950991,0.0017819394124671817,0.5,0.0,PlanStatus.OK,20,27.001810928814976,-0.026923551362242403,True,30.000084463262034,0.0707609819279171,0.21169778171369508,0.24830640822279942,-0.026923551362242403,3.0,False,8.187900064513087,20,27.001810928814976,-0.026923551362242403,0.1,60,-37.82437515249372,24.552003860473896,0.00277709247016042,0.08944564884950991,-28.69778091615326,24.583881657129595,0.02394672230282663,2.951490760814158,1,"[{""id"": 162, ""x"": -71.64137268066406, ""y"": 27.983861923217773, ""vx"": 0.0, ""vy"": 0.0, ""r"": 2.5906050205230713}]"
518,25.900000000000002,-37.82297134399414,24.55200958251953,0.001941116610980846,0.012227224598230717,0.0017801563953980803,0.5,0.0,PlanStatus.OK,20,27.0032147478861,-0.026921727839671214,True,30.001480521081007,1.4277884643310345e-05,2.003808561419195e-05,0.20333879462918067,-0.026921727839671214,3.0,False,8.099599974229932,20,27.0032147478861,-0.026921727839671214,0.1,60,-37.8229713438271,24.552009582519997,0.0027770924697607447,0.012227224598230717,-28.936995227626024,24.57669817508512,0.002776955311332818,2.9502037870766356,1,"[{""id"": 162, ""x"": -71.64137268066406, ""y"": 27.983861923217773, ""vx"": 0.0, ""vy"": 0.0, ""r"": 2.5906050205230713}]"
519,25.950000000000003,-37.81948471069336,24.552021026611328,0.0019314404156745041,0.07368030492534641,0.0018006497994065285,0.5,0.0,PlanStatus.OK,20,27.006701399523273,-0.02691996648264554,True,30.00494818598331,1.4491269895332866e-05,1.5678307301787188e-05,0.20333778896131735,-0.02691996648264554,3.0,False,7.999100023880601,20,27.006701399523273,-0.02691996648264554,0.1,60,-37.819484710345314,24.552021026612294,0.0027770924702024413,0.07368030492534641,-28.752235145803507,24.577213015720243,0.0027769864256753773,2.951228005082091,1,"[{""id"": 162, ""x"": -71.64137268066406, ""y"": 27.983861923217773, ""vx"": 0.0, ""vy"": 0.0, ""r"": 2.5906050205230713}]"
520,26.0,-37.81005859375,24.552026748657227,0.0020259822442608294,0.23890315051445404,0.0,0.0,1.0,PlanStatus.FAIL,20,27.016127496009034,-0.026940421623551175,False,30.01432558622085,1.0266139120490259,2.9928267423453785,8.427196782051967,-0.026940421623551175,3.0,False,7.928499951958656,20,27.016127496009034,-0.026940421623551175,0.1,60,-37.81005859291196,24.552026748659554,0.0027770924700623745,0.23890315051445404,-28.306021586207347,24.813868995921396,0.5309022910881178,2.9539817191752418,1,"[{""id"": 162, ""x"": -71.64137268066406, ""y"": 27.983861923217773, ""vx"": 0.0, ""vy"": 0.0, ""r"": 2.5906050205230713}]"
521,26.05,-37.808536529541016,24.552026748657227,0.002036010450166334,7.829034277806965e-05,0.00157882459461689,0.5,0.0,PlanStatus.OK,20,27.017649554348758,-0.026944648531171154,True,30.01583987976222,1.3404857620744856e-05,2.1401719743261403e-05,0.20333722109818264,-0.026944648531171154,3.0,False,7.745800074189901,20,27.017649554348758,-0.026944648531171154,0.1,60,-37.808536528623755,24.552026748659774,0.0027770924699698865,7.829034277806965e-05,-28.958398239241305,24.57661581850634,0.0027769518098428483,2.9500013048390454,1,"[{""id"": 162, ""x"": -71.64137268066406, ""y"": 27.983861923217773, ""vx"": 0.0, ""vy"": 0.0, ""r"": 2.5906050205230713}]"
522,26.1,-37.80755615234375,24.55202865600586,0.0020367101801382925,0.09796028213879347,0.0,0.0,1.0,PlanStatus.FAIL,20,27.01862993306245,-0.026945463784525312,False,30.016815059681235,0.306758787672839,0.911072477075078,3.983093176682888,-0.026945463784525312,3.0,False,8.564600022509694,20,27.01862993306245,-0.026945463784525312,0.1,60,-37.807556151375515,24.55202865600855,0.002777092470016594,0.09796028213879347,-28.66167880058826,24.605050678994903,0.09388419899920092,2.9516326713689756,1,"[{""id"": 162, ""x"": -71.64137268066406, ""y"": 27.983861923217773, ""vx"": 0.0, ""vy"": 0.0, ""r"": 2.5906050205230713}]"
523,26.150000000000002,-37.80762481689453,24.55202865600586,0.002036893402500398,6.890267455593435e-06,0.0015769493766129017,0.5,0.0,PlanStatus.OK,20,27.01856126877645,-0.02694527309696368,True,30.016746745651403,1.356318940456535e-05,2.1454225166079102e-05,0.20333715966331026,-0.02694527309696368,3.0,False,7.815000135451555,20,27.01856126877645,-0.02694527309696368,0.1,60,-37.80762481592986,24.552028656008538,0.0027770924696970604,6.890267455593435e-06,-28.957697204618903,24.576617140701458,0.0027769519308892395,2.9500001148377883,1,"[{""id"": 162, ""x"": -71.64137268066406, ""y"": 27.983861923217773, ""vx"": 0.0, ""vy"": 0.0, ""r"": 2.5906050205230713}]"
524,26.200000000000003,-37.80669021606445,24.552030563354492,0.00203749482437743,0.09454821585527555,0.0,0.0,1.0,PlanStatus.FAIL,20,27.01949587129947,-0.02694596122527674,False,30.017676383149364,0.2541811650551916,0.7559323351225208,3.648862626653186,-0.02694596122527674,3.0,False,8.07620002888143,20,27.01949587129947,-0.02694596122527674,0.1,60,-37.8066902150512,24.552030563357306,0.002777092470192322,0.09454821585527555,-28.66959574110011,24.600402284687323,0.07837018325662459,2.9515758035975868,1,"[{""id"": 162, ""x"": -71.64137268066406, ""y"": 27.983861923217773, ""vx"": 0.0, ""vy"": 0.0, ""r"": 2.5906050205230713}]"
525,26.25,-37.806785583496094,24.552030563354492,0.0020377437155066494,1.3132733112683083e-06,0.0015751434257254004,0.5,0.0,PlanStatus.OK,20,27.019400504235577,-0.026945696381441116,True,30.017581502527477,1.372747179886639e-05,2.1515784949322284e-05,0.20333710873149527,-0.026945696381441116,3.0,False,7.891600020229816,20,27.019400504235577,-0.026945696381441116,0.1,60,-37.806785582487805,24.55203056335729,0.0027770924699458497,1.3132733112683083e-06,-28.956874479671857,24.576619002110377,0.0027769520715623243,2.9500000218878863,1,"[{""id"": 162, ""x"": -71.64137268066406, ""y"": 27.983861923217773, ""vx"": 0.0, ""vy"": 0.0, ""r"": 2.5906050205230713}]"
526,26.3,-37.805912017822266,24.552032470703125,0.0020383287527011937,0.091506180492177,0.0,0.0,1.0,PlanStatus.FAIL,20,27.020274071837708,-0.026946215009699393,False,30.018450416656407,0.20769563169084304,0.6184979839239348,3.353373291918578,-0.026946215009699393,3.0,False,7.8986999578773975,20,27.020274071837708,-0.026946215009699393,0.1,60,-37.80591201676856,24.552032470706052,0.002777092470173613,0.091506180492177,-28.676648896966547,24.59626129007617,0.06462674675738428,2.9515251030082,1,"[{""id"": 162, ""x"": -71.64137268066406, ""y"": 27.983861923217773, ""vx"": 0.0, ""vy"": 0.0, ""r"": 2.5906050205230713}]"
527,26.35,-37.80603790283203,24.552032470703125,0.0020386447430063154,2.470702632745337e-06,0.001573230023495853,0.5,0.0,PlanStatus.OK,20,27.02014818731337,-0.026945865415836392,True,30.018325174206048,1.3875717834719507e-05,2.1548227188195913e-05,0.20333706051924394,-0.026945865415836392,3.0,False,9.894799906760454,20,27.02014818731337,-0.026945865415836392,0.1,60,-37.80603790178488,24.552032470706035,0.002777092470544259,2.470702632745337e-06,-28.956123435602315,24.576620918713203,0.0027769521989841023,2.950000041178377,1,"[{""id"": 162, ""x"": -71.64137268066406, ""y"": 27.983861923217773, ""vx"": 0.0, ""vy"": 0.0, ""r"": 2.5906050205230713}]"
528,26.400000000000002,-37.805213928222656,24.55203628540039,0.002039172563849315,0.08909889310902151,0.0,0.0,1.0,PlanStatus.FAIL,20,27.020972169339156,-0.026944338984024173,False,30.019144558127664,0.17162725697730194,0.5116536350602705,3.1241106173870614,-0.026944338984024173,3.0,False,8.94289999268949,20,27.020972169339156,-0.026944338984024173,0.1,60,-37.80521392713275,24.552036285403418,0.0027770924700417175,0.08909889310902151,-28.68216059422851,24.59302771870108,0.05394231078432905,2.9514849815518205,1,"[{""id"": 162, ""x"": -71.64137268066406, ""y"": 27.983861923217773, ""vx"": 0.0, ""vy"": 0.0, ""r"": 2.5906050205230713}]"
529,26.450000000000003,-37.80536651611328,24.552032470703125,0.002039535107458648,3.76513405225222e-06,0.0015713393222540617,0.5,0.0,PlanStatus.OK,20,27.020819571443173,-0.026947729916442665,True,30.018993133996098,1.4008913551282755e-05,2.1494506896387218e-05,0.20333700531497212,-0.026947729916442665,3.0,False,7.815700024366379,20,27.020819571443173,-0.026947729916442665,0.1,60,-37.80536651503117,24.55203247070613,0.0027770924699185833,3.76513405225222e-06,-28.9554482799023,24.576620929106593,0.0027769523213059116,2.950000062752232,1,"[{""id"": 162, ""x"": -71.64137268066406, ""y"": 27.983861923217773, ""vx"": 0.0, ""vy"": 0.0, ""r"": 2.5906050205230713}]"
530,26.5,-37.80457305908203,24.55203628540039,0.0020400408219840055,0.08763641049547143,0.0,0.0,1.0,PlanStatus.FAIL,20,27.021613036008514,-0.026946118734599515,False,30.01978215627146,0.15104506942784032,0.45059348964290746,2.99328623786729,-0.026946118734599515,3.0,False,8.01290012896061,20,27.021613036008514,-0.026946118734599515,0.1,60,-37.80457305795875,24.55203628540351,0.0027770924700502462,0.08763641049547143,-28.68532106552261,24.591170243467612,0.04783629563160975,2.951460606841592,1,"[{""id"": 162, ""x"": -71.64137268066406, ""y"": 27.983861923217773, ""vx"": 0.0, ""vy"": 0.0, ""r"": 2.5906050205230713}]"
531,26.55,-37.80473709106445,24.55203628540039,0.0020404343144380375,4.1490612091019785e-06,0.0015694299945607781,0.5,0.0,PlanStatus.OK,20,27.021449004658617,-0.026945663203202262,True,30.019618961496754,1.4133532993431603e-05,2.144437404042604e-05,0.20333695358935178,-0.026945663203202262,3.0,False,7.828899892047048,20,27.021449004658617,-0.026945663203202262,0.1,60,-37.80473708994972,24.552036285403485,0.0027770924708665737,4.1490612091019785e-06,-28.95481776027494,24.57662474676605,0.00277695241827983,2.950000069151018,1,"[{""id"": 162, ""x"": -71.64137268066406, ""y"": 27.983861923217773, ""vx"": 0.0, ""vy"": 0.0, ""r"": 2.5906050205230713}]"
532,26.6,-37.80396270751953,24.552038192749023,0.002040934177291078,0.08688576840172216,0.0,0.0,1.0,PlanStatus.FAIL,20,27.022223390514302,-0.026945906393871497,False,30.020389200255174,0.14208197792362925,0.4239801732485258,2.9363148534199275,-0.026945906393871497,3.0,False,7.751099998131394,20,27.022223390514302,-0.026945906393871497,0.1,60,-37.803962706364544,24.55203819275223,0.0027770924700373143,0.08688576840172216,-28.686701606324334,24.59036001918673,0.04517496372117534,2.951448096140026,1,"[{""id"": 162, ""x"": -71.64137268066406, ""y"": 27.983861923217773, ""vx"": 0.0, ""vy"": 0.0, ""r"": 2.5906050205230713}]"
533,26.650000000000002,-37.80413818359375,24.552038192749023,0.0020413414536843456,4.495750508063493e-06,0.0015675039030611515,0.5,0.0,PlanStatus.OK,20,27.02204791511674,-0.026945419081213957,True,30.02021461976576,1.4252102271009005e-05,2.1396663182110705e-05,0.20333690435218532,-0.026945419081213957,3.0,False,8.06310004554689,20,27.02204791511674,-0.026945419081213957,0.1,60,-37.8041381824479,24.552038192752207,0.002777092469893045,4.495750508063493e-06,-28.954217869982376,24.576626656774437,0.002776952518371413,2.9500000749291786,1,"[{""id"": 162, ""x"": -71.64137268066406, ""y"": 27.983861923217773, ""vx"": 0.0, ""vy"": 0.0, ""r"": 2.5906050205230713}]"
534,26.700000000000003,-37.803367614746094,24.552040100097656,0.002041831953861679,0.08652863832932872,0.0,0.0,1.0,PlanStatus.FAIL,20,27.022818486289868,-0.026945651678129758,False,30.02098106344203,0.13952320452788297,0.41637953356611146,2.920049402675672,-0.026945651678129758,3.0,False,7.6090998481959105,20,27.022818486289868,-0.026945651678129758,0.1,60,-37.80336761356019,24.55204010010095,0.0027770924703460383,0.08652863832932872,-28.6870962658569,24.59012862289003,0.044414899674713175,2.9514421439721534,1,"[{""id"": 162, ""x"": -71.64137268066406, ""y"": 27.983861923217773, ""vx"": 0.0, ""vy"": 0.0, ""r"": 2.5906050205230713}]"
535,26.75,-37.80354309082031,24.552040100097656,0.002042247292559028,4.8158737403437064e-06,0.0015655806055292487,0.5,0.0,PlanStatus.OK,20,27.022643010892306,-0.026945164365472236,True,30.020806482920364,1.4369909031685884e-05,2.134926456310096e-05,0.20333685543109078,-0.026945164365472236,3.0,False,8.604599861428142,20,27.022643010892306,-0.026945164365472236,0.1,60,-37.80354308964355,24.552040100100925,0.002777092470337482,4.8158737403437064e-06,-28.95362187247033,24.576628566566455,0.0027769526177343078,2.950000080264565,1,"[{""id"": 162, ""x"": -71.64137268066406, ""y"": 27.983861923217773, ""vx"": 0.0, ""vy"": 0.0, ""r"": 2.5906050205230713}]"
536,26.8,-37.80278015136719,24.55204200744629,0.00204273025058093,0.08638203204375658,0.0,0.0,1.0,PlanStatus.FAIL,20,27.023405952700323,-0.02694537577488119,False,30.021565336282634,0.1403881830294472,0.41894794470068764,2.9255451175211995,-0.02694537577488119,3.0,False,7.843500003218651,20,27.023405952700323,-0.02694537577488119,0.1,60,-37.80278015015077,24.552042007449668,0.002777092470071435,0.08638203204375658,-28.686963031521973,24.590207160326333,0.044671740813205046,2.9514397005340642,1,"[{""id"": 162, ""x"": -71.64137268066406, ""y"": 27.983861923217773, ""vx"": 0.0, ""vy"": 0.0, ""r"": 2.5906050205230713}]"
537,26.85,-37.80295944213867,24.55204200744629,0.0020431474097985557,5.132175663671604e-06,0.001563669415190816,0.5,0.0,PlanStatus.OK,20,27.023226662620203,-0.026944877868470232,True,30.02138696049981,1.4485449840869418e-05,2.1302779701264443e-05,0.20333680745393432,-0.026944877868470232,3.0,False,7.853399962186813,20,27.023226662620203,-0.026944877868470232,0.1,60,-37.80295944093159,24.552042007449643,0.0027770924698862836,5.132175663671604e-06,-28.953037329480583,24.576630476330806,0.002776952715009245,2.9500000855362627,1,"[{""id"": 162, ""x"": -71.64137268066406, ""y"": 27.983861923217773, ""vx"": 0.0, ""vy"": 0.0, ""r"": 2.5906050205230713}]"
538,26.900000000000002,-37.80219268798828,24.552045822143555,0.0020436431114623926,0.08630645320668924,0.0,0.0,1.0,PlanStatus.FAIL,20,27.023993424407653,-0.026943192530353113,False,30.022149416785616,0.14242099059542393,0.4249838456176666,2.938463444772717,-0.026943192530353113,3.0,False,8.119700010865927,20,27.023993424407653,-0.026943192530353113,0.1,60,-37.802192686741435,24.55204582214702,0.002777092470190192,0.08630645320668924,-28.68665043391984,24.590393207793785,0.045275330957013096,2.951438440886776,1,"[{""id"": 162, ""x"": -71.64137268066406, ""y"": 27.983861923217773, ""vx"": 0.0, ""vy"": 0.0, ""r"": 2.5906050205230713}]"
539,26.950000000000003,-37.802371978759766,24.552045822143555,0.0020440639117205715,5.05167193766571e-06,0.0015617234166711569,0.5,0.0,PlanStatus.OK,20,27.023814134327534,-0.026942694623942158,True,30.02197104096924,1.4601625560839514e-05,2.1256102452908883e-05,0.203336759178858,-0.026942694623942158,3.0,False,8.002399932593107,20,27.023814134327534,-0.026942694623942158,0.1,60,-37.80237197752226,24.55204582214699,0.0027770924705651837,5.05167193766571e-06,-28.952450138396664,24.576634290199234,0.0027769528041158404,2.950000084194532,1,"[{""id"": 162, ""x"": -71.64137268066406, ""y"": 27.983861923217773, ""vx"": 0.0, ""vy"": 0.0, ""r"": 2.5906050205230713}]"
540,27.0,-37.80160903930664,24.552047729492188,0.002044544399036384,0.08628168660204788,0.0,0.0,1.0,PlanStatus.FAIL,20,27.02457707613555,-0.026942906033351116,False,30.02272989461874,0.145272769914828,0.43345155607961927,2.956587091415199,-0.026942906033351116,3.0,False,8.002500049769878,20,27.02457707613555,-0.026942906033351116,0.1,60,-37.80160903802948,24.552047729495733,0.0027770924703588227,0.08628168660204788,-28.686211165469945,24.590651420156803,0.04612210208808364,2.951438028110032,1,"[{""id"": 162, ""x"": -71.64137268066406, ""y"": 27.983861923217773, ""vx"": 0.0, ""vy"": 0.0, ""r"": 2.5906050205230713}]"
541,27.05,-37.801788330078125,24.552047729492188,0.0020449640289600993,5.17137133146475e-06,0.001559812226332724,0.5,0.0,PlanStatus.OK,20,27.024397786055435,-0.026942408126940157,True,30.022551518770044,1.471710748876741e-05,2.1209667419395256e-05,0.2033367112020496,-0.026942408126940157,3.0,False,7.623699959367514,20,27.024397786055435,-0.026942408126940157,0.1,60,-37.801788328810304,24.55204772949571,0.0027770924700458613,5.17137133146475e-06,-28.95186617533859,24.576636198353228,0.0027769529012836814,2.95000008618952,1,"[{""id"": 162, ""x"": -71.64137268066406, ""y"": 27.983861923217773, ""vx"": 0.0, ""vy"": 0.0, ""r"": 2.5906050205230713}]"
542,27.1,-37.801025390625,24.55204963684082,0.002045441785495497,0.0862681492261219,0.0,0.0,1.0,PlanStatus.FAIL,20,27.02516072786345,-0.02694261953634913,False,30.02331037256051,0.14831131074797915,0.44247228771556,2.9758977743633315,-0.02694261953634913,3.0,False,8.02129996009171,20,27.02516072786345,-0.02694261953634913,0.1,60,-37.80102538931752,24.55204963684445,0.0027770924702407666,0.0862681492261219,-28.685743388647154,24.590926368905688,0.04702417534212918,2.951437802487105,1,"[{""id"": 162, ""x"": -71.64137268066406, ""y"": 27.983861923217773, ""vx"": 0.0, ""vy"": 0.0, ""r"": 2.5906050205230713}]"
543,27.150000000000002,-37.801204681396484,24.55204963684082,0.002045863886125302,5.153706986459935e-06,0.0015579016180709004,0.5,0.0,PlanStatus.OK,20,27.02498143778333,-0.026942121629938174,True,30.023131996679467,1.4832546217938984e-05,2.1163265935967082e-05,0.2033366632238957,-0.026942121629938174,3.0,False,8.024699985980988,20,27.02498143778333,-0.026942121629938174,0.1,60,-37.80120468009836,24.552049636844426,0.002777092469885286,5.153706986459935e-06,-28.951282617473847,24.576638105382063,0.0027769529983905014,2.9500000858951134,1,"[{""id"": 162, ""x"": -71.64137268066406, ""y"": 27.983861923217773, ""vx"": 0.0, ""vy"": 0.0, ""r"": 2.5906050205230713}]"
544,27.200000000000003,-37.80044174194336,24.552053451538086,0.0020463495749276184,0.08626090001906556,0.0,0.0,1.0,PlanStatus.FAIL,20,27.025744384888224,-0.02694042569807117,False,30.023890658173514,0.1514533299735078,0.45179778722325714,2.9958661564333307,-0.02694042569807117,3.0,False,7.777899969369173,20,27.025744384888224,-0.02694042569807117,0.1,60,-37.80044174060567,24.552053451541802,0.002777092469860354,0.08626090001906556,-28.68526060617133,24.591212338771754,0.04795672537824451,2.951437681666982,1,"[{""id"": 162, ""x"": -71.64137268066406, ""y"": 27.983861923217773, ""vx"": 0.0, ""vy"": 0.0, ""r"": 2.5906050205230713}]"
545,27.25,-37.800621032714844,24.55204963684082,0.002046769594962821,5.225714885301358e-06,0.0015559784369543195,0.5,0.0,PlanStatus.OK,20,27.025565084214353,-0.026943742474215677,True,30.023712667136017,1.4948011568477584e-05,2.1116828921152048e-05,0.2033366152270995,-0.026943742474215677,3.0,False,7.867899956181645,20,27.025565084214353,-0.026943742474215677,0.1,60,-37.80062103138631,24.55204963684451,0.0027770924699456485,5.225714885301358e-06,-28.950698799272033,24.57663810578985,0.002776953104234366,2.9500000870952485,1,"[{""id"": 162, ""x"": -71.64137268066406, ""y"": 27.983861923217773, ""vx"": 0.0, ""vy"": 0.0, ""r"": 2.5906050205230713}]"
546,27.3,-37.79985809326172,24.552053451538086,0.0020472511225759346,0.08626184571711923,0.0,0.0,1.0,PlanStatus.FAIL,20,27.02632803131925,-0.02694204654234512,False,30.024471328769884,0.1547367040686938,0.461542613358029,3.0167329779569796,-0.02694204654234512,3.0,False,7.962299976497889,20,27.02632803131925,-0.02694204654234512,0.1,60,-37.799858091893626,24.552053451541884,0.0027770924702808335,0.08626184571711923,-28.684755101706635,24.591507224579857,0.04893120809761973,2.9514376974286165,1,"[{""id"": 162, ""x"": -71.64137268066406, ""y"": 27.983861923217773, ""vx"": 0.0, ""vy"": 0.0, ""r"": 2.5906050205230713}]"
547,27.35,-37.8000373840332,24.552053451538086,0.0020476711426111378,5.1748259060887925e-06,0.0015540639869868755,0.5,0.0,PlanStatus.OK,20,27.02614874123913,-0.026941548635934166,True,30.024292952824204,1.5063442461455122e-05,2.107045734150298e-05,0.20333656727796925,-0.026941548635934166,3.0,False,8.815200068056583,20,27.02614874123913,-0.026941548635934166,0.1,60,-37.80003738267445,24.55205345154186,0.00277709247038401,5.1748259060887925e-06,-28.950115335233278,24.576641919902297,0.002776953192621898,2.950000086247095,1,"[{""id"": 162, ""x"": -71.64137268066406, ""y"": 27.983861923217773, ""vx"": 0.0, ""vy"": 0.0, ""r"": 2.5906050205230713}]"
548,27.400000000000002,-37.79927444458008,24.55205535888672,0.0020481339448728364,0.08625303179293664,0.0,0.0,1.0,PlanStatus.FAIL,20,27.026911683047146,-0.026941760045343134,False,30.0250518070375,0.1578588353863412,0.4708063956373418,3.0365749470101266,-0.026941760045343134,3.0,False,8.005799958482385,20,27.026911683047146,-0.026941760045343134,0.1,60,-37.79927444318167,24.552055358890602,0.0027770924702770947,0.08625303179293664,-28.684275333160713,24.59178921345143,0.04985758641832843,2.951437550529881,1,"[{""id"": 162, ""x"": -71.64137268066406, ""y"": 27.983861923217773, ""vx"": 0.0, ""vy"": 0.0, ""r"": 2.5906050205230713}]"
549,27.450000000000003,-37.79945373535156,24.55205535888672,0.0020485533147222264,5.214568397296644e-06,0.0015521907480433583,0.5,0.0,PlanStatus.OK,20,27.026732392967027,-0.026941262138932186,True,30.02487343105949,1.5178898878813602e-05,2.1024049209994282e-05,0.2033365193098303,-0.026941262138932186,3.0,False,7.837099954485893,20,27.026732392967027,-0.026941262138932186,0.1,60,-37.7994537339625,24.552055358890577,0.0027770924698009448,5.214568397296644e-06,-28.94953160802792,24.576643827401554,0.0027769532897314584,2.950000086909476,1,"[{""id"": 162, ""x"": -71.64137268066406, ""y"": 27.983861923217773, ""vx"": 0.0, ""vy"": 0.0, ""r"": 2.5906050205230713}]"
550,27.5,-37.79869079589844,24.55205726623535,0.0020490289906630226,0.08625641374021553,0.0,0.0,1.0,PlanStatus.FAIL,20,27.027495334775043,-0.026941473548341133,False,30.025632285413714,0.16118443172726618,0.4806721257748094,3.057710130279255,-0.026941473548341133,3.0,False,8.698200108483434,20,27.027495334775043,-0.026941473548341133,0.1,60,-37.79869079446972,24.55205726623932,0.0027770924699060708,0.08625641374021553,-28.68376460216908,24.592089379439436,0.05084415953093809,2.9514376068956745,1,"[{""id"": 162, ""x"": -71.64137268066406, ""y"": 27.983861923217773, ""vx"": 0.0, ""vy"": 0.0, ""r"": 2.5906050205230713}]"
551,27.55,-37.79887008666992,24.55205726623535,0.0020494513513671527,5.212096863093446e-06,0.0015502837486565113,0.5,0.0,PlanStatus.OK,20,27.027316044694928,-0.026940975641930178,True,30.02545390940339,1.5294342702278352e-05,2.0977652733949505e-05,0.2033364713433229,-0.026940975641930178,3.0,False,7.8789999242872,20,27.027316044694928,-0.026940975641930178,0.1,60,-37.79887008525055,24.552057266239295,0.0027770924697837727,5.212096863093446e-06,-28.948948005344224,24.576645734555076,0.0027769533868649446,2.9500000868682794,1,"[{""id"": 162, ""x"": -71.64137268066406, ""y"": 27.983861923217773, ""vx"": 0.0, ""vy"": 0.0, ""r"": 2.5906050205230713}]"
552,27.6,-37.7981071472168,24.552059173583984,0.002049936520020819,0.08625589999778473,0.0,0.0,1.0,PlanStatus.FAIL,20,27.028078986502944,-0.026941187051339133,False,30.026212763898542,0.1644476845841533,0.490351085511557,3.078449059643515,-0.026941187051339133,3.0,False,7.60370003990829,20,27.028078986502944,-0.026941187051339133,0.1,60,-37.79810714575777,24.552059173588038,0.002777092469900537,0.08625589999778473,-28.683263761422626,24.592383739244394,0.051812055601534644,2.9514375983332948,1,"[{""id"": 162, ""x"": -71.64137268066406, ""y"": 27.983861923217773, ""vx"": 0.0, ""vy"": 0.0, ""r"": 2.5906050205230713}]"
553,27.650000000000002,-37.79828643798828,24.552059173583984,0.0020503579704648106,5.228054746899593e-06,0.0015483585884794593,0.5,0.0,PlanStatus.OK,20,27.027899696422825,-0.026940689144928177,True,30.026034387855887,1.540979234261054e-05,2.0931254352410736e-05,0.20333642338018212,-0.026940689144928177,3.0,False,8.083200082182884,20,27.027899696422825,-0.026940689144928177,0.1,60,-37.7982864365386,24.55205917358801,0.002777092470063684,5.228054746899593e-06,-28.948364348296774,24.576647641859616,0.0027769534839621832,2.950000087134246,1,"[{""id"": 162, ""x"": -71.64137268066406, ""y"": 27.983861923217773, ""vx"": 0.0, ""vy"": 0.0, ""r"": 2.5906050205230713}]"
554,27.700000000000003,-37.797523498535156,24.55206298828125,0.002050834166554257,0.08625684619648363,0.0,0.0,1.0,PlanStatus.FAIL,20,27.028662643527717,-0.026938993213057642,False,30.026793050071525,0.16773511185463263,0.5000991153380054,3.0993416414173196,-0.026938993213057642,3.0,False,7.70880002528429,20,27.028662643527717,-0.026938993213057642,0.1,60,-37.79752349704593,24.552062988285385,0.0027770924704772207,0.08625684619648363,-28.682760172395813,24.59268192426966,0.05278685867354673,2.951437614103273,1,"[{""id"": 162, ""x"": -71.64137268066406, ""y"": 27.983861923217773, ""vx"": 0.0, ""vy"": 0.0, ""r"": 2.5906050205230713}]"
555,27.75,-37.79770278930664,24.55206298828125,0.002051254836775273,5.226453056106734e-06,0.0015464541502296925,0.5,0.0,PlanStatus.OK,20,27.0284833534476,-0.026938495306646684,True,30.02661467399556,1.5525237189396384e-05,2.0884879389768997e-05,0.20333637544325836,-0.026938495306646684,3.0,False,8.039299864321947,20,27.0284833534476,-0.026938495306646684,0.1,60,-37.79770278782675,24.55206298828536,0.002777092470160731,5.226453056106734e-06,-28.94778073885367,24.57665145637604,0.0027769535723232096,2.950000087107548,1,"[{""id"": 162, ""x"": -71.64137268066406, ""y"": 27.983861923217773, ""vx"": 0.0, ""vy"": 0.0, ""r"": 2.5906050205230713}]"
556,27.8,-37.796939849853516,24.552064895629883,0.0020517419559863783,0.08625825377996311,0.0,0.0,1.0,PlanStatus.FAIL,20,27.029246295255618,-0.026938706716055638,False,30.02737352877692,0.1710342158007018,0.5098808211533619,3.1203084382090402,-0.026938706716055638,3.0,False,7.9477999825030565,20,27.029246295255618,-0.026938706716055638,0.1,60,-37.796939848333984,24.552064895634103,0.00277709247012703,0.08625825377996311,-28.682254453791174,24.592979147834523,0.05376502935293917,2.9514376375629956,1,"[{""id"": 162, ""x"": -71.64137268066406, ""y"": 27.983861923217773, ""vx"": 0.0, ""vy"": 0.0, ""r"": 2.5906050205230713}]"
557,27.85,-37.797119140625,24.552064895629883,0.0020521631463560445,5.220286514570113e-06,0.0015445253811776638,0.5,0.0,PlanStatus.OK,20,27.0290670051755,-0.02693820880964468,True,30.027195152668632,1.5640680079253793e-05,2.083848999445779e-05,0.2033363274850096,-0.02693820880964468,3.0,False,7.699999958276749,20,27.0290670051755,-0.02693820880964468,0.1,60,-37.79711913911481,24.55206489563408,0.0027770924701534896,5.220286514570113e-06,-28.94719714706418,24.576653363499467,0.0027769536694183384,2.950000087004776,1,"[{""id"": 162, ""x"": -71.64137268066406, ""y"": 27.983861923217773, ""vx"": 0.0, ""vy"": 0.0, ""r"": 2.5906050205230713}]"
558,27.900000000000002,-37.796356201171875,24.552066802978516,0.0020526490952326865,0.08625820897051728,0.0,0.0,1.0,PlanStatus.FAIL,20,27.029829946983515,-0.026938420219053634,False,30.027954007590907,0.1743112754182448,0.5195954049874554,3.1411351204723417,-0.026938420219053634,3.0,False,9.505300084128976,20,27.029829946983515,-0.026938420219053634,0.1,60,-37.79635619962203,24.55206680298282,0.002777092470205502,0.08625820897051728,-28.681752422475878,24.593274206771113,0.05473648783350642,2.951437636816178,1,"[{""id"": 162, ""x"": -71.64137268066406, ""y"": 27.983861923217773, ""vx"": 0.0, ""vy"": 0.0, ""r"": 2.5906050205230713}]"
559,27.950000000000003,-37.79653549194336,24.552066802978516,0.002053070285602353,5.219267969870495e-06,0.0015425990568473935,0.5,0.0,PlanStatus.OK,20,27.0296506569034,-0.026937922312642675,True,30.027775631450304,1.5756124934810808e-05,2.0792101775644715e-05,0.2033362795297993,-0.026937922312642675,3.0,False,8.234400069341063,20,27.0296506569034,-0.026937922312642675,0.1,60,-37.79653549040286,24.552066802982793,0.0027770924703688325,5.219267969870495e-06,-28.946613540088347,24.57665527066512,0.002776953766504926,2.9500000869878007,1,"[{""id"": 162, ""x"": -71.64137268066406, ""y"": 27.983861923217773, ""vx"": 0.0, ""vy"": 0.0, ""r"": 2.5906050205230713}]"
560,28.0,-37.795772552490234,24.55207061767578,0.002053556624590483,0.08626285824320096,0.0,0.0,1.0,PlanStatus.FAIL,20,27.03041360400829,-0.026936226380775675,False,30.02853429410331,0.17766620630692562,0.5295381637282834,3.1624567542287174,-0.026936226380775675,3.0,False,8.43289983458817,20,27.03041360400829,-0.026936226380775675,0.1,60,-37.7957725509102,24.55207061768017,0.0027770924702793854,0.08626285824320096,-28.68123943193428,24.593577911317507,0.05573076379873629,2.95143771430405,1,"[{""id"": 162, ""x"": -71.64137268066406, ""y"": 27.983861923217773, ""vx"": 0.0, ""vy"": 0.0, ""r"": 2.5906050205230713}]"
561,28.05,-37.79595184326172,24.552066802978516,0.0020539775548858237,5.2231774551087415e-06,0.0015406724996864796,0.5,0.0,PlanStatus.OK,20,27.03023430333442,-0.0269395431569202,True,30.028356302751824,1.587156916312957e-05,2.0745696566464196e-05,0.20333623155316718,-0.0269395431569202,3.0,False,7.815000135451555,20,27.03023430333442,-0.0269395431569202,0.1,60,-37.79595184169081,24.55206680298288,0.0027770924699946926,5.2231774551087415e-06,-28.946029922775256,24.576655270515527,0.0027769538723452663,2.9500000870529623,1,"[{""id"": 162, ""x"": -71.64137268066406, ""y"": 27.983861923217773, ""vx"": 0.0, ""vy"": 0.0, ""r"": 2.5906050205230713}]"
562,28.1,-37.795188903808594,24.55207061767578,0.0020544481593772787,0.08625905867345549,0.0,0.0,1.0,PlanStatus.FAIL,20,27.030997250439313,-0.026937847225049646,False,30.0291149655446,0.1808869222450622,0.5390831915785316,3.182925311826194,-0.026937847225049646,3.0,False,8.581700036302209,20,27.030997250439313,-0.026937847225049646,0.1,60,-37.79518890219815,24.552070617680254,0.0027770924700296607,0.08625905867345549,-28.680745975143104,24.593865724814503,0.05668526668733125,2.951437650977888,1,"[{""id"": 162, ""x"": -71.64137268066406, ""y"": 27.983861923217773, ""vx"": 0.0, ""vy"": 0.0, ""r"": 2.5906050205230713}]"
563,28.150000000000002,-37.795372009277344,24.55207061767578,0.0020548679193381565,5.227116661472062e-06,0.0015387817984446883,0.5,0.0,PlanStatus.OK,20,27.03081414567664,-0.026937338724885275,True,30.028932794101067,1.5986261873323688e-05,2.0699632300668312e-05,0.2033361839412343,-0.026937338724885275,3.0,False,8.025799877941608,20,27.03081414567664,-0.026937338724885275,0.1,60,-37.79537200767644,24.552070617680226,0.0027770924701577392,5.227116661472062e-06,-28.94545011139004,24.57665908507877,0.0027769539599918017,2.9500000871186094,1,"[{""id"": 162, ""x"": -71.64137268066406, ""y"": 27.983861923217773, ""vx"": 0.0, ""vy"": 0.0, ""r"": 2.5906050205230713}]"
564,28.200000000000003,-37.79460525512695,24.552072525024414,0.0020553506172857334,0.08625821596329451,0.0,0.0,1.0,PlanStatus.FAIL,20,27.031580902167214,-0.026937560728047642,False,30.029695444684315,0.18415666755896998,0.5487709519534928,3.2037055010448334,-0.026937560728047642,3.0,False,7.985100150108337,20,27.031580902167214,-0.026937560728047642,0.1,60,-37.794605253486196,24.552072525028972,0.0027770924700790526,0.08625821596329451,-28.680245969524897,24.594159594713965,0.05765404282157849,2.9514376369327233,1,"[{""id"": 162, ""x"": -71.64137268066406, ""y"": 27.983861923217773, ""vx"": 0.0, ""vy"": 0.0, ""r"": 2.5906050205230713}]"
565,28.25,-37.7947883605957,24.552072525024414,0.0020557718076553997,5.227978940950664e-06,0.0015368624590337276,0.5,0.0,PlanStatus.OK,20,27.031397797404537,-0.02693705222788327,True,30.029513273207776,1.61017068366708e-05,2.065324973774766e-05,0.20333613599426967,-0.02693705222788327,3.0,False,7.857999997213483,20,27.031397797404537,-0.02693705222788327,0.1,60,-37.794788358964496,24.552072525028944,0.0027770924699639914,5.227978940950664e-06,-28.944866498863643,24.576660992260006,0.002776954057084955,2.950000087132983,1,"[{""id"": 162, ""x"": -71.64137268066406, ""y"": 27.983861923217773, ""vx"": 0.0, ""vy"": 0.0, ""r"": 2.5906050205230713}]"
566,28.3,-37.79402160644531,24.552074432373047,0.0020562474835961963,0.08625678559244496,0.0,0.0,1.0,PlanStatus.FAIL,20,27.03216455389511,-0.02693727423104566,False,30.030275923932578,0.18741858924516805,0.558433864848142,3.224435961595878,-0.02693727423104566,3.0,False,8.420800091698766,20,27.03216455389511,-0.02693727423104566,0.1,60,-37.79402160477426,24.552074432377687,0.0027770924703150648,0.08625678559244496,-28.679747455843636,24.594452588805126,0.05862033420746445,2.9514376130932036,1,"[{""id"": 162, ""x"": -71.64137268066406, ""y"": 27.983861923217773, ""vx"": 0.0, ""vy"": 0.0, ""r"": 2.5906050205230713}]"
567,28.35,-37.79420471191406,24.552074432373047,0.002056667503631399,5.233513568073033e-06,0.0015349604655057192,0.5,0.0,PlanStatus.OK,20,27.031981449132438,-0.026936765730881267,True,30.03009375242305,1.6217153552853576e-05,2.060686804484721e-05,0.2033360880502563,-0.026936765730881267,3.0,False,7.819600170478225,20,27.031981449132438,-0.026936765730881267,0.1,60,-37.79420471025255,24.552074432377662,0.0027770924696667782,5.233513568073033e-06,-28.94428287255397,24.57666289947957,0.0027769541541530383,2.950000087225223,1,"[{""id"": 162, ""x"": -71.64137268066406, ""y"": 27.983861923217773, ""vx"": 0.0, ""vy"": 0.0, ""r"": 2.5906050205230713}]"
568,28.400000000000002,-37.79343795776367,24.55207633972168,0.0020571438297580084,0.0862568525313376,0.0,0.0,1.0,PlanStatus.FAIL,20,27.032748205623008,-0.026936987734043655,False,30.0308564032894,0.19070731330036172,0.5681745185992642,3.2453367779985793,-0.026936987734043655,3.0,False,8.0033999402076,20,27.032748205623008,-0.026936987734043655,0.1,60,-37.79343795606231,24.552076339726405,0.0027770924699800567,0.0862568525313376,-28.679245140850384,24.594747814590185,0.05959439967975738,2.951437614208855,1,"[{""id"": 162, ""x"": -71.64137268066406, ""y"": 27.983861923217773, ""vx"": 0.0, ""vy"": 0.0, ""r"": 2.5906050205230713}]"
569,28.450000000000003,-37.79362106323242,24.55207633972168,0.0020575635897188862,5.211360320562912e-06,0.001533057657070458,0.5,0.0,PlanStatus.OK,20,27.032565100860335,-0.026936479233879283,True,30.03067423174688,1.633259063871878e-05,2.056049486974694e-05,0.20333604010801545,-0.026936479233879283,3.0,False,8.01829993724823,20,27.032565100860335,-0.026936479233879283,0.1,60,-37.79362106154061,24.552076339726376,0.0027770924709541096,5.211360320562912e-06,-28.943699327916875,24.576664806472387,0.0027769542512339745,2.9500000868560097,1,"[{""id"": 162, ""x"": -71.64137268066406, ""y"": 27.983861923217773, ""vx"": 0.0, ""vy"": 0.0, ""r"": 2.5906050205230713}]"
570,28.5,-37.79285430908203,24.552080154418945,0.0020580351044704793,0.08626280582461315,0.0,0.0,1.0,PlanStatus.FAIL,20,27.033331862647785,-0.026934793895762144,False,30.031436690361552,0.19409399496523014,0.578202630158507,3.2668602196660834,-0.026934793895762144,3.0,False,7.573200156912208,20,27.033331862647785,-0.026934793895762144,0.1,60,-37.792854307350495,24.552080154423756,0.0027770924700684244,0.08626280582461315,-28.67872883936717,24.595053463204742,0.06059721092747305,2.9514377134304124,1,"[{""id"": 162, ""x"": -71.64137268066406, ""y"": 27.983861923217773, ""vx"": 0.0, ""vy"": 0.0, ""r"": 2.5906050205230713}]"
571,28.55,-37.79303741455078,24.552080154418945,0.002058454214245544,5.2039947667228295e-06,0.0015311663737520576,0.5,0.0,PlanStatus.OK,20,27.03314875788511,-0.026934285395597772,True,30.031254518785005,1.6448034365046056e-05,2.05141384173246e-05,0.20333599219330648,-0.026934285395597772,3.0,False,8.373300079256296,20,27.03314875788511,-0.026934285395597772,0.1,60,-37.793037412828795,24.552080154423727,0.0027770924703664477,5.2039947667228295e-06,-28.943115735444184,24.576668620942076,0.002776954339516851,2.950000086733247,1,"[{""id"": 162, ""x"": -71.64137268066406, ""y"": 27.983861923217773, ""vx"": 0.0, ""vy"": 0.0, ""r"": 2.5906050205230713}]"
572,28.6,-37.79227066040039,24.552082061767578,0.002058940813307999,0.08625933312196982,0.0,0.0,1.0,PlanStatus.FAIL,20,27.033915514375682,-0.026934507398760157,False,30.03201716993886,0.19732775081613904,0.5877771727814626,3.2874116527574286,-0.026934507398760157,3.0,False,7.838300196453929,20,27.033915514375682,-0.026934507398760157,0.1,60,-37.79227065863856,24.55208206177247,0.00277709247042533,0.08625933312196982,-28.678235510627697,24.59534341356177,0.061554665285172096,2.9514376555520316,1,"[{""id"": 162, ""x"": -71.64137268066406, ""y"": 27.983861923217773, ""vx"": 0.0, ""vy"": 0.0, ""r"": 2.5906050205230713}]"
573,28.650000000000002,-37.79245376586914,24.552082061767578,0.00205936226375199,5.215910273023888e-06,0.001529238186776638,0.5,0.0,PlanStatus.OK,20,27.03373240961301,-0.026933998898595768,True,30.03183499832933,1.6563483631218004e-05,2.0467761571124447e-05,0.20333594425792434,-0.026933998898595768,3.0,False,8.860499830916524,20,27.03373240961301,-0.026933998898595768,0.1,60,-37.79245376411685,24.552082061772445,0.002777092470450356,5.215910273023888e-06,-28.942532090306976,24.576670528214088,0.002776954436593193,2.950000086931837,1,"[{""id"": 162, ""x"": -71.64137268066406, ""y"": 27.983861923217773, ""vx"": 0.0, ""vy"": 0.0, ""r"": 2.5906050205230713}]"
574,28.700000000000003,-37.79168701171875,24.55208396911621,0.0020598458719597056,0.0862566881693807,0.0,0.0,1.0,PlanStatus.FAIL,20,27.034499166103583,-0.026934220901758156,False,30.032597649624712,0.20057713489653425,0.5973964161967935,3.3080624180223737,-0.026934220901758156,3.0,False,8.326899958774447,20,27.034499166103583,-0.026934220901758156,0.1,60,-37.79168700992662,24.55208396912119,0.0027770924701859927,0.0862566881693807,-28.67774008043009,24.59563459768057,0.06251658972253066,2.9514376114694936,1,"[{""id"": 162, ""x"": -71.64137268066406, ""y"": 27.983861923217773, ""vx"": 0.0, ""vy"": 0.0, ""r"": 2.5906050205230713}]"
575,28.75,-37.7918701171875,24.55208396911621,0.0020602674524408597,5.2007718625887676e-06,0.0015273160533979535,0.5,0.0,PlanStatus.OK,20,27.03431606134091,-0.026933712401593764,True,30.032415477982198,1.6678922428622067e-05,2.042139289743644e-05,0.20333589632409704,-0.026933712401593764,3.0,False,8.299499982967973,20,27.03431606134091,-0.026933712401593764,0.1,60,-37.79187011540491,24.55208396912116,0.0027770924701813722,5.2007718625887676e-06,-28.941948524972272,24.576672435264545,0.002776954533660444,2.9500000866795344,1,"[{""id"": 162, ""x"": -71.64137268066406, ""y"": 27.983861923217773, ""vx"": 0.0, ""vy"": 0.0, ""r"": 2.5906050205230713}]"
576,28.8,-37.79110336303711,24.552087783813477,0.0020607445587904447,0.0862554812444141,0.0,0.0,1.0,PlanStatus.FAIL,20,27.03508282312836,-0.026932027063480198,False,30.033177937036143,0.2038505038447509,0.6070840620008819,3.3288656327318122,-0.026932027063480198,3.0,False,8.01989994943142,20,27.03508282312836,-0.026932027063480198,0.1,60,-37.79110336121481,24.552087783818536,0.002777092470107182,0.0862554812444141,-28.677241956777745,24.59592957483471,0.06348535439112588,2.9514375913540736,1,"[{""id"": 162, ""x"": -71.64137268066406, ""y"": 27.983861923217773, ""vx"": 0.0, ""vy"": 0.0, ""r"": 2.5906050205230713}]"
577,28.85,-37.79128646850586,24.55208396911621,0.002061164838899973,5.2108056844739785e-06,0.0015254104509949684,0.5,0.0,PlanStatus.OK,20,27.03489970777193,-0.026935333245867735,True,30.03299615012768,1.6794369446051597e-05,2.0375002300174368e-05,0.20333584836991742,-0.026935333245867735,3.0,False,7.960999850183725,20,27.03489970777193,-0.026935333245867735,0.1,60,-37.791286466692846,24.552083969121245,0.002777092470701994,5.2108056844739785e-06,-28.941364889606472,24.57667243516557,0.0027769546395251363,2.9500000868467575,1,"[{""id"": 162, ""x"": -71.64137268066406, ""y"": 27.983861923217773, ""vx"": 0.0, ""vy"": 0.0, ""r"": 2.5906050205230713}]"
578,28.900000000000002,-37.79051971435547,24.552087783813477,0.002061643765769834,0.08625920636462149,0.0,0.0,1.0,PlanStatus.FAIL,20,27.03566646955938,-0.02693364790775417,False,30.03375860932202,0.20721159873724299,0.617031818944307,3.3502264384479674,-0.02693364790775417,3.0,False,8.545999880880117,20,27.03566646955938,-0.02693364790775417,0.1,60,-37.790519712502736,24.55208778381862,0.0027770924702316853,0.08625920636462149,-28.676729397121008,24.596228603531337,0.0644801301927959,2.9514376534394073,1,"[{""id"": 162, ""x"": -71.64137268066406, ""y"": 27.983861923217773, ""vx"": 0.0, ""vy"": 0.0, ""r"": 2.5906050205230713}]"
579,28.950000000000003,-37.79070281982422,24.552087783813477,0.002062064045879362,5.194327545828304e-06,0.001523501006886363,0.5,0.0,PlanStatus.OK,20,27.035483364796708,-0.026933139407589776,True,30.033576437613526,1.6909810512000496e-05,2.0328656597690294e-05,0.20333580046611568,-0.026933139407589776,3.0,False,8.272800128906965,20,27.035483364796708,-0.026933139407589776,0.1,60,-37.790702817981035,24.552087783818596,0.002777092469716516,5.194327545828304e-06,-28.940781323999495,24.576676249560848,0.0027769547277582208,2.9500000865721305,1,"[{""id"": 162, ""x"": -71.64137268066406, ""y"": 27.983861923217773, ""vx"": 0.0, ""vy"": 0.0, ""r"": 2.5906050205230713}]"
580,29.0,-37.789939880371094,24.55208969116211,0.0020625401119316465,0.08625548101357343,0.0,0.0,1.0,PlanStatus.FAIL,20,27.036246306604724,-0.026933350816998745,False,30.034335294088734,0.21042698251873612,0.6265457536294059,3.370661106877712,-0.026933350816998745,3.0,False,8.411499904468656,20,27.036246306604724,-0.026933350816998745,0.1,60,-37.78993987848827,24.55208969116734,0.002777092470032842,0.08625548101357343,-28.676239998065036,24.59651625941701,0.06543152375589187,2.951437591350223,1,"[{""id"": 162, ""x"": -71.64137268066406, ""y"": 27.983861923217773, ""vx"": 0.0, ""vy"": 0.0, ""r"": 2.5906050205230713}]"
581,29.05,-37.79011917114258,24.55208969116211,0.0020629606521154996,5.196795155275965e-06,0.0015215971507132053,0.5,0.0,PlanStatus.OK,20,27.036067016524605,-0.026932852910587793,True,30.03415691759197,1.70252550931895e-05,2.0282289884474003e-05,0.20333575254115144,-0.026932852910587793,3.0,False,7.891499903053045,20,27.036067016524605,-0.026932852910587793,0.1,60,-37.790119169269104,24.55208969116731,0.0027770924706572433,5.196795155275965e-06,-28.940197706728245,24.576678156755698,0.002776954824826255,2.9500000866132514,1,"[{""id"": 162, ""x"": -71.64137268066406, ""y"": 27.983861923217773, ""vx"": 0.0, ""vy"": 0.0, ""r"": 2.5906050205230713}]"
582,29.1,-37.78935623168945,24.552091598510742,0.0020634309965326296,0.08625770133125672,0.0,0.0,1.0,PlanStatus.FAIL,20,27.03682995833262,-0.026933064319996744,False,30.034915774208002,0.2137649527398451,0.6364208856865666,3.3918749295716344,-0.026933064319996744,3.0,False,7.950100116431713,20,27.03682995833262,-0.026933064319996744,0.1,60,-37.78935622977634,24.552091598516053,0.0027770924701935517,0.08625770133125672,-28.675732216111317,24.596814695123854,0.06641903705985126,2.9514376283555217,1,"[{""id"": 162, ""x"": -71.64137268066406, ""y"": 27.983861923217773, ""vx"": 0.0, ""vy"": 0.0, ""r"": 2.5906050205230713}]"
583,29.150000000000002,-37.78953552246094,24.552091598510742,0.0020638510165678324,5.194721915483221e-06,0.001519706449471414,0.5,0.0,PlanStatus.OK,20,27.036650668252502,-0.02693256641358579,True,30.034737397678946,1.7140699109484925e-05,2.0235926531035446e-05,0.20333570461903128,-0.02693256641358579,3.0,False,8.00639996305108,20,27.036650668252502,-0.02693256641358579,0.1,60,-37.789535520557166,24.55209159851603,0.0027770924702072604,5.194721915483221e-06,-28.939614102850708,24.576680063913408,0.002776954921881187,2.9500000865786977,1,"[{""id"": 162, ""x"": -71.64137268066406, ""y"": 27.983861923217773, ""vx"": 0.0, ""vy"": 0.0, ""r"": 2.5906050205230713}]"
584,29.200000000000003,-37.78877258300781,24.552093505859375,0.0020643147290896695,0.08625913942137982,0.0,0.0,1.0,PlanStatus.FAIL,20,27.03741361006052,-0.026932777822994736,False,30.035496254435785,0.21709176420589357,0.6462614330929408,3.4130178252859804,-0.026932777822994736,3.0,False,7.880599936470389,20,27.03741361006052,-0.026932777822994736,0.1,60,-37.7887725810644,24.55209350586477,0.0027770924701333347,0.08625913942137982,-28.675226420054205,24.59711196503372,0.06740309189831505,2.951437652323692,1,"[{""id"": 162, ""x"": -71.64137268066406, ""y"": 27.983861923217773, ""vx"": 0.0, ""vy"": 0.0, ""r"": 2.5906050205230713}]"
585,29.25,-37.7889518737793,24.552093505859375,0.002064733838864734,5.195744201446715e-06,0.001517831813544035,0.5,0.0,PlanStatus.OK,20,27.037234319980403,-0.02693227991658378,True,30.03531787787444,1.725614527360581e-05,2.0189564781574257e-05,0.2033356567000455,-0.02693227991658378,3.0,False,7.867600070312619,20,27.037234319980403,-0.02693227991658378,0.1,60,-37.78895187184523,24.552093505864747,0.0027770924697985595,5.195744201446715e-06,-28.939030489841194,24.576681971096537,0.0027769550189598534,2.9500000865957388,1,"[{""id"": 162, ""x"": -71.64137268066406, ""y"": 27.983861923217773, ""vx"": 0.0, ""vy"": 0.0, ""r"": 2.5906050205230713}]"
586,29.3,-37.78818893432617,24.55209732055664,0.0020652032730217257,0.08625758934049747,0.0,0.0,1.0,PlanStatus.FAIL,20,27.037997267085295,-0.02693058398471323,False,30.036076542406036,0.220368787132421,0.6559520668544861,3.433844258643454,-0.02693058398471323,3.0,False,7.866100175306201,20,27.037997267085295,-0.02693058398471323,0.1,60,-37.788188932352604,24.552097320562122,0.0027770924699982804,0.08625758934049747,-28.674729167250074,24.597406431246483,0.06837215536244816,2.951437626489011,1,"[{""id"": 162, ""x"": -71.64137268066406, ""y"": 27.983861923217773, ""vx"": 0.0, ""vy"": 0.0, ""r"": 2.5906050205230713}]"
587,29.35,-37.788368225097656,24.55209732055664,0.002065622772908278,5.192504851559069e-06,0.0015159441391006112,0.5,0.0,PlanStatus.OK,20,27.037817977005176,-0.02693008607830227,True,30.035898165811382,1.7371589001038725e-05,2.0143224004239013e-05,0.20333560880737556,-0.02693008607830227,3.0,False,7.9351000022143126,20,27.037817977005176,-0.02693008607830227,0.1,60,-37.78836822313344,24.552097320562094,0.0027770924705131897,5.192504851559069e-06,-28.938446885165302,24.576685785600503,0.002776955107165931,2.9500000865417446,1,"[{""id"": 162, ""x"": -71.64137268066406, ""y"": 27.983861923217773, ""vx"": 0.0, ""vy"": 0.0, ""r"": 2.5906050205230713}]"
588,29.400000000000002,-37.78760528564453,24.552099227905273,0.0020660977986632616,0.08625818517804276,0.0,0.0,1.0,PlanStatus.FAIL,20,27.038580918813192,-0.026930297487711242,False,30.036657022854207,0.223685250012199,0.6657589407446419,3.4549213752303114,-0.026930297487711242,3.0,False,8.250100072473288,20,27.038580918813192,-0.026930297487711242,0.1,60,-37.78760528364067,24.552099227910837,0.002777092470464045,0.08625818517804276,-28.674225509409894,24.597702445997413,0.06935284284887777,2.9514376364196324,1,"[{""id"": 162, ""x"": -71.64137268066406, ""y"": 27.983861923217773, ""vx"": 0.0, ""vy"": 0.0, ""r"": 2.5906050205230713}]"
589,29.450000000000003,-37.787784576416016,24.552099227905273,0.0020665175586241395,5.212837485227978e-06,0.0015140441246330738,0.5,0.0,PlanStatus.OK,20,27.038401628733077,-0.026929799581300286,True,30.036478646227273,1.7487040228684964e-05,2.0096861633113645e-05,0.20333556089426058,-0.026929799581300286,3.0,False,7.954099914059043,20,27.038401628733077,-0.026929799581300286,0.1,60,-37.78778457442151,24.552099227910812,0.0027770924698923114,5.212837485227978e-06,-28.937863215189843,24.576687692941924,0.002776955204218657,2.9500000868806286,1,"[{""id"": 162, ""x"": -71.64137268066406, ""y"": 27.983861923217773, ""vx"": 0.0, ""vy"": 0.0, ""r"": 2.5906050205230713}]"
590,29.5,-37.78702163696289,24.552101135253906,0.0020669860825209925,0.08625757419843867,0.0,0.0,1.0,PlanStatus.FAIL,20,27.039164570541093,-0.02693001099070924,False,30.03723750341088,0.2269833687457899,0.6755100734215531,3.475881892485674,-0.02693001099070924,3.0,False,7.871899986639619,20,27.039164570541093,-0.02693001099070924,0.1,60,-37.78702163492874,24.552101135259555,0.0027770924699731577,0.08625757419843867,-28.67372491539907,24.59799666212715,0.07032795621337234,2.951437626236641,1,"[{""id"": 162, ""x"": -71.64137268066406, ""y"": 27.983861923217773, ""vx"": 0.0, ""vy"": 0.0, ""r"": 2.5906050205230713}]"
591,29.55,-37.787200927734375,24.552101135253906,0.00206740532233322,5.192560742372426e-06,0.0015121588949114084,0.5,0.0,PlanStatus.OK,20,27.038985280460974,-0.026929513084298282,True,30.037059126751664,1.760247930674761e-05,2.005051105678085e-05,0.20333551298288338,-0.026929513084298282,3.0,False,7.843300001695752,20,27.038985280460974,-0.026929513084298282,0.1,60,-37.78720092570957,24.55210113525953,0.0027770924703086875,5.192560742372426e-06,-28.937279665002684,24.576689599950754,0.002776955301246038,2.950000086542682,1,"[{""id"": 162, ""x"": -71.64137268066406, ""y"": 27.983861923217773, ""vx"": 0.0, ""vy"": 0.0, ""r"": 2.5906050205230713}]"
592,29.6,-37.78643798828125,24.55210304260254,0.002067872935969935,0.08625757410839568,0.0,0.0,1.0,PlanStatus.FAIL,20,27.03974822226899,-0.026929724493707237,False,30.03781798407605,0.2302935161092156,0.685295297934947,3.4969188643485567,-0.026929724493707237,3.0,False,7.740400033071637,20,27.03974822226899,-0.026929724493707237,0.1,60,-37.78643798621681,24.552103042608273,0.002777092469955144,0.08625757410839568,-28.67322277048851,24.59829178880613,0.0713064787618267,2.951437626235139,1,"[{""id"": 162, ""x"": -71.64137268066406, ""y"": 27.983861923217773, ""vx"": 0.0, ""vy"": 0.0, ""r"": 2.5906050205230713}]"
593,29.650000000000002,-37.786617279052734,24.55210304260254,0.0020682926959308128,5.190999793905199e-06,0.0015102745965123177,0.5,0.0,PlanStatus.OK,20,27.039568932188875,-0.02692922658729628,True,30.03763960738454,1.771792317570081e-05,2.0004158159943157e-05,0.2033354650746051,-0.02692922658729628,3.0,False,8.942000102251768,20,27.039568932188875,-0.02692922658729628,0.1,60,-37.78661727699764,24.552103042608245,0.002777092470299711,5.190999793905199e-06,-28.936696059607034,24.57669150711295,0.002776955398280965,2.950000086516659,1,"[{""id"": 162, ""x"": -71.64137268066406, ""y"": 27.983861923217773, ""vx"": 0.0, ""vy"": 0.0, ""r"": 2.5906050205230713}]"
594,29.700000000000003,-37.78585433959961,24.55210304260254,0.002068759529344552,0.08625668012974201,0.0,0.0,1.0,PlanStatus.FAIL,20,27.04033186870001,-0.026931345337981204,False,30.038398657202194,0.23359218541171262,0.6950463085007704,3.517882877026959,-0.026931345337981204,3.0,False,7.925800047814846,20,27.04033186870001,-0.026931345337981204,0.1,60,-37.78585433750473,24.55210304260836,0.002777092470194533,0.08625668012974201,-28.67272193826231,24.598583933180162,0.07228157992347359,2.951437611335494,1,"[{""id"": 162, ""x"": -71.64137268066406, ""y"": 27.983861923217773, ""vx"": 0.0, ""vy"": 0.0, ""r"": 2.5906050205230713}]"
595,29.75,-37.786033630371094,24.55210304260254,0.002069178639119617,5.191546317981648e-06,0.0015083933249115944,0.5,0.0,PlanStatus.OK,20,27.040152578619896,-0.02693084743157025,True,30.038220280479408,1.7833366260105988e-05,1.99577875626333e-05,0.2033354171447892,-0.02693084743157025,3.0,False,7.847100030630827,20,27.040152578619896,-0.02693084743157025,0.1,60,-37.786033628285566,24.55210304260833,0.0027770924702833198,5.191546317981648e-06,-28.9361124522415,24.576691506936776,0.002776955504185996,2.9500000865257685,1,"[{""id"": 162, ""x"": -71.64137268066406, ""y"": 27.983861923217773, ""vx"": 0.0, ""vy"": 0.0, ""r"": 2.5906050205230713}]"
596,29.8,-37.78527069091797,24.552106857299805,0.0020696510641313483,0.08625820714938129,0.0,0.0,1.0,PlanStatus.FAIL,20,27.040915525724788,-0.026929151499703246,False,30.038978945731827,0.23692982764080092,0.7049087175756319,3.539094610203326,-0.026929151499703246,3.0,False,7.935799891129136,20,27.040915525724788,-0.026929151499703246,0.1,60,-37.78527068879295,24.552106857305706,0.0027770924699871352,0.08625820714938129,-28.67221687308331,24.598882986115918,0.07326782092041005,2.9514376367858217,1,"[{""id"": 162, ""x"": -71.64137268066406, ""y"": 27.983861923217773, ""vx"": 0.0, ""vy"": 0.0, ""r"": 2.5906050205230713}]"
597,29.85,-37.78544998168945,24.552106857299805,0.002070071084166551,5.191144414393025e-06,0.0015064981998875737,0.5,0.0,PlanStatus.OK,20,27.040736235644673,-0.02692865359329229,True,30.038800568975752,1.7948812393034658e-05,1.9911457191999597e-05,0.2033353692664584,-0.02692865359329229,3.0,False,8.422000100836158,20,27.040736235644673,-0.02692865359329229,0.1,60,-37.785449979573784,24.55210685730568,0.0027770924702187516,5.191144414393025e-06,-28.93552883917765,24.57669532146428,0.002776955592359666,2.9500000865190756,1,"[{""id"": 162, ""x"": -71.64137268066406, ""y"": 27.983861923217773, ""vx"": 0.0, ""vy"": 0.0, ""r"": 2.5906050205230713}]"
598,29.900000000000002,-37.78468704223633,24.552108764648438,0.0020705432491039573,0.08625816976325945,0.0,0.0,1.0,PlanStatus.FAIL,20,27.04149917745269,-0.026928865002701263,False,30.039559426722434,0.24024474336582985,0.7147036952394544,3.560161887087012,-0.026928865002701263,3.0,False,8.100599981844425,20,27.04149917745269,-0.026928865002701263,0.1,60,-37.78468704008102,24.552108764654424,0.0027770924699090814,0.08625816976325945,-28.67171482287354,24.59917805738516,0.0742473187838849,2.9514376361627193,1,"[{""id"": 162, ""x"": -71.64137268066406, ""y"": 27.983861923217773, ""vx"": 0.0, ""vy"": 0.0, ""r"": 2.5906050205230713}]"
599,29.950000000000003,-37.78486633300781,24.552108764648438,0.0020709627489905098,5.191869408295986e-06,0.0015046047046780586,0.5,0.0,PlanStatus.OK,20,27.04131988737257,-0.026928367096290307,True,30.039381049934065,1.80642576774569e-05,1.9865109635937468e-05,0.20333532136665092,-0.026928367096290307,3.0,False,8.263700176030397,20,27.04131988737257,-0.026928367096290307,0.1,60,-37.78486633086186,24.5521087646544,0.0027770924696995172,5.191869408295986e-06,-28.93494522703641,24.576697228645372,0.002776955689382693,2.9500000865311593,1,"[{""id"": 162, ""x"": -71.64137268066406, ""y"": 27.983861923217773, ""vx"": 0.0, ""vy"": 0.0, ""r"": 2.5906050205230713}]"
600,30.0,-37.78410339355469,24.55211067199707,0.002071428021958298,0.08625756617723086,0.0,0.0,1.0,PlanStatus.FAIL,20,27.042082829180586,-0.02692857850569926,False,30.040139907821498,0.243551937894936,0.7244744477838957,3.581180085200539,-0.02692857850569926,3.0,False,7.696700049564242,20,27.042082829180586,-0.02692857850569926,0.1,60,-37.784103391369094,24.55211067200314,0.002777092470126724,0.08625756617723086,-28.671214210116535,24.599472284829528,0.0752243941351293,2.9514376261029565,1,"[{""id"": 162, ""x"": -71.64137268066406, ""y"": 27.983861923217773, ""vx"": 0.0, ""vy"": 0.0, ""r"": 2.5906050205230713}]"
601,30.05,-37.78428268432617,24.55211067199707,0.002071847131733363,5.199403513844397e-06,0.0015027268091216683,0.5,0.0,PlanStatus.OK,20,27.041903539100467,-0.026928080599288303,True,30.039961531000856,1.8179703820782955e-05,1.9818762640741797e-05,0.20333527346956917,-0.026928080599288303,3.0,False,7.880999939516187,20,27.041903539100467,-0.026928080599288303,0.1,60,-37.78428268214993,24.552110672003113,0.0027770924696263197,5.199403513844397e-06,-28.93436159480891,24.576699135882304,0.0027769557864194016,2.950000086656727,1,"[{""id"": 162, ""x"": -71.64137268066406, ""y"": 27.983861923217773, ""vx"": 0.0, ""vy"": 0.0, ""r"": 2.5906050205230713}]"
602,30.1,-37.78351974487305,24.552114486694336,0.0020723178662619803,0.0862581025959005,0.0,0.0,1.0,PlanStatus.FAIL,20,27.042666486205363,-0.026926384667417747,False,30.04072019669018,0.24687839502347034,0.7342994773604575,3.6023207204964427,-0.026926384667417747,3.0,False,9.10849985666573,20,27.042666486205363,-0.026926384667417747,0.1,60,-37.783519742657326,24.55211448670049,0.0027770924701419394,0.0862581025959005,-28.670711659560162,24.59976986168959,0.07620689718170717,2.9514376350432676,1,"[{""id"": 162, ""x"": -71.64137268066406, ""y"": 27.983861923217773, ""vx"": 0.0, ""vy"": 0.0, ""r"": 2.5906050205230713}]"
603,30.150000000000002,-37.78369903564453,24.552114486694336,0.0020727372361113703,5.195758221764024e-06,0.0015008366899564862,0.5,0.0,PlanStatus.OK,20,27.042487196125244,-0.026925886761006792,True,30.040541819836257,1.829514809700049e-05,1.977243946483468e-05,0.20333522559931544,-0.026925886761006792,3.0,False,7.969500031322241,20,27.042487196125244,-0.026925886761006792,0.1,60,-37.78369903343816,24.552114486700464,0.002777092470485524,5.195758221764024e-06,-28.933777991298733,24.576702950383424,0.002776955874559599,2.9500000865959666,1,"[{""id"": 162, ""x"": -71.64137268066406, ""y"": 27.983861923217773, ""vx"": 0.0, ""vy"": 0.0, ""r"": 2.5906050205230713}]"
604,30.200000000000003,-37.782936096191406,24.55211639404297,0.0020732077105656624,0.08625901876397316,0.0,0.0,1.0,PlanStatus.FAIL,20,27.04325013793326,-0.02692609817041574,False,30.041300678009563,0.25021462230911234,0.7441532034542734,3.623523454609687,-0.02692609817041574,3.0,False,8.353900164365768,20,27.04325013793326,-0.02692609817041574,0.1,60,-37.782936093945395,24.552116394049207,0.0027770924700035254,0.08625901876397316,-28.67020718844247,24.600066354390172,0.07719226988864278,2.9514376503127338,1,"[{""id"": 162, ""x"": -71.64137268066406, ""y"": 27.983861923217773, ""vx"": 0.0, ""vy"": 0.0, ""r"": 2.5906050205230713}]"
605,30.25,-37.78311538696289,24.55211639404297,0.0020736273404893778,5.204393362427229e-06,0.0014989465707913041,0.5,0.0,PlanStatus.OK,20,27.04307084785314,-0.026925600264004784,True,30.04112230112335,1.8410596603846266e-05,1.9726096281494354e-05,0.20333517770819876,-0.026925600264004784,3.0,False,9.18559986166656,20,27.04307084785314,-0.026925600264004784,0.1,60,-37.78311538472624,24.55211639404918,0.0027770924699612592,5.204393362427229e-06,-28.933194355818934,24.57670485762949,0.002776955971579082,2.950000086739891,1,"[{""id"": 162, ""x"": -71.64137268066406, ""y"": 27.983861923217773, ""vx"": 0.0, ""vy"": 0.0, ""r"": 2.5906050205230713}]"
606,30.3,-37.782352447509766,24.5521183013916,0.002074090662899727,0.08625746175449235,0.0,0.0,1.0,PlanStatus.FAIL,20,27.043833789661157,-0.02692581167341376,False,30.04188115943738,0.2535110682943906,0.7538880645151638,3.6444733284648834,-0.02692581167341376,3.0,False,8.132899878546596,20,27.043833789661157,-0.02692581167341376,0.1,60,-37.78235244523348,24.552118301397922,0.0027770924702690005,0.08625746175449235,-28.66970899614405,24.600359161038007,0.07816575609104189,2.9514376243625766,1,"[{""id"": 162, ""x"": -71.64137268066406, ""y"": 27.983861923217773, ""vx"": 0.0, ""vy"": 0.0, ""r"": 2.5906050205230713}]"
607,30.35,-37.78253173828125,24.5521183013916,0.0020745095126004664,5.205890847741687e-06,0.001497073215432465,0.5,0.0,PlanStatus.OK,20,27.04365449958104,-0.0269253137670028,True,30.041702782518904,1.852604074219101e-05,1.9679756834557575e-05,0.20333512981921784,-0.0269253137670028,3.0,False,9.606699924916029,20,27.04365449958104,-0.0269253137670028,0.1,60,-37.78253173601431,24.552118301397897,0.0027770924698865005,5.205890847741687e-06,-28.93261074139289,24.576706764817153,0.002776956068614089,2.9500000867648466,1,"[{""id"": 162, ""x"": -71.64137268066406, ""y"": 27.983861923217773, ""vx"": 0.0, ""vy"": 0.0, ""r"": 2.5906050205230713}]"
608,30.400000000000002,-37.781768798828125,24.552120208740234,0.0020749786866831326,0.08625904097099386,0.0,0.0,1.0,PlanStatus.FAIL,20,27.044417441389058,-0.026925525176411752,False,30.042461640973663,0.256861920298033,0.7637822583199358,3.6657690184783744,-0.026925525176411752,3.0,False,7.993899984285235,20,27.044417441389058,-0.026925525176411752,0.1,60,-37.78176879652155,24.55212020874664,0.002777092470019673,0.08625904097099386,-28.6692028417128,24.60065664208852,0.07915517556939837,2.9514376506828537,1,"[{""id"": 162, ""x"": -71.64137268066406, ""y"": 27.983861923217773, ""vx"": 0.0, ""vy"": 0.0, ""r"": 2.5906050205230713}]"
609,30.450000000000003,-37.78194808959961,24.552120208740234,0.0020753980565325226,5.199135697415801e-06,0.0014951863558962941,0.5,0.0,PlanStatus.OK,20,27.04423815130894,-0.026925027270000797,True,30.042283264022906,1.864148336306247e-05,1.9633421793033463e-05,0.20333508193303887,-0.026925027270000797,3.0,False,7.791199954226613,20,27.04423815130894,-0.026925027270000797,0.1,60,-37.78194808730239,24.552120208746615,0.0027770924700608653,5.199135697415801e-06,-28.932027151309544,24.57670867193726,0.0027769561656099816,2.950000086652264,1,"[{""id"": 162, ""x"": -71.64137268066406, ""y"": 27.983861923217773, ""vx"": 0.0, ""vy"": 0.0, ""r"": 2.5906050205230713}]"
610,30.5,-37.781185150146484,24.552120208740234,0.0020758599485340835,0.08625749879182427,0.0,0.0,1.0,PlanStatus.FAIL,20,27.04500108782008,-0.026927146020685723,False,30.04304231494367,0.26016359246845217,0.7735311981447401,3.6867521068322304,-0.026927146020685723,3.0,False,7.950300117954612,20,27.04500108782008,-0.026927146020685723,0.1,60,-37.78118514780947,24.552120208746725,0.0027770924702911638,0.08625749879182427,-28.668703655668594,24.60094782053224,0.08013006965665874,2.9514376249798646,1,"[{""id"": 162, ""x"": -71.64137268066406, ""y"": 27.983861923217773, ""vx"": 0.0, ""vy"": 0.0, ""r"": 2.5906050205230713}]"
611,30.55,-37.78136444091797,24.552120208740234,0.002076278798234823,5.200647861704736e-06,0.0014933161437511444,0.5,0.0,PlanStatus.OK,20,27.04482179773996,-0.026926648114274764,True,30.042863937961663,1.8756927256589963e-05,1.9587067073387372e-05,0.20333503402545813,-0.026926648114274764,3.0,False,7.881899829953909,20,27.04482179773996,-0.026926648114274764,0.1,60,-37.7813644385903,24.5521202087467,0.0027770924705941493,5.200647861704736e-06,-28.931443541108386,24.57670867176945,0.0027769562715601504,2.950000086677463,1,"[{""id"": 162, ""x"": -71.64137268066406, ""y"": 27.983861923217773, ""vx"": 0.0, ""vy"": 0.0, ""r"": 2.5906050205230713}]"
612,30.6,-37.780601501464844,24.5521240234375,0.0020767465419087006,0.08625902582300632,0.0,0.0,1.0,PlanStatus.FAIL,20,27.045584744844856,-0.026924952182407765,False,30.04362260437152,0.2635154690589368,0.7834244444407265,3.708054308708272,-0.026924952182407765,3.0,False,8.421000093221664,20,27.045584744844856,-0.026924952182407765,0.1,60,-37.780601499097706,24.552124023444073,0.002777092470378077,0.08625902582300632,-28.66819858983837,24.601246874348185,0.08111939437563395,2.95143765043038,1,"[{""id"": 162, ""x"": -71.64137268066406, ""y"": 27.983861923217773, ""vx"": 0.0, ""vy"": 0.0, ""r"": 2.5906050205230713}]"
613,30.650000000000002,-37.780784606933594,24.5521240234375,0.0020771656516837653,5.201156393917517e-06,0.00149143289308995,0.5,0.0,PlanStatus.OK,20,27.045401640082183,-0.026924443682243372,True,30.043440432100688,1.8871619501451276e-05,1.954105630830663e-05,0.20333498648251566,-0.026924443682243372,3.0,False,8.253900101408362,20,27.045401640082183,-0.026924443682243372,0.1,60,-37.780784604576006,24.552124023444048,0.0027770924698352017,5.201156393917517e-06,-28.930863739743845,24.576712486306064,0.00277695635894731,2.950000086685938,1,"[{""id"": 162, ""x"": -71.64137268066406, ""y"": 27.983861923217773, ""vx"": 0.0, ""vy"": 0.0, ""r"": 2.5906050205230713}]"
614,30.700000000000003,-37.7800178527832,24.552125930786133,0.0020776263733508623,0.08625657488491595,0.0,0.0,1.0,PlanStatus.FAIL,20,27.046168396572753,-0.02692466568540576,False,30.044203086233097,0.2668036731966185,0.7931297302688611,3.728951788916013,-0.02692466568540576,3.0,False,8.108500158414245,20,27.046168396572753,-0.02692466568540576,0.1,60,-37.78001785038578,24.55212593079279,0.0027770924698818328,0.08625657488491595,-28.667702667032565,24.601538348886812,0.08208992305431613,2.9514376095814137,1,"[{""id"": 162, ""x"": -71.64137268066406, ""y"": 27.983861923217773, ""vx"": 0.0, ""vy"": 0.0, ""r"": 2.5906050205230713}]"
615,30.75,-37.78020095825195,24.552125930786133,0.0020780448329401143,5.203697649734707e-06,0.0014895659405738115,0.5,0.0,PlanStatus.OK,20,27.04598529181008,-0.02692415718524139,True,30.04402091392931,1.898706335400243e-05,1.949472482533788e-05,0.20333493860449528,-0.02692415718524139,3.0,False,8.149500004947186,20,27.04598529181008,-0.02692415718524139,0.1,60,-37.78020095586409,24.552125930792766,0.0027770924695967457,5.203697649734707e-06,-28.93028012223547,24.576714393502503,0.0027769564559539843,2.950000086728298,1,"[{""id"": 162, ""x"": -71.64137268066406, ""y"": 27.983861923217773, ""vx"": 0.0, ""vy"": 0.0, ""r"": 2.5906050205230713}]"
616,30.8,-37.77943420410156,24.552127838134766,0.002078504904421398,0.08625753570377397,0.0,0.0,1.0,PlanStatus.FAIL,20,27.046752048300654,-0.026924379188403774,False,30.0447835682031,0.2701509711918422,0.8030081768736492,3.750224884224738,-0.026924379188403774,3.0,False,7.88629986345768,20,27.046752048300654,-0.026924379188403774,0.1,60,-37.77943420167386,24.55212783814151,0.0027770924699789157,0.08625753570377397,-28.667198082586836,24.60183490849254,0.08307776781234506,2.9514376255950645,1,"[{""id"": 162, ""x"": -71.64137268066406, ""y"": 27.983861923217773, ""vx"": 0.0, ""vy"": 0.0, ""r"": 2.5906050205230713}]"
617,30.85,-37.77961730957031,24.552127838134766,0.002078923754122138,5.212891176622444e-06,0.0014876995701342821,0.5,0.0,PlanStatus.OK,20,27.046568943537977,-0.02692387068823583,True,30.04460139586636,1.9102511713836277e-05,1.9448393922846634e-05,0.2033348907299319,-0.02692387068823583,3.0,False,7.970199920237064,20,27.046568943537977,-0.02692387068823583,0.1,60,-37.779617307152165,24.55212783814148,0.0027770924705521733,5.212891176622444e-06,-28.92969648510351,24.576716300753493,0.0027769565529646035,2.9500000868815244,1,"[{""id"": 162, ""x"": -71.64137268066406, ""y"": 27.983861923217773, ""vx"": 0.0, ""vy"": 0.0, ""r"": 2.5906050205230713}]"
618,30.900000000000002,-37.77885055541992,24.55213165283203,0.0020793833054547715,0.08625753569205681,0.0,0.0,1.0,PlanStatus.FAIL,20,27.047335705325427,-0.026922185350122262,False,30.045363857969853,0.27348228481197007,0.8128368043291625,3.771396378592522,-0.026922185350122262,3.0,False,7.912699831649661,20,27.047335705325427,-0.026922185350122262,0.1,60,-37.77885055296212,24.552131652838856,0.0027770924702277297,0.08625753569205681,-28.66669689327848,24.602131686696705,0.0840606306464699,2.9514376255948664,1,"[{""id"": 162, ""x"": -71.64137268066406, ""y"": 27.983861923217773, ""vx"": 0.0, ""vy"": 0.0, ""r"": 2.5906050205230713}]"
619,30.950000000000003,-37.77903366088867,24.55213165283203,0.0020798017650440234,5.2110698924444e-06,0.001485835062339902,0.5,0.0,PlanStatus.OK,20,27.047152600562754,-0.026921676849957873,True,30.04518168559914,1.9217957206000903e-05,1.9402087391550554e-05,0.2033348428820651,-0.026921676849957873,3.0,False,8.073900127783418,20,27.047152600562754,-0.026921676849957873,0.1,60,-37.77903365844042,24.55213165283883,0.0027770924698489914,5.2110698924444e-06,-28.929112876181176,24.576720115270025,0.002776956641015981,2.9500000868511687,1,"[{""id"": 162, ""x"": -71.64137268066406, ""y"": 27.983861923217773, ""vx"": 0.0, ""vy"": 0.0, ""r"": 2.5906050205230713}]"
620,31.0,-37.77826690673828,24.552133560180664,0.0020802568951131285,0.08625828818213449,0.0,0.0,1.0,PlanStatus.FAIL,20,27.047919357053328,-0.026921898853120258,False,30.04594434016007,0.2768294515810874,0.8227123157577504,3.79266863758116,-0.026921898853120258,3.0,False,7.868800079450011,20,27.047919357053328,-0.026921898853120258,0.1,60,-37.7782669042502,24.552133560187574,0.0027770924701273516,0.08625828818213449,-28.666192837666475,24.60242793596344,0.08504818188676574,2.951437638136367,1,"[{""id"": 162, ""x"": -71.64137268066406, ""y"": 27.983861923217773, ""vx"": 0.0, ""vy"": 0.0, ""r"": 2.5906050205230713}]"
621,31.05,-37.77845001220703,24.552133560180664,0.002080674184367917,5.215613479465873e-06,0.00148398254532367,0.5,0.0,PlanStatus.OK,20,27.04773625229065,-0.026921390352955887,True,30.0457621677564,1.9333402720994386e-05,1.9355761775828595e-05,0.2033347950126347,-0.026921390352955887,3.0,False,8.206099970266223,20,27.04773625229065,-0.026921390352955887,0.1,60,-37.77845000972851,24.552133560187546,0.0027770924703832294,5.215613479465873e-06,-28.92852925276111,24.576722022483043,0.0027769567380272805,2.950000086926892,1,"[{""id"": 162, ""x"": -71.64137268066406, ""y"": 27.983861923217773, ""vx"": 0.0, ""vy"": 0.0, ""r"": 2.5906050205230713}]"
622,31.1,-37.77768325805664,24.552135467529297,0.002081133085514738,0.08625749077663022,0.0,0.0,1.0,PlanStatus.FAIL,20,27.048503008781225,-0.026921612356118254,False,30.0465248224587,0.28015214729815907,0.8325143877504319,3.8137853499053946,-0.026921612356118254,3.0,False,9.341799886897206,20,27.048503008781225,-0.026921612356118254,0.1,60,-37.77768325553828,24.552135467536292,0.0027770924700831535,0.08625749077663022,-28.665692716878198,24.602721875266216,0.08602838918269894,2.9514376248462746,1,"[{""id"": 162, ""x"": -71.64137268066406, ""y"": 27.983861923217773, ""vx"": 0.0, ""vy"": 0.0, ""r"": 2.5906050205230713}]"
623,31.150000000000002,-37.77786636352539,24.552135467529297,0.002081551024955339,5.217376618126616e-06,0.00148212059866637,0.5,0.0,PlanStatus.OK,20,27.048319904018552,-0.026921103855953882,True,30.046342650022083,1.94488480848068e-05,1.9309438626861734e-05,0.20333474714600006,-0.026921103855953882,3.0,False,8.121900027617812,20,27.048319904018552,-0.026921103855953882,0.1,60,-37.777866361016585,24.552135467536264,0.002777092470015984,5.217376618126616e-06,-28.927945637541956,24.576723929673342,0.002776956835034084,2.9500000869562744,1,"[{""id"": 162, ""x"": -71.64137268066406, ""y"": 27.983861923217773, ""vx"": 0.0, ""vy"": 0.0, ""r"": 2.5906050205230713}]"
624,31.200000000000003,-37.777099609375,24.55213737487793,0.0020820087557676965,0.08625752798661306,0.0,0.0,1.0,PlanStatus.FAIL,20,27.049086660509122,-0.026921325859116267,False,30.047105304865717,0.28349055332907075,0.8423615982435118,3.8350019204061994,-0.026921325859116267,3.0,False,7.888699881732464,20,27.049086660509122,-0.026921325859116267,0.1,60,-37.77709960682637,24.552137374885007,0.002777092470043218,0.08625752798661306,-28.66519047720319,24.603017058570703,0.08701311032910748,2.9514376254664456,1,"[{""id"": 162, ""x"": -71.64137268066406, ""y"": 27.983861923217773, ""vx"": 0.0, ""vy"": 0.0, ""r"": 2.5906050205230713}]"
625,31.25,-37.77728271484375,24.55213737487793,0.002082426955282623,5.224932642607055e-06,0.0014802605146542192,0.5,0.0,PlanStatus.OK,20,27.04890355574645,-0.02692081735895188,True,30.04692313239616,1.956429532603809e-05,1.9263116565783334e-05,0.20333469928236877,-0.02692081735895188,3.0,False,8.03429982624948,20,27.04890355574645,-0.02692081735895188,0.1,60,-37.77728271230467,24.552137374884982,0.0027770924701641135,5.224932642607055e-06,-28.92736200523416,24.576725836911148,0.0027769569320102356,2.950000087082214,1,"[{""id"": 162, ""x"": -71.64137268066406, ""y"": 27.983861923217773, ""vx"": 0.0, ""vy"": 0.0, ""r"": 2.5906050205230713}]"
626,31.3,-37.77651596069336,24.552141189575195,0.002082883905872005,0.08625749810777787,0.0,0.0,1.0,PlanStatus.FAIL,20,27.0496703175339,-0.026919132020834756,False,30.047685595083117,0.28682803383465383,0.8522034429581973,3.8562126080414867,-0.026919132020834756,3.0,False,8.091399911791086,20,27.0496703175339,-0.026919132020834756,0.1,60,-37.776515958114636,24.552141189582358,0.0027770924702248184,0.08625749810777787,-28.664689363372414,24.60331379271049,0.08799729488909834,2.951437624968459,1,"[{""id"": 162, ""x"": -71.64137268066406, ""y"": 27.983861923217773, ""vx"": 0.0, ""vy"": 0.0, ""r"": 2.5906050205230713}]"
627,31.35,-37.77669906616211,24.55213737487793,0.002083301845312606,5.229456224959508e-06,0.001478402642533183,0.5,0.0,PlanStatus.OK,20,27.04948720217747,-0.02692243820322585,True,30.04750380717779,1.9679739818123087e-05,1.9216777290952808e-05,0.20333465139689366,-0.02692243820322585,3.0,False,8.429199922829866,20,27.04948720217747,-0.02692243820322585,0.1,60,-37.776699063592574,24.552137374885067,0.0027770924703625884,5.229456224959508e-06,-28.92677838616271,24.576725836768457,0.002776957037997489,2.950000087157608,1,"[{""id"": 162, ""x"": -71.64137268066406, ""y"": 27.983861923217773, ""vx"": 0.0, ""vy"": 0.0, ""r"": 2.5906050205230713}]"
628,31.400000000000002,-37.77593231201172,24.552141189575195,0.0020837582757533375,0.08625752784936566,0.0,0.0,1.0,PlanStatus.FAIL,20,27.05025396396492,-0.02692075286511228,False,30.048266270004945,0.29017098935178187,0.8620631248913946,3.8774580925089657,-0.02692075286511228,3.0,False,8.088200120255351,20,27.05025396396492,-0.02692075286511228,0.1,60,-37.77593230940254,24.552141189582443,0.002777092469926885,0.08625752784936566,-28.664186187150968,24.603607314234193,0.08898326318801428,2.9514376254641594,1,"[{""id"": 162, ""x"": -71.64137268066406, ""y"": 27.983861923217773, ""vx"": 0.0, ""vy"": 0.0, ""r"": 2.5906050205230713}]"
629,31.450000000000003,-37.77611541748047,24.552141189575195,0.0020841759551196134,5.2934059869795355e-06,0.0014765465166419744,0.5,0.0,PlanStatus.OK,20,27.050070859202247,-0.026920244364947887,True,30.048084097469506,1.976354983274258e-05,1.9269532184392618e-05,0.20333459723356534,-0.026920244364947887,3.0,False,7.954299915581942,20,27.050070859202247,-0.026920244364947887,0.1,60,-37.77611541488084,24.552141189582414,0.002777092469999723,5.2934059869795355e-06,-28.926194583211466,24.57672965182405,0.0027769571260286238,2.950000088223431,1,"[{""id"": 162, ""x"": -71.64137268066406, ""y"": 27.983861923217773, ""vx"": 0.0, ""vy"": 0.0, ""r"": 2.5906050205230713}]"
630,31.5,-37.775352478027344,24.552143096923828,0.002084631995448857,0.08625752020265949,0.0,0.0,1.0,PlanStatus.FAIL,20,27.050833801010263,-0.02692045577435684,False,30.048842957475202,0.29349163586022753,0.8718544166612289,3.898561796160232,-0.02692045577435684,3.0,False,8.073899894952774,20,27.050833801010263,-0.02692045577435684,0.1,60,-37.77535247538809,24.552143096931157,0.0027770924701306164,0.08625752020265949,-28.663687349610075,24.603900512708368,0.08996239246134981,2.951437625336709,1,"[{""id"": 162, ""x"": -71.64137268066406, ""y"": 27.983861923217773, ""vx"": 0.0, ""vy"": 0.0, ""r"": 2.5906050205230713}]"
631,31.55,-37.77553176879883,24.552143096923828,0.0020850499348894582,5.243252280309641e-06,0.0014746905071660876,0.5,0.0,PlanStatus.OK,20,27.050654510930148,-0.02691995786794233,True,30.04866458016876,1.9642045495675104e-05,1.915106435068127e-05,0.20333450198982309,-0.02691995786794233,3.0,False,8.290699915960431,20,27.050654510930148,-0.02691995786794233,0.1,60,-37.775531766168925,24.552143096931133,0.002777092470771549,5.243252280309641e-06,-28.92561112113276,24.5767315585893,0.0027769572229948414,2.95000008738754,1,"[{""id"": 162, ""x"": -71.64137268066406, ""y"": 27.983861923217773, ""vx"": 0.0, ""vy"": 0.0, ""r"": 2.5906050205230713}]"
632,31.6,-37.7747688293457,24.55214500427246,0.0020855051949957262,0.08625755744262784,0.0,0.0,1.0,PlanStatus.FAIL,20,27.051417452738164,-0.02692016927735485,False,30.04942344031509,0.296836489363259,0.881715948894467,3.919819343647106,-0.02692016927735485,3.0,False,8.171099936589599,20,27.051417452738164,-0.02692016927735485,0.1,60,-37.77476882667617,24.552145004279875,0.0027770924700117744,0.08625755744262784,-28.663185109877958,24.604195696294056,0.09094854578174878,2.9514376259573813,1,"[{""id"": 162, ""x"": -71.64137268066406, ""y"": 27.983861923217773, ""vx"": 0.0, ""vy"": 0.0, ""r"": 2.5906050205230713}]"
633,31.650000000000002,-37.77494812011719,24.55214500427246,0.0020859231344363275,5.246288196492208e-06,0.0014728362439200282,0.5,0.0,PlanStatus.OK,20,27.051238162658045,-0.026919671370940347,True,30.049245062976397,1.9520524035986143e-05,1.9077850228334074e-05,0.20333440674365189,-0.026919671370940347,3.0,False,8.529399987310171,20,27.051238162658045,-0.026919671370940347,0.1,60,-37.774948117457015,24.552145004279847,0.0027770924705239003,5.246288196492208e-06,-28.925027502154997,24.576733465790316,0.0027769573199696337,2.9500000874381382,1,"[{""id"": 162, ""x"": -71.64137268066406, ""y"": 27.983861923217773, ""vx"": 0.0, ""vy"": 0.0, ""r"": 2.5906050205230713}]"
634,31.700000000000003,-37.77418518066406,24.552148818969727,0.0020863790447284087,0.08625749774250349,0.0,0.0,1.0,PlanStatus.FAIL,20,27.052001109762937,-0.02691797543907334,False,30.050003730978844,0.30017993005171406,0.8915706810837934,3.9410679108206614,-0.02691797543907334,3.0,False,7.645099889487028,20,27.052001109762937,-0.02691797543907334,0.1,60,-37.774185177964455,24.552148818977223,0.0027770924699873113,0.08625749774250349,-28.662684071481728,24.604492386394472,0.091934019089151,2.9514376249623755,1,"[{""id"": 162, ""x"": -71.64137268066406, ""y"": 27.983861923217773, ""vx"": 0.0, ""vy"": 0.0, ""r"": 2.5906050205230713}]"
635,31.75,-37.77436447143555,24.552148818969727,0.0020867967240946845,5.251485712970542e-06,0.001470981165766716,0.5,0.0,PlanStatus.OK,20,27.05182181968282,-0.02691747753266238,True,30.049825353606884,1.9399001185838047e-05,1.903155894653237e-05,0.20333431152406709,-0.02691747753266238,3.0,False,7.926699938252568,20,27.05182181968282,-0.02691747753266238,0.1,60,-37.7743644687453,24.552148818977198,0.0027770924701669324,5.251485712970542e-06,-28.924443872496873,24.576737280364817,0.0027769574079590455,2.950000087524764,1,"[{""id"": 162, ""x"": -71.64137268066406, ""y"": 27.983861923217773, ""vx"": 0.0, ""vy"": 0.0, ""r"": 2.5906050205230713}]"
636,31.8,-37.77360153198242,24.55215072631836,0.002087250293717839,0.08625753491173027,0.0,0.0,1.0,PlanStatus.FAIL,20,27.052584761490838,-0.026917688942071336,False,30.05058421403887,0.3035279593061006,0.9014393096350141,3.962345641826869,-0.026917688942071336,3.0,False,9.61549999192357,20,27.052584761490838,-0.026917688942071336,0.1,60,-37.77360152925254,24.55215072632594,0.002777092469983773,0.08625753491173027,-28.6621818318654,24.604787570035857,0.09292088204132602,2.9514376255818617,1,"[{""id"": 162, ""x"": -71.64137268066406, ""y"": 27.983861923217773, ""vx"": 0.0, ""vy"": 0.0, ""r"": 2.5906050205230713}]"
637,31.85,-37.773780822753906,24.55215072631836,0.00208766823315844,5.257086351906775e-06,0.0014691305113956332,0.5,0.0,PlanStatus.OK,20,27.05240547141072,-0.02691719103566038,True,30.05040583663466,1.927747790693022e-05,1.898524976532475e-05,0.20333421628300696,-0.02691719103566038,3.0,False,8.203600067645311,20,27.05240547141072,-0.02691719103566038,0.1,60,-37.77378082003338,24.552150726325916,0.002777092469823234,5.257086351906775e-06,-28.923860245949264,24.576739187586956,0.0027769575049296333,2.950000087618107,1,"[{""id"": 162, ""x"": -71.64137268066406, ""y"": 27.983861923217773, ""vx"": 0.0, ""vy"": 0.0, ""r"": 2.5906050205230713}]"
638,31.900000000000002,-37.77301788330078,24.552152633666992,0.002088121542707269,0.0862575720893653,0.0,0.0,1.0,PlanStatus.FAIL,20,27.053168413218735,-0.02691740244506935,False,30.05116469720724,0.30687755240361253,0.9113114474077284,3.9836333118626825,-0.02691740244506935,3.0,False,8.804499870166183,20,27.053168413218735,-0.02691740244506935,0.1,60,-37.773017880540635,24.55215263367466,0.0027770924700710425,0.0862575720893653,-28.661679592232623,24.605082753748913,0.09390809591567459,2.9514376262014936,1,"[{""id"": 162, ""x"": -71.64137268066406, ""y"": 27.983861923217773, ""vx"": 0.0, ""vy"": 0.0, ""r"": 2.5906050205230713}]"
639,31.950000000000003,-37.773197174072266,24.552152633666992,0.00208853948214787,5.334805966086274e-06,0.0014672804391011596,0.5,0.0,PlanStatus.OK,20,27.052989123138616,-0.026916904538658398,True,30.050986319770786,1.9155930443108145e-05,1.893892551724577e-05,0.20333412103741694,-0.026916904538658398,3.0,False,10.040100198239088,20,27.052989123138616,-0.026916904538658398,0.1,60,-37.77319717132148,24.55215263367463,0.0027770924698610902,5.334805966086274e-06,-28.923276406664986,24.57674109539992,0.002776957601949163,2.9500000889134315,1,"[{""id"": 162, ""x"": -71.64137268066406, ""y"": 27.983861923217773, ""vx"": 0.0, ""vy"": 0.0, ""r"": 2.5906050205230713}]"
640,32.0,-37.77243423461914,24.552154541015625,0.002088992791696699,0.08625756450274889,0.0,0.0,1.0,PlanStatus.FAIL,20,27.053752064946636,-0.026917115948067345,False,30.05174518048397,0.31022793970155077,0.9211848422506903,4.004926028786814,-0.026917115948067345,3.0,False,8.473000023514032,20,27.053752064946636,-0.026917115948067345,0.1,60,-37.772434231828726,24.552154541023373,0.0027770924701111073,0.08625756450274889,-28.661177466250503,24.605377870802695,0.09489543549701876,2.9514376260750432,1,"[{""id"": 162, ""x"": -71.64137268066406, ""y"": 27.983861923217773, ""vx"": 0.0, ""vy"": 0.0, ""r"": 2.5906050205230713}]"
641,32.050000000000004,-37.772613525390625,24.552154541015625,0.0020894096908399998,5.264452707950179e-06,0.0014654325786978006,0.5,0.0,PlanStatus.OK,20,27.053572774866517,-0.02691661804165639,True,30.05156680301527,1.9034434478347696e-05,1.8892638024487797e-05,0.20333402580987509,-0.02691661804165639,3.0,False,8.619499858468771,20,27.053572774866517,-0.02691661804165639,0.1,60,-37.77261352260957,24.55215454102335,0.00277709246966886,5.264452707950179e-06,-28.922693004163737,24.576743001999994,0.0027769576988709585,2.95000008774088,1,"[{""id"": 162, ""x"": -71.64137268066406, ""y"": 27.983861923217773, ""vx"": 0.0, ""vy"": 0.0, ""r"": 2.5906050205230713}]"
642,32.1,-37.7718505859375,24.55215835571289,0.0020898619600915277,0.08625758672870312,0.0,0.0,1.0,PlanStatus.FAIL,20,27.05433572197141,-0.026914922109785834,False,30.052325471598195,0.3135790776215342,0.9310578164312885,4.026223516978325,-0.026914922109785834,3.0,False,8.550599915906787,20,27.05433572197141,-0.026914922109785834,0.1,60,-37.771850583117015,24.552158355720724,0.0027770924702795992,0.08625758672870312,-28.66067621951515,24.605674683459632,0.09588273300353055,2.9514376264454754,1,"[{""id"": 162, ""x"": -71.64137268066406, ""y"": 27.983861923217773, ""vx"": 0.0, ""vy"": 0.0, ""r"": 2.5906050205230713}]"
643,32.15,-37.772029876708984,24.552154541015625,0.002090279639457804,5.27060160795483e-06,0.001463585183955729,0.5,0.0,PlanStatus.OK,20,27.054156421297538,-0.026918238885930357,True,30.052147478640087,1.891291270332229e-05,1.88463142800294e-05,0.20333393055315177,-0.026918238885930357,3.0,False,8.203299948945642,20,27.054156421297538,-0.026918238885930357,0.1,60,-37.772029873897466,24.552154541023434,0.0027770924699166387,5.27060160795483e-06,-28.92210938031073,24.576743001871066,0.002776957804868826,2.950000087843357,1,"[{""id"": 162, ""x"": -71.64137268066406, ""y"": 27.983861923217773, ""vx"": 0.0, ""vy"": 0.0, ""r"": 2.5906050205230713}]"
644,32.2,-37.77126693725586,24.55215835571289,0.002090730998449194,0.08625757174519386,0.0,0.0,1.0,PlanStatus.FAIL,20,27.05491936840243,-0.026916542954063358,False,30.052906147362485,0.3169337033683732,0.9409431514349239,4.047543171051806,-0.026916542954063358,3.0,False,8.419100195169449,20,27.05491936840243,-0.026916542954063358,0.1,60,-37.77126693440491,24.55215835572081,0.002777092469931726,0.08625757174519386,-28.660173157392737,24.60596813849691,0.09687126660949662,2.951437626195749,1,"[{""id"": 162, ""x"": -71.64137268066406, ""y"": 27.983861923217773, ""vx"": 0.0, ""vy"": 0.0, ""r"": 2.5906050205230713}]"
645,32.25,-37.771446228027344,24.55215835571289,0.0020911488078526326,5.280860135779554e-06,0.001461739419028163,0.5,0.0,PlanStatus.OK,20,27.054740078322315,-0.026916045047648846,True,30.052727769829303,1.8791387318573766e-05,1.8800032193211878e-05,0.20333383534672697,-0.026916045047648846,3.0,False,8.042600005865097,20,27.054740078322315,-0.026916045047648846,0.1,60,-37.771446225185755,24.55215835572078,0.0027770924702665814,5.280860135779554e-06,-28.921525735705593,24.57674681648733,0.002776957892827011,2.9500000880143373,1,"[{""id"": 162, ""x"": -71.64137268066406, ""y"": 27.983861923217773, ""vx"": 0.0, ""vy"": 0.0, ""r"": 2.5906050205230713}]"
646,32.300000000000004,-37.77068328857422,24.552160263061523,0.0020916000368068595,0.08625758653057546,0.0,0.0,1.0,PlanStatus.FAIL,20,27.05550302013033,-0.026916256457057797,False,30.053486630964258,0.3202890564192736,0.9508280294294339,4.068867448202113,-0.026916256457057797,3.0,False,8.300899993628263,20,27.05550302013033,-0.026916256457057797,0.1,60,-37.770683285693,24.552160263069524,0.002777092470332788,0.08625758653057546,-28.659670974627968,24.606263289072263,0.0978597545059799,2.951437626442178,1,"[{""id"": 162, ""x"": -71.64137268066406, ""y"": 27.983861923217773, ""vx"": 0.0, ""vy"": 0.0, ""r"": 2.5906050205230713}]"
647,32.35,-37.7708625793457,24.552160263061523,0.002092017716173136,5.290316186242357e-06,0.0014598943525925279,0.5,0.0,PlanStatus.OK,20,27.055323730050212,-0.026915758550646842,True,30.053308253398832,1.866986428584557e-05,1.8753732247294742e-05,0.203333740119394,-0.026915758550646842,3.0,False,8.160699857398868,20,27.055323730050212,-0.026915758550646842,0.1,60,-37.770862576473846,24.5521602630695,0.0027770924703808438,5.290316186242357e-06,-28.920942097781147,24.576748723741336,0.0027769579897733276,2.9500000881719344,1,"[{""id"": 162, ""x"": -71.64137268066406, ""y"": 27.983861923217773, ""vx"": 0.0, ""vy"": 0.0, ""r"": 2.5906050205230713}]"
648,32.4,-37.77009963989258,24.552162170410156,0.002092468034867225,0.08625763861957214,0.0,0.0,1.0,PlanStatus.FAIL,20,27.05608667185823,-0.026915969960055793,False,30.05406711467436,0.3236465484622514,0.9607181927068728,4.09020532032299,-0.026915969960055793,3.0,False,7.812900003045797,20,27.05608667185823,-0.026915969960055793,0.1,60,-37.7700996369811,24.552162170418242,0.002777092470113182,0.08625763861957214,-28.65916869716307,24.606558495305592,0.09884877093079052,2.9514376273103258,1,"[{""id"": 162, ""x"": -71.64137268066406, ""y"": 27.983861923217773, ""vx"": 0.0, ""vy"": 0.0, ""r"": 2.5906050205230713}]"
649,32.45,-37.77027893066406,24.552162170410156,0.0020928854541591756,5.302757989892274e-06,0.0014580516144633293,0.5,0.0,PlanStatus.OK,20,27.055907381778113,-0.026915472053644838,True,30.053888737076704,1.8548338509376738e-05,1.8707433675868405e-05,0.20333364489417963,-0.026915472053644838,3.0,False,8.101799990981817,20,27.055907381778113,-0.026915472053644838,0.1,60,-37.770278927761936,24.552162170418217,0.0027770924701402203,5.302757989892274e-06,-28.920358451048518,24.576750631019863,0.0027769580867570602,2.950000088379304,1,"[{""id"": 162, ""x"": -71.64137268066406, ""y"": 27.983861923217773, ""vx"": 0.0, ""vy"": 0.0, ""r"": 2.5906050205230713}]"
650,32.5,-37.76951599121094,24.55216407775879,0.002093341364451257,0.08625909114267592,0.0,0.0,1.0,PlanStatus.FAIL,20,27.05667032358613,-0.026915683463053806,False,30.0546475984928,0.32702930568483063,0.9706817822592131,4.1117037876620035,-0.026915683463053806,3.0,False,8.942299988120794,20,27.05667032358613,-0.026915683463053806,0.1,60,-37.76951598826919,24.55216407776696,0.002777092470213656,0.08625909114267592,-28.658662864332605,24.606855788864106,0.09984512998377004,2.9514376515190412,1,"[{""id"": 162, ""x"": -71.64137268066406, ""y"": 27.983861923217773, ""vx"": 0.0, ""vy"": 0.0, ""r"": 2.5906050205230713}]"
651,32.550000000000004,-37.76969528198242,24.55216407775879,0.002093759303891858,5.319738521575588e-06,0.0014561960706487298,0.5,0.0,PlanStatus.OK,20,27.05649103350601,-0.02691518555664285,True,30.05446922086289,1.8426811800303662e-05,1.8661136117893544e-05,0.203333549671394,-0.02691518555664285,3.0,False,8.072999771684408,20,27.05649103350601,-0.02691518555664285,0.1,60,-37.76969527905004,24.552164077766932,0.0027770924706982205,5.319738521575588e-06,-28.91977479092676,24.576752538335622,0.002776958183705753,2.9500000886623057,1,"[{""id"": 162, ""x"": -71.64137268066406, ""y"": 27.983861923217773, ""vx"": 0.0, ""vy"": 0.0, ""r"": 2.5906050205230713}]"
652,32.6,-37.7689323425293,24.552167892456055,0.0020942049412480935,0.08625740016058756,0.0,0.0,1.0,PlanStatus.FAIL,20,27.057253980610902,-0.026913489624775848,False,30.05522789016561,0.33035897521688035,0.9804863565764752,4.132864806236358,-0.026913489624775848,3.0,False,8.09270003810525,20,27.057253980610902,-0.026913489624775848,0.1,60,-37.768932339557495,24.552167892464308,0.002777092470186845,0.08625740016058756,-28.658165966683097,24.607150048593226,0.10082558750307202,2.9514376233360102,1,"[{""id"": 162, ""x"": -71.64137268066406, ""y"": 27.983861923217773, ""vx"": 0.0, ""vy"": 0.0, ""r"": 2.5906050205230713}]"
653,32.65,-37.76911163330078,24.552167892456055,0.0020946214502799063,5.335864362665194e-06,0.0014543652068823576,0.5,0.0,PlanStatus.OK,20,27.057074690530786,-0.026912991718364893,True,30.055049512502464,1.830528534213335e-05,1.8614861298947225e-05,0.20333345447567172,-0.026912991718364893,3.0,False,8.753200061619282,20,27.057074690530786,-0.026912991718364893,0.1,60,-37.769111630338344,24.552167892464283,0.002777092469630484,5.335864362665194e-06,-28.919191128996985,24.576756353000178,0.0027769582715959813,2.95000008893107,1,"[{""id"": 162, ""x"": -71.64137268066406, ""y"": 27.983861923217773, ""vx"": 0.0, ""vy"": 0.0, ""r"": 2.5906050205230713}]"
654,32.7,-37.768348693847656,24.552169799804688,0.002095069558342231,0.08625760111614886,0.0,0.0,1.0,PlanStatus.FAIL,20,27.057837632338803,-0.02691320312777384,False,30.05580837420407,0.33372346080692383,0.9903941551752043,4.154247128302755,-0.02691320312777384,3.0,False,7.779800100252032,20,27.057837632338803,-0.02691320312777384,0.1,60,-37.76834869084559,24.552169799813026,0.0027770924700550397,0.08625760111614886,-28.65766331122213,24.6074454769239,0.1018163674600625,2.951437626685267,1,"[{""id"": 162, ""x"": -71.64137268066406, ""y"": 27.983861923217773, ""vx"": 0.0, ""vy"": 0.0, ""r"": 2.5906050205230713}]"
655,32.75,-37.76852798461914,24.552169799804688,0.0020954871076713445,5.35375902504435e-06,0.0014525270089507103,0.5,0.0,PlanStatus.OK,20,27.057658342258684,-0.02691270522136289,True,30.055629996508692,1.818375831410215e-05,1.85685675832244e-05,0.20333335925831203,-0.02691270522136289,3.0,False,8.185999933630228,20,27.057658342258684,-0.02691270522136289,0.1,60,-37.768527981626434,24.552169799812997,0.0027770924700072685,5.35375902504435e-06,-28.918607466174265,24.576758260323547,0.002776958368566423,2.9500000892293197,1,"[{""id"": 162, ""x"": -71.64137268066406, ""y"": 27.983861923217773, ""vx"": 0.0, ""vy"": 0.0, ""r"": 2.5906050205230713}]"
656,32.800000000000004,-37.767765045166016,24.55217170715332,0.002095935085696507,0.08625758613275432,0.0,0.0,1.0,PlanStatus.FAIL,20,27.0584212840667,-0.026912916630771857,False,30.056388858350843,0.3370857390051594,1.0002945023661258,4.175615417818717,-0.026912916630771857,3.0,False,8.339999942108989,20,27.0584212840667,-0.026912916630771857,0.1,60,-37.767765042133696,24.55217170716174,0.0027770924699765352,0.08625758613275432,-28.65716120398391,24.607740583469077,0.10280640227615712,2.9514376264355437,1,"[{""id"": 162, ""x"": -71.64137268066406, ""y"": 27.983861923217773, ""vx"": 0.0, ""vy"": 0.0, ""r"": 2.5906050205230713}]"
657,32.85,-37.7679443359375,24.55217170715332,0.00209635211487697,5.366082018305372e-06,0.001450690091587603,0.5,0.0,PlanStatus.OK,20,27.05824199398658,-0.02691241872435735,True,30.05621048062323,1.806223326537958e-05,1.8522277247302356e-05,0.20333326404430288,-0.02691241872435735,3.0,False,8.117499994114041,20,27.05824199398658,-0.02691241872435735,0.1,60,-37.76794433291454,24.552171707161715,0.0027770924705663087,5.366082018305372e-06,-28.918023819785976,24.576760167601336,0.002776958465515963,2.950000089434702,1,"[{""id"": 162, ""x"": -71.64137268066406, ""y"": 27.983861923217773, ""vx"": 0.0, ""vy"": 0.0, ""r"": 2.5906050205230713}]"
658,32.9,-37.767181396484375,24.552175521850586,0.0020967954115642786,0.08625830133492332,0.0,0.0,1.0,PlanStatus.FAIL,20,27.059004941091477,-0.026910722792490342,False,30.056969150362228,0.3404607164440342,1.0102296160558355,4.1970644297186475,-0.026910722792490342,3.0,False,8.09000013396144,20,27.059004941091477,-0.026910722792490342,0.1,60,-37.76718139342201,24.55217552185909,0.00277709247019093,0.08625830133492332,-28.656658197322773,24.60803842982622,0.10379991373386874,2.951437638355583,1,"[{""id"": 162, ""x"": -71.64137268066406, ""y"": 27.983861923217773, ""vx"": 0.0, ""vy"": 0.0, ""r"": 2.5906050205230713}]"
659,32.95,-37.76736068725586,24.552175521850586,0.002097211920596091,5.388356905974073e-06,0.0014488642336800694,0.5,0.0,PlanStatus.OK,20,27.058825651011357,-0.02691022488607939,True,30.056790772601374,1.7940704742667758e-05,1.847600749377027e-05,0.20333316885629843,-0.02691022488607939,3.0,False,8.601099951192737,20,27.058825651011357,-0.02691022488607939,0.1,60,-37.767360684202856,24.552175521859066,0.0027770924697502974,5.388356905974073e-06,-28.91744013970418,24.576763982316443,0.0027769585533819288,2.950000089805945,1,"[{""id"": 162, ""x"": -71.64137268066406, ""y"": 27.983861923217773, ""vx"": 0.0, ""vy"": 0.0, ""r"": 2.5906050205230713}]"
660,33.0,-37.766597747802734,24.552175521850586,0.002097661068955717,0.0862580031257464,0.0,0.0,1.0,PlanStatus.FAIL,20,27.059588587522498,-0.026912343636764292,False,30.057549826969307,0.3438222298646498,1.020127559212406,4.218427853853819,-0.026912343636764292,3.0,False,8.026299998164177,20,27.059588587522498,-0.026912343636764292,0.1,60,-37.76659774470989,24.552175521859176,0.0027770924701652285,0.0862580031257464,-28.656155854796978,24.6083314629052,0.10478970815502903,2.951437633385426,1,"[{""id"": 162, ""x"": -71.64137268066406, ""y"": 27.983861923217773, ""vx"": 0.0, ""vy"": 0.0, ""r"": 2.5906050205230713}]"
661,33.050000000000004,-37.76677703857422,24.552175521850586,0.002098076667727391,5.294785440862795e-06,0.0014470280148088932,0.5,0.0,PlanStatus.OK,20,27.05940929744238,-0.02691184573035334,True,30.057371449177232,1.7819215457460985e-05,1.842972527009174e-05,0.2033330736342705,-0.02691184573035334,3.0,False,8.084299974143505,20,27.05940929744238,-0.02691184573035334,0.1,60,-37.76677703549074,24.552175521859148,0.002777092470732521,5.294785440862795e-06,-28.916856810017293,24.576763981371162,0.0027769586593544503,2.9500000882464197,1,"[{""id"": 162, ""x"": -71.64137268066406, ""y"": 27.983861923217773, ""vx"": 0.0, ""vy"": 0.0, ""r"": 2.5906050205230713}]"
662,33.1,-37.766014099121094,24.55217742919922,0.0020985190541545616,0.08625956805722701,0.0,0.0,1.0,PlanStatus.FAIL,20,27.060172239250395,-0.02691205713976231,False,30.058130311440976,0.34721570505911215,1.0301170101504762,4.239994442749024,-0.02691205713976231,3.0,False,7.971900049597025,20,27.060172239250395,-0.02691205713976231,0.1,60,-37.766014095997996,24.55217742920789,0.0027770924701834188,0.08625956805722701,-28.655649736543975,24.6086289244024,0.10578865334661992,2.951437659467623,1,"[{""id"": 162, ""x"": -71.64137268066406, ""y"": 27.983861923217773, ""vx"": 0.0, ""vy"": 0.0, ""r"": 2.5906050205230713}]"
663,33.15,-37.766197204589844,24.55217742919922,0.0020989346529262363,5.2588760322179094e-06,0.0014452059986069798,0.5,0.0,PlanStatus.OK,20,27.059989134487722,-0.026911548639597917,True,30.057948138343924,1.7698502511506302e-05,1.8383754776425676e-05,0.2033329790561122,-0.026911548639597917,3.0,False,7.723800139501691,20,27.059989134487722,-0.026911548639597917,0.1,60,-37.7661972014763,24.552177429207866,0.00277709247015891,5.2588760322179094e-06,-28.916277120318266,24.57676588825519,0.002776958755577947,2.95000008764793,1,"[{""id"": 162, ""x"": -71.64137268066406, ""y"": 27.983861923217773, ""vx"": 0.0, ""vy"": 0.0, ""r"": 2.5906050205230713}]"
664,33.2,-37.76543045043945,24.55217933654785,0.0020993826309513982,0.08625831614374453,0.0,0.0,1.0,PlanStatus.FAIL,20,27.060755890978296,-0.0269117706427603,False,30.058710796020947,0.3505626611922876,1.039968618485017,4.261265332085151,-0.0269117706427603,3.0,False,8.925699861720204,20,27.060755890978296,-0.0269117706427603,0.1,60,-37.76543044728609,24.55217933655661,0.002777092470372513,0.08625831614374453,-28.655150769597313,24.608922187609373,0.1067738142764592,2.951437638602397,1,"[{""id"": 162, ""x"": -71.64137268066406, ""y"": 27.983861923217773, ""vx"": 0.0, ""vy"": 0.0, ""r"": 2.5906050205230713}]"
665,33.25,-37.7656135559082,24.55217933654785,0.002099798229723073,5.221030186629934e-06,0.001443372224457562,0.5,0.0,PlanStatus.OK,20,27.060572786215623,-0.026911262142595933,True,30.05852862289099,1.757699464609431e-05,1.833748432370462e-05,0.20333288385825485,-0.026911262142595933,3.0,False,7.659099996089935,20,27.060572786215623,-0.026911262142595933,0.1,60,-37.7656135527644,24.552179336556584,0.0027770924694765857,5.221030186629934e-06,-28.915693621914137,24.576767795122247,0.002776958852519662,2.9500000870171705,1,"[{""id"": 162, ""x"": -71.64137268066406, ""y"": 27.983861923217773, ""vx"": 0.0, ""vy"": 0.0, ""r"": 2.5906050205230713}]"
666,33.300000000000004,-37.76484680175781,24.552181243896484,0.00210024594767391,0.08625837570336857,0.0,0.0,1.0,PlanStatus.FAIL,20,27.061339542706193,-0.026911484145758297,False,30.059291280709196,0.35393333670631477,1.049889195402105,4.282686992202135,-0.026911484145758297,3.0,False,8.333200123161077,20,27.061339542706193,-0.026911484145758297,0.1,60,-37.7648467985742,24.552181243905327,0.0027770924703567515,0.08625837570336857,-28.654648473136206,24.609217405552627,0.10776587206519232,2.9514376395950532,1,"[{""id"": 162, ""x"": -71.64137268066406, ""y"": 27.983861923217773, ""vx"": 0.0, ""vy"": 0.0, ""r"": 2.5906050205230713}]"
667,33.35,-37.76502990722656,24.552181243896484,0.0021006618065199096,5.502190982069666e-06,0.0014415383338928223,0.5,0.0,PlanStatus.OK,20,27.06115643794352,-0.026910975645593922,True,30.05910910754632,1.7455379105276534e-05,1.829114143030164e-05,0.20333278863092852,-0.026910975645593922,3.0,False,7.867699954658747,20,27.06115643794352,-0.026910975645593922,0.1,60,-37.76502990405251,24.5521812439053,0.002777092470530273,5.502190982069666e-06,-28.915109182506576,24.576769704602516,0.002776958949575149,2.950000091703185,1,"[{""id"": 162, ""x"": -71.64137268066406, ""y"": 27.983861923217773, ""vx"": 0.0, ""vy"": 0.0, ""r"": 2.5906050205230713}]"
668,33.4,-37.76426315307617,24.55218505859375,0.002101119537332267,0.08625856092803036,0.0,0.0,1.0,PlanStatus.FAIL,20,27.06192319973097,-0.026909290307480356,False,30.059871573278947,0.3573064622831787,1.059814357557129,4.304124226139926,-0.026909290307480356,3.0,False,8.291299920529127,20,27.06192319973097,-0.026909290307480356,0.1,60,-37.76426314986252,24.552185058602674,0.0027770924700139146,0.08625856092803036,-28.654146811618812,24.609514462518288,0.10875838836912638,2.9514376426821305,1,"[{""id"": 162, ""x"": -71.64137268066406, ""y"": 27.983861923217773, ""vx"": 0.0, ""vy"": 0.0, ""r"": 2.5906050205230713}]"
669,33.45,-37.76444625854492,24.55218505859375,0.0021015352661411042,5.503064875060789e-06,0.0014396834885701537,0.5,0.0,PlanStatus.OK,20,27.061740094968297,-0.026908781807312415,True,30.059689400082128,1.7333856243840555e-05,1.824488727352521e-05,0.20333269345861796,-0.026908781807312415,3.0,False,7.840600097551942,20,27.061740094968297,-0.026908781807312415,0.1,60,-37.764446255340836,24.55218505860265,0.0027770924704235123,5.503064875060789e-06,-28.914525565535108,24.576773519142613,0.0027769590373794557,2.9500000917177527,1,"[{""id"": 162, ""x"": -71.64137268066406, ""y"": 27.983861923217773, ""vx"": 0.0, ""vy"": 0.0, ""r"": 2.5906050205230713}]"
670,33.5,-37.76367950439453,24.552186965942383,0.0021019708906358193,0.08625564879751847,0.0,0.0,1.0,PlanStatus.FAIL,20,27.062506851458867,-0.026909003810478352,False,30.060452058187124,0.3606292719012134,1.0695923623142427,4.32524162232711,-0.026909003810478352,3.0,False,8.569299941882491,20,27.062506851458867,-0.026909003810478352,0.1,60,-37.763679501150634,24.552186965951392,0.0027770924699609153,0.08625564879751847,-28.653652059510605,24.60980525148138,0.10973618894038274,2.951437594146629,1,"[{""id"": 162, ""x"": -71.64137268066406, ""y"": 27.983861923217773, ""vx"": 0.0, ""vy"": 0.0, ""r"": 2.5906050205230713}]"
671,33.550000000000004,-37.76386260986328,24.552186965942383,0.0021023855791473555,5.51385694404988e-06,0.001437877886928618,0.5,0.0,PlanStatus.OK,20,27.062323746696194,-0.026908495310310407,True,30.060269884957407,1.721233238295477e-05,1.8198611689925794e-05,0.20333259826422903,-0.026908495310310407,3.0,False,7.995200110599399,20,27.062323746696194,-0.026908495310310407,0.1,60,-37.76386260662895,24.552186965951364,0.002777092470752943,5.51385694404988e-06,-28.913941923654058,24.57677542640826,0.0027769591343047993,2.9500000918976133,1,"[{""id"": 162, ""x"": -71.64137268066406, ""y"": 27.983861923217773, ""vx"": 0.0, ""vy"": 0.0, ""r"": 2.5906050205230713}]"
672,33.6,-37.76309585571289,24.552188873291016,0.002102817822675843,0.08625739920372513,0.0,0.0,1.0,PlanStatus.FAIL,20,27.063090503186768,-0.02690871731347279,False,30.061032543203595,0.364032911772217,1.0796074565346787,4.34687281708842,-0.02690871731347279,3.0,False,7.936300011351705,20,27.063090503186768,-0.02690871731347279,0.1,60,-37.76309585243873,24.552188873300107,0.0027770924703577823,0.08625739920372513,-28.653145470331623,24.610102989758765,0.11073769846029327,2.9514376233200617,1,"[{""id"": 162, ""x"": -71.64137268066406, ""y"": 27.983861923217773, ""vx"": 0.0, ""vy"": 0.0, ""r"": 2.5906050205230713}]"
673,33.65,-37.76327896118164,24.552188873291016,0.002103232251113054,5.404743910207858e-06,0.001436079852283001,0.5,0.0,PlanStatus.OK,20,27.062907398424095,-0.026908208813308424,True,30.060850369940958,1.7090848166492658e-05,1.8152366337786073e-05,0.20333250308457848,-0.026908208813308424,3.0,False,8.312499849125743,20,27.062907398424095,-0.026908208813308424,0.1,60,-37.76327895791705,24.552188873300082,0.002777092470754288,5.404743910207858e-06,-28.913358635467016,24.576777332691762,0.0027769592311842946,2.9500000900790613,1,"[{""id"": 162, ""x"": -71.64137268066406, ""y"": 27.983861923217773, ""vx"": 0.0, ""vy"": 0.0, ""r"": 2.5906050205230713}]"
674,33.7,-37.76251220703125,24.55219268798828,0.0021036735972429234,0.08625575264536992,0.0,0.0,1.0,PlanStatus.FAIL,20,27.06367416021154,-0.026906523475194833,False,30.061612836111763,0.3673789507143456,1.089450409979212,4.368137869035756,-0.026906523475194833,3.0,False,8.024700218811631,20,27.06367416021154,-0.026906523475194833,0.1,60,-37.762512203727084,24.552192687997458,0.0027770924701598244,0.08625575264536992,-28.652648458997948,24.610397316898965,0.11172199389222763,2.9514375958774233,1,"[{""id"": 162, ""x"": -71.64137268066406, ""y"": 27.983861923217773, ""vx"": 0.0, ""vy"": 0.0, ""r"": 2.5906050205230713}]"
675,33.75,-37.7626953125,24.55219268798828,0.002104091406646362,5.4129165118620286e-06,0.0014342553913593292,0.5,0.0,PlanStatus.OK,20,27.063491055448868,-0.02690601497503046,True,30.061430662815212,1.6969323752647185e-05,1.8106116823988355e-05,0.20333240792002413,-0.02690601497503046,3.0,False,7.875600131228566,20,27.063491055448868,-0.02690601497503046,0.1,60,-37.76269530920539,24.55219268799743,0.002777092469927827,5.4129165118620286e-06,-28.91277499695228,24.576781147291825,0.0027769593189704333,2.950000090215279,1,"[{""id"": 162, ""x"": -71.64137268066406, ""y"": 27.983861923217773, ""vx"": 0.0, ""vy"": 0.0, ""r"": 2.5906050205230713}]"
676,33.800000000000004,-37.76192855834961,24.552194595336914,0.0021045315824417686,0.08625834531100852,0.0,0.0,1.0,PlanStatus.FAIL,20,27.06425781193944,-0.026906236978192846,False,30.06219332134812,0.3707997015097744,1.0995142481713875,4.389877828151456,-0.026906236978192846,3.0,False,8.099599974229932,20,27.06425781193944,-0.026906236978192846,0.1,60,-37.76192855501519,24.552194595346176,0.0027770924698872724,0.08625834531100852,-28.652139731457506,24.610696310681057,0.11272837780972418,2.9514376390885184,1,"[{""id"": 162, ""x"": -71.64137268066406, ""y"": 27.983861923217773, ""vx"": 0.0, ""vy"": 0.0, ""r"": 2.5906050205230713}]"
677,33.85,-37.76211166381836,24.55219268798828,0.0021049482215107435,5.434970171080588e-06,0.001432435936294496,0.5,0.0,PlanStatus.OK,20,27.06407470187989,-0.02690763581930443,True,30.062011340232843,1.684779692144428e-05,1.8059823581753967e-05,0.20333231270864438,-0.02690763581930443,3.0,False,9.707000106573105,20,27.06407470187989,-0.02690763581930443,0.1,60,-37.76211166049327,24.552192687997515,0.002777092470514012,5.434970171080588e-06,-28.912191326208315,24.576781147294145,0.002776959425043919,2.95000009058284,1,"[{""id"": 162, ""x"": -71.64137268066406, ""y"": 27.983861923217773, ""vx"": 0.0, ""vy"": 0.0, ""r"": 2.5906050205230713}]"
678,33.9,-37.76134490966797,24.552194595336914,0.0021053900877892637,0.08625852376250316,0.0,0.0,1.0,PlanStatus.FAIL,20,27.064841458370463,-0.026907857822466796,False,30.062773998902507,0.3741816007545147,1.1094648540764203,4.41137082278792,-0.026907857822466796,3.0,False,7.660800125449896,20,27.064841458370463,-0.026907857822466796,0.1,60,-37.76134490630305,24.552194595346258,0.002777092470216567,0.08625852376250316,-28.65163617943501,24.610990054386512,0.11372343850598965,2.9514376420627113,1,"[{""id"": 162, ""x"": -71.64137268066406, ""y"": 27.983861923217773, ""vx"": 0.0, ""vy"": 0.0, ""r"": 2.5906050205230713}]"
679,33.95,-37.76152801513672,24.552194595336914,0.0021058059466352633,5.448507079649376e-06,0.0014306145021691918,0.5,0.0,PlanStatus.OK,20,27.06465835360779,-0.026907349322302425,True,30.062591825541176,1.672627281525491e-05,1.801355546328983e-05,0.20333221752515043,-0.026907349322302425,3.0,False,7.945900084450841,20,27.06465835360779,-0.026907349322302425,0.1,60,-37.76152801178137,24.552194595346233,0.002777092470145901,5.448507079649376e-06,-28.911607676227224,24.57678305458251,0.0027769595219623495,2.950000090808453,1,"[{""id"": 162, ""x"": -71.64137268066406, ""y"": 27.983861923217773, ""vx"": 0.0, ""vy"": 0.0, ""r"": 2.5906050205230713}]"
680,34.0,-37.760765075683594,24.552196502685547,0.0021062450821333688,0.08625813639940776,0.0,0.0,1.0,PlanStatus.FAIL,20,27.065421295415806,-0.026907560731711376,False,30.063350689072834,0.37753204575151494,1.119320330634854,4.432663904189694,-0.026907560731711376,3.0,False,7.880699820816517,20,27.065421295415806,-0.026907560731711376,0.1,60,-37.76076507228863,24.552196502694976,0.0027770924701597923,0.08625813639940776,-28.65113830579227,24.61128268851706,0.11470898625791925,2.9514376356066547,1,"[{""id"": 162, ""x"": -71.64137268066406, ""y"": 27.983861923217773, ""vx"": 0.0, ""vy"": 0.0, ""r"": 2.5906050205230713}]"
681,34.050000000000004,-37.76094436645508,24.552196502685547,0.0021066615911651816,5.261535756546892e-06,0.001428797491826117,0.5,0.0,PlanStatus.OK,20,27.065242005335687,-0.02690706282530042,True,30.063172310957754,1.660481394131204e-05,1.796733619636049e-05,0.2033321223641858,-0.02690706282530042,3.0,False,7.931899977847934,20,27.065242005335687,-0.02690706282530042,0.1,60,-37.76094436306948,24.55219650269495,0.0027770924698746627,5.261535756546892e-06,-28.911024617702473,24.57678496022846,0.0027769596187746776,2.950000087692266,1,"[{""id"": 162, ""x"": -71.64137268066406, ""y"": 27.983861923217773, ""vx"": 0.0, ""vy"": 0.0, ""r"": 2.5906050205230713}]"
682,34.1,-37.76018142700195,24.55219841003418,0.0021070731587848153,0.0862549630578911,0.0,0.0,1.0,PlanStatus.FAIL,20,27.066004947143703,-0.02690727423470939,False,30.063931174629857,0.3808582826554897,1.1291038733339016,4.453803074752506,-0.02690727423470939,3.0,False,7.793699856847525,20,27.066004947143703,-0.02690727423470939,0.1,60,-37.76018142357674,24.552198410043694,0.0027770924698629633,0.0862549630578911,-28.650644216863626,24.61157308850895,0.11568734062322866,2.9514375827176336,1,"[{""id"": 162, ""x"": -71.64137268066406, ""y"": 27.983861923217773, ""vx"": 0.0, ""vy"": 0.0, ""r"": 2.5906050205230713}]"
683,34.15,-37.76036071777344,24.55219841003418,0.002107488627519327,5.218660617809756e-06,0.001427041250281036,0.5,0.0,PlanStatus.OK,20,27.065825657063588,-0.026906776328298434,True,30.063752796482568,1.6483308599519902e-05,1.7921085385527377e-05,0.20333202719186533,-0.026906776328298434,3.0,False,8.1859000492841,20,27.065825657063588,-0.026906776328298434,0.1,60,-37.76036071435759,24.552198410043665,0.0027770924703054353,5.218660617809756e-06,-28.910441134123424,24.57678686705484,0.0027769597156627733,2.9500000869776786,1,"[{""id"": 162, ""x"": -71.64137268066406, ""y"": 27.983861923217773, ""vx"": 0.0, ""vy"": 0.0, ""r"": 2.5906050205230713}]"
684,34.2,-37.75959777832031,24.552202224731445,0.0021079065669599283,0.08625616211439575,0.0,0.0,1.0,PlanStatus.FAIL,20,27.06658860416848,-0.02690508039643143,False,30.06451146809546,0.38425955384447175,1.1391055435860908,4.475419206940153,-0.02690508039643143,3.0,False,7.966000121086836,20,27.06658860416848,-0.02690508039643143,0.1,60,-37.7595977748651,24.55220222474104,0.0027770924701780797,0.08625616211439575,-28.65013998084506,24.611871657393653,0.11668750773730349,2.9514376027019074,1,"[{""id"": 162, ""x"": -71.64137268066406, ""y"": 27.983861923217773, ""vx"": 0.0, ""vy"": 0.0, ""r"": 2.5906050205230713}]"
685,34.25,-37.7597770690918,24.552202224731445,0.0021083219056572777,5.193826384440702e-06,0.0014252717373892665,0.5,0.0,PlanStatus.OK,20,27.06640931408836,-0.02690458249001692,True,30.064333089914953,1.6361795244913596e-05,1.7874854304333193e-05,0.2033319320445022,-0.02690458249001692,3.0,False,9.168099844828248,20,27.06640931408836,-0.02690458249001692,0.1,60,-37.75977706564595,24.552202224741016,0.0027770924702347527,5.193826384440702e-06,-28.909857592953763,24.576790681384825,0.002776959803388639,2.9500000865637714,1,"[{""id"": 162, ""x"": -71.64137268066406, ""y"": 27.983861923217773, ""vx"": 0.0, ""vy"": 0.0, ""r"": 2.5906050205230713}]"
686,34.300000000000004,-37.75901412963867,24.552204132080078,0.0021087434861384318,0.08625724984373072,0.0,0.0,1.0,PlanStatus.FAIL,20,27.067172255896377,-0.026904793899425867,False,30.06509195387234,0.38766118572912944,1.1491094669258795,4.497037629616625,-0.026904793899425867,3.0,False,7.68949999473989,20,27.067172255896377,-0.026904793899425867,0.1,60,-37.759014126153204,24.55220413208976,0.0027770924702733915,0.08625724984373072,-28.64963507400525,24.612168408446216,0.11768790016880008,2.9514376208307267,1,"[{""id"": 162, ""x"": -71.64137268066406, ""y"": 27.983861923217773, ""vx"": 0.0, ""vy"": 0.0, ""r"": 2.5906050205230713}]"
687,34.35,-37.759193420410156,24.552204132080078,0.0021091589548729436,5.236158174563256e-06,0.001423494191840291,0.5,0.0,PlanStatus.OK,20,27.06699296581626,-0.026904295993014915,True,30.064913575659624,1.62402603489222e-05,1.782858803933869e-05,0.2033318368689851,-0.026904295993014915,3.0,False,7.682899944484234,20,27.06699296581626,-0.026904295993014915,0.1,60,-37.75919341693406,24.55220413208973,0.002777092470349319,5.236158174563256e-06,-28.90927385802767,24.576792588909296,0.0027769599003129876,2.9500000872693013,1,"[{""id"": 162, ""x"": -71.64137268066406, ""y"": 27.983861923217773, ""vx"": 0.0, ""vy"": 0.0, ""r"": 2.5906050205230713}]"
688,34.4,-37.75843048095703,24.55220603942871,0.002109568701972301,0.08625561797292884,0.0,0.0,1.0,PlanStatus.FAIL,20,27.067755907624278,-0.026904507402423863,False,30.065672439757435,0.39101758604657677,1.1589796691238023,4.518368531505273,-0.026904507402423863,3.0,False,8.24670004658401,20,27.067755907624278,-0.026904507402423863,0.1,60,-37.758430477441316,24.552206039438474,0.0027770924703398674,0.08625561797292884,-28.649137071589518,24.61246110613642,0.11867492048474383,2.9514375936328814,1,"[{""id"": 162, ""x"": -71.64137268066406, ""y"": 27.983861923217773, ""vx"": 0.0, ""vy"": 0.0, ""r"": 2.5906050205230713}]"
689,34.45,-37.758609771728516,24.55220603942871,0.0021099833904838373,5.204877861347341e-06,0.0014217434218153358,0.5,0.0,PlanStatus.OK,20,27.06757661754416,-0.026904009496012907,True,30.065494061512503,1.611875054011577e-05,1.778234055508504e-05,0.20333174170364945,-0.026904009496012907,3.0,False,8.169300155714154,20,27.06757661754416,-0.026904009496012907,0.1,60,-37.75860976822218,24.55220603943845,0.002777092470611061,5.204877861347341e-06,-28.90869034024101,24.57679449583083,0.002776959997187787,2.950000086747962,1,"[{""id"": 162, ""x"": -71.64137268066406, ""y"": 27.983861923217773, ""vx"": 0.0, ""vy"": 0.0, ""r"": 2.5906050205230713}]"
690,34.5,-37.75784683227539,24.552209854125977,0.002110402240184577,0.08625289846117203,0.0,0.0,1.0,PlanStatus.FAIL,20,27.06833956464905,-0.026902313564145925,False,30.066252733561342,0.39435571544746206,1.168793528391006,4.539583291332233,-0.026902313564145925,3.0,False,7.655099965631962,20,27.06833956464905,-0.026902313564145925,0.1,60,-37.75784682872969,24.552209854135825,0.0027770924701152875,0.08625289846117203,-28.648642783606398,24.612753834947558,0.11965630649833774,2.9514375483076845,1,"[{""id"": 162, ""x"": -71.64137268066406, ""y"": 27.983861923217773, ""vx"": 0.0, ""vy"": 0.0, ""r"": 2.5906050205230713}]"
691,34.550000000000004,-37.758026123046875,24.552209854125977,0.002110816668621788,5.203645972511846e-06,0.0014199737925082445,0.5,0.0,PlanStatus.OK,20,27.068160274568935,-0.026901815657734966,True,30.06607435528322,1.599722853523616e-05,1.7736110463858513e-05,0.203331646562095,-0.026901815657734966,3.0,False,7.56680010817945,20,27.068160274568935,-0.026901815657734966,0.1,60,-37.75802611951053,24.552209854135796,0.002777092470409117,5.203645972511846e-06,-28.908106729435758,24.576798310354327,0.002776960084880571,2.9500000867274294,1,"[{""id"": 162, ""x"": -71.64137268066406, ""y"": 27.983861923217773, ""vx"": 0.0, ""vy"": 0.0, ""r"": 2.5906050205230713}]"
692,34.6,-37.75726318359375,24.55221176147461,0.002111224335126544,0.08625559601764897,0.0,0.0,1.0,PlanStatus.FAIL,20,27.06892321637695,-0.026902027067143917,False,30.06683321966625,0.39778869539195916,1.1788876513394126,4.5614009779160405,-0.026902027067143917,3.0,False,7.706000003963709,20,27.06892321637695,-0.026902027067143917,0.1,60,-37.7572631800178,24.55221176148454,0.002777092470247369,0.08625559601764897,-28.648133789737628,24.61305298558499,0.12066571889147847,2.951437593266964,1,"[{""id"": 162, ""x"": -71.64137268066406, ""y"": 27.983861923217773, ""vx"": 0.0, ""vy"": 0.0, ""r"": 2.5906050205230713}]"
693,34.65,-37.757442474365234,24.55221176147461,0.0021116373331549663,5.187703671887842e-06,0.0014182310551404953,0.5,0.0,PlanStatus.OK,20,27.068743926296833,-0.026901529160732962,True,30.06665484135592,1.5875713757768495e-05,1.7689863820533752e-05,0.20333155140081896,-0.026901529160732962,3.0,False,7.737099891528487,20,27.068743926296833,-0.026901529160732962,0.1,60,-37.75744247079865,24.552211761484514,0.002777092469991267,5.187703671887842e-06,-28.907523166400747,24.57680021740162,0.002776960181755674,2.950000086461729,1,"[{""id"": 162, ""x"": -71.64137268066406, ""y"": 27.983861923217773, ""vx"": 0.0, ""vy"": 0.0, ""r"": 2.5906050205230713}]"
694,34.7,-37.75667953491211,24.552213668823242,0.0021120585235246325,0.08625264459660928,0.0,0.0,1.0,PlanStatus.FAIL,20,27.06950686810485,-0.026901740570141913,False,30.067413705879375,0.40112621771211404,1.188700419499894,4.5826118737977755,-0.026901740570141913,3.0,False,8.774700108915567,20,27.06950686810485,-0.026901740570141913,0.1,60,-37.75667953130591,24.552213668833257,0.002777092470219626,0.08625264459660928,-28.64763913728772,24.613343716771073,0.12164699580300269,2.9514375440766085,1,"[{""id"": 162, ""x"": -71.64137268066406, ""y"": 27.983861923217773, ""vx"": 0.0, ""vy"": 0.0, ""r"": 2.5906050205230713}]"
695,34.75,-37.756858825683594,24.55221176147461,0.0021124720417017052,5.193138880264449e-06,0.0014164585154503584,0.5,0.0,PlanStatus.OK,20,27.069327572727854,-0.02690315000500693,True,30.067235519720477,1.5754192774659095e-05,1.764359237898562e-05,0.203331456215954,-0.02690315000500693,3.0,False,7.673599990084767,20,27.069327572727854,-0.02690315000500693,0.1,60,-37.75685882208652,24.5522117614846,0.0027770924701348,5.193138880264449e-06,-28.906939544692445,24.576800217268318,0.002776960287861036,2.9500000865523126,1,"[{""id"": 162, ""x"": -71.64137268066406, ""y"": 27.983861923217773, ""vx"": 0.0, ""vy"": 0.0, ""r"": 2.5906050205230713}]"
696,34.800000000000004,-37.75609588623047,24.552213668823242,0.002112892841959884,0.08625282322427676,0.0,0.0,1.0,PlanStatus.FAIL,20,27.07009051453587,-0.026903361414415877,False,30.067994384379936,0.40451939023729877,1.1986782479726716,4.604176515219015,-0.026903361414415877,3.0,False,10.7207999099046,20,27.07009051453587,-0.026903361414415877,0.1,60,-37.75609588259378,24.552213668833343,0.0027770924701384166,0.08625282322427676,-28.647135585446062,24.61363746092976,0.12264477875609825,2.951437547053742,1,"[{""id"": 162, ""x"": -71.64137268066406, ""y"": 27.983861923217773, ""vx"": 0.0, ""vy"": 0.0, ""r"": 2.5906050205230713}]"
697,34.85,-37.75627517700195,24.552213668823242,0.0021133061000626315,5.2098828100861636e-06,0.0014146872563287616,0.5,0.0,PlanStatus.OK,20,27.069911224455755,-0.026902863508004925,True,30.06781600600622,1.563266637161746e-05,1.7597341937214926e-05,0.20333136105674174,-0.026902863508004925,3.0,False,11.191600002348423,20,27.069911224455755,-0.026902863508004925,0.1,60,-37.75627517337463,24.552213668833318,0.0027770924694108033,5.2098828100861636e-06,-28.906355885240984,24.576802124583477,0.0027769603847652273,2.950000086831381,1,"[{""id"": 162, ""x"": -71.64137268066406, ""y"": 27.983861923217773, ""vx"": 0.0, ""vy"": 0.0, ""r"": 2.5906050205230713}]"
698,34.9,-37.75551223754883,24.552215576171875,0.0021137196182397042,0.08625411249631318,0.0,0.0,1.0,PlanStatus.FAIL,20,27.07067416626377,-0.026903074917413877,False,30.06857487080608,0.4079319400732521,1.208710471005292,4.625864331563582,-0.026903074917413877,3.0,False,8.1472999881953,20,27.07067416626377,-0.026903074917413877,0.1,60,-37.755512233881895,24.55221557618206,0.0027770924700623715,0.08625411249631318,-28.64663016696614,24.61393451272706,0.1236480011569504,2.951437568541605,1,"[{""id"": 162, ""x"": -71.64137268066406, ""y"": 27.983861923217773, ""vx"": 0.0, ""vy"": 0.0, ""r"": 2.5906050205230713}]"
699,34.95,-37.75569152832031,24.552215576171875,0.002114132356193802,5.213202142585185e-06,0.001412932644598186,0.5,0.0,PlanStatus.OK,20,27.070494876183652,-0.026902577011002918,True,30.068396492400147,1.5511143946001157e-05,1.755109691126827e-05,0.20333126590156905,-0.026902577011002918,3.0,False,7.917300099506974,20,27.070494876183652,-0.026902577011002918,0.1,60,-37.75569152466275,24.552215576182032,0.0027770924700194965,5.213202142585185e-06,-28.905772265388492,24.57680403178872,0.0027769604816392807,2.9500000868867,1,"[{""id"": 162, ""x"": -71.64137268066406, ""y"": 27.983861923217773, ""vx"": 0.0, ""vy"": 0.0, ""r"": 2.5906050205230713}]"
700,35.0,-37.75492858886719,24.55221939086914,0.0021145588780871346,0.08625276321707252,0.0,0.0,1.0,PlanStatus.FAIL,20,27.071257823288544,-0.026900881079132362,False,30.069155165167892,0.4112996612747194,1.2186082677070622,4.647267187170364,-0.026900881079132362,3.0,False,7.998900022357702,20,27.071257823288544,-0.026900881079132362,0.1,60,-37.754928585170276,24.552219390879408,0.0027770924702749393,0.08625276321707252,-28.6461323999434,24.614229284305566,0.12463778091463917,2.9514375460536186,1,"[{""id"": 162, ""x"": -71.64137268066406, ""y"": 27.983861923217773, ""vx"": 0.0, ""vy"": 0.0, ""r"": 2.5906050205230713}]"
701,35.050000000000004,-37.75510787963867,24.55221939086914,0.002114973566598671,5.243645999029232e-06,0.0014111462514847517,0.5,0.0,PlanStatus.OK,20,27.07107853320843,-0.026900383172721407,True,30.06897678672877,1.5389612162290705e-05,1.7504869593925297e-05,0.20333117077078383,-0.026900383172721407,3.0,False,8.124100044369698,20,27.07107853320843,-0.026900383172721407,0.1,60,-37.755107875951126,24.552219390879383,0.002777092469979472,5.243645999029232e-06,-28.9051885611283,24.576807846571988,0.00277696056929273,2.9500000873940984,1,"[{""id"": 162, ""x"": -71.64137268066406, ""y"": 27.983861923217773, ""vx"": 0.0, ""vy"": 0.0, ""r"": 2.5906050205230713}]"
702,35.1,-37.75434494018555,24.552221298217773,0.002115399048194703,0.08625292696368721,0.0,0.0,1.0,PlanStatus.FAIL,20,27.071841475016445,-0.026900594582130375,False,30.069735651813787,0.41469532900691153,1.2285897058958444,4.66884768695147,-0.026900594582130375,3.0,False,7.7454999554902315,20,27.071841475016445,-0.026900594582130375,0.1,60,-37.754344936458395,24.552221298228126,0.002777092470162575,0.08625292696368721,-28.645629838840776,24.61452465872553,0.12563592483054858,2.951437548782732,1,"[{""id"": 162, ""x"": -71.64137268066406, ""y"": 27.983861923217773, ""vx"": 0.0, ""vy"": 0.0, ""r"": 2.5906050205230713}]"
703,35.15,-37.75452423095703,24.552221298217773,0.0021158134766319143,5.200435632271889e-06,0.0014093626523390412,0.5,0.0,PlanStatus.OK,20,27.071662184936326,-0.02690009667571942,True,30.06955727334246,1.5268106553142862e-05,1.7458639648072934e-05,0.20333107562607122,-0.02690009667571942,3.0,False,8.201200049370527,20,27.071662184936326,-0.02690009667571942,0.1,60,-37.75452422723925,24.552221298228098,0.002777092470247892,5.200435632271889e-06,-28.90460507852413,24.576809753396205,0.00277696066617403,2.950000086673927,1,"[{""id"": 162, ""x"": -71.64137268066406, ""y"": 27.983861923217773, ""vx"": 0.0, ""vy"": 0.0, ""r"": 2.5906050205230713}]"
704,35.2,-37.753761291503906,24.552223205566406,0.0021162211431366698,0.08625557995265995,0.0,0.0,1.0,PlanStatus.FAIL,20,27.072425126744342,-0.02690030808512837,False,30.070316138567847,0.4181348698267779,1.2386995889080903,4.6907070730608655,-0.02690030808512837,3.0,False,8.289400022476912,20,27.072425126744342,-0.02690030808512837,0.1,60,-37.753761287746514,24.55222320557684,0.002777092470214751,0.08625557995265995,-28.645120958148233,24.614823743296323,0.12664691323002564,2.951437592999213,1,"[{""id"": 162, ""x"": -71.64137268066406, ""y"": 27.983861923217773, ""vx"": 0.0, ""vy"": 0.0, ""r"": 2.5906050205230713}]"
705,35.25,-37.75394058227539,24.552223205566406,0.0021166334909792795,5.275423856339333e-06,0.001407621311955154,0.5,0.0,PlanStatus.OK,20,27.072245836664226,-0.026899810178717412,True,30.070137760064334,1.5146559765220132e-05,1.7412384224991737e-05,0.2033309804719301,-0.026899810178717412,3.0,False,7.7315999660640955,20,27.072245836664226,-0.026899810178717412,0.1,60,-37.75394057852737,24.552223205576816,0.0027770924702532687,5.275423856339333e-06,-28.904021247258104,24.576811661188707,0.002776960763091869,2.9500000879237276,1,"[{""id"": 162, ""x"": -71.64137268066406, ""y"": 27.983861923217773, ""vx"": 0.0, ""vy"": 0.0, ""r"": 2.5906050205230713}]"
706,35.300000000000004,-37.753177642822266,24.55222511291504,0.002117088230936897,0.08625223331126143,0.0,0.0,1.0,PlanStatus.FAIL,20,27.073008778472243,-0.026900021588126384,False,30.070896625430095,0.4214726598992473,1.248509814593532,4.7119196596377915,-0.026900021588126384,3.0,False,8.114500204101205,20,27.073008778472243,-0.026900021588126384,0.1,60,-37.75317763903463,24.55222511292556,0.0027770924703783137,0.08625223331126143,-28.64462730909598,24.615113885776065,0.12762793589384602,2.951437537221852,1,"[{""id"": 162, ""x"": -71.64137268066406, ""y"": 27.983861923217773, ""vx"": 0.0, ""vy"": 0.0, ""r"": 2.5906050205230713}]"
707,35.35,-37.75335693359375,24.55222511291504,0.0021175050000430346,5.202905709202864e-06,0.0014057706575840712,0.5,0.0,PlanStatus.OK,20,27.072829488392124,-0.026899523681715425,True,30.07071824689438,1.5025063546602584e-05,1.7366165218613526e-05,0.20333088533559837,-0.026899523681715425,3.0,False,7.606800179928541,20,27.072829488392124,-0.026899523681715425,0.1,60,-37.753356929815496,24.552225112925534,0.002777092469633518,5.202905709202864e-06,-28.90343785110408,24.57681356777296,0.002776960859915124,2.9500000867150944,1,"[{""id"": 162, ""x"": -71.64137268066406, ""y"": 27.983861923217773, ""vx"": 0.0, ""vy"": 0.0, ""r"": 2.5906050205230713}]"
708,35.4,-37.752593994140625,24.552228927612305,0.002117948426767506,0.08625162973693508,0.0,0.0,1.0,PlanStatus.FAIL,20,27.073592435497016,-0.026897827749848422,False,30.071476920241622,0.4248578943407008,1.2584569167864947,4.7334338349690555,-0.026897827749848422,3.0,False,8.09440016746521,20,27.073592435497016,-0.026897827749848422,0.1,60,-37.75259399032303,24.552228927622906,0.0027770924701070363,0.08625162973693508,-28.64412764855721,24.61540976923848,0.12862264620098704,2.9514375271622866,1,"[{""id"": 162, ""x"": -71.64137268066406, ""y"": 27.983861923217773, ""vx"": 0.0, ""vy"": 0.0, ""r"": 2.5906050205230713}]"
709,35.45,-37.75277328491211,24.552228927612305,0.0021183629852418798,5.204993611357076e-06,0.0014039486413821578,0.5,0.0,PlanStatus.OK,20,27.0734131454169,-0.026897329843433914,True,30.071298541672725,1.4903542313475308e-05,1.731995296049612e-05,0.20333079021894343,-0.026897329843433914,3.0,False,9.013900067657232,20,27.0734131454169,-0.026897329843433914,0.1,60,-37.75277328110388,24.55222892762288,0.0027770924707310046,5.204993611357076e-06,-28.902854230470755,24.576817382324187,0.00277696094751963,2.950000086749892,1,"[{""id"": 162, ""x"": -71.64137268066406, ""y"": 27.983861923217773, ""vx"": 0.0, ""vy"": 0.0, ""r"": 2.5906050205230713}]"
710,35.5,-37.752010345458984,24.552230834960938,0.0021188097929325787,0.08625244177695868,0.0,0.0,1.0,PlanStatus.FAIL,20,27.074176087224917,-0.026897541252846414,False,30.07205740732357,0.4282693313333923,1.2684826486494587,4.755114569831109,-0.026897541252846414,3.0,False,8.038700092583895,20,27.074176087224917,-0.026897541252846414,0.1,60,-37.752010341611154,24.552230834971624,0.0027770924701855594,0.08625244177695868,-28.643623441536956,24.615706110187162,0.12962521948460845,2.95143754069628,1,"[{""id"": 162, ""x"": -71.64137268066406, ""y"": 27.983861923217773, ""vx"": 0.0, ""vy"": 0.0, ""r"": 2.5906050205230713}]"
711,35.550000000000004,-37.75218963623047,24.552228927612305,0.002119224351406952,5.211985916898852e-06,0.001402119523845613,0.5,0.0,PlanStatus.OK,20,27.07399679184792,-0.026898950687711413,True,30.07187922087899,1.478201906122316e-05,1.7273697305742602e-05,0.2033306950556282,-0.026898950687711413,3.0,False,7.880999939516187,20,27.07399679184792,-0.026898950687711413,0.1,60,-37.75218963239173,24.552228927622966,0.0027770924703900807,5.211985916898852e-06,-28.902270604182192,24.576817382204087,0.002776961053660898,2.9500000868664293,1,"[{""id"": 162, ""x"": -71.64137268066406, ""y"": 27.983861923217773, ""vx"": 0.0, ""vy"": 0.0, ""r"": 2.5906050205230713}]"
712,35.6,-37.751426696777344,24.552230834960938,0.002119670768986163,0.08625253855519421,0.0,0.0,1.0,PlanStatus.FAIL,20,27.074759733655938,-0.026899162097120382,False,30.07263808666579,0.43167033368008956,1.2784793768605853,4.776728972282705,-0.026899162097120382,3.0,False,10.17399993725121,20,27.074759733655938,-0.026899162097120382,0.1,60,-37.75142669289901,24.55223083497171,0.002777092470204571,0.08625253855519421,-28.643120098044598,24.615999732527744,0.13062489241151734,2.951437542309252,1,"[{""id"": 162, ""x"": -71.64137268066406, ""y"": 27.983861923217773, ""vx"": 0.0, ""vy"": 0.0, ""r"": 2.5906050205230713}]"
713,35.65,-37.751609802246094,24.552230834960938,0.0021200854574976993,5.196635253289588e-06,0.0014002909883856773,0.5,0.0,PlanStatus.OK,20,27.074576628893265,-0.026898653596955993,True,30.072455912743585,1.4661298557653837e-05,1.7227773332216707e-05,0.20333060054389332,-0.026898653596955993,3.0,False,8.777400013059378,20,27.074576628893265,-0.026898653596955993,0.1,60,-37.751609798377324,24.55223083497168,0.0027770924703393023,5.196635253289588e-06,-28.90169085380961,24.576819289257962,0.00277696114981473,2.9500000866105918,1,"[{""id"": 162, ""x"": -71.64137268066406, ""y"": 27.983861923217773, ""vx"": 0.0, ""vy"": 0.0, ""r"": 2.5906050205230713}]"
714,35.7,-37.7508430480957,24.55223274230957,0.0021205310948539348,0.08625256085281877,0.0,0.0,1.0,PlanStatus.FAIL,20,27.075343385383835,-0.026898875600118378,False,30.073218573960673,0.43507043825739933,1.2884708928461774,4.798337667643858,-0.026898875600118378,3.0,False,8.028799900785089,20,27.075343385383835,-0.026898875600118378,0.1,60,-37.75084304418713,24.552232742320424,0.0027770924702314155,0.08625256085281877,-28.642617896075862,24.616294896479744,0.13162404410701614,2.951437542680884,1,"[{""id"": 162, ""x"": -71.64137268066406, ""y"": 27.983861923217773, ""vx"": 0.0, ""vy"": 0.0, ""r"": 2.5906050205230713}]"
715,35.75,-37.75102615356445,24.55223274230957,0.002120945783365471,5.214078784672696e-06,0.0013984639663249254,0.5,0.0,PlanStatus.OK,20,27.075160280621162,-0.02689836709995399,True,30.073036400005584,1.4539772507470496e-05,1.7181541439930878e-05,0.2033305054095904,-0.02689836709995399,3.0,False,8.629600051790476,20,27.075160280621162,-0.02689836709995399,0.1,60,-37.751026149665456,24.5522327423204,0.002777092470481144,5.214078784672696e-06,-28.90110719228417,24.57682119657937,0.002776961246695906,2.950000086901316,1,"[{""id"": 162, ""x"": -71.64137268066406, ""y"": 27.983861923217773, ""vx"": 0.0, ""vy"": 0.0, ""r"": 2.5906050205230713}]"
716,35.800000000000004,-37.75025939941406,24.552236557006836,0.0021213976625055115,0.08625360380421453,0.0,0.0,1.0,PlanStatus.FAIL,20,27.075927042408612,-0.026896681761836863,False,30.073798869218344,0.43848850328939065,1.2985125920113287,4.820060532786755,-0.026896681761836863,3.0,False,7.80489994212985,20,27.075927042408612,-0.026896681761836863,0.1,60,-37.75025939547553,24.552236557017775,0.0027770924703014134,0.08625360380421453,-28.64211405512408,24.616593234416378,0.1326282141121509,2.951437560063406,1,"[{""id"": 162, ""x"": -71.64137268066406, ""y"": 27.983861923217773, ""vx"": 0.0, ""vy"": 0.0, ""r"": 2.5906050205230713}]"
717,35.85,-37.75044250488281,24.552236557006836,0.002121812611091373,5.203406142419006e-06,0.0013966233236715198,0.5,0.0,PlanStatus.OK,20,27.07574393764594,-0.026896173261672495,True,30.07361669522937,1.4418252919025204e-05,1.7135340843990772e-05,0.20333041030477966,-0.026896173261672495,3.0,False,9.227699832990766,20,27.07574393764594,-0.026896173261672495,0.1,60,-37.75044250095385,24.552236557017746,0.002777092470749304,5.203406142419006e-06,-28.900523609277304,24.57682501102631,0.0027769613342597697,2.9500000867234353,1,"[{""id"": 162, ""x"": -71.64137268066406, ""y"": 27.983861923217773, ""vx"": 0.0, ""vy"": 0.0, ""r"": 2.5906050205230713}]"
718,35.9,-37.74967575073242,24.55223846435547,0.002122256037815844,0.08625241909425697,0.0,0.0,1.0,PlanStatus.FAIL,20,27.07651069413651,-0.02689639526483486,False,30.074379356732884,0.44187006953114993,1.308448757364396,4.8415513819072356,-0.02689639526483486,3.0,False,7.860299898311496,20,27.07651069413651,-0.02689639526483486,0.1,60,-37.749675746763664,24.55223846436649,0.0027770924703266345,0.08625241909425697,-28.641614917396478,24.616886599542436,0.1336218307438051,2.9514375403182393,1,"[{""id"": 162, ""x"": -71.64137268066406, ""y"": 27.983861923217773, ""vx"": 0.0, ""vy"": 0.0, ""r"": 2.5906050205230713}]"
719,35.95,-37.74985885620117,24.55223846435547,0.0021226712464760306,5.213407874303413e-06,0.0013947999104857445,0.5,0.0,PlanStatus.OK,20,27.076327589373836,-0.026895886764670487,True,30.074197182711046,1.4296729464796657e-05,1.7089114771290208e-05,0.20333031517676053,-0.026895886764670487,3.0,False,7.8991001937538385,20,27.076327589373836,-0.026895886764670487,0.1,60,-37.74985885224198,24.552238464366464,0.002777092470191953,5.213407874303413e-06,-28.899939969699137,24.576826918286873,0.0027769614311132095,2.95000008689013,1,"[{""id"": 162, ""x"": -71.64137268066406, ""y"": 27.983861923217773, ""vx"": 0.0, ""vy"": 0.0, ""r"": 2.5906050205230713}]"
720,36.0,-37.74909210205078,24.5522403717041,0.0021231148032376645,0.08625247858649843,0.0,0.0,1.0,PlanStatus.FAIL,20,27.07709434586441,-0.026896108767832872,False,30.07495984435557,0.4452740959485075,1.3184505377660654,4.863185003370404,-0.026896108767832872,3.0,False,10.79059997573495,20,27.07709434586441,-0.026896108767832872,0.1,60,-37.74909209805179,24.552240371715207,0.002777092470355924,0.08625247858649843,-28.64111262094004,24.617181819151266,0.13462200888092504,2.9514375413097746,1,"[{""id"": 162, ""x"": -71.64137268066406, ""y"": 27.983861923217773, ""vx"": 0.0, ""vy"": 0.0, ""r"": 2.5906050205230713}]"
721,36.050000000000004,-37.74927520751953,24.5522403717041,0.0021235294917492007,5.221886792921026e-06,0.0013929774286225438,0.5,0.0,PlanStatus.OK,20,27.076911241101737,-0.02689560026766848,True,30.07477767030087,1.4175206781984868e-05,1.7042891612565128e-05,0.20333022005177911,-0.02689560026766848,3.0,False,8.198700146749616,20,27.076911241101737,-0.02689560026766848,0.1,60,-37.749275203530104,24.552240371715182,0.0027770924696695534,5.221886792921026e-06,-28.899356334612108,24.57682882553502,0.0027769615279664415,2.9500000870314462,1,"[{""id"": 162, ""x"": -71.64137268066406, ""y"": 27.983861923217773, ""vx"": 0.0, ""vy"": 0.0, ""r"": 2.5906050205230713}]"
722,36.1,-37.74850845336914,24.552242279052734,0.002123983971632493,0.08625230721314493,0.0,0.0,1.0,PlanStatus.FAIL,20,27.077677997592307,-0.026895822270830864,False,30.075540332086376,0.4486752154285184,1.3284433950031074,4.884800144766387,-0.026895822270830864,3.0,False,8.038599975407124,20,27.077677997592307,-0.026895822270830864,0.1,60,-37.748508449339916,24.552242279063925,0.002777092470007459,0.08625230721314493,-28.640610910601147,24.617476694724974,0.13562129470144124,2.9514375384535536,1,"[{""id"": 162, ""x"": -71.64137268066406, ""y"": 27.983861923217773, ""vx"": 0.0, ""vy"": 0.0, ""r"": 2.5906050205230713}]"
723,36.15,-37.74869155883789,24.552242279052734,0.0021243986601440293,5.3195598431522796e-06,0.0013911316636949778,0.5,0.0,PlanStatus.OK,20,27.077494892829634,-0.026895313770666493,True,30.075358157998814,1.405365183845906e-05,1.699664899302688e-05,0.2033301249200153,-0.026895313770666493,3.0,False,8.008199976757169,20,27.077494892829634,-0.026895313770666493,0.1,60,-37.74869155481824,24.552242279063897,0.0027770924706208167,5.3195598431522796e-06,-28.89877243642029,24.576830733513866,0.0027769616248655466,2.9500000886593307,1,"[{""id"": 162, ""x"": -71.64137268066406, ""y"": 27.983861923217773, ""vx"": 0.0, ""vy"": 0.0, ""r"": 2.5906050205230713}]"
724,36.2,-37.7479248046875,24.55224609375,0.0021248363652333463,0.08625372999069149,0.0,0.0,1.0,PlanStatus.FAIL,20,27.078261654617084,-0.026893628432552906,False,30.07612062779358,0.45210420158928144,1.338515544219397,4.906592428254837,-0.026893628432552906,3.0,False,8.761300006881356,20,27.078261654617084,-0.026893628432552906,0.1,60,-37.747924800628326,24.552246093761273,0.002777092470224322,0.08625372999069149,-28.640106105011988,24.617775599225748,0.1366285097118421,2.951437562166515,1,"[{""id"": 162, ""x"": -71.64137268066406, ""y"": 27.983861923217773, ""vx"": 0.0, ""vy"": 0.0, ""r"": 2.5906050205230713}]"
725,36.25,-37.74810791015625,24.55224609375,0.0021252510537448826,5.208817375812666e-06,0.0013893216382712126,0.5,0.0,PlanStatus.OK,20,27.07807854985441,-0.02689311993238498,True,30.075938453672116,1.3932168124553545e-05,1.698398705341376e-05,0.20333002983682827,-0.02689311993238498,3.0,False,9.207500144839287,20,27.07807854985441,-0.02689311993238498,0.1,60,-37.748107906106654,24.552246093761248,0.002777092470095209,5.208817375812666e-06,-28.898189148581128,24.576834547141313,0.0027769617123373502,2.9500000868136196,1,"[{""id"": 162, ""x"": -71.64137268066406, ""y"": 27.983861923217773, ""vx"": 0.0, ""vy"": 0.0, ""r"": 2.5906050205230713}]"
726,36.300000000000004,-37.74734115600586,24.552248001098633,0.002125687718536898,0.08625368527146343,0.0,0.0,1.0,PlanStatus.FAIL,20,27.07884530634498,-0.026893341935547363,False,30.076701115744,0.455509613243738,1.348520289424776,4.928234851569437,-0.026893341935547363,3.0,False,10.523100150749087,20,27.07884530634498,-0.026893341935547363,0.1,60,-37.747341151916466,24.55224800110999,0.0027770924700528977,0.08625368527146343,-28.639604073064366,24.618070663732638,0.1376289843292658,2.9514375614211907,1,"[{""id"": 162, ""x"": -71.64137268066406, ""y"": 27.983861923217773, ""vx"": 0.0, ""vy"": 0.0, ""r"": 2.5906050205230713}]"
727,36.35,-37.74752426147461,24.552248001098633,0.002126102277011272,5.21243344717827e-06,0.001387513941153884,0.5,0.0,PlanStatus.OK,20,27.078662201582308,-0.026892833435382974,True,30.07651894158969,1.3810646211219245e-05,1.703964952084417e-05,0.20332993472034364,-0.026892833435382974,3.0,False,9.677400114014745,20,27.078662201582308,-0.026892833435382974,0.1,60,-37.74752425739479,24.552248001109962,0.002777092470842058,5.21243344717827e-06,-28.897605527833182,24.576836454349802,0.0027769618091705193,2.950000086873889,1,"[{""id"": 162, ""x"": -71.64137268066406, ""y"": 27.983861923217773, ""vx"": 0.0, ""vy"": 0.0, ""r"": 2.5906050205230713}]"
728,36.4,-37.74675750732422,24.552249908447266,0.002126543233029654,0.08625235153902303,0.0,0.0,1.0,PlanStatus.FAIL,20,27.07942895807288,-0.026893055438545355,False,30.077281603802554,0.45889385685365597,1.3584625051685497,4.949742712462185,-0.026893055438545355,3.0,False,8.10170010663569,20,27.07942895807288,-0.026893055438545355,0.1,60,-37.74675750320459,24.552249908458705,0.002777092470254529,0.08625235153902303,-28.63910531361938,24.61836380708399,0.1386232059998712,2.9514375391923187,1,"[{""id"": 162, ""x"": -71.64137268066406, ""y"": 27.983861923217773, ""vx"": 0.0, ""vy"": 0.0, ""r"": 2.5906050205230713}]"
729,36.45,-37.74694061279297,24.552248001098633,0.002126957661466865,5.207979076815792e-06,0.0013856975128874183,0.5,0.0,PlanStatus.OK,20,27.07924584801333,-0.026894454279660494,True,30.077099621741382,1.3689127805390085e-05,1.7095309081762745e-05,0.20332983958315975,-0.026894454279660494,3.0,False,8.203900186344981,20,27.07924584801333,-0.026894454279660494,0.1,60,-37.74694060868263,24.552248001110048,0.0027770924704037404,5.207979076815792e-06,-28.897021935324624,24.576836454136444,0.002776961915334788,2.950000086799654,1,"[{""id"": 162, ""x"": -71.64137268066406, ""y"": 27.983861923217773, ""vx"": 0.0, ""vy"": 0.0, ""r"": 2.5906050205230713}]"
730,36.5,-37.746177673339844,24.552249908447266,0.0021274014783028237,0.08625317103197683,0.0,0.0,1.0,PlanStatus.FAIL,20,27.080008789821346,-0.026894665689069445,False,30.077858488794476,0.46229446738926877,1.3684547974407515,4.971354645744158,-0.026894665689069445,3.0,False,7.941799936816096,20,27.080008789821346,-0.026894665689069445,0.1,60,-37.7461776691899,24.55224990845879,0.0027770924700946838,0.08625317103197683,-28.638603424174217,24.618656588629733,0.13962243533260724,2.951437552850535,1,"[{""id"": 162, ""x"": -71.64137268066406, ""y"": 27.983861923217773, ""vx"": 0.0, ""vy"": 0.0, ""r"": 2.5906050205230713}]"
731,36.550000000000004,-37.74635696411133,24.552249908447266,0.0021278170770744984,5.245240493231178e-06,0.0013838725863024592,0.5,0.0,PlanStatus.OK,20,27.07982949974123,-0.026894167782658487,True,30.077680109871807,1.3567594461101979e-05,1.7150979107600182e-05,0.20332974446880758,-0.026894167782658487,3.0,False,8.057000115513802,20,27.07982949974123,-0.026894167782658487,0.1,60,-37.74635695997076,24.552249908458766,0.002777092470320439,5.245240493231178e-06,-28.896438215331102,24.576838361620656,0.002776962012194106,2.9500000874206758,1,"[{""id"": 162, ""x"": -71.64137268066406, ""y"": 27.983861923217773, ""vx"": 0.0, ""vy"": 0.0, ""r"": 2.5906050205230713}]"
732,36.6,-37.7455940246582,24.55225372314453,0.002128252831606376,0.08625173307213027,0.0,0.0,1.0,PlanStatus.FAIL,20,27.080592446846122,-0.026892471850787927,False,30.078438784946925,0.4656783448900296,1.378393055267717,4.992860177176371,-0.026892471850787927,3.0,False,8.11439985409379,20,27.080592446846122,-0.026892471850787927,0.1,60,-37.74559402047832,24.55225372315614,0.0027770924701643286,0.08625173307213027,-28.638105881040968,24.61895122974074,0.14061626120260795,2.9514375288845325,1,"[{""id"": 162, ""x"": -71.64137268066406, ""y"": 27.983861923217773, ""vx"": 0.0, ""vy"": 0.0, ""r"": 2.5906050205230713}]"
733,36.65,-37.74577331542969,24.55225372314453,0.0021286668699320994,6.743683541329904e-06,0.001382067915983498,0.5,0.0,PlanStatus.OK,20,27.080413156766003,-0.026891973944376972,True,30.078260405991074,1.344557221300014e-05,1.7207012358035588e-05,0.2033296492351809,-0.026891973944376972,3.0,False,7.907700026407838,20,27.080413156766003,-0.026891973944376972,0.1,60,-37.745773311259185,24.552253723156113,0.0027770924701380094,6.743683541329904e-06,-28.895850180717815,24.57684218843006,0.002776962100422085,2.9500001123947253,1,"[{""id"": 162, ""x"": -71.64137268066406, ""y"": 27.983861923217773, ""vx"": 0.0, ""vy"": 0.0, ""r"": 2.5906050205230713}]"
734,36.7,-37.74501037597656,24.552255630493164,0.0021290682946530502,0.086291795828748,0.0,0.0,1.0,PlanStatus.FAIL,20,27.08117609857402,-0.026892185353785944,False,30.07901927332908,0.4697789554404201,1.3904392867869515,5.018921857899235,-0.026892185353785944,3.0,False,10.350299999117851,20,27.08117609857402,-0.026892185353785944,0.1,60,-37.74501037176646,24.552255630504856,0.0027770924701567504,0.086291795828748,-28.63750202578077,24.619306072855338,0.14182088447129393,2.9514381965971506,1,"[{""id"": 162, ""x"": -71.64137268066406, ""y"": 27.983861923217773, ""vx"": 0.0, ""vy"": 0.0, ""r"": 2.5906050205230713}]"
735,36.75,-37.74518966674805,24.552255630493164,0.002129479602198359,5.577207948831561e-06,0.0013803420588374138,0.5,0.0,PlanStatus.OK,20,27.080996808493904,-0.026891687447374985,True,30.07884089434107,1.3324441422284731e-05,1.726238404473751e-05,0.20332955424707733,-0.026891687447374985,3.0,False,7.809899980202317,20,27.080996808493904,-0.026891687447374985,0.1,60,-37.745189662547325,24.55225563050483,0.0027770924704925894,5.577207948831561e-06,-28.89527001149143,24.57684408605392,0.0027769621966919436,2.9500000929534638,1,"[{""id"": 162, ""x"": -71.64137268066406, ""y"": 27.983861923217773, ""vx"": 0.0, ""vy"": 0.0, ""r"": 2.5906050205230713}]"
736,36.800000000000004,-37.74442672729492,24.552257537841797,0.0021299074244633177,0.0862934787680133,0.0,0.0,1.0,PlanStatus.FAIL,20,27.08175975030192,-0.026891898856783933,False,30.079599761819345,0.4732193347457777,1.400545274337764,5.040786564576379,-0.026891898856783933,3.0,False,7.968799909576774,20,27.08175975030192,-0.026891898856783933,0.1,60,-37.744426723054595,24.552257537853574,0.002777092470253549,0.0862934787680133,-28.636995607745845,24.61960371266479,0.14283148332410453,2.951438224646132,1,"[{""id"": 162, ""x"": -71.64137268066406, ""y"": 27.983861923217773, ""vx"": 0.0, ""vy"": 0.0, ""r"": 2.5906050205230713}]"
737,36.85,-37.744606018066406,24.552257537841797,0.0021303206825660655,5.54988213160575e-06,0.0013785558985546231,0.5,0.0,PlanStatus.OK,20,27.0815804602218,-0.026891400950372978,True,30.07942138279916,1.3202930022854872e-05,1.731803847997756e-05,0.20332945914756317,-0.026891400950372978,3.0,False,10.466600069776177,20,27.0815804602218,-0.026891400950372978,0.1,60,-37.74460601383546,24.552257537853546,0.002777092470072921,5.54988213160575e-06,-28.894686482011373,24.576845993009236,0.0027769622935046633,2.9500000924980316,1,"[{""id"": 162, ""x"": -71.64137268066406, ""y"": 27.983861923217773, ""vx"": 0.0, ""vy"": 0.0, ""r"": 2.5906050205230713}]"
738,36.9,-37.74384307861328,24.55225944519043,0.0021307162556146995,0.0862895762675758,0.0,0.0,1.0,PlanStatus.FAIL,20,27.082343402029817,-0.02689161235978193,False,30.080180250417676,0.47656438002876966,1.4103709184556097,5.062045246115428,-0.02689161235978193,3.0,False,7.821900071576238,20,27.082343402029817,-0.02689161235978193,0.1,60,-37.743843074342735,24.55225944520229,0.002777092470225219,0.0862895762675758,-28.636503369816317,24.619893027686825,0.14381404783084933,2.951438159604462,1,"[{""id"": 162, ""x"": -71.64137268066406, ""y"": 27.983861923217773, ""vx"": 0.0, ""vy"": 0.0, ""r"": 2.5906050205230713}]"
739,36.95,-37.744022369384766,24.55225944519043,0.002131128863531634,5.774541233181515e-06,0.0013768395874649286,0.5,0.0,PlanStatus.OK,20,27.0821641119497,-0.026891114453370977,True,30.08000187136534,1.30813347075057e-05,1.737375534275904e-05,0.20332936402560678,-0.026891114453370977,3.0,False,7.8529000747948885,20,27.0821641119497,-0.026891114453370977,0.1,60,-37.74402236512359,24.552259445202264,0.0027770924704402056,5.774541233181515e-06,-28.894102209227853,24.576847902028756,0.002776962390434824,2.950000096242356,1,"[{""id"": 162, ""x"": -71.64137268066406, ""y"": 27.983861923217773, ""vx"": 0.0, ""vy"": 0.0, ""r"": 2.5906050205230713}]"
740,37.0,-37.74325942993164,24.552263259887695,0.002131525606914731,0.0862887937532197,0.0,0.0,1.0,PlanStatus.FAIL,20,27.082927059054594,-0.026889418521500414,False,30.080760547019466,0.47996367514511,1.4203533706899867,5.083648784727622,-0.026889418521500414,3.0,False,8.079999824985862,20,27.082927059054594,-0.026889418521500414,0.1,60,-37.74325942563117,24.55226325989964,0.0027770924700278054,0.0862887937532197,-28.636004162303077,24.620188646175567,0.14481229314186483,2.951438146562554,1,"[{""id"": 162, ""x"": -71.64137268066406, ""y"": 27.983861923217773, ""vx"": 0.0, ""vy"": 0.0, ""r"": 2.5906050205230713}]"
741,37.050000000000004,-37.743438720703125,24.552263259887695,0.002131937824720178,5.7280231830428285e-06,0.0013751216465607285,0.5,0.0,PlanStatus.OK,20,27.082747768974475,-0.02688892061508946,True,30.080582167933954,1.2959827826718371e-05,1.7429405391976294e-05,0.20332926895771233,-0.02688892061508946,3.0,False,9.041499812155962,20,27.082747768974475,-0.02688892061508946,0.1,60,-37.74343871641204,24.55226325989961,0.0027770924708934363,5.7280231830428285e-06,-28.8935187319084,24.576851716182773,0.0027769624778505773,2.9500000954670513,1,"[{""id"": 162, ""x"": -71.64137268066406, ""y"": 27.983861923217773, ""vx"": 0.0, ""vy"": 0.0, ""r"": 2.5906050205230713}]"
742,37.1,-37.74267578125,24.552265167236328,0.002132328846468121,0.08628962094790942,0.0,0.0,1.0,PlanStatus.FAIL,20,27.08351071078249,-0.026889132024498427,False,30.08134103583734,0.48339216519357553,1.4304237560612891,5.105437909368888,-0.026889132024498427,3.0,False,8.219199953600764,20,27.08351071078249,-0.026889132024498427,0.1,60,-37.74267577691931,24.552265167248354,0.002777092470405185,0.08628962094790942,-28.6354999167399,24.620485010756326,0.14581933177630182,2.951438160349134,1,"[{""id"": 162, ""x"": -71.64137268066406, ""y"": 27.983861923217773, ""vx"": 0.0, ""vy"": 0.0, ""r"": 2.5906050205230713}]"
743,37.15,-37.742855072021484,24.552265167236328,0.0021327402840505922,5.6757918639026785e-06,0.0013734175590798259,0.5,0.0,PlanStatus.OK,20,27.083331420702375,-0.026888634118087472,True,30.08116265671967,1.283832549952712e-05,1.7485053768256584e-05,0.20332917386919075,-0.026888634118087472,3.0,False,9.331600042060018,20,27.083331420702375,-0.026888634118087472,0.1,60,-37.74285506770018,24.55226516724833,0.0027770924707336874,5.6757918639026785e-06,-28.89293527588904,24.576853622934248,0.0027769625746445477,2.9500000945965295,1,"[{""id"": 162, ""x"": -71.64137268066406, ""y"": 27.983861923217773, ""vx"": 0.0, ""vy"": 0.0, ""r"": 2.5906050205230713}]"
744,37.2,-37.74209213256836,24.55226707458496,0.0021331302655012343,0.08628947189853056,0.0,0.0,1.0,PlanStatus.FAIL,20,27.084094362510392,-0.026888845527496423,False,30.08192152476328,0.486804739810402,1.440447198647127,5.127125860511747,-0.026888845527496423,3.0,False,7.791799958795309,20,27.084094362510392,-0.026888845527496423,0.1,60,-37.74209212820745,24.552267074597072,0.002777092470334064,0.08628947189853056,-28.63499814963273,24.62077992034763,0.14682167613168337,2.951438157864978,1,"[{""id"": 162, ""x"": -71.64137268066406, ""y"": 27.983861923217773, ""vx"": 0.0, ""vy"": 0.0, ""r"": 2.5906050205230713}]"
745,37.25,-37.742271423339844,24.55226707458496,0.0021335415730465426,5.63325059890032e-06,0.0013717159163206816,0.5,0.0,PlanStatus.OK,20,27.083915072430273,-0.026888347621085468,True,30.081743145613444,1.2716819393955324e-05,1.754070412935977e-05,0.20332907878226963,-0.026888347621085468,3.0,False,7.68520007841289,20,27.083915072430273,-0.026888347621085468,0.1,60,-37.74227141898832,24.552267074597047,0.0027770924699887533,5.63325059890032e-06,-28.89235179128525,24.576855529765158,0.0027769626714310687,2.9500000938875117,1,"[{""id"": 162, ""x"": -71.64137268066406, ""y"": 27.983861923217773, ""vx"": 0.0, ""vy"": 0.0, ""r"": 2.5906050205230713}]"
746,37.300000000000004,-37.74150848388672,24.55226707458496,0.0021339358457235507,0.08628685618401175,0.0,0.0,1.0,PlanStatus.FAIL,20,27.084678008941413,-0.026890466371773943,False,30.082502205891785,0.49017607143124636,1.4503517294041712,5.14855163234383,-0.026890466371773943,3.0,False,7.891900138929486,20,27.084678008941413,-0.026890466371773943,0.1,60,-37.74150847949528,24.552267074597157,0.0027770924702452244,0.08628685618401175,-28.63450169371234,24.62106950020407,0.14781212931190935,2.951438114269732,1,"[{""id"": 162, ""x"": -71.64137268066406, ""y"": 27.983861923217773, ""vx"": 0.0, ""vy"": 0.0, ""r"": 2.5906050205230713}]"
747,37.35,-37.7416877746582,24.55226707458496,0.0021343470232316965,5.591288615428825e-06,0.0013700054259970784,0.5,0.0,PlanStatus.OK,20,27.084498718861294,-0.026889968465362984,True,30.082323826710798,1.259531400058891e-05,1.7596354365363373e-05,0.20332898367367525,-0.026889968465362984,3.0,False,8.716000011190772,20,27.084498718861294,-0.026889968465362984,0.1,60,-37.741687770276144,24.552267074597133,0.0027770924695712526,5.591288615428825e-06,-28.891768309431033,24.576855529245066,0.002776962777617717,2.950000093188143,1,"[{""id"": 162, ""x"": -71.64137268066406, ""y"": 27.983861923217773, ""vx"": 0.0, ""vy"": 0.0, ""r"": 2.5906050205230713}]"
748,37.4,-37.74092483520508,24.552270889282227,0.002134740515685729,0.08628693054051197,0.0,0.0,1.0,PlanStatus.FAIL,20,27.08526166596619,-0.026888272533492425,False,30.083082502939348,0.49359387482667993,1.4603878028099364,5.170272820126961,-0.026888272533492425,3.0,False,7.953600026667118,20,27.08526166596619,-0.026888272533492425,0.1,60,-37.74092483078373,24.552270889294505,0.0027770924704065567,0.08628693054051197,-28.63400031053303,24.621366396226517,0.1488157367404504,2.951438115509006,1,"[{""id"": 162, ""x"": -71.64137268066406, ""y"": 27.983861923217773, ""vx"": 0.0, ""vy"": 0.0, ""r"": 2.5906050205230713}]"
749,37.45,-37.74110412597656,24.552270889282227,0.0021351516931938748,5.555969639674005e-06,0.0013682965654879808,0.5,0.0,PlanStatus.OK,20,27.08508237588607,-0.026887774627081473,True,30.0829041237252,1.2473803254120295e-05,1.7652007110601116e-05,0.20332888861566345,-0.026887774627081473,3.0,False,8.119599893689156,20,27.08508237588607,-0.026887774627081473,0.1,60,-37.7411041215646,24.55227088929448,0.0027770924701501507,5.555969639674005e-06,-28.891184799062152,24.576859343491055,0.002776962865002105,2.9500000925994927,1,"[{""id"": 162, ""x"": -71.64137268066406, ""y"": 27.983861923217773, ""vx"": 0.0, ""vy"": 0.0, ""r"": 2.5906050205230713}]"
750,37.5,-37.74034118652344,24.55227279663086,0.002135544145350606,0.08628696026760342,0.0,0.0,1.0,PlanStatus.FAIL,20,27.085845317694087,-0.02688798603649042,False,30.083662992189467,0.4970122205389456,1.4704277624561595,5.191997453347446,-0.02688798603649042,3.0,False,7.630400126799941,20,27.085845317694087,-0.02688798603649042,0.1,60,-37.74034118207187,24.552272796643223,0.002777092470149595,0.08628696026760342,-28.63349808956885,24.621661572452922,0.14981973280198344,2.9514381160044563,1,"[{""id"": 162, ""x"": -71.64137268066406, ""y"": 27.983861923217773, ""vx"": 0.0, ""vy"": 0.0, ""r"": 2.5906050205230713}]"
751,37.550000000000004,-37.74052047729492,24.55227279663086,0.002135956363156053,5.532241170382219e-06,0.0013665877049788833,0.5,0.0,PlanStatus.OK,20,27.085666027613968,-0.026887488130079466,True,30.083484612943167,1.2352291210777106e-05,1.7707662121543843e-05,0.203328793535218,-0.026887488130079466,3.0,False,8.026900002732873,20,27.085666027613968,-0.026887488130079466,0.1,60,-37.74052047285274,24.552272796643198,0.0027770924693719112,5.532241170382219e-06,-28.89060125896205,24.57686125047624,0.0027769629617825893,2.950000092204016,1,"[{""id"": 162, ""x"": -71.64137268066406, ""y"": 27.983861923217773, ""vx"": 0.0, ""vy"": 0.0, ""r"": 2.5906050205230713}]"
752,37.6,-37.7397575378418,24.552274703979492,0.002136358828174305,0.08628726608818495,0.0,0.0,1.0,PlanStatus.FAIL,20,27.086428969421984,-0.026887699539488434,False,30.084243481547617,0.5004362100071355,1.480484191612742,5.213757962253062,-0.026887699539488434,3.0,False,7.934999885037541,20,27.086428969421984,-0.026887699539488434,0.1,60,-37.73975753336002,24.55227470399194,0.0027770924698894664,0.08628726608818495,-28.63299516767377,24.621957160244012,0.15082537581467106,2.9514381211014697,1,"[{""id"": 162, ""x"": -71.64137268066406, ""y"": 27.983861923217773, ""vx"": 0.0, ""vy"": 0.0, ""r"": 2.5906050205230713}]"
753,37.65,-37.73993682861328,24.552274703979492,0.0021367710459797517,5.804661573900478e-06,0.0013648576568812132,0.5,0.0,PlanStatus.OK,20,27.08624967934187,-0.02688720163307748,True,30.084065102269165,1.2230680131015575e-05,1.7763390682736663e-05,0.203328698427868,-0.02688720163307748,3.0,False,8.008799981325865,20,27.08624967934187,-0.02688720163307748,0.1,60,-37.739936824140884,24.552274703991912,0.0027770924703090327,5.804661573900478e-06,-28.890016845284052,24.57686315988741,0.0027769630587342093,2.9500000967443625,1,"[{""id"": 162, ""x"": -71.64137268066406, ""y"": 27.983861923217773, ""vx"": 0.0, ""vy"": 0.0, ""r"": 2.5906050205230713}]"
754,37.7,-37.739173889160156,24.552276611328125,0.002137168699622987,0.086287184038283,0.0,0.0,1.0,PlanStatus.FAIL,20,27.087012621149885,-0.026887413042486426,False,30.08482397101382,0.5038543612890743,1.4905233758149354,5.235481357118182,-0.026887413042486426,3.0,False,8.142299950122833,20,27.087012621149885,-0.026887413042486426,0.1,60,-37.73917388464816,24.552276611340655,0.002777092470363365,0.086287184038283,-28.632493230494074,24.622252169989878,0.1518292943317058,2.9514381197339743,1,"[{""id"": 162, ""x"": -71.64137268066406, ""y"": 27.983861923217773, ""vx"": 0.0, ""vy"": 0.0, ""r"": 2.5906050205230713}]"
755,37.75,-37.73935317993164,24.552276611328125,0.002137581177502759,5.655896418480636e-06,0.0013631372712552547,0.5,0.0,PlanStatus.OK,20,27.086833331069766,-0.02688691513607547,True,30.08464559170322,1.210920788771589e-05,1.7819015157316022e-05,0.2033286033650344,-0.02688691513607547,3.0,False,8.286699885502458,20,27.086833331069766,-0.02688691513607547,0.1,60,-37.739353175429024,24.55227661134063,0.002777092470227597,5.655896418480636e-06,-28.88943367401427,24.57686506584847,0.002776963155464977,2.9500000942649387,1,"[{""id"": 162, ""x"": -71.64137268066406, ""y"": 27.983861923217773, ""vx"": 0.0, ""vy"": 0.0, ""r"": 2.5906050205230713}]"
756,37.800000000000004,-37.738590240478516,24.55228042602539,0.0021379723292878645,0.08628689303677547,0.0,0.0,1.0,PlanStatus.FAIL,20,27.08759627817466,-0.026885219204204912,False,30.085404268510544,0.5072694082387279,1.50055086033473,5.25718501741496,-0.026885219204204912,3.0,False,8.443600032478571,20,27.08759627817466,-0.026885219204204912,0.1,60,-37.73859023593663,24.552280426038006,0.0027770924700893586,0.08628689303677547,-28.631992774522157,24.62254852191132,0.15283204287142788,2.9514381148839424,1,"[{""id"": 162, ""x"": -71.64137268066406, ""y"": 27.983861923217773, ""vx"": 0.0, ""vy"": 0.0, ""r"": 2.5906050205230713}]"
757,37.85,-37.73876953125,24.55228042602539,0.002138383376758848,5.5342068397755334e-06,0.0013614336494356394,0.5,0.0,PlanStatus.OK,20,27.087416988094542,-0.026884721297793956,True,30.085225889166793,1.1987727481663169e-05,1.7874646775781558e-05,0.20332850832711494,-0.026884721297793956,3.0,False,9.176200022920966,20,27.087416988094542,-0.026884721297793956,0.1,60,-37.73876952671749,24.552280426037978,0.0027770924707361607,5.5342068397755334e-06,-28.888850418403262,24.576868879387188,0.002776963242783396,2.950000092236783,1,"[{""id"": 162, ""x"": -71.64137268066406, ""y"": 27.983861923217773, ""vx"": 0.0, ""vy"": 0.0, ""r"": 2.5906050205230713}]"
758,37.9,-37.738006591796875,24.552282333374023,0.0021387802501791077,0.08628666969900843,0.0,0.0,1.0,PlanStatus.FAIL,20,27.08817992990256,-0.026884932707202904,False,30.085984758196197,0.5106868162791535,1.5105877121665794,5.278903685023144,-0.026884932707202904,3.0,False,9.16390004567802,20,27.08817992990256,-0.026884932707202904,0.1,60,-37.73800658722477,24.55228233338672,0.0027770924703373156,0.08628666969900843,-28.63149119597439,24.622843321234164,0.15383572815136826,2.9514381111616514,1,"[{""id"": 162, ""x"": -71.64137268066406, ""y"": 27.983861923217773, ""vx"": 0.0, ""vy"": 0.0, ""r"": 2.5906050205230713}]"
759,37.95,-37.73818588256836,24.552282333374023,0.0021391924679845546,5.603349832853241e-06,0.0013597154757007957,0.5,0.0,PlanStatus.OK,20,27.08800063982244,-0.026884434800791952,True,30.085806378820273,1.1866183622399422e-05,1.793032476596866e-05,0.20332841324822143,-0.026884434800791952,3.0,False,7.880499819293618,20,27.08800063982244,-0.026884434800791952,0.1,60,-37.738185878005645,24.552282333386696,0.0027770924702412566,5.603349832853241e-06,-28.88826660434575,24.57687078713337,0.0027769633396002003,2.9500000933891664,1,"[{""id"": 162, ""x"": -71.64137268066406, ""y"": 27.983861923217773, ""vx"": 0.0, ""vy"": 0.0, ""r"": 2.5906050205230713}]"
760,38.0,-37.737422943115234,24.552284240722656,0.0021395827095095216,0.08628693006161248,0.0,0.0,1.0,PlanStatus.FAIL,20,27.088763581630456,-0.026884646210200917,False,30.086565247989853,0.5141134097221199,1.5206515096109552,5.300680742579116,-0.026884646210200917,3.0,False,8.2717000041157,20,27.088763581630456,-0.026884646210200917,0.1,60,-37.73742293851292,24.55228424073544,0.002777092470112916,0.08628693006161248,-28.63098838943131,24.623138841551338,0.15484210799279147,2.9514381155010234,1,"[{""id"": 162, ""x"": -71.64137268066406, ""y"": 27.983861923217773, ""vx"": 0.0, ""vy"": 0.0, ""r"": 2.5906050205230713}]"
761,38.050000000000004,-37.73760223388672,24.552284240722656,0.002139993887017668,5.689603100345321e-06,0.0013580134836956859,0.5,0.0,PlanStatus.OK,20,27.08858429155034,-0.026884148303789962,True,30.086386868581805,1.1744634234136977e-05,1.798600727508006e-05,0.20332831817043856,-0.026884148303789962,3.0,False,7.849800167605281,20,27.08858429155034,-0.026884148303789962,0.1,60,-37.737602229293785,24.55228424073541,0.0027770924703297605,5.689603100345321e-06,-28.887682739815585,24.57687269501977,0.0027769634364255462,2.950000094826719,1,"[{""id"": 162, ""x"": -71.64137268066406, ""y"": 27.983861923217773, ""vx"": 0.0, ""vy"": 0.0, ""r"": 2.5906050205230713}]"
762,38.1,-37.736839294433594,24.55228614807129,0.0021403962219987568,0.08628687812073942,0.0,0.0,1.0,PlanStatus.FAIL,20,27.089347233358357,-0.02688435971319891,False,30.08714573789154,0.5175354142189714,1.5307018042201548,5.322428627279756,-0.02688435971319891,3.0,False,8.967700181528926,20,27.089347233358357,-0.02688435971319891,0.1,60,-37.73683928980107,24.552286148084153,0.0027770924702322152,0.08628687812073942,-28.63048637575697,24.623433896452294,0.15584713755054594,2.9514381146353452,1,"[{""id"": 162, ""x"": -71.64137268066406, ""y"": 27.983861923217773, ""vx"": 0.0, ""vy"": 0.0, ""r"": 2.5906050205230713}]"
763,38.15,-37.737022399902344,24.55228614807129,0.002140808309767041,5.747489596000257e-06,0.001356284017674625,0.5,0.0,PlanStatus.OK,20,27.089164128595684,-0.02688385121303454,True,30.086963563144202,1.1623888962328264e-05,1.8041319264244272e-05,0.2033282237197783,-0.02688385121303454,3.0,False,8.271799888461828,20,27.089164128595684,-0.02688385121303454,0.1,60,-37.7370223952794,24.55228614808413,0.0027770924707109647,5.747489596000257e-06,-28.88710277337647,24.57687460267501,0.002776963532550434,2.950000095791494,1,"[{""id"": 162, ""x"": -71.64137268066406, ""y"": 27.983861923217773, ""vx"": 0.0, ""vy"": 0.0, ""r"": 2.5906050205230713}]"
764,38.2,-37.73625564575195,24.55228614807129,0.00214121064474813,0.08628677374795472,0.0,0.0,1.0,PlanStatus.FAIL,20,27.089930879789378,-0.026885980557476433,False,30.087726419965243,0.5209575817032047,1.5407551450058325,5.344177546296988,-0.026885980557476433,3.0,False,7.82910012640059,20,27.089930879789378,-0.026885980557476433,0.1,60,-37.73625564108889,24.55228614808424,0.002777092470130283,0.08628677374795472,-28.629983544769097,24.623727219544232,0.15685247173491063,2.951438112895798,1,"[{""id"": 162, ""x"": -71.64137268066406, ""y"": 27.983861923217773, ""vx"": 0.0, ""vy"": 0.0, ""r"": 2.5906050205230713}]"
765,38.25,-37.7364387512207,24.55228614807129,0.0021416227325164144,5.573308997116144e-06,0.0013545544352382421,0.5,0.0,PlanStatus.OK,20,27.089747775026705,-0.02688547205730849,True,30.087544245186116,1.1502427343127101e-05,1.8096936383904007e-05,0.203328128649141,-0.02688547205730849,3.0,False,7.86600005812943,20,27.089747775026705,-0.02688547205730849,0.1,60,-37.73643874656722,24.552286148084214,0.002777092470310334,5.573308997116144e-06,-28.886519681554145,24.576874601072355,0.0027769636387157733,2.9500000928884824,1,"[{""id"": 162, ""x"": -71.64137268066406, ""y"": 27.983861923217773, ""vx"": 0.0, ""vy"": 0.0, ""r"": 2.5906050205230713}]"
766,38.300000000000004,-37.73567199707031,24.552289962768555,0.00214201089344678,0.08628672111918706,0.0,0.0,1.0,PlanStatus.FAIL,20,27.090514536814155,-0.026883786719194915,False,30.08830671801894,0.524380883184548,1.5508066902898348,5.365933674173942,-0.026883786719194915,3.0,False,9.510600008070469,20,27.090514536814155,-0.026883786719194915,0.1,60,-37.73567199237737,24.55228996278159,0.0027770924699636918,0.08628672111918706,-28.629482483280775,24.624023927258488,0.15785762635112643,2.9514381120186566,1,"[{""id"": 162, ""x"": -71.64137268066406, ""y"": 27.983861923217773, ""vx"": 0.0, ""vy"": 0.0, ""r"": 2.5906050205230713}]"
767,38.35,-37.73585510253906,24.552289962768555,0.002142422070954926,5.461425975744094e-06,0.0013528569834306836,0.5,0.0,PlanStatus.OK,20,27.090331432051478,-0.026883278219030526,True,30.088124543205957,1.1380942768980399e-05,1.815257050115631e-05,0.20332803362380578,-0.026883278219030526,3.0,False,8.064599940553308,20,27.090331432051478,-0.026883278219030526,0.1,60,-37.735855097855705,24.55228996278156,0.002777092470262895,5.461425975744094e-06,-28.885936396997803,24.57687841469169,0.0027769637259645805,2.950000091023762,1,"[{""id"": 162, ""x"": -71.64137268066406, ""y"": 27.983861923217773, ""vx"": 0.0, ""vy"": 0.0, ""r"": 2.5906050205230713}]"
768,38.400000000000006,-37.73508834838867,24.552291870117188,0.002142864587419259,0.08628180250374623,0.0,0.0,1.0,PlanStatus.FAIL,20,27.091098188542052,-0.026883500222192908,False,30.08888720824465,0.5277210120922281,1.5606164907014135,5.387161072781685,-0.026883500222192908,3.0,False,7.901500212028623,20,27.091098188542052,-0.026883500222192908,0.1,60,-37.73508834366552,24.552291870130304,0.0027770924701986093,0.08628180250374623,-28.62899282494527,24.62431172875491,0.15883860648670953,2.951438030041729,1,"[{""id"": 162, ""x"": -71.64137268066406, ""y"": 27.983861923217773, ""vx"": 0.0, ""vy"": 0.0, ""r"": 2.5906050205230713}]"
769,38.45,-37.73527145385742,24.552291870117188,0.002143280966413909,5.493920669751918e-06,0.001351033104583621,0.5,0.0,PlanStatus.OK,20,27.09091508377938,-0.02688299172202854,True,30.088705033398846,1.1259411489991127e-05,1.8208239138616487e-05,0.20332793856240589,-0.02688299172202854,3.0,False,7.937199901789427,20,27.09091508377938,-0.02688299172202854,0.1,60,-37.73527144914385,24.55229187013028,0.002777092469756846,5.493920669751918e-06,-28.885352691040772,24.576880322137953,0.0027769638227541516,2.9500000915653453,1,"[{""id"": 162, ""x"": -71.64137268066406, ""y"": 27.983861923217773, ""vx"": 0.0, ""vy"": 0.0, ""r"": 2.5906050205230713}]"
770,38.5,-37.73450469970703,24.55229377746582,0.0021437233528410794,0.08628303206346186,0.0,0.0,1.0,PlanStatus.FAIL,20,27.09168184026995,-0.02688321372519092,False,30.089467698578353,0.5311682947725553,1.5707411415245967,5.409069645490302,-0.02688321372519092,3.0,False,8.540400071069598,20,27.09168184026995,-0.02688321372519092,0.1,60,-37.73450469495367,24.552293777479022,0.0027770924700717165,0.08628303206346186,-28.628487557865192,24.624608693915988,0.159851071666478,2.951438050534392,1,"[{""id"": 162, ""x"": -71.64137268066406, ""y"": 27.983861923217773, ""vx"": 0.0, ""vy"": 0.0, ""r"": 2.5906050205230713}]"
771,38.550000000000004,-37.73468780517578,24.55229377746582,0.002144138951612754,5.697981816871249e-06,0.0013492110883817077,0.5,0.0,PlanStatus.OK,20,27.091498735507276,-0.026882705225026532,True,30.08928552369973,1.1137824087190513e-05,1.8263951210412653e-05,0.20332784348682728,-0.026882705225026532,3.0,False,7.8894998878240585,20,27.091498735507276,-0.026882705225026532,0.1,60,-37.734687800432,24.552293777478994,0.0027770924703151905,5.697981816871249e-06,-28.884768478997948,24.57688223098967,0.0027769639196341977,2.9500000949663594,1,"[{""id"": 162, ""x"": -71.64137268066406, ""y"": 27.983861923217773, ""vx"": 0.0, ""vy"": 0.0, ""r"": 2.5906050205230713}]"
772,38.6,-37.73392105102539,24.552297592163086,0.0021445682042865017,0.08628108018872306,0.0,0.0,1.0,PlanStatus.FAIL,20,27.092265497294726,-0.026881019886909406,False,30.09004799696966,0.5345610428166185,1.5807030080510887,5.4306315406777905,-0.026881019886909406,3.0,False,9.8641999065876,20,27.092265497294726,-0.026881019886909406,0.1,60,-37.73392104624216,24.55229759217637,0.0027770924704642983,0.08628108018872306,-28.627991317829867,24.62490257122527,0.160847258405965,2.951438018003148,1,"[{""id"": 162, ""x"": -71.64137268066406, ""y"": 27.983861923217773, ""vx"": 0.0, ""vy"": 0.0, ""r"": 2.5906050205230713}]"
773,38.650000000000006,-37.73410415649414,24.552297592163086,0.00214498250268655,5.689428032101571e-06,0.0013474198058247566,0.5,0.0,PlanStatus.OK,20,27.092082392532053,-0.02688051138674502,True,30.08986582205719,1.1016304014235025e-05,1.8319610103254523e-05,0.2033277484592758,-0.02688051138674502,3.0,False,8.614300051704049,20,27.092082392532053,-0.02688051138674502,0.1,60,-37.73410415172049,24.552297592176345,0.0027770924699642963,5.689428032101571e-06,-28.88418488962834,24.576886045455616,0.002776964006911844,2.9500000948238,1,"[{""id"": 162, ""x"": -71.64137268066406, ""y"": 27.983861923217773, ""vx"": 0.0, ""vy"": 0.0, ""r"": 2.5906050205230713}]"
774,38.7,-37.73333740234375,24.55229949951172,0.002145418127181265,0.08627936629072443,0.0,0.0,1.0,PlanStatus.FAIL,20,27.092849149022626,-0.026880733389907402,False,30.09062848752272,0.5379588540029114,1.590682454006241,5.452225620089198,-0.026880733389907402,3.0,False,8.074200013652444,20,27.092849149022626,-0.026880733389907402,0.1,60,-37.733337397530306,24.552299499525088,0.002777092470018245,0.08627936629072443,-28.627493523421936,24.625195149440135,0.16184520309748127,2.951437989438176,1,"[{""id"": 162, ""x"": -71.64137268066406, ""y"": 27.983861923217773, ""vx"": 0.0, ""vy"": 0.0, ""r"": 2.5906050205230713}]"
775,38.75,-37.7335205078125,24.55229949951172,0.002145831645358338,5.700122477942577e-06,0.0013456165324896574,0.5,0.0,PlanStatus.OK,20,27.09266604425995,-0.02688022488974303,True,30.09044631257742,1.0894780628842101e-05,1.8375274090935874e-05,0.2033276534084706,-0.02688022488974303,3.0,False,8.284500101581216,20,27.09266604425995,-0.02688022488974303,0.1,60,-37.73352050300865,24.55229949952506,0.002777092470647655,5.700122477942577e-06,-28.883601247972226,24.576887952723478,0.0027769641036940883,2.9500000950020455,1,"[{""id"": 162, ""x"": -71.64137268066406, ""y"": 27.983861923217773, ""vx"": 0.0, ""vy"": 0.0, ""r"": 2.5906050205230713}]"
776,38.800000000000004,-37.73275375366211,24.55230140686035,0.0021462602478462727,0.08628055833644274,0.0,0.0,1.0,PlanStatus.FAIL,20,27.093432800750524,-0.02688044689290541,False,30.091208978183758,0.5414077106877447,1.6008119717613747,5.474144195653544,-0.02688044689290541,3.0,False,8.010399993509054,20,27.093432800750524,-0.02688044689290541,0.1,60,-37.73275374881846,24.552301406873802,0.0027770924702942433,0.08628055833644274,-28.62698835152085,24.625492058908538,0.16285815497042933,2.9514380093056065,1,"[{""id"": 162, ""x"": -71.64137268066406, ""y"": 27.983861923217773, ""vx"": 0.0, ""vy"": 0.0, ""r"": 2.5906050205230713}]"
777,38.85,-37.73293685913086,24.55230140686035,0.002146674026097671,5.509682763576788e-06,0.0013438276946544647,0.5,0.0,PlanStatus.OK,20,27.09324969598785,-0.026879938392741023,True,30.09102680320565,1.0773323167415466e-05,1.8430888463496185e-05,0.20332755838033953,-0.026879938392741023,3.0,False,7.954299915581942,20,27.09324969598785,-0.026879938392741023,0.1,60,-37.732936854296796,24.552301406873777,0.002777092470089399,5.509682763576788e-06,-28.883018199618867,24.576889858343794,0.002776964200356082,2.950000091828044,1,"[{""id"": 162, ""x"": -71.64137268066406, ""y"": 27.983861923217773, ""vx"": 0.0, ""vy"": 0.0, ""r"": 2.5906050205230713}]"
778,38.900000000000006,-37.73217010498047,24.552303314208984,0.0021471084802579224,0.08627961934956846,0.0,0.0,1.0,PlanStatus.FAIL,20,27.09401645247842,-0.026880160395903407,False,30.09178946895276,0.5448203631609728,1.6108352453245256,5.495832618913779,-0.026880160395903407,3.0,False,7.967199897393584,20,27.09401645247842,-0.026880160395903407,0.1,60,-37.73217010010662,24.55230331422252,0.0027770924701675578,0.08627961934956846,-28.626488589807547,24.625785792215446,0.1638604824230895,2.95143799365583,1,"[{""id"": 162, ""x"": -71.64137268066406, ""y"": 27.983861923217773, ""vx"": 0.0, ""vy"": 0.0, ""r"": 2.5906050205230713}]"
779,38.95,-37.73235321044922,24.552303314208984,0.002147521998434995,5.713349397472265e-06,0.0013420269824564457,0.5,0.0,PlanStatus.OK,20,27.093833347715748,-0.026879651895739015,True,30.09160729394184,1.06517349577066e-05,1.8486599360476898e-05,0.20332746331563065,-0.026879651895739015,3.0,False,9.77270002476871,20,27.093833347715748,-0.026879651895739015,0.1,60,-37.73235320558496,24.552303314222495,0.0027770924694504877,5.713349397472265e-06,-28.882433988733627,24.576891767192514,0.0027769642972303036,2.9500000952224856,1,"[{""id"": 162, ""x"": -71.64137268066406, ""y"": 27.983861923217773, ""vx"": 0.0, ""vy"": 0.0, ""r"": 2.5906050205230713}]"
780,39.0,-37.731590270996094,24.55230712890625,0.0021479617841189138,0.08628021504033025,0.0,0.0,1.0,PlanStatus.FAIL,20,27.09459629482064,-0.026877955963868477,False,30.092365972479428,0.5482377430816495,1.6208698468971245,5.517551132933221,-0.026877955963868477,3.0,False,11.016600066795945,20,27.09459629482064,-0.026877955963868477,0.1,60,-37.73159026609259,24.552307128919868,0.0027770924704554074,0.08628021504033025,-28.625989169968125,24.62608154885564,0.16486394266773574,2.9514380035840038,1,"[{""id"": 162, ""x"": -71.64137268066406, ""y"": 27.983861923217773, ""vx"": 0.0, ""vy"": 0.0, ""r"": 2.5906050205230713}]"
781,39.050000000000004,-37.73176956176758,24.552303314208984,0.00214837647263045,5.501868267803695e-06,0.001340212533250451,0.5,0.0,PlanStatus.OK,20,27.09441699414677,-0.026881272740012983,True,30.09218797682393,1.0530285310792737e-05,1.8542207854081033e-05,0.20332736827060482,-0.026881272740012983,3.0,False,7.757499814033508,20,27.09441699414677,-0.026881272740012983,0.1,60,-37.73176955687276,24.552303314222577,0.002777092470553559,5.501868267803695e-06,-28.881851006952832,24.57689176528476,0.002776964403390658,2.9500000916978024,1,"[{""id"": 162, ""x"": -71.64137268066406, ""y"": 27.983861923217773, ""vx"": 0.0, ""vy"": 0.0, ""r"": 2.5906050205230713}]"
782,39.1,-37.73100662231445,24.55230712890625,0.002148813007385303,0.08627891873136098,0.0,0.0,1.0,PlanStatus.FAIL,20,27.095179941251665,-0.026879576808145976,False,30.092946655500498,0.5516457054806939,1.6308823390936835,5.539209738227031,-0.026879576808145976,3.0,False,8.115400094538927,20,27.095179941251665,-0.026879576808145976,0.1,60,-37.731006617380395,24.552307128919953,0.002777092470233169,0.08627891873136098,-28.625489365574797,24.62637309564571,0.16586519199262986,2.9514379819788576,1,"[{""id"": 162, ""x"": -71.64137268066406, ""y"": 27.983861923217773, ""vx"": 0.0, ""vy"": 0.0, ""r"": 2.5906050205230713}]"
783,39.150000000000006,-37.73118591308594,24.55230712890625,0.0021492274358225144,5.696145436004601e-06,0.0013384054182097316,0.5,0.0,PlanStatus.OK,20,27.095000651171546,-0.02687907890173502,True,30.092768275738145,1.0408699443150123e-05,1.859791809988992e-05,0.20332727323686903,-0.02687907890173502,3.0,False,8.00659996457398,20,27.095000651171546,-0.02687907890173502,0.1,60,-37.731185908161265,24.552307128919928,0.0027770924697341688,5.696145436004601e-06,-28.881266819256354,24.5768955814125,0.0027769644907379757,2.95000009493576,1,"[{""id"": 162, ""x"": -71.64137268066406, ""y"": 27.983861923217773, ""vx"": 0.0, ""vy"": 0.0, ""r"": 2.5906050205230713}]"
784,39.2,-37.73042297363281,24.552309036254883,0.002149664230651693,0.08627901557551598,0.0,0.0,1.0,PlanStatus.FAIL,20,27.095763592979562,-0.02687929031114397,False,30.093504374704715,0.5550783431853562,1.6409648026541717,5.561025230238403,-0.02687929031114397,3.0,False,7.815999910235405,20,27.095763592979562,-0.02687929031114397,0.1,60,-37.730422968668556,24.55230903626867,0.002777092469981708,0.08627901557551598,-28.624986974147102,24.626668372995297,0.16687343844555438,2.951437983592928,1,"[{""id"": 162, ""x"": -71.64134979248047, ""y"": 27.983861923217773, ""vx"": -2.4400285838055424e-05, ""vy"": 1.0451391574406443e-07, ""r"": 2.5906050205230713}]"
785,39.25,-37.7306022644043,24.552309036254883,0.002150078919163229,5.697408391158803e-06,0.0013365972554311156,0.5,0.0,PlanStatus.OK,20,27.095584302899443,-0.026878792404733013,True,30.093310813653694,1.0287178428035737e-05,1.8653579146104757e-05,0.20332718239128542,-0.026878792404733013,3.0,False,8.376099867746234,20,27.095584302899443,-0.026878792404733013,0.1,60,-37.73060225944943,24.552309036268642,0.0027770924703904255,5.697408391158803e-06,-28.880683205416993,24.57689748860339,0.002776964587487591,2.950000094956804,1,"[{""id"": 162, ""x"": -71.6413345336914, ""y"": 27.983861923217773, ""vx"": -2.778305861284025e-05, ""vy"": -3.5396002573406804e-08, ""r"": 2.5906050205230713}]"
786,39.300000000000004,-37.72983932495117,24.552310943603516,0.002150511032654554,0.08627979787854109,0.0,0.0,1.0,PlanStatus.FAIL,20,27.09634724470746,-0.026879003814141978,False,30.090776312799683,0.5585235233640696,1.6510843138005362,5.582924082981123,-0.026879003814141978,3.0,False,7.517399964854121,20,27.09634724470746,-0.026879003814141978,0.1,60,-37.72983931995671,24.552310943617385,0.002777092470257129,0.08627979787854109,-28.62448284250786,24.626964672054545,0.16788538965739913,2.951437996631314,1,"[{""id"": 162, ""x"": -71.63802337646484, ""y"": 27.983871459960938, ""vx"": 0.0638587698340416, ""vy"": 0.00019626837456598878, ""r"": 2.5906050205230713}]"
787,39.35,-37.730018615722656,24.552310943603516,0.0021509245508316266,5.671353577807475e-06,0.0013348014326766133,0.5,0.0,PlanStatus.OK,20,27.096167954627344,-0.026878505907731026,True,30.0862648429582,1.0165666004669793e-05,1.8709233455655415e-05,0.2033279296230663,-0.026878505907731026,3.0,False,9.126099990680814,20,27.096167954627344,-0.026878505907731026,0.1,60,-37.73001861073758,24.55231094361736,0.002777092470185058,5.671353577807475e-06,-28.880099672158494,24.57689939557056,0.002776964684220254,2.9500000945225557,1,"[{""id"": 162, ""x"": -71.6336669921875, ""y"": 27.983882904052734, ""vx"": 0.10744364559650421, ""vy"": 0.00033000862458720803, ""r"": 2.5906050205230713}]"
788,39.400000000000006,-37.72925567626953,24.55231475830078,0.0021513554939884883,0.08627781571701487,0.0,0.0,1.0,PlanStatus.FAIL,20,27.096930901732236,-0.026876809975860467,False,30.07869172587189,0.561921343070625,1.6610621110646313,5.604532198875077,-0.026876809975860467,3.0,False,8.265099953860044,20,27.096930901732236,-0.026876809975860467,0.1,60,-37.72925567124523,24.552314758314736,0.0027770924701237525,0.08627781571701487,-28.623986678737996,24.627258505071886,0.16888316947055967,2.951437963595285,1,"[{""id"": 162, ""x"": -71.62528991699219, ""y"": 27.983909606933594, ""vx"": 0.20810285210609436, ""vy"": 0.0006360369152389467, ""r"": 2.5906050205230713}]"
789,39.45,-37.729434967041016,24.55231475830078,0.0021517692722398864,5.677384584823734e-06,0.001333007705397904,0.5,0.0,PlanStatus.OK,20,27.09675161165212,-0.02687631206944951,True,30.05845742632443,1.0261882578881074e-05,1.876489656406615e-05,0.20333101689259384,-0.02687631206944951,3.0,False,7.7985001262277365,20,27.09675161165212,-0.02687631206944951,0.1,60,-37.7294349620261,24.552314758314708,0.002777092470498356,5.677384584823734e-06,-28.879516039735034,24.576903210156452,0.0027769647714376753,2.9500000946230793,1,"[{""id"": 162, ""x"": -71.6051254272461, ""y"": 27.98396873474121, ""vx"": 0.514636754989624, ""vy"": 0.0013484475202858448, ""r"": 2.5906050205230713}]"
790,39.5,-37.72867202758789,24.552316665649414,0.0021522002153967477,0.08627984225995333,0.0,0.0,1.0,PlanStatus.FAIL,20,27.097514553460137,-0.02687652347885846,False,30.02590453051905,0.5653893979097817,1.671249264051291,5.626631898216772,-0.02687652347885846,3.0,False,7.764199981465936,20,27.097514553460137,-0.02687652347885846,0.1,60,-37.72867202253339,24.55231666566345,0.002777092470429775,0.08627984225995333,-28.623479388206146,24.62755665878559,0.16990188486705055,2.9514379973709954,1,"[{""id"": 162, ""x"": -71.5716323852539, ""y"": 27.984073638916016, ""vx"": 0.765071451663971, ""vy"": 0.002514840103685856, ""r"": 2.5906050205230713}]"
791,39.550000000000004,-37.728851318359375,24.552316665649414,0.0021526137335738204,5.695663167422223e-06,0.0013312144437804818,0.5,0.0,PlanStatus.OK,20,27.097335263380018,-0.026876025572447504,True,29.98306622058697,1.0389977378403507e-05,1.8820562500613917e-05,0.2033394005504043,-0.026876025572447504,3.0,False,8.04520002566278,20,27.097335263380018,-0.026876025572447504,0.1,60,-37.72885131331426,24.552316665663426,0.00277709247050924,5.695663167422223e-06,-28.878932375697836,24.576905117486902,0.0027769648681973368,2.950000094927717,1,"[{""id"": 162, ""x"": -71.52873229980469, ""y"": 27.984281539916992, ""vx"": 0.8923230767250061, ""vy"": 0.0029879817739129066, ""r"": 2.5906050205230713}]"
792,39.6,-37.72808837890625,24.552318572998047,0.002153047667585422,0.08627903753316529,0.0,0.0,1.0,PlanStatus.FAIL,20,27.098098205188034,-0.02687623698185647,False,29.930812363378607,0.5688089662113184,1.6812941962356724,5.648470722311432,-0.02687623698185647,3.0,False,7.689799880608916,20,27.098098205188034,-0.02687623698185647,0.1,60,-37.72808837382155,24.55231857301217,0.0027770924700551668,0.08627903753316529,-28.62297928559653,24.627850592656156,0.17090637818189758,2.9514379839588845,1,"[{""id"": 162, ""x"": -71.4754409790039, ""y"": 27.984336853027344, ""vx"": 1.0659784078598022, ""vy"": 0.0030383372213691473, ""r"": 2.5906050205230713}]"
793,39.650000000000006,-37.728267669677734,24.552318572998047,0.00215346196598547,5.689059899736816e-06,0.0013294131495058537,0.5,0.0,PlanStatus.OK,20,27.097918915107915,-0.026875739075445514,True,29.8716745624019,1.0518064742710282e-05,1.8876222198744783e-05,0.2033518557433441,-0.026875739075445514,3.0,False,8.445800049230456,20,27.097918915107915,-0.026875739075445514,0.1,60,-37.72826766460242,24.552318573012144,0.0027770924694896877,5.689059899736816e-06,-28.87834878505605,24.576907024613586,0.002776964964925872,2.9500000948176646,1,"[{""id"": 162, ""x"": -71.4161605834961, ""y"": 27.9844970703125, ""vx"": 1.2173796892166138, ""vy"": 0.001258348929695785, ""r"": 2.5906050205230713}]"
794,39.7,-37.72750473022461,24.55232048034668,0.0021538919988821938,0.08627981987061985,0.0,0.0,1.0,PlanStatus.FAIL,20,27.09868185691593,-0.026875950484854465,False,29.815240034870136,0.5722566718626533,1.691422076367104,5.670512113230303,-0.026875950484854465,3.0,False,8.349299896508455,20,27.09868185691593,-0.026875950484854465,0.1,60,-37.72750472510971,24.552320480360887,0.0027770924701595013,0.08627981987061985,-28.622475153814655,24.62814689204663,0.1719191662922235,2.951437996997842,1,"[{""id"": 162, ""x"": -71.35865783691406, ""y"": 27.984622955322266, ""vx"": 1.1074117422103882, ""vy"": 0.0022806860506534576, ""r"": 2.5906050205230713}]"
795,39.75,-37.727684020996094,24.55232048034668,0.0021543055170592665,5.698247089725291e-06,0.0013276217505335808,0.5,0.0,PlanStatus.OK,20,27.098502566835815,-0.026875452578443506,True,29.75723455110667,1.0646157350673528e-05,1.8931885112983583e-05,0.20336474822702205,-0.026875452578443506,3.0,False,9.71919996663928,20,27.098502566835815,-0.026875452578443506,0.1,60,-37.72768401589058,24.55232048036086,0.002777092470074005,5.698247089725291e-06,-28.877765147834893,24.576908931869674,0.002776965061671608,2.9500000949707874,1,"[{""id"": 162, ""x"": -71.3005142211914, ""y"": 27.98477554321289, ""vx"": 1.2021175622940063, ""vy"": 0.003068346530199051, ""r"": 2.5906050205230713}]"
796,39.800000000000004,-37.72692108154297,24.552324295043945,0.002154739971219518,0.08628029634056186,0.0,0.0,1.0,PlanStatus.FAIL,20,27.099265513940708,-0.026873756646572947,False,29.70134622533027,0.5756996663081215,1.701533564303829,5.692522658846664,-0.026873756646572947,3.0,False,8.948500035330653,20,27.099265513940708,-0.026873756646572947,0.1,60,-37.72692107639824,24.552324295058234,0.0027770924701695197,0.08628029634056186,-28.62197274781665,24.6284443900121,0.17293031517382831,2.9514380049390114,1,"[{""id"": 162, ""x"": -71.2435531616211, ""y"": 27.984954833984375, ""vx"": 1.1041083335876465, ""vy"": 0.0035075589548796415, ""r"": 2.5906050205230713}]"
797,39.85,-37.72710037231445,24.552324295043945,0.0021551543996567294,5.6987880089224715e-06,0.0013258191756904125,0.5,0.0,PlanStatus.OK,20,27.09908622386059,-0.026873258740161995,True,29.643503064861,1.0774247045983875e-05,1.898754719999781e-05,0.20337765948430256,-0.026873258740161995,3.0,False,10.520499898120761,20,27.09908622386059,-0.026873258740161995,0.1,60,-37.72710036717911,24.552324295058206,0.002777092470389081,5.6987880089224715e-06,-28.877181531588782,24.57691274641083,0.002776965148830656,2.9500000949797975,1,"[{""id"": 162, ""x"": -71.1855697631836, ""y"": 27.98511505126953, ""vx"": 1.1981830596923828, ""vy"": 0.0031783117447048426, ""r"": 2.5906050205230713}]"
798,39.900000000000006,-37.72633743286133,24.552326202392578,0.0021555879435568425,0.08628019939380473,0.0,0.0,1.0,PlanStatus.FAIL,20,27.099849165668605,-0.02687347014957096,False,29.587868448562418,0.5791333067067931,1.711620688055681,5.714474253574318,-0.02687347014957096,3.0,False,8.042099885642529,20,27.099849165668605,-0.02687347014957096,0.1,60,-37.72633742768641,24.55232620240695,0.0027770924703926594,0.08628019939380473,-28.621470848262863,24.628739379022573,0.17393902764575317,2.951438003323228,1,"[{""id"": 162, ""x"": -71.12886810302734, ""y"": 27.9852294921875, ""vx"": 1.0951159000396729, ""vy"": 0.002751369960606098, ""r"": 2.5906050205230713}]"
799,39.95,-37.72651672363281,24.552324295043945,0.002156002371994054,5.698930483553675e-06,0.0013240184634923935,0.5,0.0,PlanStatus.OK,20,27.099669870291613,-0.026874879584439515,True,29.524623697763495,1.0902335492480102e-05,1.9043207638738506e-05,0.20339126044945088,-0.026874879584439515,3.0,False,7.893899921327829,20,27.099669870291613,-0.026874879584439515,0.1,60,-37.72651671846691,24.55232429505829,0.0027770924704146652,5.698930483553675e-06,-28.876597925574725,24.576912746237117,0.002776965255151591,2.950000094982174,1,"[{""id"": 162, ""x"": -71.0654525756836, ""y"": 27.98538589477539, ""vx"": 1.4369378089904785, ""vy"": 0.0031006522476673126, ""r"": 2.5906050205230713}]"
800,40.0,-37.72575378417969,24.552326202392578,0.002156429153961712,0.08628075128232637,0.0,0.0,1.0,PlanStatus.FAIL,20,27.10043281209963,-0.02687509099384846,False,29.444249677421823,0.5825787414076471,1.721745664495878,5.7365365479071695,-0.02687509099384846,3.0,False,9.32980002835393,20,27.10043281209963,-0.02687509099384846,0.1,60,-37.7257537789742,24.552326202407034,0.002777092470364356,0.08628075128232637,-28.620966352368757,24.6290336806729,0.1749515253959767,2.9514380125213746,1,"[{""id"": 162, ""x"": -70.98384094238281, ""y"": 27.985858917236328, ""vx"": 1.7227729558944702, ""vy"": 0.004223863128572702, ""r"": 2.5906050205230713}]"
801,40.050000000000004,-37.72593307495117,24.552326202392578,0.0021568426721387847,5.237583729042657e-06,0.0013222339330241084,0.5,0.0,PlanStatus.OK,20,27.10025352201951,-0.0268745930874375,True,29.348668473602295,1.1030271508153846e-05,1.904742110438694e-05,0.2034115842735401,-0.0268745930874375,3.0,False,8.509899955242872,20,27.10025352201951,-0.0268745930874375,0.1,60,-37.72593306975507,24.55232620240701,0.0027770924701038383,5.237583729042657e-06,-28.876015676327555,24.576914649638972,0.002776965351643737,2.9500000872930605,1,"[{""id"": 162, ""x"": -70.8878402709961, ""y"": 27.98672103881836, ""vx"": 1.9607441425323486, ""vy"": 0.0036803153343498707, ""r"": 2.5906050205230713}]"
802,40.1,-37.72517013549805,24.55232810974121,0.002157245007119874,0.08625779558802743,0.0,0.0,1.0,PlanStatus.FAIL,20,27.101016463827527,-0.026874804496846472,False,29.24050336819012,0.5856166092656685,1.7306703184618122,5.7560796677806225,-0.026874804496846472,3.0,False,9.266499895602465,20,27.101016463827527,-0.026874804496846472,0.1,60,-37.72517013026237,24.552328109755752,0.0027770924699584577,0.08625779558802743,-28.6205224857871,24.629294599606993,0.17584399087800012,2.951437629926465,1,"[{""id"": 162, ""x"": -70.7783203125, ""y"": 27.986833572387695, ""vx"": 2.297466278076172, ""vy"": 0.006672186776995659, ""r"": 2.5906050205230713}]"
803,40.150000000000006,-37.72534942626953,24.55232810974121,0.0021576563146651823,5.308579475438496e-06,0.001320506096817553,0.5,0.0,PlanStatus.OK,20,27.100837173747408,-0.026874306590435514,True,29.126858729722862,1.1158385244676792e-05,1.8990315191081547e-05,0.20343754916824655,-0.026874306590435514,3.0,False,8.201800053939223,20,27.100837173747408,-0.026874306590435514,0.1,60,-37.72534942104325,24.552328109755727,0.002777092469309985,5.308579475438496e-06,-28.875431856780718,24.5769165574016,0.0027769654484073175,2.950000088476322,1,"[{""id"": 162, ""x"": -70.66417694091797, ""y"": 27.98744773864746, ""vx"": 2.4645540714263916, ""vy"": 0.004690860398113728, ""r"": 2.5906050205230713}]"
804,40.2,-37.724586486816406,24.552331924438477,0.002158068532470629,0.08625844333799579,0.0,0.0,1.0,PlanStatus.FAIL,20,27.101600120852304,-0.026872610658564958,False,28.993931864121066,0.589064829237339,1.7407983854562061,5.778285639011821,-0.026872610658564958,3.0,False,7.9245001543313265,20,27.101600120852304,-0.026872610658564958,0.1,60,-37.7245864815509,24.5523319244531,0.0027770924701041914,0.08625844333799579,-28.62001964468034,24.62959235325574,0.1768567976654057,2.951437640722298,1,"[{""id"": 162, ""x"": -70.52973175048828, ""y"": 27.98775291442871, ""vx"": 2.832817316055298, ""vy"": 0.007784256711602211, ""r"": 2.5906050205230713}]"
805,40.25,-37.72476577758789,24.552331924438477,0.0021584806202389136,5.314199570272589e-06,0.0013187555596232414,0.5,0.0,PlanStatus.OK,20,27.101420830772184,-0.026872112752154002,True,28.851901670558377,1.128647679336922e-05,1.893322482536975e-05,0.2034702846559893,-0.026872112752154002,3.0,False,7.778200088068843,20,27.101420830772184,-0.026872112752154002,0.1,60,-37.724765772331786,24.552331924453075,0.002777092469329672,5.314199570272589e-06,-28.874848225537626,24.5769203719846,0.0027769655355469156,2.9500000885699924,1,"[{""id"": 162, ""x"": -70.38704681396484, ""y"": 27.988265991210938, ""vx"": 2.814793825149536, ""vy"": 0.007121171802282333, ""r"": 2.5906050205230713}]"
806,40.300000000000004,-37.724002838134766,24.55233383178711,0.0021589074022065717,0.08625218512134367,0.0,0.0,1.0,PlanStatus.FAIL,20,27.1021837725802,-0.026872324161562947,False,28.697282256981765,0.5923935938301507,1.7505786167537651,5.79979789875928,-0.026872324161562947,3.0,False,8.023199858143926,20,27.1021837725802,-0.026872324161562947,0.1,60,-37.724002832839076,24.552333831801818,0.0027770924700344962,0.08625218512134367,-28.619533387134275,24.629878159337956,0.17783482088885338,2.951437536418691,1,"[{""id"": 162, ""x"": -70.23076629638672, ""y"": 27.98865509033203, ""vx"": 3.2569074630737305, ""vy"": 0.010050149634480476, ""r"": 2.5906050205230713}]"
807,40.35,-37.72418212890625,24.55233383178711,0.0021593206603093195,5.3367860783874456e-06,0.0013169717276468873,0.5,0.0,PlanStatus.OK,20,27.102004482500085,-0.026871826255151995,True,28.53040637239154,1.141457347168704e-05,1.8876130396770774e-05,0.20350935732115383,-0.026871826255151995,3.0,False,8.279799949377775,20,27.102004482500085,-0.026871826255151995,0.1,60,-37.72418212361995,24.552333831801793,0.0027770924699584846,5.3367860783874456e-06,-28.874264548783476,24.576922279350793,0.002776965632263137,2.9500000889464313,1,"[{""id"": 162, ""x"": -70.0631103515625, ""y"": 27.988887786865234, ""vx"": 3.3237392902374268, ""vy"": 0.009046935476362705, ""r"": 2.5906050205230713}]"
808,40.400000000000006,-37.723419189453125,24.552335739135742,0.0021597530338749696,0.08625401770241195,0.0,0.0,1.0,PlanStatus.FAIL,20,27.1027674243081,-0.026872037664560942,False,28.351511057570796,0.5958633766644561,1.7607737062453461,5.8222750821812745,-0.026872037664560942,3.0,False,7.807199843227863,20,27.1027674243081,-0.026872037664560942,0.1,60,-37.723419184127245,24.552335739150532,0.0027770924703254423,0.08625401770241195,-28.61902658899157,24.6301760245309,0.17885432993570577,2.95143756696171,1,"[{""id"": 162, ""x"": -69.88236236572266, ""y"": 27.989608764648438, ""vx"": 3.7563674449920654, ""vy"": 0.011675470508635044, ""r"": 2.5906050205230713}]"
809,40.45,-37.72359848022461,24.552335739135742,0.0021601665520520424,5.353129883678605e-06,0.0013151754392310977,0.5,0.0,PlanStatus.OK,20,27.102588134227982,-0.026871539758149984,True,28.162420913423468,1.1542668959046837e-05,1.8819038195890675e-05,0.20355517173043072,-0.026871539758149984,3.0,False,8.590799989178777,20,27.102588134227982,-0.026871539758149984,0.1,60,-37.723598474908115,24.552335739150507,0.0027770924704843087,5.353129883678605e-06,-28.87368089044316,24.576924186665913,0.0027769657289929126,2.950000089218828,1,"[{""id"": 162, ""x"": -69.69227600097656, ""y"": 27.99046516418457, ""vx"": 3.8079075813293457, ""vy"": 0.011677821166813374, ""r"": 2.5906050205230713}]"
810,40.5,-37.722835540771484,24.552337646484375,0.002160603346881221,0.08625579090878795,0.0,0.0,1.0,PlanStatus.FAIL,20,27.103351076036,-0.026871751167558952,False,27.95841353193877,0.5993326394322924,1.7709676865973236,5.844819890442362,-0.026871751167558952,3.0,False,9.1516999527812,20,27.103351076036,-0.026871751167558952,0.1,60,-37.72283553541541,24.55233764649925,0.00277709247005039,0.08625579090878795,-28.61851994159189,24.630473801287952,0.17987372806855736,2.951437596515146,1,"[{""id"": 162, ""x"": -69.4862060546875, ""y"": 27.991535186767578, ""vx"": 4.274665832519531, ""vy"": 0.015134905464947224, ""r"": 2.5906050205230713}]"
811,40.550000000000004,-37.72301483154297,24.552337646484375,0.0021610168650582936,5.367687468365967e-06,0.0013133697211742401,0.5,0.0,PlanStatus.OK,20,27.10317178595588,-0.026871253261147997,True,27.73969190328687,1.1670762704990024e-05,1.87619460634671e-05,0.20360929845245287,-0.026871253261147997,3.0,False,7.629100000485778,20,27.10317178595588,-0.026871253261147997,0.1,60,-37.72301482619629,24.552337646499225,0.002777092469790365,5.367687468365967e-06,-28.87309723737096,24.57692609396646,0.0027769658257266613,2.950000089461456,1,"[{""id"": 162, ""x"": -69.26629638671875, ""y"": 27.99226951599121, ""vx"": 4.489866256713867, ""vy"": 0.012809626758098602, ""r"": 2.5906050205230713}]"
812,40.6,-37.722251892089844,24.55234146118164,0.0021614545701476107,0.08625310089058254,0.0,0.0,1.0,PlanStatus.FAIL,20,27.103934733060775,-0.026869557329277437,False,27.504780009844577,0.6027249887520938,1.7809330482064283,5.8669697251225035,-0.026869557329277437,3.0,False,8.667099988088012,20,27.103934733060775,-0.026869557329277437,0.1,60,-37.722251886703965,24.552341461196598,0.0027770924700800314,0.08625310089058254,-28.61802557393137,24.63076658055468,0.18087026431575598,2.951437551681511,1,"[{""id"": 162, ""x"": -69.02916717529297, ""y"": 27.992738723754883, ""vx"": 4.937839031219482, ""vy"": 0.013468691147863865, ""r"": 2.5906050205230713}]"
813,40.650000000000006,-37.722434997558594,24.55234146118164,0.0021618680883246835,5.393728278507598e-06,0.0013115621404722333,0.5,0.0,PlanStatus.OK,20,27.1037516282981,-0.02686904882911305,True,27.255083804086855,1.1798023683318508e-05,1.870522360689162e-05,0.2036734102194395,-0.02686904882911305,3.0,False,8.860599948093295,20,27.1037516282981,-0.02686904882911305,0.1,60,-37.722434992182315,24.552341461196573,0.0027770924700547513,5.393728278507598e-06,-28.872517360289365,24.57692990871811,0.00277696591212303,2.9500000898954735,1,"[{""id"": 162, ""x"": -68.77809143066406, ""y"": 27.993165969848633, ""vx"": 5.0237202644348145, ""vy"": 0.012773588299751282, ""r"": 2.5906050205230713}]"
814,40.7,-37.7216682434082,24.552343368530273,0.0021623069637484635,0.08625520940493576,0.0,0.0,1.0,PlanStatus.FAIL,20,27.104518384788673,-0.02686927083227543,False,26.994387886452053,0.606201066875317,1.7911479308641933,5.88974934380961,-0.02686927083227543,3.0,False,7.797800004482269,20,27.104518384788673,-0.02686927083227543,0.1,60,-37.72166823799214,24.552343368545316,0.002777092470186942,0.08625520940493576,-28.617518075199914,24.63106485723881,0.18189175267933824,2.951437586823419,1,"[{""id"": 162, ""x"": -68.51493835449219, ""y"": 27.993898391723633, ""vx"": 5.323988437652588, ""vy"": 0.013278225436806679, ""r"": 2.5906050205230713}]"
815,40.75,-37.72185134887695,24.552343368530273,0.0021627204819255363,5.414637142862497e-06,0.0013097519986331463,0.5,0.0,PlanStatus.OK,20,27.104335280026,-0.02686876233211106,True,26.733824172822196,1.1926120663021334e-05,1.86481301252088e-05,0.2037449633378073,-0.02686876233211106,3.0,False,7.990000071004033,20,27.104335280026,-0.02686876233211106,0.1,60,-37.72185134347048,24.552343368545287,0.002777092470653295,5.414637142862497e-06,-28.871933688477768,24.576931816070797,0.002776966008829407,2.9500000902439485,1,"[{""id"": 162, ""x"": -68.25285339355469, ""y"": 27.994503021240234, ""vx"": 5.181912899017334, ""vy"": 0.013063790276646614, ""r"": 2.5906050205230713}]"
816,40.800000000000004,-37.72108459472656,24.552343368530273,0.0021631574067918773,0.0862551348757764,0.0,0.0,1.0,PlanStatus.FAIL,20,27.105102031219694,-0.02687089167655295,False,26.494341085547592,0.6096395081866663,1.8012556461069924,5.9123014472697015,-0.02687089167655295,3.0,False,8.097900077700615,20,27.105102031219694,-0.02687089167655295,0.1,60,-37.721084589279926,24.5523433685454,0.0027770924701023083,0.0862551348757764,-28.617015170171616,24.631358225409475,0.1829025243095528,2.9514375855812647,1,"[{""id"": 162, ""x"": -68.01101684570312, ""y"": 27.99500846862793, ""vx"": 4.353846073150635, ""vy"": 0.010718373581767082, ""r"": 2.5906050205230713}]"
817,40.85,-37.72126770019531,24.552343368530273,0.0021635705348574626,5.438449541177879e-06,0.0013079468626528978,0.5,0.0,PlanStatus.OK,20,27.10491892645702,-0.026870383176385005,True,26.315983991296747,1.2054216768521434e-05,1.859103615211785e-05,0.20380437005560692,-0.026870383176385005,3.0,False,8.006500080227852,20,27.10491892645702,-0.026870383176385005,0.1,60,-37.72126769475827,24.552343368545372,0.0027770924711089996,5.438449541177879e-06,-28.87135001265711,24.576931816091484,0.0027769661151763464,2.9500000906408257,1,"[{""id"": 162, ""x"": -67.83164978027344, ""y"": 27.99534034729004, ""vx"": 3.0988192558288574, ""vy"": 0.007358183152973652, ""r"": 2.5906050205230713}]"
818,40.900000000000006,-37.72050094604492,24.552345275878906,0.0021639996574940477,0.08625311572030324,0.0,0.0,1.0,PlanStatus.FAIL,20,27.105685682947595,-0.02687060517955094,False,26.175441403049533,0.6130447514927393,1.811263261132456,5.93440318795941,-0.02687060517955094,3.0,False,7.790799951180816,20,27.105685682947595,-0.02687060517955094,0.1,60,-37.7205009405681,24.552345275894115,0.00277709247036567,0.08625311572030324,-28.61651815068906,24.63165035001544,0.18390328590787117,2.951437551928675,1,"[{""id"": 162, ""x"": -67.68939971923828, ""y"": 27.995521545410156, ""vx"": 2.9609413146972656, ""vy"": 0.007774298544973135, ""r"": 2.5906050205230713}]"
819,40.95,-37.72068405151367,24.552345275878906,0.002164410965039356,5.463137380585244e-06,0.001306162215769291,0.5,0.0,PlanStatus.OK,20,27.105502578184918,-0.026870096679383018,True,26.030408844287244,1.218231360278694e-05,1.8533941586046376e-05,0.20384607469759744,-0.026870096679383018,3.0,False,7.912100059911609,20,27.105502578184918,-0.026870096679383018,0.1,60,-37.72068404604644,24.55234527589409,0.0027770924706567203,5.463137380585244e-06,-28.87076632969944,24.576933723475243,0.0027769662119077314,2.950000091052286,1,"[{""id"": 162, ""x"": -67.54354858398438, ""y"": 27.995893478393555, ""vx"": 2.951594829559326, ""vy"": 0.006859511137008667, ""r"": 2.5906050205230713}]"
820,41.0,-37.71991729736328,24.55234718322754,0.00216484203823338,0.08625359234842983,0.0,0.0,1.0,PlanStatus.FAIL,20,27.106269334675492,-0.0268703186825454,False,25.865375506899895,0.6164938078622443,1.8214001846518504,5.956781591123703,-0.0268703186825454,3.0,False,7.874100003391504,20,27.106269334675492,-0.0268703186825454,0.1,60,-37.71991729185628,24.552347183242833,0.00277709247032377,0.08625359234842983,-28.616014795014348,24.631946194562776,0.18491697835680312,2.951437559872471,1,"[{""id"": 162, ""x"": -67.37657165527344, ""y"": 27.99653434753418, ""vx"": 3.4907336235046387, ""vy"": 0.010343433357775211, ""r"": 2.5906050205230713}]"
821,41.050000000000004,-37.72010040283203,24.55234718322754,0.0021652532157415264,5.485694784967061e-06,0.001304373610764742,0.5,0.0,PlanStatus.OK,20,27.10608622991282,-0.02686981018238101,True,25.68866171128632,1.2310411024680509e-05,1.8476847711956096e-05,0.2038971969714929,-0.02686981018238101,3.0,False,10.572399944067001,20,27.10608622991282,-0.02686981018238101,0.1,60,-37.72010039733461,24.55234718324281,0.0027770924700339372,5.485694784967061e-06,-28.870182653025267,24.576935630841604,0.0027769663086123094,2.9500000914282443,1,"[{""id"": 162, ""x"": -67.19879150390625, ""y"": 27.99700164794922, ""vx"": 3.5484302043914795, ""vy"": 0.010123072192072868, ""r"": 2.5906050205230713}]"
822,41.1,-37.71933364868164,24.552350997924805,0.002165694171759908,0.08625561103137395,0.0,0.0,1.0,PlanStatus.FAIL,20,27.10685299170027,-0.026868124844267437,False,25.501150087243346,0.6199703204227275,1.8316153107683588,5.9794287508967745,-0.026868124844267437,3.0,False,7.931399857625365,20,27.10685299170027,-0.026868124844267437,0.1,60,-37.71933364314484,24.55235099794018,0.0027770924701561576,0.08625561103137395,-28.61550847274272,24.632245992499264,0.18593849105703592,2.951437593517192,1,"[{""id"": 162, ""x"": -67.0091781616211, ""y"": 27.997438430786133, ""vx"": 3.943323850631714, ""vy"": 0.010947233997285366, ""r"": 2.5906050205230713}]"
823,41.150000000000006,-37.71951675415039,24.552350997924805,0.0021661065196025174,5.259174533719794e-06,0.0013025616062805057,0.5,0.0,PlanStatus.OK,20,27.106669886937595,-0.026867616344103045,True,25.302705194998932,1.243842614040597e-05,1.8419816328481796e-05,0.20395658989630927,-0.026867616344103045,3.0,False,7.908399915322661,20,27.106669886937595,-0.026867616344103045,0.1,60,-37.71951674862318,24.552350997940156,0.002777092469724712,5.259174533719794e-06,-28.86959970651216,24.576939443523536,0.002776966395551956,2.9500000876529056,1,"[{""id"": 162, ""x"": -66.80948638916016, ""y"": 27.997882843017578, ""vx"": 4.075721740722656, ""vy"": 0.011063444428145885, ""r"": 2.5906050205230713}]"
824,41.2,-37.71875,24.552352905273438,0.002166516786850525,0.08625672945352356,0.0,0.0,1.0,PlanStatus.FAIL,20,27.107436643428166,-0.026867838347265426,False,25.09335157928124,0.6234313939070956,1.8417886251888198,6.002062834883618,-0.026867838347265426,3.0,False,7.908799918368459,20,27.107436643428166,-0.026867838347265426,0.1,60,-37.71874999443302,24.5523529052889,0.002777092470193938,0.08625672945352356,-28.615003487642188,24.632542793781642,0.186955822596392,2.9514376121575587,1,"[{""id"": 162, ""x"": -66.59741973876953, ""y"": 28.001840591430664, ""vx"": 4.358221530914307, ""vy"": 0.19905774295330048, ""r"": 2.5906050205230713}]"
825,41.25,-37.71893310546875,24.552352905273438,0.002166930044953273,5.369320636971039e-06,0.0013008126989006996,0.5,0.0,PlanStatus.OK,20,27.107253538665493,-0.026867329847101058,True,24.872712023135858,1.256655232913441e-05,1.8362700458236618e-05,0.20402492715471884,-0.026867329847101058,3.0,False,8.717699907720089,20,27.107253538665493,-0.026867329847101058,0.1,60,-37.71893309991136,24.55235290528887,0.002777092470139743,5.369320636971039e-06,-28.86901577146523,24.576941351607502,0.0027769664922794794,2.95000008948868,1,"[{""id"": 162, ""x"": -66.37423706054688, ""y"": 28.01134490966797, ""vx"": 4.493630409240723, ""vy"": 0.26862847805023193, ""r"": 2.5906050205230713}]"
826,41.300000000000004,-37.71816635131836,24.55235481262207,0.0021673379715323538,0.0862580332330624,0.0,0.0,1.0,PlanStatus.FAIL,20,27.108020295156066,-0.026867551850263422,False,24.638809516626825,0.6268960918905236,1.8519731635471917,6.024817859625488,-0.026867551850263422,3.0,False,7.885199971497059,20,27.108020295156066,-0.026867551850263422,0.1,60,-37.71816634572119,24.552354812637617,0.0027770924700886383,0.0862580332330624,-28.61449803196836,24.632839871392985,0.1879742765296504,2.951437633887218,1,"[{""id"": 162, ""x"": -66.1363525390625, ""y"": 28.0236759185791, ""vx"": 4.899852752685547, ""vy"": 0.3363106846809387, ""r"": 2.5906050205230713}]"
827,41.35,-37.71834945678711,24.55235481262207,0.0021677492790776625,5.352150085057785e-06,0.001299072988331318,0.5,0.0,PlanStatus.OK,20,27.10783719039339,-0.026867043350099047,True,24.391839468555155,1.2694635993450444e-05,1.83056161508861e-05,0.20410420120855488,-0.026867043350099047,3.0,False,8.05120007134974,20,27.10783719039339,-0.026867043350099047,0.1,60,-37.718349451199536,24.55235481263759,0.0027770924700173285,5.352150085057785e-06,-28.86843221197492,24.576943258648605,0.0027769665889690555,2.9500000892025,1,"[{""id"": 162, ""x"": -65.88594818115234, ""y"": 28.037973403930664, ""vx"": 5.124527931213379, ""vy"": 0.36510351300239563, ""r"": 2.5906050205230713}]"
828,41.400000000000006,-37.71758270263672,24.552358627319336,0.002168157075619581,0.0862579735692371,0.0,0.0,1.0,PlanStatus.FAIL,20,27.10860395218084,-0.026865358011981904,False,24.131339397892933,0.6303377397580349,1.8620874005500454,6.047544664843443,-0.026865358011981904,3.0,False,7.549599977210164,20,27.10860395218084,-0.026865358011981904,0.1,60,-37.717582697009775,24.552358627334964,0.002777092470118522,0.0862579735692371,-28.613996985839297,24.63313657197027,0.18898570031743714,2.9514376328928185,1,"[{""id"": 162, ""x"": -65.62066650390625, ""y"": 28.054025650024414, ""vx"": 5.461525917053223, ""vy"": 0.4034108519554138, ""r"": 2.5906050205230713}]"
829,41.45,-37.71776580810547,24.552358627319336,0.0021685683831648896,5.33086813803348e-06,0.0012973335105925798,0.5,0.0,PlanStatus.OK,20,27.108420847418166,-0.026864849511817536,True,23.870749644747185,1.2822719141963925e-05,1.824853281663305e-05,0.20419370844389417,-0.026864849511817536,3.0,False,7.935300003737211,20,27.108420847418166,-0.026864849511817536,0.1,60,-37.71776580248811,24.552358627334936,0.0027770924706294895,5.33086813803348e-06,-28.86784866003815,24.576947073011937,0.0027769666759525887,2.950000088847807,1,"[{""id"": 162, ""x"": -65.35609436035156, ""y"": 28.070579528808594, ""vx"": 5.1868414878845215, ""vy"": 0.39180245995521545, ""r"": 2.5906050205230713}]"
830,41.5,-37.717002868652344,24.55236053466797,0.002168975139409507,0.08625800324320537,0.0,0.0,1.0,PlanStatus.FAIL,20,27.109183789226183,-0.02686506092122648,False,23.609133756890827,0.6337585542657942,1.8721440506914768,6.070202148851381,-0.02686506092122648,3.0,False,7.845300016924739,20,27.109183789226183,-0.02686506092122648,0.1,60,-37.717002862995415,24.55236053468368,0.00277709247014818,0.08625800324320537,-28.61349805294437,24.633429832562573,0.18999136542763587,2.9514376333873833,1,"[{""id"": 162, ""x"": -65.0893325805664, ""y"": 28.088056564331055, ""vx"": 5.432875156402588, ""vy"": 0.416808545589447, ""r"": 2.5906050205230713}]"
831,41.550000000000004,-37.71718215942383,24.55236053466797,0.002169387357214954,5.306774306058881e-06,0.0012955943820998073,0.5,0.0,PlanStatus.OK,20,27.109004499146064,-0.026864563014815525,True,23.333645186009328,1.295080011985511e-05,1.819145072139757e-05,0.2042901488036914,-0.026864563014815525,3.0,False,8.114299969747663,20,27.109004499146064,-0.026864563014815525,0.1,60,-37.7171821537763,24.552360534683654,0.002777092469901635,5.306774306058881e-06,-28.867265120965683,24.576948979996445,0.0027769667726302892,2.950000088446236,1,"[{""id"": 162, ""x"": -64.80921936035156, ""y"": 28.107099533081055, ""vx"": 5.9726433753967285, ""vy"": 0.4606369733810425, ""r"": 2.5906050205230713}]"
832,41.6,-37.7164192199707,24.5523624420166,0.0021698042563582545,0.08625795806822927,0.0,0.0,1.0,PlanStatus.FAIL,20,27.10976744095408,-0.02686477442422449,False,23.02059271492155,0.6372009231015398,1.882264699108623,6.093162881978834,-0.02686477442422449,3.0,False,8.105500135570765,20,27.10976744095408,-0.02686477442422449,0.1,60,-37.7164192142836,24.552362442032397,0.002777092470252659,0.08625795806822927,-28.612996021882527,24.63372489982009,0.19100343036607934,2.951437632634472,1,"[{""id"": 162, ""x"": -64.48970794677734, ""y"": 28.129486083984375, ""vx"": 6.62749719619751, ""vy"": 0.5154157280921936, ""r"": 2.5906050205230713}]"
833,41.650000000000006,-37.71659851074219,24.55236053466797,0.002170217124349514,5.3238293564691384e-06,0.001293832203373313,0.5,0.0,PlanStatus.OK,20,27.10958814557709,-0.026866183859089492,True,22.678113627241387,1.3078893979792079e-05,1.8134358194992276e-05,0.20441403784348397,-0.026866183859089492,3.0,False,7.494200021028519,20,27.10958814557709,-0.026866183859089492,0.1,60,-37.71659850506407,24.55236053468374,0.0027770924699356755,5.3238293564691384e-06,-28.866681465090558,24.576948979962236,0.00277696687901109,2.9500000887304867,1,"[{""id"": 162, ""x"": -64.14088439941406, ""y"": 28.154813766479492, ""vx"": 7.164005756378174, ""vy"": 0.5671105980873108, ""r"": 2.5906050205230713}]"
834,41.7,-37.71583557128906,24.5523624420166,0.002170619719404929,0.08625452326907061,0.0,0.0,1.0,PlanStatus.FAIL,20,27.110351087385105,-0.02686639526849844,False,22.319156401757233,0.6405843437183935,1.8922157445126344,6.116031148850299,-0.02686639526849844,3.0,False,7.843900006264448,20,27.110351087385105,-0.02686639526849844,0.1,60,-37.71583556557137,24.552362442032482,0.0027770924702129342,0.08625452326907061,-28.612501648404724,24.634013259803655,0.19199853501076916,2.9514375753878195,1,"[{""id"": 162, ""x"": -63.77399826049805, ""y"": 28.18219757080078, ""vx"": 7.449080467224121, ""vy"": 0.5939188003540039, ""r"": 2.5906050205230713}]"
835,41.75,-37.71601486206055,24.5523624420166,0.002171029726578611,5.279696412906595e-06,0.0012921065790578723,0.5,0.0,PlanStatus.OK,20,27.110171797304986,-0.026865897362087485,True,21.943120492719487,1.320696925455292e-05,1.8077281638624772e-05,0.20456174272925862,-0.026865897362087485,3.0,False,9.228199953213334,20,27.110171797304986,-0.026865897362087485,0.1,60,-37.71601485635225,24.552362442032454,0.002777092470858839,5.279696412906595e-06,-28.86609798513026,24.576950886782704,0.002776966975677994,2.9500000879949377,1,"[{""id"": 162, ""x"": -63.390296936035156, ""y"": 28.211509704589844, ""vx"": 7.817392349243164, ""vy"": 0.6313664317131042, ""r"": 2.5906050205230713}]"
836,41.800000000000004,-37.71525192260742,24.552364349365234,0.0021714357026002534,0.08625347257538074,0.0,0.0,1.0,PlanStatus.FAIL,20,27.110934739113002,-0.026866108771496453,False,21.5547808379021,0.644009870508358,1.9022881404616772,6.139390737555839,-0.026866108771496453,3.0,False,8.230899926275015,20,27.110934739113002,-0.026866108771496453,0.1,60,-37.71525191685956,24.552364349381197,0.002777092470186621,0.08625347257538074,-28.612002170196167,24.63430682844096,0.19300577470190897,2.9514375578762584,1,"[{""id"": 162, ""x"": -62.992713928222656, ""y"": 28.24243927001953, ""vx"": 8.0327787399292, ""vy"": 0.6526345014572144, ""r"": 2.5906050205230713}]"
837,41.85,-37.715431213378906,24.552364349365234,0.0021718457097739357,5.290309924823031e-06,0.0012903737369924784,0.5,0.0,PlanStatus.OK,20,27.110755449032883,-0.026865610865085494,True,21.153850890099406,1.3335061364208181e-05,1.8020190285534393e-05,0.20473178063000835,-0.026865610865085494,3.0,False,8.533000014722347,20,27.110755449032883,-0.026865610865085494,0.1,60,-37.715431207640435,24.552364349381172,0.0027770924709885386,5.290309924823031e-06,-28.86551434367859,24.57695279405169,0.0027769670723531426,2.95000008817183,1,"[{""id"": 162, ""x"": -62.582820892333984, ""y"": 28.274808883666992, ""vx"": 8.293057441711426, ""vy"": 0.6801379323005676, ""r"": 2.5906050205230713}]"
838,41.900000000000006,-37.71466827392578,24.5523681640625,0.002172235691224578,0.08625461978839342,0.0,0.0,1.0,PlanStatus.FAIL,20,27.11151839613778,-0.026863914933218488,False,20.74755703028259,0.6474743133268414,1.9124724952130256,6.163213867065157,-0.026863914933218488,3.0,False,8.039399981498718,20,27.11151839613778,-0.026863914933218488,0.1,60,-37.714668268148145,24.552368164078548,0.002777092470229195,0.08625461978839342,-28.61149805975147,24.63460532833703,0.19402421026510477,2.9514375769964767,1,"[{""id"": 162, ""x"": -62.16606140136719, ""y"": 28.308168411254883, ""vx"": 8.350666046142578, ""vy"": 0.6878237128257751, ""r"": 2.5906050205230713}]"
839,41.95,-37.714847564697266,24.5523681640625,0.0021726455683610977,5.2619131724501085e-06,0.0012886751210317016,0.5,0.0,PlanStatus.OK,20,27.11133910605766,-0.026863417026807532,True,20.338350546560278,1.3463142974925562e-05,1.7963108302990888e-05,0.20492132924625087,-0.026863417026807532,3.0,False,8.656600024551153,20,27.11133910605766,-0.026863417026807532,0.1,60,-37.71484755892902,24.55236816407852,0.002777092470100673,5.2619131724501085e-06,-28.864930812710952,24.57695660835703,0.0027769671593037876,2.9500000876985513,1,"[{""id"": 162, ""x"": -61.746826171875, ""y"": 28.34210205078125, ""vx"": 8.398194313049316, ""vy"": 0.6964215040206909, ""r"": 2.5906050205230713}]"
840,42.0,-37.71408462524414,24.552370071411133,0.0021730614272070974,0.08625389701701086,0.0,0.0,1.0,PlanStatus.FAIL,20,27.112102047865676,-0.02686362843621648,False,19.934856994332396,0.6509061826563907,1.922564885077472,6.186989812381638,-0.02686362843621648,3.0,False,7.657799869775772,20,27.112102047865676,-0.02686362843621648,0.1,60,-37.71408461943633,24.552370071427262,0.0027770924699788146,0.08625389701701086,-28.610997748962372,24.634899385892634,0.19503344934792757,2.951437564950287,1,"[{""id"": 162, ""x"": -61.331302642822266, ""y"": 28.380521774291992, ""vx"": 8.239727973937988, ""vy"": 0.895969808101654, ""r"": 2.5906050205230713}]"
841,42.050000000000004,-37.714263916015625,24.552370071411133,0.0021734726047152437,5.25676075173499e-06,0.0012869188794866204,0.5,0.0,PlanStatus.OK,20,27.11192275778556,-0.026863130529805525,True,19.537484926674818,1.359123076323304e-05,1.7906021647692144e-05,0.2051228745150947,-0.026863130529805525,3.0,False,7.706800010055304,20,27.11192275778556,-0.026863130529805525,0.1,60,-37.714263910217205,24.552370071427237,0.0027770924694162243,5.25676075173499e-06,-28.864347217761026,24.576958515496983,0.0027769672559613667,2.95000008761268,1,"[{""id"": 162, ""x"": -60.92131042480469, ""y"": 28.425870895385742, ""vx"": 8.169638633728027, ""vy"": 1.0334794521331787, ""r"": 2.5906050205230713}]"
842,42.1,-37.7135009765625,24.552371978759766,0.002173892364676121,0.08625520078142876,0.0,0.0,1.0,PlanStatus.FAIL,20,27.112685699593577,-0.02686334193921449,False,19.150552981623385,0.6543736076494594,1.932762587286956,6.211081258905252,-0.02686334193921449,3.0,False,7.741399807855487,20,27.112685699593577,-0.02686334193921449,0.1,60,-37.71350097072451,24.55237197877598,0.0027770924701779514,0.08625520078142876,-28.610492293289216,24.635196463998685,0.1960532196662609,2.951437586679691,1,"[{""id"": 162, ""x"": -60.5190315246582, ""y"": 28.479326248168945, ""vx"": 7.943624019622803, ""vy"": 1.2984176874160767, ""r"": 2.5906050205230713}]"
843,42.150000000000006,-37.713680267333984,24.552371978759766,0.0021743035421842674,5.254198497762603e-06,0.0012851542560383677,0.5,0.0,PlanStatus.OK,20,27.112506409513458,-0.026862844032799985,True,18.772372299418983,1.3719319069861624e-05,1.784893400373546e-05,0.20533148288551356,-0.026862844032799985,3.0,False,8.152500027790666,20,27.112506409513458,-0.026862844032799985,0.1,60,-37.713680261505395,24.552371978775952,0.002777092470799041,5.254198497762603e-06,-28.8637636151698,24.576960422658217,0.0027769673526384614,2.9500000875699732,1,"[{""id"": 162, ""x"": -60.12421798706055, ""y"": 28.542476654052734, ""vx"": 7.843526363372803, ""vy"": 1.49400794506073, ""r"": 2.5906050205230713}]"
844,42.2,-37.71291732788086,24.55237579345703,0.0021747005456416897,0.08625461198159488,0.0,0.0,1.0,PlanStatus.FAIL,20,27.11326935661835,-0.02686114810093297,False,18.405889871217227,0.6578087873488226,1.942862911622651,6.2350258931095865,-0.02686114810093297,3.0,False,10.629399912431836,20,27.11326935661835,-0.02686114810093297,0.1,60,-37.71291732201311,24.552375793473328,0.002777092470265239,0.08625461198159488,-28.60999258988349,24.635492376767132,0.19706325218698376,2.951437576866361,1,"[{""id"": 162, ""x"": -59.7376594543457, ""y"": 28.6160831451416, ""vx"": 7.615565776824951, ""vy"": 1.7898927927017212, ""r"": 2.5906050205230713}]"
845,42.25,-37.713096618652344,24.55237579345703,0.0021751095125180715,5.259440296898869e-06,0.0012834427179768682,0.5,0.0,PlanStatus.OK,20,27.113090066538234,-0.02686065019452202,True,18.051545230137318,1.3847410808793607e-05,1.779184374516886e-05,0.20554419348776892,-0.02686065019452202,3.0,False,8.097699843347073,20,27.113090066538234,-0.02686065019452202,0.1,60,-37.71309661279399,24.552375793473303,0.0027770924694598483,5.259440296898869e-06,-28.863179984961825,24.576964237239288,0.0027769674395672437,2.9500000876573362,1,"[{""id"": 162, ""x"": -59.36024856567383, ""y"": 28.706554412841797, ""vx"": 7.439427375793457, ""vy"": 2.2461631298065186, ""r"": 2.5906050205230713}]"
846,42.300000000000004,-37.71233367919922,24.552377700805664,0.00217551730905999,0.08625728651643669,0.0,0.0,1.0,PlanStatus.FAIL,20,27.11385300834625,-0.026860861603930968,False,17.707856332251268,0.6613006347756549,1.9531339451671927,6.259359825388979,-0.026860861603930968,3.0,False,8.215300040319562,20,27.11385300834625,-0.026860861603930968,0.1,60,-37.7123336733013,24.552377700822046,0.00277709247028198,0.08625728651643669,-28.609483654087747,24.63579149812881,0.19809035563948044,2.9514376214419427,1,"[{""id"": 162, ""x"": -58.98883819580078, ""y"": 28.810731887817383, ""vx"": 7.331694602966309, ""vy"": 2.456183671951294, ""r"": 2.5906050205230713}]"
847,42.35,-37.7125129699707,24.552377700805664,0.0021759284865681358,5.247708383592571e-06,0.0012817034730687737,0.5,0.0,PlanStatus.OK,20,27.11367371826613,-0.026860363697520016,True,17.370939159056373,1.39754969056661e-05,1.7734758674141024e-05,0.20576123713536357,-0.026860363697520016,3.0,False,7.9344999976456165,20,27.11367371826613,-0.026860363697520016,0.1,60,-37.71251296408218,24.552377700822017,0.00277709247072038,5.247708383592571e-06,-28.862596409414724,24.57696614432552,0.00277696753621964,2.950000087461805,1,"[{""id"": 162, ""x"": -58.620418548583984, ""y"": 28.931310653686523, ""vx"": 7.264867782592773, ""vy"": 2.9152235984802246, ""r"": 2.5906050205230713}]"
848,42.400000000000006,-37.71175003051758,24.552379608154297,0.00217632757062016,0.08625422418276164,0.0,0.0,1.0,PlanStatus.FAIL,20,27.114436660074148,-0.026860575106928956,False,17.04152263160725,0.6646928828889203,1.9631126584674612,6.283126969982784,-0.026860575106928956,3.0,False,7.992299972102046,20,27.114436660074148,-0.026860575106928956,0.1,60,-37.711750024589485,24.55237960817076,0.0027770924700774744,0.08625422418276164,-28.6089892828313,24.636082068912057,0.19908822706473828,2.9514375704030478,1,"[{""id"": 162, ""x"": -58.25339126586914, ""y"": 29.06805992126465, ""vx"": 7.238389015197754, ""vy"": 3.156951427459717, ""r"": 2.5906050205230713}]"
849,42.45,-37.71192932128906,24.552379608154297,0.002176738748128306,5.240954861235964e-06,0.0012799827381968498,0.5,0.0,PlanStatus.OK,20,27.11425736999403,-0.026860077200518005,True,16.718685760617966,1.4103583898561257e-05,1.767767185792933e-05,0.20598582002581428,-0.026860077200518005,3.0,False,8.47040000371635,20,27.11425736999403,-0.026860077200518005,0.1,60,-37.71192931537038,24.552379608170735,0.002777092469379105,5.240954861235964e-06,-28.862012819181576,24.57696805145259,0.002776967632866204,2.9500000873492525,1,"[{""id"": 162, ""x"": -57.88758087158203, ""y"": 29.22333335876465, ""vx"": 7.170525550842285, ""vy"": 3.6397552490234375, ""r"": 2.5906050205230713}]"
850,42.5,-37.71116638183594,24.55238151550293,0.0021771367918830293,0.08625432091261427,0.0,0.0,1.0,PlanStatus.FAIL,20,27.115020311802045,-0.026860288609926966,False,16.405873589301013,0.6681403527068128,1.9732546498541392,6.307310644435198,-0.026860288609926966,3.0,False,7.856299867853522,20,27.115020311802045,-0.026860288609926966,0.1,60,-37.71116637587768,24.55238151551948,0.0027770924700318282,0.08625432091261427,-28.608486891473905,24.636377348247677,0.2001024263001631,2.9514375720152133,1,"[{""id"": 162, ""x"": -57.524295806884766, ""y"": 29.395545959472656, ""vx"": 7.1093597412109375, ""vy"": 3.8797504901885986, ""r"": 2.5906050205230713}]"
851,42.550000000000004,-37.71134567260742,24.552379608154297,0.0021775473192053624,5.2427310938719305e-06,0.0012782657286152244,0.5,0.0,PlanStatus.OK,20,27.114841016425054,-0.02686169804479197,True,16.104828448886277,1.4231672850526499e-05,1.7620583548246492e-05,0.20621379775696744,-0.02686169804479197,3.0,False,8.017899934202433,20,27.114841016425054,-0.02686169804479197,0.1,60,-37.71134566665814,24.55237960817082,0.00277709246970277,5.2427310938719305e-06,-28.861429208390536,24.576968051293733,0.002776967739269821,2.9500000873788563,1,"[{""id"": 162, ""x"": -57.166263580322266, ""y"": 29.58553123474121, ""vx"": 6.93085241317749, ""vy"": 4.327933311462402, ""r"": 2.5906050205230713}]"
852,42.6,-37.7105827331543,24.55238151550293,0.002177931188909362,0.08625748746249234,0.0,0.0,1.0,PlanStatus.FAIL,20,27.11560395823307,-0.026861909454200916,False,15.825744118549386,0.6716410076607133,1.983557285494539,6.331793258397058,-0.026861909454200916,3.0,False,7.876400137320161,20,27.11560395823307,-0.026861909454200916,0.1,60,-37.71058272716544,24.552381515519563,0.002777092470336053,0.08625748746249234,-28.607975759384107,24.63667554753855,0.20113268997178999,2.9514376247910454,1,"[{""id"": 162, ""x"": -56.82096481323242, ""y"": 29.794612884521484, ""vx"": 6.590781211853027, ""vy"": 4.698937892913818, ""r"": 2.5906050205230713}]"
853,42.650000000000006,-37.71076202392578,24.55238151550293,0.0021783396356370934,5.239022712425425e-06,0.0012765830615535378,0.5,0.0,PlanStatus.OK,20,27.11542466815295,-0.02686141154778996,True,15.565609560593062,1.435976054458299e-05,1.7563496723408886e-05,0.20642889079018042,-0.02686141154778996,3.0,False,8.269499987363815,20,27.11542466815295,-0.02686141154778996,0.1,60,-37.71076201794632,24.552381515519535,0.002777092470450616,5.239022712425425e-06,-28.86084560917598,24.57696995844586,0.002776967835928811,2.950000087317045,1,"[{""id"": 162, ""x"": -56.48712921142578, ""y"": 30.019882202148438, ""vx"": 6.39707612991333, ""vy"": 5.002632141113281, ""r"": 2.5906050205230713}]"
854,42.7,-37.709999084472656,24.552385330200195,0.0021787231152296054,0.08625742041203,0.0,0.0,1.0,PlanStatus.FAIL,20,27.116187615257843,-0.02685971561592297,False,15.32854006307283,0.6750865457415851,1.9936919212775213,6.355740685686224,-0.02685971561592297,3.0,False,11.112299980595708,20,27.116187615257843,-0.02685971561592297,0.1,60,-37.70999907845406,24.55238533021691,0.0027770924700439258,0.08625742041203,-28.607474731034994,24.63697223846791,0.2021461536374702,2.9514376236735314,1,"[{""id"": 162, ""x"": -56.16685485839844, ""y"": 30.259735107421875, ""vx"": 6.034521579742432, ""vy"": 5.27602481842041, ""r"": 2.5906050205230713}]"
855,42.75,-37.71017837524414,24.552385330200195,0.002179131431920174,5.23518071647705e-06,0.0012749015586450696,0.5,0.0,PlanStatus.OK,20,27.116008325177727,-0.026859217709512016,True,15.112581588894772,1.4487849750722848e-05,1.7506408481623124e-05,0.20662146868397818,-0.026859217709512016,3.0,False,7.864699931815267,20,27.116008325177727,-0.026859217709512016,0.1,60,-37.71017836923494,24.552385330216886,0.002777092469266577,5.23518071647705e-06,-28.860262005745202,24.576973772952815,0.0027769679228193764,2.9500000872530103,1,"[{""id"": 162, ""x"": -55.859432220458984, ""y"": 30.513620376586914, ""vx"": 5.825106620788574, ""vy"": 5.536885738372803, ""r"": 2.5906050205230713}]"
856,42.800000000000004,-37.709415435791016,24.552387237548828,0.002179514261326873,0.08625738303733077,0.0,0.0,1.0,PlanStatus.FAIL,20,27.116771266985744,-0.026859429118920964,False,14.915874266291562,0.6785323180055265,2.0038313866981996,6.379444906487505,-0.026859429118920964,3.0,False,8.06310004554689,20,27.116771266985744,-0.026859429118920964,0.1,60,-37.70941542974225,24.55238723756563,0.0027770924699981356,0.08625738303733077,-28.606972680150726,24.637267318102484,0.20316010027623857,2.9514376230506265,1,"[{""id"": 162, ""x"": -55.56155776977539, ""y"": 30.777816772460938, ""vx"": 5.643950462341309, ""vy"": 5.643300533294678, ""r"": 2.5906050205230713}]"
857,42.85,-37.7095947265625,24.552387237548828,0.002179922447980279,5.221362326241607e-06,0.001273221685551107,0.5,0.0,PlanStatus.OK,20,27.116591976905625,-0.026858931212506456,True,14.741077478428364,1.4615933951013023e-05,1.7449323726228226e-05,0.20678822680942197,-0.026858931212506456,3.0,False,8.120699785649776,20,27.116591976905625,-0.026858931212506456,0.1,60,-37.709594720523135,24.5523872375656,0.002777092470795312,5.221362326241607e-06,-28.859678436348574,24.576975680022244,0.0027769680194442625,2.9500000870227097,1,"[{""id"": 162, ""x"": -55.27642822265625, ""y"": 31.05487060546875, ""vx"": 5.324433326721191, ""vy"": 5.965330123901367, ""r"": 2.5906050205230713}]"
858,42.900000000000006,-37.708831787109375,24.55238914489746,0.002180312429430921,0.08625545328314034,0.0,0.0,1.0,PlanStatus.FAIL,20,27.11735491871364,-0.026859142621918956,False,14.589718426193256,0.6819453263712889,2.0138752490454115,6.402634737174891,-0.026859142621918956,3.0,False,7.718000095337629,20,27.11735491871364,-0.026859142621918956,0.1,60,-37.70883178103044,24.552389144914343,0.002777092470037587,0.08625545328314034,-28.606475433568193,24.637559577255946,0.20416448660672054,2.951437590888056,1,"[{""id"": 162, ""x"": -55.00373077392578, ""y"": 31.343183517456055, ""vx"": 5.123252868652344, ""vy"": 6.090102195739746, ""r"": 2.5906050205230713}]"
859,42.95,-37.70901107788086,24.55238914489746,0.0021807224366046036,5.226362021703444e-06,0.0012715228367596865,0.5,0.0,PlanStatus.OK,20,27.117175628633525,-0.02685864471550445,True,14.461802906381559,1.4744025280099914e-05,1.7392234443734146e-05,0.20691923040274765,-0.02685864471550445,3.0,False,9.673800086602569,20,27.117175628633525,-0.02685864471550445,0.1,60,-37.709011071811325,24.55238914491432,0.002777092469875226,5.226362021703444e-06,-28.859094811441718,24.57697758724588,0.002776968116099176,2.9500000871060346,1,"[{""id"": 162, ""x"": -54.74429702758789, ""y"": 31.64396095275879, ""vx"": 4.793083667755127, ""vy"": 6.401581287384033, ""r"": 2.5906050205230713}]"
860,43.0,-37.708248138427734,24.552392959594727,0.002181119179987701,0.08625428304370937,0.0,0.0,1.0,PlanStatus.FAIL,20,27.117938575738417,-0.026856948783637438,False,14.358042549140054,0.6853722763035363,2.0239576473725815,6.425520455622316,-0.026856948783637438,3.0,False,7.966999895870686,20,27.117938575738417,-0.026856948783637438,0.1,60,-37.70824813231906,24.55239295961169,0.002777092470263213,0.08625428304370937,-28.605977205670598,24.637854624257553,0.2051727265262216,2.951437571384066,1,"[{""id"": 162, ""x"": -54.49717330932617, ""y"": 31.95542335510254, ""vx"": 4.597732067108154, ""vy"": 6.521234035491943, ""r"": 2.5906050205230713}]"
861,43.050000000000004,-37.70842742919922,24.552392959594727,0.0021815282769012453,5.224542148082834e-06,0.0012698115315288305,0.5,0.0,PlanStatus.OK,20,27.1177592856583,-0.026856450877226486,True,14.278563286092828,1.4872114665661973e-05,1.733514589695364e-05,0.20700797562217554,-0.026856450877226486,3.0,False,11.22920005582273,20,27.1177592856583,-0.026856450877226486,0.1,60,-37.70842742309995,24.552392959611666,0.0027770924705180027,5.224542148082834e-06,-28.858511202032457,24.576981401769576,0.0027769682029459893,2.9500000870757055,1,"[{""id"": 162, ""x"": -54.26347351074219, ""y"": 32.27851486206055, ""vx"": 4.260649681091309, ""vy"": 6.808230400085449, ""r"": 2.5906050205230713}]"
862,43.1,-37.707664489746094,24.55239486694336,0.0021819169579802614,0.08625347108155032,0.0,0.0,1.0,PlanStatus.FAIL,20,27.118522227466315,-0.02685666228663545,False,14.223726629899312,0.6888050892401544,2.03406154614563,6.4479952371733065,-0.02685666228663545,3.0,False,7.830399787053466,20,27.118522227466315,-0.02685666228663545,0.1,60,-37.70766448360727,24.55239486696041,0.0027770924701894678,0.08625347108155032,-28.605477121217657,24.638148549608765,0.2061831164998235,2.9514375578513583,1,"[{""id"": 162, ""x"": -54.042240142822266, ""y"": 32.611148834228516, ""vx"": 4.066030025482178, ""vy"": 6.908163070678711, ""r"": 2.5906050205230713}]"
863,43.150000000000006,-37.707847595214844,24.55239486694336,0.0021823273552654316,5.220831640184869e-06,0.0012681145453825593,0.5,0.0,PlanStatus.OK,20,27.11833912270364,-0.02685615378647106,True,14.194236760802974,1.4999366274282571e-05,1.727843135435579e-05,0.20704959576672477,-0.02685615378647106,3.0,False,7.890400011092424,20,27.11833912270364,-0.02685615378647106,0.1,60,-37.70784758908561,24.552394866960384,0.0027770924699554054,5.220831640184869e-06,-28.857931417229715,24.576983308923108,0.002776968298880996,2.9500000870138585,1,"[{""id"": 162, ""x"": -53.835540771484375, ""y"": 32.953941345214844, ""vx"": 3.6811983585357666, ""vy"": 7.163333415985107, ""r"": 2.5906050205230713}]"
864,43.2,-37.70708084106445,24.552396774291992,0.002182707844003204,0.08625515494930329,0.0,0.0,1.0,PlanStatus.FAIL,20,27.119105879194215,-0.02685637578963344,False,14.190858367650021,0.6922815061658867,2.044294757167499,6.470252448555702,-0.02685637578963344,3.0,False,7.995399879291654,20,27.119105879194215,-0.02685637578963344,0.1,60,-37.70708083489546,24.552396774309127,0.002777092469924887,0.08625515494930329,-28.604970700455677,24.63844619498778,0.2072064376995509,2.951437585915826,1,"[{""id"": 162, ""x"": -53.64320373535156, ""y"": 33.30485916137695, ""vx"": 3.459705352783203, ""vy"": 7.2413811683654785, ""r"": 2.5906050205230713}]"
865,43.25,-37.7072639465332,24.552396774291992,0.0021831148603221467,5.221671334019156e-06,0.0012664421228691936,0.5,0.0,PlanStatus.OK,20,27.11892277443154,-0.02685586728946907,True,14.213277595307167,1.512745545833024e-05,1.722134271458977e-05,0.20704017809560774,-0.02685586728946907,3.0,False,10.927400086075068,20,27.11892277443154,-0.02685586728946907,0.1,60,-37.707263940373814,24.5523967743091,0.0027770924702744735,5.221671334019156e-06,-28.857347804588684,24.57698521611284,0.002776968395504776,2.950000087027852,1,"[{""id"": 162, ""x"": -53.46663284301758, ""y"": 33.664127349853516, ""vx"": 3.05057692527771, ""vy"": 7.451152801513672, ""r"": 2.5906050205230713}]"
866,43.300000000000004,-37.70649719238281,24.552398681640625,0.002183499510249122,0.08625625027141424,0.0,0.0,1.0,PlanStatus.FAIL,20,27.119689530922113,-0.02685608929263143,False,14.261397117042486,0.6957478074453252,2.0544991234118912,6.4919340412600155,-0.02685608929263143,3.0,False,7.954300148412585,20,27.119689530922113,-0.02685608929263143,0.1,60,-37.706497186183654,24.55239868165784,0.002777092470120709,0.08625625027141424,-28.60446577387464,24.6387429632147,0.2082268744212411,2.9514376041711885,1,"[{""id"": 162, ""x"": -53.30504608154297, ""y"": 34.02978515625, ""vx"": 2.825207233428955, ""vy"": 7.500600337982178, ""r"": 2.5906050205230713}]"
867,43.35,-37.70668029785156,24.552398681640625,0.002183908347088341,5.219598489665458e-06,0.0012647570110857487,0.5,0.0,PlanStatus.OK,20,27.11950642615944,-0.02685558079246706,True,14.329527520860209,1.5255544016714324e-05,1.7164255318494713e-05,0.20698312737368096,-0.02685558079246706,3.0,False,7.7216001227498055,20,27.11950642615944,-0.02685558079246706,0.1,60,-37.706680291662,24.552398681657817,0.0027770924698047607,5.219598489665458e-06,-28.85676420053819,24.57698712327877,0.0027769684921260343,2.9500000869933074,1,"[{""id"": 162, ""x"": -53.15399932861328, ""y"": 34.401641845703125, ""vx"": 2.6483213901519775, ""vy"": 7.636300563812256, ""r"": 2.5906050205230713}]"
868,43.400000000000006,-37.70591354370117,24.55240249633789,0.002184295337684243,0.08625336648127925,0.0,0.0,1.0,PlanStatus.FAIL,20,27.12027318794689,-0.026853895454349935,False,14.417020197061914,0.6991455520195089,2.0644990839021236,6.512771489610437,-0.026853895454349935,3.0,False,8.36799992248416,20,27.12027318794689,-0.026853895454349935,0.1,60,-37.70591353747229,24.55240249635519,0.002777092470240101,0.08625336648127925,-28.60397189592069,24.639035456659858,0.2092268705561466,2.9514375561080235,1,"[{""id"": 162, ""x"": -53.01218032836914, ""y"": 34.77780532836914, ""vx"": 2.5075795650482178, ""vy"": 7.643969535827637, ""r"": 2.5906050205230713}]"
869,43.45,-37.70609664916992,24.552398681640625,0.0021847054748950884,5.215041489541963e-06,0.0012630642158910632,0.5,0.0,PlanStatus.OK,20,27.12009007259046,-0.02685720163674103,True,14.526284473078546,1.538362974690829e-05,1.710716870947839e-05,0.20688863512251063,-0.02685720163674103,3.0,False,8.355699945241213,20,27.12009007259046,-0.02685720163674103,0.1,60,-37.70609664294977,24.552398681657902,0.0027770924699926547,5.215041489541963e-06,-28.856180608443584,24.57698712306854,0.0027769685985688675,2.9500000869173624,1,"[{""id"": 162, ""x"": -52.88435363769531, ""y"": 35.15879821777344, ""vx"": 2.122295379638672, ""vy"": 7.778971195220947, ""r"": 2.5906050205230713}]"
870,43.5,-37.70532989501953,24.55240249633789,0.0021850885643761126,0.08625631707100509,0.0,0.0,1.0,PlanStatus.FAIL,20,27.12085683437791,-0.026855516298627435,False,14.65787109518467,0.7026437667405441,2.074802815993911,6.533864893745488,-0.026855516298627435,3.0,False,7.630500011146069,20,27.12085683437791,-0.026855516298627435,0.1,60,-37.70532988876005,24.552402496355274,0.0027770924699738637,0.08625631707100509,-28.603461312658006,24.639333334310965,0.21025724387285896,2.951437605284519,1,"[{""id"": 162, ""x"": -52.7709846496582, ""y"": 35.542930603027344, ""vx"": 1.908028483390808, ""vy"": 7.780490398406982, ""r"": 2.5906050205230713}]"
871,43.550000000000004,-37.70551300048828,24.55240249633789,0.002185496620992356,5.215776441580395e-06,0.0012613841099664569,0.5,0.0,PlanStatus.OK,20,27.120673729615238,-0.026855007798459514,True,14.810690749631275,1.5511722099235296e-05,1.705007972577742e-05,0.2067564788842983,-0.026855007798459514,3.0,False,7.900299970060587,20,27.120673729615238,-0.026855007798459514,0.1,60,-37.705512994238404,24.55240249635525,0.0027770924703616343,5.215776441580395e-06,-28.855596991479995,24.57699093761346,0.002776968685375577,2.9500000869296117,1,"[{""id"": 162, ""x"": -52.67299270629883, ""y"": 35.93059539794922, ""vx"": 1.5124672651290894, ""vy"": 7.885732650756836, ""r"": 2.5906050205230713}]"
872,43.6,-37.70474624633789,24.552404403686523,0.002185879450399055,0.08625622028302267,0.0,0.0,1.0,PlanStatus.FAIL,20,27.121440486105808,-0.026855229801625444,False,14.983688363189275,0.7060896222141965,2.0849498766243624,6.554281707897502,-0.026855229801625444,3.0,False,7.792100077494979,20,27.121440486105808,-0.026855229801625444,0.1,60,-37.70474624004825,24.552404403703992,0.0027770924701421965,0.08625622028302267,-28.602959412571952,24.639628325906084,0.21127195003254082,2.951437603671382,1,"[{""id"": 162, ""x"": -52.58878707885742, ""y"": 36.3205451965332, ""vx"": 1.3144313097000122, ""vy"": 7.876462936401367, ""r"": 2.5906050205230713}]"
873,43.650000000000006,-37.70492935180664,24.552404403686523,0.002186286726792323,5.218986029646569e-06,0.0012597060995176435,0.5,0.0,PlanStatus.OK,20,27.121257381343135,-0.026854721301457503,True,15.172490535986379,1.5639812091440105e-05,1.6992990160592802e-05,0.2065955155632225,-0.026854721301457503,3.0,False,10.483100078999996,20,27.121257381343135,-0.026854721301457503,0.1,60,-37.7049293455266,24.552404403703964,0.0027770924705741587,5.218986029646569e-06,-28.855013371844944,24.576992844822833,0.0027769687819982638,2.9500000869831022,1,"[{""id"": 162, ""x"": -52.51449203491211, ""y"": 36.713863372802734, ""vx"": 1.1445451974868774, ""vy"": 7.971368789672852, ""r"": 2.5906050205230713}]"
874,43.7,-37.70416259765625,24.552406311035156,0.0021866690360503715,0.08625618301397997,0.0,0.0,1.0,PlanStatus.FAIL,20,27.12202413783371,-0.026854943304619884,False,15.380292070756289,0.7095365916468643,2.0951012244710996,6.574468149239251,-0.026854943304619884,3.0,False,9.61249996908009,20,27.12202413783371,-0.026854943304619884,0.1,60,-37.70416259133645,24.55240631105271,0.002777092470064721,0.08625618301397997,-28.60245736138606,24.639923406271727,0.2122870849138872,2.951437603050231,1,"[{""id"": 162, ""x"": -52.4542121887207, ""y"": 37.108985900878906, ""vx"": 0.7782483696937561, ""vy"": 7.95193338394165, ""r"": 2.5906050205230713}]"
875,43.75,-37.704345703125,24.552406311035156,0.00218707735274094,5.218374758677096e-06,0.0012580271577462554,0.5,0.0,PlanStatus.OK,20,27.121841033071036,-0.026854434804455495,True,15.605505211980523,1.5767901819578368e-05,1.6935902231451916e-05,0.20641267761545382,-0.026854434804455495,3.0,False,8.031899807974696,20,27.121841033071036,-0.026854434804455495,0.1,60,-37.7043456968148,24.552406311052682,0.002777092469855539,5.218374758677096e-06,-28.854429763479747,24.576994752000967,0.002776968878620732,2.9500000869729144,1,"[{""id"": 162, ""x"": -52.40814971923828, ""y"": 37.50638961791992, ""vx"": 0.5548521876335144, ""vy"": 8.031012535095215, ""r"": 2.5906050205230713}]"
876,43.800000000000004,-37.70357894897461,24.55240821838379,0.0021874505593976064,0.08625615286953589,0.0,0.0,1.0,PlanStatus.FAIL,20,27.122607789561606,-0.026854656807617873,False,15.844431107051792,0.7129837492062192,2.105254151191467,6.594472160841604,-0.026854656807617873,3.0,False,7.756700040772557,20,27.122607789561606,-0.026854656807617873,0.1,60,-37.703578942624645,24.552408218401425,0.002777092470346027,0.08625615286953589,-28.60195529211702,24.64021849731544,0.21330237768258956,2.9514376025478253,1,"[{""id"": 162, ""x"": -52.37073516845703, ""y"": 37.90542984008789, ""vx"": 0.44411155581474304, ""vy"": 8.00748348236084, ""r"": 2.5906050205230713}]"
877,43.85,-37.70376205444336,24.55240821838379,0.0021878578357908745,5.2087408217137095e-06,0.0012563696363940835,0.5,0.0,PlanStatus.OK,20,27.122424684798933,-0.026854148307453505,True,16.09447729625973,1.589598734377087e-05,1.6878816294692983e-05,0.20621803758573182,-0.026854148307453505,3.0,False,7.946199970319867,20,27.122424684798933,-0.026854148307453505,0.1,60,-37.703762048103,24.5524082184014,0.002777092470224389,5.2087408217137095e-06,-28.853846181728706,24.57699665910525,0.002776968975228138,2.950000086812351,1,"[{""id"": 162, ""x"": -52.34022903442383, ""y"": 38.30683898925781, ""vx"": 0.3444746434688568, ""vy"": 8.084105491638184, ""r"": 2.5906050205230713}]"
878,43.900000000000006,-37.70299530029297,24.552412033081055,0.00218824898757598,0.08625418551047036,0.0,0.0,1.0,PlanStatus.FAIL,20,27.123191446586382,-0.02685246296933991,False,16.35471288933546,0.716397923592063,2.1153073998998075,6.614201891040099,-0.02685246296933991,3.0,False,9.430099977180362,20,27.123191446586382,-0.02685246296933991,0.1,60,-37.7029952939133,24.552412033098772,0.0027770924702668156,0.08625418551047036,-28.601459087217204,24.640512357182512,0.2143077026397272,2.95143756975851,1,"[{""id"": 162, ""x"": -52.31527328491211, ""y"": 38.70915222167969, ""vx"": 0.28869307041168213, ""vy"": 8.046944618225098, ""r"": 2.5906050205230713}]"
879,43.95,-37.70317840576172,24.552412033081055,0.0021886583445638497,5.2112577351555695e-06,0.0012546696234494448,0.5,0.0,PlanStatus.OK,20,27.12300834182371,-0.02685195446917554,True,16.62296658760653,1.6024078945697403e-05,1.6821726888378678e-05,0.206020542681454,-0.02685195446917554,3.0,False,7.99200008623302,20,27.12300834182371,-0.02685195446917554,0.1,60,-37.70317839939165,24.552412033098747,0.002777092469906665,5.2112577351555695e-06,-28.85326255949145,24.577000473664995,0.0027769690619949073,2.950000086854299,1,"[{""id"": 162, ""x"": -52.29486083984375, ""y"": 39.11270523071289, ""vx"": 0.233310267329216, ""vy"": 8.10464859008789, ""r"": 2.5906050205230713}]"
880,44.0,-37.702415466308594,24.552413940429688,0.002189027390031313,0.08625408145786079,0.0,0.0,1.0,PlanStatus.FAIL,20,27.123771283631726,-0.026852165878584487,False,16.898636646532534,0.7198213689736173,2.125392522726256,6.633991720288309,-0.026852165878584487,3.0,False,7.840499980375171,20,27.123771283631726,-0.026852165878584487,0.1,60,-37.702415459898965,24.55241394044749,0.002777092470015647,0.08625408145786079,-28.60096049370151,24.640805420057998,0.21531621501830994,2.9514375680242977,1,"[{""id"": 162, ""x"": -52.27814483642578, ""y"": 39.515987396240234, ""vx"": 0.20055188238620758, ""vy"": 8.049140930175781, ""r"": 2.5906050205230713}]"
881,44.050000000000004,-37.70259475708008,24.552413940429688,0.0021894357067218815,5.207247686839398e-06,0.001253018737770617,0.5,0.0,PlanStatus.OK,20,27.123591993551607,-0.026851667972173532,True,17.179975473002425,1.615216692024985e-05,1.6764639780533948e-05,0.20582554145514417,-0.026851667972173532,3.0,False,8.047800045460463,20,27.123591993551607,-0.026851667972173532,0.1,60,-37.70259475067985,24.55241394044746,0.0027770924700781675,5.207247686839398e-06,-28.852678961146665,24.57700238081546,0.002776969158598357,2.950000086787464,1,"[{""id"": 162, ""x"": -52.26439666748047, ""y"": 39.91950225830078, ""vx"": 0.16803309321403503, ""vy"": 8.091551780700684, ""r"": 2.5906050205230713}]"
882,44.1,-37.70183181762695,24.55241584777832,0.002189815675311003,0.08625622719731466,0.0,0.0,1.0,PlanStatus.FAIL,20,27.124354935359623,-0.026851879381582497,False,17.467111098217043,0.7233065505727856,2.135660678883212,6.654216144310215,-0.026851879381582497,3.0,False,8.171499939635396,20,27.124354935359623,-0.026851879381582497,0.1,60,-37.701831811187176,24.552415847796205,0.0027770924700358506,0.08625622719731466,-28.60045290032496,24.641103754424275,0.2163430307317503,2.9514376037866223,1,"[{""id"": 162, ""x"": -52.253562927246094, ""y"": 40.32202911376953, ""vx"": 0.1266663372516632, ""vy"": 8.026915550231934, ""r"": 2.5906050205230713}]"
883,44.150000000000006,-37.70201110839844,24.55241584777832,0.0021902229517042713,5.212756777675501e-06,0.0012513468973338604,0.5,0.0,PlanStatus.OK,20,27.124175645279504,-0.026851381475167992,True,17.75871870988952,1.6280258482887082e-05,1.670755020113327e-05,0.20563588897423823,-0.026851381475167992,3.0,False,8.213399909436703,20,27.124175645279504,-0.026851381475167992,0.1,60,-37.70201110196806,24.55241584779618,0.0027770924704595057,5.212756777675501e-06,-28.852095334721568,24.577004288043966,0.0027769692552091093,2.9500000868792804,1,"[{""id"": 162, ""x"": -52.2449836730957, ""y"": 40.72446060180664, ""vx"": 0.10241595655679703, ""vy"": 8.067033767700195, ""r"": 2.5906050205230713}]"
884,44.2,-37.70124816894531,24.552419662475586,0.0021905909568744335,0.08625312751873025,0.0,0.0,1.0,PlanStatus.FAIL,20,27.1249385923844,-0.02684968554330098,False,18.054768772887186,0.7267011445324673,2.145659344187505,6.673927135239449,-0.02684968554330098,3.0,False,8.076299913227558,20,27.1249385923844,-0.02684968554330098,0.1,60,-37.701248162475835,24.552419662493556,0.002777092469980406,0.08625312751873025,-28.599959569831388,24.641395926939673,0.21734289734790846,2.951437552125314,1,"[{""id"": 162, ""x"": -52.23800277709961, ""y"": 41.12593078613281, ""vx"": 0.08889473974704742, ""vy"": 8.00564956665039, ""r"": 2.5906050205230713}]"
885,44.25,-37.7014274597168,24.552419662475586,0.002190998753416352,5.203530117141123e-06,0.0012496992712840438,0.5,0.0,PlanStatus.OK,20,27.12475930230428,-0.026849187636890027,True,18.35440398823428,1.640834537230358e-05,1.6650463263165674e-05,0.20545317503692337,-0.026849187636890027,3.0,False,8.691999828442931,20,27.12475930230428,-0.026849187636890027,0.1,60,-37.70142745325673,24.552419662493527,0.0027770924706206446,5.203530117141123e-06,-28.851511747111743,24.57700810250769,0.002776969341931194,2.9500000867255016,1,"[{""id"": 162, ""x"": -52.23220443725586, ""y"": 41.5275764465332, ""vx"": 0.07711929827928543, ""vy"": 8.053482055664062, ""r"": 2.5906050205230713}]"
886,44.300000000000004,-37.70066452026367,24.55242156982422,0.0021913810626744004,0.08625417061605573,0.0,0.0,1.0,PlanStatus.FAIL,20,27.125522244112297,-0.02684939904629897,False,18.657966329914046,0.7301671475603613,2.1558731785367637,6.694164902083668,-0.02684939904629897,3.0,False,8.002799935638905,20,27.125522244112297,-0.02684939904629897,0.1,60,-37.70066451376404,24.55242156984227,0.0027770924702487693,0.08625417061605573,-28.59945477573317,24.641692618004882,0.21836428088000037,2.9514375695102637,1,"[{""id"": 162, ""x"": -52.22731399536133, ""y"": 41.92867660522461, ""vx"": 0.07005516439676285, ""vy"": 8.001352310180664, ""r"": 2.5906050205230713}]"
887,44.35,-37.700843811035156,24.55242156982422,0.0021917901595879447,5.209903387062107e-06,0.0012480185832828283,0.5,0.0,PlanStatus.OK,20,27.12534295403218,-0.026848901139888016,True,18.964825183916812,1.6536435715470132e-05,1.6593373656768363e-05,0.20527784882098984,-0.026848901139888016,3.0,False,8.047299925237894,20,27.12534295403218,-0.026848901139888016,0.1,60,-37.70084380454493,24.552421569842245,0.0027770924699951696,5.209903387062107e-06,-28.850928118133066,24.577010009743383,0.002776969438516323,2.9500000868317198,1,"[{""id"": 162, ""x"": -52.22308349609375, ""y"": 42.33039474487305, ""vx"": 0.06404030323028564, ""vy"": 8.058096885681152, ""r"": 2.5906050205230713}]"
888,44.400000000000006,-37.70008087158203,24.55242156982422,0.002192172208771668,0.08625417059587107,0.0,0.0,1.0,PlanStatus.FAIL,20,27.126105890543318,-0.02685101989057294,False,19.275348778579183,0.7336141767895957,2.1660358245977576,6.7143559757543345,-0.02685101989057294,3.0,False,8.269600104540586,20,27.126105890543318,-0.02685101989057294,0.1,60,-37.70008086505179,24.552421569842355,0.0027770924703848245,0.08625417059587107,-28.598951683990194,24.641986098039187,0.21938054559217976,2.951437569509935,1,"[{""id"": 162, ""x"": -52.21935272216797, ""y"": 42.73195266723633, ""vx"": 0.060287103056907654, ""vy"": 8.012598037719727, ""r"": 2.5906050205230713}]"
889,44.45,-37.700260162353516,24.55242156982422,0.0021925813056852123,5.206274244303874e-06,0.001246338477358222,0.5,0.0,PlanStatus.OK,20,27.125926600463202,-0.026850521984161983,True,19.58892480097547,1.6664524010043576e-05,1.6536286821348944e-05,0.20510989097585375,-0.026850521984161983,3.0,False,7.971799932420254,20,27.125926600463202,-0.026850521984161983,0.1,60,-37.70026015583268,24.55242156984233,0.002777092469954668,5.206274244303874e-06,-28.850344523315396,24.577010009541322,0.002776969544992785,2.950000086771235,1,"[{""id"": 162, ""x"": -52.21597671508789, ""y"": 43.13435363769531, ""vx"": 0.057435523718595505, ""vy"": 8.072356224060059, ""r"": 2.5906050205230713}]"
890,44.5,-37.69949722290039,24.55242347717285,0.002192963354868936,0.08625413324244283,0.0,0.0,1.0,PlanStatus.FAIL,20,27.12668954227122,-0.026850733393570927,False,19.90579741381129,0.7370612993340885,2.176196311563815,6.734621186748672,-0.026850733393570927,3.0,False,8.090599905699492,20,27.12668954227122,-0.026850733393570927,0.1,60,-37.69949721633999,24.552423477191073,0.002777092470170778,0.08625413324244283,-28.598449632979843,24.64228117879318,0.22039659438543635,2.951437568887377,1,"[{""id"": 162, ""x"": -52.21287536621094, ""y"": 43.536624908447266, ""vx"": 0.0547366589307785, ""vy"": 8.02659797668457, ""r"": 2.5906050205230713}]"
891,44.550000000000004,-37.699676513671875,24.55242347717285,0.002193372191708155,5.204734129227963e-06,0.0012446589535102248,0.5,0.0,PlanStatus.OK,20,27.1265102521911,-0.026850235487159972,True,20.225356207610393,1.6792612823556726e-05,1.6479198756765186e-05,0.20494928939630583,-0.026850235487159972,3.0,False,10.758300079032779,20,27.1265102521911,-0.026850235487159972,0.1,60,-37.699676507120884,24.552423477191045,0.0027770924709366773,5.204734129227963e-06,-28.849760917680616,24.577011916712312,0.0027769696415936023,2.95000008674557,1,"[{""id"": 162, ""x"": -52.20998001098633, ""y"": 43.939632415771484, ""vx"": 0.052965983748435974, ""vy"": 8.08284854888916, ""r"": 2.5906050205230713}]"
892,44.6,-37.69891357421875,24.552425384521484,0.002193752680445927,0.08625411820130081,0.0,0.0,1.0,PlanStatus.FAIL,20,27.127273193999116,-0.026850446896568916,False,20.547709279314667,0.7405087672552308,2.1863589919727247,6.7549623001944,-0.026850446896568916,3.0,False,8.16280022263527,20,27.127273193999116,-0.026850446896568916,0.1,60,-37.6989135676282,24.552425384539788,0.002777092470209106,0.08625411820130081,-28.59794752532849,24.642576292862135,0.22141286252298878,2.951437568636691,1,"[{""id"": 162, ""x"": -52.20718765258789, ""y"": 44.34229278564453, ""vx"": 0.053179625421762466, ""vy"": 8.032154083251953, ""r"": 2.5906050205230713}]"
893,44.650000000000006,-37.699092864990234,24.552425384521484,0.002194161517285146,5.204240774282537e-06,0.0012429826892912388,0.5,0.0,PlanStatus.OK,20,27.127093903919,-0.02684994899015796,True,20.872286299301223,1.692070093765458e-05,1.6422110806295874e-05,0.20479607660558655,-0.02684994899015796,3.0,False,7.989600067958236,20,27.127093903919,-0.02684994899015796,0.1,60,-37.69909285840909,24.552425384539763,0.002777092470176212,5.204240774282537e-06,-28.849177308957337,24.577013823891928,0.0027769697381780645,2.950000086737345,1,"[{""id"": 162, ""x"": -52.204505920410156, ""y"": 44.74540328979492, ""vx"": 0.05107831209897995, ""vy"": 8.082974433898926, ""r"": 2.5906050205230713}]"
894,44.7,-37.69832992553711,24.55242919921875,0.0021945422660972435,0.08625408826774665,0.0,0.0,1.0,PlanStatus.FAIL,20,27.127856851023893,-0.026848253058290972,False,21.19921911778073,0.7439567614583728,2.1965207604863637,6.775380464916195,-0.026848253058290972,3.0,False,7.803699932992458,20,27.127856851023893,-0.026848253058290972,0.1,60,-37.698329918916876,24.552429199237135,0.0027770924701810877,0.08625408826774665,-28.597446401142896,24.642873041267837,0.2224290394615425,2.9514375681377953,1,"[{""id"": 162, ""x"": -52.20187759399414, ""y"": 45.14792251586914, ""vx"": 0.05157037451863289, ""vy"": 8.027779579162598, ""r"": 2.5906050205230713}]"
895,44.75,-37.698509216308594,24.55242919921875,0.0021949508428621375,5.204162744201811e-06,0.0012413064250722528,0.5,0.0,PlanStatus.OK,20,27.127677560943773,-0.02684775515188002,True,21.528030966430766,1.7048792034785363e-05,1.636502184644735e-05,0.20465017405131505,-0.02684775515188002,3.0,False,8.33870004862547,20,27.127677560943773,-0.02684775515188002,0.1,60,-37.69850920969777,24.55242919923711,0.0027770924694725963,5.204162744201811e-06,-28.848593694342814,24.57701763843089,0.00277696982487707,2.9500000867360496,1,"[{""id"": 162, ""x"": -52.199275970458984, ""y"": 45.55072784423828, ""vx"": 0.051354702562093735, ""vy"": 8.07583236694336, ""r"": 2.5906050205230713}]"
896,44.800000000000004,-37.69774627685547,24.552431106567383,0.0021953328920458607,0.08625449819056008,0.0,0.0,1.0,PlanStatus.FAIL,20,27.12844050275179,-0.026847966561288964,False,21.85892356842396,0.7474115203299925,2.2067073389733065,6.795913662190123,-0.026847966561288964,3.0,False,8.373500080779195,20,27.12844050275179,-0.026847966561288964,0.1,60,-37.69774627020509,24.552431106585853,0.002777092470225013,0.08625449819056008,-28.596943214545345,24.643168788896908,0.2234476974071043,2.9514375749698405,1,"[{""id"": 162, ""x"": -52.196712493896484, ""y"": 45.95285415649414, ""vx"": 0.05059845373034477, ""vy"": 8.019734382629395, ""r"": 2.5906050205230713}]"
897,44.85,-37.69792556762695,24.552431106567383,0.0021957425091080553,5.2026972954940135e-06,0.0012396251549944282,0.5,0.0,PlanStatus.OK,20,27.128261212671674,-0.026847468654874456,True,22.191554129203073,1.7176880486286914e-05,1.6307933588112326e-05,0.20451131797134997,-0.026847468654874456,3.0,False,7.778799859806895,20,27.128261212671674,-0.026847468654874456,0.1,60,-37.69792556098598,24.55243110658583,0.002777092469930645,5.2026972954940135e-06,-28.848010088482525,24.577019545602663,0.0027769699214527286,2.9500000867116203,1,"[{""id"": 162, ""x"": -52.19417190551758, ""y"": 46.355281829833984, ""vx"": 0.05061617121100426, ""vy"": 8.068875312805176, ""r"": 2.5906050205230713}]"
898,44.900000000000006,-37.69716262817383,24.552433013916016,0.0021961216974742018,0.0862541177642261,0.0,0.0,1.0,PlanStatus.FAIL,20,27.12902415447969,-0.026847680064286953,False,22.526160238942044,0.750852432149663,2.2168543013249593,6.8164273804314846,-0.026847680064286953,3.0,False,9.962399955838919,20,27.12902415447969,-0.026847680064286953,0.1,60,-37.6971626214933,24.55243301393457,0.0027770924698541154,0.0862541177642261,-28.59644203445871,24.643463358586622,0.22446239373873456,2.9514375686294,1,"[{""id"": 162, ""x"": -52.191654205322266, ""y"": 46.75712966918945, ""vx"": 0.05009143799543381, ""vy"": 8.015020370483398, ""r"": 2.5906050205230713}]"
899,44.95,-37.69734191894531,24.552433013916016,0.0021965305343134207,5.201897038108842e-06,0.001237951684743166,0.5,0.0,PlanStatus.OK,20,27.12884486439957,-0.02684718215787245,True,22.862610933377862,1.7304970100339468e-05,1.625084589010166e-05,0.20437908347018552,-0.02684718215787245,3.0,False,7.694500032812357,20,27.12884486439957,-0.02684718215787245,0.1,60,-37.69734191227419,24.552433013934543,0.0027770924710054084,5.201897038108842e-06,-28.847426480659202,24.577021452779938,0.0027769700180178183,2.9500000866982847,1,"[{""id"": 162, ""x"": -52.18939208984375, ""y"": 47.15941619873047, ""vx"": 0.04025790095329285, ""vy"": 8.067177772521973, ""r"": 2.5906050205230713}]"
900,45.0,-37.69657897949219,24.55243682861328,0.0021969172648349977,0.08625604736784417,0.0,0.0,1.0,PlanStatus.FAIL,20,27.129607811504464,-0.02684548622600544,False,23.201087972916685,0.7543343666909059,2.2271198458909627,6.8372655687596335,-0.02684548622600544,3.0,False,7.720299996435642,20,27.129607811504464,-0.02684548622600544,0.1,60,-37.69657897278199,24.55243682863192,0.0027770924699764207,0.08625604736784417,-28.59593593519718,24.643763027988488,0.22548894828345245,2.951437600789461,1,"[{""id"": 162, ""x"": -52.18733596801758, ""y"": 47.56126403808594, ""vx"": 0.03778946027159691, ""vy"": 8.016149520874023, ""r"": 2.5906050205230713}]"
901,45.050000000000004,-37.69675827026367,24.55243682861328,0.002197327402045843,5.202641577844723e-06,0.0012362593552097678,0.5,0.0,PlanStatus.OK,20,27.129428521424348,-0.026844988319594483,True,23.541293398366697,1.7433059953474647e-05,1.619375710309231e-05,0.20425301468159565,-0.026844988319594483,3.0,False,8.530500112101436,20,27.129428521424348,-0.026844988319594483,0.1,60,-37.69675826356288,24.55243682863189,0.002777092470143039,5.202641577844723e-06,-28.8468428636047,24.577025267325812,0.002776970104667914,2.9500000867106912,1,"[{""id"": 162, ""x"": -52.18535614013672, ""y"": 47.96367263793945, ""vx"": 0.03638386353850365, ""vy"": 8.07042407989502, ""r"": 2.5906050205230713}]"
902,45.1,-37.69599533081055,24.552438735961914,0.002197712572121469,0.08625561541732783,0.0,0.0,1.0,PlanStatus.FAIL,20,27.130191463232364,-0.026845199729003448,False,23.88336319509407,0.7577741903176287,2.2372661062021484,6.8578961516677515,-0.026845199729003448,3.0,False,9.60049987770617,20,27.130191463232364,-0.026845199729003448,0.1,60,-37.6959953240702,24.552438735980633,0.002777092470245166,0.08625561541732783,-28.595434885853386,24.644057521043056,0.2265035744110021,2.9514375935902892,1,"[{""id"": 162, ""x"": -52.18343734741211, ""y"": 48.36571502685547, ""vx"": 0.03564412146806717, ""vy"": 8.020539283752441, ""r"": 2.5906050205230713}]"
903,45.150000000000006,-37.69617462158203,24.552438735961914,0.0021981224492579887,5.203183438012571e-06,0.0012345709837973118,0.5,0.0,PlanStatus.OK,20,27.130012173152245,-0.026844701822592496,True,24.227050321331667,1.7561149406528832e-05,1.624412687453204e-05,0.2041328064168248,-0.026844701822592496,3.0,False,8.145199855789542,20,27.130012173152245,-0.026844701822592496,0.1,60,-37.696174614851095,24.55243873598061,0.0027770924696845136,5.203183438012571e-06,-28.846259251817955,24.5770271745142,0.002776970201236053,2.9500000867197222,1,"[{""id"": 162, ""x"": -52.18154525756836, ""y"": 48.76834487915039, ""vx"": 0.03587987273931503, ""vy"": 8.074752807617188, ""r"": 2.5906050205230713}]"
904,45.2,-37.695411682128906,24.552440643310547,0.0021985018976984597,0.08625432638896008,0.0,0.0,1.0,PlanStatus.FAIL,20,27.13077511496026,-0.026844913232001437,False,24.572448899123945,0.7611989669748919,2.2473692392653217,6.878488175261977,-0.026844913232001437,3.0,False,7.892000023275614,20,27.13077511496026,-0.026844913232001437,0.1,60,-37.695411675358415,24.55244064332935,0.002777092470130632,0.08625432638896008,-28.594936012428647,24.644350736699202,0.2275138878133093,2.9514375721064843,1,"[{""id"": 162, ""x"": -52.17970657348633, ""y"": 49.170589447021484, ""vx"": 0.034910429269075394, ""vy"": 8.02398681640625, ""r"": 2.5906050205230713}]"
905,45.25,-37.69559097290039,24.552440643310547,0.0021989109946120044,5.20323846050906e-06,0.0012328963493928313,0.5,0.0,PlanStatus.OK,20,27.130595824880146,-0.026844415325590485,True,24.9193063121656,1.7689239046295758e-05,1.6362610253711947e-05,0.2040181699202949,-0.026844415325590485,3.0,False,8.028500014916062,20,27.130595824880146,-0.026844415325590485,0.1,60,-37.69559096613931,24.552440643329327,0.002777092469519472,5.20323846050906e-06,-28.845675641466425,24.577029081698658,0.002776970297811918,2.9500000867206393,1,"[{""id"": 162, ""x"": -52.177894592285156, ""y"": 49.57334899902344, ""vx"": 0.03489488363265991, ""vy"": 8.076653480529785, ""r"": 2.5906050205230713}]"
906,45.300000000000004,-37.694828033447266,24.552440643310547,0.002199287582234898,0.08625403539029969,0.0,0.0,1.0,PlanStatus.FAIL,20,27.131358761391283,-0.026846534076275404,False,25.26764579975768,0.76464003909128,2.2575255249101933,6.899238278286548,-0.026846534076275404,3.0,False,7.875600131228566,20,27.131358761391283,-0.026846534076275404,0.1,60,-37.69482802664615,24.552440643329437,0.0027770924700439713,0.08625403539029969,-28.59443366004017,24.64464378322836,0.22852951648377973,2.951437567256502,1,"[{""id"": 162, ""x"": -52.17607116699219, ""y"": 49.97563552856445, ""vx"": 0.03624499589204788, ""vy"": 8.024230003356934, ""r"": 2.5906050205230713}]"
907,45.35,-37.69500732421875,24.552440643310547,0.0021996958989254673,5.202055584316149e-06,0.0012312295148149133,0.5,0.0,PlanStatus.OK,20,27.131179471311167,-0.026846036169864446,True,25.617265961569455,1.7817327749076497e-05,1.6481092750919406e-05,0.20390886197234476,-0.026846036169864446,3.0,False,7.858899887651205,20,27.131179471311167,-0.026846036169864446,0.1,60,-37.69500731742704,24.55244064332941,0.0027770924708772696,5.202055584316149e-06,-28.84509203944753,24.577029081517146,0.002776970404322217,2.9500000867009226,1,"[{""id"": 162, ""x"": -52.17423629760742, ""y"": 50.37835693359375, ""vx"": 0.03643600270152092, ""vy"": 8.07544994354248, ""r"": 2.5906050205230713}]"
908,45.400000000000006,-37.694244384765625,24.55244255065918,0.0022000693656564585,0.08625793251916866,0.0,0.0,1.0,PlanStatus.FAIL,20,27.131942413119184,-0.026846247579273393,False,25.96824392223999,0.7681548055392752,2.2678969524863213,6.9205088480532995,-0.026846247579273393,3.0,False,8.091800147667527,20,27.131942413119184,-0.026846247579273393,0.1,60,-37.69424437793436,24.55244255067815,0.0027770924703092574,0.08625793251916866,-28.593921620293276,24.644944728823646,0.22956665933997056,2.951437632208651,1,"[{""id"": 162, ""x"": -52.17246627807617, ""y"": 50.78055191040039, ""vx"": 0.034395523369312286, ""vy"": 8.022072792053223, ""r"": 2.5906050205230713}]"
909,45.45,-37.69442367553711,24.55244255065918,0.0022004761219010763,5.210171612250049e-06,0.0012295725755393505,0.5,0.0,PlanStatus.OK,20,27.131763123039065,-0.02684574967286244,True,26.32040633789865,1.7945419378959804e-05,1.6599578070855894e-05,0.20380460524825636,-0.02684574967286244,3.0,False,7.902499986812472,20,27.131763123039065,-0.02684574967286244,0.1,60,-37.69442366871525,24.552442550678126,0.0027770924695764087,5.210171612250049e-06,-28.844508405318848,24.577030988767753,0.0027769705009040063,2.950000086836194,1,"[{""id"": 162, ""x"": -52.170692443847656, ""y"": 51.18315887451172, ""vx"": 0.03565916046500206, ""vy"": 8.072978973388672, ""r"": 2.5906050205230713}]"
910,45.5,-37.693660736083984,24.552446365356445,0.0022008501087807182,0.08625364076024769,0.0,0.0,1.0,PlanStatus.FAIL,20,27.132526070143957,-0.02684405374099543,False,26.673779329958307,0.7715278177024244,2.2778474355821,6.940927342690237,-0.02684405374099543,3.0,False,8.443299913778901,20,27.132526070143957,-0.02684405374099543,0.1,60,-37.69366072922306,24.552446365375502,0.0027770924698897565,0.08625364076024769,-28.593431315227377,24.645235125916837,0.23056170773453966,2.951437560679336,1,"[{""id"": 162, ""x"": -52.168914794921875, ""y"": 51.58523178100586, ""vx"": 0.03536933287978172, ""vy"": 8.019814491271973, ""r"": 2.5906050205230713}]"
911,45.550000000000004,-37.69384002685547,24.552446365356445,0.002201258425471287,5.211558914563973e-06,0.0012279110960662365,0.5,0.0,PlanStatus.OK,20,27.13234678006384,-0.026843555834580923,True,27.028313196361974,1.8073509136035833e-05,1.6718061575677484e-05,0.20370512220507248,-0.026843555834580923,3.0,False,8.091300027444959,20,27.13234678006384,-0.026843555834580923,0.1,60,-37.693840020003954,24.552446365375474,0.002777092471268451,5.211558914563973e-06,-28.84392478635019,24.577034803319183,0.0027769705874957896,2.950000086859319,1,"[{""id"": 162, ""x"": -52.16718673706055, ""y"": 51.98774337768555, ""vx"": 0.03370051085948944, ""vy"": 8.071440696716309, ""r"": 2.5906050205230713}]"
912,45.6,-37.693077087402344,24.552448272705078,0.0022016342328712054,0.08625408776428042,0.0,0.0,1.0,PlanStatus.FAIL,20,27.133109721871858,-0.02684376724399344,False,27.38402242001476,0.7749821910076505,2.2880432645966,6.961909317205107,-0.02684376724399344,3.0,False,8.109299931675196,20,27.133109721871858,-0.02684376724399344,0.1,60,-37.69307708051128,24.552448272724217,0.0027770924701258875,0.08625408776428042,-28.592928034451326,24.64553092933033,0.2315812907328497,2.9514375681294025,1,"[{""id"": 162, ""x"": -52.16551208496094, ""y"": 52.3897590637207, ""vx"": 0.03219499811530113, ""vy"": 8.019168853759766, ""r"": 2.5906050205230713}]"
913,45.650000000000006,-37.693260192871094,24.552448272705078,0.002202042549561774,5.200331152877711e-06,0.001226245891302824,0.5,0.0,PlanStatus.OK,20,27.132926617109185,-0.0268432587438255,True,27.74085786817162,1.8200759041579256e-05,1.6835768056238168e-05,0.20361011527992873,-0.0268432587438255,3.0,False,8.074400015175343,20,27.132926617109185,-0.0268432587438255,0.1,60,-37.693260185989644,24.55244827272419,0.0027770924698635614,5.200331152877711e-06,-28.843345023692244,24.577036710412568,0.002776970683356052,2.9500000866721843,1,"[{""id"": 162, ""x"": -52.16387176513672, ""y"": 52.79226303100586, ""vx"": 0.032240211963653564, ""vy"": 8.07168960571289, ""r"": 2.5906050205230713}]"
914,45.7,-37.6924934387207,24.55245018005371,0.0022024170565900668,0.08625411735505464,0.0,0.0,1.0,PlanStatus.FAIL,20,27.133693373599755,-0.026843480746987877,False,28.098840133190947,0.7784291058411713,2.298218455288797,6.982887237411676,-0.026843480746987877,3.0,False,8.509299950674176,20,27.133693373599755,-0.026843480746987877,0.1,60,-37.6924934317995,24.552450180072935,0.002777092469997022,0.08625411735505464,-28.592425813391532,24.645826110656532,0.23259880989870302,2.9514375686225813,1,"[{""id"": 162, ""x"": -52.16230773925781, ""y"": 53.1943244934082, ""vx"": 0.029079267755150795, ""vy"": 8.020122528076172, ""r"": 2.5906050205230713}]"
915,45.75,-37.69267654418945,24.55245018005371,0.0022028253732806354,5.199378266297123e-06,0.0012245834805071354,0.5,0.0,PlanStatus.OK,20,27.13351026883708,-0.02684297224682349,True,28.45791268274347,1.8328847322920684e-05,1.6954250165674215e-05,0.2035193107233421,-0.02684297224682349,3.0,False,9.974000044167042,20,27.13351026883708,-0.02684297224682349,0.1,60,-37.69267653727786,24.552450180072906,0.0027770924707507783,5.199378266297123e-06,-28.842761416309674,24.577038617589054,0.0027769707798995604,2.950000086656301,1,"[{""id"": 162, ""x"": -52.16079330444336, ""y"": 53.59689712524414, ""vx"": 0.02897864766418934, ""vy"": 8.073017120361328, ""r"": 2.5906050205230713}]"
916,45.800000000000004,-37.69190979003906,24.552453994750977,0.0022031996202346027,0.08625416934237297,0.0,0.0,1.0,PlanStatus.FAIL,20,27.13427703062453,-0.026841286908709912,False,28.818026891067994,0.7818772374968709,2.308394797155931,7.003913718932418,-0.026841286908709912,3.0,False,8.569400059059262,20,27.13427703062453,-0.026841286908709912,0.1,60,-37.691909783088214,24.552453994770282,0.002777092470000898,0.08625416934237297,-28.59192448031823,24.646122982363973,0.23361644417253977,2.951437569489043,1,"[{""id"": 162, ""x"": -52.15930938720703, ""y"": 53.999027252197266, ""vx"": 0.028454743325710297, ""vy"": 8.021493911743164, ""r"": 2.5906050205230713}]"
917,45.85,-37.69209289550781,24.552453994750977,0.0022036079369251713,5.2030843209527715e-06,0.001222921535372734,0.5,0.0,PlanStatus.OK,20,27.13409392586186,-0.026840778408545547,True,29.179135455006254,1.845693908655863e-05,1.707273555547669e-05,0.20343248092899022,-0.026840778408545547,3.0,False,8.01829993724823,20,27.13409392586186,-0.026840778408545547,0.1,60,-37.69209288856657,24.552453994770254,0.0027770924701489364,5.2030843209527715e-06,-28.84217779048753,24.577042432159658,0.0027769708664910175,2.950000086718072,1,"[{""id"": 162, ""x"": -52.15780258178711, ""y"": 54.40165710449219, ""vx"": 0.030367163941264153, ""vy"": 8.074103355407715, ""r"": 2.5906050205230713}]"
918,45.900000000000006,-37.69132614135742,24.55245590209961,0.002203981663730488,0.08625414673769571,0.0,0.0,1.0,PlanStatus.FAIL,20,27.13486068235243,-0.0268410004117079,False,29.541168105609266,0.7853228374447287,2.318568911755705,7.024962821653027,-0.0268410004117079,3.0,False,8.112900191918015,20,27.13486068235243,-0.0268410004117079,0.1,60,-37.69132613437644,24.552455902118997,0.0027770924701379664,0.08625414673769571,-28.591422391705162,24.646418086054275,0.23463385572911385,2.951437569112295,1,"[{""id"": 162, ""x"": -52.156272888183594, ""y"": 54.8038215637207, ""vx"": 0.030187318101525307, ""vy"": 8.022141456604004, ""r"": 2.5906050205230713}]"
919,45.95,-37.69150924682617,24.55245590209961,0.002204390240495382,5.2017196853943665e-06,0.0012212601723149419,0.5,0.0,PlanStatus.OK,20,27.134677577589756,-0.026840491911543533,True,29.904161066147232,1.8585027578549154e-05,1.7191217854465972e-05,0.20334941545233928,-0.026840491911543533,3.0,False,7.733300095424056,20,27.134677577589756,-0.026840491911543533,0.1,60,-37.691509239854796,24.55245590211897,0.0027770924693650114,5.2017196853943665e-06,-28.841594184315056,24.57704433933289,0.0027769709630289033,2.950000086695332,1,"[{""id"": 162, ""x"": -52.15480041503906, ""y"": 55.20646667480469, ""vx"": 0.028492288663983345, ""vy"": 8.074243545532227, ""r"": 2.5906050205230713}]"
920,46.0,-37.69074249267578,24.552457809448242,0.0022047707292331543,0.08625608379908846,0.0,0.0,1.0,PlanStatus.FAIL,20,27.13544433408033,-0.026840713914705914,False,30.26802314429907,0.788802311135771,2.3288445535553652,7.046263819859582,-0.026840713914705914,3.0,False,7.768099894747138,20,27.13544433408033,-0.026840713914705914,0.1,60,-37.69074248566466,24.552457809467715,0.0027770924701888237,0.08625608379908846,-28.590915327975882,24.64671611065087,0.23566142000667362,2.9514376013966523,1,"[{""id"": 162, ""x"": -52.15337371826172, ""y"": 55.6086311340332, ""vx"": 0.02770443819463253, ""vy"": 8.021825790405273, ""r"": 2.5906050205230713}]"
921,46.050000000000004,-37.69092559814453,24.552457809448242,0.0022051798261466986,5.202449474027987e-06,0.0012195833260193467,0.5,0.0,PlanStatus.OK,20,27.135261229317656,-0.02684020541454152,True,30.63276310101594,1.871311755869018e-05,1.7309701556816187e-05,0.20326990209210313,-0.02684020541454152,3.0,False,10.511599946767092,20,27.135261229317656,-0.02684020541454152,0.1,60,-37.690925591143014,24.552457809467686,0.0027770924700062706,5.202449474027987e-06,-28.841010571963633,24.577046246523334,0.0027769710595700768,2.9500000867074947,1,"[{""id"": 162, ""x"": -52.15196990966797, ""y"": 56.011253356933594, ""vx"": 0.027218183502554893, ""vy"": 8.073615074157715, ""r"": 2.5906050205230713}]"
922,46.1,-37.69015884399414,24.552459716796875,0.0022055527727290396,0.08625400486691724,0.0,0.0,1.0,PlanStatus.FAIL,20,27.136027985808227,-0.026840427417703903,False,30.998297159336104,0.7922116458467677,2.338914413572515,7.067153458674278,-0.026840427417703903,3.0,False,7.895300164818764,20,27.136027985808227,-0.026840427417703903,0.1,60,-37.69015883695288,24.552459716816433,0.0027770924698622373,0.08625400486691724,-28.590418459892394,24.647008149539783,0.23666840610397383,2.951437566747784,1,"[{""id"": 162, ""x"": -52.15061569213867, ""y"": 56.41338348388672, ""vx"": 0.02580624260008335, ""vy"": 8.021063804626465, ""r"": 2.5906050205230713}]"
923,46.150000000000006,-37.69034194946289,24.552459716796875,0.0022059610894196086,5.201737791045817e-06,0.0012179241748526692,0.5,0.0,PlanStatus.OK,20,27.135844881045553,-0.026839918917535982,True,31.364659199950758,1.884120679538042e-05,1.742818455279134e-05,0.2031937492166517,-0.026839918917535982,3.0,False,8.243499789386988,20,27.135844881045553,-0.026839918917535982,0.1,60,-37.690341942431246,24.552459716816404,0.002777092470502002,5.201737791045817e-06,-28.840426963863436,24.57704815370203,0.002776971156109805,2.9500000866956255,1,"[{""id"": 162, ""x"": -52.14928436279297, ""y"": 56.81596374511719, ""vx"": 0.025811634957790375, ""vy"": 8.072916984558105, ""r"": 2.5906050205230713}]"
924,46.2,-37.6895751953125,24.55246353149414,0.0022063327356303237,0.08625401969609804,0.0,0.0,1.0,PlanStatus.FAIL,20,27.136611642833003,-0.026838233579422388,False,31.73173074222327,0.7956582619253689,2.3490919939273067,7.088312807226717,-0.026838233579422388,3.0,False,8.131799986585975,20,27.136611642833003,-0.026838233579422388,0.1,60,-37.689575188241605,24.55246353151378,0.0027770924699150896,0.08625401969609804,-28.58991722080339,24.647304966311545,0.23768616422650063,2.951437566994939,1,"[{""id"": 162, ""x"": -52.14794158935547, ""y"": 57.218055725097656, ""vx"": 0.026816029101610184, ""vy"": 8.020548820495605, ""r"": 2.5906050205230713}]"
925,46.25,-37.68975830078125,24.552459716796875,0.0022067410523208923,5.201957524126027e-06,0.0012162678176537156,0.5,0.0,PlanStatus.OK,20,27.136428527476575,-0.026841539761813478,True,32.09962769515738,1.8969294551284365e-05,1.7546666191111185e-05,0.20312077192679756,-0.026841539761813478,3.0,False,7.937600137665868,20,27.136428527476575,-0.026841539761813478,0.1,60,-37.68975829371896,24.55245971681649,0.002777092469869459,5.201957524126027e-06,-28.839843357721847,24.577048153532516,0.002776971262658251,2.9500000866992937,1,"[{""id"": 162, ""x"": -52.146629333496094, ""y"": 57.620628356933594, ""vx"": 0.02518869750201702, ""vy"": 8.072684288024902, ""r"": 2.5906050205230713}]"
926,46.300000000000004,-37.68899154663086,24.55246353149414,0.0022071264824708435,0.08625482407535676,0.0,0.0,1.0,PlanStatus.FAIL,20,27.137195289264024,-0.026839854423696352,False,32.46818594521212,0.7991161414274017,2.359312197358543,7.109574591931825,-0.026839854423696352,3.0,False,7.779299980029464,20,27.137195289264024,-0.026839854423696352,0.1,60,-37.68899153952933,24.552463531513865,0.002777092470206066,0.08625482407535676,-28.589412088148503,24.64759964573349,0.23870818467619745,2.951437580401257,1,"[{""id"": 162, ""x"": -52.14531707763672, ""y"": 58.02272033691406, ""vx"": 0.026147836819291115, ""vy"": 8.020594596862793, ""r"": 2.5906050205230713}]"
927,46.35,-37.68917465209961,24.55246353149414,0.002207535319310063,5.205529035564674e-06,0.0012145810760557652,0.5,0.0,PlanStatus.OK,20,27.13701218450135,-0.02683934592353196,True,32.83754255755511,1.9097386666913132e-05,1.7665151906399827e-05,0.20305078919050942,-0.02683934592353196,3.0,False,7.906300015747547,20,27.13701218450135,-0.02683934592353196,0.1,60,-37.68917464500769,24.552463531513837,0.0027770924709235815,5.205529035564674e-06,-28.839259732278467,24.577051968102307,0.0027769713491795156,2.9500000867588203,1,"[{""id"": 162, ""x"": -52.144065856933594, ""y"": 58.42529296875, ""vx"": 0.023746423423290253, ""vy"": 8.072954177856445, ""r"": 2.5906050205230713}]"
928,46.400000000000006,-37.68840789794922,24.552465438842773,0.002207905665149152,0.0862560840549754,0.0,0.0,1.0,PlanStatus.FAIL,20,27.13777894099192,-0.02683956792669434,False,33.20752757639443,0.8025827599424453,2.3695558509584416,7.130921023354312,-0.02683956792669434,3.0,False,8.093900047242641,20,27.13777894099192,-0.02683956792669434,0.1,60,-37.68840789081755,24.55246543886258,0.002777092470282319,0.0862560840549754,-28.588906743385014,24.647896661389463,0.2397325501334017,2.95143760140092,1,"[{""id"": 162, ""x"": -52.14280700683594, ""y"": 58.8274040222168, ""vx"": 0.025197668001055717, ""vy"": 8.02099609375, ""r"": 2.5906050205230713}]"
929,46.45,-37.68859100341797,24.552465438842773,0.002208313201616745,5.208343761328262e-06,0.0012129290262237191,0.5,0.0,PlanStatus.OK,20,27.13759583622925,-0.02683905942652997,True,33.578251032562804,1.9225476424993528e-05,1.7783635431513345e-05,0.20298363555132998,-0.02683905942652997,3.0,False,8.208299987018108,20,27.13759583622925,-0.02683905942652997,0.1,60,-37.688590996295915,24.552465438862555,0.002777092469966463,5.208343761328262e-06,-28.83867611377361,24.577053875310064,0.002776971445724144,2.950000086805726,1,"[{""id"": 162, ""x"": -52.14152526855469, ""y"": 59.230003356933594, ""vx"": 0.025423875078558922, ""vy"": 8.073369979858398, ""r"": 2.5906050205230713}]"
930,46.5,-37.687828063964844,24.552467346191406,0.0022086903093882894,0.08625282736935445,0.0,0.0,1.0,PlanStatus.FAIL,20,27.138358778037265,-0.026839270835938917,False,33.949555462949014,0.8059479968950662,2.3795012867057177,7.151650482392129,-0.026839270835938917,3.0,False,8.80980002693832,20,27.138358778037265,-0.026839270835938917,0.1,60,-37.68782805680325,24.552467346211298,0.0027770924700548914,0.08625282736935445,-28.588416153522527,24.648185026916877,0.24072709380242208,2.9514375471228265,1,"[{""id"": 162, ""x"": -52.14025115966797, ""y"": 59.632137298583984, ""vx"": 0.02524963952600956, ""vy"": 8.021349906921387, ""r"": 2.5906050205230713}]"
931,46.550000000000004,-37.68800735473633,24.552467346191406,0.0022090978458558824,5.205096276597502e-06,0.0012112627737224102,0.5,0.0,PlanStatus.OK,20,27.13817948795715,-0.026838772929527962,True,34.321597424634234,1.9353565211628835e-05,1.790211797734944e-05,0.20291915747024808,-0.026838772929527962,3.0,False,7.928400067612529,20,27.13817948795715,-0.026838772929527962,0.1,60,-37.68800734758414,24.55246734621127,0.0027770924711151613,5.205096276597502e-06,-28.838092513150112,24.577055782468214,0.002776971542243419,2.9500000867516034,1,"[{""id"": 162, ""x"": -52.13903045654297, ""y"": 60.03475570678711, ""vx"": 0.02354789711534977, ""vy"": 8.073592185974121, ""r"": 2.5906050205230713}]"
932,46.6,-37.6872444152832,24.55246925354004,0.002209473653255801,0.08625297632196777,0.0,0.0,1.0,PlanStatus.FAIL,20,27.138942429765166,-0.026838984338936906,False,34.694160332256175,0.809394678071516,2.389689062314971,7.172923706900533,-0.026838984338936906,3.0,False,8.008399978280067,20,27.138942429765166,-0.026838984338936906,0.1,60,-37.687244408091466,24.552469253560012,0.0027770924702456017,0.08625297632196777,-28.58791362939707,24.64848038672327,0.24174587146003026,2.951437549605368,1,"[{""id"": 162, ""x"": -52.137821197509766, ""y"": 60.436893463134766, ""vx"": 0.02451823651790619, ""vy"": 8.021414756774902, ""r"": 2.5906050205230713}]"
933,46.650000000000006,-37.68742370605469,24.55246925354004,0.0022098817098720447,5.211107422028279e-06,0.001209598034620285,0.5,0.0,PlanStatus.OK,20,27.138763139685047,-0.02683848643252595,True,35.06739117902798,1.9481656173091826e-05,1.8020602659050804e-05,0.20285721485599967,-0.02683848643252595,3.0,False,7.73969991132617,20,27.138763139685047,-0.02683848643252595,0.1,60,-37.68742369887237,24.552469253559988,0.0027770924696599265,5.211107422028279e-06,-28.837508885214785,24.57705768970227,0.0027769716387860545,2.95000008685179,1,"[{""id"": 162, ""x"": -52.13658142089844, ""y"": 60.83950424194336, ""vx"": 0.024722153320908546, ""vy"": 8.073505401611328, ""r"": 2.5906050205230713}]"
934,46.7,-37.68666076660156,24.552473068237305,0.0022102533560827598,0.08625432479439346,0.0,0.0,1.0,PlanStatus.FAIL,20,27.13952608678994,-0.02683679050065896,False,35.4411211745409,0.8128630826057793,2.399938667574599,7.194359729238444,-0.02683679050065896,3.0,False,7.6061999425292015,20,27.13952608678994,-0.02683679050065896,0.1,60,-37.68666075938022,24.55247306825736,0.002777092470321839,0.08625432479439346,-28.587409004162243,24.648779191775194,0.24277083207367028,2.9514375720799078,1,"[{""id"": 162, ""x"": -52.135414123535156, ""y"": 61.241634368896484, ""vx"": 0.022169293835759163, ""vy"": 8.021232604980469, ""r"": 2.5906050205230713}]"
935,46.75,-37.68684005737305,24.552473068237305,0.0022106603724017025,5.206073586682748e-06,0.0012079443549737334,0.5,0.0,PlanStatus.OK,20,27.139346796709823,-0.02683629259424801,True,35.81549650245448,1.9609744783297215e-05,1.8139085017020683e-05,0.20279767261477533,-0.02683629259424801,3.0,False,8.322600042447448,20,27.139346796709823,-0.02683629259424801,0.1,60,-37.6868400501611,24.552473068257335,0.0027770924696283146,5.206073586682748e-06,-28.836925285138122,24.5770615042018,0.002776971725273755,2.9500000867678953,1,"[{""id"": 162, ""x"": -52.13422775268555, ""y"": 61.64423370361328, ""vx"": 0.023934897035360336, ""vy"": 8.073273658752441, ""r"": 2.5906050205230713}]"
936,46.800000000000004,-37.68607711791992,24.552474975585938,0.002211024736531312,0.08625063686706759,0.0,0.0,1.0,PlanStatus.FAIL,20,27.14010973851784,-0.02683650400365695,False,36.19028116886188,0.8162423829380552,2.409930274313632,7.215252645762506,-0.02683650400365695,3.0,False,11.29729999229312,20,27.14010973851784,-0.02683650400365695,0.1,60,-37.68607711066844,24.552474975606078,0.0027770924699713796,0.08625063686706759,-28.586916220885882,24.64906883293249,0.2437699928423257,2.9514375106144546,1,"[{""id"": 162, ""x"": -52.132991790771484, ""y"": 62.04634475708008, ""vx"": 0.02549630030989647, ""vy"": 8.020998001098633, ""r"": 2.5906050205230713}]"
937,46.85,-37.686256408691406,24.552474975585938,0.0022114314927759297,5.183521761955611e-06,0.001206306740641594,0.5,0.0,PlanStatus.OK,20,27.13993044843772,-0.026836006097242446,True,36.565711690707644,1.973782676283277e-05,1.8257561001529775e-05,0.20274040979409425,-0.026836006097242446,3.0,False,7.883999962359667,20,27.13993044843772,-0.026836006097242446,0.1,60,-37.68625640144934,24.552474975606053,0.0027770924699433066,5.183521761955611e-06,-28.83634174145309,24.577063411201998,0.002776971821782638,2.9500000863920333,1,"[{""id"": 162, ""x"": -52.13175582885742, ""y"": 62.448944091796875, ""vx"": 0.02449108101427555, ""vy"": 8.073107719421387, ""r"": 2.5906050205230713}]"
938,46.900000000000006,-37.68549346923828,24.55247688293457,0.0022117779117771,0.0862542883434084,0.0,0.0,1.0,PlanStatus.FAIL,20,27.140693390245737,-0.026836217506654943,False,36.94154283399747,0.8197489720266574,2.4203000515552184,7.236976988935128,-0.026836217506654943,3.0,False,7.663999916985631,20,27.140693390245737,-0.026836217506654943,0.1,60,-37.68549346195667,24.552476882954792,0.002777092470279152,0.0862542883434084,-28.586404804635723,24.649369413416064,0.24480697066489113,2.951437571472389,1,"[{""id"": 162, ""x"": -52.13053894042969, ""y"": 62.85105895996094, ""vx"": 0.02428039349615574, ""vy"": 8.020919799804688, ""r"": 2.5906050205230713}]"
939,46.95,-37.685672760009766,24.55247688293457,0.0022121836277244167,5.188476685155459e-06,0.0012047094060108066,0.5,0.0,PlanStatus.OK,20,27.14051410016562,-0.026835719600240435,True,37.31799023857985,1.9865917208537806e-05,1.837604519121152e-05,0.20268530198616044,-0.026835719600240435,3.0,False,8.407100103795528,20,27.14051410016562,-0.026835719600240435,0.1,60,-37.68567275273757,24.552476882954767,0.0027770924700449076,5.188476685155459e-06,-28.835758116628114,24.57706531842757,0.0027769719182937193,2.950000086474615,1,"[{""id"": 162, ""x"": -52.12931823730469, ""y"": 63.25365447998047, ""vx"": 0.024416038766503334, ""vy"": 8.073114395141602, ""r"": 2.5906050205230713}]"
940,47.0,-37.68490982055664,24.552480697631836,0.0022125334276918147,0.08625281303064516,0.0,0.0,1.0,PlanStatus.FAIL,20,27.141277047270513,-0.026834023668373425,False,37.69479835794831,0.8231672763243945,2.4304062102547364,7.258161027376796,-0.026834023668373425,3.0,False,9.292899863794446,20,27.141277047270513,-0.026834023668373425,0.1,60,-37.68490981324542,24.552480697652143,0.002777092470124504,0.08625281303064516,-28.58590734802933,24.64966401000623,0.2458175866210738,2.9514375468838407,1,"[{""id"": 162, ""x"": -52.12809753417969, ""y"": 63.65576934814453, ""vx"": 0.02425113320350647, ""vy"": 8.02099609375, ""r"": 2.5906050205230713}]"
941,47.050000000000004,-37.685089111328125,24.552480697631836,0.0022129401839364325,5.245468524720616e-06,0.0012031026417389512,0.5,0.0,PlanStatus.OK,20,27.141097757190394,-0.02683352576196247,True,38.0722065455914,1.999402575388606e-05,1.849454684356086e-05,0.2026322390828052,-0.02683352576196247,3.0,False,7.826299872249365,20,27.141097757190394,-0.02683352576196247,0.1,60,-37.685089104026325,24.552480697652115,0.0027770924702720887,5.245468524720616e-06,-28.835174333575043,24.577069133435366,0.002776972004759718,2.9500000874244763,1,"[{""id"": 162, ""x"": -52.12687683105469, ""y"": 64.05836486816406, ""vx"": 0.024408109486103058, ""vy"": 8.073232650756836, ""r"": 2.5906050205230713}]"
942,47.1,-37.684326171875,24.55248260498047,0.0022132873831605783,0.08625556976304585,0.0,0.0,1.0,PlanStatus.FAIL,20,27.14186069899841,-0.026833737171371434,False,38.449944529944645,0.8266575613041504,2.44073107514596,7.279822625017691,-0.026833737171371434,3.0,False,8.985500084236264,20,27.14186069899841,-0.026833737171371434,0.1,60,-37.68432616453366,24.552482605000858,0.002777092470367757,0.08625556976304585,-28.585398203252957,24.649963257050636,0.2468500732081265,2.9514375928293832,1,"[{""id"": 162, ""x"": -52.12565612792969, ""y"": 64.46047973632812, ""vx"": 0.024250876158475876, ""vy"": 8.021126747131348, ""r"": 2.5906050205230713}]"
943,47.150000000000006,-37.684505462646484,24.552480697631836,0.002213694399479521,5.307685783366316e-06,0.0012015008833259344,0.5,0.0,PlanStatus.OK,20,27.141681403621416,-0.026835146606236433,True,38.828271964870176,2.0122134662980953e-05,1.8613048915231897e-05,0.20258111573711088,-0.026835146606236433,3.0,False,7.511100033298135,20,27.141681403621416,-0.026835146606236433,0.1,60,-37.68450545531403,24.5524806976522,0.0027770924707268404,5.307685783366316e-06,-28.83459054456572,24.577069133774224,0.0027769721113713414,2.950000088461427,1,"[{""id"": 162, ""x"": -52.12443542480469, ""y"": 64.86308288574219, ""vx"": 0.024409014731645584, ""vy"": 8.073343276977539, ""r"": 2.5906050205230713}]"
944,47.2,-37.68374252319336,24.55248260498047,0.0022140426390009683,0.08625443702085082,0.0,0.0,1.0,PlanStatus.FAIL,20,27.142444345429432,-0.026835358015645377,False,39.20688949454873,0.8300785553169219,2.4508566247920207,7.301062586007147,-0.026835358015645377,3.0,False,7.7719001565128565,20,27.142444345429432,-0.026835358015645377,0.1,60,-37.68374251582137,24.552482605000943,0.0027770924705109545,0.08625443702085082,-28.584897989112196,24.650255049416124,0.24786262827839764,2.9514375739503453,1,"[{""id"": 162, ""x"": -52.12321472167969, ""y"": 65.26519775390625, ""vx"": 0.024251598864793777, ""vy"": 8.021199226379395, ""r"": 2.5906050205230713}]"
945,47.25,-37.683921813964844,24.55248260498047,0.002214449915394236,5.381246331896771e-06,0.0011998964473605156,0.5,0.0,PlanStatus.OK,20,27.142265055349316,-0.026834860109234426,True,39.58607108722704,2.0250247880287972e-05,1.873155514184755e-05,0.2025318353628746,-0.026834860109234426,3.0,False,8.182700024917722,20,27.142265055349316,-0.026834860109234426,0.1,60,-37.683921806602264,24.552482605000918,0.0027770924698369373,5.381246331896771e-06,-28.834006717365988,24.57707104156196,0.0027769722079260895,2.9500000896874385,1,"[{""id"": 162, ""x"": -52.12199401855469, ""y"": 65.66779327392578, ""vx"": 0.02440943755209446, ""vy"": 8.07336711883545, ""r"": 2.5906050205230713}]"
946,47.300000000000004,-37.68315887451172,24.5524845123291,0.002214796594469732,0.08625527162419595,0.0,0.0,1.0,PlanStatus.FAIL,20,27.143027997157333,-0.026835071518643387,False,39.96553003836623,0.833534597301164,2.4610835405534295,7.3225433323632485,-0.026835071518643387,3.0,False,8.079699939116836,20,27.143027997157333,-0.026835071518643387,0.1,60,-37.683158867109604,24.55248451234966,0.0027770924702369953,0.08625527162419595,-28.58439372424196,24.650551431631502,0.2488853199514987,2.951437587860401,1,"[{""id"": 162, ""x"": -52.12077331542969, ""y"": 66.06991577148438, ""vx"": 0.024251753464341164, ""vy"": 8.021178245544434, ""r"": 2.5906050205230713}]"
947,47.35,-37.6833381652832,24.5524845123291,0.0022152036107886746,5.466932033017983e-06,0.0011982957366853952,0.5,0.0,PlanStatus.OK,20,27.142848707077214,-0.026834573612232435,True,40.34553072605331,2.037836339812613e-05,1.8850063680363877e-05,0.20248430496163386,-0.026834573612232435,3.0,False,7.950100116431713,20,27.142848707077214,-0.026834573612232435,0.1,60,-37.6833381578905,24.552484512349633,0.0027770924710743515,5.466932033017983e-06,-28.833422854398723,24.577072949449075,0.0027769723044712234,2.9500000911155313,1,"[{""id"": 162, ""x"": -52.11955261230469, ""y"": 66.4725112915039, ""vx"": 0.02440950833261013, ""vy"": 8.073310852050781, ""r"": 2.5906050205230713}]"
948,47.400000000000006,-37.68257522583008,24.552486419677734,0.0022155547111276986,0.08625404232191033,0.0,0.0,1.0,PlanStatus.FAIL,20,27.14361164888523,-0.026834785021641376,False,40.72577434325108,0.8369543458510307,2.4712047041369654,7.343810401673656,-0.026834785021641376,3.0,False,11.281599989160895,20,27.14361164888523,-0.026834785021641376,0.1,60,-37.68257521839783,24.552486419698376,0.002777092470423748,0.08625404232191033,-28.583894699134575,24.650844737683716,0.2498974364058348,2.9514375673720297,1,"[{""id"": 162, ""x"": -52.11833190917969, ""y"": 66.87462615966797, ""vx"": 0.024251723662018776, ""vy"": 8.021105766296387, ""r"": 2.5906050205230713}]"
949,47.45,-37.68275451660156,24.552486419677734,0.0022159614673723164,5.26272539868288e-06,0.0011966862948611379,0.5,0.0,PlanStatus.OK,20,27.143432358805114,-0.026834287115230424,True,41.10655294191185,2.0506387937591783e-05,1.8968483966965745e-05,0.20243843909108283,-0.026834287115230424,3.0,False,9.506799979135394,20,27.143432358805114,-0.026834287115230424,0.1,60,-37.682754509178736,24.55248641969835,0.002777092469945692,5.26272539868288e-06,-28.832839846552364,24.577074854961573,0.0027769724008793895,2.9500000877120938,1,"[{""id"": 162, ""x"": -52.11711120605469, ""y"": 67.2772216796875, ""vx"": 0.024409500882029533, ""vy"": 8.0732421875, ""r"": 2.5906050205230713}]"
950,47.5,-37.68199157714844,24.552490234375,0.0022163318132114055,0.08626078402930795,0.0,0.0,1.0,PlanStatus.FAIL,20,27.144195305910007,-0.026832591183363414,False,41.4875470017339,0.8405135002615736,2.4817363216570376,7.365980022788073,-0.026832591183363414,3.0,False,8.183700032532215,20,27.144195305910007,-0.026832591183363414,0.1,60,-37.681991569686595,24.552490234395723,0.002777092470330291,0.08626078402930795,-28.583376381146774,24.651151582136627,0.2509505982481011,2.9514376797338193,1,"[{""id"": 162, ""x"": -52.11589050292969, ""y"": 67.67933654785156, ""vx"": 0.02425169199705124, ""vy"": 8.021052360534668, ""r"": 2.5906050205230713}]"
951,47.550000000000004,-37.68217086791992,24.552490234375,0.0022167388295303483,5.314349959425543e-06,0.00119503540918231,0.5,0.0,PlanStatus.OK,20,27.144016015829887,-0.02683209327694891,True,41.869072215307064,2.0634494510859252e-05,1.908698375016355e-05,0.20239415588347595,-0.02683209327694891,3.0,False,9.463999886065722,20,27.144016015829887,-0.02683209327694891,0.1,60,-37.682170860467494,24.552490234395698,0.0027770924705709924,5.314349959425543e-06,-28.832256079313545,24.577078669925697,0.0027769724873092623,2.950000088572501,1,"[{""id"": 162, ""x"": -52.11466979980469, ""y"": 68.08193969726562, ""vx"": 0.02440943755209446, ""vy"": 8.073214530944824, ""r"": 2.5906050205230713}]"
952,47.6,-37.6814079284668,24.552492141723633,0.0022171016332140064,0.0862619019598538,0.0,0.0,1.0,PlanStatus.FAIL,20,27.144778957637904,-0.02683230468635787,False,42.25078325322358,0.8439731576467536,2.491979190034944,7.387532497396916,-0.02683230468635787,3.0,False,7.912699831649661,20,27.144778957637904,-0.02683230468635787,0.1,60,-37.681407920974834,24.55249214174444,0.002777092470311472,0.0862619019598538,-28.582871396916765,24.65144838686938,0.25197488518302147,2.951437698366002,1,"[{""id"": 162, ""x"": -52.11344909667969, ""y"": 68.48405456542969, ""vx"": 0.024251695722341537, ""vy"": 8.021052360534668, ""r"": 2.5906050205230713}]"
953,47.650000000000006,-37.68158721923828,24.552492141723633,0.002217508389458624,5.309516822244081e-06,0.0011934010544791818,0.5,0.0,PlanStatus.OK,20,27.144599667557788,-0.02683180677994692,True,42.633004508289645,2.0762582926226358e-05,1.9205465935597833e-05,0.20235137969326994,-0.02683180677994692,3.0,False,7.782100001350045,20,27.144599667557788,-0.02683180677994692,0.1,60,-37.68158721175573,24.552492141744416,0.0027770924702184047,5.309516822244081e-06,-28.831672483352637,24.57708057707149,0.002776972583781122,2.9500000884919504,1,"[{""id"": 162, ""x"": -52.11222839355469, ""y"": 68.88665008544922, ""vx"": 0.02440953627228737, ""vy"": 8.073237419128418, ""r"": 2.5906050205230713}]"
954,47.7,-37.680824279785156,24.552494049072266,0.0022178828964869164,0.0862616927893745,0.0,0.0,1.0,PlanStatus.FAIL,20,27.145362609365804,-0.02683201818935586,False,43.01539595727278,0.847409293258548,2.502154153304715,7.408950131658235,-0.02683201818935586,3.0,False,8.137499913573265,20,27.145362609365804,-0.02683201818935586,0.1,60,-37.680824272263074,24.552494049093156,0.0027770924705636723,0.0862616927893745,-28.582369781880672,24.651743213634816,0.25299238160646137,2.951437694879824,1,"[{""id"": 162, ""x"": -52.11100769042969, ""y"": 69.28876495361328, ""vx"": 0.02425185777246952, ""vy"": 8.021087646484375, ""r"": 2.5906050205230713}]"
955,47.75,-37.68100357055664,24.552494049072266,0.0022182901728801845,5.297716504591551e-06,0.0011917408555746078,0.5,0.0,PlanStatus.OK,20,27.145183319285685,-0.026831520282944908,True,43.398286644050145,2.0804922080981108e-05,1.924462963722416e-05,0.20231002132927936,-0.026831520282944908,3.0,False,7.998600136488676,20,27.145183319285685,-0.026831520282944908,0.1,60,-37.68100356304397,24.55249404909313,0.0027770924702465475,5.297716504591551e-06,-28.83108890794262,24.577082484160275,0.002776972680278008,2.950000088295272,1,"[{""id"": 162, ""x"": -52.10978698730469, ""y"": 69.69136047363281, ""vx"": 0.024409644305706024, ""vy"": 8.073277473449707, ""r"": 2.5906050205230713}]"
956,47.800000000000004,-37.680240631103516,24.55249786376953,0.0022186646799084767,0.08626163310746855,0.0,0.0,1.0,PlanStatus.FAIL,20,27.145946266390578,-0.026829824351077895,False,43.78132409084331,0.850848927338183,2.5123370731955164,7.430404014615455,-0.026829824351077895,3.0,False,8.062199922278523,20,27.145946266390578,-0.026829824351077895,0.1,60,-37.680240623551846,24.552497863790506,0.0027770924699083476,0.08626163310746855,-28.5818687306966,24.65203992105814,0.2540106736823947,2.951437693885126,1,"[{""id"": 162, ""x"": -52.10856628417969, ""y"": 70.09347534179688, ""vx"": 0.02425200864672661, ""vy"": 8.021122932434082, ""r"": 2.5906050205230713}]"
957,47.85,-37.680419921875,24.55249786376953,0.002219071956301745,5.285835640042698e-06,0.001190080540254712,0.5,0.0,PlanStatus.OK,20,27.145766976310462,-0.026829326444666943,True,44.164852448159095,2.0669721154597008e-05,1.911956810876029e-05,0.20226999502855367,-0.026829326444666943,3.0,False,7.811499992385507,20,27.145766976310462,-0.026829326444666943,0.1,60,-37.680419914332745,24.552497863790478,0.0027770924704157082,5.285835640042698e-06,-28.830505328017853,24.57708629860436,0.002776972766632218,2.950000088097257,1,"[{""id"": 162, ""x"": -52.10734558105469, ""y"": 70.4960708618164, ""vx"": 0.024409722536802292, ""vy"": 8.0733003616333, ""r"": 2.5906050205230713}]"
958,47.900000000000006,-37.679656982421875,24.552499771118164,0.0022194394413232567,0.08626038165756374,0.0,0.0,1.0,PlanStatus.FAIL,20,27.14652991811848,-0.026829537854075883,False,44.54850893054127,0.854266015901863,2.522459149086461,7.451727910750816,-0.026829537854075883,3.0,False,7.915399968624115,20,27.14652991811848,-0.026829537854075883,0.1,60,-37.679656974840086,24.55249977113922,0.0027770924701948857,0.08626038165756374,-28.5813697616917,24.652333194478867,0.2550228813674191,2.951437673027631,1,"[{""id"": 162, ""x"": -52.10612487792969, ""y"": 70.89818572998047, ""vx"": 0.0242520272731781, ""vy"": 8.02113151550293, ""r"": 2.5906050205230713}]"
959,47.95,-37.67983627319336,24.552499771118164,0.002219846197567874,5.277732905632525e-06,0.0011884362902492285,0.5,0.0,PlanStatus.OK,20,27.14635062803836,-0.02682903994766493,True,44.93264513123363,2.0534518547511598e-05,1.8994505081590743e-05,0.20223127253905074,-0.02682903994766493,3.0,False,7.878300035372376,20,27.14635062803836,-0.02682903994766493,0.1,60,-37.67983626562099,24.552499771139196,0.00277709246957745,5.277732905632525e-06,-28.829921741696275,24.577088205723552,0.002776972863119217,2.9500000879622177,1,"[{""id"": 162, ""x"": -52.10490417480469, ""y"": 71.30078125, ""vx"": 0.024409757927060127, ""vy"": 8.073293685913086, ""r"": 2.5906050205230713}]"
960,48.0,-37.679073333740234,24.552501678466797,0.0022202131624407357,0.086260441124639,0.0,0.0,1.0,PlanStatus.FAIL,20,27.147113569846375,-0.026829251357073893,False,45.31689008588224,0.8577053717033752,2.5326490336629197,7.473206116225136,-0.026829251357073893,3.0,False,9.786200011149049,20,27.147113569846375,-0.026829251357073893,0.1,60,-37.67907332612833,24.55250167848794,0.0027770924699444368,0.086260441124639,-28.580867464588763,24.652628421864115,0.2560418699216515,2.951437674018747,1,"[{""id"": 162, ""x"": -52.10368347167969, ""y"": 71.70289611816406, ""vx"": 0.02425200678408146, ""vy"": 8.02111530303955, ""r"": 2.5906050205230713}]"
961,48.050000000000004,-37.67925262451172,24.552501678466797,0.002220619918685353,5.267455257807018e-06,0.0011867930879816413,0.5,0.0,PlanStatus.OK,20,27.14693427976626,-0.026828753450662938,True,45.70161339228829,2.0399316898453773e-05,1.8869442911465667e-05,0.20219379372614615,-0.026828753450662938,3.0,False,8.237099973484874,20,27.14693427976626,-0.026828753450662938,0.1,60,-37.67925261690923,24.55250167848791,0.002777092470289,5.267455257807018e-06,-28.829338161789398,24.57709011282498,0.0027769729595922225,2.9500000877909223,1,"[{""id"": 162, ""x"": -52.10246276855469, ""y"": 72.10549926757812, ""vx"": 0.024409672245383263, ""vy"": 8.073272705078125, ""r"": 2.5906050205230713}]"
962,48.1,-37.678489685058594,24.55250358581543,0.0022209866234838894,0.08625954713915099,0.0,0.0,1.0,PlanStatus.FAIL,20,27.147697221574276,-0.026828964860071886,False,46.08641979425201,0.8611276576863459,2.542790150066893,7.494587944582013,-0.026828964860071886,3.0,False,7.625899976119399,20,27.147697221574276,-0.026828964860071886,0.1,60,-37.67848967741657,24.552503585836654,0.0027770924703316435,0.08625954713915099,-28.580367588076346,24.652922228198445,0.2570559816581463,2.9514376591189833,1,"[{""id"": 162, ""x"": -52.10124206542969, ""y"": 72.50761413574219, ""vx"": 0.024251922965049744, ""vy"": 8.021093368530273, ""r"": 2.5906050205230713}]"
963,48.150000000000006,-37.678672790527344,24.552501678466797,0.0022213936398028326,5.263842389833239e-06,0.001185150002129376,0.5,0.0,PlanStatus.OK,20,27.147514111514724,-0.02683036370118347,True,46.47168996953997,2.0264998026588863e-05,1.8745197408924844e-05,0.2021575030250358,-0.02683036370118347,3.0,False,7.753599900752306,20,27.147514111514724,-0.02683036370118347,0.1,60,-37.678672782894395,24.552501678487996,0.002777092470071099,5.263842389833239e-06,-28.828758381396636,24.577090112626266,0.002776973065525035,2.9500000877307087,1,"[{""id"": 162, ""x"": -52.10002136230469, ""y"": 72.91020965576172, ""vx"": 0.024409644305706024, ""vy"": 8.073256492614746, ""r"": 2.5906050205230713}]"
964,48.2,-37.67790603637695,24.55250358581543,0.002221759824452718,0.08626050793887234,0.0,0.0,1.0,PlanStatus.FAIL,20,27.148280868005298,-0.026830585704345846,False,46.857033467982774,0.8645801712533435,2.5530270110691657,7.516173570929575,-0.026830585704345846,3.0,False,7.9830000177025795,20,27.148280868005298,-0.026830585704345846,0.1,60,-37.67790602870427,24.55250358583674,0.0027770924702807706,0.08626050793887234,-28.57986205964769,24.653217141170582,0.25807966786509945,2.9514376751323166,1,"[{""id"": 162, ""x"": -52.09880065917969, ""y"": 73.31232452392578, ""vx"": 0.024251921102404594, ""vy"": 8.021084785461426, ""r"": 2.5906050205230713}]"
965,48.25,-37.6780891418457,24.55250358581543,0.002222166580697336,5.2531989039183115e-06,0.0011835084296762943,0.5,0.0,PlanStatus.OK,20,27.148097763242625,-0.02683007720418146,True,47.24283042511691,2.0129796609460596e-05,1.8620135451541918e-05,0.202122346459272,-0.02683007720418146,3.0,False,8.733199909329414,20,27.148097763242625,-0.02683007720418146,0.1,60,-37.678089134182635,24.552503585836714,0.00277709247015414,5.2531989039183115e-06,-28.82817480257,24.57709201972481,0.002776973161991682,2.950000087553317,1,"[{""id"": 162, ""x"": -52.09757995605469, ""y"": 73.71492004394531, ""vx"": 0.024409618228673935, ""vy"": 8.073256492614746, ""r"": 2.5906050205230713}]"
966,48.300000000000004,-37.67732238769531,24.552507400512695,0.002222538226908051,0.08626169969228734,0.0,0.0,1.0,PlanStatus.FAIL,20,27.148864525030074,-0.02682839186606433,False,47.62868412402841,0.868039034690645,2.5632760820510274,7.537810653889563,-0.02682839186606433,3.0,False,8.856899803504348,20,27.148864525030074,-0.02682839186606433,0.1,60,-37.67732237999306,24.552507400534086,0.002777092470426531,0.08626169969228734,-28.579357831024154,24.653515714350256,0.2591045750507217,2.9514376949948735,1,"[{""id"": 162, ""x"": -52.09635925292969, ""y"": 74.11703491210938, ""vx"": 0.02425191178917885, ""vy"": 8.021092414855957, ""r"": 2.5906050205230713}]"
967,48.35,-37.67750549316406,24.552507400512695,0.002222944983152669,5.2525526020921836e-06,0.0011818554485216737,0.5,0.0,PlanStatus.OK,20,27.148681420267398,-0.02682788336589994,True,48.01500003514658,1.999458968488198e-05,1.8495068540009922e-05,0.20208827343445204,-0.02682788336589994,3.0,False,7.945399964228272,20,27.148681420267398,-0.02682788336589994,0.1,60,-37.677505485471436,24.55250740053406,0.0027770924699284335,5.2525526020921836e-06,-28.82759118948754,24.57709583426122,0.0027769732483141573,2.9500000875425463,1,"[{""id"": 162, ""x"": -52.09518814086914, ""y"": 74.5196304321289, ""vx"": 0.022574150934815407, ""vy"": 8.073271751403809, ""r"": 2.5906050205230713}]"
968,48.400000000000006,-37.67673873901367,24.552509307861328,0.0022233168894377087,0.08626067163676603,0.0,0.0,1.0,PlanStatus.FAIL,20,27.14944817675797,-0.02682810536906232,False,48.40137115818968,0.8714573692155894,2.5734111039328416,7.559200642862351,-0.02682810536906232,3.0,False,8.243900025263429,20,27.14944817675797,-0.02682810536906232,0.1,60,-37.676738731281304,24.552509307882804,0.0027770924701125393,0.08626067163676603,-28.578858294896097,24.65380932103134,0.26011807733491865,2.95143767786061,1,"[{""id"": 162, ""x"": -52.09406280517578, ""y"": 74.92174530029297, ""vx"": 0.021888649091124535, ""vy"": 8.021110534667969, ""r"": 2.5906050205230713}]"
969,48.45,-37.67692184448242,24.552509307861328,0.0022237236456823265,5.240813612533783e-06,0.001180201768875122,0.5,0.0,PlanStatus.OK,20,27.1492650719953,-0.02682759686889795,True,48.78817283555655,1.9859389383532268e-05,1.83700076028092e-05,0.202055235744077,-0.02682759686889795,3.0,False,7.604700047522783,20,27.1492650719953,-0.02682759686889795,0.1,60,-37.676921836759675,24.552509307882776,0.0027770924708731062,5.240813612533783e-06,-28.82700761388795,24.577097741350904,0.0027769733447859843,2.9500000873468966,1,"[{""id"": 162, ""x"": -52.09290313720703, ""y"": 75.3243408203125, ""vx"": 0.023257160559296608, ""vy"": 8.07327938079834, ""r"": 2.5906050205230713}]"
970,48.5,-37.67615509033203,24.55251121520996,0.0022240947717443913,0.08626166975451585,0.0,0.0,1.0,PlanStatus.FAIL,20,27.15003182848587,-0.026827818872060327,False,49.175000040646516,0.8749102942504116,2.583650660911954,7.5808207018275855,-0.026827818872060327,3.0,False,7.785799913108349,20,27.15003182848587,-0.026827818872060327,0.1,60,-37.67615508256955,24.55251121523152,0.0027770924704760835,0.08626166975451585,-28.578353614807547,24.654105947760726,0.26114203312988793,2.9514376944959064,1,"[{""id"": 162, ""x"": -52.09173583984375, ""y"": 75.72645568847656, ""vx"": 0.023150580003857613, ""vy"": 8.021113395690918, ""r"": 2.5906050205230713}]"
971,48.550000000000004,-37.67633819580078,24.55251121520996,0.0022245023082119843,5.23296363048929e-06,0.0011785480892285705,0.5,0.0,PlanStatus.OK,20,27.149848723723196,-0.026827310371895938,True,49.56226357053586,1.9724187282222285e-05,1.824494505593688e-05,0.20202319041193942,-0.026827310371895938,3.0,False,7.793699856847525,20,27.149848723723196,-0.026827310371895938,0.1,60,-37.676338188047914,24.552511215231494,0.002777092470444762,5.23296363048929e-06,-28.826424026815786,24.577099648472508,0.002776973441244982,2.950000087216063,1,"[{""id"": 162, ""x"": -52.090576171875, ""y"": 76.1290512084961, ""vx"": 0.023296188563108444, ""vy"": 8.073283195495605, ""r"": 2.5906050205230713}]"
972,48.6,-37.67557144165039,24.552515029907227,0.002224872133902423,0.0862593529225869,0.0,0.0,1.0,PlanStatus.FAIL,20,27.150615485510645,-0.02682562503378236,False,49.94955513120348,0.9399159771878668,3.262023208991932,7.5852399694734,-0.02682562503378236,4.0,False,8.42180009931326,20,27.150615485510645,-0.02682562503378236,0.1,60,-37.67557143385835,24.55251502992887,0.0027770924699618287,0.0862593529225869,-26.03939225261056,26.145503795486245,0.5313041961697129,3.9347709892153726,1,"[{""id"": 162, ""x"": -52.08945083618164, ""y"": 76.53117370605469, ""vx"": 0.021436922252178192, ""vy"": 8.021117210388184, ""r"": 2.5906050205230713}]"
973,48.650000000000006,-37.67575454711914,24.552515029907227,0.0022252786300727156,5.22753988401109e-06,0.0011768994154408574,0.5,0.0,PlanStatus.OK,20,27.150432380747972,-0.026825116533617972,True,50.33727468326578,1.958898209831178e-05,1.8119879691995064e-05,0.20199209331582543,-0.026825116533617972,3.0,False,7.655499968677759,20,27.150432380747972,-0.026825116533617972,0.1,60,-37.675754539336715,24.55251502992884,0.002777092469673803,5.22753988401109e-06,-28.825840427812103,24.577103462969955,0.002776973527534012,2.950000087125668,1,"[{""id"": 162, ""x"": -52.08837127685547, ""y"": 76.93376159667969, ""vx"": 0.020880334079265594, ""vy"": 8.073285102844238, ""r"": 2.5906050205230713}]"
974,48.7,-37.67498779296875,24.55251693725586,0.0022256424740536747,0.08626041829853558,0.0,0.0,1.0,PlanStatus.FAIL,20,27.151199137238542,-0.026825338536780353,False,50.725017453149334,0.9374085056431449,3.2531478183960605,7.564752182365169,-0.026825338536780353,4.0,False,11.487399926409125,20,27.151199137238542,-0.026825338536780353,0.1,60,-37.6749877851466,24.552516937277584,0.002777092470092873,0.08626041829853558,-26.03888744965382,26.145800796666613,0.5313042811962587,3.9347710069716393,1,"[{""id"": 162, ""x"": -52.08732604980469, ""y"": 77.33588409423828, ""vx"": 0.020222418010234833, ""vy"": 8.021113395690918, ""r"": 2.5906050205230713}]"
975,48.75,-37.6751708984375,24.55251693725586,0.002226049230298292,5.222085266204454e-06,0.0011752629652619362,0.5,0.0,PlanStatus.OK,20,27.15101603247587,-0.026824830036615982,True,51.11316294603234,1.9453779139812887e-05,1.7994816387239404e-05,0.20196190464906377,-0.026824830036615982,3.0,False,7.709499914199114,20,27.15101603247587,-0.026824830036615982,0.1,60,-37.67517089062497,24.55251693727756,0.002777092469865513,5.222085266204454e-06,-28.82525683366967,24.577105370111294,0.002776973623991581,2.9500000870347574,1,"[{""id"": 162, ""x"": -52.08625793457031, ""y"": 77.73847198486328, ""vx"": 0.021571306511759758, ""vy"": 8.07327651977539, ""r"": 2.5906050205230713}]"
976,48.800000000000004,-37.67440414428711,24.552518844604492,0.002226407872792747,0.08625968049993187,0.0,0.0,1.0,PlanStatus.FAIL,20,27.151782788966443,-0.026825052039778342,False,51.50130668491405,0.9349223508293627,3.2443500809424983,7.544444090277496,-0.026825052039778342,4.0,False,7.723199902102351,20,27.151782788966443,-0.026825052039778342,0.1,60,-37.674404136434845,24.552518844626302,0.0027770924698885847,0.08625968049993187,-26.038387223542163,26.146095108038644,0.5313043654056445,3.934770994675003,1,"[{""id"": 162, ""x"": -52.08517837524414, ""y"": 78.14059448242188, ""vx"": 0.021460702642798424, ""vy"": 8.02110481262207, ""r"": 2.5906050205230713}]"
977,48.85,-37.67458724975586,24.552518844604492,0.0022268130685914136,5.217289133605926e-06,0.0011736407177522779,0.5,0.0,PlanStatus.OK,20,27.15159968420377,-0.026824543539610418,True,51.88986201289306,1.9318575657928637e-05,1.7869752608210346e-05,0.20193258765886207,-0.026824543539610418,3.0,False,7.834200048819184,20,27.15159968420377,-0.026824543539610418,0.1,60,-37.674587241913216,24.552518844626274,0.002777092470334402,5.217289133605926e-06,-28.82467323758398,24.577107277258087,0.0027769737204387484,2.9500000869548164,1,"[{""id"": 162, ""x"": -52.08409881591797, ""y"": 78.5431900024414, ""vx"": 0.02158142440021038, ""vy"": 8.073274612426758, ""r"": 2.5906050205230713}]"
978,48.900000000000006,-37.67382049560547,24.552520751953125,0.002227171971160194,0.08625974007865289,0.0,0.0,1.0,PlanStatus.FAIL,20,27.15236644069434,-0.02682476554277635,False,52.27839348845776,0.9324253589465958,3.2355165415907483,7.524057651804971,-0.02682476554277635,4.0,False,8.537699934095144,20,27.15236644069434,-0.02682476554277635,0.1,60,-37.6738204877231,24.552520751975017,0.002777092470231632,0.08625974007865289,-26.03788497350232,26.146390608948533,0.5313044499723301,3.9347709956679733,1,"[{""id"": 162, ""x"": -52.08302688598633, ""y"": 78.94530487060547, ""vx"": 0.021414054557681084, ""vy"": 8.021106719970703, ""r"": 2.5906050205230713}]"
979,48.95,-37.67400360107422,24.552520751953125,0.002227576906884535,5.2135002407474525e-06,0.0011720185866579413,0.5,0.0,PlanStatus.OK,20,27.152183335931667,-0.026824257042608407,True,52.66733866166675,1.9183371445227064e-05,1.7744688167484028e-05,0.20190410633146197,-0.026824257042608407,3.0,False,9.680399904027581,20,27.152183335931667,-0.026824257042608407,0.1,60,-37.67400359320146,24.552520751974992,0.0027770924705049073,5.2135002407474525e-06,-28.824089638526313,24.577109184413185,0.002776973816894217,2.9500000868916736,1,"[{""id"": 162, ""x"": -52.08195114135742, ""y"": 79.347900390625, ""vx"": 0.021526584401726723, ""vy"": 8.07327651977539, ""r"": 2.5906050205230713}]"
980,49.0,-37.673240661621094,24.55252456665039,0.002227945952351998,0.08626180354922809,0.0,0.0,1.0,PlanStatus.FAIL,20,27.15294628303656,-0.0268225611107414,False,53.05624438867837,0.929920568460769,3.226653660097714,7.503617490566769,-0.0268225611107414,4.0,False,7.845500018447638,20,27.15294628303656,-0.0268225611107414,0.1,60,-37.67324065370938,24.552524566672364,0.00277709247017409,0.08626180354922809,-26.037381470820456,26.14668900845765,0.5313045025025979,3.934771030059151,1,"[{""id"": 162, ""x"": -52.08087921142578, ""y"": 79.75001525878906, ""vx"": 0.021367471665143967, ""vy"": 8.021109580993652, ""r"": 2.5906050205230713}]"
981,49.050000000000004,-37.67341995239258,24.552520751953125,0.0022283521884479654,5.207006517527699e-06,0.001170372124761343,0.5,0.0,PlanStatus.OK,20,27.15276698236269,-0.026825877886885924,True,53.44556735528737,1.9048169303726205e-05,1.761962560775307e-05,0.20187642633035313,-0.026825877886885924,3.0,False,7.679900154471397,20,27.15276698236269,-0.026825877886885924,0.1,60,-37.673419944489154,24.552520751975077,0.00277709246988546,5.207006517527699e-06,-28.823506052231405,24.577109184190267,0.002776973923548057,2.9500000867834424,1,"[{""id"": 162, ""x"": -52.079803466796875, ""y"": 80.1526107788086, ""vx"": 0.021491676568984985, ""vy"": 8.073281288146973, ""r"": 2.5906050205230713}]"
982,49.1,-37.67265701293945,24.55252456665039,0.0022287097906451194,0.0862596951524236,0.0,0.0,1.0,PlanStatus.FAIL,20,27.153529929467584,-0.026824181955015364,False,53.83483189765181,0.9274468506375372,3.2179113932647465,7.483433478216847,-0.026824181955015364,4.0,False,7.678500143811107,20,27.153529929467584,-0.026824181955015364,0.1,60,-37.67265700499706,24.55252456667245,0.0027770924702983494,0.0862596951524236,-26.036884175151727,26.146979447323584,0.5313046182602983,3.9347709949192105,1,"[{""id"": 162, ""x"": -52.07868957519531, ""y"": 80.55473327636719, ""vx"": 0.023032721132040024, ""vy"": 8.021108627319336, ""r"": 2.5906050205230713}]"
983,49.150000000000006,-37.67283630371094,24.55252456665039,0.002229114986443786,5.20484500366794e-06,0.0011687520891427994,0.5,0.0,PlanStatus.OK,20,27.153350639387465,-0.02682368404860441,True,54.22449453408796,1.8912963703311967e-05,1.7494559906398865e-05,0.20184951613701022,-0.02682368404860441,3.0,False,8.221799973398447,20,27.153350639387465,-0.02682368404860441,0.1,60,-37.67283629577797,24.552524566672425,0.0027770924699987254,5.20484500366794e-06,-28.822922443586727,24.57711299871473,0.0027769740097859127,2.950000086747419,1,"[{""id"": 162, ""x"": -52.07758331298828, ""y"": 80.95732116699219, ""vx"": 0.02201680652797222, ""vy"": 8.07327938079834, ""r"": 2.5906050205230713}]"
984,49.2,-37.67207336425781,24.552526473999023,0.0022294816912423222,0.0862616766869891,0.0,0.0,1.0,PlanStatus.FAIL,20,27.15411358119548,-0.026823895458013353,False,54.61411335757738,0.9249231680770834,3.2089910087835847,7.462856606740685,-0.026823895458013353,4.0,False,7.9783000983297825,20,27.15411358119548,-0.026823895458013353,0.1,60,-37.67207335628531,24.552526474021168,0.0027770924700065047,0.0862616766869891,-26.03637704673745,26.14727781546911,0.5313047036863746,3.9347710279447887,1,"[{""id"": 162, ""x"": -52.07648849487305, ""y"": 81.35944366455078, ""vx"": 0.021839655935764313, ""vy"": 8.021109580993652, ""r"": 2.5906050205230713}]"
985,49.25,-37.6722526550293,24.552526473999023,0.0022298884474869396,5.2047332974714334e-06,0.0011671094689518213,0.5,0.0,PlanStatus.OK,20,27.153934291115362,-0.026823397551602398,True,55.004114745884,1.8777758420308977e-05,1.736949452574299e-05,0.20182334424070864,-0.026823397551602398,3.0,False,8.587299846112728,20,27.153934291115362,-0.026823397551602398,0.1,60,-37.67225264706622,24.55252647402114,0.002777092471126089,5.2047332974714334e-06,-28.822338833679613,24.577114905900125,0.0027769741062439067,2.9500000867455567,1,"[{""id"": 162, ""x"": -52.07538986206055, ""y"": 81.76202392578125, ""vx"": 0.021977299824357033, ""vy"": 8.07327938079834, ""r"": 2.5906050205230713}]"
986,49.300000000000004,-37.67148971557617,24.552528381347656,0.0022302442291638174,0.0862596131753341,0.0,0.0,1.0,PlanStatus.FAIL,20,27.15469723292338,-0.02682360896101136,False,55.39406661354919,0.9224486574823695,3.200246257576822,7.442681015036618,-0.02682360896101136,4.0,False,7.626499980688095,20,27.15469723292338,-0.02682360896101136,0.1,60,-37.67148970757357,24.552528381369882,0.0027770924703465873,0.0862596131753341,-26.035880185531866,26.14757014951179,0.5313047872830662,3.9347709935529274,1,"[{""id"": 162, ""x"": -52.07429122924805, ""y"": 82.16414642333984, ""vx"": 0.021841848269104958, ""vy"": 8.021109580993652, ""r"": 2.5906050205230713}]"
987,49.35,-37.671669006347656,24.552528381347656,0.002230649424962484,5.202565089547423e-06,0.0011654933914542198,0.5,0.0,PlanStatus.OK,20,27.154517942843263,-0.026823111054600404,True,55.78440624618959,1.864255417688022e-05,1.7244430080241846e-05,0.20179788136459842,-0.026823111054600404,3.0,False,7.343700155615807,20,27.154517942843263,-0.026823111054600404,0.1,60,-37.67166899835448,24.552528381369857,0.002777092470173567,5.202565089547423e-06,-28.821755229837926,24.577116813068727,0.0027769742026739893,2.9500000867094225,1,"[{""id"": 162, ""x"": -52.07319259643555, ""y"": 82.56673431396484, ""vx"": 0.021992703899741173, ""vy"": 8.073278427124023, ""r"": 2.5906050205230713}]"
988,49.400000000000006,-37.67090606689453,24.55253028869629,0.0022310156096123695,0.08626170641557472,0.0,0.0,1.0,PlanStatus.FAIL,20,27.15528088465128,-0.02682332246400935,False,,0.9199216862633219,3.191319082576408,7.404290606987461,-0.02682332246400935,4.0,False,7.430700119584799,20,27.15528088465128,-0.02682332246400935,0.1,60,-37.67090605886182,24.5525302887186,0.002777092469984934,0.08626170641557472,-26.035372773566074,26.14786868441136,0.5313048727539204,3.934771028440263,0,[]
989,49.45,-37.671085357666016,24.55253028869629,0.002231422105782662,5.186492637357698e-06,0.0011638524010777473,0.5,0.0,PlanStatus.OK,20,27.15510159457116,-0.026822824557598393,True,,1.850735497451346e-05,1.711937012020652e-05,0.20000526419784012,-0.026822824557598393,3.0,False,10.428499896079302,20,27.15510159457116,-0.026822824557598393,0.1,60,-37.67108534964272,24.55253028871857,0.0027770924704723413,5.186492637357698e-06,-28.821171667009995,24.57711872012349,0.002776974299117425,2.9500000864415465,0,[]
990,49.5,-37.67032241821289,24.552534103393555,0.002231788550506873,0.08626164666413905,0.0,0.0,1.0,PlanStatus.FAIL,20,27.155864541676053,-0.026821128625731383,False,,0.9174220592882875,3.1824862296096543,7.384171516205393,-0.026821128625731383,4.0,False,7.902800105512142,20,27.155864541676053,-0.026821128625731383,0.1,60,-37.67032241015065,24.552534103415947,0.002777092469952513,0.08626164666413905,-26.034871374360506,26.148165835890058,0.5313049250422722,3.934771027444402,0,[]
991,49.550000000000004,-37.670501708984375,24.552534103393555,0.0022321947866028404,5.1832391005108555e-06,0.0011622115271165967,0.5,0.0,PlanStatus.OK,20,27.155685251595937,-0.026820630719316875,True,,1.8372148412397978e-05,1.6994303518279297e-05,0.20000523055549602,-0.026820630719316875,3.0,False,7.355700014159083,20,27.155685251595937,-0.026820630719316875,0.1,60,-37.67050170093155,24.55253410341592,0.0027770924712538815,5.1832391005108555e-06,-28.8205880615693,24.577122534639244,0.0027769743853121825,2.9500000863873175,0,[]
992,49.6,-37.66973876953125,24.552536010742188,0.0022325601910297504,0.08626160925748397,0.0,0.0,1.0,PlanStatus.FAIL,20,27.156448193403953,-0.026820842128725837,False,,0.9149196285663383,3.173650211097899,7.364029868168731,-0.026820842128725837,4.0,False,7.776800077408552,20,27.156448193403953,-0.026820842128725837,0.1,60,-37.66973876143891,24.552536010764662,0.002777092470487489,0.08626160925748397,-26.03436937034607,26.148461192557257,0.5313050095390218,3.934771026820962,0,[]
993,49.650000000000006,-37.669918060302734,24.552536010742188,0.002232965386828417,5.179601309088661e-06,0.0011605749605223536,0.5,0.0,PlanStatus.OK,20,27.156268903323834,-0.026820344222314885,True,,1.823694507534095e-05,1.6869239895379688e-05,0.20000519691000243,-0.026820344222314885,3.0,False,10.20720019005239,20,27.156268903323834,-0.026820344222314885,0.1,60,-37.66991805221981,24.552536010764637,0.002777092470273867,5.179601309088661e-06,-28.820004462057295,24.57712444179598,0.0027769744817411875,2.9500000863266864,0,[]
994,49.7,-37.66915512084961,24.55253791809082,0.002233324029322872,0.08626037272427049,0.0,0.0,1.0,PlanStatus.FAIL,20,27.15703184513185,-0.02682055563172383,False,,0.9124311635216146,3.1648656659891716,7.344000120134799,-0.02682055563172383,4.0,False,11.00539998151362,20,27.15703184513185,-0.02682055563172383,0.1,60,-37.66915511272716,24.55253791811338,0.0027770924701384916,0.08626037272427049,-26.033870409970184,26.148754760494842,0.531305093491595,3.9347710062120678,0,[]
995,49.75,-37.669334411621094,24.55253791809082,0.0022337294851958634,5.1787206381935595e-06,0.001158952247351408,0.5,0.0,PlanStatus.OK,20,27.156852555051735,-0.026820057725312874,True,,1.8101740238829396e-05,1.6744174920718495e-05,0.2000051632643554,-0.026820057725312874,3.0,False,8.045900147408247,20,27.156852555051735,-0.026820057725312874,0.1,60,-37.66933440350807,24.552537918113355,0.002777092470056876,5.1787206381935595e-06,-28.819420854411476,24.577126348975366,0.002776974578175089,2.950000086312012,0,[]
996,49.800000000000004,-37.66857147216797,24.552541732788086,0.002234087087393018,0.08626043220899356,0.0,0.0,1.0,PlanStatus.FAIL,20,27.157615502156627,-0.02681836179344586,False,,0.909927264913932,3.1560248062022858,7.32384669979221,-0.02681836179344586,4.0,False,8.19620001129806,20,27.157615502156627,-0.02681836179344586,0.1,60,-37.668571464016,24.552541732810727,0.0027770924700759258,0.08626043220899356,-26.033368707764712,26.149052090116662,0.531305145799938,3.934771007203486,0,[]
997,49.85,-37.66875076293945,24.552541732788086,0.002234493323488985,5.1882886541319056e-06,0.0011573299998417497,0.5,0.0,PlanStatus.OK,20,27.157436212076508,-0.026817863887034908,True,,1.796653057175442e-05,1.661910560780879e-05,0.2000051296219028,-0.026817863887034908,3.0,False,7.582599995657802,20,27.157436212076508,-0.026817863887034908,0.1,60,-37.6687507547969,24.552541732810703,0.002777092469754242,5.1882886541319056e-06,-28.818837211136227,24.57713016359632,0.0027769746643493275,2.950000086471476,0,[]
998,49.900000000000006,-37.66798782348633,24.55254364013672,0.0022348563872469683,0.0862617281661387,0.0,0.0,1.0,PlanStatus.FAIL,20,27.158199153884524,-0.02681807529644387,False,,0.9074055347281487,3.147127860007276,7.30355027635783,-0.02681807529644387,4.0,False,7.478500017896295,20,27.158199153884524,-0.02681807529644387,0.1,60,-37.66798781530426,24.552543640159442,0.002777092470280011,0.0862617281661387,-26.032863319270046,26.149349436019925,0.5313052308838121,3.9347710288027646,0,[]
999,49.95,-37.66816711425781,24.55254364013672,0.002235262883417261,5.194612310610882e-06,0.0011556957615539432,0.5,0.0,PlanStatus.OK,20,27.15801986380441,-0.026817577390032918,True,,1.7831323149588003e-05,1.6494038329703704e-05,0.20000509597612062,-0.026817577390032918,3.0,False,7.762599969282746,20,27.15801986380441,-0.026817577390032918,0.1,60,-37.668167106085164,24.552543640159417,0.002777092469700428,5.194612310610882e-06,-28.818253582234703,24.57713207083483,0.0027769747607666335,2.950000086576876,0,[]
