{
  "num_samples": 560,
  "cte_rmse_m": 0.06952991471162895,
  "cte_max_abs_m": 0.7213373174377846,
  "heading_rmse_rad": 0.03748232126165583,
  "heading_max_abs_rad": 0.3899681081423598,
  "speed_err_rmse_mps": 1.0373837178499725,
  "d_steer_rmse": 0.026651995033983626,
  "steer_saturation_count": 0,
  "throttle_saturation_count": 0,
  "brake_saturation_count": 0,
  "cte_mean_m": 0.004520579907538475
}