{
  "num_samples": 204,
  "cte_rmse_m": 0.17087471976995064,
  "cte_max_abs_m": 1.1162835284351995,
  "heading_rmse_rad": 0.09236738405966886,
  "heading_max_abs_rad": 0.6185895741317415,
  "speed_err_rmse_mps": 1.5355955492533393,
  "d_steer_rmse": 0.05928773941554206,
  "steer_saturation_count": 0,
  "throttle_saturation_count": 0,
  "brake_saturation_count": 0,
  "cte_mean_m": -0.0034685891016038107
}