{
  "reason": "collision",
  "steps": 1004,
  "sim_time_s": 50.2,
  "wall_time_s": 31.344085454940796,
  "metrics_summary": {
    "num_samples": 1005,
    "cte_rmse_m": 0.4088895450731644,
    "cte_max_abs_m": 7.172150243045674,
    "heading_rmse_rad": 0.31685658025621916,
    "heading_max_abs_rad": 1.5777097598266878,
    "speed_err_rmse_mps": 0.8887219795886889,
    "d_steer_rmse": 0.0604480872238183,
    "steer_saturation_count": 29,
    "throttle_saturation_count": 0,
    "brake_saturation_count": 0,
    "cte_mean_m": 0.043297200423858595
  }
}