step,t,ego_x,ego_y,ego_yaw,ego_speed,ctrl_steer,ctrl_throttle,ctrl_brake,plan_status,num_candidates,ego_s0,ego_l0,best_valid,best_min_clearance_m,best_max_curvature,best_max_yaw_rate,best_cost_total,best_l_target,best_v_target,best_collision,timing_plan_total_ms,debug_num_candidates,debug_ego_s0,debug_ego_l0,traj_dt,traj_len,traj0_x,traj0_y,traj0_yaw,traj0_v,trajN_x,trajN_y,trajN_yaw,trajN_v,num_obstacles,obstacles
0,0.0,-64.64484405517578,24.470991134643555,0.0027785056137527423,0.0,0.0,0.0,1.0,PlanStatus.FAIL,20,0.18122040547760565,-0.033413135077805856,False,53.039725113996504,0.32041665863978824,0.036047236486818485,0.6638185017928356,0.0,4.5,False,7.079300004988909,20,0.18122040547760565,-0.033413135077805856,0.1,60,-64.64484405517578,24.470991134643555,0.004347638933335153,0.0,-51.36998815531822,24.54128973433948,0.002779010405088803,4.425000000000005,1,"[{""id"": 106, ""x"": -110.19770050048828, ""y"": -9.84221076965332, ""vx"": -7.478408406313974e-06, ""vy"": 0.0017945670988410711, ""r"": 2.5906050205230713}]"
1,0.05,-64.64484405517578,24.470991134643555,0.0027785056137527423,0.0,0.0,0.0,1.0,PlanStatus.FAIL,20,0.18122040547760565,-0.033413135077805856,False,53.030508726932275,0.32041665863978824,0.036047236486818485,0.6638201400696109,0.0,4.5,False,7.865499937906861,20,0.18122040547760565,-0.033413135077805856,0.1,60,-64.64484405517578,24.470991134643555,0.004347638933335153,0.0,-51.36998815531822,24.54128973433948,0.002779010405088803,4.425000000000005,1,"[{""id"": 106, ""x"": -110.19779205322266, ""y"": -9.82676887512207, ""vx"": -0.0010714090894907713, ""vy"": 0.4512312710285187, ""r"": 2.5906050205230713}]"
2,0.1,-64.64484405517578,24.470991134643555,0.0027785056137527423,0.0,0.0,0.0,1.0,PlanStatus.FAIL,20,0.18122040547760565,-0.033413135077805856,False,53.010953983133255,0.32041665863978824,0.036047236486818485,0.66382361794758,0.0,4.5,False,8.400300052016973,20,0.18122040547760565,-0.033413135077805856,0.1,60,-64.64484405517578,24.470991134643555,0.004347638933335153,0.0,-51.36998815531822,24.54128973433948,0.002779010405088803,4.425000000000005,1,"[{""id"": 106, ""x"": -110.19793701171875, ""y"": -9.794055938720703, ""vx"": -0.001747381524182856, ""vy"": 0.7807813286781311, ""r"": 2.5906050205230713}]"
3,0.15000000000000002,-64.64484405517578,24.470991134643555,0.0027785056137527423,0.0,0.0,0.0,1.0,PlanStatus.FAIL,20,0.18122040547760565,-0.033413135077805856,False,52.98283104936527,0.32041665863978824,0.036047236486818485,0.6638286242082482,0.0,4.5,False,6.936000194400549,20,0.18122040547760565,-0.033413135077805856,0.1,60,-64.64484405517578,24.470991134643555,0.004347638933335153,0.0,-51.36998815531822,24.54128973433948,0.002779010405088803,4.425000000000005,1,"[{""id"": 106, ""x"": -110.19817352294922, ""y"": -9.746936798095703, ""vx"": -0.003364826552569866, ""vy"": 0.9525348544120789, ""r"": 2.5906050205230713}]"
4,0.2,-64.64484405517578,24.470991134643555,0.0027785056137527423,0.0,0.0,0.0,1.0,PlanStatus.FAIL,20,0.18122040547760565,-0.033413135077805856,False,52.95083136804706,0.32041665863978824,0.036047236486818485,0.6638343270499324,0.0,4.5,False,8.801399962976575,20,0.18122040547760565,-0.033413135077805856,0.1,60,-64.64484405517578,24.470991134643555,0.004347638933335153,0.0,-51.36998815531822,24.54128973433948,0.002779010405088803,4.425000000000005,1,"[{""id"": 106, ""x"": -110.19831085205078, ""y"": -9.69344711303711, ""vx"": -0.001999990548938513, ""vy"": 1.0668789148330688, ""r"": 2.5906050205230713}]"
5,0.25,-64.64484405517578,24.470991134643555,0.0027785056137527423,0.0,0.0,0.0,1.0,PlanStatus.FAIL,20,0.18122040547760565,-0.033413135077805856,False,52.912473293334564,0.32041665863978824,0.036047236486818485,0.6638411721460382,0.0,4.5,False,8.314999984577298,20,0.18122040547760565,-0.033413135077805856,0.1,60,-64.64484405517578,24.470991134643555,0.004347638933335153,0.0,-51.36998815531822,24.54128973433948,0.002779010405088803,4.425000000000005,1,"[{""id"": 106, ""x"": -110.19857025146484, ""y"": -9.629131317138672, ""vx"": -0.0017303867498412728, ""vy"": 1.321309208869934, ""r"": 2.5906050205230713}]"
6,0.30000000000000004,-64.64484405517578,24.470991134643555,0.0027785056137527423,0.0,0.0,0.0,1.0,PlanStatus.FAIL,20,0.18122040547760565,-0.033413135077805856,False,52.87513892978169,0.32041665863978824,0.036047236486818485,0.6638478440955549,0.0,4.5,False,7.44179985485971,20,0.18122040547760565,-0.033413135077805856,0.1,60,-64.64484405517578,24.470991134643555,0.004347638933335153,0.0,-51.36998815531822,24.54128973433948,0.002779010405088803,4.425000000000005,1,"[{""id"": 106, ""x"": -110.19882202148438, ""y"": -9.566457748413086, ""vx"": -0.0028967976104468107, ""vy"": 1.210249900817871, ""r"": 2.5906050205230713}]"
7,0.35000000000000003,-64.64484405517578,24.470991134643555,0.0027785056137527423,0.0,0.0,0.0,1.0,PlanStatus.FAIL,20,0.18122040547760565,-0.033413135077805856,False,52.83752090963273,0.32041665863978824,0.036047236486818485,0.6638545762729615,0.0,4.5,False,7.018399890512228,20,0.18122040547760565,-0.033413135077805856,0.1,60,-64.64484405517578,24.470991134643555,0.004347638933335153,0.0,-51.36998815531822,24.54128973433948,0.002779010405088803,4.425000000000005,1,"[{""id"": 106, ""x"": -110.19906616210938, ""y"": -9.50324535369873, ""vx"": -0.0015143738128244877, ""vy"": 1.3031444549560547, ""r"": 2.5906050205230713}]"
8,0.4,-64.64484405517578,24.470991134643555,0.0027785056137527423,0.0,0.0,0.0,1.0,PlanStatus.FAIL,20,0.18122040547760565,-0.033413135077805856,False,52.80076352438897,0.32041665863978824,0.036047236486818485,0.6638611636956999,0.0,4.5,False,7.310699904337525,20,0.18122040547760565,-0.033413135077805856,0.1,60,-64.64484405517578,24.470991134643555,0.004347638933335153,0.0,-51.36998815531822,24.54128973433948,0.002779010405088803,4.425000000000005,1,"[{""id"": 106, ""x"": -110.19932556152344, ""y"": -9.441377639770508, ""vx"": -0.003131918841972947, ""vy"": 1.2000149488449097, ""r"": 2.5906050205230713}]"
9,0.45,-64.64484405517578,24.470991134643555,0.0027785056137527423,0.0,0.0,0.0,1.0,PlanStatus.FAIL,20,0.18122040547760565,-0.033413135077805856,False,52.76092967768453,0.32041665863978824,0.036047236486818485,0.6638683128250278,0.0,4.5,False,7.550599984824657,20,0.18122040547760565,-0.033413135077805856,0.1,60,-64.64484405517578,24.470991134643555,0.004347638933335153,0.0,-51.36998815531822,24.54128973433948,0.002779010405088803,4.425000000000005,1,"[{""id"": 106, ""x"": -110.19963836669922, ""y"": -9.37420654296875, ""vx"": -0.002500721486285329, ""vy"": 1.4387255907058716, ""r"": 2.5906050205230713}]"
10,0.5,-64.64484405517578,24.470991134643555,0.0027785056137527423,0.0,0.0,0.0,1.0,PlanStatus.FAIL,20,0.18122040547760565,-0.033413135077805856,False,52.717144548131905,0.32041665863978824,0.036047236486818485,0.6638761835702802,0.0,4.5,False,7.649700157344341,20,0.18122040547760565,-0.033413135077805856,0.1,60,-64.64484405517578,24.470991134643555,0.004347638933335153,0.0,-51.36998815531822,24.54128973433948,0.002779010405088803,4.425000000000005,1,"[{""id"": 106, ""x"": -110.19989776611328, ""y"": -9.300386428833008, ""vx"": -0.0023883606772869825, ""vy"": 1.5245412588119507, ""r"": 2.5906050205230713}]"
11,0.55,-64.64484405517578,24.470991134643555,0.0027785056137527423,0.0,0.0,0.0,1.0,PlanStatus.FAIL,20,0.18122040547760565,-0.033413135077805856,False,52.6682967684089,0.32041665863978824,0.036047236486818485,0.6638849798128368,0.0,4.5,False,7.055799942463636,20,0.18122040547760565,-0.033413135077805856,0.1,60,-64.64484405517578,24.470991134643555,0.004347638933335153,0.0,-51.36998815531822,24.54128973433948,0.002779010405088803,4.425000000000005,1,"[{""id"": 106, ""x"": -110.20037841796875, ""y"": -9.21764850616455, ""vx"": -0.003971972968429327, ""vy"": 1.7463548183441162, ""r"": 2.5906050205230713}]"
12,0.6000000000000001,-64.64484405517578,24.470991134643555,0.0027785056137527423,0.0,0.0,0.0,1.0,PlanStatus.FAIL,20,0.18122040547760565,-0.033413135077805856,False,52.614462363771146,0.32041665863978824,0.036047236486818485,0.6638946929385103,0.0,4.5,False,7.478200132027268,20,0.18122040547760565,-0.033413135077805856,0.1,60,-64.64484405517578,24.470991134643555,0.004347638933335153,0.0,-51.36998815531822,24.54128973433948,0.002779010405088803,4.425000000000005,1,"[{""id"": 106, ""x"": -110.20101165771484, ""y"": -9.12617015838623, ""vx"": -0.009090874344110489, ""vy"": 1.999679684638977, ""r"": 2.5906050205230713}]"
13,0.65,-64.64484405517578,24.470991134643555,0.0027785056137527423,0.0,0.0,0.0,1.0,PlanStatus.FAIL,20,0.18122040547760565,-0.033413135077805856,False,52.554926790374566,0.32041665863978824,0.036047236486818485,0.663905457874578,0.0,4.5,False,7.555200019851327,20,0.18122040547760565,-0.033413135077805856,0.1,60,-64.64484405517578,24.470991134643555,0.004347638933335153,0.0,-51.36998815531822,24.54128973433948,0.002779010405088803,4.425000000000005,1,"[{""id"": 106, ""x"": -110.20114135742188, ""y"": -9.025589942932129, ""vx"": -0.007960725575685501, ""vy"": 2.1603119373321533, ""r"": 2.5906050205230713}]"
14,0.7000000000000001,-64.64484405517578,24.470991134643555,0.0027785056137527423,0.0,0.0,0.0,1.0,PlanStatus.FAIL,20,0.18122040547760565,-0.033413135077805856,False,52.48625067827833,0.32041665863978824,0.036047236486818485,0.6639179058918282,0.0,4.5,False,7.593799848109484,20,0.18122040547760565,-0.033413135077805856,0.1,60,-64.64484405517578,24.470991134643555,0.004347638933335153,0.0,-51.36998815531822,24.54128973433948,0.002779010405088803,4.425000000000005,1,"[{""id"": 106, ""x"": -110.20250701904297, ""y"": -8.907663345336914, ""vx"": -0.012191231362521648, ""vy"": 2.5039525032043457, ""r"": 2.5906050205230713}]"
15,0.75,-64.64484405517578,24.470991134643555,0.0027785056137527423,0.0,0.0,0.0,1.0,PlanStatus.FAIL,20,0.18122040547760565,-0.033413135077805856,False,52.40788779508508,0.32041665863978824,0.036047236486818485,0.6639321495532859,0.0,4.5,False,7.405999815091491,20,0.18122040547760565,-0.033413135077805856,0.1,60,-64.64484405517578,24.470991134643555,0.004347638933335153,0.0,-51.36998815531822,24.54128973433948,0.002779010405088803,4.425000000000005,1,"[{""id"": 106, ""x"": -110.20364379882812, ""y"": -8.773343086242676, ""vx"": -0.010151740163564682, ""vy"": 2.801975965499878, ""r"": 2.5906050205230713}]"
16,0.8,-64.64484405517578,24.470991134643555,0.0027785056137527423,0.0,0.0,0.0,1.0,PlanStatus.FAIL,20,0.18122040547760565,-0.033413135077805856,False,52.32449129484877,0.32041665863978824,0.036047236486818485,0.6639473550135977,0.0,4.5,False,7.272500079125166,20,0.18122040547760565,-0.033413135077805856,0.1,60,-64.64484405517578,24.470991134643555,0.004347638933335153,0.0,-51.36998815531822,24.54128973433948,0.002779010405088803,4.425000000000005,1,"[{""id"": 106, ""x"": -110.20414733886719, ""y"": -8.630971908569336, ""vx"": -0.007744796574115753, ""vy"": 2.8419384956359863, ""r"": 2.5906050205230713}]"
17,0.8500000000000001,-64.64484405517578,24.470991134643555,0.0027785056137527423,0.0,0.0,0.0,1.0,PlanStatus.FAIL,20,0.18122040547760565,-0.033413135077805856,False,52.23393984907062,0.32041665863978824,0.036047236486818485,0.6639639199960251,0.0,4.5,False,6.878500105813146,20,0.18122040547760565,-0.033413135077805856,0.1,60,-64.64484405517578,24.470991134643555,0.004347638933335153,0.0,-51.36998815531822,24.54128973433948,0.002779010405088803,4.425000000000005,1,"[{""id"": 106, ""x"": -110.20475006103516, ""y"": -8.475851058959961, ""vx"": -0.006888318341225386, ""vy"": 3.3187544345855713, ""r"": 2.5906050205230713}]"
18,0.9,-64.64484405517578,24.470991134643555,0.0027785056137527423,0.0,0.0,0.0,1.0,PlanStatus.FAIL,20,0.18122040547760565,-0.033413135077805856,False,52.13625862962334,0.32041665863978824,0.036047236486818485,0.6639818537738773,0.0,4.5,False,7.163099944591522,20,0.18122040547760565,-0.033413135077805856,0.1,60,-64.64484405517578,24.470991134643555,0.004347638933335153,0.0,-51.36998815531822,24.54128973433948,0.002779010405088803,4.425000000000005,1,"[{""id"": 106, ""x"": -110.20536041259766, ""y"": -8.308029174804688, ""vx"": -0.00839980784803629, ""vy"": 3.423292875289917, ""r"": 2.5906050205230713}]"
19,0.9500000000000001,-64.64484405517578,24.470991134643555,0.0027785056137527423,0.0,0.0,0.0,1.0,PlanStatus.FAIL,20,0.18122040547760565,-0.033413135077805856,False,52.03182323039041,0.32041665863978824,0.036047236486818485,0.6640011020638475,0.0,4.5,False,6.903799949213862,20,0.18122040547760565,-0.033413135077805856,0.1,60,-64.64484405517578,24.470991134643555,0.004347638933335153,0.0,-51.36998815531822,24.54128973433948,0.002779010405088803,4.425000000000005,1,"[{""id"": 106, ""x"": -110.20616149902344, ""y"": -8.127763748168945, ""vx"": -0.0072014653123915195, ""vy"": 3.73321533203125, ""r"": 2.5906050205230713}]"
20,1.0,-64.64484405517578,24.470991134643555,0.0027785056137527423,0.0,0.0,0.0,1.0,PlanStatus.FAIL,20,0.18122040547760565,-0.033413135077805856,False,51.92261415062172,0.32041665863978824,0.036047236486818485,0.6640213130007957,0.0,4.5,False,7.747400086373091,20,0.18122040547760565,-0.033413135077805856,0.1,60,-64.64484405517578,24.470991134643555,0.004347638933335153,0.0,-51.36998815531822,24.54128973433948,0.002779010405088803,4.425000000000005,1,"[{""id"": 106, ""x"": -110.2069091796875, ""y"": -7.9386725425720215, ""vx"": -0.00886569730937481, ""vy"": 3.8205678462982178, ""r"": 2.5906050205230713}]"
21,1.05,-64.64484405517578,24.470991134643555,0.0027785056137527423,0.0,0.0,0.0,1.0,PlanStatus.FAIL,20,0.18122040547760565,-0.033413135077805856,False,51.80663645962318,0.32041665863978824,0.036047236486818485,0.6640428698740819,0.0,4.5,False,8.682299870997667,20,0.18122040547760565,-0.033413135077805856,0.1,60,-64.64484405517578,24.470991134643555,0.004347638933335153,0.0,-51.36998815531822,24.54128973433948,0.002779010405088803,4.425000000000005,1,"[{""id"": 106, ""x"": -110.20759582519531, ""y"": -7.737203598022461, ""vx"": -0.011646206490695477, ""vy"": 4.174038887023926, ""r"": 2.5906050205230713}]"
22,1.1,-64.64484405517578,24.470991134643555,0.0027785056137527423,0.0,0.0,0.0,1.0,PlanStatus.FAIL,20,0.18122040547760565,-0.033413135077805856,False,51.68504041866025,0.32041665863978824,0.036047236486818485,0.6640655749206452,0.0,4.5,False,7.536099990829825,20,0.18122040547760565,-0.033413135077805856,0.1,60,-64.64484405517578,24.470991134643555,0.004347638933335153,0.0,-51.36998815531822,24.54128973433948,0.002779010405088803,4.425000000000005,1,"[{""id"": 106, ""x"": -110.20841217041016, ""y"": -7.524926662445068, ""vx"": -0.009093238972127438, ""vy"": 4.300861358642578, ""r"": 2.5906050205230713}]"
23,1.1500000000000001,-64.64484405517578,24.470991134643555,0.0027785056137527423,0.0,0.0,0.0,1.0,PlanStatus.FAIL,20,0.18122040547760565,-0.033413135077805856,False,51.555927133813036,0.32041665863978824,0.036047236486818485,0.6640898008611873,0.0,4.5,False,7.057300070300698,20,0.18122040547760565,-0.033413135077805856,0.1,60,-64.64484405517578,24.470991134643555,0.004347638933335153,0.0,-51.36998815531822,24.54128973433948,0.002779010405088803,4.425000000000005,1,"[{""id"": 106, ""x"": -110.20943450927734, ""y"": -7.29826021194458, ""vx"": -0.009579874575138092, ""vy"": 4.6828436851501465, ""r"": 2.5906050205230713}]"
24,1.2000000000000002,-64.64484405517578,24.470991134643555,0.0027785056137527423,0.0,0.0,0.0,1.0,PlanStatus.FAIL,20,0.18122040547760565,-0.033413135077805856,False,51.425560657155415,0.32041665863978824,0.036047236486818485,0.664114385363873,0.0,4.5,False,7.237300043925643,20,0.18122040547760565,-0.033413135077805856,0.1,60,-64.64484405517578,24.470991134643555,0.004347638933335153,0.0,-51.36998815531822,24.54128973433948,0.002779010405088803,4.425000000000005,1,"[{""id"": 106, ""x"": -110.21003723144531, ""y"": -7.068897724151611, ""vx"": -0.0059113651514053345, ""vy"": 4.55411958694458, ""r"": 2.5906050205230713}]"
25,1.25,-64.64484405517578,24.470991134643555,0.0027785056137527423,0.0,0.0,0.0,1.0,PlanStatus.FAIL,20,0.18122040547760565,-0.033413135077805856,False,51.29573291815532,0.32041665863978824,0.036047236486818485,0.664138992456952,0.0,4.5,False,9.082800010219216,20,0.18122040547760565,-0.033413135077805856,0.1,60,-64.64484405517578,24.470991134643555,0.004347638933335153,0.0,-51.36998815531822,24.54128973433948,0.002779010405088803,4.425000000000005,1,"[{""id"": 106, ""x"": -110.21095275878906, ""y"": -6.838893890380859, ""vx"": -0.028177831321954727, ""vy"": 4.634527683258057, ""r"": 2.5906050205230713}]"
26,1.3,-64.64484405517578,24.470991134643555,0.0027785056137527423,0.0,0.0,0.0,1.0,PlanStatus.FAIL,20,0.18122040547760565,-0.033413135077805856,False,51.159015064933165,0.32041665863978824,0.036047236486818485,0.664165040485859,0.0,4.5,False,7.100800052285194,20,0.18122040547760565,-0.033413135077805856,0.1,60,-64.64484405517578,24.470991134643555,0.004347638933335153,0.0,-51.36998815531822,24.54128973433948,0.002779010405088803,4.425000000000005,1,"[{""id"": 106, ""x"": -110.21212768554688, ""y"": -6.595119953155518, ""vx"": -0.034325119107961655, ""vy"": 5.245024681091309, ""r"": 2.5906050205230713}]"
27,1.35,-64.64484405517578,24.470991134643555,0.0027785056137527423,0.0,0.0,0.0,1.0,PlanStatus.FAIL,20,0.18122040547760565,-0.033413135077805856,False,51.00080196907471,0.32041665863978824,0.036047236486818485,0.6641953581856875,0.0,4.5,False,8.370400173589587,20,0.18122040547760565,-0.033413135077805856,0.1,60,-64.64484405517578,24.470991134643555,0.004347638933335153,0.0,-51.36998815531822,24.54128973433948,0.002779010405088803,4.425000000000005,1,"[{""id"": 106, ""x"": -110.21347045898438, ""y"": -6.311392307281494, ""vx"": -0.037897199392318726, ""vy"": 5.877861022949219, ""r"": 2.5906050205230713}]"
28,1.4000000000000001,-64.64484405517578,24.470991134643555,0.0027785056137527423,0.0,0.0,0.0,1.0,PlanStatus.FAIL,20,0.18122040547760565,-0.033413135077805856,False,50.83350907468791,0.32041665863978824,0.036047236486818485,0.6642276210814511,0.0,4.5,False,6.932299816980958,20,0.18122040547760565,-0.033413135077805856,0.1,60,-64.64484405517578,24.470991134643555,0.004347638933335153,0.0,-51.36998815531822,24.54128973433948,0.002779010405088803,4.425000000000005,1,"[{""id"": 106, ""x"": -110.21498107910156, ""y"": -6.009266376495361, ""vx"": -0.04117992892861366, ""vy"": 6.132151126861572, ""r"": 2.5906050205230713}]"
29,1.4500000000000002,-64.64484405517578,24.470991134643555,0.0027785056137527423,0.0,0.0,0.0,1.0,PlanStatus.FAIL,20,0.18122040547760565,-0.033413135077805856,False,50.66605963001963,0.32041665863978824,0.036047236486818485,0.6642601275192812,0.0,4.5,False,7.375700166448951,20,0.18122040547760565,-0.033413135077805856,0.1,60,-64.64484405517578,24.470991134643555,0.004347638933335153,0.0,-51.36998815531822,24.54128973433948,0.002779010405088803,4.425000000000005,1,"[{""id"": 106, ""x"": -110.21656799316406, ""y"": -5.704644203186035, ""vx"": -0.04015461727976799, ""vy"": 6.054333209991455, ""r"": 2.5906050205230713}]"
30,1.5,-64.64484405517578,24.470991134643555,0.0027785056137527423,0.0,0.0,0.0,1.0,PlanStatus.FAIL,20,0.18122040547760565,-0.033413135077805856,False,50.50081356781703,0.32041665863978824,0.036047236486818485,0.6642924175492105,0.0,4.5,False,7.794499862939119,20,0.18122040547760565,-0.033413135077805856,0.1,60,-64.64484405517578,24.470991134643555,0.004347638933335153,0.0,-51.36998815531822,24.54128973433948,0.002779010405088803,4.425000000000005,1,"[{""id"": 106, ""x"": -110.21822357177734, ""y"": -5.401768684387207, ""vx"": -0.041382282972335815, ""vy"": 6.059900283813477, ""r"": 2.5906050205230713}]"
31,1.55,-64.64484405517578,24.470991134643555,0.0027785056137527423,0.0,0.0,0.0,1.0,PlanStatus.FAIL,20,0.18122040547760565,-0.033413135077805856,False,50.339890023770586,0.32041665863978824,0.036047236486818485,0.6643240666757666,0.0,4.5,False,7.074699969962239,20,0.18122040547760565,-0.033413135077805856,0.1,60,-64.64484405517578,24.470991134643555,0.004347638933335153,0.0,-51.36998815531822,24.54128973433948,0.002779010405088803,4.425000000000005,1,"[{""id"": 106, ""x"": -110.21991729736328, ""y"": -5.1045966148376465, ""vx"": -0.03983873128890991, ""vy"": 5.865437984466553, ""r"": 2.5906050205230713}]"
32,1.6,-64.64484405517578,24.470991134643555,0.0027785056137527423,0.0,0.0,0.0,1.0,PlanStatus.FAIL,20,0.18122040547760565,-0.033413135077805856,False,50.18324559517416,0.32041665863978824,0.036047236486818485,0.6643550691723061,0.0,4.5,False,7.14590004645288,20,0.18122040547760565,-0.033413135077805856,0.1,60,-64.64484405517578,24.470991134643555,0.004347638933335153,0.0,-51.36998815531822,24.54128973433948,0.002779010405088803,4.425000000000005,1,"[{""id"": 106, ""x"": -110.22162628173828, ""y"": -4.813185691833496, ""vx"": -0.04039269685745239, ""vy"": 5.8047709465026855, ""r"": 2.5906050205230713}]"
33,1.6500000000000001,-64.64484405517578,24.470991134643555,0.0027785056137527423,0.0,0.0,0.0,1.0,PlanStatus.FAIL,20,0.18122040547760565,-0.033413135077805856,False,50.03702063469443,0.32041665863978824,0.036047236486818485,0.6643841846550473,0.0,4.5,False,7.469400065019727,20,0.18122040547760565,-0.033413135077805856,0.1,60,-64.64484405517578,24.470991134643555,0.004347638933335153,0.0,-51.36998815531822,24.54128973433948,0.002779010405088803,4.425000000000005,1,"[{""id"": 106, ""x"": -110.22332000732422, ""y"": -4.539125442504883, ""vx"": -0.035231813788414, ""vy"": 5.058177471160889, ""r"": 2.5906050205230713}]"
34,1.7000000000000002,-64.64484405517578,24.470991134643555,0.0027785056137527423,0.0,0.0,0.0,1.0,PlanStatus.FAIL,20,0.18122040547760565,-0.033413135077805856,False,49.922747566862355,0.32041665863978824,0.036047236486818485,0.6644070567839904,0.0,4.5,False,7.727300049737096,20,0.18122040547760565,-0.033413135077805856,0.1,60,-64.64484405517578,24.470991134643555,0.004347638933335153,0.0,-51.36998815531822,24.54128973433948,0.002779010405088803,4.425000000000005,1,"[{""id"": 106, ""x"": -110.22469329833984, ""y"": -4.323573112487793, ""vx"": -0.027362124994397163, ""vy"": 3.857832193374634, ""r"": 2.5906050205230713}]"
35,1.75,-64.64484405517578,24.470991134643555,0.0027785056137527423,0.0,0.0,0.0,1.0,PlanStatus.FAIL,20,0.18122040547760565,-0.033413135077805856,False,49.84023588607142,0.32041665863978824,0.036047236486818485,0.6644236369722313,0.0,4.5,False,7.933199871331453,20,0.18122040547760565,-0.033413135077805856,0.1,60,-64.64484405517578,24.470991134643555,0.004347638933335153,0.0,-51.36998815531822,24.54128973433948,0.002779010405088803,4.425000000000005,1,"[{""id"": 106, ""x"": -110.22572326660156, ""y"": -4.167145729064941, ""vx"": -0.018887972459197044, ""vy"": 2.685091495513916, ""r"": 2.5906050205230713}]"
36,1.8,-64.64484405517578,24.470991134643555,0.0027785056137527423,0.0,0.0,0.0,1.0,PlanStatus.FAIL,20,0.18122040547760565,-0.033413135077805856,False,49.77920151855619,0.32041665863978824,0.036047236486818485,0.6644359367991359,0.0,4.5,False,7.898800075054169,20,0.18122040547760565,-0.033413135077805856,0.1,60,-64.64484405517578,24.470991134643555,0.004347638933335153,0.0,-51.36998815531822,24.54128973433948,0.002779010405088803,4.425000000000005,1,"[{""id"": 106, ""x"": -110.22647094726562, ""y"": -4.051059722900391, ""vx"": -0.017290331423282623, ""vy"": 2.3987085819244385, ""r"": 2.5906050205230713}]"
37,1.85,-64.64484405517578,24.470991134643555,0.0027785056137527423,0.0,0.0,0.0,1.0,PlanStatus.FAIL,20,0.18122040547760565,-0.033413135077805856,False,49.712633276694774,0.32041665863978824,0.036047236486818485,0.6644493862618899,0.0,4.5,False,8.454600116237998,20,0.18122040547760565,-0.033413135077805856,0.1,60,-64.64484405517578,24.470991134643555,0.004347638933335153,0.0,-51.36998815531822,24.54128973433948,0.002779010405088803,4.425000000000005,1,"[{""id"": 106, ""x"": -110.22734069824219, ""y"": -3.9239697456359863, ""vx"": -0.01844257488846779, ""vy"": 2.582857370376587, ""r"": 2.5906050205230713}]"
38,1.9000000000000001,-64.64484405517578,24.470991134643555,0.0027785056137527423,0.0,0.0,0.0,1.0,PlanStatus.FAIL,20,0.18122040547760565,-0.033413135077805856,False,49.64259144533836,0.32041665863978824,0.036047236486818485,0.664463576471154,0.0,4.5,False,7.8962999396026134,20,0.18122040547760565,-0.033413135077805856,0.1,60,-64.64484405517578,24.470991134643555,0.004347638933335153,0.0,-51.36998815531822,24.54128973433948,0.002779010405088803,4.425000000000005,1,"[{""id"": 106, ""x"": -110.22825622558594, ""y"": -3.789799690246582, ""vx"": -0.020178910344839096, ""vy"": 2.7663991451263428, ""r"": 2.5906050205230713}]"
39,1.9500000000000002,-64.64484405517578,24.470991134643555,0.0027785056137527423,0.0,0.0,0.0,1.0,PlanStatus.FAIL,20,0.18122040547760565,-0.033413135077805856,False,49.57054509832842,0.32041665863978824,0.036047236486818485,0.6644782146254762,0.0,4.5,False,7.4026999063789845,20,0.18122040547760565,-0.033413135077805856,0.1,60,-64.64484405517578,24.470991134643555,0.004347638933335153,0.0,-51.36998815531822,24.54128973433948,0.002779010405088803,4.425000000000005,1,"[{""id"": 106, ""x"": -110.22923278808594, ""y"": -3.651247501373291, ""vx"": -0.020332876592874527, ""vy"": 2.8182661533355713, ""r"": 2.5906050205230713}]"
40,2.0,-64.64484405517578,24.470991134643555,0.0027785056137527423,0.0,0.0,0.0,1.0,PlanStatus.FAIL,20,0.18122040547760565,-0.033413135077805856,False,49.49188340931196,0.32041665863978824,0.036047236486818485,0.664494245531191,0.0,4.5,False,8.565099909901619,20,0.18122040547760565,-0.033413135077805856,0.1,60,-64.64484405517578,24.470991134643555,0.004347638933335153,0.0,-51.36998815531822,24.54128973433948,0.002779010405088803,4.425000000000005,1,"[{""id"": 106, ""x"": -110.23029327392578, ""y"": -3.49941086769104, ""vx"": -0.023546185344457626, ""vy"": 3.2199783325195312, ""r"": 2.5906050205230713}]"
41,2.0500000000000003,-64.64484405517578,24.470991134643555,0.0027785056137527423,0.0,0.0,0.0,1.0,PlanStatus.FAIL,20,0.18122040547760565,-0.033413135077805856,False,49.40826588869349,0.32041665863978824,0.036047236486818485,0.6645113423824285,0.0,4.5,False,7.22740008495748,20,0.18122040547760565,-0.033413135077805856,0.1,60,-64.64484405517578,24.470991134643555,0.004347638933335153,0.0,-51.36998815531822,24.54128973433948,0.002779010405088803,4.425000000000005,1,"[{""id"": 106, ""x"": -110.2314224243164, ""y"": -3.3373401165008545, ""vx"": -0.023725267499685287, ""vy"": 3.247492790222168, ""r"": 2.5906050205230713}]"
42,2.1,-64.64484405517578,24.470991134643555,0.0027785056137527423,0.0,0.0,0.0,1.0,PlanStatus.FAIL,20,0.18122040547760565,-0.033413135077805856,False,49.31934423788513,0.32041665863978824,0.036047236486818485,0.6645295873468399,0.0,4.5,False,7.291800109669566,20,0.18122040547760565,-0.033413135077805856,0.1,60,-64.64484405517578,24.470991134643555,0.004347638933335153,0.0,-51.36998815531822,24.54128973433948,0.002779010405088803,4.425000000000005,1,"[{""id"": 106, ""x"": -110.2326431274414, ""y"": -3.1641905307769775, ""vx"": -0.02612878754734993, ""vy"": 3.5270395278930664, ""r"": 2.5906050205230713}]"
43,2.15,-64.64484405517578,24.470991134643555,0.0027785056137527423,0.0,0.0,0.0,1.0,PlanStatus.FAIL,20,0.18122040547760565,-0.033413135077805856,False,49.228002521376034,0.32041665863978824,0.036047236486818485,0.6645483974872626,0.0,4.5,False,8.443099912256002,20,0.18122040547760565,-0.033413135077805856,0.1,60,-64.64484405517578,24.470991134643555,0.004347638933335153,0.0,-51.36998815531822,24.54128973433948,0.002779010405088803,4.425000000000005,1,"[{""id"": 106, ""x"": -110.23392486572266, ""y"": -2.985445261001587, ""vx"": -0.026382803916931152, ""vy"": 3.585369825363159, ""r"": 2.5906050205230713}]"
44,2.2,-64.64484405517578,24.470991134643555,0.0027785056137527423,0.0,0.0,0.0,1.0,PlanStatus.FAIL,20,0.18122040547760565,-0.033413135077805856,False,49.13250295110781,0.32041665863978824,0.036047236486818485,0.6645681386467619,0.0,4.5,False,7.002800004556775,20,0.18122040547760565,-0.033413135077805856,0.1,60,-64.64484405517578,24.470991134643555,0.004347638933335153,0.0,-51.36998815531822,24.54128973433948,0.002779010405088803,4.425000000000005,1,"[{""id"": 106, ""x"": -110.23524475097656, ""y"": -2.7976715564727783, ""vx"": -0.02853098139166832, ""vy"": 3.905736207962036, ""r"": 2.5906050205230713}]"
45,2.25,-64.64484405517578,24.470991134643555,0.0027785056137527423,0.0,0.0,0.0,1.0,PlanStatus.FAIL,20,0.18122040547760565,-0.033413135077805856,False,49.03288391422069,0.32041665863978824,0.036047236486818485,0.6645888133041054,0.0,4.5,False,7.207999937236309,20,0.18122040547760565,-0.033413135077805856,0.1,60,-64.64484405517578,24.470991134643555,0.004347638933335153,0.0,-51.36998815531822,24.54128973433948,0.002779010405088803,4.425000000000005,1,"[{""id"": 106, ""x"": -110.23667907714844, ""y"": -2.6006722450256348, ""vx"": -0.02935878187417984, ""vy"": 3.996422052383423, ""r"": 2.5906050205230713}]"
46,2.3000000000000003,-64.64484405517578,24.470991134643555,0.0027785056137527423,0.0,0.0,0.0,1.0,PlanStatus.FAIL,20,0.18122040547760565,-0.033413135077805856,False,48.92844211861487,0.32041665863978824,0.036047236486818485,0.6646105792615384,0.0,4.5,False,7.676899898797274,20,0.18122040547760565,-0.033413135077805856,0.1,60,-64.64484405517578,24.470991134643555,0.004347638933335153,0.0,-51.36998815531822,24.54128973433948,0.002779010405088803,4.425000000000005,1,"[{""id"": 106, ""x"": -110.23828125, ""y"": -2.3928141593933105, ""vx"": -0.031188569962978363, ""vy"": 4.279857158660889, ""r"": 2.5906050205230713}]"
47,2.35,-64.64484405517578,24.470991134643555,0.0027785056137527423,0.0,0.0,0.0,1.0,PlanStatus.FAIL,20,0.18122040547760565,-0.033413135077805856,False,48.81947498616398,0.32041665863978824,0.036047236486818485,0.6646333875796794,0.0,4.5,False,8.48970003426075,20,0.18122040547760565,-0.033413135077805856,0.1,60,-64.64484405517578,24.470991134643555,0.004347638933335153,0.0,-51.36998815531822,24.54128973433948,0.002779010405088803,4.425000000000005,1,"[{""id"": 106, ""x"": -110.23985290527344, ""y"": -2.1748287677764893, ""vx"": -0.032918814569711685, ""vy"": 4.446857452392578, ""r"": 2.5906050205230713}]"
48,2.4000000000000004,-64.64484405517578,24.470991134643555,0.0027785056137527423,0.0,0.0,0.0,1.0,PlanStatus.FAIL,20,0.18122040547760565,-0.033413135077805856,False,48.70679786383263,0.32041665863978824,0.036047236486818485,0.6646570797723516,0.0,4.5,False,7.39030004478991,20,0.18122040547760565,-0.033413135077805856,0.1,60,-64.64484405517578,24.470991134643555,0.004347638933335153,0.0,-51.36998815531822,24.54128973433948,0.002779010405088803,4.425000000000005,1,"[{""id"": 106, ""x"": -110.24132537841797, ""y"": -1.9482662677764893, ""vx"": -0.03435400873422623, ""vy"": 4.588066101074219, ""r"": 2.5906050205230713}]"
49,2.45,-64.64484405517578,24.470991134643555,0.0027785056137527423,0.0,0.0,0.0,1.0,PlanStatus.FAIL,20,0.18122040547760565,-0.033413135077805856,False,48.59524770265486,0.32041665863978824,0.036047236486818485,0.6646806432276218,0.0,4.5,False,9.56280017271638,20,0.18122040547760565,-0.033413135077805856,0.1,60,-64.64484405517578,24.470991134643555,0.004347638933335153,0.0,-51.36998815531822,24.54128973433948,0.002779010405088803,4.425000000000005,1,"[{""id"": 106, ""x"": -110.2428970336914, ""y"": -1.7223185300827026, ""vx"": -0.03273354098200798, ""vy"": 4.464243412017822, ""r"": 2.5906050205230713}]"
50,2.5,-64.64484405517578,24.470991134643555,0.0027785056137527423,0.0,0.0,0.0,1.0,PlanStatus.FAIL,20,0.18122040547760565,-0.033413135077805856,False,48.5029904743561,0.32041665863978824,0.036047236486818485,0.6647002131994383,0.0,4.5,False,7.197599858045578,20,0.18122040547760565,-0.033413135077805856,0.1,60,-64.64484405517578,24.470991134643555,0.004347638933335153,0.0,-51.36998815531822,24.54128973433948,0.002779010405088803,4.425000000000005,1,"[{""id"": 106, ""x"": -110.24421691894531, ""y"": -1.534292221069336, ""vx"": -0.02430497668683529, ""vy"": 3.29256010055542, ""r"": 2.5906050205230713}]"
51,2.5500000000000003,-64.64484405517578,24.470991134643555,0.0027785056137527423,0.0,0.0,0.0,1.0,PlanStatus.FAIL,20,0.18122040547760565,-0.033413135077805856,False,48.43963536236239,0.32041665863978824,0.036047236486818485,0.6647136955112333,0.0,4.5,False,7.357500027865171,20,0.18122040547760565,-0.033413135077805856,0.1,60,-64.64484405517578,24.470991134643555,0.004347638933335153,0.0,-51.36998815531822,24.54128973433948,0.002779010405088803,4.425000000000005,1,"[{""id"": 106, ""x"": -110.24517059326172, ""y"": -1.4044861793518066, ""vx"": -0.015083963982760906, ""vy"": 2.0531136989593506, ""r"": 2.5906050205230713}]"
52,2.6,-64.64484405517578,24.470991134643555,0.0027785056137527423,0.0,0.0,0.0,1.0,PlanStatus.FAIL,20,0.18122040547760565,-0.033413135077805856,False,48.382630678397376,0.32041665863978824,0.036047236486818485,0.6647258565944785,0.0,4.5,False,7.264099782332778,20,0.18122040547760565,-0.033413135077805856,0.1,60,-64.64484405517578,24.470991134643555,0.004347638933335153,0.0,-51.36998815531822,24.54128973433948,0.002779010405088803,4.425000000000005,1,"[{""id"": 106, ""x"": -110.24602508544922, ""y"": -1.2872717380523682, ""vx"": -0.018136318773031235, ""vy"": 2.4751687049865723, ""r"": 2.5906050205230713}]"
53,2.6500000000000004,-64.64484405517578,24.470991134643555,0.0027785056137527423,0.0,0.0,0.0,1.0,PlanStatus.FAIL,20,0.18122040547760565,-0.033413135077805856,False,48.321038800223455,0.32041665863978824,0.036047236486818485,0.6647390285345999,0.0,4.5,False,7.712299935519695,20,0.18122040547760565,-0.033413135077805856,0.1,60,-64.64484405517578,24.470991134643555,0.004347638933335153,0.0,-51.36998815531822,24.54128973433948,0.002779010405088803,4.425000000000005,1,"[{""id"": 106, ""x"": -110.24696350097656, ""y"": -1.1601380109786987, ""vx"": -0.01874614879488945, ""vy"": 2.5535848140716553, ""r"": 2.5906050205230713}]"
54,2.7,-64.64484405517578,24.470991134643555,0.0027785056137527423,0.0,0.0,0.0,1.0,PlanStatus.FAIL,20,0.18122040547760565,-0.033413135077805856,False,48.257414746779006,0.32041665863978824,0.036047236486818485,0.6647526703772938,0.0,4.5,False,7.576700067147613,20,0.18122040547760565,-0.033413135077805856,0.1,60,-64.64484405517578,24.470991134643555,0.004347638933335153,0.0,-51.36998815531822,24.54128973433948,0.002779010405088803,4.425000000000005,1,"[{""id"": 106, ""x"": -110.24791717529297, ""y"": -1.0283282995224, ""vx"": -0.019932156428694725, ""vy"": 2.711602210998535, ""r"": 2.5906050205230713}]"
55,2.75,-64.64484405517578,24.470991134643555,0.0027785056137527423,0.0,0.0,0.0,1.0,PlanStatus.FAIL,20,0.18122040547760565,-0.033413135077805856,False,48.19241859432123,0.32041665863978824,0.036047236486818485,0.6647666436092193,0.0,4.5,False,7.141000125557184,20,0.18122040547760565,-0.033413135077805856,0.1,60,-64.64484405517578,24.470991134643555,0.004347638933335153,0.0,-51.36998815531822,24.54128973433948,0.002779010405088803,4.425000000000005,1,"[{""id"": 106, ""x"": -110.2490234375, ""y"": -0.8928961157798767, ""vx"": -0.023930003866553307, ""vy"": 2.685466766357422, ""r"": 2.5906050205230713}]"
56,2.8000000000000003,-64.64484405517578,24.470991134643555,0.0027785056137527423,0.0,0.0,0.0,1.0,PlanStatus.FAIL,20,0.18122040547760565,-0.033413135077805856,False,48.12133857643698,0.32041665863978824,0.036047236486818485,0.6647819679949241,0.0,4.5,False,7.052400149405003,20,0.18122040547760565,-0.033413135077805856,0.1,60,-64.64484405517578,24.470991134643555,0.004347638933335153,0.0,-51.36998815531822,24.54128973433948,0.002779010405088803,4.425000000000005,1,"[{""id"": 106, ""x"": -110.25032043457031, ""y"": -0.7439883351325989, ""vx"": -0.029200412333011627, ""vy"": 3.1369731426239014, ""r"": 2.5906050205230713}]"
57,2.85,-64.64484405517578,24.470991134643555,0.0027785056137527423,0.0,0.0,0.0,1.0,PlanStatus.FAIL,20,0.18122040547760565,-0.033413135077805856,False,48.04584179595338,0.32041665863978824,0.036047236486818485,0.664798294260837,0.0,4.5,False,7.117500063031912,20,0.18122040547760565,-0.033413135077805856,0.1,60,-64.64484405517578,24.470991134643555,0.004347638933335153,0.0,-51.36998815531822,24.54128973433948,0.002779010405088803,4.425000000000005,1,"[{""id"": 106, ""x"": -110.251708984375, ""y"": -0.585059404373169, ""vx"": -0.029494469985365868, ""vy"": 3.1853418350219727, ""r"": 2.5906050205230713}]"
58,2.9000000000000004,-64.64484405517578,24.470991134643555,0.0027785056137527423,0.0,0.0,0.0,1.0,PlanStatus.FAIL,20,0.18122040547760565,-0.033413135077805856,False,47.96652017015576,0.32041665863978824,0.036047236486818485,0.6648155030176965,0.0,4.5,False,7.117699831724167,20,0.18122040547760565,-0.033413135077805856,0.1,60,-64.64484405517578,24.470991134643555,0.004347638933335153,0.0,-51.36998815531822,24.54128973433948,0.002779010405088803,4.425000000000005,1,"[{""id"": 106, ""x"": -110.25320434570312, ""y"": -0.41716527938842773, ""vx"": -0.03337930887937546, ""vy"": 3.4547739028930664, ""r"": 2.5906050205230713}]"
59,2.95,-64.64484405517578,24.470991134643555,0.0027785056137527423,0.0,0.0,0.0,1.0,PlanStatus.FAIL,20,0.18122040547760565,-0.033413135077805856,False,47.884425865478555,0.32041665863978824,0.036047236486818485,0.6648333733411028,0.0,4.5,False,8.270999882370234,20,0.18122040547760565,-0.033413135077805856,0.1,60,-64.64484405517578,24.470991134643555,0.004347638933335153,0.0,-51.36998815531822,24.54128973433948,0.002779010405088803,4.425000000000005,1,"[{""id"": 106, ""x"": -110.25491333007812, ""y"": -0.24217155575752258, ""vx"": -0.03342469409108162, ""vy"": 3.5130693912506104, ""r"": 2.5906050205230713}]"
60,3.0,-64.64484405517578,24.470991134643555,0.0027785056137527423,0.0,0.0,0.0,1.0,PlanStatus.FAIL,20,0.18122040547760565,-0.033413135077805856,False,47.79785475759783,0.32041665863978824,0.036047236486818485,0.6648522846737717,0.0,4.5,False,7.065600017085671,20,0.18122040547760565,-0.033413135077805856,0.1,60,-64.64484405517578,24.470991134643555,0.004347638933335153,0.0,-51.36998815531822,24.54128973433948,0.002779010405088803,4.425000000000005,1,"[{""id"": 106, ""x"": -110.25667572021484, ""y"": -0.05665405094623566, ""vx"": -0.036616839468479156, ""vy"": 3.818976879119873, ""r"": 2.5906050205230713}]"
61,3.0500000000000003,-64.64484405517578,24.470991134643555,0.0027785056137527423,0.0,0.0,0.0,1.0,PlanStatus.FAIL,20,0.18122040547760565,-0.033413135077805856,False,47.70722717371363,0.32041665863978824,0.036047236486818485,0.6648721556697968,0.0,4.5,False,7.300799945369363,20,0.18122040547760565,-0.033413135077805856,0.1,60,-64.64484405517578,24.470991134643555,0.004347638933335153,0.0,-51.36998815531822,24.54128973433948,0.002779010405088803,4.425000000000005,1,"[{""id"": 106, ""x"": -110.25856018066406, ""y"": 0.13881583511829376, ""vx"": -0.03688603639602661, ""vy"": 3.931230306625366, ""r"": 2.5906050205230713}]"
62,3.1,-64.64484405517578,24.470991134643555,0.0027785056137527423,0.0,0.0,0.0,1.0,PlanStatus.FAIL,20,0.18122040547760565,-0.033413135077805856,False,47.61099941440344,0.32041665863978824,0.036047236486818485,0.6648933373632935,0.0,4.5,False,7.423799950629473,20,0.18122040547760565,-0.033413135077805856,0.1,60,-64.64484405517578,24.470991134643555,0.004347638933335153,0.0,-51.36998815531822,24.54128973433948,0.002779010405088803,4.425000000000005,1,"[{""id"": 106, ""x"": -110.2604751586914, ""y"": 0.34756311774253845, ""vx"": -0.04075397923588753, ""vy"": 4.3322272300720215, ""r"": 2.5906050205230713}]"
63,3.1500000000000004,-64.64484405517578,24.470991134643555,0.0027785056137527423,0.0,0.0,0.0,1.0,PlanStatus.FAIL,20,0.18122040547760565,-0.033413135077805856,False,47.51043291976606,0.32041665863978824,0.036047236486818485,0.6649155657922262,0.0,4.5,False,8.456600131466985,20,0.18122040547760565,-0.033413135077805856,0.1,60,-64.64484405517578,24.470991134643555,0.004347638933335153,0.0,-51.36998815531822,24.54128973433948,0.002779010405088803,4.425000000000005,1,"[{""id"": 106, ""x"": -110.26243591308594, ""y"": 0.567179262638092, ""vx"": -0.04155737906694412, ""vy"": 4.478508949279785, ""r"": 2.5906050205230713}]"
64,3.2,-64.64484405517578,24.470991134643555,0.0027785056137527423,0.0,0.0,0.0,1.0,PlanStatus.FAIL,20,0.18122040547760565,-0.033413135077805856,False,47.404893672722295,0.32041665863978824,0.036047236486818485,0.664938994780174,0.0,4.5,False,7.4032999109476805,20,0.18122040547760565,-0.033413135077805856,0.1,60,-64.64484405517578,24.470991134643555,0.004347638933335153,0.0,-51.36998815531822,24.54128973433948,0.002779010405088803,4.425000000000005,1,"[{""id"": 106, ""x"": -110.26448059082031, ""y"": 0.799361526966095, ""vx"": -0.04431859031319618, ""vy"": 4.7592315673828125, ""r"": 2.5906050205230713}]"
65,3.25,-64.64484405517578,24.470991134643555,0.0027785056137527423,0.0,0.0,0.0,1.0,PlanStatus.FAIL,20,0.18122040547760565,-0.033413135077805856,False,47.29497012271233,0.32041665863978824,0.036047236486818485,0.66496350822092,0.0,4.5,False,7.147399941459298,20,0.18122040547760565,-0.033413135077805856,0.1,60,-64.64484405517578,24.470991134643555,0.004347638933335153,0.0,-51.36998815531822,24.54128973433948,0.002779010405088803,4.425000000000005,1,"[{""id"": 106, ""x"": -110.26665496826172, ""y"": 1.0432173013687134, ""vx"": -0.04537482559680939, ""vy"": 4.917895317077637, ""r"": 2.5906050205230713}]"
66,3.3000000000000003,-64.64484405517578,24.470991134643555,0.0027785056137527423,0.0,0.0,0.0,1.0,PlanStatus.FAIL,20,0.18122040547760565,-0.033413135077805856,False,47.179271645563546,0.32041665863978824,0.036047236486818485,0.6649894328810747,0.0,4.5,False,7.124900119379163,20,0.18122040547760565,-0.033413135077805856,0.1,60,-64.64484405517578,24.470991134643555,0.004347638933335153,0.0,-51.36998815531822,24.54128973433948,0.002779010405088803,4.425000000000005,1,"[{""id"": 106, ""x"": -110.26898956298828, ""y"": 1.302183985710144, ""vx"": -0.04831155017018318, ""vy"": 5.334684371948242, ""r"": 2.5906050205230713}]"
67,3.35,-64.64484405517578,24.470991134643555,0.0027785056137527423,0.0,0.0,0.0,1.0,PlanStatus.FAIL,20,0.18122040547760565,-0.033413135077805856,False,47.05887025985903,0.32041665863978824,0.036047236486818485,0.665016546677253,0.0,4.5,False,8.605899987742305,20,0.18122040547760565,-0.033413135077805856,0.1,60,-64.64484405517578,24.470991134643555,0.004347638933335153,0.0,-51.36998815531822,24.54128973433948,0.002779010405088803,4.425000000000005,1,"[{""id"": 106, ""x"": -110.27130889892578, ""y"": 1.5739469528198242, ""vx"": -0.051340680569410324, ""vy"": 5.523078441619873, ""r"": 2.5906050205230713}]"
68,3.4000000000000004,-64.64484405517578,24.470991134643555,0.0027785056137527423,0.0,0.0,0.0,1.0,PlanStatus.FAIL,20,0.18122040547760565,-0.033413135077805856,False,46.93407986301508,0.32041665863978824,0.036047236486818485,0.6650447956645567,0.0,4.5,False,12.344700051471591,20,0.18122040547760565,-0.033413135077805856,0.1,60,-64.64484405517578,24.470991134643555,0.004347638933335153,0.0,-51.36998815531822,24.54128973433948,0.002779010405088803,4.425000000000005,1,"[{""id"": 106, ""x"": -110.27377319335938, ""y"": 1.858508825302124, ""vx"": -0.05104289576411247, ""vy"": 5.808132648468018, ""r"": 2.5906050205230713}]"
69,3.45,-64.64484405517578,24.470991134643555,0.0027785056137527423,0.0,0.0,0.0,1.0,PlanStatus.FAIL,20,0.18122040547760565,-0.033413135077805856,False,46.80563987578085,0.32041665863978824,0.036047236486818485,0.6650740281156308,0.0,4.5,False,7.199000101536512,20,0.18122040547760565,-0.033413135077805856,0.1,60,-64.64484405517578,24.470991134643555,0.004347638933335153,0.0,-51.36998815531822,24.54128973433948,0.002779010405088803,4.425000000000005,1,"[{""id"": 106, ""x"": -110.27650451660156, ""y"": 2.1548521518707275, ""vx"": -0.05456703528761864, ""vy"": 5.982435703277588, ""r"": 2.5906050205230713}]"
70,3.5,-64.64484405517578,24.470991134643555,0.0027785056137527423,0.0,0.0,0.0,1.0,PlanStatus.FAIL,20,0.18122040547760565,-0.033413135077805856,False,46.67276866334955,0.32041665863978824,0.036047236486818485,0.6651044384060381,0.0,4.5,False,7.643700111657381,20,0.18122040547760565,-0.033413135077805856,0.1,60,-64.64484405517578,24.470991134643555,0.004347638933335153,0.0,-51.36998815531822,24.54128973433948,0.002779010405088803,4.425000000000005,1,"[{""id"": 106, ""x"": -110.27926635742188, ""y"": 2.464698076248169, ""vx"": -0.05872781574726105, ""vy"": 6.331697463989258, ""r"": 2.5906050205230713}]"
71,3.5500000000000003,-64.64484405517578,24.470991134643555,0.0027785056137527423,0.0,0.0,0.0,1.0,PlanStatus.FAIL,20,0.18122040547760565,-0.033413135077805856,False,46.536424000670884,0.32041665863978824,0.036047236486818485,0.6651358241868056,0.0,4.5,False,7.11030000820756,20,0.18122040547760565,-0.033413135077805856,0.1,60,-64.64484405517578,24.470991134643555,0.004347638933335153,0.0,-51.36998815531822,24.54128973433948,0.002779010405088803,4.425000000000005,1,"[{""id"": 106, ""x"": -110.28233337402344, ""y"": 2.7868902683258057, ""vx"": -0.06105990707874298, ""vy"": 6.496765613555908, ""r"": 2.5906050205230713}]"
72,3.6,-64.64484405517578,24.470991134643555,0.0027785056137527423,0.0,0.0,0.0,1.0,PlanStatus.FAIL,20,0.18122040547760565,-0.033413135077805856,False,46.396637610994304,0.32041665863978824,0.036047236486818485,0.6651681937384637,0.0,4.5,False,7.285499945282936,20,0.18122040547760565,-0.033413135077805856,0.1,60,-64.64484405517578,24.470991134643555,0.004347638933335153,0.0,-51.36998815531822,24.54128973433948,0.002779010405088803,4.425000000000005,1,"[{""id"": 106, ""x"": -110.28548431396484, ""y"": 3.121373414993286, ""vx"": -0.06523765623569489, ""vy"": 6.811195373535156, ""r"": 2.5906050205230713}]"
73,3.6500000000000004,-64.64484405517578,24.470991134643555,0.0027785056137527423,0.0,0.0,0.0,1.0,PlanStatus.FAIL,20,0.18122040547760565,-0.033413135077805856,False,46.25402258615303,0.32041665863978824,0.036047236486818485,0.6652014199266408,0.0,4.5,False,7.228299975395203,20,0.18122040547760565,-0.033413135077805856,0.1,60,-64.64484405517578,24.470991134643555,0.004347638933335153,0.0,-51.36998815531822,24.54128973433948,0.002779010405088803,4.425000000000005,1,"[{""id"": 106, ""x"": -110.28865814208984, ""y"": 3.467066764831543, ""vx"": -0.06384756416082382, ""vy"": 6.981559753417969, ""r"": 2.5906050205230713}]"
74,3.7,-64.64484405517578,24.470991134643555,0.0027785056137527423,0.0,0.0,0.0,1.0,PlanStatus.FAIL,20,0.18122040547760565,-0.033413135077805856,False,46.10798737548306,0.32041665863978824,0.036047236486818485,0.6652356559334391,0.0,4.5,False,8.07320000603795,20,0.18122040547760565,-0.033413135077805856,0.1,60,-64.64484405517578,24.470991134643555,0.004347638933335153,0.0,-51.36998815531822,24.54128973433948,0.002779010405088803,4.425000000000005,1,"[{""id"": 106, ""x"": -110.29203033447266, ""y"": 3.826298236846924, ""vx"": -0.06675328314304352, ""vy"": 7.317266464233398, ""r"": 2.5906050205230713}]"
75,3.75,-64.64484405517578,24.470991134643555,0.0027785056137527423,0.0,0.0,0.0,1.0,PlanStatus.FAIL,20,0.18122040547760565,-0.033413135077805856,False,45.95938925774761,0.32041665863978824,0.036047236486818485,0.6652707161044316,0.0,4.5,False,8.750199805945158,20,0.18122040547760565,-0.033413135077805856,0.1,60,-64.64484405517578,24.470991134643555,0.004347638933335153,0.0,-51.36998815531822,24.54128973433948,0.002779010405088803,4.425000000000005,1,"[{""id"": 106, ""x"": -110.29551696777344, ""y"": 4.197412490844727, ""vx"": -0.07204142212867737, ""vy"": 7.49367618560791, ""r"": 2.5906050205230713}]"
76,3.8000000000000003,-64.64484405517578,24.470991134643555,0.0027785056137527423,0.0,0.0,0.0,1.0,PlanStatus.FAIL,20,0.18122040547760565,-0.033413135077805856,False,45.80797955603894,0.32041665863978824,0.036047236486818485,0.6653066735964254,0.0,4.5,False,7.333100074902177,20,0.18122040547760565,-0.033413135077805856,0.1,60,-64.64484405517578,24.470991134643555,0.004347638933335153,0.0,-51.36998815531822,24.54128973433948,0.002779010405088803,4.425000000000005,1,"[{""id"": 106, ""x"": -110.29920959472656, ""y"": 4.581850051879883, ""vx"": -0.0798569768667221, ""vy"": 7.814401626586914, ""r"": 2.5906050205230713}]"
77,3.85,-64.64484405517578,24.470991134643555,0.0027785056137527423,0.0,0.0,0.0,1.0,PlanStatus.FAIL,20,0.18122040547760565,-0.033413135077805856,False,45.65476233717802,0.32041665863978824,0.036047236486818485,0.6653433031278387,0.0,4.5,False,9.55060007981956,20,0.18122040547760565,-0.033413135077805856,0.1,60,-64.64484405517578,24.470991134643555,0.004347638933335153,0.0,-51.36998815531822,24.54128973433948,0.002779010405088803,4.425000000000005,1,"[{""id"": 106, ""x"": -110.30313873291016, ""y"": 4.977848052978516, ""vx"": -0.08138597011566162, ""vy"": 7.988358974456787, ""r"": 2.5906050205230713}]"
78,3.9000000000000004,-64.64484405517578,24.470991134643555,0.0027785056137527423,0.0,0.0,0.0,1.0,PlanStatus.FAIL,20,0.18122040547760565,-0.033413135077805856,False,45.50007894523502,0.32041665863978824,0.036047236486818485,0.6653805334159756,0.0,4.5,False,9.305499959737062,20,0.18122040547760565,-0.033413135077805856,0.1,60,-64.64484405517578,24.470991134643555,0.004347638933335153,0.0,-51.36998815531822,24.54128973433948,0.002779010405088803,4.425000000000005,1,"[{""id"": 106, ""x"": -110.30728149414062, ""y"": 5.385142803192139, ""vx"": -0.08506728708744049, ""vy"": 8.238664627075195, ""r"": 2.5906050205230713}]"
79,3.95,-64.64484405517578,24.470991134643555,0.0027785056137527423,0.0,0.0,0.0,1.0,PlanStatus.FAIL,20,0.18122040547760565,-0.033413135077805856,False,45.345756164305314,0.32041665863978824,0.036047236486818485,0.6654179300164371,0.0,4.5,False,7.662800140678883,20,0.18122040547760565,-0.033413135077805856,0.1,60,-64.64484405517578,24.470991134643555,0.004347638933335153,0.0,-51.36998815531822,24.54128973433948,0.002779010405088803,4.425000000000005,1,"[{""id"": 106, ""x"": -110.31149291992188, ""y"": 5.79925537109375, ""vx"": -0.08568739891052246, ""vy"": 8.302329063415527, ""r"": 2.5906050205230713}]"
80,4.0,-64.64484405517578,24.470991134643555,0.0027785056137527423,0.0,0.0,0.0,1.0,PlanStatus.FAIL,20,0.18122040547760565,-0.033413135077805856,False,45.19317505532643,0.32041665863978824,0.036047236486818485,0.665455155648653,0.0,4.5,False,8.612100034952164,20,0.18122040547760565,-0.033413135077805856,0.1,60,-64.64484405517578,24.470991134643555,0.004347638933335153,0.0,-51.36998815531822,24.54128973433948,0.002779010405088803,4.425000000000005,1,"[{""id"": 106, ""x"": -110.31575012207031, ""y"": 6.2168803215026855, ""vx"": -0.08689406514167786, ""vy"": 8.377767562866211, ""r"": 2.5906050205230713}]"
81,4.05,-64.64484405517578,24.470991134643555,0.0027785056137527423,0.0,0.0,0.0,1.0,PlanStatus.FAIL,20,0.18122040547760565,-0.033413135077805856,False,45.044274246857604,0.32041665863978824,0.036047236486818485,0.665491726524482,0.0,4.5,False,7.444000104442239,20,0.18122040547760565,-0.033413135077805856,0.1,60,-64.64484405517578,24.470991134643555,0.004347638933335153,0.0,-51.36998815531822,24.54128973433948,0.002779010405088803,4.425000000000005,1,"[{""id"": 106, ""x"": -110.3200454711914, ""y"": 6.632959842681885, ""vx"": -0.08661426603794098, ""vy"": 8.277796745300293, ""r"": 2.5906050205230713}]"
82,4.1000000000000005,-64.64484405517578,24.470991134643555,0.0027785056137527423,0.0,0.0,0.0,1.0,PlanStatus.FAIL,20,0.18122040547760565,-0.033413135077805856,False,44.899582967556725,0.32041665863978824,0.036047236486818485,0.6655274958825165,0.0,4.5,False,7.417100016027689,20,0.18122040547760565,-0.033413135077805856,0.1,60,-64.64484405517578,24.470991134643555,0.004347638933335153,0.0,-51.36998815531822,24.54128973433948,0.002779010405088803,4.425000000000005,1,"[{""id"": 106, ""x"": -110.32432556152344, ""y"": 7.0458526611328125, ""vx"": -0.0864795595407486, ""vy"": 8.246626853942871, ""r"": 2.5906050205230713}]"
83,4.15,-64.64484405517578,24.470991134643555,0.0027785056137527423,0.0,0.0,0.0,1.0,PlanStatus.FAIL,20,0.18122040547760565,-0.033413135077805856,False,44.75974050233265,0.32041665863978824,0.036047236486818485,0.6655622863154599,0.0,4.5,False,8.762000128626823,20,0.18122040547760565,-0.033413135077805856,0.1,60,-64.64484405517578,24.470991134643555,0.004347638933335153,0.0,-51.36998815531822,24.54128973433948,0.002779010405088803,4.425000000000005,1,"[{""id"": 106, ""x"": -110.32855987548828, ""y"": 7.453520774841309, ""vx"": -0.08378805220127106, ""vy"": 8.092731475830078, ""r"": 2.5906050205230713}]"
84,4.2,-64.64484405517578,24.470991134643555,0.0027785056137527423,0.0,0.0,0.0,1.0,PlanStatus.FAIL,20,0.18122040547760565,-0.033413135077805856,False,44.62441899355568,0.32041665863978824,0.036047236486818485,0.6655961595965626,0.0,4.5,False,7.366500096395612,20,0.18122040547760565,-0.033413135077805856,0.1,60,-64.64484405517578,24.470991134643555,0.004347638933335153,0.0,-51.36998815531822,24.54128973433948,0.002779010405088803,4.425000000000005,1,"[{""id"": 106, ""x"": -110.33272552490234, ""y"": 7.856598377227783, ""vx"": -0.08331279456615448, ""vy"": 8.045507431030273, ""r"": 2.5906050205230713}]"
85,4.25,-64.64484405517578,24.470991134643555,0.0027785056137527423,0.0,0.0,0.0,1.0,PlanStatus.FAIL,20,0.18122040547760565,-0.033413135077805856,False,44.49375895073878,0.32041665863978824,0.036047236486818485,0.6656290615463614,0.0,4.5,False,8.009999990463257,20,0.18122040547760565,-0.033413135077805856,0.1,60,-64.64484405517578,24.470991134643555,0.004347638933335153,0.0,-51.36998815531822,24.54128973433948,0.002779010405088803,4.425000000000005,1,"[{""id"": 106, ""x"": -110.33688354492188, ""y"": 8.254608154296875, ""vx"": -0.08361661434173584, ""vy"": 7.909064769744873, ""r"": 2.5906050205230713}]"
86,4.3,-64.64484405517578,24.470991134643555,0.0027785056137527423,0.0,0.0,0.0,1.0,PlanStatus.FAIL,20,0.18122040547760565,-0.033413135077805856,False,44.366862109196546,0.32041665863978824,0.036047236486818485,0.6656612013675463,0.0,4.5,False,8.031799923628569,20,0.18122040547760565,-0.033413135077805856,0.1,60,-64.64484405517578,24.470991134643555,0.004347638933335153,0.0,-51.36998815531822,24.54128973433948,0.002779010405088803,4.425000000000005,1,"[{""id"": 106, ""x"": -110.34101104736328, ""y"": 8.649962425231934, ""vx"": -0.08259312808513641, ""vy"": 7.911700248718262, ""r"": 2.5906050205230713}]"
87,4.3500000000000005,-64.64484405517578,24.470991134643555,0.0027785056137527423,0.0,0.0,0.0,1.0,PlanStatus.FAIL,20,0.18122040547760565,-0.033413135077805856,False,44.2435200242065,0.32041665863978824,0.036047236486818485,0.6656926175419519,0.0,4.5,False,7.268199929967523,20,0.18122040547760565,-0.033413135077805856,0.1,60,-64.64484405517578,24.470991134643555,0.004347638933335153,0.0,-51.36998815531822,24.54128973433948,0.002779010405088803,4.425000000000005,1,"[{""id"": 106, ""x"": -110.34516143798828, ""y"": 9.043359756469727, ""vx"": -0.08357669413089752, ""vy"": 7.84408712387085, ""r"": 2.5906050205230713}]"
88,4.4,-64.64484405517578,24.470991134643555,0.0027785056137527423,0.0,0.0,0.0,1.0,PlanStatus.FAIL,20,0.18122040547760565,-0.033413135077805856,False,44.12278096181448,0.32041665863978824,0.036047236486818485,0.6657235408249662,0.0,4.5,False,7.628899998962879,20,0.18122040547760565,-0.033413135077805856,0.1,60,-64.64484405517578,24.470991134643555,0.004347638933335153,0.0,-51.36998815531822,24.54128973433948,0.002779010405088803,4.425000000000005,1,"[{""id"": 106, ""x"": -110.34934997558594, ""y"": 9.437826156616211, ""vx"": -0.08515036106109619, ""vy"": 7.9246826171875, ""r"": 2.5906050205230713}]"
89,4.45,-64.64484405517578,24.470991134643555,0.0027785056137527423,0.0,0.0,0.0,1.0,PlanStatus.FAIL,20,0.18122040547760565,-0.033413135077805856,False,44.00448383903433,0.32041665863978824,0.036047236486818485,0.6657540032634921,0.0,4.5,False,7.876799907535315,20,0.18122040547760565,-0.033413135077805856,0.1,60,-64.64484405517578,24.470991134643555,0.004347638933335153,0.0,-51.36998815531822,24.54128973433948,0.002779010405088803,4.425000000000005,1,"[{""id"": 106, ""x"": -110.35359954833984, ""y"": 9.834112167358398, ""vx"": -0.08572092652320862, ""vy"": 7.927421569824219, ""r"": 2.5906050205230713}]"
90,4.5,-64.64484405517578,24.470991134643555,0.0027785056137527423,0.0,0.0,0.0,1.0,PlanStatus.FAIL,20,0.18122040547760565,-0.033413135077805856,False,43.8881212724427,0.32041665863978824,0.036047236486818485,0.6657841277470368,0.0,4.5,False,7.662999909371138,20,0.18122040547760565,-0.033413135077805856,0.1,60,-64.64484405517578,24.470991134643555,0.004347638933335153,0.0,-51.36998815531822,24.54128973433948,0.002779010405088803,4.425000000000005,1,"[{""id"": 106, ""x"": -110.35791778564453, ""y"": 10.234161376953125, ""vx"": -0.08767226338386536, ""vy"": 8.04944133758545, ""r"": 2.5906050205230713}]"
91,4.55,-64.64484405517578,24.470991134643555,0.0027785056137527423,0.0,0.0,0.0,1.0,PlanStatus.FAIL,20,0.18122040547760565,-0.033413135077805856,False,43.774008830260016,0.32041665863978824,0.036047236486818485,0.6658138252460332,0.0,4.5,False,8.744599996134639,20,0.18122040547760565,-0.033413135077805856,0.1,60,-64.64484405517578,24.470991134643555,0.004347638933335153,0.0,-51.36998815531822,24.54128973433948,0.002779010405088803,4.425000000000005,1,"[{""id"": 106, ""x"": -110.36225128173828, ""y"": 10.637083053588867, ""vx"": -0.08658318966627121, ""vy"": 8.060685157775879, ""r"": 2.5906050205230713}]"
92,4.6000000000000005,-64.64484405517578,24.470991134643555,0.0027785056137527423,0.0,0.0,0.0,1.0,PlanStatus.FAIL,20,0.18122040547760565,-0.033413135077805856,False,43.66219395529368,0.32041665863978824,0.036047236486818485,0.6658430753789129,0.0,4.5,False,7.406500168144703,20,0.18122040547760565,-0.033413135077805856,0.1,60,-64.64484405517578,24.470991134643555,0.004347638933335153,0.0,-51.36998815531822,24.54128973433948,0.002779010405088803,4.425000000000005,1,"[{""id"": 106, ""x"": -110.36660766601562, ""y"": 11.043050765991211, ""vx"": -0.08755286037921906, ""vy"": 8.15478229522705, ""r"": 2.5906050205230713}]"
93,4.65,-64.64484405517578,24.470991134643555,0.0027785056137527423,0.0,0.0,0.0,1.0,PlanStatus.FAIL,20,0.18122040547760565,-0.033413135077805856,False,43.55334251389612,0.32041665863978824,0.036047236486818485,0.6658716945614997,0.0,4.5,False,8.605299983173609,20,0.18122040547760565,-0.033413135077805856,0.1,60,-64.64484405517578,24.470991134643555,0.004347638933335153,0.0,-51.36998815531822,24.54128973433948,0.002779010405088803,4.425000000000005,1,"[{""id"": 106, ""x"": -110.37096405029297, ""y"": 11.449896812438965, ""vx"": -0.08720097690820694, ""vy"": 8.12056827545166, ""r"": 2.5906050205230713}]"
94,4.7,-64.64484405517578,24.470991134643555,0.0027785056137527423,0.0,0.0,0.0,1.0,PlanStatus.FAIL,20,0.18122040547760565,-0.033413135077805856,False,43.44765143470677,0.32041665863978824,0.036047236486818485,0.6658996200367777,0.0,4.5,False,7.353699998930097,20,0.18122040547760565,-0.033413135077805856,0.1,60,-64.64484405517578,24.470991134643555,0.004347638933335153,0.0,-51.36998815531822,24.54128973433948,0.002779010405088803,4.425000000000005,1,"[{""id"": 106, ""x"": -110.3753890991211, ""y"": 11.857291221618652, ""vx"": -0.08955001831054688, ""vy"": 8.164437294006348, ""r"": 2.5906050205230713}]"
95,4.75,-64.64484405517578,24.470991134643555,0.0027785056137527423,0.0,0.0,0.0,1.0,PlanStatus.FAIL,20,0.18122040547760565,-0.033413135077805856,False,43.345600754639854,0.32041665863978824,0.036047236486818485,0.6659267128785424,0.0,4.5,False,7.905400125309825,20,0.18122040547760565,-0.033413135077805856,0.1,60,-64.64484405517578,24.470991134643555,0.004347638933335153,0.0,-51.36998815531822,24.54128973433948,0.002779010405088803,4.425000000000005,1,"[{""id"": 106, ""x"": -110.37982177734375, ""y"": 12.263280868530273, ""vx"": -0.08928366750478745, ""vy"": 8.087972640991211, ""r"": 2.5906050205230713}]"
96,4.800000000000001,-64.64484405517578,24.470991134643555,0.0027785056137527423,0.0,0.0,0.0,1.0,PlanStatus.FAIL,20,0.18122040547760565,-0.033413135077805856,False,43.24709039676854,0.32041665863978824,0.036047236486818485,0.665952987103821,0.0,4.5,False,7.757700048387051,20,0.18122040547760565,-0.033413135077805856,0.1,60,-64.64484405517578,24.470991134643555,0.004347638933335153,0.0,-51.36998815531822,24.54128973433948,0.002779010405088803,4.425000000000005,1,"[{""id"": 106, ""x"": -110.38424682617188, ""y"": 12.668156623840332, ""vx"": -0.08827181905508041, ""vy"": 8.104910850524902, ""r"": 2.5906050205230713}]"
97,4.8500000000000005,-64.64484405517578,24.470991134643555,0.0027785056137527423,0.0,0.0,0.0,1.0,PlanStatus.FAIL,20,0.18122040547760565,-0.033413135077805856,False,43.15235216211793,0.32041665863978824,0.036047236486818485,0.6659783684012628,0.0,4.5,False,7.43419979698956,20,0.18122040547760565,-0.033413135077805856,0.1,60,-64.64484405517578,24.470991134643555,0.004347638933335153,0.0,-51.36998815531822,24.54128973433948,0.002779010405088803,4.425000000000005,1,"[{""id"": 106, ""x"": -110.38861846923828, ""y"": 13.070749282836914, ""vx"": -0.08728743344545364, ""vy"": 8.01700496673584, ""r"": 2.5906050205230713}]"
98,4.9,-64.64484405517578,24.470991134643555,0.0027785056137527423,0.0,0.0,0.0,1.0,PlanStatus.FAIL,20,0.18122040547760565,-0.033413135077805856,False,43.061142922224754,0.32041665863978824,0.036047236486818485,0.6660029097634739,0.0,4.5,False,8.325799833983183,20,0.18122040547760565,-0.033413135077805856,0.1,60,-64.64484405517578,24.470991134643555,0.004347638933335153,0.0,-51.36998815531822,24.54128973433948,0.002779010405088803,4.425000000000005,1,"[{""id"": 106, ""x"": -110.39299774169922, ""y"": 13.472199440002441, ""vx"": -0.08754783123731613, ""vy"": 8.03956127166748, ""r"": 2.5906050205230713}]"
99,4.95,-64.64484405517578,24.470991134643555,0.0027785056137527423,0.0,0.0,0.0,1.0,PlanStatus.FAIL,20,0.18122040547760565,-0.033413135077805856,False,42.97354592742564,0.32041665863978824,0.036047236486818485,0.6660265772575311,0.0,4.5,False,7.6898999977856874,20,0.18122040547760565,-0.033413135077805856,0.1,60,-64.64484405517578,24.470991134643555,0.004347638933335153,0.0,-51.36998815531822,24.54128973433948,0.002779010405088803,4.425000000000005,1,"[{""id"": 106, ""x"": -110.3973617553711, ""y"": 13.872000694274902, ""vx"": -0.08679873496294022, ""vy"": 7.968449592590332, ""r"": 2.5906050205230713}]"
100,5.0,-64.64484405517578,24.470991134643555,0.0027785056137527423,0.0,0.0,0.0,1.0,PlanStatus.FAIL,20,0.18122040547760565,-0.033413135077805856,False,42.88917655272602,0.32041665863978824,0.036047236486818485,0.6660494640907133,0.0,4.5,False,7.429100107401609,20,0.18122040547760565,-0.033413135077805856,0.1,60,-64.64484405517578,24.470991134643555,0.004347638933335153,0.0,-51.36998815531822,24.54128973433948,0.002779010405088803,4.425000000000005,1,"[{""id"": 106, ""x"": -110.40170288085938, ""y"": 14.271785736083984, ""vx"": -0.08734682947397232, ""vy"": 8.016504287719727, ""r"": 2.5906050205230713}]"
101,5.050000000000001,-64.64484405517578,24.470991134643555,0.0027785056137527423,0.0,0.0,0.0,1.0,PlanStatus.FAIL,20,0.18122040547760565,-0.033413135077805856,False,42.80815223856319,0.32041665863978824,0.036047236486818485,0.6660715284289537,0.0,4.5,False,7.3460000567138195,20,0.18122040547760565,-0.033413135077805856,0.1,60,-64.64484405517578,24.470991134643555,0.004347638933335153,0.0,-51.36998815531822,24.54128973433948,0.002779010405088803,4.425000000000005,1,"[{""id"": 106, ""x"": -110.40605926513672, ""y"": 14.671253204345703, ""vx"": -0.08687806129455566, ""vy"": 7.971811294555664, ""r"": 2.5906050205230713}]"
102,5.1000000000000005,-64.64484405517578,24.470991134643555,0.0027785056137527423,0.0,0.0,0.0,1.0,PlanStatus.FAIL,20,0.18122040547760565,-0.033413135077805856,False,42.73018656417396,0.32041665863978824,0.036047236486818485,0.6660928388418386,0.0,4.5,False,8.68090009316802,20,0.18122040547760565,-0.033413135077805856,0.1,60,-64.64484405517578,24.470991134643555,0.004347638933335153,0.0,-51.36998815531822,24.54128973433948,0.002779010405088803,4.425000000000005,1,"[{""id"": 106, ""x"": -110.41043853759766, ""y"": 15.07190990447998, ""vx"": -0.08765622973442078, ""vy"": 8.041960716247559, ""r"": 2.5906050205230713}]"
103,5.15,-64.64484405517578,24.470991134643555,0.0027785056137527423,0.0,0.0,0.0,1.0,PlanStatus.FAIL,20,0.18122040547760565,-0.033413135077805856,False,42.65541225579358,0.32041665863978824,0.036047236486818485,0.6661133501392336,0.0,4.5,False,7.771199801936746,20,0.18122040547760565,-0.033413135077805856,0.1,60,-64.64484405517578,24.470991134643555,0.004347638933335153,0.0,-51.36998815531822,24.54128973433948,0.002779010405088803,4.425000000000005,1,"[{""id"": 106, ""x"": -110.41480255126953, ""y"": 15.473112106323242, ""vx"": -0.08732639253139496, ""vy"": 8.010942459106445, ""r"": 2.5906050205230713}]"
104,5.2,-64.64484405517578,24.470991134643555,0.0027785056137527423,0.0,0.0,0.0,1.0,PlanStatus.FAIL,20,0.18122040547760565,-0.033413135077805856,False,42.583792076793145,0.32041665863978824,0.036047236486818485,0.6661330637669266,0.0,4.5,False,8.798799943178892,20,0.18122040547760565,-0.033413135077805856,0.1,60,-64.64484405517578,24.470991134643555,0.004347638933335153,0.0,-51.36998815531822,24.54128973433948,0.002779010405088803,4.425000000000005,1,"[{""id"": 106, ""x"": -110.41926574707031, ""y"": 15.87583065032959, ""vx"": -0.09072265774011612, ""vy"": 8.083118438720703, ""r"": 2.5906050205230713}]"
105,5.25,-64.64484405517578,24.470991134643555,0.0027785056137527423,0.0,0.0,0.0,1.0,PlanStatus.FAIL,20,0.18122040547760565,-0.033413135077805856,False,42.51547678912566,0.32041665863978824,0.036047236486818485,0.666151929605149,0.0,4.5,False,7.383399875834584,20,0.18122040547760565,-0.033413135077805856,0.1,60,-64.64484405517578,24.470991134643555,0.004347638933335153,0.0,-51.36998815531822,24.54128973433948,0.002779010405088803,4.425000000000005,1,"[{""id"": 106, ""x"": -110.42372131347656, ""y"": 16.278919219970703, ""vx"": -0.08866230398416519, ""vy"": 8.045543670654297, ""r"": 2.5906050205230713}]"
106,5.300000000000001,-64.64484405517578,24.470991134643555,0.0027785056137527423,0.0,0.0,0.0,1.0,PlanStatus.FAIL,20,0.18122040547760565,-0.033413135077805856,False,42.45042985726779,0.32041665863978824,0.036047236486818485,0.6661699492915806,0.0,4.5,False,7.2837998159229755,20,0.18122040547760565,-0.033413135077805856,0.1,60,-64.64484405517578,24.470991134643555,0.004347638933335153,0.0,-51.36998815531822,24.54128973433948,0.002779010405088803,4.425000000000005,1,"[{""id"": 106, ""x"": -110.42820739746094, ""y"": 16.682964324951172, ""vx"": -0.09105624258518219, ""vy"": 8.104117393493652, ""r"": 2.5906050205230713}]"
107,5.3500000000000005,-64.64484405517578,24.470991134643555,0.0027785056137527423,0.0,0.0,0.0,1.0,PlanStatus.FAIL,20,0.18122040547760565,-0.033413135077805856,False,42.38887201477172,0.32041665863978824,0.036047236486818485,0.6661870533419294,0.0,4.5,False,8.17959988489747,20,0.18122040547760565,-0.033413135077805856,0.1,60,-64.64484405517578,24.470991134643555,0.004347638933335153,0.0,-51.36998815531822,24.54128973433948,0.002779010405088803,4.425000000000005,1,"[{""id"": 106, ""x"": -110.43269348144531, ""y"": 17.086633682250977, ""vx"": -0.08928973227739334, ""vy"": 8.051164627075195, ""r"": 2.5906050205230713}]"
108,5.4,-64.64484405517578,24.470991134643555,0.0027785056137527423,0.0,0.0,0.0,1.0,PlanStatus.FAIL,20,0.18122040547760565,-0.033413135077805856,False,42.33069618918719,0.32041665863978824,0.036047236486818485,0.6662032634079478,0.0,4.5,False,7.3573999106884,20,0.18122040547760565,-0.033413135077805856,0.1,60,-64.64484405517578,24.470991134643555,0.004347638933335153,0.0,-51.36998815531822,24.54128973433948,0.002779010405088803,4.425000000000005,1,"[{""id"": 106, ""x"": -110.4371566772461, ""y"": 17.490514755249023, ""vx"": -0.08972212672233582, ""vy"": 8.09561824798584, ""r"": 2.5906050205230713}]"
109,5.45,-64.64484405517578,24.470991134643555,0.0027785056137527423,0.0,0.0,0.0,1.0,PlanStatus.FAIL,20,0.18122040547760565,-0.033413135077805856,False,42.27611035200906,0.32041665863978824,0.036047236486818485,0.6662185137299491,0.0,4.5,False,7.9425000585615635,20,0.18122040547760565,-0.033413135077805856,0.1,60,-64.64484405517578,24.470991134643555,0.004347638933335153,0.0,-51.36998815531822,24.54128973433948,0.002779010405088803,4.425000000000005,1,"[{""id"": 106, ""x"": -110.44161987304688, ""y"": 17.8934326171875, ""vx"": -0.08902481198310852, ""vy"": 8.032697677612305, ""r"": 2.5906050205230713}]"
110,5.5,-64.64484405517578,24.470991134643555,0.0027785056137527423,0.0,0.0,0.0,1.0,PlanStatus.FAIL,20,0.18122040547760565,-0.033413135077805856,False,42.224987347361164,0.32041665863978824,0.036047236486818485,0.6662328323533337,0.0,4.5,False,9.03169997036457,20,0.18122040547760565,-0.033413135077805856,0.1,60,-64.64484405517578,24.470991134643555,0.004347638933335153,0.0,-51.36998815531822,24.54128973433948,0.002779010405088803,4.425000000000005,1,"[{""id"": 106, ""x"": -110.44608306884766, ""y"": 18.296245574951172, ""vx"": -0.08949017524719238, ""vy"": 8.073081016540527, ""r"": 2.5906050205230713}]"
111,5.550000000000001,-64.64484405517578,24.470991134643555,0.0027785056137527423,0.0,0.0,0.0,1.0,PlanStatus.FAIL,20,0.18122040547760565,-0.033413135077805856,False,42.177449926433,0.32041665863978824,0.036047236486818485,0.666246177863852,0.0,4.5,False,7.849500048905611,20,0.18122040547760565,-0.033413135077805856,0.1,60,-64.64484405517578,24.470991134643555,0.004347638933335153,0.0,-51.36998815531822,24.54128973433948,0.002779010405088803,4.425000000000005,1,"[{""id"": 106, ""x"": -110.45054626464844, ""y"": 18.698041915893555, ""vx"": -0.08882156014442444, ""vy"": 8.011059761047363, ""r"": 2.5906050205230713}]"
112,5.6000000000000005,-64.64484405517578,24.470991134643555,0.0027785056137527423,0.0,0.0,0.0,1.0,PlanStatus.FAIL,20,0.18122040547760565,-0.033413135077805856,False,42.13339099324385,0.32041665863978824,0.036047236486818485,0.6662585737233582,0.0,4.5,False,9.324500104412436,20,0.18122040547760565,-0.033413135077805856,0.1,60,-64.64484405517578,24.470991134643555,0.004347638933335153,0.0,-51.36998815531822,24.54128973433948,0.002779010405088803,4.425000000000005,1,"[{""id"": 106, ""x"": -110.45504760742188, ""y"": 19.099933624267578, ""vx"": -0.0911802425980568, ""vy"": 8.057097434997559, ""r"": 2.5906050205230713}]"
113,5.65,-64.64484405517578,24.470991134643555,0.0027785056137527423,0.0,0.0,0.0,1.0,PlanStatus.FAIL,20,0.18122040547760565,-0.033413135077805856,False,42.09285876546492,0.32041665863978824,0.036047236486818485,0.6662700002705682,0.0,4.5,False,8.85219988413155,20,0.18122040547760565,-0.033413135077805856,0.1,60,-64.64484405517578,24.470991134643555,0.004347638933335153,0.0,-51.36998815531822,24.54128973433948,0.002779010405088803,4.425000000000005,1,"[{""id"": 106, ""x"": -110.45954132080078, ""y"": 19.50116729736328, ""vx"": -0.0894293487071991, ""vy"": 8.002883911132812, ""r"": 2.5906050205230713}]"
114,5.7,-64.64484405517578,24.470991134643555,0.0027785056137527423,0.0,0.0,0.0,1.0,PlanStatus.FAIL,20,0.18122040547760565,-0.033413135077805856,False,42.05572156430208,0.32041665863978824,0.036047236486818485,0.6662804890516161,0.0,4.5,False,7.969799917191267,20,0.18122040547760565,-0.033413135077805856,0.1,60,-64.64484405517578,24.470991134643555,0.004347638933335153,0.0,-51.36998815531822,24.54128973433948,0.002779010405088803,4.425000000000005,1,"[{""id"": 106, ""x"": -110.46401977539062, ""y"": 19.90291404724121, ""vx"": -0.08997868001461029, ""vy"": 8.057437896728516, ""r"": 2.5906050205230713}]"
115,5.75,-64.64484405517578,24.470991134643555,0.0027785056137527423,0.0,0.0,0.0,1.0,PlanStatus.FAIL,20,0.18122040547760565,-0.033413135077805856,False,42.022102417325414,0.32041665863978824,0.036047236486818485,0.6662900002046006,0.0,4.5,False,8.651000214740634,20,0.18122040547760565,-0.033413135077805856,0.1,60,-64.64484405517578,24.470991134643555,0.004347638933335153,0.0,-51.36998815531822,24.54128973433948,0.002779010405088803,4.425000000000005,1,"[{""id"": 106, ""x"": -110.46851348876953, ""y"": 20.30438995361328, ""vx"": -0.08944245427846909, ""vy"": 8.010238647460938, ""r"": 2.5906050205230713}]"
116,5.800000000000001,-64.64484405517578,24.470991134643555,0.0027785056137527423,0.0,0.0,0.0,1.0,PlanStatus.FAIL,20,0.18122040547760565,-0.033413135077805856,False,41.99194631879657,0.32041665863978824,0.036047236486818485,0.6662985445874474,0.0,4.5,False,9.944999823346734,20,0.18122040547760565,-0.033413135077805856,0.1,60,-64.64484405517578,24.470991134643555,0.004347638933335153,0.0,-51.36998815531822,24.54128973433948,0.002779010405088803,4.425000000000005,1,"[{""id"": 106, ""x"": -110.47305297851562, ""y"": 20.706645965576172, ""vx"": -0.09194338321685791, ""vy"": 8.069023132324219, ""r"": 2.5906050205230713}]"
117,5.8500000000000005,-64.64484405517578,24.470991134643555,0.0027785056137527423,0.0,0.0,0.0,1.0,PlanStatus.FAIL,20,0.18122040547760565,-0.033413135077805856,False,41.96533359527403,0.32041665863978824,0.036047236486818485,0.6663060951959214,0.0,4.5,False,8.820699993520975,20,0.18122040547760565,-0.033413135077805856,0.1,60,-64.64484405517578,24.470991134643555,0.004347638933335153,0.0,-51.36998815531822,24.54128973433948,0.002779010405088803,4.425000000000005,1,"[{""id"": 106, ""x"": -110.47762298583984, ""y"": 21.108749389648438, ""vx"": -0.09196987748146057, ""vy"": 8.023075103759766, ""r"": 2.5906050205230713}]"
118,5.9,-64.64484405517578,24.470991134643555,0.0027785056137527423,0.0,0.0,0.0,1.0,PlanStatus.FAIL,20,0.18122040547760565,-0.033413135077805856,False,41.94214036521002,0.32041665863978824,0.036047236486818485,0.6663126834337432,0.0,4.5,False,9.328800020739436,20,0.18122040547760565,-0.033413135077805856,0.1,60,-64.64484405517578,24.470991134643555,0.004347638933335153,0.0,-51.36998815531822,24.54128973433948,0.002779010405088803,4.425000000000005,1,"[{""id"": 106, ""x"": -110.4821548461914, ""y"": 21.511592864990234, ""vx"": -0.08956600725650787, ""vy"": 8.079948425292969, ""r"": 2.5906050205230713}]"
119,5.95,-64.64484405517578,24.470991134643555,0.0027785056137527423,0.0,0.0,0.0,1.0,PlanStatus.FAIL,20,0.18122040547760565,-0.033413135077805856,False,41.92245688030199,0.32041665863978824,0.036047236486818485,0.6663182804164626,0.0,4.5,False,9.048799984157085,20,0.18122040547760565,-0.033413135077805856,0.1,60,-64.64484405517578,24.470991134643555,0.004347638933335153,0.0,-51.36998815531822,24.54128973433948,0.002779010405088803,4.425000000000005,1,"[{""id"": 106, ""x"": -110.48665618896484, ""y"": 21.914134979248047, ""vx"": -0.09013117849826813, ""vy"": 8.030244827270508, ""r"": 2.5906050205230713}]"
120,6.0,-64.64484405517578,24.470991134643555,0.0027785056137527423,0.0,0.0,0.0,1.0,PlanStatus.FAIL,20,0.18122040547760565,-0.033413135077805856,False,41.906294659426074,0.32041665863978824,0.036047236486818485,0.6663228800616323,0.0,4.5,False,8.741899859160185,20,0.18122040547760565,-0.033413135077805856,0.1,60,-64.64484405517578,24.470991134643555,0.004347638933335153,0.0,-51.36998815531822,24.54128973433948,0.002779010405088803,4.425000000000005,1,"[{""id"": 106, ""x"": -110.49118041992188, ""y"": 22.31719398498535, ""vx"": -0.09079205244779587, ""vy"": 8.082256317138672, ""r"": 2.5906050205230713}]"
121,6.050000000000001,-64.64484405517578,24.470991134643555,0.0027785056137527423,0.0,0.0,0.0,1.0,PlanStatus.FAIL,20,0.18122040547760565,-0.033413135077805856,False,41.89367332354425,0.32041665863978824,0.036047236486818485,0.6663264744656807,0.0,4.5,False,9.096699999645352,20,0.18122040547760565,-0.033413135077805856,0.1,60,-64.64484405517578,24.470991134643555,0.004347638933335153,0.0,-51.36998815531822,24.54128973433948,0.002779010405088803,4.425000000000005,1,"[{""id"": 106, ""x"": -110.49568939208984, ""y"": 22.719711303710938, ""vx"": -0.0902186930179596, ""vy"": 8.028136253356934, ""r"": 2.5906050205230713}]"
122,6.1000000000000005,-64.64484405517578,24.470991134643555,0.0027785056137527423,0.0,0.0,0.0,1.0,PlanStatus.FAIL,20,0.18122040547760565,-0.033413135077805856,False,41.884647415909335,0.32041665863978824,0.036047236486818485,0.6663290462636456,0.0,4.5,False,10.541500058025122,20,0.18122040547760565,-0.033413135077805856,0.1,60,-64.64484405517578,24.470991134643555,0.004347638933335153,0.0,-51.36998815531822,24.54128973433948,0.002779010405088803,4.425000000000005,1,"[{""id"": 106, ""x"": -110.50027465820312, ""y"": 23.12255859375, ""vx"": -0.09261788427829742, ""vy"": 8.076897621154785, ""r"": 2.5906050205230713}]"
123,6.15,-64.64484405517578,24.470991134643555,0.0027785056137527423,0.0,0.0,0.0,1.0,PlanStatus.FAIL,20,0.18122040547760565,-0.033413135077805856,False,41.8791336905778,0.32041665863978824,0.036047236486818485,0.6663306178629941,0.0,4.5,False,8.794500026851892,20,0.18122040547760565,-0.033413135077805856,0.1,60,-64.64484405517578,24.470991134643555,0.004347638933335153,0.0,-51.36998815531822,24.54128973433948,0.002779010405088803,4.425000000000005,1,"[{""id"": 106, ""x"": -110.50482177734375, ""y"": 23.524749755859375, ""vx"": -0.09083547443151474, ""vy"": 8.021146774291992, ""r"": 2.5906050205230713}]"
124,6.2,-64.64484405517578,24.470991134643555,0.0027785056137527423,0.0,0.0,0.0,1.0,PlanStatus.FAIL,20,0.18122040547760565,-0.033413135077805856,False,41.87716576791141,0.32041665863978824,0.036047236486818485,0.6663311788881321,0.0,4.5,False,8.72179982252419,20,0.18122040547760565,-0.033413135077805856,0.1,60,-64.64484405517578,24.470991134643555,0.004347638933335153,0.0,-51.36998815531822,24.54128973433948,0.002779010405088803,4.425000000000005,1,"[{""id"": 106, ""x"": -110.50939178466797, ""y"": 23.92724609375, ""vx"": -0.09132517874240875, ""vy"": 8.070158004760742, ""r"": 2.5906050205230713}]"
125,6.25,-64.64484405517578,24.470991134643555,0.0027785056137527423,0.0,0.0,0.0,1.0,PlanStatus.FAIL,20,0.18122040547760565,-0.033413135077805856,False,41.87871679664136,0.32041665863978824,0.036047236486818485,0.6663307367087801,0.0,4.5,False,8.639800129458308,20,0.18122040547760565,-0.033413135077805856,0.1,60,-64.64484405517578,24.470991134643555,0.004347638933335153,0.0,-51.36998815531822,24.54128973433948,0.002779010405088803,4.425000000000005,1,"[{""id"": 106, ""x"": -110.51394653320312, ""y"": 24.329139709472656, ""vx"": -0.09069930016994476, ""vy"": 8.015884399414062, ""r"": 2.5906050205230713}]"
126,6.300000000000001,-64.64484405517578,24.470991134643555,0.0027785056137527423,0.0,0.0,0.0,1.0,PlanStatus.FAIL,20,0.18122040547760565,-0.033413135077805856,False,41.88377636757306,0.32041665863978824,0.036047236486818485,0.6663292945145426,0.0,4.5,False,8.060599910095334,20,0.18122040547760565,-0.033413135077805856,0.1,60,-64.64484405517578,24.470991134643555,0.004347638933335153,0.0,-51.36998815531822,24.54128973433948,0.002779010405088803,4.425000000000005,1,"[{""id"": 106, ""x"": -110.51848602294922, ""y"": 24.73145294189453, ""vx"": -0.0912875235080719, ""vy"": 8.06736946105957, ""r"": 2.5906050205230713}]"
127,6.3500000000000005,-64.64484405517578,24.470991134643555,0.0027785056137527423,0.0,0.0,0.0,1.0,PlanStatus.FAIL,20,0.18122040547760565,-0.033413135077805856,False,41.89236431811243,0.32041665863978824,0.036047236486818485,0.6663268473785801,0.0,4.5,False,7.442299975082278,20,0.18122040547760565,-0.033413135077805856,0.1,60,-64.64484405517578,24.470991134643555,0.004347638933335153,0.0,-51.36998815531822,24.54128973433948,0.002779010405088803,4.425000000000005,1,"[{""id"": 106, ""x"": -110.52303314208984, ""y"": 25.133291244506836, ""vx"": -0.0907120332121849, ""vy"": 8.0156888961792, ""r"": 2.5906050205230713}]"
128,6.4,-64.64484405517578,24.470991134643555,0.0027785056137527423,0.0,0.0,0.0,1.0,PlanStatus.FAIL,20,0.18122040547760565,-0.033413135077805856,False,41.904497084919704,0.32041665863978824,0.036047236486818485,0.6663233918569191,0.0,4.5,False,7.001499878242612,20,0.18122040547760565,-0.033413135077805856,0.1,60,-64.64484405517578,24.470991134643555,0.004347638933335153,0.0,-51.36998815531822,24.54128973433948,0.002779010405088803,4.425000000000005,1,"[{""id"": 106, ""x"": -110.52759552001953, ""y"": 25.53565788269043, ""vx"": -0.09132900089025497, ""vy"": 8.069414138793945, ""r"": 2.5906050205230713}]"
129,6.45,-64.64484405517578,24.470991134643555,0.0027785056137527423,0.0,0.0,0.0,1.0,PlanStatus.FAIL,20,0.18122040547760565,-0.033413135077805856,False,41.92008823325886,0.32041665863978824,0.036047236486818485,0.6663189542935976,0.0,4.5,False,7.154699880629778,20,0.18122040547760565,-0.033413135077805856,0.1,60,-64.64484405517578,24.470991134643555,0.004347638933335153,0.0,-51.36998815531822,24.54128973433948,0.002779010405088803,4.425000000000005,1,"[{""id"": 106, ""x"": -110.5321044921875, ""y"": 25.93764877319336, ""vx"": -0.0890774056315422, ""vy"": 8.01921272277832, ""r"": 2.5906050205230713}]"
130,6.5,-64.64484405517578,24.470991134643555,0.0027785056137527423,0.0,0.0,0.0,1.0,PlanStatus.FAIL,20,0.18122040547760565,-0.033413135077805856,False,41.939185565266826,0.32041665863978824,0.036047236486818485,0.6663135232935444,0.0,4.5,False,8.213900029659271,20,0.18122040547760565,-0.033413135077805856,0.1,60,-64.64484405517578,24.470991134643555,0.004347638933335153,0.0,-51.36998815531822,24.54128973433948,0.002779010405088803,4.425000000000005,1,"[{""id"": 106, ""x"": -110.53658294677734, ""y"": 26.340206146240234, ""vx"": -0.08900722116231918, ""vy"": 8.07336139678955, ""r"": 2.5906050205230713}]"
131,6.550000000000001,-64.64484405517578,24.470991134643555,0.0027785056137527423,0.0,0.0,0.0,1.0,PlanStatus.FAIL,20,0.18122040547760565,-0.033413135077805856,False,41.9617908223268,0.32041665863978824,0.036047236486818485,0.6663071010799937,0.0,4.5,False,7.872699992731214,20,0.18122040547760565,-0.033413135077805856,0.1,60,-64.64484405517578,24.470991134643555,0.004347638933335153,0.0,-51.36998815531822,24.54128973433948,0.002779010405088803,4.425000000000005,1,"[{""id"": 106, ""x"": -110.54106903076172, ""y"": 26.742382049560547, ""vx"": -0.0896356850862503, ""vy"": 8.022711753845215, ""r"": 2.5906050205230713}]"
132,6.6000000000000005,-64.64484405517578,24.470991134643555,0.0027785056137527423,0.0,0.0,0.0,1.0,PlanStatus.FAIL,20,0.18122040547760565,-0.033413135077805856,False,41.98794183837599,0.32041665863978824,0.036047236486818485,0.6662996801338925,0.0,4.5,False,7.65689997933805,20,0.18122040547760565,-0.033413135077805856,0.1,60,-64.64484405517578,24.470991134643555,0.004347638933335153,0.0,-51.36998815531822,24.54128973433948,0.002779010405088803,4.425000000000005,1,"[{""id"": 106, ""x"": -110.54556274414062, ""y"": 27.14508819580078, ""vx"": -0.09029902517795563, ""vy"": 8.07568359375, ""r"": 2.5906050205230713}]"
133,6.65,-64.64484405517578,24.470991134643555,0.0027785056137527423,0.0,0.0,0.0,1.0,PlanStatus.FAIL,20,0.18122040547760565,-0.033413135077805856,False,42.017580419150995,0.32041665863978824,0.036047236486818485,0.6662912806789983,0.0,4.5,False,7.300700061023235,20,0.18122040547760565,-0.033413135077805856,0.1,60,-64.64484405517578,24.470991134643555,0.004347638933335153,0.0,-51.36998815531822,24.54128973433948,0.002779010405088803,4.425000000000005,1,"[{""id"": 106, ""x"": -110.55006408691406, ""y"": 27.54733657836914, ""vx"": -0.08972402662038803, ""vy"": 8.023627281188965, ""r"": 2.5906050205230713}]"
134,6.7,-64.64484405517578,24.470991134643555,0.0027785056137527423,0.0,0.0,0.0,1.0,PlanStatus.FAIL,20,0.18122040547760565,-0.033413135077805856,False,42.05078743546341,0.32041665863978824,0.036047236486818485,0.6662818840079531,0.0,4.5,False,7.637099828571081,20,0.18122040547760565,-0.033413135077805856,0.1,60,-64.64484405517578,24.470991134643555,0.004347638933335153,0.0,-51.36998815531822,24.54128973433948,0.002779010405088803,4.425000000000005,1,"[{""id"": 106, ""x"": -110.55460357666016, ""y"": 27.950042724609375, ""vx"": -0.09212199598550797, ""vy"": 8.07517147064209, ""r"": 2.5906050205230713}]"
135,6.75,-64.64484405517578,24.470991134643555,0.0027785056137527423,0.0,0.0,0.0,1.0,PlanStatus.FAIL,20,0.18122040547760565,-0.033413135077805856,False,42.08745450869712,0.32041665863978824,0.036047236486818485,0.666271525461664,0.0,4.5,False,7.518399972468615,20,0.18122040547760565,-0.033413135077805856,0.1,60,-64.64484405517578,24.470991134643555,0.004347638933335153,0.0,-51.36998815531822,24.54128973433948,0.002779010405088803,4.425000000000005,1,"[{""id"": 106, ""x"": -110.55915069580078, ""y"": 28.352230072021484, ""vx"": -0.09034796804189682, ""vy"": 8.022058486938477, ""r"": 2.5906050205230713}]"
136,6.800000000000001,-64.64484405517578,24.470991134643555,0.0027785056137527423,0.0,0.0,0.0,1.0,PlanStatus.FAIL,20,0.18122040547760565,-0.033413135077805856,False,42.1276091686294,0.32041665863978824,0.036047236486818485,0.6662602023482767,0.0,4.5,False,7.728900061920285,20,0.18122040547760565,-0.033413135077805856,0.1,60,-64.64484405517578,24.470991134643555,0.004347638933335153,0.0,-51.36998815531822,24.54128973433948,0.002779010405088803,4.425000000000005,1,"[{""id"": 106, ""x"": -110.56366729736328, ""y"": 28.754838943481445, ""vx"": -0.09083900600671768, ""vy"": 8.07308292388916, ""r"": 2.5906050205230713}]"
137,6.8500000000000005,-64.64484405517578,24.470991134643555,0.0027785056137527423,0.0,0.0,0.0,1.0,PlanStatus.FAIL,20,0.18122040547760565,-0.033413135077805856,False,42.171187069701,0.32041665863978824,0.036047236486818485,0.6662479383221497,0.0,4.5,False,7.280400022864342,20,0.18122040547760565,-0.033413135077805856,0.1,60,-64.64484405517578,24.470991134643555,0.004347638933335153,0.0,-51.36998815531822,24.54128973433948,0.002779010405088803,4.425000000000005,1,"[{""id"": 106, ""x"": -110.56818389892578, ""y"": 29.156917572021484, ""vx"": -0.09021643549203873, ""vy"": 8.019916534423828, ""r"": 2.5906050205230713}]"
138,6.9,-64.64484405517578,24.470991134643555,0.0027785056137527423,0.0,0.0,0.0,1.0,PlanStatus.FAIL,20,0.18122040547760565,-0.033413135077805856,False,42.21827137265773,0.32041665863978824,0.036047236486818485,0.6662347159525837,0.0,4.5,False,7.308700121939182,20,0.18122040547760565,-0.033413135077805856,0.1,60,-64.64484405517578,24.470991134643555,0.004347638933335153,0.0,-51.36998815531822,24.54128973433948,0.002779010405088803,4.425000000000005,1,"[{""id"": 106, ""x"": -110.57270050048828, ""y"": 29.55943489074707, ""vx"": -0.09079378098249435, ""vy"": 8.071404457092285, ""r"": 2.5906050205230713}]"
139,6.95,-64.64484405517578,24.470991134643555,0.0027785056137527423,0.0,0.0,0.0,1.0,PlanStatus.FAIL,20,0.18122040547760565,-0.033413135077805856,False,42.268751433577144,0.32041665863978824,0.036047236486818485,0.6662205726951376,0.0,4.5,False,7.082499796524644,20,0.18122040547760565,-0.033413135077805856,0.1,60,-64.64484405517578,24.470991134643555,0.004347638933335153,0.0,-51.36998815531822,24.54128973433948,0.002779010405088803,4.425000000000005,1,"[{""id"": 106, ""x"": -110.57721710205078, ""y"": 29.96145248413086, ""vx"": -0.09020839631557465, ""vy"": 8.018946647644043, ""r"": 2.5906050205230713}]"
140,7.0,-64.64484405517578,24.470991134643555,0.0027785056137527423,0.0,0.0,0.0,1.0,PlanStatus.FAIL,20,0.18122040547760565,-0.033413135077805856,False,42.32271933108425,0.32041665863978824,0.036047236486818485,0.6662054895474424,0.0,4.5,False,7.874900009483099,20,0.18122040547760565,-0.033413135077805856,0.1,60,-64.64484405517578,24.470991134643555,0.004347638933335153,0.0,-51.36998815531822,24.54128973433948,0.002779010405088803,4.425000000000005,1,"[{""id"": 106, ""x"": -110.58172607421875, ""y"": 30.363943099975586, ""vx"": -0.0908031240105629, ""vy"": 8.071258544921875, ""r"": 2.5906050205230713}]"
141,7.050000000000001,-64.64484405517578,24.470991134643555,0.0027785056137527423,0.0,0.0,0.0,1.0,PlanStatus.FAIL,20,0.18122040547760565,-0.033413135077805856,False,42.380033459198316,0.32041665863978824,0.036047236486818485,0.6661895132430662,0.0,4.5,False,7.966800127178431,20,0.18122040547760565,-0.033413135077805856,0.1,60,-64.64484405517578,24.470991134643555,0.004347638933335153,0.0,-51.36998815531822,24.54128973433948,0.002779010405088803,4.425000000000005,1,"[{""id"": 106, ""x"": -110.58621215820312, ""y"": 30.765974044799805, ""vx"": -0.0885365679860115, ""vy"": 8.01952838897705, ""r"": 2.5906050205230713}]"
142,7.1000000000000005,-64.64484405517578,24.470991134643555,0.0027785056137527423,0.0,0.0,0.0,1.0,PlanStatus.FAIL,20,0.18122040547760565,-0.033413135077805856,False,42.4408310571036,0.32041665863978824,0.036047236486818485,0.6661726130848638,0.0,4.5,False,7.390000158920884,20,0.18122040547760565,-0.033413135077805856,0.1,60,-64.64484405517578,24.470991134643555,0.004347638933335153,0.0,-51.36998815531822,24.54128973433948,0.002779010405088803,4.425000000000005,1,"[{""id"": 106, ""x"": -110.5906982421875, ""y"": 31.168508529663086, ""vx"": -0.09028162807226181, ""vy"": 8.072294235229492, ""r"": 2.5906050205230713}]"
143,7.15,-64.64484405517578,24.470991134643555,0.0027785056137527423,0.0,0.0,0.0,1.0,PlanStatus.FAIL,20,0.18122040547760565,-0.033413135077805856,False,42.50497461286274,0.32041665863978824,0.036047236486818485,0.6661548352468526,0.0,4.5,False,7.80349993146956,20,0.18122040547760565,-0.033413135077805856,0.1,60,-64.64484405517578,24.470991134643555,0.004347638933335153,0.0,-51.36998815531822,24.54128973433948,0.002779010405088803,4.425000000000005,1,"[{""id"": 106, ""x"": -110.5951919555664, ""y"": 31.570600509643555, ""vx"": -0.08973824232816696, ""vy"": 8.020734786987305, ""r"": 2.5906050205230713}]"
144,7.2,-64.64484405517578,24.470991134643555,0.0027785056137527423,0.0,0.0,0.0,1.0,PlanStatus.FAIL,20,0.18122040547760565,-0.033413135077805856,False,42.57258280180724,0.32041665863978824,0.036047236486818485,0.6661361551498004,0.0,4.5,False,8.207599865272641,20,0.18122040547760565,-0.033413135077805856,0.1,60,-64.64484405517578,24.470991134643555,0.004347638933335153,0.0,-51.36998815531822,24.54128973433948,0.002779010405088803,4.425000000000005,1,"[{""id"": 106, ""x"": -110.59968566894531, ""y"": 31.973190307617188, ""vx"": -0.09033101797103882, ""vy"": 8.07338809967041, ""r"": 2.5906050205230713}]"
145,7.25,-64.64484405517578,24.470991134643555,0.0027785056137527423,0.0,0.0,0.0,1.0,PlanStatus.FAIL,20,0.18122040547760565,-0.033413135077805856,False,42.64350747851937,0.32041665863978824,0.036047236486818485,0.6661166223694527,0.0,4.5,False,9.275699965655804,20,0.18122040547760565,-0.033413135077805856,0.1,60,-64.64484405517578,24.470991134643555,0.004347638933335153,0.0,-51.36998815531822,24.54128973433948,0.002779010405088803,4.425000000000005,1,"[{""id"": 106, ""x"": -110.60419464111328, ""y"": 32.375328063964844, ""vx"": -0.0897437259554863, ""vy"": 8.021513938903809, ""r"": 2.5906050205230713}]"
146,7.300000000000001,-64.64484405517578,24.470991134643555,0.0027785056137527423,0.0,0.0,0.0,1.0,PlanStatus.FAIL,20,0.18122040547760565,-0.033413135077805856,False,42.7178583788276,0.32041665863978824,0.036047236486818485,0.6660962156358492,0.0,4.5,False,7.6299000065773726,20,0.18122040547760565,-0.033413135077805856,0.1,60,-64.64484405517578,24.470991134643555,0.004347638933335153,0.0,-51.36998815531822,24.54128973433948,0.002779010405088803,4.425000000000005,1,"[{""id"": 106, ""x"": -110.60868835449219, ""y"": 32.777950286865234, ""vx"": -0.09031877666711807, ""vy"": 8.073720932006836, ""r"": 2.5906050205230713}]"
147,7.3500000000000005,-64.64484405517578,24.470991134643555,0.0027785056137527423,0.0,0.0,0.0,1.0,PlanStatus.FAIL,20,0.18122040547760565,-0.033413135077805856,False,42.79546628934715,0.32041665863978824,0.036047236486818485,0.6660749905993186,0.0,4.5,False,8.027900010347366,20,0.18122040547760565,-0.033413135077805856,0.1,60,-64.64484405517578,24.470991134643555,0.004347638933335153,0.0,-51.36998815531822,24.54128973433948,0.002779010405088803,4.425000000000005,1,"[{""id"": 106, ""x"": -110.6131820678711, ""y"": 33.18008804321289, ""vx"": -0.08972562849521637, ""vy"": 8.021411895751953, ""r"": 2.5906050205230713}]"
148,7.4,-64.64484405517578,24.470991134643555,0.0027785056137527423,0.0,0.0,0.0,1.0,PlanStatus.FAIL,20,0.18122040547760565,-0.033413135077805856,False,42.87648721764113,0.32041665863978824,0.036047236486818485,0.6660529141114869,0.0,4.5,False,7.510199910029769,20,0.18122040547760565,-0.033413135077805856,0.1,60,-64.64484405517578,24.470991134643555,0.004347638933335153,0.0,-51.36998815531822,24.54128973433948,0.002779010405088803,4.425000000000005,1,"[{""id"": 106, ""x"": -110.61767578125, ""y"": 33.58269119262695, ""vx"": -0.09030003100633621, ""vy"": 8.073277473449707, ""r"": 2.5906050205230713}]"
149,7.45,-64.64484405517578,24.470991134643555,0.0027785056137527423,0.0,0.0,0.0,1.0,PlanStatus.FAIL,20,0.18122040547760565,-0.033413135077805856,False,42.96071396916543,0.32041665863978824,0.036047236486818485,0.6660300523794578,0.0,4.5,False,8.520899806171656,20,0.18122040547760565,-0.033413135077805856,0.1,60,-64.64484405517578,24.470991134643555,0.004347638933335153,0.0,-51.36998815531822,24.54128973433948,0.002779010405088803,4.425000000000005,1,"[{""id"": 106, ""x"": -110.62216186523438, ""y"": 33.98480224609375, ""vx"": -0.08970962464809418, ""vy"": 8.020770072937012, ""r"": 2.5906050205230713}]"
150,7.5,-64.64484405517578,24.470991134643555,0.0027785056137527423,0.0,0.0,0.0,1.0,PlanStatus.FAIL,20,0.18122040547760565,-0.033413135077805856,False,43.048331849532254,0.32041665863978824,0.036047236486818485,0.6660063651246273,0.0,4.5,False,7.13359983637929,20,0.18122040547760565,-0.033413135077805856,0.1,60,-64.64484405517578,24.470991134643555,0.004347638933335153,0.0,-51.36998815531822,24.54128973433948,0.002779010405088803,4.425000000000005,1,"[{""id"": 106, ""x"": -110.62665557861328, ""y"": 34.38737106323242, ""vx"": -0.09028773009777069, ""vy"": 8.072615623474121, ""r"": 2.5906050205230713}]"
151,7.550000000000001,-64.64484405517578,24.470991134643555,0.0027785056137527423,0.0,0.0,0.0,1.0,PlanStatus.FAIL,20,0.18122040547760565,-0.033413135077805856,False,43.13916376593203,0.32041665863978824,0.036047236486818485,0.6659819105407756,0.0,4.5,False,7.209599949419498,20,0.18122040547760565,-0.033413135077805856,0.1,60,-64.64484405517578,24.470991134643555,0.004347638933335153,0.0,-51.36998815531822,24.54128973433948,0.002779010405088803,4.425000000000005,1,"[{""id"": 106, ""x"": -110.63119506835938, ""y"": 34.789451599121094, ""vx"": -0.0913906916975975, ""vy"": 8.02020263671875, ""r"": 2.5906050205230713}]"
152,7.6000000000000005,-64.64484405517578,24.470991134643555,0.0027785056137527423,0.0,0.0,0.0,1.0,PlanStatus.FAIL,20,0.18122040547760565,-0.033413135077805856,False,43.23335806079663,0.32041665863978824,0.036047236486818485,0.6659566592374216,0.0,4.5,False,7.177999941632152,20,0.18122040547760565,-0.033413135077805856,0.1,60,-64.64484405517578,24.470991134643555,0.004347638933335153,0.0,-51.36998815531822,24.54128973433948,0.002779010405088803,4.425000000000005,1,"[{""id"": 106, ""x"": -110.6357421875, ""y"": 35.19199752807617, ""vx"": -0.09082504361867905, ""vy"": 8.072287559509277, ""r"": 2.5906050205230713}]"
153,7.65,-64.64484405517578,24.470991134643555,0.0027785056137527423,0.0,0.0,0.0,1.0,PlanStatus.FAIL,20,0.18122040547760565,-0.033413135077805856,False,43.33064145313218,0.32041665863978824,0.036047236486818485,0.6659306950608017,0.0,4.5,False,7.639700081199408,20,0.18122040547760565,-0.033413135077805856,0.1,60,-64.64484405517578,24.470991134643555,0.004347638933335153,0.0,-51.36998815531822,24.54128973433948,0.002779010405088803,4.425000000000005,1,"[{""id"": 106, ""x"": -110.64025115966797, ""y"": 35.59407043457031, ""vx"": -0.09020758420228958, ""vy"": 8.020140647888184, ""r"": 2.5906050205230713}]"
154,7.7,-64.64484405517578,24.470991134643555,0.0027785056137527423,0.0,0.0,0.0,1.0,PlanStatus.FAIL,20,0.18122040547760565,-0.033413135077805856,False,43.43122853957292,0.32041665863978824,0.036047236486818485,0.6659039714598375,0.0,4.5,False,8.314299862831831,20,0.18122040547760565,-0.033413135077805856,0.1,60,-64.64484405517578,24.470991134643555,0.004347638933335153,0.0,-51.36998815531822,24.54128973433948,0.002779010405088803,4.425000000000005,1,"[{""id"": 106, ""x"": -110.64473724365234, ""y"": 35.996620178222656, ""vx"": -0.0889594629406929, ""vy"": 8.072454452514648, ""r"": 2.5906050205230713}]"
155,7.75,-64.64484405517578,24.470991134643555,0.0027785056137527423,0.0,0.0,0.0,1.0,PlanStatus.FAIL,20,0.18122040547760565,-0.033413135077805856,False,43.53488969639663,0.32041665863978824,0.036047236486818485,0.6658765603564647,0.0,4.5,False,7.367100100964308,20,0.18122040547760565,-0.033413135077805856,0.1,60,-64.64484405517578,24.470991134643555,0.004347638933335153,0.0,-51.36998815531822,24.54128973433948,0.002779010405088803,4.425000000000005,1,"[{""id"": 106, ""x"": -110.64921569824219, ""y"": 36.39870834350586, ""vx"": -0.08954637497663498, ""vy"": 8.020453453063965, ""r"": 2.5906050205230713}]"
156,7.800000000000001,-64.64484405517578,24.470991134643555,0.0027785056137527423,0.0,0.0,0.0,1.0,PlanStatus.FAIL,20,0.18122040547760565,-0.033413135077805856,False,43.64185917009495,0.32041665863978824,0.036047236486818485,0.6658484109498428,0.0,4.5,False,7.808100199326873,20,0.18122040547760565,-0.033413135077805856,0.1,60,-64.64484405517578,24.470991134643555,0.004347638933335153,0.0,-51.36998815531822,24.54128973433948,0.002779010405088803,4.425000000000005,1,"[{""id"": 106, ""x"": -110.6537094116211, ""y"": 36.80127716064453, ""vx"": -0.09020931273698807, ""vy"": 8.0728120803833, ""r"": 2.5906050205230713}]"
157,7.8500000000000005,-64.64484405517578,24.470991134643555,0.0027785056137527423,0.0,0.0,0.0,1.0,PlanStatus.FAIL,20,0.18122040547760565,-0.033413135077805856,False,43.75190500762987,0.32041665863978824,0.036047236486818485,0.6658195956239257,0.0,4.5,False,7.033099886029959,20,0.18122040547760565,-0.033413135077805856,0.1,60,-64.64484405517578,24.470991134643555,0.004347638933335153,0.0,-51.36998815531822,24.54128973433948,0.002779010405088803,4.425000000000005,1,"[{""id"": 106, ""x"": -110.65824890136719, ""y"": 37.20338439941406, ""vx"": -0.09133992344141006, ""vy"": 8.020782470703125, ""r"": 2.5906050205230713}]"
158,7.9,-64.64484405517578,24.470991134643555,0.0027785056137527423,0.0,0.0,0.0,1.0,PlanStatus.FAIL,20,0.18122040547760565,-0.033413135077805856,False,43.86520685676294,0.32041665863978824,0.036047236486818485,0.6657900787727057,0.0,4.5,False,7.700599962845445,20,0.18122040547760565,-0.033413135077805856,0.1,60,-64.64484405517578,24.470991134643555,0.004347638933335153,0.0,-51.36998815531822,24.54128973433948,0.002779010405088803,4.425000000000005,1,"[{""id"": 106, ""x"": -110.66278839111328, ""y"": 37.60596466064453, ""vx"": -0.09077746421098709, ""vy"": 8.073058128356934, ""r"": 2.5906050205230713}]"
159,7.95,-64.64484405517578,24.470991134643555,0.0027785056137527423,0.0,0.0,0.0,1.0,PlanStatus.FAIL,20,0.18122040547760565,-0.033413135077805856,False,43.981467857506225,0.32041665863978824,0.036047236486818485,0.6657599491020125,0.0,4.5,False,7.8338999301195145,20,0.18122040547760565,-0.033413135077805856,0.1,60,-64.64484405517578,24.470991134643555,0.004347638933335153,0.0,-51.36998815531822,24.54128973433948,0.002779010405088803,4.425000000000005,1,"[{""id"": 106, ""x"": -110.66730499267578, ""y"": 38.00808334350586, ""vx"": -0.09015531092882156, ""vy"": 8.020920753479004, ""r"": 2.5906050205230713}]"
160,8.0,-64.64484405517578,24.470991134643555,0.0027785056137527423,0.0,0.0,0.0,1.0,PlanStatus.FAIL,20,0.18122040547760565,-0.033413135077805856,False,44.100945550300715,0.32041665863978824,0.036047236486818485,0.6657291513165693,0.0,4.5,False,7.5460998341441154,20,0.18122040547760565,-0.033413135077805856,0.1,60,-64.64484405517578,24.470991134643555,0.004347638933335153,0.0,-51.36998815531822,24.54128973433948,0.002779010405088803,4.425000000000005,1,"[{""id"": 106, ""x"": -110.67182159423828, ""y"": 38.410667419433594, ""vx"": -0.09073322266340256, ""vy"": 8.073043823242188, ""r"": 2.5906050205230713}]"
161,8.05,-64.64484405517578,24.470991134643555,0.0027785056137527423,0.0,0.0,0.0,1.0,PlanStatus.FAIL,20,0.18122040547760565,-0.033413135077805856,False,44.22334739426075,0.32041665863978824,0.036047236486818485,0.6656977723394025,0.0,4.5,False,8.456300012767315,20,0.18122040547760565,-0.033413135077805856,0.1,60,-64.64484405517578,24.470991134643555,0.004347638933335153,0.0,-51.36998815531822,24.54128973433948,0.002779010405088803,4.425000000000005,1,"[{""id"": 106, ""x"": -110.67633819580078, ""y"": 38.812774658203125, ""vx"": -0.09014889597892761, ""vy"": 8.020793914794922, ""r"": 2.5906050205230713}]"
162,8.1,-64.64484405517578,24.470991134643555,0.0027785056137527423,0.0,0.0,0.0,1.0,PlanStatus.FAIL,20,0.18122040547760565,-0.033413135077805856,False,44.34892666413387,0.32041665863978824,0.036047236486818485,0.6656657588053855,0.0,4.5,False,8.091799914836884,20,0.18122040547760565,-0.033413135077805856,0.1,60,-64.64484405517578,24.470991134643555,0.004347638933335153,0.0,-51.36998815531822,24.54128973433948,0.002779010405088803,4.425000000000005,1,"[{""id"": 106, ""x"": -110.68085479736328, ""y"": 39.21534729003906, ""vx"": -0.09073935449123383, ""vy"": 8.072851181030273, ""r"": 2.5906050205230713}]"
163,8.15,-64.64484405517578,24.470991134643555,0.0027785056137527423,0.0,0.0,0.0,1.0,PlanStatus.FAIL,20,0.18122040547760565,-0.033413135077805856,False,44.477340755141086,0.32041665863978824,0.036047236486818485,0.6656332095391587,0.0,4.5,False,7.511200150474906,20,0.18122040547760565,-0.033413135077805856,0.1,60,-64.64484405517578,24.470991134643555,0.004347638933335153,0.0,-51.36998815531822,24.54128973433948,0.002779010405088803,4.425000000000005,1,"[{""id"": 106, ""x"": -110.68533325195312, ""y"": 39.61744689941406, ""vx"": -0.08846751600503922, ""vy"": 8.020605087280273, ""r"": 2.5906050205230713}]"
164,8.200000000000001,-64.64484405517578,24.470991134643555,0.0027785056137527423,0.0,0.0,0.0,1.0,PlanStatus.FAIL,20,0.18122040547760565,-0.033413135077805856,False,44.60890026558837,0.32041665863978824,0.036047236486818485,0.6656000573338663,0.0,4.5,False,7.1217999793589115,20,0.18122040547760565,-0.033413135077805856,0.1,60,-64.64484405517578,24.470991134643555,0.004347638933335153,0.0,-51.36998815531822,24.54128973433948,0.002779010405088803,4.425000000000005,1,"[{""id"": 106, ""x"": -110.6898193359375, ""y"": 40.020015716552734, ""vx"": -0.09020503610372543, ""vy"": 8.072684288024902, ""r"": 2.5906050205230713}]"
165,8.25,-64.64484405517578,24.470991134643555,0.0027785056137527423,0.0,0.0,0.0,1.0,PlanStatus.FAIL,20,0.18122040547760565,-0.033413135077805856,False,44.743288902213095,0.32041665863978824,0.036047236486818485,0.6655663934911045,0.0,4.5,False,8.021899964660406,20,0.18122040547760565,-0.033413135077805856,0.1,60,-64.64484405517578,24.470991134643555,0.004347638933335153,0.0,-51.36998815531822,24.54128973433948,0.002779010405088803,4.425000000000005,1,"[{""id"": 106, ""x"": -110.69432067871094, ""y"": 40.4221076965332, ""vx"": -0.08965500444173813, ""vy"": 8.020480155944824, ""r"": 2.5906050205230713}]"
166,8.3,-64.64484405517578,24.470991134643555,0.0027785056137527423,0.0,0.0,0.0,1.0,PlanStatus.FAIL,20,0.18122040547760565,-0.033413135077805856,False,44.88077038511021,0.32041665863978824,0.036047236486818485,0.6655321635129336,0.0,4.5,False,7.1118001360446215,20,0.18122040547760565,-0.033413135077805856,0.1,60,-64.64484405517578,24.470991134643555,0.004347638933335153,0.0,-51.36998815531822,24.54128973433948,0.002779010405088803,4.425000000000005,1,"[{""id"": 106, ""x"": -110.69881439208984, ""y"": 40.82468032836914, ""vx"": -0.09024163335561752, ""vy"": 8.072650909423828, ""r"": 2.5906050205230713}]"
167,8.35,-64.64484405517578,24.470991134643555,0.0027785056137527423,0.0,0.0,0.0,1.0,PlanStatus.FAIL,20,0.18122040547760565,-0.033413135077805856,False,45.021009046076,0.32041665863978824,0.036047236486818485,0.6654974624394296,0.0,4.5,False,7.700599962845445,20,0.18122040547760565,-0.033413135077805856,0.1,60,-64.64484405517578,24.470991134643555,0.004347638933335153,0.0,-51.36998815531822,24.54128973433948,0.002779010405088803,4.425000000000005,1,"[{""id"": 106, ""x"": -110.70330810546875, ""y"": 41.22677230834961, ""vx"": -0.08965195715427399, ""vy"": 8.020517349243164, ""r"": 2.5906050205230713}]"
168,8.4,-64.64484405517578,24.470991134643555,0.0027785056137527423,0.0,0.0,0.0,1.0,PlanStatus.FAIL,20,0.18122040547760565,-0.033413135077805856,False,45.164305041992314,0.32041665863978824,0.036047236486818485,0.6654622274422668,0.0,4.5,False,8.075400022789836,20,0.18122040547760565,-0.033413135077805856,0.1,60,-64.64484405517578,24.470991134643555,0.004347638933335153,0.0,-51.36998815531822,24.54128973433948,0.002779010405088803,4.425000000000005,1,"[{""id"": 106, ""x"": -110.70780181884766, ""y"": 41.62934494018555, ""vx"": -0.09022662043571472, ""vy"": 8.07274055480957, ""r"": 2.5906050205230713}]"
169,8.450000000000001,-64.64484405517578,24.470991134643555,0.0027785056137527423,0.0,0.0,0.0,1.0,PlanStatus.FAIL,20,0.18122040547760565,-0.033413135077805856,False,45.310342489686015,0.32041665863978824,0.036047236486818485,0.6654265476463979,0.0,4.5,False,8.297099964693189,20,0.18122040547760565,-0.033413135077805856,0.1,60,-64.64484405517578,24.470991134643555,0.004347638933335153,0.0,-51.36998815531822,24.54128973433948,0.002779010405088803,4.425000000000005,1,"[{""id"": 106, ""x"": -110.71234130859375, ""y"": 42.03143310546875, ""vx"": -0.09132668375968933, ""vy"": 8.020612716674805, ""r"": 2.5906050205230713}]"
170,8.5,-64.64484405517578,24.470991134643555,0.0027785056137527423,0.0,0.0,0.0,1.0,PlanStatus.FAIL,20,0.18122040547760565,-0.033413135077805856,False,45.45939599389367,0.32041665863978824,0.036047236486818485,0.6653903673557936,0.0,4.5,False,7.724300026893616,20,0.18122040547760565,-0.033413135077805856,0.1,60,-64.64484405517578,24.470991134643555,0.004347638933335153,0.0,-51.36998815531822,24.54128973433948,0.002779010405088803,4.425000000000005,1,"[{""id"": 106, ""x"": -110.71688079833984, ""y"": 42.43400955200195, ""vx"": -0.09075706452131271, ""vy"": 8.072840690612793, ""r"": 2.5906050205230713}]"
171,8.55,-64.64484405517578,24.470991134643555,0.0027785056137527423,0.0,0.0,0.0,1.0,PlanStatus.FAIL,20,0.18122040547760565,-0.033413135077805856,False,45.6110546481946,0.32041665863978824,0.036047236486818485,0.6653537974070189,0.0,4.5,False,7.847599918022752,20,0.18122040547760565,-0.033413135077805856,0.1,60,-64.64484405517578,24.470991134643555,0.004347638933335153,0.0,-51.36998815531822,24.54128973433948,0.002779010405088803,4.425000000000005,1,"[{""id"": 106, ""x"": -110.72138214111328, ""y"": 42.83610153198242, ""vx"": -0.09013672918081284, ""vy"": 8.020708084106445, ""r"": 2.5906050205230713}]"
172,8.6,-64.64484405517578,24.470991134643555,0.0027785056137527423,0.0,0.0,0.0,1.0,PlanStatus.FAIL,20,0.18122040547760565,-0.033413135077805856,False,45.76570342913076,0.32041665863978824,0.036047236486818485,0.6653167560202247,0.0,4.5,False,8.19309987127781,20,0.18122040547760565,-0.033413135077805856,0.1,60,-64.64484405517578,24.470991134643555,0.004347638933335153,0.0,-51.36998815531822,24.54128973433948,0.002779010405088803,4.425000000000005,1,"[{""id"": 106, ""x"": -110.72590637207031, ""y"": 43.23867416381836, ""vx"": -0.0907188206911087, ""vy"": 8.072884559631348, ""r"": 2.5906050205230713}]"
173,8.65,-64.64484405517578,24.470991134643555,0.0027785056137527423,0.0,0.0,0.0,1.0,PlanStatus.FAIL,20,0.18122040547760565,-0.033413135077805856,False,45.92292321776807,0.32041665863978824,0.036047236486818485,0.6652793545564971,0.0,4.5,False,7.168099982663989,20,0.18122040547760565,-0.033413135077805856,0.1,60,-64.64484405517578,24.470991134643555,0.004347638933335153,0.0,-51.36998815531822,24.54128973433948,0.002779010405088803,4.425000000000005,1,"[{""id"": 106, ""x"": -110.73041534423828, ""y"": 43.640769958496094, ""vx"": -0.09013901650905609, ""vy"": 8.020709991455078, ""r"": 2.5906050205230713}]"
174,8.700000000000001,-64.64484405517578,24.470991134643555,0.0027785056137527423,0.0,0.0,0.0,1.0,PlanStatus.FAIL,20,0.18122040547760565,-0.033413135077805856,False,46.08352710346623,0.32041665863978824,0.036047236486818485,0.665241411532948,0.0,4.5,False,7.199600106105208,20,0.18122040547760565,-0.033413135077805856,0.1,60,-64.64484405517578,24.470991134643555,0.004347638933335153,0.0,-51.36998815531822,24.54128973433948,0.002779010405088803,4.425000000000005,1,"[{""id"": 106, ""x"": -110.73495483398438, ""y"": 44.04445266723633, ""vx"": -0.08842294663190842, ""vy"": 8.047362327575684, ""r"": 2.5906050205230713}]"
175,8.75,-64.64484405517578,24.470991134643555,0.0027785056137527423,0.0,0.0,0.0,1.0,PlanStatus.FAIL,20,0.18122040547760565,-0.033413135077805856,False,46.24689848554098,0.32041665863978824,0.036047236486818485,0.6652030850604855,0.0,4.5,False,7.218000013381243,20,0.18122040547760565,-0.033413135077805856,0.1,60,-64.64484405517578,24.470991134643555,0.004347638933335153,0.0,-51.36998815531822,24.54128973433948,0.002779010405088803,4.425000000000005,1,"[{""id"": 106, ""x"": -110.73937225341797, ""y"": 44.448509216308594, ""vx"": -0.09196745604276657, ""vy"": 8.104645729064941, ""r"": 2.5906050205230713}]"
176,8.8,-64.64484405517578,24.470991134643555,0.0027785056137527423,0.0,0.0,0.0,1.0,PlanStatus.FAIL,20,0.18122040547760565,-0.033413135077805856,False,46.41260689768948,0.32041665863978824,0.036047236486818485,0.6651644859552497,0.0,4.5,False,8.037300081923604,20,0.18122040547760565,-0.033413135077805856,0.1,60,-64.64484405517578,24.470991134643555,0.004347638933335153,0.0,-51.36998815531822,24.54128973433948,0.002779010405088803,4.425000000000005,1,"[{""id"": 106, ""x"": -110.7435302734375, ""y"": 44.852230072021484, ""vx"": -0.09291394799947739, ""vy"": 8.052227973937988, ""r"": 2.5906050205230713}]"
177,8.85,-64.64484405517578,24.470991134643555,0.0027785056137527423,0.0,0.0,0.0,1.0,PlanStatus.FAIL,20,0.18122040547760565,-0.033413135077805856,False,46.58138129968127,0.32041665863978824,0.036047236486818485,0.6651254549643968,0.0,4.5,False,8.167200023308396,20,0.18122040547760565,-0.033413135077805856,0.1,60,-64.64484405517578,24.470991134643555,0.004347638933335153,0.0,-51.36998815531822,24.54128973433948,0.002779010405088803,4.425000000000005,1,"[{""id"": 106, ""x"": -110.74805450439453, ""y"": 45.25607681274414, ""vx"": -0.09280852228403091, ""vy"": 8.094058990478516, ""r"": 2.5906050205230713}]"
178,8.9,-64.64484405517578,24.470991134643555,0.0027785056137527423,0.0,0.0,0.0,1.0,PlanStatus.FAIL,20,0.18122040547760565,-0.033413135077805856,False,46.75215312976472,0.32041665863978824,0.036047236486818485,0.6650862488642416,0.0,4.5,False,7.6246000826358795,20,0.18122040547760565,-0.033413135077805856,0.1,60,-64.64484405517578,24.470991134643555,0.004347638933335153,0.0,-51.36998815531822,24.54128973433948,0.002779010405088803,4.425000000000005,1,"[{""id"": 106, ""x"": -110.75230407714844, ""y"": 45.65895080566406, ""vx"": -0.0937809944152832, ""vy"": 8.031896591186523, ""r"": 2.5906050205230713}]"
179,8.950000000000001,-64.64484405517578,24.470991134643555,0.0027785056137527423,0.0,0.0,0.0,1.0,PlanStatus.FAIL,20,0.18122040547760565,-0.033413135077805856,False,46.92579672443597,0.32041665863978824,0.036047236486818485,0.665046676048182,0.0,4.5,False,7.639199960976839,20,0.18122040547760565,-0.033413135077805856,0.1,60,-64.64484405517578,24.470991134643555,0.004347638933335153,0.0,-51.36998815531822,24.54128973433948,0.002779010405088803,4.425000000000005,1,"[{""id"": 106, ""x"": -110.75690460205078, ""y"": 46.06167984008789, ""vx"": -0.09266220033168793, ""vy"": 8.07126235961914, ""r"": 2.5906050205230713}]"
180,9.0,-64.64484405517578,24.470991134643555,0.0027785056137527423,0.0,0.0,0.0,1.0,PlanStatus.FAIL,20,0.18122040547760565,-0.033413135077805856,False,47.10151281455414,0.32041665863978824,0.036047236486818485,0.6650069279321165,0.0,4.5,False,8.398900041356683,20,0.18122040547760565,-0.033413135077805856,0.1,60,-64.64484405517578,24.470991134643555,0.004347638933335153,0.0,-51.36998815531822,24.54128973433948,0.002779010405088803,4.425000000000005,1,"[{""id"": 106, ""x"": -110.76123046875, ""y"": 46.46379470825195, ""vx"": -0.08973099291324615, ""vy"": 8.042143821716309, ""r"": 2.5906050205230713}]"
181,9.05,-64.64484405517578,24.470991134643555,0.0027785056137527423,0.0,0.0,0.0,1.0,PlanStatus.FAIL,20,0.18122040547760565,-0.033413135077805856,False,47.279870722285324,0.32041665863978824,0.036047236486818485,0.6649668843582418,0.0,4.5,False,7.575199939310551,20,0.18122040547760565,-0.033413135077805856,0.1,60,-64.64484405517578,24.470991134643555,0.004347638933335153,0.0,-51.36998815531822,24.54128973433948,0.002779010405088803,4.425000000000005,1,"[{""id"": 106, ""x"": -110.76567840576172, ""y"": 46.86586380004883, ""vx"": -0.09106098860502243, ""vy"": 8.033342361450195, ""r"": 2.5906050205230713}]"
182,9.1,-64.64484405517578,24.470991134643555,0.0027785056137527423,0.0,0.0,0.0,1.0,PlanStatus.FAIL,20,0.18122040547760565,-0.033413135077805856,False,47.46056490055616,0.32041665863978824,0.036047236486818485,0.6649266231647198,0.0,4.5,False,7.3777001816779375,20,0.18122040547760565,-0.033413135077805856,0.1,60,-64.64484405517578,24.470991134643555,0.004347638933335153,0.0,-51.36998815531822,24.54128973433948,0.002779010405088803,4.425000000000005,1,"[{""id"": 106, ""x"": -110.770263671875, ""y"": 47.26723098754883, ""vx"": -0.09183233231306076, ""vy"": 8.024063110351562, ""r"": 2.5906050205230713}]"
183,9.15,-64.64484405517578,24.470991134643555,0.0027785056137527423,0.0,0.0,0.0,1.0,PlanStatus.FAIL,20,0.18122040547760565,-0.033413135077805856,False,47.6438418986575,0.32041665863978824,0.036047236486818485,0.6648860984446626,0.0,4.5,False,7.3771001771092415,20,0.18122040547760565,-0.033413135077805856,0.1,60,-64.64484405517578,24.470991134643555,0.004347638933335153,0.0,-51.36998815531822,24.54128973433948,0.002779010405088803,4.425000000000005,1,"[{""id"": 106, ""x"": -110.77508544921875, ""y"": 47.668338775634766, ""vx"": -0.09076395630836487, ""vy"": 8.021876335144043, ""r"": 2.5906050205230713}]"
184,9.200000000000001,-64.64484405517578,24.470991134643555,0.0027785056137527423,0.0,0.0,0.0,1.0,PlanStatus.FAIL,20,0.18122040547760565,-0.033413135077805856,False,47.82951572437433,0.32041665863978824,0.036047236486818485,0.6648453604415987,0.0,4.5,False,7.11630005389452,20,0.18122040547760565,-0.033413135077805856,0.1,60,-64.64484405517578,24.470991134643555,0.004347638933335153,0.0,-51.36998815531822,24.54128973433948,0.002779010405088803,4.425000000000005,1,"[{""id"": 106, ""x"": -110.77979278564453, ""y"": 48.06953811645508, ""vx"": -0.09177324175834656, ""vy"": 8.026005744934082, ""r"": 2.5906050205230713}]"
185,9.25,-64.64484405517578,24.470991134643555,0.0027785056137527423,0.0,0.0,0.0,1.0,PlanStatus.FAIL,20,0.18122040547760565,-0.033413135077805856,False,48.01789028799468,0.32041665863978824,0.036047236486818485,0.6648043518286082,0.0,4.5,False,7.380299968644977,20,0.18122040547760565,-0.033413135077805856,0.1,60,-64.64484405517578,24.470991134643555,0.004347638933335153,0.0,-51.36998815531822,24.54128973433948,0.002779010405088803,4.425000000000005,1,"[{""id"": 106, ""x"": -110.78462982177734, ""y"": 48.4710693359375, ""vx"": -0.09067749977111816, ""vy"": 8.034255027770996, ""r"": 2.5906050205230713}]"
186,9.3,-64.64484405517578,24.470991134643555,0.0027785056137527423,0.0,0.0,0.0,1.0,PlanStatus.FAIL,20,0.18122040547760565,-0.033413135077805856,False,48.2087384665014,0.32041665863978824,0.036047236486818485,0.6647631315304496,0.0,4.5,False,7.147099822759628,20,0.18122040547760565,-0.033413135077805856,0.1,60,-64.64484405517578,24.470991134643555,0.004347638933335153,0.0,-51.36998815531822,24.54128973433948,0.002779010405088803,4.425000000000005,1,"[{""id"": 106, ""x"": -110.78929138183594, ""y"": 48.873069763183594, ""vx"": -0.09139031916856766, ""vy"": 8.044169425964355, ""r"": 2.5906050205230713}]"
187,9.35,-64.64484405517578,24.470991134643555,0.0027785056137527423,0.0,0.0,0.0,1.0,PlanStatus.FAIL,20,0.18122040547760565,-0.033413135077805856,False,48.40229985310106,0.32041665863978824,0.036047236486818485,0.6647216572382473,0.0,4.5,False,9.920099982991815,20,0.18122040547760565,-0.033413135077805856,0.1,60,-64.64484405517578,24.470991134643555,0.004347638933335153,0.0,-51.36998815531822,24.54128973433948,0.002779010405088803,4.425000000000005,1,"[{""id"": 106, ""x"": -110.79405975341797, ""y"": 49.27555465698242, ""vx"": -0.09025369584560394, ""vy"": 8.053115844726562, ""r"": 2.5906050205230713}]"
188,9.4,-64.64484405517578,24.470991134643555,0.0027785056137527423,0.0,0.0,0.0,1.0,PlanStatus.FAIL,20,0.18122040547760565,-0.033413135077805856,False,48.598263393744496,0.32041665863978824,0.036047236486818485,0.6646800047812351,0.0,4.5,False,7.189699914306402,20,0.18122040547760565,-0.033413135077805856,0.1,60,-64.64484405517578,24.470991134643555,0.004347638933335153,0.0,-51.36998815531822,24.54128973433948,0.002779010405088803,4.425000000000005,1,"[{""id"": 106, ""x"": -110.79866027832031, ""y"": 49.67841720581055, ""vx"": -0.09149777889251709, ""vy"": 8.059391975402832, ""r"": 2.5906050205230713}]"
189,9.450000000000001,-64.64484405517578,24.470991134643555,0.0027785056137527423,0.0,0.0,0.0,1.0,PlanStatus.FAIL,20,0.18122040547760565,-0.033413135077805856,False,48.796759299353745,0.32041665863978824,0.036047236486818485,0.6646381551158391,0.0,4.5,False,7.776699960231781,20,0.18122040547760565,-0.033413135077805856,0.1,60,-64.64484405517578,24.470991134643555,0.004347638933335153,0.0,-51.36998815531822,24.54128973433948,0.002779010405088803,4.425000000000005,1,"[{""id"": 106, ""x"": -110.80335998535156, ""y"": 50.08148193359375, ""vx"": -0.09032261371612549, ""vy"": 8.062076568603516, ""r"": 2.5906050205230713}]"
190,9.5,-64.64484405517578,24.470991134643555,0.0027785056137527423,0.0,0.0,0.0,1.0,PlanStatus.FAIL,20,0.18122040547760565,-0.033413135077805856,False,48.99742315644767,0.32041665863978824,0.036047236486818485,0.6645961930195774,0.0,4.5,False,8.760400116443634,20,0.18122040547760565,-0.033413135077805856,0.1,60,-64.64484405517578,24.470991134643555,0.004347638933335153,0.0,-51.36998815531822,24.54128973433948,0.002779010405088803,4.425000000000005,1,"[{""id"": 106, ""x"": -110.80786895751953, ""y"": 50.48456954956055, ""vx"": -0.090142160654068, ""vy"": 8.061335563659668, ""r"": 2.5906050205230713}]"
191,9.55,-64.64484405517578,24.470991134643555,0.0027785056137527423,0.0,0.0,0.0,1.0,PlanStatus.FAIL,20,0.18122040547760565,-0.033413135077805856,False,49.20041243934192,0.32041665863978824,0.036047236486818485,0.6645540928893433,0.0,4.5,False,7.0350999012589455,20,0.18122040547760565,-0.033413135077805856,0.1,60,-64.64484405517578,24.470991134643555,0.004347638933335153,0.0,-51.36998815531822,24.54128973433948,0.002779010405088803,4.425000000000005,1,"[{""id"": 106, ""x"": -110.8124771118164, ""y"": 50.88753890991211, ""vx"": -0.08906981348991394, ""vy"": 8.057947158813477, ""r"": 2.5906050205230713}]"
192,9.600000000000001,-64.64484405517578,24.470991134643555,0.0027785056137527423,0.0,0.0,0.0,1.0,PlanStatus.FAIL,20,0.18122040547760565,-0.033413135077805856,False,49.40539746514655,0.32041665863978824,0.036047236486818485,0.6645119299011284,0.0,4.5,False,7.256000069901347,20,0.18122040547760565,-0.033413135077805856,0.1,60,-64.64484405517578,24.470991134643555,0.004347638933335153,0.0,-51.36998815531822,24.54128973433948,0.002779010405088803,4.425000000000005,1,"[{""id"": 106, ""x"": -110.81689453125, ""y"": 51.29029083251953, ""vx"": -0.08919887989759445, ""vy"": 8.053192138671875, ""r"": 2.5906050205230713}]"
193,9.65,-64.64484405517578,24.470991134643555,0.0027785056137527423,0.0,0.0,0.0,1.0,PlanStatus.FAIL,20,0.18122040547760565,-0.033413135077805856,False,49.61266081116286,0.32041665863978824,0.036047236486818485,0.6644696525228064,0.0,4.5,False,7.100299932062626,20,0.18122040547760565,-0.033413135077805856,0.1,60,-64.64484405517578,24.470991134643555,0.004347638933335153,0.0,-51.36998815531822,24.54128973433948,0.002779010405088803,4.425000000000005,1,"[{""id"": 106, ""x"": -110.82149505615234, ""y"": 51.69280242919922, ""vx"": -0.09025999158620834, ""vy"": 8.048317909240723, ""r"": 2.5906050205230713}]"
194,9.700000000000001,-64.64484405517578,24.470991134643555,0.0027785056137527423,0.0,0.0,0.0,1.0,PlanStatus.FAIL,20,0.18122040547760565,-0.033413135077805856,False,49.82186632024535,0.32041665863978824,0.036047236486818485,0.6644273356916235,0.0,4.5,False,7.052400149405003,20,0.18122040547760565,-0.033413135077805856,0.1,60,-64.64484405517578,24.470991134643555,0.004347638933335153,0.0,-51.36998815531822,24.54128973433948,0.002779010405088803,4.425000000000005,1,"[{""id"": 106, ""x"": -110.82591247558594, ""y"": 52.0950927734375, ""vx"": -0.09015646576881409, ""vy"": 8.044450759887695, ""r"": 2.5906050205230713}]"
195,9.75,-64.64484405517578,24.470991134643555,0.0027785056137527423,0.0,0.0,0.0,1.0,PlanStatus.FAIL,20,0.18122040547760565,-0.033413135077805856,False,50.033291462646616,0.32041665863978824,0.036047236486818485,0.6643849294119698,0.0,4.5,False,7.35139986500144,20,0.18122040547760565,-0.033413135077805856,0.1,60,-64.64484405517578,24.470991134643555,0.004347638933335153,0.0,-51.36998815531822,24.54128973433948,0.002779010405088803,4.425000000000005,1,"[{""id"": 106, ""x"": -110.83045959472656, ""y"": 52.49723434448242, ""vx"": -0.0882968008518219, ""vy"": 8.04222583770752, ""r"": 2.5906050205230713}]"
196,9.8,-64.64484405517578,24.470991134643555,0.0027785056137527423,0.0,0.0,0.0,1.0,PlanStatus.FAIL,20,0.18122040547760565,-0.033413135077805856,False,50.24669909385065,0.32041665863978824,0.036047236486818485,0.6643424873948898,0.0,4.5,False,7.3328998405486345,20,0.18122040547760565,-0.033413135077805856,0.1,60,-64.64484405517578,24.470991134643555,0.004347638933335153,0.0,-51.36998815531822,24.54128973433948,0.002779010405088803,4.425000000000005,1,"[{""id"": 106, ""x"": -110.83483123779297, ""y"": 52.89932632446289, ""vx"": -0.08933378010988235, ""vy"": 8.041786193847656, ""r"": 2.5906050205230713}]"
197,9.850000000000001,-64.64484405517578,24.470991134643555,0.0027785056137527423,0.0,0.0,0.0,1.0,PlanStatus.FAIL,20,0.18122040547760565,-0.033413135077805856,False,50.46238993949699,0.32041665863978824,0.036047236486818485,0.6642999560499405,0.0,4.5,False,7.368599995970726,20,0.18122040547760565,-0.033413135077805856,0.1,60,-64.64484405517578,24.470991134643555,0.004347638933335153,0.0,-51.36998815531822,24.54128973433948,0.002779010405088803,4.425000000000005,1,"[{""id"": 106, ""x"": -110.83936309814453, ""y"": 53.30144500732422, ""vx"": -0.08934058248996735, ""vy"": 8.042920112609863, ""r"": 2.5906050205230713}]"
198,9.9,-64.64484405517578,24.470991134643555,0.0027785056137527423,0.0,0.0,0.0,1.0,PlanStatus.FAIL,20,0.18122040547760565,-0.033413135077805856,False,50.68015103769118,0.32041665863978824,0.036047236486818485,0.6642573837207928,0.0,4.5,False,7.572300033643842,20,0.18122040547760565,-0.033413135077805856,0.1,60,-64.64484405517578,24.470991134643555,0.004347638933335153,0.0,-51.36998815531822,24.54128973433948,0.002779010405088803,4.425000000000005,1,"[{""id"": 106, ""x"": -110.84379577636719, ""y"": 53.703651428222656, ""vx"": -0.09106763452291489, ""vy"": 8.04505729675293, ""r"": 2.5906050205230713}]"
199,9.950000000000001,-64.64484405517578,24.470991134643555,0.0027785056137527423,0.0,0.0,0.0,1.0,PlanStatus.FAIL,20,0.18122040547760565,-0.033413135077805856,False,50.90017957222904,0.32041665863978824,0.036047236486818485,0.6642147380751267,0.0,4.5,False,7.465600036084652,20,0.18122040547760565,-0.033413135077805856,0.1,60,-64.64484405517578,24.470991134643555,0.004347638933335153,0.0,-51.36998815531822,24.54128973433948,0.002779010405088803,4.425000000000005,1,"[{""id"": 106, ""x"": -110.84837341308594, ""y"": 54.10597229003906, ""vx"": -0.0899321511387825, ""vy"": 8.047590255737305, ""r"": 2.5906050205230713}]"
200,10.0,-64.64484405517578,24.470991134643555,0.0027785056137527423,0.0,0.0,0.0,1.0,PlanStatus.FAIL,20,0.18122040547760565,-0.033413135077805856,False,51.122197140356754,0.32041665863978824,0.036047236486818485,0.6641720789943437,0.0,4.5,False,8.193499874323606,20,0.18122040547760565,-0.033413135077805856,0.1,60,-64.64484405517578,24.470991134643555,0.004347638933335153,0.0,-51.36998815531822,24.54128973433948,0.002779010405088803,4.425000000000005,1,"[{""id"": 106, ""x"": -110.85279083251953, ""y"": 54.5084114074707, ""vx"": -0.08986806869506836, ""vy"": 8.049849510192871, ""r"": 2.5906050205230713}]"
201,10.05,-64.64484405517578,24.470991134643555,0.0027785056137527423,0.0,0.0,0.0,1.0,PlanStatus.FAIL,20,0.18122040547760565,-0.033413135077805856,False,51.346437274298424,0.32041665863978824,0.036047236486818485,0.6641293673226565,0.0,4.5,False,7.729899836704135,20,0.18122040547760565,-0.033413135077805856,0.1,60,-64.64484405517578,24.470991134643555,0.004347638933335153,0.0,-51.36998815531822,24.54128973433948,0.002779010405088803,4.425000000000005,1,"[{""id"": 106, ""x"": -110.85736083984375, ""y"": 54.91095733642578, ""vx"": -0.0898670181632042, ""vy"": 8.05140209197998, ""r"": 2.5906050205230713}]"
202,10.100000000000001,-64.64484405517578,24.470991134643555,0.0027785056137527423,0.0,0.0,0.0,1.0,PlanStatus.FAIL,20,0.18122040547760565,-0.033413135077805856,False,51.57257712701719,0.32041665863978824,0.036047236486818485,0.664086669956945,0.0,4.5,False,7.117699831724167,20,0.18122040547760565,-0.033413135077805856,0.1,60,-64.64484405517578,24.470991134643555,0.004347638933335153,0.0,-51.36998815531822,24.54128973433948,0.002779010405088803,4.425000000000005,1,"[{""id"": 106, ""x"": -110.86176300048828, ""y"": 55.31355285644531, ""vx"": -0.0898561179637909, ""vy"": 8.052048683166504, ""r"": 2.5906050205230713}]"
203,10.15,-64.64484405517578,24.470991134643555,0.0027785056137527423,0.0,0.0,0.0,1.0,PlanStatus.FAIL,20,0.18122040547760565,-0.033413135077805856,False,51.80084710654118,0.32041665863978824,0.036047236486818485,0.6640439484755728,0.0,4.5,False,8.223700104281306,20,0.18122040547760565,-0.033413135077805856,0.1,60,-64.64484405517578,24.470991134643555,0.004347638933335153,0.0,-51.36998815531822,24.54128973433948,0.002779010405088803,4.425000000000005,1,"[{""id"": 106, ""x"": -110.8663330078125, ""y"": 55.71615219116211, ""vx"": -0.08986330032348633, ""vy"": 8.05181884765625, ""r"": 2.5906050205230713}]"
204,10.200000000000001,-64.64484405517578,24.470991134643555,0.0027785056137527423,0.0,0.0,0.0,1.0,PlanStatus.FAIL,20,0.18122040547760565,-0.033413135077805856,False,52.03093749729222,0.32041665863978824,0.036047236486818485,0.6640012656420718,0.0,4.5,False,7.814699783921242,20,0.18122040547760565,-0.033413135077805856,0.1,60,-64.64484405517578,24.470991134643555,0.004347638933335153,0.0,-51.36998815531822,24.54128973433948,0.002779010405088803,4.425000000000005,1,"[{""id"": 106, ""x"": -110.8707504272461, ""y"": 56.11872100830078, ""vx"": -0.08984621614217758, ""vy"": 8.050931930541992, ""r"": 2.5906050205230713}]"
205,10.25,-64.64484405517578,24.470991134643555,0.0027785056137527423,0.0,0.0,0.0,1.0,PlanStatus.FAIL,20,0.18122040547760565,-0.033413135077805856,False,52.263058682819285,0.32041665863978824,0.036047236486818485,0.6639585868957509,0.0,4.5,False,8.14620009623468,20,0.18122040547760565,-0.033413135077805856,0.1,60,-64.64484405517578,24.470991134643555,0.004347638933335153,0.0,-51.36998815531822,24.54128973433948,0.002779010405088803,4.425000000000005,1,"[{""id"": 106, ""x"": -110.87532043457031, ""y"": 56.5212287902832, ""vx"": -0.08984437584877014, ""vy"": 8.049704551696777, ""r"": 2.5906050205230713}]"
206,10.3,-64.64484405517578,24.470991134643555,0.0027785056137527423,0.0,0.0,0.0,1.0,PlanStatus.FAIL,20,0.18122040547760565,-0.033413135077805856,False,52.49692833000066,0.32041665863978824,0.036047236486818485,0.6639159683558968,0.0,4.5,False,7.944700075313449,20,0.18122040547760565,-0.033413135077805856,0.1,60,-64.64484405517578,24.470991134643555,0.004347638933335153,0.0,-51.36998815531822,24.54128973433948,0.002779010405088803,4.425000000000005,1,"[{""id"": 106, ""x"": -110.87973022460938, ""y"": 56.923675537109375, ""vx"": -0.08982383459806442, ""vy"": 8.048471450805664, ""r"": 2.5906050205230713}]"
207,10.350000000000001,-64.64484405517578,24.470991134643555,0.0027785056137527423,0.0,0.0,0.0,1.0,PlanStatus.FAIL,20,0.18122040547760565,-0.033413135077805856,False,52.732758008009,0.32041665863978824,0.036047236486818485,0.6638733754201825,0.0,4.5,False,7.856599986553192,20,0.18122040547760565,-0.033413135077805856,0.1,60,-64.64484405517578,24.470991134643555,0.004347638933335153,0.0,-51.36998815531822,24.54128973433948,0.002779010405088803,4.425000000000005,1,"[{""id"": 106, ""x"": -110.88426208496094, ""y"": 57.32606887817383, ""vx"": -0.08807400614023209, ""vy"": 8.047515869140625, ""r"": 2.5906050205230713}]"
208,10.4,-64.64484405517578,24.470991134643555,0.0027785056137527423,0.0,0.0,0.0,1.0,PlanStatus.FAIL,20,0.18122040547760565,-0.033413135077805856,False,52.97030422995724,0.32041665863978824,0.036047236486818485,0.6638308558619193,0.0,4.5,False,7.973300060257316,20,0.18122040547760565,-0.033413135077805856,0.1,60,-64.64484405517578,24.470991134643555,0.004347638933335153,0.0,-51.36998815531822,24.54128973433948,0.002779010405088803,4.425000000000005,1,"[{""id"": 106, ""x"": -110.88863372802734, ""y"": 57.72842788696289, ""vx"": -0.08919800817966461, ""vy"": 8.046957015991211, ""r"": 2.5906050205230713}]"
209,10.450000000000001,-64.64484405517578,24.470991134643555,0.0027785056137527423,0.0,0.0,0.0,1.0,PlanStatus.FAIL,20,0.18122040547760565,-0.033413135077805856,False,53.209802816452395,0.32041665863978824,0.036047236486818485,0.6637883711691949,0.0,4.5,False,7.85570009611547,20,0.18122040547760565,-0.033413135077805856,0.1,60,-64.64484405517578,24.470991134643555,0.004347638933335153,0.0,-51.36998815531822,24.54128973433948,0.002779010405088803,4.425000000000005,1,"[{""id"": 106, ""x"": -110.89315032958984, ""y"": 58.13077163696289, ""vx"": -0.0892581045627594, ""vy"": 8.046866416931152, ""r"": 2.5906050205230713}]"
210,10.5,-64.64484405517578,24.470991134643555,0.0027785056137527423,0.0,0.0,0.0,1.0,PlanStatus.FAIL,20,0.18122040547760565,-0.033413135077805856,False,53.45100078252032,0.32041665863978824,0.036047236486818485,0.6637459698012345,0.0,4.5,False,8.651699870824814,20,0.18122040547760565,-0.033413135077805856,0.1,60,-64.64484405517578,24.470991134643555,0.004347638933335153,0.0,-51.36998815531822,24.54128973433948,0.002779010405088803,4.425000000000005,1,"[{""id"": 106, ""x"": -110.89751434326172, ""y"": 58.533119201660156, ""vx"": -0.08926171064376831, ""vy"": 8.047174453735352, ""r"": 2.5906050205230713}]"
211,10.55,-64.64484405517578,24.470991134643555,0.0027785056137527423,0.0,0.0,0.0,1.0,PlanStatus.FAIL,20,0.18122040547760565,-0.033413135077805856,False,53.69422090213843,0.32041665863978824,0.036047236486818485,0.6637035986852674,0.0,4.5,False,7.73539999499917,20,0.18122040547760565,-0.033413135077805856,0.1,60,-64.64484405517578,24.470991134643555,0.004347638933335153,0.0,-51.36998815531822,24.54128973433948,0.002779010405088803,4.425000000000005,1,"[{""id"": 106, ""x"": -110.90213775634766, ""y"": 58.93549346923828, ""vx"": -0.09174879640340805, ""vy"": 8.04770565032959, ""r"": 2.5906050205230713}]"
212,10.600000000000001,-64.64484405517578,24.470991134643555,0.0027785056137527423,0.0,0.0,0.0,1.0,PlanStatus.FAIL,20,0.18122040547760565,-0.033413135077805856,False,53.93911540928373,0.32041665863978824,0.036047236486818485,0.6636613219401295,0.0,4.5,False,7.987499935552478,20,0.18122040547760565,-0.033413135077805856,0.1,60,-64.64484405517578,24.470991134643555,0.004347638933335153,0.0,-51.36998815531822,24.54128973433948,0.002779010405088803,4.425000000000005,1,"[{""id"": 106, ""x"": -110.9066162109375, ""y"": 59.337894439697266, ""vx"": -0.09187827259302139, ""vy"": 8.048343658447266, ""r"": 2.5906050205230713}]"
213,10.65,-64.64484405517578,24.470991134643555,0.0027785056137527423,0.0,0.0,0.0,1.0,PlanStatus.FAIL,20,0.18122040547760565,-0.033413135077805856,False,54.18588673367081,0.32041665863978824,0.036047236486818485,0.6636191077341179,0.0,4.5,False,8.545000106096268,20,0.18122040547760565,-0.033413135077805856,0.1,60,-64.64484405517578,24.470991134643555,0.004347638933335153,0.0,-51.36998815531822,24.54128973433948,0.002779010405088803,4.425000000000005,1,"[{""id"": 106, ""x"": -110.91122436523438, ""y"": 59.74032974243164, ""vx"": -0.09067662060260773, ""vy"": 8.048933982849121, ""r"": 2.5906050205230713}]"
214,10.700000000000001,-64.64484405517578,24.470991134643555,0.0027785056137527423,0.0,0.0,0.0,1.0,PlanStatus.FAIL,20,0.18122040547760565,-0.033413135077805856,False,54.43428361188382,0.32041665863978824,0.036047236486818485,0.6635770019801821,0.0,4.5,False,8.72349995188415,20,0.18122040547760565,-0.033413135077805856,0.1,60,-64.64484405517578,24.470991134643555,0.004347638933335153,0.0,-51.36998815531822,24.54128973433948,0.002779010405088803,4.425000000000005,1,"[{""id"": 106, ""x"": -110.91567993164062, ""y"": 60.142791748046875, ""vx"": -0.0906004011631012, ""vy"": 8.049320220947266, ""r"": 2.5906050205230713}]"
215,10.75,-64.64484405517578,24.470991134643555,0.0027785056137527423,0.0,0.0,0.0,1.0,PlanStatus.FAIL,20,0.18122040547760565,-0.033413135077805856,False,54.68452455913434,0.32041665863978824,0.036047236486818485,0.6635349704203531,0.0,4.5,False,8.76639992929995,20,0.18122040547760565,-0.033413135077805856,0.1,60,-64.64484405517578,24.470991134643555,0.004347638933335153,0.0,-51.36998815531822,24.54128973433948,0.002779010405088803,4.425000000000005,1,"[{""id"": 106, ""x"": -110.92030334472656, ""y"": 60.545257568359375, ""vx"": -0.09060535579919815, ""vy"": 8.049474716186523, ""r"": 2.5906050205230713}]"
216,10.8,-64.64484405517578,24.470991134643555,0.0027785056137527423,0.0,0.0,0.0,1.0,PlanStatus.FAIL,20,0.18122040547760565,-0.033413135077805856,False,54.93632618399681,0.32041665863978824,0.036047236486818485,0.6634930632215914,0.0,4.5,False,8.916100021451712,20,0.18122040547760565,-0.033413135077805856,0.1,60,-64.64484405517578,24.470991134643555,0.004347638933335153,0.0,-51.36998815531822,24.54128973433948,0.002779010405088803,4.425000000000005,1,"[{""id"": 106, ""x"": -110.92476654052734, ""y"": 60.947723388671875, ""vx"": -0.09060884267091751, ""vy"": 8.049407005310059, ""r"": 2.5906050205230713}]"
217,10.850000000000001,-64.64484405517578,24.470991134643555,0.0027785056137527423,0.0,0.0,0.0,1.0,PlanStatus.FAIL,20,0.18122040547760565,-0.033413135077805856,False,55.18991317072773,0.32041665863978824,0.036047236486818485,0.6634512453553314,0.0,4.5,False,10.439200093969703,20,0.18122040547760565,-0.033413135077805856,0.1,60,-64.64484405517578,24.470991134643555,0.004347638933335153,0.0,-51.36998815531822,24.54128973433948,0.002779010405088803,4.425000000000005,1,"[{""id"": 106, ""x"": -110.92938232421875, ""y"": 61.350189208984375, ""vx"": -0.0906328558921814, ""vy"": 8.049174308776855, ""r"": 2.5906050205230713}]"
218,10.9,-64.64484405517578,24.470991134643555,0.0027785056137527423,0.0,0.0,0.0,1.0,PlanStatus.FAIL,20,0.18122040547760565,-0.033413135077805856,False,55.4450130647964,0.32041665863978824,0.036047236486818485,0.6634095639474469,0.0,4.5,False,8.47149989567697,20,0.18122040547760565,-0.033413135077805856,0.1,60,-64.64484405517578,24.470991134643555,0.004347638933335153,0.0,-51.36998815531822,24.54128973433948,0.002779010405088803,4.425000000000005,1,"[{""id"": 106, ""x"": -110.93384552001953, ""y"": 61.75263595581055, ""vx"": -0.09063389897346497, ""vy"": 8.048857688903809, ""r"": 2.5906050205230713}]"
219,10.950000000000001,-64.64484405517578,24.470991134643555,0.0027785056137527423,0.0,0.0,0.0,1.0,PlanStatus.FAIL,20,0.18122040547760565,-0.033413135077805856,False,55.701847540403676,0.32041665863978824,0.036047236486818485,0.6633679847976909,0.0,4.5,False,10.143000166863203,20,0.18122040547760565,-0.033413135077805856,0.1,60,-64.64484405517578,24.470991134643555,0.004347638933335153,0.0,-51.36998815531822,24.54128973433948,0.002779010405088803,4.425000000000005,1,"[{""id"": 106, ""x"": -110.93846130371094, ""y"": 62.15507125854492, ""vx"": -0.09065046161413193, ""vy"": 8.048542022705078, ""r"": 2.5906050205230713}]"
220,11.0,-64.64484405517578,24.470991134643555,0.0027785056137527423,0.0,0.0,0.0,1.0,PlanStatus.FAIL,20,0.18122040547760565,-0.033413135077805856,False,55.96015358425745,0.32041665863978824,0.036047236486818485,0.6633265523570488,0.0,4.5,False,8.95350007340312,20,0.18122040547760565,-0.033413135077805856,0.1,60,-64.64484405517578,24.470991134643555,0.004347638933335153,0.0,-51.36998815531822,24.54128973433948,0.002779010405088803,4.425000000000005,1,"[{""id"": 106, ""x"": -110.94292449951172, ""y"": 62.55748748779297, ""vx"": -0.09064488857984543, ""vy"": 8.048296928405762, ""r"": 2.5906050205230713}]"
221,11.05,-64.64484405517578,24.470991134643555,0.0027785056137527423,0.0,0.0,0.0,1.0,PlanStatus.FAIL,20,0.18122040547760565,-0.033413135077805856,False,,0.32041665863978824,0.036047236486818485,0.6543917830041052,0.0,4.5,False,8.749099913984537,20,0.18122040547760565,-0.033413135077805856,0.1,60,-64.64484405517578,24.470991134643555,0.004347638933335153,0.0,-51.36998815531822,24.54128973433948,0.002779010405088803,4.425000000000005,0,[]
222,11.100000000000001,-64.64484405517578,24.470991134643555,0.0027785056137527423,0.0,0.0,0.0,1.0,PlanStatus.FAIL,20,0.18122040547760565,-0.033413135077805856,False,,0.32041665863978824,0.036047236486818485,0.6543917830041052,0.0,4.5,False,10.308099910616875,20,0.18122040547760565,-0.033413135077805856,0.1,60,-64.64484405517578,24.470991134643555,0.004347638933335153,0.0,-51.36998815531822,24.54128973433948,0.002779010405088803,4.425000000000005,0,[]
223,11.15,-64.64484405517578,24.470991134643555,0.0027785056137527423,0.0,0.0,0.0,1.0,PlanStatus.FAIL,20,0.18122040547760565,-0.033413135077805856,False,,0.32041665863978824,0.036047236486818485,0.6543917830041052,0.0,4.5,False,9.000000078231096,20,0.18122040547760565,-0.033413135077805856,0.1,60,-64.64484405517578,24.470991134643555,0.004347638933335153,0.0,-51.36998815531822,24.54128973433948,0.002779010405088803,4.425000000000005,0,[]
224,11.200000000000001,-64.64484405517578,24.470991134643555,0.0027785056137527423,0.0,0.0,0.0,1.0,PlanStatus.FAIL,20,0.18122040547760565,-0.033413135077805856,False,,0.32041665863978824,0.036047236486818485,0.6543917830041052,0.0,4.5,False,8.622599998489022,20,0.18122040547760565,-0.033413135077805856,0.1,60,-64.64484405517578,24.470991134643555,0.004347638933335153,0.0,-51.36998815531822,24.54128973433948,0.002779010405088803,4.425000000000005,0,[]
225,11.25,-64.64484405517578,24.470991134643555,0.0027785056137527423,0.0,0.0,0.0,1.0,PlanStatus.FAIL,20,0.18122040547760565,-0.033413135077805856,False,,0.32041665863978824,0.036047236486818485,0.6543917830041052,0.0,4.5,False,9.332099929451942,20,0.18122040547760565,-0.033413135077805856,0.1,60,-64.64484405517578,24.470991134643555,0.004347638933335153,0.0,-51.36998815531822,24.54128973433948,0.002779010405088803,4.425000000000005,0,[]
226,11.3,-64.64484405517578,24.470991134643555,0.0027785056137527423,0.0,0.0,0.0,1.0,PlanStatus.FAIL,20,0.18122040547760565,-0.033413135077805856,False,,0.32041665863978824,0.036047236486818485,0.6543917830041052,0.0,4.5,False,8.915399899706244,20,0.18122040547760565,-0.033413135077805856,0.1,60,-64.64484405517578,24.470991134643555,0.004347638933335153,0.0,-51.36998815531822,24.54128973433948,0.002779010405088803,4.425000000000005,0,[]
227,11.350000000000001,-64.64484405517578,24.470991134643555,0.0027785056137527423,0.0,0.0,0.0,1.0,PlanStatus.FAIL,20,0.18122040547760565,-0.033413135077805856,False,,0.32041665863978824,0.036047236486818485,0.6543917830041052,0.0,4.5,False,9.286200162023306,20,0.18122040547760565,-0.033413135077805856,0.1,60,-64.64484405517578,24.470991134643555,0.004347638933335153,0.0,-51.36998815531822,24.54128973433948,0.002779010405088803,4.425000000000005,0,[]
228,11.4,-64.64484405517578,24.470991134643555,0.0027785056137527423,0.0,0.0,0.0,1.0,PlanStatus.FAIL,20,0.18122040547760565,-0.033413135077805856,False,,0.32041665863978824,0.036047236486818485,0.6543917830041052,0.0,4.5,False,8.362200111150742,20,0.18122040547760565,-0.033413135077805856,0.1,60,-64.64484405517578,24.470991134643555,0.004347638933335153,0.0,-51.36998815531822,24.54128973433948,0.002779010405088803,4.425000000000005,0,[]
229,11.450000000000001,-64.64484405517578,24.470991134643555,0.0027785056137527423,0.0,0.0,0.0,1.0,PlanStatus.FAIL,20,0.18122040547760565,-0.033413135077805856,False,,0.32041665863978824,0.036047236486818485,0.6543917830041052,0.0,4.5,False,8.506599813699722,20,0.18122040547760565,-0.033413135077805856,0.1,60,-64.64484405517578,24.470991134643555,0.004347638933335153,0.0,-51.36998815531822,24.54128973433948,0.002779010405088803,4.425000000000005,0,[]
230,11.5,-64.64484405517578,24.470991134643555,0.0027785056137527423,0.0,0.0,0.0,1.0,PlanStatus.FAIL,20,0.18122040547760565,-0.033413135077805856,False,,0.32041665863978824,0.036047236486818485,0.6543917830041052,0.0,4.5,False,10.021599940955639,20,0.18122040547760565,-0.033413135077805856,0.1,60,-64.64484405517578,24.470991134643555,0.004347638933335153,0.0,-51.36998815531822,24.54128973433948,0.002779010405088803,4.425000000000005,0,[]
231,11.55,-64.64484405517578,24.470991134643555,0.0027785056137527423,0.0,0.0,0.0,1.0,PlanStatus.FAIL,20,0.18122040547760565,-0.033413135077805856,False,,0.32041665863978824,0.036047236486818485,0.6543917830041052,0.0,4.5,False,9.01539996266365,20,0.18122040547760565,-0.033413135077805856,0.1,60,-64.64484405517578,24.470991134643555,0.004347638933335153,0.0,-51.36998815531822,24.54128973433948,0.002779010405088803,4.425000000000005,0,[]
232,11.600000000000001,-64.64484405517578,24.470991134643555,0.0027785056137527423,0.0,0.0,0.0,1.0,PlanStatus.FAIL,20,0.18122040547760565,-0.033413135077805856,False,,0.32041665863978824,0.036047236486818485,0.6543917830041052,0.0,4.5,False,8.574399864301085,20,0.18122040547760565,-0.033413135077805856,0.1,60,-64.64484405517578,24.470991134643555,0.004347638933335153,0.0,-51.36998815531822,24.54128973433948,0.002779010405088803,4.425000000000005,0,[]
233,11.65,-64.64484405517578,24.470991134643555,0.0027785056137527423,0.0,0.0,0.0,1.0,PlanStatus.FAIL,20,0.18122040547760565,-0.033413135077805856,False,,0.32041665863978824,0.036047236486818485,0.6543917830041052,0.0,4.5,False,9.094000095501542,20,0.18122040547760565,-0.033413135077805856,0.1,60,-64.64484405517578,24.470991134643555,0.004347638933335153,0.0,-51.36998815531822,24.54128973433948,0.002779010405088803,4.425000000000005,0,[]
234,11.700000000000001,-64.64484405517578,24.470991134643555,0.0027785056137527423,0.0,0.0,0.0,1.0,PlanStatus.FAIL,20,0.18122040547760565,-0.033413135077805856,False,,0.32041665863978824,0.036047236486818485,0.6543917830041052,0.0,4.5,False,8.398800157010555,20,0.18122040547760565,-0.033413135077805856,0.1,60,-64.64484405517578,24.470991134643555,0.004347638933335153,0.0,-51.36998815531822,24.54128973433948,0.002779010405088803,4.425000000000005,0,[]
235,11.75,-64.64484405517578,24.470991134643555,0.0027785056137527423,0.0,0.0,0.0,1.0,PlanStatus.FAIL,20,0.18122040547760565,-0.033413135077805856,False,,0.32041665863978824,0.036047236486818485,0.6543917830041052,0.0,4.5,False,8.558700093999505,20,0.18122040547760565,-0.033413135077805856,0.1,60,-64.64484405517578,24.470991134643555,0.004347638933335153,0.0,-51.36998815531822,24.54128973433948,0.002779010405088803,4.425000000000005,0,[]
236,11.8,-64.64484405517578,24.470991134643555,0.0027785056137527423,0.0,0.0,0.0,1.0,PlanStatus.FAIL,20,0.18122040547760565,-0.033413135077805856,False,,0.32041665863978824,0.036047236486818485,0.6543917830041052,0.0,4.5,False,7.942999945953488,20,0.18122040547760565,-0.033413135077805856,0.1,60,-64.64484405517578,24.470991134643555,0.004347638933335153,0.0,-51.36998815531822,24.54128973433948,0.002779010405088803,4.425000000000005,0,[]
237,11.850000000000001,-64.64484405517578,24.470991134643555,0.0027785056137527423,0.0,0.0,0.0,1.0,PlanStatus.FAIL,20,0.18122040547760565,-0.033413135077805856,False,,0.32041665863978824,0.036047236486818485,0.6543917830041052,0.0,4.5,False,7.6003000140190125,20,0.18122040547760565,-0.033413135077805856,0.1,60,-64.64484405517578,24.470991134643555,0.004347638933335153,0.0,-51.36998815531822,24.54128973433948,0.002779010405088803,4.425000000000005,0,[]
238,11.9,-64.64484405517578,24.470991134643555,0.0027785056137527423,0.0,0.0,0.0,1.0,PlanStatus.FAIL,20,0.18122040547760565,-0.033413135077805856,False,,0.32041665863978824,0.036047236486818485,0.6543917830041052,0.0,4.5,False,7.327199913561344,20,0.18122040547760565,-0.033413135077805856,0.1,60,-64.64484405517578,24.470991134643555,0.004347638933335153,0.0,-51.36998815531822,24.54128973433948,0.002779010405088803,4.425000000000005,0,[]
239,11.950000000000001,-64.64484405517578,24.470991134643555,0.0027785056137527423,0.0,0.0,0.0,1.0,PlanStatus.FAIL,20,0.18122040547760565,-0.033413135077805856,False,,0.32041665863978824,0.036047236486818485,0.6543917830041052,0.0,4.5,False,7.797199999913573,20,0.18122040547760565,-0.033413135077805856,0.1,60,-64.64484405517578,24.470991134643555,0.004347638933335153,0.0,-51.36998815531822,24.54128973433948,0.002779010405088803,4.425000000000005,0,[]
240,12.0,-64.64484405517578,24.470991134643555,0.0027785056137527423,0.0,0.0,0.0,1.0,PlanStatus.FAIL,20,0.18122040547760565,-0.033413135077805856,False,,0.32041665863978824,0.036047236486818485,0.6543917830041052,0.0,4.5,False,7.681699935346842,20,0.18122040547760565,-0.033413135077805856,0.1,60,-64.64484405517578,24.470991134643555,0.004347638933335153,0.0,-51.36998815531822,24.54128973433948,0.002779010405088803,4.425000000000005,0,[]
241,12.05,-64.64484405517578,24.470991134643555,0.0027785056137527423,0.0,0.0,0.0,1.0,PlanStatus.FAIL,20,0.18122040547760565,-0.033413135077805856,False,,0.32041665863978824,0.036047236486818485,0.6543917830041052,0.0,4.5,False,7.520899875089526,20,0.18122040547760565,-0.033413135077805856,0.1,60,-64.64484405517578,24.470991134643555,0.004347638933335153,0.0,-51.36998815531822,24.54128973433948,0.002779010405088803,4.425000000000005,0,[]
242,12.100000000000001,-64.64484405517578,24.470991134643555,0.0027785056137527423,0.0,0.0,0.0,1.0,PlanStatus.FAIL,20,0.18122040547760565,-0.033413135077805856,False,,0.32041665863978824,0.036047236486818485,0.6543917830041052,0.0,4.5,False,7.810600101947784,20,0.18122040547760565,-0.033413135077805856,0.1,60,-64.64484405517578,24.470991134643555,0.004347638933335153,0.0,-51.36998815531822,24.54128973433948,0.002779010405088803,4.425000000000005,0,[]
243,12.15,-64.64484405517578,24.470991134643555,0.0027785056137527423,0.0,0.0,0.0,1.0,PlanStatus.FAIL,20,0.18122040547760565,-0.033413135077805856,False,,0.32041665863978824,0.036047236486818485,0.6543917830041052,0.0,4.5,False,7.802300155162811,20,0.18122040547760565,-0.033413135077805856,0.1,60,-64.64484405517578,24.470991134643555,0.004347638933335153,0.0,-51.36998815531822,24.54128973433948,0.002779010405088803,4.425000000000005,0,[]
244,12.200000000000001,-64.64484405517578,24.470991134643555,0.0027785056137527423,0.0,0.0,0.0,1.0,PlanStatus.FAIL,20,0.18122040547760565,-0.033413135077805856,False,,0.32041665863978824,0.036047236486818485,0.6543917830041052,0.0,4.5,False,7.483299821615219,20,0.18122040547760565,-0.033413135077805856,0.1,60,-64.64484405517578,24.470991134643555,0.004347638933335153,0.0,-51.36998815531822,24.54128973433948,0.002779010405088803,4.425000000000005,0,[]
245,12.25,-64.64484405517578,24.470991134643555,0.0027785056137527423,0.0,0.0,0.0,1.0,PlanStatus.FAIL,20,0.18122040547760565,-0.033413135077805856,False,,0.32041665863978824,0.036047236486818485,0.6543917830041052,0.0,4.5,False,7.591199828311801,20,0.18122040547760565,-0.033413135077805856,0.1,60,-64.64484405517578,24.470991134643555,0.004347638933335153,0.0,-51.36998815531822,24.54128973433948,0.002779010405088803,4.425000000000005,0,[]
246,12.3,-64.64484405517578,24.470991134643555,0.0027785056137527423,0.0,0.0,0.0,1.0,PlanStatus.FAIL,20,0.18122040547760565,-0.033413135077805856,False,,0.32041665863978824,0.036047236486818485,0.6543917830041052,0.0,4.5,False,7.691800128668547,20,0.18122040547760565,-0.033413135077805856,0.1,60,-64.64484405517578,24.470991134643555,0.004347638933335153,0.0,-51.36998815531822,24.54128973433948,0.002779010405088803,4.425000000000005,0,[]
247,12.350000000000001,-64.64484405517578,24.470991134643555,0.0027785056137527423,0.0,0.0,0.0,1.0,PlanStatus.FAIL,20,0.18122040547760565,-0.033413135077805856,False,,0.32041665863978824,0.036047236486818485,0.6543917830041052,0.0,4.5,False,8.534400025382638,20,0.18122040547760565,-0.033413135077805856,0.1,60,-64.64484405517578,24.470991134643555,0.004347638933335153,0.0,-51.36998815531822,24.54128973433948,0.002779010405088803,4.425000000000005,0,[]
248,12.4,-64.64484405517578,24.470991134643555,0.0027785056137527423,0.0,0.0,0.0,1.0,PlanStatus.FAIL,20,0.18122040547760565,-0.033413135077805856,False,,0.32041665863978824,0.036047236486818485,0.6543917830041052,0.0,4.5,False,7.615800015628338,20,0.18122040547760565,-0.033413135077805856,0.1,60,-64.64484405517578,24.470991134643555,0.004347638933335153,0.0,-51.36998815531822,24.54128973433948,0.002779010405088803,4.425000000000005,0,[]
249,12.450000000000001,-64.64484405517578,24.470991134643555,0.0027785056137527423,0.0,0.0,0.0,1.0,PlanStatus.FAIL,20,0.18122040547760565,-0.033413135077805856,False,,0.32041665863978824,0.036047236486818485,0.6543917830041052,0.0,4.5,False,7.497299928218126,20,0.18122040547760565,-0.033413135077805856,0.1,60,-64.64484405517578,24.470991134643555,0.004347638933335153,0.0,-51.36998815531822,24.54128973433948,0.002779010405088803,4.425000000000005,0,[]
250,12.5,-64.64484405517578,24.470991134643555,0.0027785056137527423,0.0,0.0,0.0,1.0,PlanStatus.FAIL,20,0.18122040547760565,-0.033413135077805856,False,,0.32041665863978824,0.036047236486818485,0.6543917830041052,0.0,4.5,False,8.378500118851662,20,0.18122040547760565,-0.033413135077805856,0.1,60,-64.64484405517578,24.470991134643555,0.004347638933335153,0.0,-51.36998815531822,24.54128973433948,0.002779010405088803,4.425000000000005,0,[]
251,12.55,-64.64484405517578,24.470991134643555,0.0027785056137527423,0.0,0.0,0.0,1.0,PlanStatus.FAIL,20,0.18122040547760565,-0.033413135077805856,False,,0.32041665863978824,0.036047236486818485,0.6543917830041052,0.0,4.5,False,7.540400139987469,20,0.18122040547760565,-0.033413135077805856,0.1,60,-64.64484405517578,24.470991134643555,0.004347638933335153,0.0,-51.36998815531822,24.54128973433948,0.002779010405088803,4.425000000000005,0,[]
252,12.600000000000001,-64.64484405517578,24.470991134643555,0.0027785056137527423,0.0,0.0,0.0,1.0,PlanStatus.FAIL,20,0.18122040547760565,-0.033413135077805856,False,,0.32041665863978824,0.036047236486818485,0.6543917830041052,0.0,4.5,False,7.329999934881926,20,0.18122040547760565,-0.033413135077805856,0.1,60,-64.64484405517578,24.470991134643555,0.004347638933335153,0.0,-51.36998815531822,24.54128973433948,0.002779010405088803,4.425000000000005,0,[]
253,12.65,-64.64484405517578,24.470991134643555,0.0027785056137527423,0.0,0.0,0.0,1.0,PlanStatus.FAIL,20,0.18122040547760565,-0.033413135077805856,False,,0.32041665863978824,0.036047236486818485,0.6543917830041052,0.0,4.5,False,7.736099883913994,20,0.18122040547760565,-0.033413135077805856,0.1,60,-64.64484405517578,24.470991134643555,0.004347638933335153,0.0,-51.36998815531822,24.54128973433948,0.002779010405088803,4.425000000000005,0,[]
254,12.700000000000001,-64.64484405517578,24.470991134643555,0.0027785056137527423,0.0,0.0,0.0,1.0,PlanStatus.FAIL,20,0.18122040547760565,-0.033413135077805856,False,,0.32041665863978824,0.036047236486818485,0.6543917830041052,0.0,4.5,False,8.061799919232726,20,0.18122040547760565,-0.033413135077805856,0.1,60,-64.64484405517578,24.470991134643555,0.004347638933335153,0.0,-51.36998815531822,24.54128973433948,0.002779010405088803,4.425000000000005,0,[]
255,12.75,-64.64484405517578,24.470991134643555,0.0027785056137527423,0.0,0.0,0.0,1.0,PlanStatus.FAIL,20,0.18122040547760565,-0.033413135077805856,False,,0.32041665863978824,0.036047236486818485,0.6543917830041052,0.0,4.5,False,9.445499861612916,20,0.18122040547760565,-0.033413135077805856,0.1,60,-64.64484405517578,24.470991134643555,0.004347638933335153,0.0,-51.36998815531822,24.54128973433948,0.002779010405088803,4.425000000000005,0,[]
256,12.8,-64.64484405517578,24.470991134643555,0.0027785056137527423,0.0,0.0,0.0,1.0,PlanStatus.FAIL,20,0.18122040547760565,-0.033413135077805856,False,,0.32041665863978824,0.036047236486818485,0.6543917830041052,0.0,4.5,False,7.714699953794479,20,0.18122040547760565,-0.033413135077805856,0.1,60,-64.64484405517578,24.470991134643555,0.004347638933335153,0.0,-51.36998815531822,24.54128973433948,0.002779010405088803,4.425000000000005,0,[]
257,12.850000000000001,-64.64484405517578,24.470991134643555,0.0027785056137527423,0.0,0.0,0.0,1.0,PlanStatus.FAIL,20,0.18122040547760565,-0.033413135077805856,False,,0.32041665863978824,0.036047236486818485,0.6543917830041052,0.0,4.5,False,7.637500064447522,20,0.18122040547760565,-0.033413135077805856,0.1,60,-64.64484405517578,24.470991134643555,0.004347638933335153,0.0,-51.36998815531822,24.54128973433948,0.002779010405088803,4.425000000000005,0,[]
258,12.9,-64.64484405517578,24.470991134643555,0.0027785056137527423,0.0,0.0,0.0,1.0,PlanStatus.FAIL,20,0.18122040547760565,-0.033413135077805856,False,,0.32041665863978824,0.036047236486818485,0.6543917830041052,0.0,4.5,False,7.435200037434697,20,0.18122040547760565,-0.033413135077805856,0.1,60,-64.64484405517578,24.470991134643555,0.004347638933335153,0.0,-51.36998815531822,24.54128973433948,0.002779010405088803,4.425000000000005,0,[]
259,12.950000000000001,-64.64484405517578,24.470991134643555,0.0027785056137527423,0.0,0.0,0.0,1.0,PlanStatus.FAIL,20,0.18122040547760565,-0.033413135077805856,False,,0.32041665863978824,0.036047236486818485,0.6543917830041052,0.0,4.5,False,7.832700153812766,20,0.18122040547760565,-0.033413135077805856,0.1,60,-64.64484405517578,24.470991134643555,0.004347638933335153,0.0,-51.36998815531822,24.54128973433948,0.002779010405088803,4.425000000000005,0,[]
260,13.0,-64.64484405517578,24.470991134643555,0.0027785056137527423,0.0,0.0,0.0,1.0,PlanStatus.FAIL,20,0.18122040547760565,-0.033413135077805856,False,,0.32041665863978824,0.036047236486818485,0.6543917830041052,0.0,4.5,False,7.825399981811643,20,0.18122040547760565,-0.033413135077805856,0.1,60,-64.64484405517578,24.470991134643555,0.004347638933335153,0.0,-51.36998815531822,24.54128973433948,0.002779010405088803,4.425000000000005,0,[]
261,13.05,-64.64484405517578,24.470991134643555,0.0027785056137527423,0.0,0.0,0.0,1.0,PlanStatus.FAIL,20,0.18122040547760565,-0.033413135077805856,False,,0.32041665863978824,0.036047236486818485,0.6543917830041052,0.0,4.5,False,8.113200077787042,20,0.18122040547760565,-0.033413135077805856,0.1,60,-64.64484405517578,24.470991134643555,0.004347638933335153,0.0,-51.36998815531822,24.54128973433948,0.002779010405088803,4.425000000000005,0,[]
262,13.100000000000001,-64.64484405517578,24.470991134643555,0.0027785056137527423,0.0,0.0,0.0,1.0,PlanStatus.FAIL,20,0.18122040547760565,-0.033413135077805856,False,,0.32041665863978824,0.036047236486818485,0.6543917830041052,0.0,4.5,False,8.831199957057834,20,0.18122040547760565,-0.033413135077805856,0.1,60,-64.64484405517578,24.470991134643555,0.004347638933335153,0.0,-51.36998815531822,24.54128973433948,0.002779010405088803,4.425000000000005,0,[]
263,13.15,-64.64484405517578,24.470991134643555,0.0027785056137527423,0.0,0.0,0.0,1.0,PlanStatus.FAIL,20,0.18122040547760565,-0.033413135077805856,False,,0.32041665863978824,0.036047236486818485,0.6543917830041052,0.0,4.5,False,7.573500042781234,20,0.18122040547760565,-0.033413135077805856,0.1,60,-64.64484405517578,24.470991134643555,0.004347638933335153,0.0,-51.36998815531822,24.54128973433948,0.002779010405088803,4.425000000000005,0,[]
264,13.200000000000001,-64.64484405517578,24.470991134643555,0.0027785056137527423,0.0,0.0,0.0,1.0,PlanStatus.FAIL,20,0.18122040547760565,-0.033413135077805856,False,,0.32041665863978824,0.036047236486818485,0.6543917830041052,0.0,4.5,False,7.6293000020086765,20,0.18122040547760565,-0.033413135077805856,0.1,60,-64.64484405517578,24.470991134643555,0.004347638933335153,0.0,-51.36998815531822,24.54128973433948,0.002779010405088803,4.425000000000005,0,[]
265,13.25,-64.64484405517578,24.470991134643555,0.0027785056137527423,0.0,0.0,0.0,1.0,PlanStatus.FAIL,20,0.18122040547760565,-0.033413135077805856,False,,0.32041665863978824,0.036047236486818485,0.6543917830041052,0.0,4.5,False,7.514700060710311,20,0.18122040547760565,-0.033413135077805856,0.1,60,-64.64484405517578,24.470991134643555,0.004347638933335153,0.0,-51.36998815531822,24.54128973433948,0.002779010405088803,4.425000000000005,0,[]
266,13.3,-64.64484405517578,24.470991134643555,0.0027785056137527423,0.0,0.0,0.0,1.0,PlanStatus.FAIL,20,0.18122040547760565,-0.033413135077805856,False,,0.32041665863978824,0.036047236486818485,0.6543917830041052,0.0,4.5,False,7.641100091859698,20,0.18122040547760565,-0.033413135077805856,0.1,60,-64.64484405517578,24.470991134643555,0.004347638933335153,0.0,-51.36998815531822,24.54128973433948,0.002779010405088803,4.425000000000005,0,[]
267,13.350000000000001,-64.64484405517578,24.470991134643555,0.0027785056137527423,0.0,0.0,0.0,1.0,PlanStatus.FAIL,20,0.18122040547760565,-0.033413135077805856,False,,0.32041665863978824,0.036047236486818485,0.6543917830041052,0.0,4.5,False,7.50160007737577,20,0.18122040547760565,-0.033413135077805856,0.1,60,-64.64484405517578,24.470991134643555,0.004347638933335153,0.0,-51.36998815531822,24.54128973433948,0.002779010405088803,4.425000000000005,0,[]
268,13.4,-64.64484405517578,24.470991134643555,0.0027785056137527423,0.0,0.0,0.0,1.0,PlanStatus.FAIL,20,0.18122040547760565,-0.033413135077805856,False,,0.32041665863978824,0.036047236486818485,0.6543917830041052,0.0,4.5,False,7.834099931642413,20,0.18122040547760565,-0.033413135077805856,0.1,60,-64.64484405517578,24.470991134643555,0.004347638933335153,0.0,-51.36998815531822,24.54128973433948,0.002779010405088803,4.425000000000005,0,[]
269,13.450000000000001,-64.64484405517578,24.470991134643555,0.0027785056137527423,0.0,0.0,0.0,1.0,PlanStatus.FAIL,20,0.18122040547760565,-0.033413135077805856,False,,0.32041665863978824,0.036047236486818485,0.6543917830041052,0.0,4.5,False,8.300699992105365,20,0.18122040547760565,-0.033413135077805856,0.1,60,-64.64484405517578,24.470991134643555,0.004347638933335153,0.0,-51.36998815531822,24.54128973433948,0.002779010405088803,4.425000000000005,0,[]
270,13.5,-64.64484405517578,24.470991134643555,0.0027785056137527423,0.0,0.0,0.0,1.0,PlanStatus.FAIL,20,0.18122040547760565,-0.033413135077805856,False,,0.32041665863978824,0.036047236486818485,0.6543917830041052,0.0,4.5,False,7.406100165098906,20,0.18122040547760565,-0.033413135077805856,0.1,60,-64.64484405517578,24.470991134643555,0.004347638933335153,0.0,-51.36998815531822,24.54128973433948,0.002779010405088803,4.425000000000005,0,[]
271,13.55,-64.64484405517578,24.470991134643555,0.0027785056137527423,0.0,0.0,0.0,1.0,PlanStatus.FAIL,20,0.18122040547760565,-0.033413135077805856,False,,0.32041665863978824,0.036047236486818485,0.6543917830041052,0.0,4.5,False,7.712800055742264,20,0.18122040547760565,-0.033413135077805856,0.1,60,-64.64484405517578,24.470991134643555,0.004347638933335153,0.0,-51.36998815531822,24.54128973433948,0.002779010405088803,4.425000000000005,0,[]
272,13.600000000000001,-64.64484405517578,24.470991134643555,0.0027785056137527423,0.0,0.0,0.0,1.0,PlanStatus.FAIL,20,0.18122040547760565,-0.033413135077805856,False,,0.32041665863978824,0.036047236486818485,0.6543917830041052,0.0,4.5,False,7.416500011458993,20,0.18122040547760565,-0.033413135077805856,0.1,60,-64.64484405517578,24.470991134643555,0.004347638933335153,0.0,-51.36998815531822,24.54128973433948,0.002779010405088803,4.425000000000005,0,[]
273,13.65,-64.64484405517578,24.470991134643555,0.0027785056137527423,0.0,0.0,0.0,1.0,PlanStatus.FAIL,20,0.18122040547760565,-0.033413135077805856,False,,0.32041665863978824,0.036047236486818485,0.6543917830041052,0.0,4.5,False,8.194599999114871,20,0.18122040547760565,-0.033413135077805856,0.1,60,-64.64484405517578,24.470991134643555,0.004347638933335153,0.0,-51.36998815531822,24.54128973433948,0.002779010405088803,4.425000000000005,0,[]
274,13.700000000000001,-64.64484405517578,24.470991134643555,0.0027785056137527423,0.0,0.0,0.0,1.0,PlanStatus.FAIL,20,0.18122040547760565,-0.033413135077805856,False,,0.32041665863978824,0.036047236486818485,0.6543917830041052,0.0,4.5,False,7.844000123441219,20,0.18122040547760565,-0.033413135077805856,0.1,60,-64.64484405517578,24.470991134643555,0.004347638933335153,0.0,-51.36998815531822,24.54128973433948,0.002779010405088803,4.425000000000005,0,[]
275,13.75,-64.64484405517578,24.470991134643555,0.0027785056137527423,0.0,0.0,0.0,1.0,PlanStatus.FAIL,20,0.18122040547760565,-0.033413135077805856,False,,0.32041665863978824,0.036047236486818485,0.6543917830041052,0.0,4.5,False,7.643999997526407,20,0.18122040547760565,-0.033413135077805856,0.1,60,-64.64484405517578,24.470991134643555,0.004347638933335153,0.0,-51.36998815531822,24.54128973433948,0.002779010405088803,4.425000000000005,0,[]
276,13.8,-64.64484405517578,24.470991134643555,0.0027785056137527423,0.0,0.0,0.0,1.0,PlanStatus.FAIL,20,0.18122040547760565,-0.033413135077805856,False,,0.32041665863978824,0.036047236486818485,0.6543917830041052,0.0,4.5,False,9.29259997792542,20,0.18122040547760565,-0.033413135077805856,0.1,60,-64.64484405517578,24.470991134643555,0.004347638933335153,0.0,-51.36998815531822,24.54128973433948,0.002779010405088803,4.425000000000005,0,[]
277,13.850000000000001,-64.64484405517578,24.470991134643555,0.0027785056137527423,0.0,0.0,0.0,1.0,PlanStatus.FAIL,20,0.18122040547760565,-0.033413135077805856,False,,0.32041665863978824,0.036047236486818485,0.6543917830041052,0.0,4.5,False,7.689999882131815,20,0.18122040547760565,-0.033413135077805856,0.1,60,-64.64484405517578,24.470991134643555,0.004347638933335153,0.0,-51.36998815531822,24.54128973433948,0.002779010405088803,4.425000000000005,0,[]
278,13.9,-64.64484405517578,24.470991134643555,0.0027785056137527423,0.0,0.0,0.0,1.0,PlanStatus.FAIL,20,0.18122040547760565,-0.033413135077805856,False,,0.32041665863978824,0.036047236486818485,0.6543917830041052,0.0,4.5,False,7.801000028848648,20,0.18122040547760565,-0.033413135077805856,0.1,60,-64.64484405517578,24.470991134643555,0.004347638933335153,0.0,-51.36998815531822,24.54128973433948,0.002779010405088803,4.425000000000005,0,[]
279,13.950000000000001,-64.64484405517578,24.470991134643555,0.0027785056137527423,0.0,0.0,0.0,1.0,PlanStatus.FAIL,20,0.18122040547760565,-0.033413135077805856,False,,0.32041665863978824,0.036047236486818485,0.6543917830041052,0.0,4.5,False,7.387199904769659,20,0.18122040547760565,-0.033413135077805856,0.1,60,-64.64484405517578,24.470991134643555,0.004347638933335153,0.0,-51.36998815531822,24.54128973433948,0.002779010405088803,4.425000000000005,0,[]
280,14.0,-64.64484405517578,24.470991134643555,0.0027785056137527423,0.0,0.0,0.0,1.0,PlanStatus.FAIL,20,0.18122040547760565,-0.033413135077805856,False,,0.32041665863978824,0.036047236486818485,0.6543917830041052,0.0,4.5,False,7.5795999728143215,20,0.18122040547760565,-0.033413135077805856,0.1,60,-64.64484405517578,24.470991134643555,0.004347638933335153,0.0,-51.36998815531822,24.54128973433948,0.002779010405088803,4.425000000000005,0,[]
281,14.05,-64.64484405517578,24.470991134643555,0.0027785056137527423,0.0,0.0,0.0,1.0,PlanStatus.FAIL,20,0.18122040547760565,-0.033413135077805856,False,,0.32041665863978824,0.036047236486818485,0.6543917830041052,0.0,4.5,False,7.563200080767274,20,0.18122040547760565,-0.033413135077805856,0.1,60,-64.64484405517578,24.470991134643555,0.004347638933335153,0.0,-51.36998815531822,24.54128973433948,0.002779010405088803,4.425000000000005,0,[]
282,14.100000000000001,-64.64484405517578,24.470991134643555,0.0027785056137527423,0.0,0.0,0.0,1.0,PlanStatus.FAIL,20,0.18122040547760565,-0.033413135077805856,False,,0.32041665863978824,0.036047236486818485,0.6543917830041052,0.0,4.5,False,7.778400089591742,20,0.18122040547760565,-0.033413135077805856,0.1,60,-64.64484405517578,24.470991134643555,0.004347638933335153,0.0,-51.36998815531822,24.54128973433948,0.002779010405088803,4.425000000000005,0,[]
283,14.15,-64.64484405517578,24.470991134643555,0.0027785056137527423,0.0,0.0,0.0,1.0,PlanStatus.FAIL,20,0.18122040547760565,-0.033413135077805856,False,,0.32041665863978824,0.036047236486818485,0.6543917830041052,0.0,4.5,False,7.840599864721298,20,0.18122040547760565,-0.033413135077805856,0.1,60,-64.64484405517578,24.470991134643555,0.004347638933335153,0.0,-51.36998815531822,24.54128973433948,0.002779010405088803,4.425000000000005,0,[]
284,14.200000000000001,-64.64484405517578,24.470991134643555,0.0027785056137527423,0.0,0.0,0.0,1.0,PlanStatus.FAIL,20,0.18122040547760565,-0.033413135077805856,False,,0.32041665863978824,0.036047236486818485,0.6543917830041052,0.0,4.5,False,8.579399902373552,20,0.18122040547760565,-0.033413135077805856,0.1,60,-64.64484405517578,24.470991134643555,0.004347638933335153,0.0,-51.36998815531822,24.54128973433948,0.002779010405088803,4.425000000000005,0,[]
285,14.25,-64.64484405517578,24.470991134643555,0.0027785056137527423,0.0,0.0,0.0,1.0,PlanStatus.FAIL,20,0.18122040547760565,-0.033413135077805856,False,,0.32041665863978824,0.036047236486818485,0.6543917830041052,0.0,4.5,False,7.749800104647875,20,0.18122040547760565,-0.033413135077805856,0.1,60,-64.64484405517578,24.470991134643555,0.004347638933335153,0.0,-51.36998815531822,24.54128973433948,0.002779010405088803,4.425000000000005,0,[]
286,14.3,-64.64484405517578,24.470991134643555,0.0027785056137527423,0.0,0.0,0.0,1.0,PlanStatus.FAIL,20,0.18122040547760565,-0.033413135077805856,False,,0.32041665863978824,0.036047236486818485,0.6543917830041052,0.0,4.5,False,7.609799969941378,20,0.18122040547760565,-0.033413135077805856,0.1,60,-64.64484405517578,24.470991134643555,0.004347638933335153,0.0,-51.36998815531822,24.54128973433948,0.002779010405088803,4.425000000000005,0,[]
287,14.350000000000001,-64.64484405517578,24.470991134643555,0.0027785056137527423,0.0,0.0,0.0,1.0,PlanStatus.FAIL,20,0.18122040547760565,-0.033413135077805856,False,,0.32041665863978824,0.036047236486818485,0.6543917830041052,0.0,4.5,False,7.584900129586458,20,0.18122040547760565,-0.033413135077805856,0.1,60,-64.64484405517578,24.470991134643555,0.004347638933335153,0.0,-51.36998815531822,24.54128973433948,0.002779010405088803,4.425000000000005,0,[]
288,14.4,-64.64484405517578,24.470991134643555,0.0027785056137527423,0.0,0.0,0.0,1.0,PlanStatus.FAIL,20,0.18122040547760565,-0.033413135077805856,False,,0.32041665863978824,0.036047236486818485,0.6543917830041052,0.0,4.5,False,7.771099917590618,20,0.18122040547760565,-0.033413135077805856,0.1,60,-64.64484405517578,24.470991134643555,0.004347638933335153,0.0,-51.36998815531822,24.54128973433948,0.002779010405088803,4.425000000000005,0,[]
289,14.450000000000001,-64.64484405517578,24.470991134643555,0.0027785056137527423,0.0,0.0,0.0,1.0,PlanStatus.FAIL,20,0.18122040547760565,-0.033413135077805856,False,,0.32041665863978824,0.036047236486818485,0.6543917830041052,0.0,4.5,False,8.842100156471133,20,0.18122040547760565,-0.033413135077805856,0.1,60,-64.64484405517578,24.470991134643555,0.004347638933335153,0.0,-51.36998815531822,24.54128973433948,0.002779010405088803,4.425000000000005,0,[]
290,14.5,-64.64484405517578,24.470991134643555,0.0027785056137527423,0.0,0.0,0.0,1.0,PlanStatus.FAIL,20,0.18122040547760565,-0.033413135077805856,False,,0.32041665863978824,0.036047236486818485,0.6543917830041052,0.0,4.5,False,7.4945001397281885,20,0.18122040547760565,-0.033413135077805856,0.1,60,-64.64484405517578,24.470991134643555,0.004347638933335153,0.0,-51.36998815531822,24.54128973433948,0.002779010405088803,4.425000000000005,0,[]
291,14.55,-64.64484405517578,24.470991134643555,0.0027785056137527423,0.0,0.0,0.0,1.0,PlanStatus.FAIL,20,0.18122040547760565,-0.033413135077805856,False,,0.32041665863978824,0.036047236486818485,0.6543917830041052,0.0,4.5,False,7.812200114130974,20,0.18122040547760565,-0.033413135077805856,0.1,60,-64.64484405517578,24.470991134643555,0.004347638933335153,0.0,-51.36998815531822,24.54128973433948,0.002779010405088803,4.425000000000005,0,[]
292,14.600000000000001,-64.64484405517578,24.470991134643555,0.0027785056137527423,0.0,0.0,0.0,1.0,PlanStatus.FAIL,20,0.18122040547760565,-0.033413135077805856,False,,0.32041665863978824,0.036047236486818485,0.6543917830041052,0.0,4.5,False,7.567399879917502,20,0.18122040547760565,-0.033413135077805856,0.1,60,-64.64484405517578,24.470991134643555,0.004347638933335153,0.0,-51.36998815531822,24.54128973433948,0.002779010405088803,4.425000000000005,0,[]
293,14.65,-64.64484405517578,24.470991134643555,0.0027785056137527423,0.0,0.0,0.0,1.0,PlanStatus.FAIL,20,0.18122040547760565,-0.033413135077805856,False,,0.32041665863978824,0.036047236486818485,0.6543917830041052,0.0,4.5,False,8.289000019431114,20,0.18122040547760565,-0.033413135077805856,0.1,60,-64.64484405517578,24.470991134643555,0.004347638933335153,0.0,-51.36998815531822,24.54128973433948,0.002779010405088803,4.425000000000005,0,[]
294,14.700000000000001,-64.64484405517578,24.470991134643555,0.0027785056137527423,0.0,0.0,0.0,1.0,PlanStatus.FAIL,20,0.18122040547760565,-0.033413135077805856,False,,0.32041665863978824,0.036047236486818485,0.6543917830041052,0.0,4.5,False,7.671300088986754,20,0.18122040547760565,-0.033413135077805856,0.1,60,-64.64484405517578,24.470991134643555,0.004347638933335153,0.0,-51.36998815531822,24.54128973433948,0.002779010405088803,4.425000000000005,0,[]
295,14.75,-64.64484405517578,24.470991134643555,0.0027785056137527423,0.0,0.0,0.0,1.0,PlanStatus.FAIL,20,0.18122040547760565,-0.033413135077805856,False,,0.32041665863978824,0.036047236486818485,0.6543917830041052,0.0,4.5,False,7.627699989825487,20,0.18122040547760565,-0.033413135077805856,0.1,60,-64.64484405517578,24.470991134643555,0.004347638933335153,0.0,-51.36998815531822,24.54128973433948,0.002779010405088803,4.425000000000005,0,[]
296,14.8,-64.64484405517578,24.470991134643555,0.0027785056137527423,0.0,0.0,0.0,1.0,PlanStatus.FAIL,20,0.18122040547760565,-0.033413135077805856,False,,0.32041665863978824,0.036047236486818485,0.6543917830041052,0.0,4.5,False,7.533600088208914,20,0.18122040547760565,-0.033413135077805856,0.1,60,-64.64484405517578,24.470991134643555,0.004347638933335153,0.0,-51.36998815531822,24.54128973433948,0.002779010405088803,4.425000000000005,0,[]
297,14.850000000000001,-64.64484405517578,24.470991134643555,0.0027785056137527423,0.0,0.0,0.0,1.0,PlanStatus.FAIL,20,0.18122040547760565,-0.033413135077805856,False,,0.32041665863978824,0.036047236486818485,0.6543917830041052,0.0,4.5,False,8.717999793589115,20,0.18122040547760565,-0.033413135077805856,0.1,60,-64.64484405517578,24.470991134643555,0.004347638933335153,0.0,-51.36998815531822,24.54128973433948,0.002779010405088803,4.425000000000005,0,[]
298,14.9,-64.64484405517578,24.470991134643555,0.0027785056137527423,0.0,0.0,0.0,1.0,PlanStatus.FAIL,20,0.18122040547760565,-0.033413135077805856,False,,0.32041665863978824,0.036047236486818485,0.6543917830041052,0.0,4.5,False,8.059400133788586,20,0.18122040547760565,-0.033413135077805856,0.1,60,-64.64484405517578,24.470991134643555,0.004347638933335153,0.0,-51.36998815531822,24.54128973433948,0.002779010405088803,4.425000000000005,0,[]
299,14.950000000000001,-64.64484405517578,24.470991134643555,0.0027785056137527423,0.0,0.0,0.0,1.0,PlanStatus.FAIL,20,0.18122040547760565,-0.033413135077805856,False,,0.32041665863978824,0.036047236486818485,0.6543917830041052,0.0,4.5,False,8.439699886366725,20,0.18122040547760565,-0.033413135077805856,0.1,60,-64.64484405517578,24.470991134643555,0.004347638933335153,0.0,-51.36998815531822,24.54128973433948,0.002779010405088803,4.425000000000005,0,[]
300,15.0,-64.64484405517578,24.470991134643555,0.0027785056137527423,0.0,0.0,0.0,1.0,PlanStatus.FAIL,20,0.18122040547760565,-0.033413135077805856,False,,0.32041665863978824,0.036047236486818485,0.6543917830041052,0.0,4.5,False,7.151999976485968,20,0.18122040547760565,-0.033413135077805856,0.1,60,-64.64484405517578,24.470991134643555,0.004347638933335153,0.0,-51.36998815531822,24.54128973433948,0.002779010405088803,4.425000000000005,0,[]
301,15.05,-64.64484405517578,24.470991134643555,0.0027785056137527423,0.0,0.0,0.0,1.0,PlanStatus.FAIL,20,0.18122040547760565,-0.033413135077805856,False,,0.32041665863978824,0.036047236486818485,0.6543917830041052,0.0,4.5,False,6.885200040414929,20,0.18122040547760565,-0.033413135077805856,0.1,60,-64.64484405517578,24.470991134643555,0.004347638933335153,0.0,-51.36998815531822,24.54128973433948,0.002779010405088803,4.425000000000005,0,[]
302,15.100000000000001,-64.64484405517578,24.470991134643555,0.0027785056137527423,0.0,0.0,0.0,1.0,PlanStatus.FAIL,20,0.18122040547760565,-0.033413135077805856,False,,0.32041665863978824,0.036047236486818485,0.6543917830041052,0.0,4.5,False,8.101999992504716,20,0.18122040547760565,-0.033413135077805856,0.1,60,-64.64484405517578,24.470991134643555,0.004347638933335153,0.0,-51.36998815531822,24.54128973433948,0.002779010405088803,4.425000000000005,0,[]
303,15.15,-64.64484405517578,24.470991134643555,0.0027785056137527423,0.0,0.0,0.0,1.0,PlanStatus.FAIL,20,0.18122040547760565,-0.033413135077805856,False,,0.32041665863978824,0.036047236486818485,0.6543917830041052,0.0,4.5,False,7.772400043904781,20,0.18122040547760565,-0.033413135077805856,0.1,60,-64.64484405517578,24.470991134643555,0.004347638933335153,0.0,-51.36998815531822,24.54128973433948,0.002779010405088803,4.425000000000005,0,[]
304,15.200000000000001,-64.64484405517578,24.470991134643555,0.0027785056137527423,0.0,0.0,0.0,1.0,PlanStatus.FAIL,20,0.18122040547760565,-0.033413135077805856,False,,0.32041665863978824,0.036047236486818485,0.6543917830041052,0.0,4.5,False,6.647799862548709,20,0.18122040547760565,-0.033413135077805856,0.1,60,-64.64484405517578,24.470991134643555,0.004347638933335153,0.0,-51.36998815531822,24.54128973433948,0.002779010405088803,4.425000000000005,0,[]
305,15.25,-64.64484405517578,24.470991134643555,0.0027785056137527423,0.0,0.0,0.0,1.0,PlanStatus.FAIL,20,0.18122040547760565,-0.033413135077805856,False,,0.32041665863978824,0.036047236486818485,0.6543917830041052,0.0,4.5,False,7.388099795207381,20,0.18122040547760565,-0.033413135077805856,0.1,60,-64.64484405517578,24.470991134643555,0.004347638933335153,0.0,-51.36998815531822,24.54128973433948,0.002779010405088803,4.425000000000005,0,[]
306,15.3,-64.64484405517578,24.470991134643555,0.0027785056137527423,0.0,0.0,0.0,1.0,PlanStatus.FAIL,20,0.18122040547760565,-0.033413135077805856,False,,0.32041665863978824,0.036047236486818485,0.6543917830041052,0.0,4.5,False,7.283899933099747,20,0.18122040547760565,-0.033413135077805856,0.1,60,-64.64484405517578,24.470991134643555,0.004347638933335153,0.0,-51.36998815531822,24.54128973433948,0.002779010405088803,4.425000000000005,0,[]
307,15.350000000000001,-64.64484405517578,24.470991134643555,0.0027785056137527423,0.0,0.0,0.0,1.0,PlanStatus.FAIL,20,0.18122040547760565,-0.033413135077805856,False,,0.32041665863978824,0.036047236486818485,0.6543917830041052,0.0,4.5,False,7.849900051951408,20,0.18122040547760565,-0.033413135077805856,0.1,60,-64.64484405517578,24.470991134643555,0.004347638933335153,0.0,-51.36998815531822,24.54128973433948,0.002779010405088803,4.425000000000005,0,[]
308,15.4,-64.64484405517578,24.470991134643555,0.0027785056137527423,0.0,0.0,0.0,1.0,PlanStatus.FAIL,20,0.18122040547760565,-0.033413135077805856,False,,0.32041665863978824,0.036047236486818485,0.6543917830041052,0.0,4.5,False,6.916299927979708,20,0.18122040547760565,-0.033413135077805856,0.1,60,-64.64484405517578,24.470991134643555,0.004347638933335153,0.0,-51.36998815531822,24.54128973433948,0.002779010405088803,4.425000000000005,0,[]
309,15.450000000000001,-64.64484405517578,24.470991134643555,0.0027785056137527423,0.0,0.0,0.0,1.0,PlanStatus.FAIL,20,0.18122040547760565,-0.033413135077805856,False,,0.32041665863978824,0.036047236486818485,0.6543917830041052,0.0,4.5,False,6.706099957227707,20,0.18122040547760565,-0.033413135077805856,0.1,60,-64.64484405517578,24.470991134643555,0.004347638933335153,0.0,-51.36998815531822,24.54128973433948,0.002779010405088803,4.425000000000005,0,[]
310,15.5,-64.64484405517578,24.470991134643555,0.0027785056137527423,0.0,0.0,0.0,1.0,PlanStatus.FAIL,20,0.18122040547760565,-0.033413135077805856,False,,0.32041665863978824,0.036047236486818485,0.6543917830041052,0.0,4.5,False,8.442700142040849,20,0.18122040547760565,-0.033413135077805856,0.1,60,-64.64484405517578,24.470991134643555,0.004347638933335153,0.0,-51.36998815531822,24.54128973433948,0.002779010405088803,4.425000000000005,0,[]
311,15.55,-64.64484405517578,24.470991134643555,0.0027785056137527423,0.0,0.0,0.0,1.0,PlanStatus.FAIL,20,0.18122040547760565,-0.033413135077805856,False,,0.32041665863978824,0.036047236486818485,0.6543917830041052,0.0,4.5,False,7.022100035101175,20,0.18122040547760565,-0.033413135077805856,0.1,60,-64.64484405517578,24.470991134643555,0.004347638933335153,0.0,-51.36998815531822,24.54128973433948,0.002779010405088803,4.425000000000005,0,[]
312,15.600000000000001,-64.64484405517578,24.470991134643555,0.0027785056137527423,0.0,0.0,0.0,1.0,PlanStatus.FAIL,20,0.18122040547760565,-0.033413135077805856,False,,0.32041665863978824,0.036047236486818485,0.6543917830041052,0.0,4.5,False,7.225200068205595,20,0.18122040547760565,-0.033413135077805856,0.1,60,-64.64484405517578,24.470991134643555,0.004347638933335153,0.0,-51.36998815531822,24.54128973433948,0.002779010405088803,4.425000000000005,0,[]
313,15.65,-64.64484405517578,24.470991134643555,0.0027785056137527423,0.0,0.0,0.0,1.0,PlanStatus.FAIL,20,0.18122040547760565,-0.033413135077805856,False,,0.32041665863978824,0.036047236486818485,0.6543917830041052,0.0,4.5,False,7.199299987405539,20,0.18122040547760565,-0.033413135077805856,0.1,60,-64.64484405517578,24.470991134643555,0.004347638933335153,0.0,-51.36998815531822,24.54128973433948,0.002779010405088803,4.425000000000005,0,[]
314,15.700000000000001,-64.64484405517578,24.470991134643555,0.0027785056137527423,0.0,0.0,0.0,1.0,PlanStatus.FAIL,20,0.18122040547760565,-0.033413135077805856,False,,0.32041665863978824,0.036047236486818485,0.6543917830041052,0.0,4.5,False,7.155400002375245,20,0.18122040547760565,-0.033413135077805856,0.1,60,-64.64484405517578,24.470991134643555,0.004347638933335153,0.0,-51.36998815531822,24.54128973433948,0.002779010405088803,4.425000000000005,0,[]
315,15.75,-64.64484405517578,24.470991134643555,0.0027785056137527423,0.0,0.0,0.0,1.0,PlanStatus.FAIL,20,0.18122040547760565,-0.033413135077805856,False,,0.32041665863978824,0.036047236486818485,0.6543917830041052,0.0,4.5,False,7.372900145128369,20,0.18122040547760565,-0.033413135077805856,0.1,60,-64.64484405517578,24.470991134643555,0.004347638933335153,0.0,-51.36998815531822,24.54128973433948,0.002779010405088803,4.425000000000005,0,[]
316,15.8,-64.64484405517578,24.470991134643555,0.0027785056137527423,0.0,0.0,0.0,1.0,PlanStatus.FAIL,20,0.18122040547760565,-0.033413135077805856,False,,0.32041665863978824,0.036047236486818485,0.6543917830041052,0.0,4.5,False,7.247299887239933,20,0.18122040547760565,-0.033413135077805856,0.1,60,-64.64484405517578,24.470991134643555,0.004347638933335153,0.0,-51.36998815531822,24.54128973433948,0.002779010405088803,4.425000000000005,0,[]
317,15.850000000000001,-64.64484405517578,24.470991134643555,0.0027785056137527423,0.0,0.0,0.0,1.0,PlanStatus.FAIL,20,0.18122040547760565,-0.033413135077805856,False,,0.32041665863978824,0.036047236486818485,0.6543917830041052,0.0,4.5,False,7.3061001021414995,20,0.18122040547760565,-0.033413135077805856,0.1,60,-64.64484405517578,24.470991134643555,0.004347638933335153,0.0,-51.36998815531822,24.54128973433948,0.002779010405088803,4.425000000000005,0,[]
318,15.9,-64.64484405517578,24.470991134643555,0.0027785056137527423,0.0,0.0,0.0,1.0,PlanStatus.FAIL,20,0.18122040547760565,-0.033413135077805856,False,,0.32041665863978824,0.036047236486818485,0.6543917830041052,0.0,4.5,False,7.291400106623769,20,0.18122040547760565,-0.033413135077805856,0.1,60,-64.64484405517578,24.470991134643555,0.004347638933335153,0.0,-51.36998815531822,24.54128973433948,0.002779010405088803,4.425000000000005,0,[]
319,15.950000000000001,-64.64484405517578,24.470991134643555,0.0027785056137527423,0.0,0.0,0.0,1.0,PlanStatus.FAIL,20,0.18122040547760565,-0.033413135077805856,False,,0.32041665863978824,0.036047236486818485,0.6543917830041052,0.0,4.5,False,6.894099991768599,20,0.18122040547760565,-0.033413135077805856,0.1,60,-64.64484405517578,24.470991134643555,0.004347638933335153,0.0,-51.36998815531822,24.54128973433948,0.002779010405088803,4.425000000000005,0,[]
320,16.0,-64.64484405517578,24.470991134643555,0.0027785056137527423,0.0,0.0,0.0,1.0,PlanStatus.FAIL,20,0.18122040547760565,-0.033413135077805856,False,,0.32041665863978824,0.036047236486818485,0.6543917830041052,0.0,4.5,False,7.797400001436472,20,0.18122040547760565,-0.033413135077805856,0.1,60,-64.64484405517578,24.470991134643555,0.004347638933335153,0.0,-51.36998815531822,24.54128973433948,0.002779010405088803,4.425000000000005,0,[]
321,16.05,-64.64484405517578,24.470991134643555,0.0027785056137527423,0.0,0.0,0.0,1.0,PlanStatus.FAIL,20,0.18122040547760565,-0.033413135077805856,False,,0.32041665863978824,0.036047236486818485,0.6543917830041052,0.0,4.5,False,6.970599992200732,20,0.18122040547760565,-0.033413135077805856,0.1,60,-64.64484405517578,24.470991134643555,0.004347638933335153,0.0,-51.36998815531822,24.54128973433948,0.002779010405088803,4.425000000000005,0,[]
322,16.1,-64.64484405517578,24.470991134643555,0.0027785056137527423,0.0,0.0,0.0,1.0,PlanStatus.FAIL,20,0.18122040547760565,-0.033413135077805856,False,,0.32041665863978824,0.036047236486818485,0.6543917830041052,0.0,4.5,False,6.839000154286623,20,0.18122040547760565,-0.033413135077805856,0.1,60,-64.64484405517578,24.470991134643555,0.004347638933335153,0.0,-51.36998815531822,24.54128973433948,0.002779010405088803,4.425000000000005,0,[]
323,16.150000000000002,-64.64484405517578,24.470991134643555,0.0027785056137527423,0.0,0.0,0.0,1.0,PlanStatus.FAIL,20,0.18122040547760565,-0.033413135077805856,False,,0.32041665863978824,0.036047236486818485,0.6543917830041052,0.0,4.5,False,7.1986999828368425,20,0.18122040547760565,-0.033413135077805856,0.1,60,-64.64484405517578,24.470991134643555,0.004347638933335153,0.0,-51.36998815531822,24.54128973433948,0.002779010405088803,4.425000000000005,0,[]
324,16.2,-64.64484405517578,24.470991134643555,0.0027785056137527423,0.0,0.0,0.0,1.0,PlanStatus.FAIL,20,0.18122040547760565,-0.033413135077805856,False,,0.32041665863978824,0.036047236486818485,0.6543917830041052,0.0,4.5,False,7.524800021201372,20,0.18122040547760565,-0.033413135077805856,0.1,60,-64.64484405517578,24.470991134643555,0.004347638933335153,0.0,-51.36998815531822,24.54128973433948,0.002779010405088803,4.425000000000005,0,[]
325,16.25,-64.64484405517578,24.470991134643555,0.0027785056137527423,0.0,0.0,0.0,1.0,PlanStatus.FAIL,20,0.18122040547760565,-0.033413135077805856,False,,0.32041665863978824,0.036047236486818485,0.6543917830041052,0.0,4.5,False,6.949699949473143,20,0.18122040547760565,-0.033413135077805856,0.1,60,-64.64484405517578,24.470991134643555,0.004347638933335153,0.0,-51.36998815531822,24.54128973433948,0.002779010405088803,4.425000000000005,0,[]
326,16.3,-64.64484405517578,24.470991134643555,0.0027785056137527423,0.0,0.0,0.0,1.0,PlanStatus.FAIL,20,0.18122040547760565,-0.033413135077805856,False,,0.32041665863978824,0.036047236486818485,0.6543917830041052,0.0,4.5,False,6.880400003865361,20,0.18122040547760565,-0.033413135077805856,0.1,60,-64.64484405517578,24.470991134643555,0.004347638933335153,0.0,-51.36998815531822,24.54128973433948,0.002779010405088803,4.425000000000005,0,[]
327,16.35,-64.64484405517578,24.470991134643555,0.0027785056137527423,0.0,0.0,0.0,1.0,PlanStatus.FAIL,20,0.18122040547760565,-0.033413135077805856,False,,0.32041665863978824,0.036047236486818485,0.6543917830041052,0.0,4.5,False,6.963899824768305,20,0.18122040547760565,-0.033413135077805856,0.1,60,-64.64484405517578,24.470991134643555,0.004347638933335153,0.0,-51.36998815531822,24.54128973433948,0.002779010405088803,4.425000000000005,0,[]
328,16.400000000000002,-64.64484405517578,24.470991134643555,0.0027785056137527423,0.0,0.0,0.0,1.0,PlanStatus.FAIL,20,0.18122040547760565,-0.033413135077805856,False,,0.32041665863978824,0.036047236486818485,0.6543917830041052,0.0,4.5,False,6.840500049293041,20,0.18122040547760565,-0.033413135077805856,0.1,60,-64.64484405517578,24.470991134643555,0.004347638933335153,0.0,-51.36998815531822,24.54128973433948,0.002779010405088803,4.425000000000005,0,[]
329,16.45,-64.64484405517578,24.470991134643555,0.0027785056137527423,0.0,0.0,0.0,1.0,PlanStatus.FAIL,20,0.18122040547760565,-0.033413135077805856,False,,0.32041665863978824,0.036047236486818485,0.6543917830041052,0.0,4.5,False,6.818100111559033,20,0.18122040547760565,-0.033413135077805856,0.1,60,-64.64484405517578,24.470991134643555,0.004347638933335153,0.0,-51.36998815531822,24.54128973433948,0.002779010405088803,4.425000000000005,0,[]
330,16.5,-64.64484405517578,24.470991134643555,0.0027785056137527423,0.0,0.0,0.0,1.0,PlanStatus.FAIL,20,0.18122040547760565,-0.033413135077805856,False,,0.32041665863978824,0.036047236486818485,0.6543917830041052,0.0,4.5,False,6.735899951308966,20,0.18122040547760565,-0.033413135077805856,0.1,60,-64.64484405517578,24.470991134643555,0.004347638933335153,0.0,-51.36998815531822,24.54128973433948,0.002779010405088803,4.425000000000005,0,[]
331,16.55,-64.64484405517578,24.470991134643555,0.0027785056137527423,0.0,0.0,0.0,1.0,PlanStatus.FAIL,20,0.18122040547760565,-0.033413135077805856,False,,0.32041665863978824,0.036047236486818485,0.6543917830041052,0.0,4.5,False,7.177700055763125,20,0.18122040547760565,-0.033413135077805856,0.1,60,-64.64484405517578,24.470991134643555,0.004347638933335153,0.0,-51.36998815531822,24.54128973433948,0.002779010405088803,4.425000000000005,0,[]
332,16.6,-64.64484405517578,24.470991134643555,0.0027785056137527423,0.0,0.0,0.0,1.0,PlanStatus.FAIL,20,0.18122040547760565,-0.033413135077805856,False,,0.32041665863978824,0.036047236486818485,0.6543917830041052,0.0,4.5,False,6.718500051647425,20,0.18122040547760565,-0.033413135077805856,0.1,60,-64.64484405517578,24.470991134643555,0.004347638933335153,0.0,-51.36998815531822,24.54128973433948,0.002779010405088803,4.425000000000005,0,[]
333,16.650000000000002,-64.64484405517578,24.470991134643555,0.0027785056137527423,0.0,0.0,0.0,1.0,PlanStatus.FAIL,20,0.18122040547760565,-0.033413135077805856,False,,0.32041665863978824,0.036047236486818485,0.6543917830041052,0.0,4.5,False,6.541799986734986,20,0.18122040547760565,-0.033413135077805856,0.1,60,-64.64484405517578,24.470991134643555,0.004347638933335153,0.0,-51.36998815531822,24.54128973433948,0.002779010405088803,4.425000000000005,0,[]
334,16.7,-64.64484405517578,24.470991134643555,0.0027785056137527423,0.0,0.0,0.0,1.0,PlanStatus.FAIL,20,0.18122040547760565,-0.033413135077805856,False,,0.32041665863978824,0.036047236486818485,0.6543917830041052,0.0,4.5,False,6.795499939471483,20,0.18122040547760565,-0.033413135077805856,0.1,60,-64.64484405517578,24.470991134643555,0.004347638933335153,0.0,-51.36998815531822,24.54128973433948,0.002779010405088803,4.425000000000005,0,[]
335,16.75,-64.64484405517578,24.470991134643555,0.0027785056137527423,0.0,0.0,0.0,1.0,PlanStatus.FAIL,20,0.18122040547760565,-0.033413135077805856,False,,0.32041665863978824,0.036047236486818485,0.6543917830041052,0.0,4.5,False,9.809899842366576,20,0.18122040547760565,-0.033413135077805856,0.1,60,-64.64484405517578,24.470991134643555,0.004347638933335153,0.0,-51.36998815531822,24.54128973433948,0.002779010405088803,4.425000000000005,0,[]
336,16.8,-64.64484405517578,24.470991134643555,0.0027785056137527423,0.0,0.0,0.0,1.0,PlanStatus.FAIL,20,0.18122040547760565,-0.033413135077805856,False,,0.32041665863978824,0.036047236486818485,0.6543917830041052,0.0,4.5,False,7.304999977350235,20,0.18122040547760565,-0.033413135077805856,0.1,60,-64.64484405517578,24.470991134643555,0.004347638933335153,0.0,-51.36998815531822,24.54128973433948,0.002779010405088803,4.425000000000005,0,[]
337,16.85,-64.64484405517578,24.470991134643555,0.0027785056137527423,0.0,0.0,0.0,1.0,PlanStatus.FAIL,20,0.18122040547760565,-0.033413135077805856,False,,0.32041665863978824,0.036047236486818485,0.6543917830041052,0.0,4.5,False,8.275900036096573,20,0.18122040547760565,-0.033413135077805856,0.1,60,-64.64484405517578,24.470991134643555,0.004347638933335153,0.0,-51.36998815531822,24.54128973433948,0.002779010405088803,4.425000000000005,0,[]
338,16.900000000000002,-64.64484405517578,24.470991134643555,0.0027785056137527423,0.0,0.0,0.0,1.0,PlanStatus.FAIL,20,0.18122040547760565,-0.033413135077805856,False,,0.32041665863978824,0.036047236486818485,0.6543917830041052,0.0,4.5,False,8.283100090920925,20,0.18122040547760565,-0.033413135077805856,0.1,60,-64.64484405517578,24.470991134643555,0.004347638933335153,0.0,-51.36998815531822,24.54128973433948,0.002779010405088803,4.425000000000005,0,[]
339,16.95,-64.64484405517578,24.470991134643555,0.0027785056137527423,0.0,0.0,0.0,1.0,PlanStatus.FAIL,20,0.18122040547760565,-0.033413135077805856,False,,0.32041665863978824,0.036047236486818485,0.6543917830041052,0.0,4.5,False,7.732599973678589,20,0.18122040547760565,-0.033413135077805856,0.1,60,-64.64484405517578,24.470991134643555,0.004347638933335153,0.0,-51.36998815531822,24.54128973433948,0.002779010405088803,4.425000000000005,0,[]
340,17.0,-64.64484405517578,24.470991134643555,0.0027785056137527423,0.0,0.0,0.0,1.0,PlanStatus.FAIL,20,0.18122040547760565,-0.033413135077805856,False,,0.32041665863978824,0.036047236486818485,0.6543917830041052,0.0,4.5,False,7.446200121194124,20,0.18122040547760565,-0.033413135077805856,0.1,60,-64.64484405517578,24.470991134643555,0.004347638933335153,0.0,-51.36998815531822,24.54128973433948,0.002779010405088803,4.425000000000005,0,[]
341,17.05,-64.64484405517578,24.470991134643555,0.0027785056137527423,0.0,0.0,0.0,1.0,PlanStatus.FAIL,20,0.18122040547760565,-0.033413135077805856,False,,0.32041665863978824,0.036047236486818485,0.6543917830041052,0.0,4.5,False,6.976200034841895,20,0.18122040547760565,-0.033413135077805856,0.1,60,-64.64484405517578,24.470991134643555,0.004347638933335153,0.0,-51.36998815531822,24.54128973433948,0.002779010405088803,4.425000000000005,0,[]
342,17.1,-64.64484405517578,24.470991134643555,0.0027785056137527423,0.0,0.0,0.0,1.0,PlanStatus.FAIL,20,0.18122040547760565,-0.033413135077805856,False,,0.32041665863978824,0.036047236486818485,0.6543917830041052,0.0,4.5,False,6.880700122565031,20,0.18122040547760565,-0.033413135077805856,0.1,60,-64.64484405517578,24.470991134643555,0.004347638933335153,0.0,-51.36998815531822,24.54128973433948,0.002779010405088803,4.425000000000005,0,[]
343,17.150000000000002,-64.64484405517578,24.470991134643555,0.0027785056137527423,0.0,0.0,0.0,1.0,PlanStatus.FAIL,20,0.18122040547760565,-0.033413135077805856,False,,0.32041665863978824,0.036047236486818485,0.6543917830041052,0.0,4.5,False,7.311899913474917,20,0.18122040547760565,-0.033413135077805856,0.1,60,-64.64484405517578,24.470991134643555,0.004347638933335153,0.0,-51.36998815531822,24.54128973433948,0.002779010405088803,4.425000000000005,0,[]
344,17.2,-64.64484405517578,24.470991134643555,0.0027785056137527423,0.0,0.0,0.0,1.0,PlanStatus.FAIL,20,0.18122040547760565,-0.033413135077805856,False,,0.32041665863978824,0.036047236486818485,0.6543917830041052,0.0,4.5,False,6.858600070700049,20,0.18122040547760565,-0.033413135077805856,0.1,60,-64.64484405517578,24.470991134643555,0.004347638933335153,0.0,-51.36998815531822,24.54128973433948,0.002779010405088803,4.425000000000005,0,[]
345,17.25,-64.64484405517578,24.470991134643555,0.0027785056137527423,0.0,0.0,0.0,1.0,PlanStatus.FAIL,20,0.18122040547760565,-0.033413135077805856,False,,0.32041665863978824,0.036047236486818485,0.6543917830041052,0.0,4.5,False,7.507599890232086,20,0.18122040547760565,-0.033413135077805856,0.1,60,-64.64484405517578,24.470991134643555,0.004347638933335153,0.0,-51.36998815531822,24.54128973433948,0.002779010405088803,4.425000000000005,0,[]
346,17.3,-64.64484405517578,24.470991134643555,0.0027785056137527423,0.0,0.0,0.0,1.0,PlanStatus.FAIL,20,0.18122040547760565,-0.033413135077805856,False,,0.32041665863978824,0.036047236486818485,0.6543917830041052,0.0,4.5,False,8.083999855443835,20,0.18122040547760565,-0.033413135077805856,0.1,60,-64.64484405517578,24.470991134643555,0.004347638933335153,0.0,-51.36998815531822,24.54128973433948,0.002779010405088803,4.425000000000005,0,[]
347,17.35,-64.64484405517578,24.470991134643555,0.0027785056137527423,0.0,0.0,0.0,1.0,PlanStatus.FAIL,20,0.18122040547760565,-0.033413135077805856,False,,0.32041665863978824,0.036047236486818485,0.6543917830041052,0.0,4.5,False,7.05679995007813,20,0.18122040547760565,-0.033413135077805856,0.1,60,-64.64484405517578,24.470991134643555,0.004347638933335153,0.0,-51.36998815531822,24.54128973433948,0.002779010405088803,4.425000000000005,0,[]
348,17.400000000000002,-64.64484405517578,24.470991134643555,0.0027785056137527423,0.0,0.0,0.0,1.0,PlanStatus.FAIL,20,0.18122040547760565,-0.033413135077805856,False,,0.32041665863978824,0.036047236486818485,0.6543917830041052,0.0,4.5,False,7.491600001230836,20,0.18122040547760565,-0.033413135077805856,0.1,60,-64.64484405517578,24.470991134643555,0.004347638933335153,0.0,-51.36998815531822,24.54128973433948,0.002779010405088803,4.425000000000005,0,[]
349,17.45,-64.64484405517578,24.470991134643555,0.0027785056137527423,0.0,0.0,0.0,1.0,PlanStatus.FAIL,20,0.18122040547760565,-0.033413135077805856,False,,0.32041665863978824,0.036047236486818485,0.6543917830041052,0.0,4.5,False,7.502700202167034,20,0.18122040547760565,-0.033413135077805856,0.1,60,-64.64484405517578,24.470991134643555,0.004347638933335153,0.0,-51.36998815531822,24.54128973433948,0.002779010405088803,4.425000000000005,0,[]
350,17.5,-64.64484405517578,24.470991134643555,0.0027785056137527423,0.0,0.0,0.0,1.0,PlanStatus.FAIL,20,0.18122040547760565,-0.033413135077805856,False,,0.32041665863978824,0.036047236486818485,0.6543917830041052,0.0,4.5,False,7.105400087311864,20,0.18122040547760565,-0.033413135077805856,0.1,60,-64.64484405517578,24.470991134643555,0.004347638933335153,0.0,-51.36998815531822,24.54128973433948,0.002779010405088803,4.425000000000005,0,[]
351,17.55,-64.64484405517578,24.470991134643555,0.0027785056137527423,0.0,0.0,0.0,1.0,PlanStatus.FAIL,20,0.18122040547760565,-0.033413135077805856,False,,0.32041665863978824,0.036047236486818485,0.6543917830041052,0.0,4.5,False,7.308200001716614,20,0.18122040547760565,-0.033413135077805856,0.1,60,-64.64484405517578,24.470991134643555,0.004347638933335153,0.0,-51.36998815531822,24.54128973433948,0.002779010405088803,4.425000000000005,0,[]
352,17.6,-64.64484405517578,24.470991134643555,0.0027785056137527423,0.0,0.0,0.0,1.0,PlanStatus.FAIL,20,0.18122040547760565,-0.033413135077805856,False,,0.32041665863978824,0.036047236486818485,0.6543917830041052,0.0,4.5,False,10.527699952945113,20,0.18122040547760565,-0.033413135077805856,0.1,60,-64.64484405517578,24.470991134643555,0.004347638933335153,0.0,-51.36998815531822,24.54128973433948,0.002779010405088803,4.425000000000005,0,[]
353,17.650000000000002,-64.64484405517578,24.470991134643555,0.0027785056137527423,0.0,0.0,0.0,1.0,PlanStatus.FAIL,20,0.18122040547760565,-0.033413135077805856,False,,0.32041665863978824,0.036047236486818485,0.6543917830041052,0.0,4.5,False,9.594500064849854,20,0.18122040547760565,-0.033413135077805856,0.1,60,-64.64484405517578,24.470991134643555,0.004347638933335153,0.0,-51.36998815531822,24.54128973433948,0.002779010405088803,4.425000000000005,0,[]
354,17.7,-64.64484405517578,24.470991134643555,0.0027785056137527423,0.0,0.0,0.0,1.0,PlanStatus.FAIL,20,0.18122040547760565,-0.033413135077805856,False,,0.32041665863978824,0.036047236486818485,0.6543917830041052,0.0,4.5,False,8.013600017875433,20,0.18122040547760565,-0.033413135077805856,0.1,60,-64.64484405517578,24.470991134643555,0.004347638933335153,0.0,-51.36998815531822,24.54128973433948,0.002779010405088803,4.425000000000005,0,[]
355,17.75,-64.64484405517578,24.470991134643555,0.0027785056137527423,0.0,0.0,0.0,1.0,PlanStatus.FAIL,20,0.18122040547760565,-0.033413135077805856,False,,0.32041665863978824,0.036047236486818485,0.6543917830041052,0.0,4.5,False,7.535499986261129,20,0.18122040547760565,-0.033413135077805856,0.1,60,-64.64484405517578,24.470991134643555,0.004347638933335153,0.0,-51.36998815531822,24.54128973433948,0.002779010405088803,4.425000000000005,0,[]
356,17.8,-64.64484405517578,24.470991134643555,0.0027785056137527423,0.0,0.0,0.0,1.0,PlanStatus.FAIL,20,0.18122040547760565,-0.033413135077805856,False,,0.32041665863978824,0.036047236486818485,0.6543917830041052,0.0,4.5,False,7.592800073325634,20,0.18122040547760565,-0.033413135077805856,0.1,60,-64.64484405517578,24.470991134643555,0.004347638933335153,0.0,-51.36998815531822,24.54128973433948,0.002779010405088803,4.425000000000005,0,[]
357,17.85,-64.64484405517578,24.470991134643555,0.0027785056137527423,0.0,0.0,0.0,1.0,PlanStatus.FAIL,20,0.18122040547760565,-0.033413135077805856,False,,0.32041665863978824,0.036047236486818485,0.6543917830041052,0.0,4.5,False,8.209099993109703,20,0.18122040547760565,-0.033413135077805856,0.1,60,-64.64484405517578,24.470991134643555,0.004347638933335153,0.0,-51.36998815531822,24.54128973433948,0.002779010405088803,4.425000000000005,0,[]
358,17.900000000000002,-64.64484405517578,24.470991134643555,0.0027785056137527423,0.0,0.0,0.0,1.0,PlanStatus.FAIL,20,0.18122040547760565,-0.033413135077805856,False,,0.32041665863978824,0.036047236486818485,0.6543917830041052,0.0,4.5,False,10.250899940729141,20,0.18122040547760565,-0.033413135077805856,0.1,60,-64.64484405517578,24.470991134643555,0.004347638933335153,0.0,-51.36998815531822,24.54128973433948,0.002779010405088803,4.425000000000005,0,[]
359,17.95,-64.64484405517578,24.470991134643555,0.0027785056137527423,0.0,0.0,0.0,1.0,PlanStatus.FAIL,20,0.18122040547760565,-0.033413135077805856,False,,0.32041665863978824,0.036047236486818485,0.6543917830041052,0.0,4.5,False,7.671599974855781,20,0.18122040547760565,-0.033413135077805856,0.1,60,-64.64484405517578,24.470991134643555,0.004347638933335153,0.0,-51.36998815531822,24.54128973433948,0.002779010405088803,4.425000000000005,0,[]
360,18.0,-64.64484405517578,24.470991134643555,0.0027785056137527423,0.0,0.0,0.0,1.0,PlanStatus.FAIL,20,0.18122040547760565,-0.033413135077805856,False,,0.32041665863978824,0.036047236486818485,0.6543917830041052,0.0,4.5,False,7.449700031429529,20,0.18122040547760565,-0.033413135077805856,0.1,60,-64.64484405517578,24.470991134643555,0.004347638933335153,0.0,-51.36998815531822,24.54128973433948,0.002779010405088803,4.425000000000005,0,[]
361,18.05,-64.64484405517578,24.470991134643555,0.0027785056137527423,0.0,0.0,0.0,1.0,PlanStatus.FAIL,20,0.18122040547760565,-0.033413135077805856,False,,0.32041665863978824,0.036047236486818485,0.6543917830041052,0.0,4.5,False,7.720199879258871,20,0.18122040547760565,-0.033413135077805856,0.1,60,-64.64484405517578,24.470991134643555,0.004347638933335153,0.0,-51.36998815531822,24.54128973433948,0.002779010405088803,4.425000000000005,0,[]
362,18.1,-64.64484405517578,24.470991134643555,0.0027785056137527423,0.0,0.0,0.0,1.0,PlanStatus.FAIL,20,0.18122040547760565,-0.033413135077805856,False,,0.32041665863978824,0.036047236486818485,0.6543917830041052,0.0,4.5,False,7.441099965944886,20,0.18122040547760565,-0.033413135077805856,0.1,60,-64.64484405517578,24.470991134643555,0.004347638933335153,0.0,-51.36998815531822,24.54128973433948,0.002779010405088803,4.425000000000005,0,[]
363,18.150000000000002,-64.64484405517578,24.470991134643555,0.0027785056137527423,0.0,0.0,0.0,1.0,PlanStatus.FAIL,20,0.18122040547760565,-0.033413135077805856,False,,0.32041665863978824,0.036047236486818485,0.6543917830041052,0.0,4.5,False,7.549999980255961,20,0.18122040547760565,-0.033413135077805856,0.1,60,-64.64484405517578,24.470991134643555,0.004347638933335153,0.0,-51.36998815531822,24.54128973433948,0.002779010405088803,4.425000000000005,0,[]
364,18.2,-64.64484405517578,24.470991134643555,0.0027785056137527423,0.0,0.0,0.0,1.0,PlanStatus.FAIL,20,0.18122040547760565,-0.033413135077805856,False,,0.32041665863978824,0.036047236486818485,0.6543917830041052,0.0,4.5,False,8.06879997253418,20,0.18122040547760565,-0.033413135077805856,0.1,60,-64.64484405517578,24.470991134643555,0.004347638933335153,0.0,-51.36998815531822,24.54128973433948,0.002779010405088803,4.425000000000005,0,[]
365,18.25,-64.64484405517578,24.470991134643555,0.0027785056137527423,0.0,0.0,0.0,1.0,PlanStatus.FAIL,20,0.18122040547760565,-0.033413135077805856,False,,0.32041665863978824,0.036047236486818485,0.6543917830041052,0.0,4.5,False,7.383699994534254,20,0.18122040547760565,-0.033413135077805856,0.1,60,-64.64484405517578,24.470991134643555,0.004347638933335153,0.0,-51.36998815531822,24.54128973433948,0.002779010405088803,4.425000000000005,0,[]
366,18.3,-64.64484405517578,24.470991134643555,0.0027785056137527423,0.0,0.0,0.0,1.0,PlanStatus.FAIL,20,0.18122040547760565,-0.033413135077805856,False,,0.32041665863978824,0.036047236486818485,0.6543917830041052,0.0,4.5,False,7.405899930745363,20,0.18122040547760565,-0.033413135077805856,0.1,60,-64.64484405517578,24.470991134643555,0.004347638933335153,0.0,-51.36998815531822,24.54128973433948,0.002779010405088803,4.425000000000005,0,[]
367,18.35,-64.64484405517578,24.470991134643555,0.0027785056137527423,0.0,0.0,0.0,1.0,PlanStatus.FAIL,20,0.18122040547760565,-0.033413135077805856,False,,0.32041665863978824,0.036047236486818485,0.6543917830041052,0.0,4.5,False,7.615000009536743,20,0.18122040547760565,-0.033413135077805856,0.1,60,-64.64484405517578,24.470991134643555,0.004347638933335153,0.0,-51.36998815531822,24.54128973433948,0.002779010405088803,4.425000000000005,0,[]
368,18.400000000000002,-64.64484405517578,24.470991134643555,0.0027785056137527423,0.0,0.0,0.0,1.0,PlanStatus.FAIL,20,0.18122040547760565,-0.033413135077805856,False,,0.32041665863978824,0.036047236486818485,0.6543917830041052,0.0,4.5,False,9.832799900323153,20,0.18122040547760565,-0.033413135077805856,0.1,60,-64.64484405517578,24.470991134643555,0.004347638933335153,0.0,-51.36998815531822,24.54128973433948,0.002779010405088803,4.425000000000005,0,[]
369,18.45,-64.64484405517578,24.470991134643555,0.0027785056137527423,0.0,0.0,0.0,1.0,PlanStatus.FAIL,20,0.18122040547760565,-0.033413135077805856,False,,0.32041665863978824,0.036047236486818485,0.6543917830041052,0.0,4.5,False,8.669599890708923,20,0.18122040547760565,-0.033413135077805856,0.1,60,-64.64484405517578,24.470991134643555,0.004347638933335153,0.0,-51.36998815531822,24.54128973433948,0.002779010405088803,4.425000000000005,0,[]
370,18.5,-64.64484405517578,24.470991134643555,0.0027785056137527423,0.0,0.0,0.0,1.0,PlanStatus.FAIL,20,0.18122040547760565,-0.033413135077805856,False,,0.32041665863978824,0.036047236486818485,0.6543917830041052,0.0,4.5,False,7.51330005005002,20,0.18122040547760565,-0.033413135077805856,0.1,60,-64.64484405517578,24.470991134643555,0.004347638933335153,0.0,-51.36998815531822,24.54128973433948,0.002779010405088803,4.425000000000005,0,[]
371,18.55,-64.64484405517578,24.470991134643555,0.0027785056137527423,0.0,0.0,0.0,1.0,PlanStatus.FAIL,20,0.18122040547760565,-0.033413135077805856,False,,0.32041665863978824,0.036047236486818485,0.6543917830041052,0.0,4.5,False,7.508499780669808,20,0.18122040547760565,-0.033413135077805856,0.1,60,-64.64484405517578,24.470991134643555,0.004347638933335153,0.0,-51.36998815531822,24.54128973433948,0.002779010405088803,4.425000000000005,0,[]
372,18.6,-64.64484405517578,24.470991134643555,0.0027785056137527423,0.0,0.0,0.0,1.0,PlanStatus.FAIL,20,0.18122040547760565,-0.033413135077805856,False,,0.32041665863978824,0.036047236486818485,0.6543917830041052,0.0,4.5,False,7.665300043299794,20,0.18122040547760565,-0.033413135077805856,0.1,60,-64.64484405517578,24.470991134643555,0.004347638933335153,0.0,-51.36998815531822,24.54128973433948,0.002779010405088803,4.425000000000005,0,[]
373,18.650000000000002,-64.64484405517578,24.470991134643555,0.0027785056137527423,0.0,0.0,0.0,1.0,PlanStatus.FAIL,20,0.18122040547760565,-0.033413135077805856,False,,0.32041665863978824,0.036047236486818485,0.6543917830041052,0.0,4.5,False,7.872599875554442,20,0.18122040547760565,-0.033413135077805856,0.1,60,-64.64484405517578,24.470991134643555,0.004347638933335153,0.0,-51.36998815531822,24.54128973433948,0.002779010405088803,4.425000000000005,0,[]
374,18.7,-64.64484405517578,24.470991134643555,0.0027785056137527423,0.0,0.0,0.0,1.0,PlanStatus.FAIL,20,0.18122040547760565,-0.033413135077805856,False,,0.32041665863978824,0.036047236486818485,0.6543917830041052,0.0,4.5,False,7.806000066921115,20,0.18122040547760565,-0.033413135077805856,0.1,60,-64.64484405517578,24.470991134643555,0.004347638933335153,0.0,-51.36998815531822,24.54128973433948,0.002779010405088803,4.425000000000005,0,[]
375,18.75,-64.64484405517578,24.470991134643555,0.0027785056137527423,0.0,0.0,0.0,1.0,PlanStatus.FAIL,20,0.18122040547760565,-0.033413135077805856,False,,0.32041665863978824,0.036047236486818485,0.6543917830041052,0.0,4.5,False,7.731700083240867,20,0.18122040547760565,-0.033413135077805856,0.1,60,-64.64484405517578,24.470991134643555,0.004347638933335153,0.0,-51.36998815531822,24.54128973433948,0.002779010405088803,4.425000000000005,0,[]
376,18.8,-64.64484405517578,24.470991134643555,0.0027785056137527423,0.0,0.0,0.0,1.0,PlanStatus.FAIL,20,0.18122040547760565,-0.033413135077805856,False,,0.32041665863978824,0.036047236486818485,0.6543917830041052,0.0,4.5,False,7.293200120329857,20,0.18122040547760565,-0.033413135077805856,0.1,60,-64.64484405517578,24.470991134643555,0.004347638933335153,0.0,-51.36998815531822,24.54128973433948,0.002779010405088803,4.425000000000005,0,[]
377,18.85,-64.64484405517578,24.470991134643555,0.0027785056137527423,0.0,0.0,0.0,1.0,PlanStatus.FAIL,20,0.18122040547760565,-0.033413135077805856,False,,0.32041665863978824,0.036047236486818485,0.6543917830041052,0.0,4.5,False,7.3061001021414995,20,0.18122040547760565,-0.033413135077805856,0.1,60,-64.64484405517578,24.470991134643555,0.004347638933335153,0.0,-51.36998815531822,24.54128973433948,0.002779010405088803,4.425000000000005,0,[]
378,18.900000000000002,-64.64484405517578,24.470991134643555,0.0027785056137527423,0.0,0.0,0.0,1.0,PlanStatus.FAIL,20,0.18122040547760565,-0.033413135077805856,False,,0.32041665863978824,0.036047236486818485,0.6543917830041052,0.0,4.5,False,9.19589982368052,20,0.18122040547760565,-0.033413135077805856,0.1,60,-64.64484405517578,24.470991134643555,0.004347638933335153,0.0,-51.36998815531822,24.54128973433948,0.002779010405088803,4.425000000000005,0,[]
379,18.95,-64.64484405517578,24.470991134643555,0.0027785056137527423,0.0,0.0,0.0,1.0,PlanStatus.FAIL,20,0.18122040547760565,-0.033413135077805856,False,,0.32041665863978824,0.036047236486818485,0.6543917830041052,0.0,4.5,False,7.890299893915653,20,0.18122040547760565,-0.033413135077805856,0.1,60,-64.64484405517578,24.470991134643555,0.004347638933335153,0.0,-51.36998815531822,24.54128973433948,0.002779010405088803,4.425000000000005,0,[]
380,19.0,-64.64484405517578,24.470991134643555,0.0027785056137527423,0.0,0.0,0.0,1.0,PlanStatus.FAIL,20,0.18122040547760565,-0.033413135077805856,False,,0.32041665863978824,0.036047236486818485,0.6543917830041052,0.0,4.5,False,7.83340004272759,20,0.18122040547760565,-0.033413135077805856,0.1,60,-64.64484405517578,24.470991134643555,0.004347638933335153,0.0,-51.36998815531822,24.54128973433948,0.002779010405088803,4.425000000000005,0,[]
381,19.05,-64.64484405517578,24.470991134643555,0.0027785056137527423,0.0,0.0,0.0,1.0,PlanStatus.FAIL,20,0.18122040547760565,-0.033413135077805856,False,,0.32041665863978824,0.036047236486818485,0.6543917830041052,0.0,4.5,False,7.636400172486901,20,0.18122040547760565,-0.033413135077805856,0.1,60,-64.64484405517578,24.470991134643555,0.004347638933335153,0.0,-51.36998815531822,24.54128973433948,0.002779010405088803,4.425000000000005,0,[]
382,19.1,-64.64484405517578,24.470991134643555,0.0027785056137527423,0.0,0.0,0.0,1.0,PlanStatus.FAIL,20,0.18122040547760565,-0.033413135077805856,False,,0.32041665863978824,0.036047236486818485,0.6543917830041052,0.0,4.5,False,7.358399918302894,20,0.18122040547760565,-0.033413135077805856,0.1,60,-64.64484405517578,24.470991134643555,0.004347638933335153,0.0,-51.36998815531822,24.54128973433948,0.002779010405088803,4.425000000000005,0,[]
383,19.150000000000002,-64.64484405517578,24.470991134643555,0.0027785056137527423,0.0,0.0,0.0,1.0,PlanStatus.FAIL,20,0.18122040547760565,-0.033413135077805856,False,,0.32041665863978824,0.036047236486818485,0.6543917830041052,0.0,4.5,False,7.358500035479665,20,0.18122040547760565,-0.033413135077805856,0.1,60,-64.64484405517578,24.470991134643555,0.004347638933335153,0.0,-51.36998815531822,24.54128973433948,0.002779010405088803,4.425000000000005,0,[]
384,19.200000000000003,-64.64484405517578,24.470991134643555,0.0027785056137527423,0.0,0.0,0.0,1.0,PlanStatus.FAIL,20,0.18122040547760565,-0.033413135077805856,False,,0.32041665863978824,0.036047236486818485,0.6543917830041052,0.0,4.5,False,7.370099890977144,20,0.18122040547760565,-0.033413135077805856,0.1,60,-64.64484405517578,24.470991134643555,0.004347638933335153,0.0,-51.36998815531822,24.54128973433948,0.002779010405088803,4.425000000000005,0,[]
385,19.25,-64.64484405517578,24.470991134643555,0.0027785056137527423,0.0,0.0,0.0,1.0,PlanStatus.FAIL,20,0.18122040547760565,-0.033413135077805856,False,,0.32041665863978824,0.036047236486818485,0.6543917830041052,0.0,4.5,False,7.492300122976303,20,0.18122040547760565,-0.033413135077805856,0.1,60,-64.64484405517578,24.470991134643555,0.004347638933335153,0.0,-51.36998815531822,24.54128973433948,0.002779010405088803,4.425000000000005,0,[]
386,19.3,-64.64484405517578,24.470991134643555,0.0027785056137527423,0.0,0.0,0.0,1.0,PlanStatus.FAIL,20,0.18122040547760565,-0.033413135077805856,False,,0.32041665863978824,0.036047236486818485,0.6543917830041052,0.0,4.5,False,7.373899919912219,20,0.18122040547760565,-0.033413135077805856,0.1,60,-64.64484405517578,24.470991134643555,0.004347638933335153,0.0,-51.36998815531822,24.54128973433948,0.002779010405088803,4.425000000000005,0,[]
387,19.35,-64.64484405517578,24.470991134643555,0.0027785056137527423,0.0,0.0,0.0,1.0,PlanStatus.FAIL,20,0.18122040547760565,-0.033413135077805856,False,,0.32041665863978824,0.036047236486818485,0.6543917830041052,0.0,4.5,False,7.537399884313345,20,0.18122040547760565,-0.033413135077805856,0.1,60,-64.64484405517578,24.470991134643555,0.004347638933335153,0.0,-51.36998815531822,24.54128973433948,0.002779010405088803,4.425000000000005,0,[]
388,19.400000000000002,-64.64484405517578,24.470991134643555,0.0027785056137527423,0.0,0.0,0.0,1.0,PlanStatus.FAIL,20,0.18122040547760565,-0.033413135077805856,False,,0.32041665863978824,0.036047236486818485,0.6543917830041052,0.0,4.5,False,7.736600004136562,20,0.18122040547760565,-0.033413135077805856,0.1,60,-64.64484405517578,24.470991134643555,0.004347638933335153,0.0,-51.36998815531822,24.54128973433948,0.002779010405088803,4.425000000000005,0,[]
389,19.450000000000003,-64.64484405517578,24.470991134643555,0.0027785056137527423,0.0,0.0,0.0,1.0,PlanStatus.FAIL,20,0.18122040547760565,-0.033413135077805856,False,,0.32041665863978824,0.036047236486818485,0.6543917830041052,0.0,4.5,False,7.243599975481629,20,0.18122040547760565,-0.033413135077805856,0.1,60,-64.64484405517578,24.470991134643555,0.004347638933335153,0.0,-51.36998815531822,24.54128973433948,0.002779010405088803,4.425000000000005,0,[]
390,19.5,-64.64484405517578,24.470991134643555,0.0027785056137527423,0.0,0.0,0.0,1.0,PlanStatus.FAIL,20,0.18122040547760565,-0.033413135077805856,False,,0.32041665863978824,0.036047236486818485,0.6543917830041052,0.0,4.5,False,7.860600017011166,20,0.18122040547760565,-0.033413135077805856,0.1,60,-64.64484405517578,24.470991134643555,0.004347638933335153,0.0,-51.36998815531822,24.54128973433948,0.002779010405088803,4.425000000000005,0,[]
391,19.55,-64.64484405517578,24.470991134643555,0.0027785056137527423,0.0,0.0,0.0,1.0,PlanStatus.FAIL,20,0.18122040547760565,-0.033413135077805856,False,,0.32041665863978824,0.036047236486818485,0.6543917830041052,0.0,4.5,False,7.573300041258335,20,0.18122040547760565,-0.033413135077805856,0.1,60,-64.64484405517578,24.470991134643555,0.004347638933335153,0.0,-51.36998815531822,24.54128973433948,0.002779010405088803,4.425000000000005,0,[]
392,19.6,-64.64484405517578,24.470991134643555,0.0027785056137527423,0.0,0.0,0.0,1.0,PlanStatus.FAIL,20,0.18122040547760565,-0.033413135077805856,False,,0.32041665863978824,0.036047236486818485,0.6543917830041052,0.0,4.5,False,7.938999915495515,20,0.18122040547760565,-0.033413135077805856,0.1,60,-64.64484405517578,24.470991134643555,0.004347638933335153,0.0,-51.36998815531822,24.54128973433948,0.002779010405088803,4.425000000000005,0,[]
393,19.650000000000002,-64.64484405517578,24.470991134643555,0.0027785056137527423,0.0,0.0,0.0,1.0,PlanStatus.FAIL,20,0.18122040547760565,-0.033413135077805856,False,,0.32041665863978824,0.036047236486818485,0.6543917830041052,0.0,4.5,False,7.296199910342693,20,0.18122040547760565,-0.033413135077805856,0.1,60,-64.64484405517578,24.470991134643555,0.004347638933335153,0.0,-51.36998815531822,24.54128973433948,0.002779010405088803,4.425000000000005,0,[]
394,19.700000000000003,-64.64484405517578,24.470991134643555,0.0027785056137527423,0.0,0.0,0.0,1.0,PlanStatus.FAIL,20,0.18122040547760565,-0.033413135077805856,False,,0.32041665863978824,0.036047236486818485,0.6543917830041052,0.0,4.5,False,7.232200121507049,20,0.18122040547760565,-0.033413135077805856,0.1,60,-64.64484405517578,24.470991134643555,0.004347638933335153,0.0,-51.36998815531822,24.54128973433948,0.002779010405088803,4.425000000000005,0,[]
395,19.75,-64.64484405517578,24.470991134643555,0.0027785056137527423,0.0,0.0,0.0,1.0,PlanStatus.FAIL,20,0.18122040547760565,-0.033413135077805856,False,,0.32041665863978824,0.036047236486818485,0.6543917830041052,0.0,4.5,False,7.786100031808019,20,0.18122040547760565,-0.033413135077805856,0.1,60,-64.64484405517578,24.470991134643555,0.004347638933335153,0.0,-51.36998815531822,24.54128973433948,0.002779010405088803,4.425000000000005,0,[]
396,19.8,-64.64484405517578,24.470991134643555,0.0027785056137527423,0.0,0.0,0.0,1.0,PlanStatus.FAIL,20,0.18122040547760565,-0.033413135077805856,False,,0.32041665863978824,0.036047236486818485,0.6543917830041052,0.0,4.5,False,9.724500123411417,20,0.18122040547760565,-0.033413135077805856,0.1,60,-64.64484405517578,24.470991134643555,0.004347638933335153,0.0,-51.36998815531822,24.54128973433948,0.002779010405088803,4.425000000000005,0,[]
397,19.85,-64.64484405517578,24.470991134643555,0.0027785056137527423,0.0,0.0,0.0,1.0,PlanStatus.FAIL,20,0.18122040547760565,-0.033413135077805856,False,,0.32041665863978824,0.036047236486818485,0.6543917830041052,0.0,4.5,False,7.578599965199828,20,0.18122040547760565,-0.033413135077805856,0.1,60,-64.64484405517578,24.470991134643555,0.004347638933335153,0.0,-51.36998815531822,24.54128973433948,0.002779010405088803,4.425000000000005,0,[]
398,19.900000000000002,-64.64484405517578,24.470991134643555,0.0027785056137527423,0.0,0.0,0.0,1.0,PlanStatus.FAIL,20,0.18122040547760565,-0.033413135077805856,False,,0.32041665863978824,0.036047236486818485,0.6543917830041052,0.0,4.5,False,7.747000083327293,20,0.18122040547760565,-0.033413135077805856,0.1,60,-64.64484405517578,24.470991134643555,0.004347638933335153,0.0,-51.36998815531822,24.54128973433948,0.002779010405088803,4.425000000000005,0,[]
399,19.950000000000003,-64.64484405517578,24.470991134643555,0.0027785056137527423,0.0,0.0,0.0,1.0,PlanStatus.FAIL,20,0.18122040547760565,-0.033413135077805856,False,,0.32041665863978824,0.036047236486818485,0.6543917830041052,0.0,4.5,False,7.651600055396557,20,0.18122040547760565,-0.033413135077805856,0.1,60,-64.64484405517578,24.470991134643555,0.004347638933335153,0.0,-51.36998815531822,24.54128973433948,0.002779010405088803,4.425000000000005,0,[]
400,20.0,-64.64484405517578,24.470991134643555,0.0027785056137527423,0.0,0.0,0.0,1.0,PlanStatus.FAIL,20,0.18122040547760565,-0.033413135077805856,False,,0.32041665863978824,0.036047236486818485,0.6543917830041052,0.0,4.5,False,7.742499932646751,20,0.18122040547760565,-0.033413135077805856,0.1,60,-64.64484405517578,24.470991134643555,0.004347638933335153,0.0,-51.36998815531822,24.54128973433948,0.002779010405088803,4.425000000000005,0,[]
401,20.05,-64.64484405517578,24.470991134643555,0.0027785056137527423,0.0,0.0,0.0,1.0,PlanStatus.FAIL,20,0.18122040547760565,-0.033413135077805856,False,,0.32041665863978824,0.036047236486818485,0.6543917830041052,0.0,4.5,False,8.011499885469675,20,0.18122040547760565,-0.033413135077805856,0.1,60,-64.64484405517578,24.470991134643555,0.004347638933335153,0.0,-51.36998815531822,24.54128973433948,0.002779010405088803,4.425000000000005,0,[]
402,20.1,-64.64484405517578,24.470991134643555,0.0027785056137527423,0.0,0.0,0.0,1.0,PlanStatus.FAIL,20,0.18122040547760565,-0.033413135077805856,False,,0.32041665863978824,0.036047236486818485,0.6543917830041052,0.0,4.5,False,8.609100012108684,20,0.18122040547760565,-0.033413135077805856,0.1,60,-64.64484405517578,24.470991134643555,0.004347638933335153,0.0,-51.36998815531822,24.54128973433948,0.002779010405088803,4.425000000000005,0,[]
403,20.150000000000002,-64.64484405517578,24.470991134643555,0.0027785056137527423,0.0,0.0,0.0,1.0,PlanStatus.FAIL,20,0.18122040547760565,-0.033413135077805856,False,,0.32041665863978824,0.036047236486818485,0.6543917830041052,0.0,4.5,False,7.406200049445033,20,0.18122040547760565,-0.033413135077805856,0.1,60,-64.64484405517578,24.470991134643555,0.004347638933335153,0.0,-51.36998815531822,24.54128973433948,0.002779010405088803,4.425000000000005,0,[]
404,20.200000000000003,-64.64484405517578,24.470991134643555,0.0027785056137527423,0.0,0.0,0.0,1.0,PlanStatus.FAIL,20,0.18122040547760565,-0.033413135077805856,False,,0.32041665863978824,0.036047236486818485,0.6543917830041052,0.0,4.5,False,7.510400144383311,20,0.18122040547760565,-0.033413135077805856,0.1,60,-64.64484405517578,24.470991134643555,0.004347638933335153,0.0,-51.36998815531822,24.54128973433948,0.002779010405088803,4.425000000000005,0,[]
405,20.25,-64.64484405517578,24.470991134643555,0.0027785056137527423,0.0,0.0,0.0,1.0,PlanStatus.FAIL,20,0.18122040547760565,-0.033413135077805856,False,,0.32041665863978824,0.036047236486818485,0.6543917830041052,0.0,4.5,False,8.95889988169074,20,0.18122040547760565,-0.033413135077805856,0.1,60,-64.64484405517578,24.470991134643555,0.004347638933335153,0.0,-51.36998815531822,24.54128973433948,0.002779010405088803,4.425000000000005,0,[]
406,20.3,-64.64484405517578,24.470991134643555,0.0027785056137527423,0.0,0.0,0.0,1.0,PlanStatus.FAIL,20,0.18122040547760565,-0.033413135077805856,False,,0.32041665863978824,0.036047236486818485,0.6543917830041052,0.0,4.5,False,7.552700117230415,20,0.18122040547760565,-0.033413135077805856,0.1,60,-64.64484405517578,24.470991134643555,0.004347638933335153,0.0,-51.36998815531822,24.54128973433948,0.002779010405088803,4.425000000000005,0,[]
407,20.35,-64.64484405517578,24.470991134643555,0.0027785056137527423,0.0,0.0,0.0,1.0,PlanStatus.FAIL,20,0.18122040547760565,-0.033413135077805856,False,,0.32041665863978824,0.036047236486818485,0.6543917830041052,0.0,4.5,False,7.614299887791276,20,0.18122040547760565,-0.033413135077805856,0.1,60,-64.64484405517578,24.470991134643555,0.004347638933335153,0.0,-51.36998815531822,24.54128973433948,0.002779010405088803,4.425000000000005,0,[]
408,20.400000000000002,-64.64484405517578,24.470991134643555,0.0027785056137527423,0.0,0.0,0.0,1.0,PlanStatus.FAIL,20,0.18122040547760565,-0.033413135077805856,False,,0.32041665863978824,0.036047236486818485,0.6543917830041052,0.0,4.5,False,8.971999865025282,20,0.18122040547760565,-0.033413135077805856,0.1,60,-64.64484405517578,24.470991134643555,0.004347638933335153,0.0,-51.36998815531822,24.54128973433948,0.002779010405088803,4.425000000000005,0,[]
409,20.450000000000003,-64.64484405517578,24.470991134643555,0.0027785056137527423,0.0,0.0,0.0,1.0,PlanStatus.FAIL,20,0.18122040547760565,-0.033413135077805856,False,,0.32041665863978824,0.036047236486818485,0.6543917830041052,0.0,4.5,False,7.612599991261959,20,0.18122040547760565,-0.033413135077805856,0.1,60,-64.64484405517578,24.470991134643555,0.004347638933335153,0.0,-51.36998815531822,24.54128973433948,0.002779010405088803,4.425000000000005,0,[]
410,20.5,-64.64484405517578,24.470991134643555,0.0027785056137527423,0.0,0.0,0.0,1.0,PlanStatus.FAIL,20,0.18122040547760565,-0.033413135077805856,False,,0.32041665863978824,0.036047236486818485,0.6543917830041052,0.0,4.5,False,7.412699982523918,20,0.18122040547760565,-0.033413135077805856,0.1,60,-64.64484405517578,24.470991134643555,0.004347638933335153,0.0,-51.36998815531822,24.54128973433948,0.002779010405088803,4.425000000000005,0,[]
411,20.55,-64.64484405517578,24.470991134643555,0.0027785056137527423,0.0,0.0,0.0,1.0,PlanStatus.FAIL,20,0.18122040547760565,-0.033413135077805856,False,,0.32041665863978824,0.036047236486818485,0.6543917830041052,0.0,4.5,False,7.549100089818239,20,0.18122040547760565,-0.033413135077805856,0.1,60,-64.64484405517578,24.470991134643555,0.004347638933335153,0.0,-51.36998815531822,24.54128973433948,0.002779010405088803,4.425000000000005,0,[]
412,20.6,-64.64484405517578,24.470991134643555,0.0027785056137527423,0.0,0.0,0.0,1.0,PlanStatus.FAIL,20,0.18122040547760565,-0.033413135077805856,False,,0.32041665863978824,0.036047236486818485,0.6543917830041052,0.0,4.5,False,7.51759996637702,20,0.18122040547760565,-0.033413135077805856,0.1,60,-64.64484405517578,24.470991134643555,0.004347638933335153,0.0,-51.36998815531822,24.54128973433948,0.002779010405088803,4.425000000000005,0,[]
413,20.650000000000002,-64.64484405517578,24.470991134643555,0.0027785056137527423,0.0,0.0,0.0,1.0,PlanStatus.FAIL,20,0.18122040547760565,-0.033413135077805856,False,,0.32041665863978824,0.036047236486818485,0.6543917830041052,0.0,4.5,False,7.668199948966503,20,0.18122040547760565,-0.033413135077805856,0.1,60,-64.64484405517578,24.470991134643555,0.004347638933335153,0.0,-51.36998815531822,24.54128973433948,0.002779010405088803,4.425000000000005,0,[]
414,20.700000000000003,-64.64484405517578,24.470991134643555,0.0027785056137527423,0.0,0.0,0.0,1.0,PlanStatus.FAIL,20,0.18122040547760565,-0.033413135077805856,False,,0.32041665863978824,0.036047236486818485,0.6543917830041052,0.0,4.5,False,7.359799928963184,20,0.18122040547760565,-0.033413135077805856,0.1,60,-64.64484405517578,24.470991134643555,0.004347638933335153,0.0,-51.36998815531822,24.54128973433948,0.002779010405088803,4.425000000000005,0,[]
415,20.75,-64.64484405517578,24.470991134643555,0.0027785056137527423,0.0,0.0,0.0,1.0,PlanStatus.FAIL,20,0.18122040547760565,-0.033413135077805856,False,,0.32041665863978824,0.036047236486818485,0.6543917830041052,0.0,4.5,False,7.45679996907711,20,0.18122040547760565,-0.033413135077805856,0.1,60,-64.64484405517578,24.470991134643555,0.004347638933335153,0.0,-51.36998815531822,24.54128973433948,0.002779010405088803,4.425000000000005,0,[]
416,20.8,-64.64484405517578,24.470991134643555,0.0027785056137527423,0.0,0.0,0.0,1.0,PlanStatus.FAIL,20,0.18122040547760565,-0.033413135077805856,False,,0.32041665863978824,0.036047236486818485,0.6543917830041052,0.0,4.5,False,7.428199984133244,20,0.18122040547760565,-0.033413135077805856,0.1,60,-64.64484405517578,24.470991134643555,0.004347638933335153,0.0,-51.36998815531822,24.54128973433948,0.002779010405088803,4.425000000000005,0,[]
417,20.85,-64.64484405517578,24.470991134643555,0.0027785056137527423,0.0,0.0,0.0,1.0,PlanStatus.FAIL,20,0.18122040547760565,-0.033413135077805856,False,,0.32041665863978824,0.036047236486818485,0.6543917830041052,0.0,4.5,False,7.523700129240751,20,0.18122040547760565,-0.033413135077805856,0.1,60,-64.64484405517578,24.470991134643555,0.004347638933335153,0.0,-51.36998815531822,24.54128973433948,0.002779010405088803,4.425000000000005,0,[]
418,20.900000000000002,-64.64484405517578,24.470991134643555,0.0027785056137527423,0.0,0.0,0.0,1.0,PlanStatus.FAIL,20,0.18122040547760565,-0.033413135077805856,False,,0.32041665863978824,0.036047236486818485,0.6543917830041052,0.0,4.5,False,7.526000030338764,20,0.18122040547760565,-0.033413135077805856,0.1,60,-64.64484405517578,24.470991134643555,0.004347638933335153,0.0,-51.36998815531822,24.54128973433948,0.002779010405088803,4.425000000000005,0,[]
419,20.950000000000003,-64.64484405517578,24.470991134643555,0.0027785056137527423,0.0,0.0,0.0,1.0,PlanStatus.FAIL,20,0.18122040547760565,-0.033413135077805856,False,,0.32041665863978824,0.036047236486818485,0.6543917830041052,0.0,4.5,False,8.120000129565597,20,0.18122040547760565,-0.033413135077805856,0.1,60,-64.64484405517578,24.470991134643555,0.004347638933335153,0.0,-51.36998815531822,24.54128973433948,0.002779010405088803,4.425000000000005,0,[]
420,21.0,-64.64484405517578,24.470991134643555,0.0027785056137527423,0.0,0.0,0.0,1.0,PlanStatus.FAIL,20,0.18122040547760565,-0.033413135077805856,False,,0.32041665863978824,0.036047236486818485,0.6543917830041052,0.0,4.5,False,9.357699891552329,20,0.18122040547760565,-0.033413135077805856,0.1,60,-64.64484405517578,24.470991134643555,0.004347638933335153,0.0,-51.36998815531822,24.54128973433948,0.002779010405088803,4.425000000000005,0,[]
421,21.05,-64.64484405517578,24.470991134643555,0.0027785056137527423,0.0,0.0,0.0,1.0,PlanStatus.FAIL,20,0.18122040547760565,-0.033413135077805856,False,,0.32041665863978824,0.036047236486818485,0.6543917830041052,0.0,4.5,False,7.291099987924099,20,0.18122040547760565,-0.033413135077805856,0.1,60,-64.64484405517578,24.470991134643555,0.004347638933335153,0.0,-51.36998815531822,24.54128973433948,0.002779010405088803,4.425000000000005,0,[]
422,21.1,-64.64484405517578,24.470991134643555,0.0027785056137527423,0.0,0.0,0.0,1.0,PlanStatus.FAIL,20,0.18122040547760565,-0.033413135077805856,False,,0.32041665863978824,0.036047236486818485,0.6543917830041052,0.0,4.5,False,7.45710008777678,20,0.18122040547760565,-0.033413135077805856,0.1,60,-64.64484405517578,24.470991134643555,0.004347638933335153,0.0,-51.36998815531822,24.54128973433948,0.002779010405088803,4.425000000000005,0,[]
423,21.150000000000002,-64.64484405517578,24.470991134643555,0.0027785056137527423,0.0,0.0,0.0,1.0,PlanStatus.FAIL,20,0.18122040547760565,-0.033413135077805856,False,,0.32041665863978824,0.036047236486818485,0.6543917830041052,0.0,4.5,False,7.743799826130271,20,0.18122040547760565,-0.033413135077805856,0.1,60,-64.64484405517578,24.470991134643555,0.004347638933335153,0.0,-51.36998815531822,24.54128973433948,0.002779010405088803,4.425000000000005,0,[]
424,21.200000000000003,-64.64484405517578,24.470991134643555,0.0027785056137527423,0.0,0.0,0.0,1.0,PlanStatus.FAIL,20,0.18122040547760565,-0.033413135077805856,False,,0.32041665863978824,0.036047236486818485,0.6543917830041052,0.0,4.5,False,8.289700141176581,20,0.18122040547760565,-0.033413135077805856,0.1,60,-64.64484405517578,24.470991134643555,0.004347638933335153,0.0,-51.36998815531822,24.54128973433948,0.002779010405088803,4.425000000000005,0,[]
425,21.25,-64.64484405517578,24.470991134643555,0.0027785056137527423,0.0,0.0,0.0,1.0,PlanStatus.FAIL,20,0.18122040547760565,-0.033413135077805856,False,,0.32041665863978824,0.036047236486818485,0.6543917830041052,0.0,4.5,False,7.668799953535199,20,0.18122040547760565,-0.033413135077805856,0.1,60,-64.64484405517578,24.470991134643555,0.004347638933335153,0.0,-51.36998815531822,24.54128973433948,0.002779010405088803,4.425000000000005,0,[]
426,21.3,-64.64484405517578,24.470991134643555,0.0027785056137527423,0.0,0.0,0.0,1.0,PlanStatus.FAIL,20,0.18122040547760565,-0.033413135077805856,False,,0.32041665863978824,0.036047236486818485,0.6543917830041052,0.0,4.5,False,7.264399901032448,20,0.18122040547760565,-0.033413135077805856,0.1,60,-64.64484405517578,24.470991134643555,0.004347638933335153,0.0,-51.36998815531822,24.54128973433948,0.002779010405088803,4.425000000000005,0,[]
427,21.35,-64.64484405517578,24.470991134643555,0.0027785056137527423,0.0,0.0,0.0,1.0,PlanStatus.FAIL,20,0.18122040547760565,-0.033413135077805856,False,,0.32041665863978824,0.036047236486818485,0.6543917830041052,0.0,4.5,False,7.605199934914708,20,0.18122040547760565,-0.033413135077805856,0.1,60,-64.64484405517578,24.470991134643555,0.004347638933335153,0.0,-51.36998815531822,24.54128973433948,0.002779010405088803,4.425000000000005,0,[]
428,21.400000000000002,-64.64484405517578,24.470991134643555,0.0027785056137527423,0.0,0.0,0.0,1.0,PlanStatus.FAIL,20,0.18122040547760565,-0.033413135077805856,False,,0.32041665863978824,0.036047236486818485,0.6543917830041052,0.0,4.5,False,8.250799961388111,20,0.18122040547760565,-0.033413135077805856,0.1,60,-64.64484405517578,24.470991134643555,0.004347638933335153,0.0,-51.36998815531822,24.54128973433948,0.002779010405088803,4.425000000000005,0,[]
429,21.450000000000003,-64.64484405517578,24.470991134643555,0.0027785056137527423,0.0,0.0,0.0,1.0,PlanStatus.FAIL,20,0.18122040547760565,-0.033413135077805856,False,,0.32041665863978824,0.036047236486818485,0.6543917830041052,0.0,4.5,False,7.344100158661604,20,0.18122040547760565,-0.033413135077805856,0.1,60,-64.64484405517578,24.470991134643555,0.004347638933335153,0.0,-51.36998815531822,24.54128973433948,0.002779010405088803,4.425000000000005,0,[]
430,21.5,-64.64484405517578,24.470991134643555,0.0027785056137527423,0.0,0.0,0.0,1.0,PlanStatus.FAIL,20,0.18122040547760565,-0.033413135077805856,False,,0.32041665863978824,0.036047236486818485,0.6543917830041052,0.0,4.5,False,7.242199964821339,20,0.18122040547760565,-0.033413135077805856,0.1,60,-64.64484405517578,24.470991134643555,0.004347638933335153,0.0,-51.36998815531822,24.54128973433948,0.002779010405088803,4.425000000000005,0,[]
431,21.55,-64.64484405517578,24.470991134643555,0.0027785056137527423,0.0,0.0,0.0,1.0,PlanStatus.FAIL,20,0.18122040547760565,-0.033413135077805856,False,,0.32041665863978824,0.036047236486818485,0.6543917830041052,0.0,4.5,False,7.68949999473989,20,0.18122040547760565,-0.033413135077805856,0.1,60,-64.64484405517578,24.470991134643555,0.004347638933335153,0.0,-51.36998815531822,24.54128973433948,0.002779010405088803,4.425000000000005,0,[]
432,21.6,-64.64484405517578,24.470991134643555,0.0027785056137527423,0.0,0.0,0.0,1.0,PlanStatus.FAIL,20,0.18122040547760565,-0.033413135077805856,False,,0.32041665863978824,0.036047236486818485,0.6543917830041052,0.0,4.5,False,7.831599796190858,20,0.18122040547760565,-0.033413135077805856,0.1,60,-64.64484405517578,24.470991134643555,0.004347638933335153,0.0,-51.36998815531822,24.54128973433948,0.002779010405088803,4.425000000000005,0,[]
433,21.650000000000002,-64.64484405517578,24.470991134643555,0.0027785056137527423,0.0,0.0,0.0,1.0,PlanStatus.FAIL,20,0.18122040547760565,-0.033413135077805856,False,,0.32041665863978824,0.036047236486818485,0.6543917830041052,0.0,4.5,False,8.356899954378605,20,0.18122040547760565,-0.033413135077805856,0.1,60,-64.64484405517578,24.470991134643555,0.004347638933335153,0.0,-51.36998815531822,24.54128973433948,0.002779010405088803,4.425000000000005,0,[]
434,21.700000000000003,-64.64484405517578,24.470991134643555,0.0027785056137527423,0.0,0.0,0.0,1.0,PlanStatus.FAIL,20,0.18122040547760565,-0.033413135077805856,False,,0.32041665863978824,0.036047236486818485,0.6543917830041052,0.0,4.5,False,7.959600072354078,20,0.18122040547760565,-0.033413135077805856,0.1,60,-64.64484405517578,24.470991134643555,0.004347638933335153,0.0,-51.36998815531822,24.54128973433948,0.002779010405088803,4.425000000000005,0,[]
435,21.75,-64.64484405517578,24.470991134643555,0.0027785056137527423,0.0,0.0,0.0,1.0,PlanStatus.FAIL,20,0.18122040547760565,-0.033413135077805856,False,,0.32041665863978824,0.036047236486818485,0.6543917830041052,0.0,4.5,False,7.563600083813071,20,0.18122040547760565,-0.033413135077805856,0.1,60,-64.64484405517578,24.470991134643555,0.004347638933335153,0.0,-51.36998815531822,24.54128973433948,0.002779010405088803,4.425000000000005,0,[]
436,21.8,-64.64484405517578,24.470991134643555,0.0027785056137527423,0.0,0.0,0.0,1.0,PlanStatus.FAIL,20,0.18122040547760565,-0.033413135077805856,False,,0.32041665863978824,0.036047236486818485,0.6543917830041052,0.0,4.5,False,7.6766000129282475,20,0.18122040547760565,-0.033413135077805856,0.1,60,-64.64484405517578,24.470991134643555,0.004347638933335153,0.0,-51.36998815531822,24.54128973433948,0.002779010405088803,4.425000000000005,0,[]
437,21.85,-64.64484405517578,24.470991134643555,0.0027785056137527423,0.0,0.0,0.0,1.0,PlanStatus.FAIL,20,0.18122040547760565,-0.033413135077805856,False,,0.32041665863978824,0.036047236486818485,0.6543917830041052,0.0,4.5,False,7.680099923163652,20,0.18122040547760565,-0.033413135077805856,0.1,60,-64.64484405517578,24.470991134643555,0.004347638933335153,0.0,-51.36998815531822,24.54128973433948,0.002779010405088803,4.425000000000005,0,[]
438,21.900000000000002,-64.64484405517578,24.470991134643555,0.0027785056137527423,0.0,0.0,0.0,1.0,PlanStatus.FAIL,20,0.18122040547760565,-0.033413135077805856,False,,0.32041665863978824,0.036047236486818485,0.6543917830041052,0.0,4.5,False,7.764399982988834,20,0.18122040547760565,-0.033413135077805856,0.1,60,-64.64484405517578,24.470991134643555,0.004347638933335153,0.0,-51.36998815531822,24.54128973433948,0.002779010405088803,4.425000000000005,0,[]
439,21.950000000000003,-64.64484405517578,24.470991134643555,0.0027785056137527423,0.0,0.0,0.0,1.0,PlanStatus.FAIL,20,0.18122040547760565,-0.033413135077805856,False,,0.32041665863978824,0.036047236486818485,0.6543917830041052,0.0,4.5,False,7.97239993698895,20,0.18122040547760565,-0.033413135077805856,0.1,60,-64.64484405517578,24.470991134643555,0.004347638933335153,0.0,-51.36998815531822,24.54128973433948,0.002779010405088803,4.425000000000005,0,[]
440,22.0,-64.64484405517578,24.470991134643555,0.0027785056137527423,0.0,0.0,0.0,1.0,PlanStatus.FAIL,20,0.18122040547760565,-0.033413135077805856,False,,0.32041665863978824,0.036047236486818485,0.6543917830041052,0.0,4.5,False,8.35279980674386,20,0.18122040547760565,-0.033413135077805856,0.1,60,-64.64484405517578,24.470991134643555,0.004347638933335153,0.0,-51.36998815531822,24.54128973433948,0.002779010405088803,4.425000000000005,0,[]
441,22.05,-64.64484405517578,24.470991134643555,0.0027785056137527423,0.0,0.0,0.0,1.0,PlanStatus.FAIL,20,0.18122040547760565,-0.033413135077805856,False,,0.32041665863978824,0.036047236486818485,0.6543917830041052,0.0,4.5,False,8.908600080758333,20,0.18122040547760565,-0.033413135077805856,0.1,60,-64.64484405517578,24.470991134643555,0.004347638933335153,0.0,-51.36998815531822,24.54128973433948,0.002779010405088803,4.425000000000005,0,[]
442,22.1,-64.64484405517578,24.470991134643555,0.0027785056137527423,0.0,0.0,0.0,1.0,PlanStatus.FAIL,20,0.18122040547760565,-0.033413135077805856,False,,0.32041665863978824,0.036047236486818485,0.6543917830041052,0.0,4.5,False,8.474900154396892,20,0.18122040547760565,-0.033413135077805856,0.1,60,-64.64484405517578,24.470991134643555,0.004347638933335153,0.0,-51.36998815531822,24.54128973433948,0.002779010405088803,4.425000000000005,0,[]
443,22.150000000000002,-64.64484405517578,24.470991134643555,0.0027785056137527423,0.0,0.0,0.0,1.0,PlanStatus.FAIL,20,0.18122040547760565,-0.033413135077805856,False,,0.32041665863978824,0.036047236486818485,0.6543917830041052,0.0,4.5,False,8.814400061964989,20,0.18122040547760565,-0.033413135077805856,0.1,60,-64.64484405517578,24.470991134643555,0.004347638933335153,0.0,-51.36998815531822,24.54128973433948,0.002779010405088803,4.425000000000005,0,[]
444,22.200000000000003,-64.64484405517578,24.470991134643555,0.0027785056137527423,0.0,0.0,0.0,1.0,PlanStatus.FAIL,20,0.18122040547760565,-0.033413135077805856,False,,0.32041665863978824,0.036047236486818485,0.6543917830041052,0.0,4.5,False,7.699500070884824,20,0.18122040547760565,-0.033413135077805856,0.1,60,-64.64484405517578,24.470991134643555,0.004347638933335153,0.0,-51.36998815531822,24.54128973433948,0.002779010405088803,4.425000000000005,0,[]
445,22.25,-64.64484405517578,24.470991134643555,0.0027785056137527423,0.0,0.0,0.0,1.0,PlanStatus.FAIL,20,0.18122040547760565,-0.033413135077805856,False,,0.32041665863978824,0.036047236486818485,0.6543917830041052,0.0,4.5,False,8.099100086838007,20,0.18122040547760565,-0.033413135077805856,0.1,60,-64.64484405517578,24.470991134643555,0.004347638933335153,0.0,-51.36998815531822,24.54128973433948,0.002779010405088803,4.425000000000005,0,[]
446,22.3,-64.64484405517578,24.470991134643555,0.0027785056137527423,0.0,0.0,0.0,1.0,PlanStatus.FAIL,20,0.18122040547760565,-0.033413135077805856,False,,0.32041665863978824,0.036047236486818485,0.6543917830041052,0.0,4.5,False,7.717299973592162,20,0.18122040547760565,-0.033413135077805856,0.1,60,-64.64484405517578,24.470991134643555,0.004347638933335153,0.0,-51.36998815531822,24.54128973433948,0.002779010405088803,4.425000000000005,0,[]
447,22.35,-64.64484405517578,24.470991134643555,0.0027785056137527423,0.0,0.0,0.0,1.0,PlanStatus.FAIL,20,0.18122040547760565,-0.033413135077805856,False,,0.32041665863978824,0.036047236486818485,0.6543917830041052,0.0,4.5,False,7.63729983009398,20,0.18122040547760565,-0.033413135077805856,0.1,60,-64.64484405517578,24.470991134643555,0.004347638933335153,0.0,-51.36998815531822,24.54128973433948,0.002779010405088803,4.425000000000005,0,[]
448,22.400000000000002,-64.64484405517578,24.470991134643555,0.0027785056137527423,0.0,0.0,0.0,1.0,PlanStatus.FAIL,20,0.18122040547760565,-0.033413135077805856,False,,0.32041665863978824,0.036047236486818485,0.6543917830041052,0.0,4.5,False,7.880600169301033,20,0.18122040547760565,-0.033413135077805856,0.1,60,-64.64484405517578,24.470991134643555,0.004347638933335153,0.0,-51.36998815531822,24.54128973433948,0.002779010405088803,4.425000000000005,0,[]
449,22.450000000000003,-64.64484405517578,24.470991134643555,0.0027785056137527423,0.0,0.0,0.0,1.0,PlanStatus.FAIL,20,0.18122040547760565,-0.033413135077805856,False,,0.32041665863978824,0.036047236486818485,0.6543917830041052,0.0,4.5,False,7.9836000222712755,20,0.18122040547760565,-0.033413135077805856,0.1,60,-64.64484405517578,24.470991134643555,0.004347638933335153,0.0,-51.36998815531822,24.54128973433948,0.002779010405088803,4.425000000000005,0,[]
450,22.5,-64.64484405517578,24.470991134643555,0.0027785056137527423,0.0,0.0,0.0,1.0,PlanStatus.FAIL,20,0.18122040547760565,-0.033413135077805856,False,,0.32041665863978824,0.036047236486818485,0.6543917830041052,0.0,4.5,False,7.825399981811643,20,0.18122040547760565,-0.033413135077805856,0.1,60,-64.64484405517578,24.470991134643555,0.004347638933335153,0.0,-51.36998815531822,24.54128973433948,0.002779010405088803,4.425000000000005,0,[]
451,22.55,-64.64484405517578,24.470991134643555,0.0027785056137527423,0.0,0.0,0.0,1.0,PlanStatus.FAIL,20,0.18122040547760565,-0.033413135077805856,False,,0.32041665863978824,0.036047236486818485,0.6543917830041052,0.0,4.5,False,7.183500099927187,20,0.18122040547760565,-0.033413135077805856,0.1,60,-64.64484405517578,24.470991134643555,0.004347638933335153,0.0,-51.36998815531822,24.54128973433948,0.002779010405088803,4.425000000000005,0,[]
452,22.6,-64.64484405517578,24.470991134643555,0.0027785056137527423,0.0,0.0,0.0,1.0,PlanStatus.FAIL,20,0.18122040547760565,-0.033413135077805856,False,,0.32041665863978824,0.036047236486818485,0.6543917830041052,0.0,4.5,False,8.036299841478467,20,0.18122040547760565,-0.033413135077805856,0.1,60,-64.64484405517578,24.470991134643555,0.004347638933335153,0.0,-51.36998815531822,24.54128973433948,0.002779010405088803,4.425000000000005,0,[]
453,22.650000000000002,-64.64484405517578,24.470991134643555,0.0027785056137527423,0.0,0.0,0.0,1.0,PlanStatus.FAIL,20,0.18122040547760565,-0.033413135077805856,False,,0.32041665863978824,0.036047236486818485,0.6543917830041052,0.0,4.5,False,7.7465001959353685,20,0.18122040547760565,-0.033413135077805856,0.1,60,-64.64484405517578,24.470991134643555,0.004347638933335153,0.0,-51.36998815531822,24.54128973433948,0.002779010405088803,4.425000000000005,0,[]
454,22.700000000000003,-64.64484405517578,24.470991134643555,0.0027785056137527423,0.0,0.0,0.0,1.0,PlanStatus.FAIL,20,0.18122040547760565,-0.033413135077805856,False,,0.32041665863978824,0.036047236486818485,0.6543917830041052,0.0,4.5,False,7.942400174215436,20,0.18122040547760565,-0.033413135077805856,0.1,60,-64.64484405517578,24.470991134643555,0.004347638933335153,0.0,-51.36998815531822,24.54128973433948,0.002779010405088803,4.425000000000005,0,[]
455,22.75,-64.64484405517578,24.470991134643555,0.0027785056137527423,0.0,0.0,0.0,1.0,PlanStatus.FAIL,20,0.18122040547760565,-0.033413135077805856,False,,0.32041665863978824,0.036047236486818485,0.6543917830041052,0.0,4.5,False,7.812799885869026,20,0.18122040547760565,-0.033413135077805856,0.1,60,-64.64484405517578,24.470991134643555,0.004347638933335153,0.0,-51.36998815531822,24.54128973433948,0.002779010405088803,4.425000000000005,0,[]
456,22.8,-64.64484405517578,24.470991134643555,0.0027785056137527423,0.0,0.0,0.0,1.0,PlanStatus.FAIL,20,0.18122040547760565,-0.033413135077805856,False,,0.32041665863978824,0.036047236486818485,0.6543917830041052,0.0,4.5,False,8.932000026106834,20,0.18122040547760565,-0.033413135077805856,0.1,60,-64.64484405517578,24.470991134643555,0.004347638933335153,0.0,-51.36998815531822,24.54128973433948,0.002779010405088803,4.425000000000005,0,[]
457,22.85,-64.64484405517578,24.470991134643555,0.0027785056137527423,0.0,0.0,0.0,1.0,PlanStatus.FAIL,20,0.18122040547760565,-0.033413135077805856,False,,0.32041665863978824,0.036047236486818485,0.6543917830041052,0.0,4.5,False,7.931300206109881,20,0.18122040547760565,-0.033413135077805856,0.1,60,-64.64484405517578,24.470991134643555,0.004347638933335153,0.0,-51.36998815531822,24.54128973433948,0.002779010405088803,4.425000000000005,0,[]
458,22.900000000000002,-64.64484405517578,24.470991134643555,0.0027785056137527423,0.0,0.0,0.0,1.0,PlanStatus.FAIL,20,0.18122040547760565,-0.033413135077805856,False,,0.32041665863978824,0.036047236486818485,0.6543917830041052,0.0,4.5,False,7.9552000388503075,20,0.18122040547760565,-0.033413135077805856,0.1,60,-64.64484405517578,24.470991134643555,0.004347638933335153,0.0,-51.36998815531822,24.54128973433948,0.002779010405088803,4.425000000000005,0,[]
459,22.950000000000003,-64.64484405517578,24.470991134643555,0.0027785056137527423,0.0,0.0,0.0,1.0,PlanStatus.FAIL,20,0.18122040547760565,-0.033413135077805856,False,,0.32041665863978824,0.036047236486818485,0.6543917830041052,0.0,4.5,False,8.727200096473098,20,0.18122040547760565,-0.033413135077805856,0.1,60,-64.64484405517578,24.470991134643555,0.004347638933335153,0.0,-51.36998815531822,24.54128973433948,0.002779010405088803,4.425000000000005,0,[]
460,23.0,-64.64484405517578,24.470991134643555,0.0027785056137527423,0.0,0.0,0.0,1.0,PlanStatus.FAIL,20,0.18122040547760565,-0.033413135077805856,False,,0.32041665863978824,0.036047236486818485,0.6543917830041052,0.0,4.5,False,7.9757000785321,20,0.18122040547760565,-0.033413135077805856,0.1,60,-64.64484405517578,24.470991134643555,0.004347638933335153,0.0,-51.36998815531822,24.54128973433948,0.002779010405088803,4.425000000000005,0,[]
461,23.05,-64.64484405517578,24.470991134643555,0.0027785056137527423,0.0,0.0,0.0,1.0,PlanStatus.FAIL,20,0.18122040547760565,-0.033413135077805856,False,,0.32041665863978824,0.036047236486818485,0.6543917830041052,0.0,4.5,False,8.30180011689663,20,0.18122040547760565,-0.033413135077805856,0.1,60,-64.64484405517578,24.470991134643555,0.004347638933335153,0.0,-51.36998815531822,24.54128973433948,0.002779010405088803,4.425000000000005,0,[]
462,23.1,-64.64484405517578,24.470991134643555,0.0027785056137527423,0.0,0.0,0.0,1.0,PlanStatus.FAIL,20,0.18122040547760565,-0.033413135077805856,False,,0.32041665863978824,0.036047236486818485,0.6543917830041052,0.0,4.5,False,7.786100031808019,20,0.18122040547760565,-0.033413135077805856,0.1,60,-64.64484405517578,24.470991134643555,0.004347638933335153,0.0,-51.36998815531822,24.54128973433948,0.002779010405088803,4.425000000000005,0,[]
463,23.150000000000002,-64.64484405517578,24.470991134643555,0.0027785056137527423,0.0,0.0,0.0,1.0,PlanStatus.FAIL,20,0.18122040547760565,-0.033413135077805856,False,,0.32041665863978824,0.036047236486818485,0.6543917830041052,0.0,4.5,False,7.137199863791466,20,0.18122040547760565,-0.033413135077805856,0.1,60,-64.64484405517578,24.470991134643555,0.004347638933335153,0.0,-51.36998815531822,24.54128973433948,0.002779010405088803,4.425000000000005,0,[]
464,23.200000000000003,-64.64484405517578,24.470991134643555,0.0027785056137527423,0.0,0.0,0.0,1.0,PlanStatus.FAIL,20,0.18122040547760565,-0.033413135077805856,False,,0.32041665863978824,0.036047236486818485,0.6543917830041052,0.0,4.5,False,7.64359999448061,20,0.18122040547760565,-0.033413135077805856,0.1,60,-64.64484405517578,24.470991134643555,0.004347638933335153,0.0,-51.36998815531822,24.54128973433948,0.002779010405088803,4.425000000000005,0,[]
465,23.25,-64.64484405517578,24.470991134643555,0.0027785056137527423,0.0,0.0,0.0,1.0,PlanStatus.FAIL,20,0.18122040547760565,-0.033413135077805856,False,,0.32041665863978824,0.036047236486818485,0.6543917830041052,0.0,4.5,False,7.6917000114917755,20,0.18122040547760565,-0.033413135077805856,0.1,60,-64.64484405517578,24.470991134643555,0.004347638933335153,0.0,-51.36998815531822,24.54128973433948,0.002779010405088803,4.425000000000005,0,[]
466,23.3,-64.64484405517578,24.470991134643555,0.0027785056137527423,0.0,0.0,0.0,1.0,PlanStatus.FAIL,20,0.18122040547760565,-0.033413135077805856,False,,0.32041665863978824,0.036047236486818485,0.6543917830041052,0.0,4.5,False,7.724600145593286,20,0.18122040547760565,-0.033413135077805856,0.1,60,-64.64484405517578,24.470991134643555,0.004347638933335153,0.0,-51.36998815531822,24.54128973433948,0.002779010405088803,4.425000000000005,0,[]
467,23.35,-64.64484405517578,24.470991134643555,0.0027785056137527423,0.0,0.0,0.0,1.0,PlanStatus.FAIL,20,0.18122040547760565,-0.033413135077805856,False,,0.32041665863978824,0.036047236486818485,0.6543917830041052,0.0,4.5,False,7.665699813514948,20,0.18122040547760565,-0.033413135077805856,0.1,60,-64.64484405517578,24.470991134643555,0.004347638933335153,0.0,-51.36998815531822,24.54128973433948,0.002779010405088803,4.425000000000005,0,[]
468,23.400000000000002,-64.64484405517578,24.470991134643555,0.0027785056137527423,0.0,0.0,0.0,1.0,PlanStatus.FAIL,20,0.18122040547760565,-0.033413135077805856,False,,0.32041665863978824,0.036047236486818485,0.6543917830041052,0.0,4.5,False,8.290699915960431,20,0.18122040547760565,-0.033413135077805856,0.1,60,-64.64484405517578,24.470991134643555,0.004347638933335153,0.0,-51.36998815531822,24.54128973433948,0.002779010405088803,4.425000000000005,0,[]
469,23.450000000000003,-64.64484405517578,24.470991134643555,0.0027785056137527423,0.0,0.0,0.0,1.0,PlanStatus.FAIL,20,0.18122040547760565,-0.033413135077805856,False,,0.32041665863978824,0.036047236486818485,0.6543917830041052,0.0,4.5,False,8.567600045353174,20,0.18122040547760565,-0.033413135077805856,0.1,60,-64.64484405517578,24.470991134643555,0.004347638933335153,0.0,-51.36998815531822,24.54128973433948,0.002779010405088803,4.425000000000005,0,[]
470,23.5,-64.64484405517578,24.470991134643555,0.0027785056137527423,0.0,0.0,0.0,1.0,PlanStatus.FAIL,20,0.18122040547760565,-0.033413135077805856,False,,0.32041665863978824,0.036047236486818485,0.6543917830041052,0.0,4.5,False,9.179700165987015,20,0.18122040547760565,-0.033413135077805856,0.1,60,-64.64484405517578,24.470991134643555,0.004347638933335153,0.0,-51.36998815531822,24.54128973433948,0.002779010405088803,4.425000000000005,0,[]
471,23.55,-64.64484405517578,24.470991134643555,0.0027785056137527423,0.0,0.0,0.0,1.0,PlanStatus.FAIL,20,0.18122040547760565,-0.033413135077805856,False,,0.32041665863978824,0.036047236486818485,0.6543917830041052,0.0,4.5,False,7.544899825006723,20,0.18122040547760565,-0.033413135077805856,0.1,60,-64.64484405517578,24.470991134643555,0.004347638933335153,0.0,-51.36998815531822,24.54128973433948,0.002779010405088803,4.425000000000005,0,[]
472,23.6,-64.64484405517578,24.470991134643555,0.0027785056137527423,0.0,0.0,0.0,1.0,PlanStatus.FAIL,20,0.18122040547760565,-0.033413135077805856,False,,0.32041665863978824,0.036047236486818485,0.6543917830041052,0.0,4.5,False,7.716299965977669,20,0.18122040547760565,-0.033413135077805856,0.1,60,-64.64484405517578,24.470991134643555,0.004347638933335153,0.0,-51.36998815531822,24.54128973433948,0.002779010405088803,4.425000000000005,0,[]
473,23.650000000000002,-64.64484405517578,24.470991134643555,0.0027785056137527423,0.0,0.0,0.0,1.0,PlanStatus.FAIL,20,0.18122040547760565,-0.033413135077805856,False,,0.32041665863978824,0.036047236486818485,0.6543917830041052,0.0,4.5,False,7.608199957758188,20,0.18122040547760565,-0.033413135077805856,0.1,60,-64.64484405517578,24.470991134643555,0.004347638933335153,0.0,-51.36998815531822,24.54128973433948,0.002779010405088803,4.425000000000005,0,[]
474,23.700000000000003,-64.64484405517578,24.470991134643555,0.0027785056137527423,0.0,0.0,0.0,1.0,PlanStatus.FAIL,20,0.18122040547760565,-0.033413135077805856,False,,0.32041665863978824,0.036047236486818485,0.6543917830041052,0.0,4.5,False,7.599500007927418,20,0.18122040547760565,-0.033413135077805856,0.1,60,-64.64484405517578,24.470991134643555,0.004347638933335153,0.0,-51.36998815531822,24.54128973433948,0.002779010405088803,4.425000000000005,0,[]
475,23.75,-64.64484405517578,24.470991134643555,0.0027785056137527423,0.0,0.0,0.0,1.0,PlanStatus.FAIL,20,0.18122040547760565,-0.033413135077805856,False,,0.32041665863978824,0.036047236486818485,0.6543917830041052,0.0,4.5,False,7.549800211563706,20,0.18122040547760565,-0.033413135077805856,0.1,60,-64.64484405517578,24.470991134643555,0.004347638933335153,0.0,-51.36998815531822,24.54128973433948,0.002779010405088803,4.425000000000005,0,[]
476,23.8,-64.64484405517578,24.470991134643555,0.0027785056137527423,0.0,0.0,0.0,1.0,PlanStatus.FAIL,20,0.18122040547760565,-0.033413135077805856,False,,0.32041665863978824,0.036047236486818485,0.6543917830041052,0.0,4.5,False,7.736600004136562,20,0.18122040547760565,-0.033413135077805856,0.1,60,-64.64484405517578,24.470991134643555,0.004347638933335153,0.0,-51.36998815531822,24.54128973433948,0.002779010405088803,4.425000000000005,0,[]
477,23.85,-64.64484405517578,24.470991134643555,0.0027785056137527423,0.0,0.0,0.0,1.0,PlanStatus.FAIL,20,0.18122040547760565,-0.033413135077805856,False,,0.32041665863978824,0.036047236486818485,0.6543917830041052,0.0,4.5,False,7.8471999149769545,20,0.18122040547760565,-0.033413135077805856,0.1,60,-64.64484405517578,24.470991134643555,0.004347638933335153,0.0,-51.36998815531822,24.54128973433948,0.002779010405088803,4.425000000000005,0,[]
478,23.900000000000002,-64.64484405517578,24.470991134643555,0.0027785056137527423,0.0,0.0,0.0,1.0,PlanStatus.FAIL,20,0.18122040547760565,-0.033413135077805856,False,,0.32041665863978824,0.036047236486818485,0.6543917830041052,0.0,4.5,False,7.624699966982007,20,0.18122040547760565,-0.033413135077805856,0.1,60,-64.64484405517578,24.470991134643555,0.004347638933335153,0.0,-51.36998815531822,24.54128973433948,0.002779010405088803,4.425000000000005,0,[]
479,23.950000000000003,-64.64484405517578,24.470991134643555,0.0027785056137527423,0.0,0.0,0.0,1.0,PlanStatus.FAIL,20,0.18122040547760565,-0.033413135077805856,False,,0.32041665863978824,0.036047236486818485,0.6543917830041052,0.0,4.5,False,7.502900203689933,20,0.18122040547760565,-0.033413135077805856,0.1,60,-64.64484405517578,24.470991134643555,0.004347638933335153,0.0,-51.36998815531822,24.54128973433948,0.002779010405088803,4.425000000000005,0,[]
480,24.0,-64.64484405517578,24.470991134643555,0.0027785056137527423,0.0,0.0,0.0,1.0,PlanStatus.FAIL,20,0.18122040547760565,-0.033413135077805856,False,,0.32041665863978824,0.036047236486818485,0.6543917830041052,0.0,4.5,False,7.546999957412481,20,0.18122040547760565,-0.033413135077805856,0.1,60,-64.64484405517578,24.470991134643555,0.004347638933335153,0.0,-51.36998815531822,24.54128973433948,0.002779010405088803,4.425000000000005,0,[]
481,24.05,-64.64484405517578,24.470991134643555,0.0027785056137527423,0.0,0.0,0.0,1.0,PlanStatus.FAIL,20,0.18122040547760565,-0.033413135077805856,False,,0.32041665863978824,0.036047236486818485,0.6543917830041052,0.0,4.5,False,7.962999865412712,20,0.18122040547760565,-0.033413135077805856,0.1,60,-64.64484405517578,24.470991134643555,0.004347638933335153,0.0,-51.36998815531822,24.54128973433948,0.002779010405088803,4.425000000000005,0,[]
482,24.1,-64.64484405517578,24.470991134643555,0.0027785056137527423,0.0,0.0,0.0,1.0,PlanStatus.FAIL,20,0.18122040547760565,-0.033413135077805856,False,,0.32041665863978824,0.036047236486818485,0.6543917830041052,0.0,4.5,False,7.594499969854951,20,0.18122040547760565,-0.033413135077805856,0.1,60,-64.64484405517578,24.470991134643555,0.004347638933335153,0.0,-51.36998815531822,24.54128973433948,0.002779010405088803,4.425000000000005,0,[]
483,24.150000000000002,-64.64484405517578,24.470991134643555,0.0027785056137527423,0.0,0.0,0.0,1.0,PlanStatus.FAIL,20,0.18122040547760565,-0.033413135077805856,False,,0.32041665863978824,0.036047236486818485,0.6543917830041052,0.0,4.5,False,8.644499816000462,20,0.18122040547760565,-0.033413135077805856,0.1,60,-64.64484405517578,24.470991134643555,0.004347638933335153,0.0,-51.36998815531822,24.54128973433948,0.002779010405088803,4.425000000000005,0,[]
484,24.200000000000003,-64.64484405517578,24.470991134643555,0.0027785056137527423,0.0,0.0,0.0,1.0,PlanStatus.FAIL,20,0.18122040547760565,-0.033413135077805856,False,,0.32041665863978824,0.036047236486818485,0.6543917830041052,0.0,4.5,False,7.5922999531030655,20,0.18122040547760565,-0.033413135077805856,0.1,60,-64.64484405517578,24.470991134643555,0.004347638933335153,0.0,-51.36998815531822,24.54128973433948,0.002779010405088803,4.425000000000005,0,[]
485,24.25,-64.64484405517578,24.470991134643555,0.0027785056137527423,0.0,0.0,0.0,1.0,PlanStatus.FAIL,20,0.18122040547760565,-0.033413135077805856,False,,0.32041665863978824,0.036047236486818485,0.6543917830041052,0.0,4.5,False,8.081900188699365,20,0.18122040547760565,-0.033413135077805856,0.1,60,-64.64484405517578,24.470991134643555,0.004347638933335153,0.0,-51.36998815531822,24.54128973433948,0.002779010405088803,4.425000000000005,0,[]
486,24.3,-64.64484405517578,24.470991134643555,0.0027785056137527423,0.0,0.0,0.0,1.0,PlanStatus.FAIL,20,0.18122040547760565,-0.033413135077805856,False,,0.32041665863978824,0.036047236486818485,0.6543917830041052,0.0,4.5,False,7.706800010055304,20,0.18122040547760565,-0.033413135077805856,0.1,60,-64.64484405517578,24.470991134643555,0.004347638933335153,0.0,-51.36998815531822,24.54128973433948,0.002779010405088803,4.425000000000005,0,[]
487,24.35,-64.64484405517578,24.470991134643555,0.0027785056137527423,0.0,0.0,0.0,1.0,PlanStatus.FAIL,20,0.18122040547760565,-0.033413135077805856,False,,0.32041665863978824,0.036047236486818485,0.6543917830041052,0.0,4.5,False,8.535500150173903,20,0.18122040547760565,-0.033413135077805856,0.1,60,-64.64484405517578,24.470991134643555,0.004347638933335153,0.0,-51.36998815531822,24.54128973433948,0.002779010405088803,4.425000000000005,0,[]
488,24.400000000000002,-64.64484405517578,24.470991134643555,0.0027785056137527423,0.0,0.0,0.0,1.0,PlanStatus.FAIL,20,0.18122040547760565,-0.033413135077805856,False,,0.32041665863978824,0.036047236486818485,0.6543917830041052,0.0,4.5,False,7.737600011751056,20,0.18122040547760565,-0.033413135077805856,0.1,60,-64.64484405517578,24.470991134643555,0.004347638933335153,0.0,-51.36998815531822,24.54128973433948,0.002779010405088803,4.425000000000005,0,[]
489,24.450000000000003,-64.64484405517578,24.470991134643555,0.0027785056137527423,0.0,0.0,0.0,1.0,PlanStatus.FAIL,20,0.18122040547760565,-0.033413135077805856,False,,0.32041665863978824,0.036047236486818485,0.6543917830041052,0.0,4.5,False,7.704299874603748,20,0.18122040547760565,-0.033413135077805856,0.1,60,-64.64484405517578,24.470991134643555,0.004347638933335153,0.0,-51.36998815531822,24.54128973433948,0.002779010405088803,4.425000000000005,0,[]
490,24.5,-64.64484405517578,24.470991134643555,0.0027785056137527423,0.0,0.0,0.0,1.0,PlanStatus.FAIL,20,0.18122040547760565,-0.033413135077805856,False,,0.32041665863978824,0.036047236486818485,0.6543917830041052,0.0,4.5,False,7.401400012895465,20,0.18122040547760565,-0.033413135077805856,0.1,60,-64.64484405517578,24.470991134643555,0.004347638933335153,0.0,-51.36998815531822,24.54128973433948,0.002779010405088803,4.425000000000005,0,[]
491,24.55,-64.64484405517578,24.470991134643555,0.0027785056137527423,0.0,0.0,0.0,1.0,PlanStatus.FAIL,20,0.18122040547760565,-0.033413135077805856,False,,0.32041665863978824,0.036047236486818485,0.6543917830041052,0.0,4.5,False,7.801099913194776,20,0.18122040547760565,-0.033413135077805856,0.1,60,-64.64484405517578,24.470991134643555,0.004347638933335153,0.0,-51.36998815531822,24.54128973433948,0.002779010405088803,4.425000000000005,0,[]
492,24.6,-64.64484405517578,24.470991134643555,0.0027785056137527423,0.0,0.0,0.0,1.0,PlanStatus.FAIL,20,0.18122040547760565,-0.033413135077805856,False,,0.32041665863978824,0.036047236486818485,0.6543917830041052,0.0,4.5,False,7.715899962931871,20,0.18122040547760565,-0.033413135077805856,0.1,60,-64.64484405517578,24.470991134643555,0.004347638933335153,0.0,-51.36998815531822,24.54128973433948,0.002779010405088803,4.425000000000005,0,[]
493,24.650000000000002,-64.64484405517578,24.470991134643555,0.0027785056137527423,0.0,0.0,0.0,1.0,PlanStatus.FAIL,20,0.18122040547760565,-0.033413135077805856,False,,0.32041665863978824,0.036047236486818485,0.6543917830041052,0.0,4.5,False,7.428699871525168,20,0.18122040547760565,-0.033413135077805856,0.1,60,-64.64484405517578,24.470991134643555,0.004347638933335153,0.0,-51.36998815531822,24.54128973433948,0.002779010405088803,4.425000000000005,0,[]
494,24.700000000000003,-64.64484405517578,24.470991134643555,0.0027785056137527423,0.0,0.0,0.0,1.0,PlanStatus.FAIL,20,0.18122040547760565,-0.033413135077805856,False,,0.32041665863978824,0.036047236486818485,0.6543917830041052,0.0,4.5,False,7.464800029993057,20,0.18122040547760565,-0.033413135077805856,0.1,60,-64.64484405517578,24.470991134643555,0.004347638933335153,0.0,-51.36998815531822,24.54128973433948,0.002779010405088803,4.425000000000005,0,[]
495,24.75,-64.64484405517578,24.470991134643555,0.0027785056137527423,0.0,0.0,0.0,1.0,PlanStatus.FAIL,20,0.18122040547760565,-0.033413135077805856,False,,0.32041665863978824,0.036047236486818485,0.6543917830041052,0.0,4.5,False,7.560099940747023,20,0.18122040547760565,-0.033413135077805856,0.1,60,-64.64484405517578,24.470991134643555,0.004347638933335153,0.0,-51.36998815531822,24.54128973433948,0.002779010405088803,4.425000000000005,0,[]
496,24.8,-64.64484405517578,24.470991134643555,0.0027785056137527423,0.0,0.0,0.0,1.0,PlanStatus.FAIL,20,0.18122040547760565,-0.033413135077805856,False,,0.32041665863978824,0.036047236486818485,0.6543917830041052,0.0,4.5,False,7.419399917125702,20,0.18122040547760565,-0.033413135077805856,0.1,60,-64.64484405517578,24.470991134643555,0.004347638933335153,0.0,-51.36998815531822,24.54128973433948,0.002779010405088803,4.425000000000005,0,[]
497,24.85,-64.64484405517578,24.470991134643555,0.0027785056137527423,0.0,0.0,0.0,1.0,PlanStatus.FAIL,20,0.18122040547760565,-0.033413135077805856,False,,0.32041665863978824,0.036047236486818485,0.6543917830041052,0.0,4.5,False,7.869600085541606,20,0.18122040547760565,-0.033413135077805856,0.1,60,-64.64484405517578,24.470991134643555,0.004347638933335153,0.0,-51.36998815531822,24.54128973433948,0.002779010405088803,4.425000000000005,0,[]
498,24.900000000000002,-64.64484405517578,24.470991134643555,0.0027785056137527423,0.0,0.0,0.0,1.0,PlanStatus.FAIL,20,0.18122040547760565,-0.033413135077805856,False,,0.32041665863978824,0.036047236486818485,0.6543917830041052,0.0,4.5,False,7.56380008533597,20,0.18122040547760565,-0.033413135077805856,0.1,60,-64.64484405517578,24.470991134643555,0.004347638933335153,0.0,-51.36998815531822,24.54128973433948,0.002779010405088803,4.425000000000005,0,[]
499,24.950000000000003,-64.64484405517578,24.470991134643555,0.0027785056137527423,0.0,0.0,0.0,1.0,PlanStatus.FAIL,20,0.18122040547760565,-0.033413135077805856,False,,0.32041665863978824,0.036047236486818485,0.6543917830041052,0.0,4.5,False,7.751500001177192,20,0.18122040547760565,-0.033413135077805856,0.1,60,-64.64484405517578,24.470991134643555,0.004347638933335153,0.0,-51.36998815531822,24.54128973433948,0.002779010405088803,4.425000000000005,0,[]
500,25.0,-64.64484405517578,24.470991134643555,0.0027785056137527423,0.0,0.0,0.0,1.0,PlanStatus.FAIL,20,0.18122040547760565,-0.033413135077805856,False,,0.32041665863978824,0.036047236486818485,0.6543917830041052,0.0,4.5,False,7.796999998390675,20,0.18122040547760565,-0.033413135077805856,0.1,60,-64.64484405517578,24.470991134643555,0.004347638933335153,0.0,-51.36998815531822,24.54128973433948,0.002779010405088803,4.425000000000005,0,[]
501,25.05,-64.64484405517578,24.470991134643555,0.0027785056137527423,0.0,0.0,0.0,1.0,PlanStatus.FAIL,20,0.18122040547760565,-0.033413135077805856,False,,0.32041665863978824,0.036047236486818485,0.6543917830041052,0.0,4.5,False,7.498999824747443,20,0.18122040547760565,-0.033413135077805856,0.1,60,-64.64484405517578,24.470991134643555,0.004347638933335153,0.0,-51.36998815531822,24.54128973433948,0.002779010405088803,4.425000000000005,0,[]
502,25.1,-64.64484405517578,24.470991134643555,0.0027785056137527423,0.0,0.0,0.0,1.0,PlanStatus.FAIL,20,0.18122040547760565,-0.033413135077805856,False,,0.32041665863978824,0.036047236486818485,0.6543917830041052,0.0,4.5,False,7.316100178286433,20,0.18122040547760565,-0.033413135077805856,0.1,60,-64.64484405517578,24.470991134643555,0.004347638933335153,0.0,-51.36998815531822,24.54128973433948,0.002779010405088803,4.425000000000005,0,[]
503,25.150000000000002,-64.64484405517578,24.470991134643555,0.0027785056137527423,0.0,0.0,0.0,1.0,PlanStatus.FAIL,20,0.18122040547760565,-0.033413135077805856,False,,0.32041665863978824,0.036047236486818485,0.6543917830041052,0.0,4.5,False,8.08339985087514,20,0.18122040547760565,-0.033413135077805856,0.1,60,-64.64484405517578,24.470991134643555,0.004347638933335153,0.0,-51.36998815531822,24.54128973433948,0.002779010405088803,4.425000000000005,0,[]
504,25.200000000000003,-64.64484405517578,24.470991134643555,0.0027785056137527423,0.0,0.0,0.0,1.0,PlanStatus.FAIL,20,0.18122040547760565,-0.033413135077805856,False,,0.32041665863978824,0.036047236486818485,0.6543917830041052,0.0,4.5,False,7.458799984306097,20,0.18122040547760565,-0.033413135077805856,0.1,60,-64.64484405517578,24.470991134643555,0.004347638933335153,0.0,-51.36998815531822,24.54128973433948,0.002779010405088803,4.425000000000005,0,[]
505,25.25,-64.64484405517578,24.470991134643555,0.0027785056137527423,0.0,0.0,0.0,1.0,PlanStatus.FAIL,20,0.18122040547760565,-0.033413135077805856,False,,0.32041665863978824,0.036047236486818485,0.6543917830041052,0.0,4.5,False,7.568700006231666,20,0.18122040547760565,-0.033413135077805856,0.1,60,-64.64484405517578,24.470991134643555,0.004347638933335153,0.0,-51.36998815531822,24.54128973433948,0.002779010405088803,4.425000000000005,0,[]
506,25.3,-64.64484405517578,24.470991134643555,0.0027785056137527423,0.0,0.0,0.0,1.0,PlanStatus.FAIL,20,0.18122040547760565,-0.033413135077805856,False,,0.32041665863978824,0.036047236486818485,0.6543917830041052,0.0,4.5,False,7.661700015887618,20,0.18122040547760565,-0.033413135077805856,0.1,60,-64.64484405517578,24.470991134643555,0.004347638933335153,0.0,-51.36998815531822,24.54128973433948,0.002779010405088803,4.425000000000005,0,[]
507,25.35,-64.64484405517578,24.470991134643555,0.0027785056137527423,0.0,0.0,0.0,1.0,PlanStatus.FAIL,20,0.18122040547760565,-0.033413135077805856,False,,0.32041665863978824,0.036047236486818485,0.6543917830041052,0.0,4.5,False,7.839100202545524,20,0.18122040547760565,-0.033413135077805856,0.1,60,-64.64484405517578,24.470991134643555,0.004347638933335153,0.0,-51.36998815531822,24.54128973433948,0.002779010405088803,4.425000000000005,0,[]
508,25.400000000000002,-64.64484405517578,24.470991134643555,0.0027785056137527423,0.0,0.0,0.0,1.0,PlanStatus.FAIL,20,0.18122040547760565,-0.033413135077805856,False,,0.32041665863978824,0.036047236486818485,0.6543917830041052,0.0,4.5,False,7.774400059133768,20,0.18122040547760565,-0.033413135077805856,0.1,60,-64.64484405517578,24.470991134643555,0.004347638933335153,0.0,-51.36998815531822,24.54128973433948,0.002779010405088803,4.425000000000005,0,[]
509,25.450000000000003,-64.64484405517578,24.470991134643555,0.0027785056137527423,0.0,0.0,0.0,1.0,PlanStatus.FAIL,20,0.18122040547760565,-0.033413135077805856,False,,0.32041665863978824,0.036047236486818485,0.6543917830041052,0.0,4.5,False,7.509500021114945,20,0.18122040547760565,-0.033413135077805856,0.1,60,-64.64484405517578,24.470991134643555,0.004347638933335153,0.0,-51.36998815531822,24.54128973433948,0.002779010405088803,4.425000000000005,0,[]
510,25.5,-64.64484405517578,24.470991134643555,0.0027785056137527423,0.0,0.0,0.0,1.0,PlanStatus.FAIL,20,0.18122040547760565,-0.033413135077805856,False,,0.32041665863978824,0.036047236486818485,0.6543917830041052,0.0,4.5,False,7.529499940574169,20,0.18122040547760565,-0.033413135077805856,0.1,60,-64.64484405517578,24.470991134643555,0.004347638933335153,0.0,-51.36998815531822,24.54128973433948,0.002779010405088803,4.425000000000005,0,[]
511,25.55,-64.64484405517578,24.470991134643555,0.0027785056137527423,0.0,0.0,0.0,1.0,PlanStatus.FAIL,20,0.18122040547760565,-0.033413135077805856,False,,0.32041665863978824,0.036047236486818485,0.6543917830041052,0.0,4.5,False,7.55620002746582,20,0.18122040547760565,-0.033413135077805856,0.1,60,-64.64484405517578,24.470991134643555,0.004347638933335153,0.0,-51.36998815531822,24.54128973433948,0.002779010405088803,4.425000000000005,0,[]
512,25.6,-64.64484405517578,24.470991134643555,0.0027785056137527423,0.0,0.0,0.0,1.0,PlanStatus.FAIL,20,0.18122040547760565,-0.033413135077805856,False,,0.32041665863978824,0.036047236486818485,0.6543917830041052,0.0,4.5,False,7.650900166481733,20,0.18122040547760565,-0.033413135077805856,0.1,60,-64.64484405517578,24.470991134643555,0.004347638933335153,0.0,-51.36998815531822,24.54128973433948,0.002779010405088803,4.425000000000005,0,[]
513,25.650000000000002,-64.64484405517578,24.470991134643555,0.0027785056137527423,0.0,0.0,0.0,1.0,PlanStatus.FAIL,20,0.18122040547760565,-0.033413135077805856,False,,0.32041665863978824,0.036047236486818485,0.6543917830041052,0.0,4.5,False,8.344799978658557,20,0.18122040547760565,-0.033413135077805856,0.1,60,-64.64484405517578,24.470991134643555,0.004347638933335153,0.0,-51.36998815531822,24.54128973433948,0.002779010405088803,4.425000000000005,0,[]
514,25.700000000000003,-64.64484405517578,24.470991134643555,0.0027785056137527423,0.0,0.0,0.0,1.0,PlanStatus.FAIL,20,0.18122040547760565,-0.033413135077805856,False,,0.32041665863978824,0.036047236486818485,0.6543917830041052,0.0,4.5,False,7.6280999928712845,20,0.18122040547760565,-0.033413135077805856,0.1,60,-64.64484405517578,24.470991134643555,0.004347638933335153,0.0,-51.36998815531822,24.54128973433948,0.002779010405088803,4.425000000000005,0,[]
515,25.75,-64.64484405517578,24.470991134643555,0.0027785056137527423,0.0,0.0,0.0,1.0,PlanStatus.FAIL,20,0.18122040547760565,-0.033413135077805856,False,,0.32041665863978824,0.036047236486818485,0.6543917830041052,0.0,4.5,False,7.451099809259176,20,0.18122040547760565,-0.033413135077805856,0.1,60,-64.64484405517578,24.470991134643555,0.004347638933335153,0.0,-51.36998815531822,24.54128973433948,0.002779010405088803,4.425000000000005,0,[]
516,25.8,-64.64484405517578,24.470991134643555,0.0027785056137527423,0.0,0.0,0.0,1.0,PlanStatus.FAIL,20,0.18122040547760565,-0.033413135077805856,False,,0.32041665863978824,0.036047236486818485,0.6543917830041052,0.0,4.5,False,7.653300184756517,20,0.18122040547760565,-0.033413135077805856,0.1,60,-64.64484405517578,24.470991134643555,0.004347638933335153,0.0,-51.36998815531822,24.54128973433948,0.002779010405088803,4.425000000000005,0,[]
517,25.85,-64.64484405517578,24.470991134643555,0.0027785056137527423,0.0,0.0,0.0,1.0,PlanStatus.FAIL,20,0.18122040547760565,-0.033413135077805856,False,,0.32041665863978824,0.036047236486818485,0.6543917830041052,0.0,4.5,False,7.965599885210395,20,0.18122040547760565,-0.033413135077805856,0.1,60,-64.64484405517578,24.470991134643555,0.004347638933335153,0.0,-51.36998815531822,24.54128973433948,0.002779010405088803,4.425000000000005,0,[]
518,25.900000000000002,-64.64484405517578,24.470991134643555,0.0027785056137527423,0.0,0.0,0.0,1.0,PlanStatus.FAIL,20,0.18122040547760565,-0.033413135077805856,False,,0.32041665863978824,0.036047236486818485,0.6543917830041052,0.0,4.5,False,7.381400093436241,20,0.18122040547760565,-0.033413135077805856,0.1,60,-64.64484405517578,24.470991134643555,0.004347638933335153,0.0,-51.36998815531822,24.54128973433948,0.002779010405088803,4.425000000000005,0,[]
519,25.950000000000003,-64.64484405517578,24.470991134643555,0.0027785056137527423,0.0,0.0,0.0,1.0,PlanStatus.FAIL,20,0.18122040547760565,-0.033413135077805856,False,,0.32041665863978824,0.036047236486818485,0.6543917830041052,0.0,4.5,False,8.069699862971902,20,0.18122040547760565,-0.033413135077805856,0.1,60,-64.64484405517578,24.470991134643555,0.004347638933335153,0.0,-51.36998815531822,24.54128973433948,0.002779010405088803,4.425000000000005,0,[]
520,26.0,-64.64484405517578,24.470991134643555,0.0027785056137527423,0.0,0.0,0.0,1.0,PlanStatus.FAIL,20,0.18122040547760565,-0.033413135077805856,False,,0.32041665863978824,0.036047236486818485,0.6543917830041052,0.0,4.5,False,8.190999971702695,20,0.18122040547760565,-0.033413135077805856,0.1,60,-64.64484405517578,24.470991134643555,0.004347638933335153,0.0,-51.36998815531822,24.54128973433948,0.002779010405088803,4.425000000000005,0,[]
521,26.05,-64.64484405517578,24.470991134643555,0.0027785056137527423,0.0,0.0,0.0,1.0,PlanStatus.FAIL,20,0.18122040547760565,-0.033413135077805856,False,,0.32041665863978824,0.036047236486818485,0.6543917830041052,0.0,4.5,False,7.716499967500567,20,0.18122040547760565,-0.033413135077805856,0.1,60,-64.64484405517578,24.470991134643555,0.004347638933335153,0.0,-51.36998815531822,24.54128973433948,0.002779010405088803,4.425000000000005,0,[]
522,26.1,-64.64484405517578,24.470991134643555,0.0027785056137527423,0.0,0.0,0.0,1.0,PlanStatus.FAIL,20,0.18122040547760565,-0.033413135077805856,False,,0.32041665863978824,0.036047236486818485,0.6543917830041052,0.0,4.5,False,7.878300035372376,20,0.18122040547760565,-0.033413135077805856,0.1,60,-64.64484405517578,24.470991134643555,0.004347638933335153,0.0,-51.36998815531822,24.54128973433948,0.002779010405088803,4.425000000000005,0,[]
523,26.150000000000002,-64.64484405517578,24.470991134643555,0.0027785056137527423,0.0,0.0,0.0,1.0,PlanStatus.FAIL,20,0.18122040547760565,-0.033413135077805856,False,,0.32041665863978824,0.036047236486818485,0.6543917830041052,0.0,4.5,False,7.649800041690469,20,0.18122040547760565,-0.033413135077805856,0.1,60,-64.64484405517578,24.470991134643555,0.004347638933335153,0.0,-51.36998815531822,24.54128973433948,0.002779010405088803,4.425000000000005,0,[]
524,26.200000000000003,-64.64484405517578,24.470991134643555,0.0027785056137527423,0.0,0.0,0.0,1.0,PlanStatus.FAIL,20,0.18122040547760565,-0.033413135077805856,False,,0.32041665863978824,0.036047236486818485,0.6543917830041052,0.0,4.5,False,7.936199894174933,20,0.18122040547760565,-0.033413135077805856,0.1,60,-64.64484405517578,24.470991134643555,0.004347638933335153,0.0,-51.36998815531822,24.54128973433948,0.002779010405088803,4.425000000000005,0,[]
525,26.25,-64.64484405517578,24.470991134643555,0.0027785056137527423,0.0,0.0,0.0,1.0,PlanStatus.FAIL,20,0.18122040547760565,-0.033413135077805856,False,,0.32041665863978824,0.036047236486818485,0.6543917830041052,0.0,4.5,False,7.565799867734313,20,0.18122040547760565,-0.033413135077805856,0.1,60,-64.64484405517578,24.470991134643555,0.004347638933335153,0.0,-51.36998815531822,24.54128973433948,0.002779010405088803,4.425000000000005,0,[]
526,26.3,-64.64484405517578,24.470991134643555,0.0027785056137527423,0.0,0.0,0.0,1.0,PlanStatus.FAIL,20,0.18122040547760565,-0.033413135077805856,False,,0.32041665863978824,0.036047236486818485,0.6543917830041052,0.0,4.5,False,8.342999964952469,20,0.18122040547760565,-0.033413135077805856,0.1,60,-64.64484405517578,24.470991134643555,0.004347638933335153,0.0,-51.36998815531822,24.54128973433948,0.002779010405088803,4.425000000000005,0,[]
527,26.35,-64.64484405517578,24.470991134643555,0.0027785056137527423,0.0,0.0,0.0,1.0,PlanStatus.FAIL,20,0.18122040547760565,-0.033413135077805856,False,,0.32041665863978824,0.036047236486818485,0.6543917830041052,0.0,4.5,False,7.446200121194124,20,0.18122040547760565,-0.033413135077805856,0.1,60,-64.64484405517578,24.470991134643555,0.004347638933335153,0.0,-51.36998815531822,24.54128973433948,0.002779010405088803,4.425000000000005,0,[]
528,26.400000000000002,-64.64484405517578,24.470991134643555,0.0027785056137527423,0.0,0.0,0.0,1.0,PlanStatus.FAIL,20,0.18122040547760565,-0.033413135077805856,False,,0.32041665863978824,0.036047236486818485,0.6543917830041052,0.0,4.5,False,7.164099952206016,20,0.18122040547760565,-0.033413135077805856,0.1,60,-64.64484405517578,24.470991134643555,0.004347638933335153,0.0,-51.36998815531822,24.54128973433948,0.002779010405088803,4.425000000000005,0,[]
529,26.450000000000003,-64.64484405517578,24.470991134643555,0.0027785056137527423,0.0,0.0,0.0,1.0,PlanStatus.FAIL,20,0.18122040547760565,-0.033413135077805856,False,,0.32041665863978824,0.036047236486818485,0.6543917830041052,0.0,4.5,False,7.558299927040935,20,0.18122040547760565,-0.033413135077805856,0.1,60,-64.64484405517578,24.470991134643555,0.004347638933335153,0.0,-51.36998815531822,24.54128973433948,0.002779010405088803,4.425000000000005,0,[]
530,26.5,-64.64484405517578,24.470991134643555,0.0027785056137527423,0.0,0.0,0.0,1.0,PlanStatus.FAIL,20,0.18122040547760565,-0.033413135077805856,False,,0.32041665863978824,0.036047236486818485,0.6543917830041052,0.0,4.5,False,7.628000108525157,20,0.18122040547760565,-0.033413135077805856,0.1,60,-64.64484405517578,24.470991134643555,0.004347638933335153,0.0,-51.36998815531822,24.54128973433948,0.002779010405088803,4.425000000000005,0,[]
531,26.55,-64.64484405517578,24.470991134643555,0.0027785056137527423,0.0,0.0,0.0,1.0,PlanStatus.FAIL,20,0.18122040547760565,-0.033413135077805856,False,,0.32041665863978824,0.036047236486818485,0.6543917830041052,0.0,4.5,False,7.990699959918857,20,0.18122040547760565,-0.033413135077805856,0.1,60,-64.64484405517578,24.470991134643555,0.004347638933335153,0.0,-51.36998815531822,24.54128973433948,0.002779010405088803,4.425000000000005,0,[]
532,26.6,-64.64484405517578,24.470991134643555,0.0027785056137527423,0.0,0.0,0.0,1.0,PlanStatus.FAIL,20,0.18122040547760565,-0.033413135077805856,False,,0.32041665863978824,0.036047236486818485,0.6543917830041052,0.0,4.5,False,7.456300081685185,20,0.18122040547760565,-0.033413135077805856,0.1,60,-64.64484405517578,24.470991134643555,0.004347638933335153,0.0,-51.36998815531822,24.54128973433948,0.002779010405088803,4.425000000000005,0,[]
533,26.650000000000002,-64.64484405517578,24.470991134643555,0.0027785056137527423,0.0,0.0,0.0,1.0,PlanStatus.FAIL,20,0.18122040547760565,-0.033413135077805856,False,,0.32041665863978824,0.036047236486818485,0.6543917830041052,0.0,4.5,False,7.774600060656667,20,0.18122040547760565,-0.033413135077805856,0.1,60,-64.64484405517578,24.470991134643555,0.004347638933335153,0.0,-51.36998815531822,24.54128973433948,0.002779010405088803,4.425000000000005,0,[]
534,26.700000000000003,-64.64484405517578,24.470991134643555,0.0027785056137527423,0.0,0.0,0.0,1.0,PlanStatus.FAIL,20,0.18122040547760565,-0.033413135077805856,False,,0.32041665863978824,0.036047236486818485,0.6543917830041052,0.0,4.5,False,7.477400125935674,20,0.18122040547760565,-0.033413135077805856,0.1,60,-64.64484405517578,24.470991134643555,0.004347638933335153,0.0,-51.36998815531822,24.54128973433948,0.002779010405088803,4.425000000000005,0,[]
535,26.75,-64.64484405517578,24.470991134643555,0.0027785056137527423,0.0,0.0,0.0,1.0,PlanStatus.FAIL,20,0.18122040547760565,-0.033413135077805856,False,,0.32041665863978824,0.036047236486818485,0.6543917830041052,0.0,4.5,False,7.801699917763472,20,0.18122040547760565,-0.033413135077805856,0.1,60,-64.64484405517578,24.470991134643555,0.004347638933335153,0.0,-51.36998815531822,24.54128973433948,0.002779010405088803,4.425000000000005,0,[]
536,26.8,-64.64484405517578,24.470991134643555,0.0027785056137527423,0.0,0.0,0.0,1.0,PlanStatus.FAIL,20,0.18122040547760565,-0.033413135077805856,False,,0.32041665863978824,0.036047236486818485,0.6543917830041052,0.0,4.5,False,7.5656999833881855,20,0.18122040547760565,-0.033413135077805856,0.1,60,-64.64484405517578,24.470991134643555,0.004347638933335153,0.0,-51.36998815531822,24.54128973433948,0.002779010405088803,4.425000000000005,0,[]
537,26.85,-64.64484405517578,24.470991134643555,0.0027785056137527423,0.0,0.0,0.0,1.0,PlanStatus.FAIL,20,0.18122040547760565,-0.033413135077805856,False,,0.32041665863978824,0.036047236486818485,0.6543917830041052,0.0,4.5,False,7.770200027152896,20,0.18122040547760565,-0.033413135077805856,0.1,60,-64.64484405517578,24.470991134643555,0.004347638933335153,0.0,-51.36998815531822,24.54128973433948,0.002779010405088803,4.425000000000005,0,[]
538,26.900000000000002,-64.64484405517578,24.470991134643555,0.0027785056137527423,0.0,0.0,0.0,1.0,PlanStatus.FAIL,20,0.18122040547760565,-0.033413135077805856,False,,0.32041665863978824,0.036047236486818485,0.6543917830041052,0.0,4.5,False,7.6407999731600285,20,0.18122040547760565,-0.033413135077805856,0.1,60,-64.64484405517578,24.470991134643555,0.004347638933335153,0.0,-51.36998815531822,24.54128973433948,0.002779010405088803,4.425000000000005,0,[]
539,26.950000000000003,-64.64484405517578,24.470991134643555,0.0027785056137527423,0.0,0.0,0.0,1.0,PlanStatus.FAIL,20,0.18122040547760565,-0.033413135077805856,False,,0.32041665863978824,0.036047236486818485,0.6543917830041052,0.0,4.5,False,7.710800040513277,20,0.18122040547760565,-0.033413135077805856,0.1,60,-64.64484405517578,24.470991134643555,0.004347638933335153,0.0,-51.36998815531822,24.54128973433948,0.002779010405088803,4.425000000000005,0,[]
540,27.0,-64.64484405517578,24.470991134643555,0.0027785056137527423,0.0,0.0,0.0,1.0,PlanStatus.FAIL,20,0.18122040547760565,-0.033413135077805856,False,,0.32041665863978824,0.036047236486818485,0.6543917830041052,0.0,4.5,False,7.374100154265761,20,0.18122040547760565,-0.033413135077805856,0.1,60,-64.64484405517578,24.470991134643555,0.004347638933335153,0.0,-51.36998815531822,24.54128973433948,0.002779010405088803,4.425000000000005,0,[]
541,27.05,-64.64484405517578,24.470991134643555,0.0027785056137527423,0.0,0.0,0.0,1.0,PlanStatus.FAIL,20,0.18122040547760565,-0.033413135077805856,False,,0.32041665863978824,0.036047236486818485,0.6543917830041052,0.0,4.5,False,7.411499973386526,20,0.18122040547760565,-0.033413135077805856,0.1,60,-64.64484405517578,24.470991134643555,0.004347638933335153,0.0,-51.36998815531822,24.54128973433948,0.002779010405088803,4.425000000000005,0,[]
542,27.1,-64.64484405517578,24.470991134643555,0.0027785056137527423,0.0,0.0,0.0,1.0,PlanStatus.FAIL,20,0.18122040547760565,-0.033413135077805856,False,,0.32041665863978824,0.036047236486818485,0.6543917830041052,0.0,4.5,False,7.423799950629473,20,0.18122040547760565,-0.033413135077805856,0.1,60,-64.64484405517578,24.470991134643555,0.004347638933335153,0.0,-51.36998815531822,24.54128973433948,0.002779010405088803,4.425000000000005,0,[]
543,27.150000000000002,-64.64484405517578,24.470991134643555,0.0027785056137527423,0.0,0.0,0.0,1.0,PlanStatus.FAIL,20,0.18122040547760565,-0.033413135077805856,False,,0.32041665863978824,0.036047236486818485,0.6543917830041052,0.0,4.5,False,8.033899823203683,20,0.18122040547760565,-0.033413135077805856,0.1,60,-64.64484405517578,24.470991134643555,0.004347638933335153,0.0,-51.36998815531822,24.54128973433948,0.002779010405088803,4.425000000000005,0,[]
544,27.200000000000003,-64.64484405517578,24.470991134643555,0.0027785056137527423,0.0,0.0,0.0,1.0,PlanStatus.FAIL,20,0.18122040547760565,-0.033413135077805856,False,,0.32041665863978824,0.036047236486818485,0.6543917830041052,0.0,4.5,False,7.350199855864048,20,0.18122040547760565,-0.033413135077805856,0.1,60,-64.64484405517578,24.470991134643555,0.004347638933335153,0.0,-51.36998815531822,24.54128973433948,0.002779010405088803,4.425000000000005,0,[]
545,27.25,-64.64484405517578,24.470991134643555,0.0027785056137527423,0.0,0.0,0.0,1.0,PlanStatus.FAIL,20,0.18122040547760565,-0.033413135077805856,False,,0.32041665863978824,0.036047236486818485,0.6543917830041052,0.0,4.5,False,7.508600130677223,20,0.18122040547760565,-0.033413135077805856,0.1,60,-64.64484405517578,24.470991134643555,0.004347638933335153,0.0,-51.36998815531822,24.54128973433948,0.002779010405088803,4.425000000000005,0,[]
546,27.3,-64.64484405517578,24.470991134643555,0.0027785056137527423,0.0,0.0,0.0,1.0,PlanStatus.FAIL,20,0.18122040547760565,-0.033413135077805856,False,,0.32041665863978824,0.036047236486818485,0.6543917830041052,0.0,4.5,False,7.850300054997206,20,0.18122040547760565,-0.033413135077805856,0.1,60,-64.64484405517578,24.470991134643555,0.004347638933335153,0.0,-51.36998815531822,24.54128973433948,0.002779010405088803,4.425000000000005,0,[]
547,27.35,-64.64484405517578,24.470991134643555,0.0027785056137527423,0.0,0.0,0.0,1.0,PlanStatus.FAIL,20,0.18122040547760565,-0.033413135077805856,False,,0.32041665863978824,0.036047236486818485,0.6543917830041052,0.0,4.5,False,7.764900103211403,20,0.18122040547760565,-0.033413135077805856,0.1,60,-64.64484405517578,24.470991134643555,0.004347638933335153,0.0,-51.36998815531822,24.54128973433948,0.002779010405088803,4.425000000000005,0,[]
548,27.400000000000002,-64.64484405517578,24.470991134643555,0.0027785056137527423,0.0,0.0,0.0,1.0,PlanStatus.FAIL,20,0.18122040547760565,-0.033413135077805856,False,,0.32041665863978824,0.036047236486818485,0.6543917830041052,0.0,4.5,False,7.788300048559904,20,0.18122040547760565,-0.033413135077805856,0.1,60,-64.64484405517578,24.470991134643555,0.004347638933335153,0.0,-51.36998815531822,24.54128973433948,0.002779010405088803,4.425000000000005,0,[]
549,27.450000000000003,-64.64484405517578,24.470991134643555,0.0027785056137527423,0.0,0.0,0.0,1.0,PlanStatus.FAIL,20,0.18122040547760565,-0.033413135077805856,False,,0.32041665863978824,0.036047236486818485,0.6543917830041052,0.0,4.5,False,7.697399938479066,20,0.18122040547760565,-0.033413135077805856,0.1,60,-64.64484405517578,24.470991134643555,0.004347638933335153,0.0,-51.36998815531822,24.54128973433948,0.002779010405088803,4.425000000000005,0,[]
550,27.5,-64.64484405517578,24.470991134643555,0.0027785056137527423,0.0,0.0,0.0,1.0,PlanStatus.FAIL,20,0.18122040547760565,-0.033413135077805856,False,,0.32041665863978824,0.036047236486818485,0.6543917830041052,0.0,4.5,False,8.100300095975399,20,0.18122040547760565,-0.033413135077805856,0.1,60,-64.64484405517578,24.470991134643555,0.004347638933335153,0.0,-51.36998815531822,24.54128973433948,0.002779010405088803,4.425000000000005,0,[]
551,27.55,-64.64484405517578,24.470991134643555,0.0027785056137527423,0.0,0.0,0.0,1.0,PlanStatus.FAIL,20,0.18122040547760565,-0.033413135077805856,False,,0.32041665863978824,0.036047236486818485,0.6543917830041052,0.0,4.5,False,7.671300088986754,20,0.18122040547760565,-0.033413135077805856,0.1,60,-64.64484405517578,24.470991134643555,0.004347638933335153,0.0,-51.36998815531822,24.54128973433948,0.002779010405088803,4.425000000000005,0,[]
552,27.6,-64.64484405517578,24.470991134643555,0.0027785056137527423,0.0,0.0,0.0,1.0,PlanStatus.FAIL,20,0.18122040547760565,-0.033413135077805856,False,,0.32041665863978824,0.036047236486818485,0.6543917830041052,0.0,4.5,False,7.639799965545535,20,0.18122040547760565,-0.033413135077805856,0.1,60,-64.64484405517578,24.470991134643555,0.004347638933335153,0.0,-51.36998815531822,24.54128973433948,0.002779010405088803,4.425000000000005,0,[]
553,27.650000000000002,-64.64484405517578,24.470991134643555,0.0027785056137527423,0.0,0.0,0.0,1.0,PlanStatus.FAIL,20,0.18122040547760565,-0.033413135077805856,False,,0.32041665863978824,0.036047236486818485,0.6543917830041052,0.0,4.5,False,8.268099976703525,20,0.18122040547760565,-0.033413135077805856,0.1,60,-64.64484405517578,24.470991134643555,0.004347638933335153,0.0,-51.36998815531822,24.54128973433948,0.002779010405088803,4.425000000000005,0,[]
554,27.700000000000003,-64.64484405517578,24.470991134643555,0.0027785056137527423,0.0,0.0,0.0,1.0,PlanStatus.FAIL,20,0.18122040547760565,-0.033413135077805856,False,,0.32041665863978824,0.036047236486818485,0.6543917830041052,0.0,4.5,False,7.5379000045359135,20,0.18122040547760565,-0.033413135077805856,0.1,60,-64.64484405517578,24.470991134643555,0.004347638933335153,0.0,-51.36998815531822,24.54128973433948,0.002779010405088803,4.425000000000005,0,[]
555,27.75,-64.64484405517578,24.470991134643555,0.0027785056137527423,0.0,0.0,0.0,1.0,PlanStatus.FAIL,20,0.18122040547760565,-0.033413135077805856,False,,0.32041665863978824,0.036047236486818485,0.6543917830041052,0.0,4.5,False,7.568500004708767,20,0.18122040547760565,-0.033413135077805856,0.1,60,-64.64484405517578,24.470991134643555,0.004347638933335153,0.0,-51.36998815531822,24.54128973433948,0.002779010405088803,4.425000000000005,0,[]
556,27.8,-64.64484405517578,24.470991134643555,0.0027785056137527423,0.0,0.0,0.0,1.0,PlanStatus.FAIL,20,0.18122040547760565,-0.033413135077805856,False,,0.32041665863978824,0.036047236486818485,0.6543917830041052,0.0,4.5,False,7.682099938392639,20,0.18122040547760565,-0.033413135077805856,0.1,60,-64.64484405517578,24.470991134643555,0.004347638933335153,0.0,-51.36998815531822,24.54128973433948,0.002779010405088803,4.425000000000005,0,[]
557,27.85,-64.64484405517578,24.470991134643555,0.0027785056137527423,0.0,0.0,0.0,1.0,PlanStatus.FAIL,20,0.18122040547760565,-0.033413135077805856,False,,0.32041665863978824,0.036047236486818485,0.6543917830041052,0.0,4.5,False,7.910100044682622,20,0.18122040547760565,-0.033413135077805856,0.1,60,-64.64484405517578,24.470991134643555,0.004347638933335153,0.0,-51.36998815531822,24.54128973433948,0.002779010405088803,4.425000000000005,0,[]
558,27.900000000000002,-64.64484405517578,24.470991134643555,0.0027785056137527423,0.0,0.0,0.0,1.0,PlanStatus.FAIL,20,0.18122040547760565,-0.033413135077805856,False,,0.32041665863978824,0.036047236486818485,0.6543917830041052,0.0,4.5,False,7.678700145334005,20,0.18122040547760565,-0.033413135077805856,0.1,60,-64.64484405517578,24.470991134643555,0.004347638933335153,0.0,-51.36998815531822,24.54128973433948,0.002779010405088803,4.425000000000005,0,[]
559,27.950000000000003,-64.64484405517578,24.470991134643555,0.0027785056137527423,0.0,0.0,0.0,1.0,PlanStatus.FAIL,20,0.18122040547760565,-0.033413135077805856,False,,0.32041665863978824,0.036047236486818485,0.6543917830041052,0.0,4.5,False,7.718699984252453,20,0.18122040547760565,-0.033413135077805856,0.1,60,-64.64484405517578,24.470991134643555,0.004347638933335153,0.0,-51.36998815531822,24.54128973433948,0.002779010405088803,4.425000000000005,0,[]
560,28.0,-64.64484405517578,24.470991134643555,0.0027785056137527423,0.0,0.0,0.0,1.0,PlanStatus.FAIL,20,0.18122040547760565,-0.033413135077805856,False,,0.32041665863978824,0.036047236486818485,0.6543917830041052,0.0,4.5,False,9.00209997780621,20,0.18122040547760565,-0.033413135077805856,0.1,60,-64.64484405517578,24.470991134643555,0.004347638933335153,0.0,-51.36998815531822,24.54128973433948,0.002779010405088803,4.425000000000005,0,[]
561,28.05,-64.64484405517578,24.470991134643555,0.0027785056137527423,0.0,0.0,0.0,1.0,PlanStatus.FAIL,20,0.18122040547760565,-0.033413135077805856,False,,0.32041665863978824,0.036047236486818485,0.6543917830041052,0.0,4.5,False,7.7102999202907085,20,0.18122040547760565,-0.033413135077805856,0.1,60,-64.64484405517578,24.470991134643555,0.004347638933335153,0.0,-51.36998815531822,24.54128973433948,0.002779010405088803,4.425000000000005,0,[]
562,28.1,-64.64484405517578,24.470991134643555,0.0027785056137527423,0.0,0.0,0.0,1.0,PlanStatus.FAIL,20,0.18122040547760565,-0.033413135077805856,False,,0.32041665863978824,0.036047236486818485,0.6543917830041052,0.0,4.5,False,7.725300034508109,20,0.18122040547760565,-0.033413135077805856,0.1,60,-64.64484405517578,24.470991134643555,0.004347638933335153,0.0,-51.36998815531822,24.54128973433948,0.002779010405088803,4.425000000000005,0,[]
563,28.150000000000002,-64.64484405517578,24.470991134643555,0.0027785056137527423,0.0,0.0,0.0,1.0,PlanStatus.FAIL,20,0.18122040547760565,-0.033413135077805856,False,,0.32041665863978824,0.036047236486818485,0.6543917830041052,0.0,4.5,False,9.739900007843971,20,0.18122040547760565,-0.033413135077805856,0.1,60,-64.64484405517578,24.470991134643555,0.004347638933335153,0.0,-51.36998815531822,24.54128973433948,0.002779010405088803,4.425000000000005,0,[]
564,28.200000000000003,-64.64484405517578,24.470991134643555,0.0027785056137527423,0.0,0.0,0.0,1.0,PlanStatus.FAIL,20,0.18122040547760565,-0.033413135077805856,False,,0.32041665863978824,0.036047236486818485,0.6543917830041052,0.0,4.5,False,7.701699854806066,20,0.18122040547760565,-0.033413135077805856,0.1,60,-64.64484405517578,24.470991134643555,0.004347638933335153,0.0,-51.36998815531822,24.54128973433948,0.002779010405088803,4.425000000000005,0,[]
565,28.25,-64.64484405517578,24.470991134643555,0.0027785056137527423,0.0,0.0,0.0,1.0,PlanStatus.FAIL,20,0.18122040547760565,-0.033413135077805856,False,,0.32041665863978824,0.036047236486818485,0.6543917830041052,0.0,4.5,False,7.925499929115176,20,0.18122040547760565,-0.033413135077805856,0.1,60,-64.64484405517578,24.470991134643555,0.004347638933335153,0.0,-51.36998815531822,24.54128973433948,0.002779010405088803,4.425000000000005,0,[]
566,28.3,-64.64484405517578,24.470991134643555,0.0027785056137527423,0.0,0.0,0.0,1.0,PlanStatus.FAIL,20,0.18122040547760565,-0.033413135077805856,False,,0.32041665863978824,0.036047236486818485,0.6543917830041052,0.0,4.5,False,7.462900131940842,20,0.18122040547760565,-0.033413135077805856,0.1,60,-64.64484405517578,24.470991134643555,0.004347638933335153,0.0,-51.36998815531822,24.54128973433948,0.002779010405088803,4.425000000000005,0,[]
567,28.35,-64.64484405517578,24.470991134643555,0.0027785056137527423,0.0,0.0,0.0,1.0,PlanStatus.FAIL,20,0.18122040547760565,-0.033413135077805856,False,,0.32041665863978824,0.036047236486818485,0.6543917830041052,0.0,4.5,False,7.917800219729543,20,0.18122040547760565,-0.033413135077805856,0.1,60,-64.64484405517578,24.470991134643555,0.004347638933335153,0.0,-51.36998815531822,24.54128973433948,0.002779010405088803,4.425000000000005,0,[]
568,28.400000000000002,-64.64484405517578,24.470991134643555,0.0027785056137527423,0.0,0.0,0.0,1.0,PlanStatus.FAIL,20,0.18122040547760565,-0.033413135077805856,False,,0.32041665863978824,0.036047236486818485,0.6543917830041052,0.0,4.5,False,7.3003999423235655,20,0.18122040547760565,-0.033413135077805856,0.1,60,-64.64484405517578,24.470991134643555,0.004347638933335153,0.0,-51.36998815531822,24.54128973433948,0.002779010405088803,4.425000000000005,0,[]
569,28.450000000000003,-64.64484405517578,24.470991134643555,0.0027785056137527423,0.0,0.0,0.0,1.0,PlanStatus.FAIL,20,0.18122040547760565,-0.033413135077805856,False,,0.32041665863978824,0.036047236486818485,0.6543917830041052,0.0,4.5,False,7.581799989566207,20,0.18122040547760565,-0.033413135077805856,0.1,60,-64.64484405517578,24.470991134643555,0.004347638933335153,0.0,-51.36998815531822,24.54128973433948,0.002779010405088803,4.425000000000005,0,[]
570,28.5,-64.64484405517578,24.470991134643555,0.0027785056137527423,0.0,0.0,0.0,1.0,PlanStatus.FAIL,20,0.18122040547760565,-0.033413135077805856,False,,0.32041665863978824,0.036047236486818485,0.6543917830041052,0.0,4.5,False,7.811699993908405,20,0.18122040547760565,-0.033413135077805856,0.1,60,-64.64484405517578,24.470991134643555,0.004347638933335153,0.0,-51.36998815531822,24.54128973433948,0.002779010405088803,4.425000000000005,0,[]
571,28.55,-64.64484405517578,24.470991134643555,0.0027785056137527423,0.0,0.0,0.0,1.0,PlanStatus.FAIL,20,0.18122040547760565,-0.033413135077805856,False,,0.32041665863978824,0.036047236486818485,0.6543917830041052,0.0,4.5,False,7.734599988907576,20,0.18122040547760565,-0.033413135077805856,0.1,60,-64.64484405517578,24.470991134643555,0.004347638933335153,0.0,-51.36998815531822,24.54128973433948,0.002779010405088803,4.425000000000005,0,[]
572,28.6,-64.64484405517578,24.470991134643555,0.0027785056137527423,0.0,0.0,0.0,1.0,PlanStatus.FAIL,20,0.18122040547760565,-0.033413135077805856,False,,0.32041665863978824,0.036047236486818485,0.6543917830041052,0.0,4.5,False,8.766100043430924,20,0.18122040547760565,-0.033413135077805856,0.1,60,-64.64484405517578,24.470991134643555,0.004347638933335153,0.0,-51.36998815531822,24.54128973433948,0.002779010405088803,4.425000000000005,0,[]
573,28.650000000000002,-64.64484405517578,24.470991134643555,0.0027785056137527423,0.0,0.0,0.0,1.0,PlanStatus.FAIL,20,0.18122040547760565,-0.033413135077805856,False,,0.32041665863978824,0.036047236486818485,0.6543917830041052,0.0,4.5,False,8.22269986383617,20,0.18122040547760565,-0.033413135077805856,0.1,60,-64.64484405517578,24.470991134643555,0.004347638933335153,0.0,-51.36998815531822,24.54128973433948,0.002779010405088803,4.425000000000005,0,[]
574,28.700000000000003,-64.64484405517578,24.470991134643555,0.0027785056137527423,0.0,0.0,0.0,1.0,PlanStatus.FAIL,20,0.18122040547760565,-0.033413135077805856,False,,0.32041665863978824,0.036047236486818485,0.6543917830041052,0.0,4.5,False,8.162799989804626,20,0.18122040547760565,-0.033413135077805856,0.1,60,-64.64484405517578,24.470991134643555,0.004347638933335153,0.0,-51.36998815531822,24.54128973433948,0.002779010405088803,4.425000000000005,0,[]
575,28.75,-64.64484405517578,24.470991134643555,0.0027785056137527423,0.0,0.0,0.0,1.0,PlanStatus.FAIL,20,0.18122040547760565,-0.033413135077805856,False,,0.32041665863978824,0.036047236486818485,0.6543917830041052,0.0,4.5,False,7.850400172173977,20,0.18122040547760565,-0.033413135077805856,0.1,60,-64.64484405517578,24.470991134643555,0.004347638933335153,0.0,-51.36998815531822,24.54128973433948,0.002779010405088803,4.425000000000005,0,[]
576,28.8,-64.64484405517578,24.470991134643555,0.0027785056137527423,0.0,0.0,0.0,1.0,PlanStatus.FAIL,20,0.18122040547760565,-0.033413135077805856,False,,0.32041665863978824,0.036047236486818485,0.6543917830041052,0.0,4.5,False,7.915700087323785,20,0.18122040547760565,-0.033413135077805856,0.1,60,-64.64484405517578,24.470991134643555,0.004347638933335153,0.0,-51.36998815531822,24.54128973433948,0.002779010405088803,4.425000000000005,0,[]
577,28.85,-64.64484405517578,24.470991134643555,0.0027785056137527423,0.0,0.0,0.0,1.0,PlanStatus.FAIL,20,0.18122040547760565,-0.033413135077805856,False,,0.32041665863978824,0.036047236486818485,0.6543917830041052,0.0,4.5,False,7.339600007981062,20,0.18122040547760565,-0.033413135077805856,0.1,60,-64.64484405517578,24.470991134643555,0.004347638933335153,0.0,-51.36998815531822,24.54128973433948,0.002779010405088803,4.425000000000005,0,[]
578,28.900000000000002,-64.64484405517578,24.470991134643555,0.0027785056137527423,0.0,0.0,0.0,1.0,PlanStatus.FAIL,20,0.18122040547760565,-0.033413135077805856,False,,0.32041665863978824,0.036047236486818485,0.6543917830041052,0.0,4.5,False,7.594200083985925,20,0.18122040547760565,-0.033413135077805856,0.1,60,-64.64484405517578,24.470991134643555,0.004347638933335153,0.0,-51.36998815531822,24.54128973433948,0.002779010405088803,4.425000000000005,0,[]
579,28.950000000000003,-64.64484405517578,24.470991134643555,0.0027785056137527423,0.0,0.0,0.0,1.0,PlanStatus.FAIL,20,0.18122040547760565,-0.033413135077805856,False,,0.32041665863978824,0.036047236486818485,0.6543917830041052,0.0,4.5,False,8.908299962058663,20,0.18122040547760565,-0.033413135077805856,0.1,60,-64.64484405517578,24.470991134643555,0.004347638933335153,0.0,-51.36998815531822,24.54128973433948,0.002779010405088803,4.425000000000005,0,[]
580,29.0,-64.64484405517578,24.470991134643555,0.0027785056137527423,0.0,0.0,0.0,1.0,PlanStatus.FAIL,20,0.18122040547760565,-0.033413135077805856,False,,0.32041665863978824,0.036047236486818485,0.6543917830041052,0.0,4.5,False,7.537600118666887,20,0.18122040547760565,-0.033413135077805856,0.1,60,-64.64484405517578,24.470991134643555,0.004347638933335153,0.0,-51.36998815531822,24.54128973433948,0.002779010405088803,4.425000000000005,0,[]
581,29.05,-64.64484405517578,24.470991134643555,0.0027785056137527423,0.0,0.0,0.0,1.0,PlanStatus.FAIL,20,0.18122040547760565,-0.033413135077805856,False,,0.32041665863978824,0.036047236486818485,0.6543917830041052,0.0,4.5,False,7.551700109615922,20,0.18122040547760565,-0.033413135077805856,0.1,60,-64.64484405517578,24.470991134643555,0.004347638933335153,0.0,-51.36998815531822,24.54128973433948,0.002779010405088803,4.425000000000005,0,[]
582,29.1,-64.64484405517578,24.470991134643555,0.0027785056137527423,0.0,0.0,0.0,1.0,PlanStatus.FAIL,20,0.18122040547760565,-0.033413135077805856,False,,0.32041665863978824,0.036047236486818485,0.6543917830041052,0.0,4.5,False,7.437200052663684,20,0.18122040547760565,-0.033413135077805856,0.1,60,-64.64484405517578,24.470991134643555,0.004347638933335153,0.0,-51.36998815531822,24.54128973433948,0.002779010405088803,4.425000000000005,0,[]
583,29.150000000000002,-64.64484405517578,24.470991134643555,0.0027785056137527423,0.0,0.0,0.0,1.0,PlanStatus.FAIL,20,0.18122040547760565,-0.033413135077805856,False,,0.32041665863978824,0.036047236486818485,0.6543917830041052,0.0,4.5,False,8.611500030383468,20,0.18122040547760565,-0.033413135077805856,0.1,60,-64.64484405517578,24.470991134643555,0.004347638933335153,0.0,-51.36998815531822,24.54128973433948,0.002779010405088803,4.425000000000005,0,[]
584,29.200000000000003,-64.64484405517578,24.470991134643555,0.0027785056137527423,0.0,0.0,0.0,1.0,PlanStatus.FAIL,20,0.18122040547760565,-0.033413135077805856,False,,0.32041665863978824,0.036047236486818485,0.6543917830041052,0.0,4.5,False,7.771800039336085,20,0.18122040547760565,-0.033413135077805856,0.1,60,-64.64484405517578,24.470991134643555,0.004347638933335153,0.0,-51.36998815531822,24.54128973433948,0.002779010405088803,4.425000000000005,0,[]
585,29.25,-64.64484405517578,24.470991134643555,0.0027785056137527423,0.0,0.0,0.0,1.0,PlanStatus.FAIL,20,0.18122040547760565,-0.033413135077805856,False,,0.32041665863978824,0.036047236486818485,0.6543917830041052,0.0,4.5,False,7.854799972847104,20,0.18122040547760565,-0.033413135077805856,0.1,60,-64.64484405517578,24.470991134643555,0.004347638933335153,0.0,-51.36998815531822,24.54128973433948,0.002779010405088803,4.425000000000005,0,[]
586,29.3,-64.64484405517578,24.470991134643555,0.0027785056137527423,0.0,0.0,0.0,1.0,PlanStatus.FAIL,20,0.18122040547760565,-0.033413135077805856,False,,0.32041665863978824,0.036047236486818485,0.6543917830041052,0.0,4.5,False,7.981000002473593,20,0.18122040547760565,-0.033413135077805856,0.1,60,-64.64484405517578,24.470991134643555,0.004347638933335153,0.0,-51.36998815531822,24.54128973433948,0.002779010405088803,4.425000000000005,0,[]
587,29.35,-64.64484405517578,24.470991134643555,0.0027785056137527423,0.0,0.0,0.0,1.0,PlanStatus.FAIL,20,0.18122040547760565,-0.033413135077805856,False,,0.32041665863978824,0.036047236486818485,0.6543917830041052,0.0,4.5,False,8.391000097617507,20,0.18122040547760565,-0.033413135077805856,0.1,60,-64.64484405517578,24.470991134643555,0.004347638933335153,0.0,-51.36998815531822,24.54128973433948,0.002779010405088803,4.425000000000005,0,[]
588,29.400000000000002,-64.64484405517578,24.470991134643555,0.0027785056137527423,0.0,0.0,0.0,1.0,PlanStatus.FAIL,20,0.18122040547760565,-0.033413135077805856,False,,0.32041665863978824,0.036047236486818485,0.6543917830041052,0.0,4.5,False,7.668500067666173,20,0.18122040547760565,-0.033413135077805856,0.1,60,-64.64484405517578,24.470991134643555,0.004347638933335153,0.0,-51.36998815531822,24.54128973433948,0.002779010405088803,4.425000000000005,0,[]
589,29.450000000000003,-64.64484405517578,24.470991134643555,0.0027785056137527423,0.0,0.0,0.0,1.0,PlanStatus.FAIL,20,0.18122040547760565,-0.033413135077805856,False,,0.32041665863978824,0.036047236486818485,0.6543917830041052,0.0,4.5,False,7.782400120049715,20,0.18122040547760565,-0.033413135077805856,0.1,60,-64.64484405517578,24.470991134643555,0.004347638933335153,0.0,-51.36998815531822,24.54128973433948,0.002779010405088803,4.425000000000005,0,[]
590,29.5,-64.64484405517578,24.470991134643555,0.0027785056137527423,0.0,0.0,0.0,1.0,PlanStatus.FAIL,20,0.18122040547760565,-0.033413135077805856,False,,0.32041665863978824,0.036047236486818485,0.6543917830041052,0.0,4.5,False,9.701400063931942,20,0.18122040547760565,-0.033413135077805856,0.1,60,-64.64484405517578,24.470991134643555,0.004347638933335153,0.0,-51.36998815531822,24.54128973433948,0.002779010405088803,4.425000000000005,0,[]
591,29.55,-64.64484405517578,24.470991134643555,0.0027785056137527423,0.0,0.0,0.0,1.0,PlanStatus.FAIL,20,0.18122040547760565,-0.033413135077805856,False,,0.32041665863978824,0.036047236486818485,0.6543917830041052,0.0,4.5,False,7.975900080054998,20,0.18122040547760565,-0.033413135077805856,0.1,60,-64.64484405517578,24.470991134643555,0.004347638933335153,0.0,-51.36998815531822,24.54128973433948,0.002779010405088803,4.425000000000005,0,[]
592,29.6,-64.64484405517578,24.470991134643555,0.0027785056137527423,0.0,0.0,0.0,1.0,PlanStatus.FAIL,20,0.18122040547760565,-0.033413135077805856,False,,0.32041665863978824,0.036047236486818485,0.6543917830041052,0.0,4.5,False,7.673999993130565,20,0.18122040547760565,-0.033413135077805856,0.1,60,-64.64484405517578,24.470991134643555,0.004347638933335153,0.0,-51.36998815531822,24.54128973433948,0.002779010405088803,4.425000000000005,0,[]
593,29.650000000000002,-64.64484405517578,24.470991134643555,0.0027785056137527423,0.0,0.0,0.0,1.0,PlanStatus.FAIL,20,0.18122040547760565,-0.033413135077805856,False,,0.32041665863978824,0.036047236486818485,0.6543917830041052,0.0,4.5,False,8.238099981099367,20,0.18122040547760565,-0.033413135077805856,0.1,60,-64.64484405517578,24.470991134643555,0.004347638933335153,0.0,-51.36998815531822,24.54128973433948,0.002779010405088803,4.425000000000005,0,[]
594,29.700000000000003,-64.64484405517578,24.470991134643555,0.0027785056137527423,0.0,0.0,0.0,1.0,PlanStatus.FAIL,20,0.18122040547760565,-0.033413135077805856,False,,0.32041665863978824,0.036047236486818485,0.6543917830041052,0.0,4.5,False,8.08209995739162,20,0.18122040547760565,-0.033413135077805856,0.1,60,-64.64484405517578,24.470991134643555,0.004347638933335153,0.0,-51.36998815531822,24.54128973433948,0.002779010405088803,4.425000000000005,0,[]
595,29.75,-64.64484405517578,24.470991134643555,0.0027785056137527423,0.0,0.0,0.0,1.0,PlanStatus.FAIL,20,0.18122040547760565,-0.033413135077805856,False,,0.32041665863978824,0.036047236486818485,0.6543917830041052,0.0,4.5,False,7.355599896982312,20,0.18122040547760565,-0.033413135077805856,0.1,60,-64.64484405517578,24.470991134643555,0.004347638933335153,0.0,-51.36998815531822,24.54128973433948,0.002779010405088803,4.425000000000005,0,[]
596,29.8,-64.64484405517578,24.470991134643555,0.0027785056137527423,0.0,0.0,0.0,1.0,PlanStatus.FAIL,20,0.18122040547760565,-0.033413135077805856,False,,0.32041665863978824,0.036047236486818485,0.6543917830041052,0.0,4.5,False,9.949899977073073,20,0.18122040547760565,-0.033413135077805856,0.1,60,-64.64484405517578,24.470991134643555,0.004347638933335153,0.0,-51.36998815531822,24.54128973433948,0.002779010405088803,4.425000000000005,0,[]
597,29.85,-64.64484405517578,24.470991134643555,0.0027785056137527423,0.0,0.0,0.0,1.0,PlanStatus.FAIL,20,0.18122040547760565,-0.033413135077805856,False,,0.32041665863978824,0.036047236486818485,0.6543917830041052,0.0,4.5,False,8.026900002732873,20,0.18122040547760565,-0.033413135077805856,0.1,60,-64.64484405517578,24.470991134643555,0.004347638933335153,0.0,-51.36998815531822,24.54128973433948,0.002779010405088803,4.425000000000005,0,[]
598,29.900000000000002,-64.64484405517578,24.470991134643555,0.0027785056137527423,0.0,0.0,0.0,1.0,PlanStatus.FAIL,20,0.18122040547760565,-0.033413135077805856,False,,0.32041665863978824,0.036047236486818485,0.6543917830041052,0.0,4.5,False,9.019300108775496,20,0.18122040547760565,-0.033413135077805856,0.1,60,-64.64484405517578,24.470991134643555,0.004347638933335153,0.0,-51.36998815531822,24.54128973433948,0.002779010405088803,4.425000000000005,0,[]
599,29.950000000000003,-64.64484405517578,24.470991134643555,0.0027785056137527423,0.0,0.0,0.0,1.0,PlanStatus.FAIL,20,0.18122040547760565,-0.033413135077805856,False,,0.32041665863978824,0.036047236486818485,0.6543917830041052,0.0,4.5,False,7.6339999213814735,20,0.18122040547760565,-0.033413135077805856,0.1,60,-64.64484405517578,24.470991134643555,0.004347638933335153,0.0,-51.36998815531822,24.54128973433948,0.002779010405088803,4.425000000000005,0,[]
600,30.0,-64.64484405517578,24.470991134643555,0.0027785056137527423,0.0,0.0,0.0,1.0,PlanStatus.FAIL,20,0.18122040547760565,-0.033413135077805856,False,,0.32041665863978824,0.036047236486818485,0.6543917830041052,0.0,4.5,False,8.013900136575103,20,0.18122040547760565,-0.033413135077805856,0.1,60,-64.64484405517578,24.470991134643555,0.004347638933335153,0.0,-51.36998815531822,24.54128973433948,0.002779010405088803,4.425000000000005,0,[]
601,30.05,-64.64484405517578,24.470991134643555,0.0027785056137527423,0.0,0.0,0.0,1.0,PlanStatus.FAIL,20,0.18122040547760565,-0.033413135077805856,False,,0.32041665863978824,0.036047236486818485,0.6543917830041052,0.0,4.5,False,8.737699827179313,20,0.18122040547760565,-0.033413135077805856,0.1,60,-64.64484405517578,24.470991134643555,0.004347638933335153,0.0,-51.36998815531822,24.54128973433948,0.002779010405088803,4.425000000000005,0,[]
602,30.1,-64.64484405517578,24.470991134643555,0.0027785056137527423,0.0,0.0,0.0,1.0,PlanStatus.FAIL,20,0.18122040547760565,-0.033413135077805856,False,,0.32041665863978824,0.036047236486818485,0.6543917830041052,0.0,4.5,False,9.219199884682894,20,0.18122040547760565,-0.033413135077805856,0.1,60,-64.64484405517578,24.470991134643555,0.004347638933335153,0.0,-51.36998815531822,24.54128973433948,0.002779010405088803,4.425000000000005,0,[]
603,30.150000000000002,-64.64484405517578,24.470991134643555,0.0027785056137527423,0.0,0.0,0.0,1.0,PlanStatus.FAIL,20,0.18122040547760565,-0.033413135077805856,False,,0.32041665863978824,0.036047236486818485,0.6543917830041052,0.0,4.5,False,8.096900070086122,20,0.18122040547760565,-0.033413135077805856,0.1,60,-64.64484405517578,24.470991134643555,0.004347638933335153,0.0,-51.36998815531822,24.54128973433948,0.002779010405088803,4.425000000000005,0,[]
604,30.200000000000003,-64.64484405517578,24.470991134643555,0.0027785056137527423,0.0,0.0,0.0,1.0,PlanStatus.FAIL,20,0.18122040547760565,-0.033413135077805856,False,,0.32041665863978824,0.036047236486818485,0.6543917830041052,0.0,4.5,False,8.276400156319141,20,0.18122040547760565,-0.033413135077805856,0.1,60,-64.64484405517578,24.470991134643555,0.004347638933335153,0.0,-51.36998815531822,24.54128973433948,0.002779010405088803,4.425000000000005,0,[]
605,30.25,-64.64484405517578,24.470991134643555,0.0027785056137527423,0.0,0.0,0.0,1.0,PlanStatus.FAIL,20,0.18122040547760565,-0.033413135077805856,False,,0.32041665863978824,0.036047236486818485,0.6543917830041052,0.0,4.5,False,7.900099968537688,20,0.18122040547760565,-0.033413135077805856,0.1,60,-64.64484405517578,24.470991134643555,0.004347638933335153,0.0,-51.36998815531822,24.54128973433948,0.002779010405088803,4.425000000000005,0,[]
606,30.3,-64.64484405517578,24.470991134643555,0.0027785056137527423,0.0,0.0,0.0,1.0,PlanStatus.FAIL,20,0.18122040547760565,-0.033413135077805856,False,,0.32041665863978824,0.036047236486818485,0.6543917830041052,0.0,4.5,False,10.4825000744313,20,0.18122040547760565,-0.033413135077805856,0.1,60,-64.64484405517578,24.470991134643555,0.004347638933335153,0.0,-51.36998815531822,24.54128973433948,0.002779010405088803,4.425000000000005,0,[]
607,30.35,-64.64484405517578,24.470991134643555,0.0027785056137527423,0.0,0.0,0.0,1.0,PlanStatus.FAIL,20,0.18122040547760565,-0.033413135077805856,False,,0.32041665863978824,0.036047236486818485,0.6543917830041052,0.0,4.5,False,8.100799983367324,20,0.18122040547760565,-0.033413135077805856,0.1,60,-64.64484405517578,24.470991134643555,0.004347638933335153,0.0,-51.36998815531822,24.54128973433948,0.002779010405088803,4.425000000000005,0,[]
608,30.400000000000002,-64.64484405517578,24.470991134643555,0.0027785056137527423,0.0,0.0,0.0,1.0,PlanStatus.FAIL,20,0.18122040547760565,-0.033413135077805856,False,,0.32041665863978824,0.036047236486818485,0.6543917830041052,0.0,4.5,False,7.890000008046627,20,0.18122040547760565,-0.033413135077805856,0.1,60,-64.64484405517578,24.470991134643555,0.004347638933335153,0.0,-51.36998815531822,24.54128973433948,0.002779010405088803,4.425000000000005,0,[]
609,30.450000000000003,-64.64484405517578,24.470991134643555,0.0027785056137527423,0.0,0.0,0.0,1.0,PlanStatus.FAIL,20,0.18122040547760565,-0.033413135077805856,False,,0.32041665863978824,0.036047236486818485,0.6543917830041052,0.0,4.5,False,7.563300197944045,20,0.18122040547760565,-0.033413135077805856,0.1,60,-64.64484405517578,24.470991134643555,0.004347638933335153,0.0,-51.36998815531822,24.54128973433948,0.002779010405088803,4.425000000000005,0,[]
610,30.5,-64.64484405517578,24.470991134643555,0.0027785056137527423,0.0,0.0,0.0,1.0,PlanStatus.FAIL,20,0.18122040547760565,-0.033413135077805856,False,,0.32041665863978824,0.036047236486818485,0.6543917830041052,0.0,4.5,False,8.240400115028024,20,0.18122040547760565,-0.033413135077805856,0.1,60,-64.64484405517578,24.470991134643555,0.004347638933335153,0.0,-51.36998815531822,24.54128973433948,0.002779010405088803,4.425000000000005,0,[]
611,30.55,-64.64484405517578,24.470991134643555,0.0027785056137527423,0.0,0.0,0.0,1.0,PlanStatus.FAIL,20,0.18122040547760565,-0.033413135077805856,False,,0.32041665863978824,0.036047236486818485,0.6543917830041052,0.0,4.5,False,7.613900117576122,20,0.18122040547760565,-0.033413135077805856,0.1,60,-64.64484405517578,24.470991134643555,0.004347638933335153,0.0,-51.36998815531822,24.54128973433948,0.002779010405088803,4.425000000000005,0,[]
612,30.6,-64.64484405517578,24.470991134643555,0.0027785056137527423,0.0,0.0,0.0,1.0,PlanStatus.FAIL,20,0.18122040547760565,-0.033413135077805856,False,,0.32041665863978824,0.036047236486818485,0.6543917830041052,0.0,4.5,False,8.067400194704533,20,0.18122040547760565,-0.033413135077805856,0.1,60,-64.64484405517578,24.470991134643555,0.004347638933335153,0.0,-51.36998815531822,24.54128973433948,0.002779010405088803,4.425000000000005,0,[]
613,30.650000000000002,-64.64484405517578,24.470991134643555,0.0027785056137527423,0.0,0.0,0.0,1.0,PlanStatus.FAIL,20,0.18122040547760565,-0.033413135077805856,False,,0.32041665863978824,0.036047236486818485,0.6543917830041052,0.0,4.5,False,8.583599934354424,20,0.18122040547760565,-0.033413135077805856,0.1,60,-64.64484405517578,24.470991134643555,0.004347638933335153,0.0,-51.36998815531822,24.54128973433948,0.002779010405088803,4.425000000000005,0,[]
614,30.700000000000003,-64.64484405517578,24.470991134643555,0.0027785056137527423,0.0,0.0,0.0,1.0,PlanStatus.FAIL,20,0.18122040547760565,-0.033413135077805856,False,,0.32041665863978824,0.036047236486818485,0.6543917830041052,0.0,4.5,False,7.805600063875318,20,0.18122040547760565,-0.033413135077805856,0.1,60,-64.64484405517578,24.470991134643555,0.004347638933335153,0.0,-51.36998815531822,24.54128973433948,0.002779010405088803,4.425000000000005,0,[]
615,30.75,-64.64484405517578,24.470991134643555,0.0027785056137527423,0.0,0.0,0.0,1.0,PlanStatus.FAIL,20,0.18122040547760565,-0.033413135077805856,False,,0.32041665863978824,0.036047236486818485,0.6543917830041052,0.0,4.5,False,8.380600018426776,20,0.18122040547760565,-0.033413135077805856,0.1,60,-64.64484405517578,24.470991134643555,0.004347638933335153,0.0,-51.36998815531822,24.54128973433948,0.002779010405088803,4.425000000000005,0,[]
616,30.8,-64.64484405517578,24.470991134643555,0.0027785056137527423,0.0,0.0,0.0,1.0,PlanStatus.FAIL,20,0.18122040547760565,-0.033413135077805856,False,,0.32041665863978824,0.036047236486818485,0.6543917830041052,0.0,4.5,False,9.430200094357133,20,0.18122040547760565,-0.033413135077805856,0.1,60,-64.64484405517578,24.470991134643555,0.004347638933335153,0.0,-51.36998815531822,24.54128973433948,0.002779010405088803,4.425000000000005,0,[]
617,30.85,-64.64484405517578,24.470991134643555,0.0027785056137527423,0.0,0.0,0.0,1.0,PlanStatus.FAIL,20,0.18122040547760565,-0.033413135077805856,False,,0.32041665863978824,0.036047236486818485,0.6543917830041052,0.0,4.5,False,7.571799913421273,20,0.18122040547760565,-0.033413135077805856,0.1,60,-64.64484405517578,24.470991134643555,0.004347638933335153,0.0,-51.36998815531822,24.54128973433948,0.002779010405088803,4.425000000000005,0,[]
618,30.900000000000002,-64.64484405517578,24.470991134643555,0.0027785056137527423,0.0,0.0,0.0,1.0,PlanStatus.FAIL,20,0.18122040547760565,-0.033413135077805856,False,,0.32041665863978824,0.036047236486818485,0.6543917830041052,0.0,4.5,False,7.889800006523728,20,0.18122040547760565,-0.033413135077805856,0.1,60,-64.64484405517578,24.470991134643555,0.004347638933335153,0.0,-51.36998815531822,24.54128973433948,0.002779010405088803,4.425000000000005,0,[]
619,30.950000000000003,-64.64484405517578,24.470991134643555,0.0027785056137527423,0.0,0.0,0.0,1.0,PlanStatus.FAIL,20,0.18122040547760565,-0.033413135077805856,False,,0.32041665863978824,0.036047236486818485,0.6543917830041052,0.0,4.5,False,8.337700041010976,20,0.18122040547760565,-0.033413135077805856,0.1,60,-64.64484405517578,24.470991134643555,0.004347638933335153,0.0,-51.36998815531822,24.54128973433948,0.002779010405088803,4.425000000000005,0,[]
620,31.0,-64.64484405517578,24.470991134643555,0.0027785056137527423,0.0,0.0,0.0,1.0,PlanStatus.FAIL,20,0.18122040547760565,-0.033413135077805856,False,,0.32041665863978824,0.036047236486818485,0.6543917830041052,0.0,4.5,False,8.053199853748083,20,0.18122040547760565,-0.033413135077805856,0.1,60,-64.64484405517578,24.470991134643555,0.004347638933335153,0.0,-51.36998815531822,24.54128973433948,0.002779010405088803,4.425000000000005,0,[]
621,31.05,-64.64484405517578,24.470991134643555,0.0027785056137527423,0.0,0.0,0.0,1.0,PlanStatus.FAIL,20,0.18122040547760565,-0.033413135077805856,False,,0.32041665863978824,0.036047236486818485,0.6543917830041052,0.0,4.5,False,8.254599990323186,20,0.18122040547760565,-0.033413135077805856,0.1,60,-64.64484405517578,24.470991134643555,0.004347638933335153,0.0,-51.36998815531822,24.54128973433948,0.002779010405088803,4.425000000000005,0,[]
622,31.1,-64.64484405517578,24.470991134643555,0.0027785056137527423,0.0,0.0,0.0,1.0,PlanStatus.FAIL,20,0.18122040547760565,-0.033413135077805856,False,,0.32041665863978824,0.036047236486818485,0.6543917830041052,0.0,4.5,False,8.519100025296211,20,0.18122040547760565,-0.033413135077805856,0.1,60,-64.64484405517578,24.470991134643555,0.004347638933335153,0.0,-51.36998815531822,24.54128973433948,0.002779010405088803,4.425000000000005,0,[]
623,31.150000000000002,-64.64484405517578,24.470991134643555,0.0027785056137527423,0.0,0.0,0.0,1.0,PlanStatus.FAIL,20,0.18122040547760565,-0.033413135077805856,False,,0.32041665863978824,0.036047236486818485,0.6543917830041052,0.0,4.5,False,7.936800131574273,20,0.18122040547760565,-0.033413135077805856,0.1,60,-64.64484405517578,24.470991134643555,0.004347638933335153,0.0,-51.36998815531822,24.54128973433948,0.002779010405088803,4.425000000000005,0,[]
624,31.200000000000003,-64.64484405517578,24.470991134643555,0.0027785056137527423,0.0,0.0,0.0,1.0,PlanStatus.FAIL,20,0.18122040547760565,-0.033413135077805856,False,,0.32041665863978824,0.036047236486818485,0.6543917830041052,0.0,4.5,False,8.410600014030933,20,0.18122040547760565,-0.033413135077805856,0.1,60,-64.64484405517578,24.470991134643555,0.004347638933335153,0.0,-51.36998815531822,24.54128973433948,0.002779010405088803,4.425000000000005,0,[]
625,31.25,-64.64484405517578,24.470991134643555,0.0027785056137527423,0.0,0.0,0.0,1.0,PlanStatus.FAIL,20,0.18122040547760565,-0.033413135077805856,False,,0.32041665863978824,0.036047236486818485,0.6543917830041052,0.0,4.5,False,7.6009000185877085,20,0.18122040547760565,-0.033413135077805856,0.1,60,-64.64484405517578,24.470991134643555,0.004347638933335153,0.0,-51.36998815531822,24.54128973433948,0.002779010405088803,4.425000000000005,0,[]
626,31.3,-64.64484405517578,24.470991134643555,0.0027785056137527423,0.0,0.0,0.0,1.0,PlanStatus.FAIL,20,0.18122040547760565,-0.033413135077805856,False,,0.32041665863978824,0.036047236486818485,0.6543917830041052,0.0,4.5,False,8.102199994027615,20,0.18122040547760565,-0.033413135077805856,0.1,60,-64.64484405517578,24.470991134643555,0.004347638933335153,0.0,-51.36998815531822,24.54128973433948,0.002779010405088803,4.425000000000005,0,[]
627,31.35,-64.64484405517578,24.470991134643555,0.0027785056137527423,0.0,0.0,0.0,1.0,PlanStatus.FAIL,20,0.18122040547760565,-0.033413135077805856,False,,0.32041665863978824,0.036047236486818485,0.6543917830041052,0.0,4.5,False,8.402899838984013,20,0.18122040547760565,-0.033413135077805856,0.1,60,-64.64484405517578,24.470991134643555,0.004347638933335153,0.0,-51.36998815531822,24.54128973433948,0.002779010405088803,4.425000000000005,0,[]
628,31.400000000000002,-64.64484405517578,24.470991134643555,0.0027785056137527423,0.0,0.0,0.0,1.0,PlanStatus.FAIL,20,0.18122040547760565,-0.033413135077805856,False,,0.32041665863978824,0.036047236486818485,0.6543917830041052,0.0,4.5,False,7.742200046777725,20,0.18122040547760565,-0.033413135077805856,0.1,60,-64.64484405517578,24.470991134643555,0.004347638933335153,0.0,-51.36998815531822,24.54128973433948,0.002779010405088803,4.425000000000005,0,[]
629,31.450000000000003,-64.64484405517578,24.470991134643555,0.0027785056137527423,0.0,0.0,0.0,1.0,PlanStatus.FAIL,20,0.18122040547760565,-0.033413135077805856,False,,0.32041665863978824,0.036047236486818485,0.6543917830041052,0.0,4.5,False,7.996100001037121,20,0.18122040547760565,-0.033413135077805856,0.1,60,-64.64484405517578,24.470991134643555,0.004347638933335153,0.0,-51.36998815531822,24.54128973433948,0.002779010405088803,4.425000000000005,0,[]
630,31.5,-64.64484405517578,24.470991134643555,0.0027785056137527423,0.0,0.0,0.0,1.0,PlanStatus.FAIL,20,0.18122040547760565,-0.033413135077805856,False,,0.32041665863978824,0.036047236486818485,0.6543917830041052,0.0,4.5,False,7.6824999414384365,20,0.18122040547760565,-0.033413135077805856,0.1,60,-64.64484405517578,24.470991134643555,0.004347638933335153,0.0,-51.36998815531822,24.54128973433948,0.002779010405088803,4.425000000000005,0,[]
631,31.55,-64.64484405517578,24.470991134643555,0.0027785056137527423,0.0,0.0,0.0,1.0,PlanStatus.FAIL,20,0.18122040547760565,-0.033413135077805856,False,,0.32041665863978824,0.036047236486818485,0.6543917830041052,0.0,4.5,False,7.9858999233692884,20,0.18122040547760565,-0.033413135077805856,0.1,60,-64.64484405517578,24.470991134643555,0.004347638933335153,0.0,-51.36998815531822,24.54128973433948,0.002779010405088803,4.425000000000005,0,[]
632,31.6,-64.64484405517578,24.470991134643555,0.0027785056137527423,0.0,0.0,0.0,1.0,PlanStatus.FAIL,20,0.18122040547760565,-0.033413135077805856,False,,0.32041665863978824,0.036047236486818485,0.6543917830041052,0.0,4.5,False,7.87630002014339,20,0.18122040547760565,-0.033413135077805856,0.1,60,-64.64484405517578,24.470991134643555,0.004347638933335153,0.0,-51.36998815531822,24.54128973433948,0.002779010405088803,4.425000000000005,0,[]
633,31.650000000000002,-64.64484405517578,24.470991134643555,0.0027785056137527423,0.0,0.0,0.0,1.0,PlanStatus.FAIL,20,0.18122040547760565,-0.033413135077805856,False,,0.32041665863978824,0.036047236486818485,0.6543917830041052,0.0,4.5,False,7.640099851414561,20,0.18122040547760565,-0.033413135077805856,0.1,60,-64.64484405517578,24.470991134643555,0.004347638933335153,0.0,-51.36998815531822,24.54128973433948,0.002779010405088803,4.425000000000005,0,[]
634,31.700000000000003,-64.64484405517578,24.470991134643555,0.0027785056137527423,0.0,0.0,0.0,1.0,PlanStatus.FAIL,20,0.18122040547760565,-0.033413135077805856,False,,0.32041665863978824,0.036047236486818485,0.6543917830041052,0.0,4.5,False,7.994000101462007,20,0.18122040547760565,-0.033413135077805856,0.1,60,-64.64484405517578,24.470991134643555,0.004347638933335153,0.0,-51.36998815531822,24.54128973433948,0.002779010405088803,4.425000000000005,0,[]
635,31.75,-64.64484405517578,24.470991134643555,0.0027785056137527423,0.0,0.0,0.0,1.0,PlanStatus.FAIL,20,0.18122040547760565,-0.033413135077805856,False,,0.32041665863978824,0.036047236486818485,0.6543917830041052,0.0,4.5,False,7.720299996435642,20,0.18122040547760565,-0.033413135077805856,0.1,60,-64.64484405517578,24.470991134643555,0.004347638933335153,0.0,-51.36998815531822,24.54128973433948,0.002779010405088803,4.425000000000005,0,[]
636,31.8,-64.64484405517578,24.470991134643555,0.0027785056137527423,0.0,0.0,0.0,1.0,PlanStatus.FAIL,20,0.18122040547760565,-0.033413135077805856,False,,0.32041665863978824,0.036047236486818485,0.6543917830041052,0.0,4.5,False,8.547100005671382,20,0.18122040547760565,-0.033413135077805856,0.1,60,-64.64484405517578,24.470991134643555,0.004347638933335153,0.0,-51.36998815531822,24.54128973433948,0.002779010405088803,4.425000000000005,0,[]
637,31.85,-64.64484405517578,24.470991134643555,0.0027785056137527423,0.0,0.0,0.0,1.0,PlanStatus.FAIL,20,0.18122040547760565,-0.033413135077805856,False,,0.32041665863978824,0.036047236486818485,0.6543917830041052,0.0,4.5,False,8.765500038862228,20,0.18122040547760565,-0.033413135077805856,0.1,60,-64.64484405517578,24.470991134643555,0.004347638933335153,0.0,-51.36998815531822,24.54128973433948,0.002779010405088803,4.425000000000005,0,[]
638,31.900000000000002,-64.64484405517578,24.470991134643555,0.0027785056137527423,0.0,0.0,0.0,1.0,PlanStatus.FAIL,20,0.18122040547760565,-0.033413135077805856,False,,0.32041665863978824,0.036047236486818485,0.6543917830041052,0.0,4.5,False,7.96179985627532,20,0.18122040547760565,-0.033413135077805856,0.1,60,-64.64484405517578,24.470991134643555,0.004347638933335153,0.0,-51.36998815531822,24.54128973433948,0.002779010405088803,4.425000000000005,0,[]
639,31.950000000000003,-64.64484405517578,24.470991134643555,0.0027785056137527423,0.0,0.0,0.0,1.0,PlanStatus.FAIL,20,0.18122040547760565,-0.033413135077805856,False,,0.32041665863978824,0.036047236486818485,0.6543917830041052,0.0,4.5,False,7.672799983993173,20,0.18122040547760565,-0.033413135077805856,0.1,60,-64.64484405517578,24.470991134643555,0.004347638933335153,0.0,-51.36998815531822,24.54128973433948,0.002779010405088803,4.425000000000005,0,[]
640,32.0,-64.64484405517578,24.470991134643555,0.0027785056137527423,0.0,0.0,0.0,1.0,PlanStatus.FAIL,20,0.18122040547760565,-0.033413135077805856,False,,0.32041665863978824,0.036047236486818485,0.6543917830041052,0.0,4.5,False,7.5744998175650835,20,0.18122040547760565,-0.033413135077805856,0.1,60,-64.64484405517578,24.470991134643555,0.004347638933335153,0.0,-51.36998815531822,24.54128973433948,0.002779010405088803,4.425000000000005,0,[]
641,32.050000000000004,-64.64484405517578,24.470991134643555,0.0027785056137527423,0.0,0.0,0.0,1.0,PlanStatus.FAIL,20,0.18122040547760565,-0.033413135077805856,False,,0.32041665863978824,0.036047236486818485,0.6543917830041052,0.0,4.5,False,8.46419995650649,20,0.18122040547760565,-0.033413135077805856,0.1,60,-64.64484405517578,24.470991134643555,0.004347638933335153,0.0,-51.36998815531822,24.54128973433948,0.002779010405088803,4.425000000000005,0,[]
642,32.1,-64.64484405517578,24.470991134643555,0.0027785056137527423,0.0,0.0,0.0,1.0,PlanStatus.FAIL,20,0.18122040547760565,-0.033413135077805856,False,,0.32041665863978824,0.036047236486818485,0.6543917830041052,0.0,4.5,False,8.841099916025996,20,0.18122040547760565,-0.033413135077805856,0.1,60,-64.64484405517578,24.470991134643555,0.004347638933335153,0.0,-51.36998815531822,24.54128973433948,0.002779010405088803,4.425000000000005,0,[]
643,32.15,-64.64484405517578,24.470991134643555,0.0027785056137527423,0.0,0.0,0.0,1.0,PlanStatus.FAIL,20,0.18122040547760565,-0.033413135077805856,False,,0.32041665863978824,0.036047236486818485,0.6543917830041052,0.0,4.5,False,8.875200059264898,20,0.18122040547760565,-0.033413135077805856,0.1,60,-64.64484405517578,24.470991134643555,0.004347638933335153,0.0,-51.36998815531822,24.54128973433948,0.002779010405088803,4.425000000000005,0,[]
644,32.2,-64.64484405517578,24.470991134643555,0.0027785056137527423,0.0,0.0,0.0,1.0,PlanStatus.FAIL,20,0.18122040547760565,-0.033413135077805856,False,,0.32041665863978824,0.036047236486818485,0.6543917830041052,0.0,4.5,False,8.145200088620186,20,0.18122040547760565,-0.033413135077805856,0.1,60,-64.64484405517578,24.470991134643555,0.004347638933335153,0.0,-51.36998815531822,24.54128973433948,0.002779010405088803,4.425000000000005,0,[]
645,32.25,-64.64484405517578,24.470991134643555,0.0027785056137527423,0.0,0.0,0.0,1.0,PlanStatus.FAIL,20,0.18122040547760565,-0.033413135077805856,False,,0.32041665863978824,0.036047236486818485,0.6543917830041052,0.0,4.5,False,7.891400018706918,20,0.18122040547760565,-0.033413135077805856,0.1,60,-64.64484405517578,24.470991134643555,0.004347638933335153,0.0,-51.36998815531822,24.54128973433948,0.002779010405088803,4.425000000000005,0,[]
646,32.300000000000004,-64.64484405517578,24.470991134643555,0.0027785056137527423,0.0,0.0,0.0,1.0,PlanStatus.FAIL,20,0.18122040547760565,-0.033413135077805856,False,,0.32041665863978824,0.036047236486818485,0.6543917830041052,0.0,4.5,False,8.03759996779263,20,0.18122040547760565,-0.033413135077805856,0.1,60,-64.64484405517578,24.470991134643555,0.004347638933335153,0.0,-51.36998815531822,24.54128973433948,0.002779010405088803,4.425000000000005,0,[]
647,32.35,-64.64484405517578,24.470991134643555,0.0027785056137527423,0.0,0.0,0.0,1.0,PlanStatus.FAIL,20,0.18122040547760565,-0.033413135077805856,False,,0.32041665863978824,0.036047236486818485,0.6543917830041052,0.0,4.5,False,7.642199983820319,20,0.18122040547760565,-0.033413135077805856,0.1,60,-64.64484405517578,24.470991134643555,0.004347638933335153,0.0,-51.36998815531822,24.54128973433948,0.002779010405088803,4.425000000000005,0,[]
648,32.4,-64.64484405517578,24.470991134643555,0.0027785056137527423,0.0,0.0,0.0,1.0,PlanStatus.FAIL,20,0.18122040547760565,-0.033413135077805856,False,,0.32041665863978824,0.036047236486818485,0.6543917830041052,0.0,4.5,False,7.370299892500043,20,0.18122040547760565,-0.033413135077805856,0.1,60,-64.64484405517578,24.470991134643555,0.004347638933335153,0.0,-51.36998815531822,24.54128973433948,0.002779010405088803,4.425000000000005,0,[]
649,32.45,-64.64484405517578,24.470991134643555,0.0027785056137527423,0.0,0.0,0.0,1.0,PlanStatus.FAIL,20,0.18122040547760565,-0.033413135077805856,False,,0.32041665863978824,0.036047236486818485,0.6543917830041052,0.0,4.5,False,8.027100004255772,20,0.18122040547760565,-0.033413135077805856,0.1,60,-64.64484405517578,24.470991134643555,0.004347638933335153,0.0,-51.36998815531822,24.54128973433948,0.002779010405088803,4.425000000000005,0,[]
650,32.5,-64.64484405517578,24.470991134643555,0.0027785056137527423,0.0,0.0,0.0,1.0,PlanStatus.FAIL,20,0.18122040547760565,-0.033413135077805856,False,,0.32041665863978824,0.036047236486818485,0.6543917830041052,0.0,4.5,False,7.734799990430474,20,0.18122040547760565,-0.033413135077805856,0.1,60,-64.64484405517578,24.470991134643555,0.004347638933335153,0.0,-51.36998815531822,24.54128973433948,0.002779010405088803,4.425000000000005,0,[]
651,32.550000000000004,-64.64484405517578,24.470991134643555,0.0027785056137527423,0.0,0.0,0.0,1.0,PlanStatus.FAIL,20,0.18122040547760565,-0.033413135077805856,False,,0.32041665863978824,0.036047236486818485,0.6543917830041052,0.0,4.5,False,9.68550005927682,20,0.18122040547760565,-0.033413135077805856,0.1,60,-64.64484405517578,24.470991134643555,0.004347638933335153,0.0,-51.36998815531822,24.54128973433948,0.002779010405088803,4.425000000000005,0,[]
652,32.6,-64.64484405517578,24.470991134643555,0.0027785056137527423,0.0,0.0,0.0,1.0,PlanStatus.FAIL,20,0.18122040547760565,-0.033413135077805856,False,,0.32041665863978824,0.036047236486818485,0.6543917830041052,0.0,4.5,False,7.704899879172444,20,0.18122040547760565,-0.033413135077805856,0.1,60,-64.64484405517578,24.470991134643555,0.004347638933335153,0.0,-51.36998815531822,24.54128973433948,0.002779010405088803,4.425000000000005,0,[]
653,32.65,-64.64484405517578,24.470991134643555,0.0027785056137527423,0.0,0.0,0.0,1.0,PlanStatus.FAIL,20,0.18122040547760565,-0.033413135077805856,False,,0.32041665863978824,0.036047236486818485,0.6543917830041052,0.0,4.5,False,7.6518000569194555,20,0.18122040547760565,-0.033413135077805856,0.1,60,-64.64484405517578,24.470991134643555,0.004347638933335153,0.0,-51.36998815531822,24.54128973433948,0.002779010405088803,4.425000000000005,0,[]
654,32.7,-64.64484405517578,24.470991134643555,0.0027785056137527423,0.0,0.0,0.0,1.0,PlanStatus.FAIL,20,0.18122040547760565,-0.033413135077805856,False,,0.32041665863978824,0.036047236486818485,0.6543917830041052,0.0,4.5,False,8.084399858489633,20,0.18122040547760565,-0.033413135077805856,0.1,60,-64.64484405517578,24.470991134643555,0.004347638933335153,0.0,-51.36998815531822,24.54128973433948,0.002779010405088803,4.425000000000005,0,[]
655,32.75,-64.64484405517578,24.470991134643555,0.0027785056137527423,0.0,0.0,0.0,1.0,PlanStatus.FAIL,20,0.18122040547760565,-0.033413135077805856,False,,0.32041665863978824,0.036047236486818485,0.6543917830041052,0.0,4.5,False,7.704700110480189,20,0.18122040547760565,-0.033413135077805856,0.1,60,-64.64484405517578,24.470991134643555,0.004347638933335153,0.0,-51.36998815531822,24.54128973433948,0.002779010405088803,4.425000000000005,0,[]
656,32.800000000000004,-64.64484405517578,24.470991134643555,0.0027785056137527423,0.0,0.0,0.0,1.0,PlanStatus.FAIL,20,0.18122040547760565,-0.033413135077805856,False,,0.32041665863978824,0.036047236486818485,0.6543917830041052,0.0,4.5,False,8.765399921685457,20,0.18122040547760565,-0.033413135077805856,0.1,60,-64.64484405517578,24.470991134643555,0.004347638933335153,0.0,-51.36998815531822,24.54128973433948,0.002779010405088803,4.425000000000005,0,[]
657,32.85,-64.64484405517578,24.470991134643555,0.0027785056137527423,0.0,0.0,0.0,1.0,PlanStatus.FAIL,20,0.18122040547760565,-0.033413135077805856,False,,0.32041665863978824,0.036047236486818485,0.6543917830041052,0.0,4.5,False,7.960099959746003,20,0.18122040547760565,-0.033413135077805856,0.1,60,-64.64484405517578,24.470991134643555,0.004347638933335153,0.0,-51.36998815531822,24.54128973433948,0.002779010405088803,4.425000000000005,0,[]
658,32.9,-64.64484405517578,24.470991134643555,0.0027785056137527423,0.0,0.0,0.0,1.0,PlanStatus.FAIL,20,0.18122040547760565,-0.033413135077805856,False,,0.32041665863978824,0.036047236486818485,0.6543917830041052,0.0,4.5,False,8.048000046983361,20,0.18122040547760565,-0.033413135077805856,0.1,60,-64.64484405517578,24.470991134643555,0.004347638933335153,0.0,-51.36998815531822,24.54128973433948,0.002779010405088803,4.425000000000005,0,[]
659,32.95,-64.64484405517578,24.470991134643555,0.0027785056137527423,0.0,0.0,0.0,1.0,PlanStatus.FAIL,20,0.18122040547760565,-0.033413135077805856,False,,0.32041665863978824,0.036047236486818485,0.6543917830041052,0.0,4.5,False,7.806999841704965,20,0.18122040547760565,-0.033413135077805856,0.1,60,-64.64484405517578,24.470991134643555,0.004347638933335153,0.0,-51.36998815531822,24.54128973433948,0.002779010405088803,4.425000000000005,0,[]
660,33.0,-64.64484405517578,24.470991134643555,0.0027785056137527423,0.0,0.0,0.0,1.0,PlanStatus.FAIL,20,0.18122040547760565,-0.033413135077805856,False,,0.32041665863978824,0.036047236486818485,0.6543917830041052,0.0,4.5,False,8.039799984544516,20,0.18122040547760565,-0.033413135077805856,0.1,60,-64.64484405517578,24.470991134643555,0.004347638933335153,0.0,-51.36998815531822,24.54128973433948,0.002779010405088803,4.425000000000005,0,[]
661,33.050000000000004,-64.64484405517578,24.470991134643555,0.0027785056137527423,0.0,0.0,0.0,1.0,PlanStatus.FAIL,20,0.18122040547760565,-0.033413135077805856,False,,0.32041665863978824,0.036047236486818485,0.6543917830041052,0.0,4.5,False,7.368999999016523,20,0.18122040547760565,-0.033413135077805856,0.1,60,-64.64484405517578,24.470991134643555,0.004347638933335153,0.0,-51.36998815531822,24.54128973433948,0.002779010405088803,4.425000000000005,0,[]
662,33.1,-64.64484405517578,24.470991134643555,0.0027785056137527423,0.0,0.0,0.0,1.0,PlanStatus.FAIL,20,0.18122040547760565,-0.033413135077805856,False,,0.32041665863978824,0.036047236486818485,0.6543917830041052,0.0,4.5,False,7.779500214383006,20,0.18122040547760565,-0.033413135077805856,0.1,60,-64.64484405517578,24.470991134643555,0.004347638933335153,0.0,-51.36998815531822,24.54128973433948,0.002779010405088803,4.425000000000005,0,[]
663,33.15,-64.64484405517578,24.470991134643555,0.0027785056137527423,0.0,0.0,0.0,1.0,PlanStatus.FAIL,20,0.18122040547760565,-0.033413135077805856,False,,0.32041665863978824,0.036047236486818485,0.6543917830041052,0.0,4.5,False,8.162100100889802,20,0.18122040547760565,-0.033413135077805856,0.1,60,-64.64484405517578,24.470991134643555,0.004347638933335153,0.0,-51.36998815531822,24.54128973433948,0.002779010405088803,4.425000000000005,0,[]
664,33.2,-64.64484405517578,24.470991134643555,0.0027785056137527423,0.0,0.0,0.0,1.0,PlanStatus.FAIL,20,0.18122040547760565,-0.033413135077805856,False,,0.32041665863978824,0.036047236486818485,0.6543917830041052,0.0,4.5,False,8.834099862724543,20,0.18122040547760565,-0.033413135077805856,0.1,60,-64.64484405517578,24.470991134643555,0.004347638933335153,0.0,-51.36998815531822,24.54128973433948,0.002779010405088803,4.425000000000005,0,[]
665,33.25,-64.64484405517578,24.470991134643555,0.0027785056137527423,0.0,0.0,0.0,1.0,PlanStatus.FAIL,20,0.18122040547760565,-0.033413135077805856,False,,0.32041665863978824,0.036047236486818485,0.6543917830041052,0.0,4.5,False,7.621499942615628,20,0.18122040547760565,-0.033413135077805856,0.1,60,-64.64484405517578,24.470991134643555,0.004347638933335153,0.0,-51.36998815531822,24.54128973433948,0.002779010405088803,4.425000000000005,0,[]
666,33.300000000000004,-64.64484405517578,24.470991134643555,0.0027785056137527423,0.0,0.0,0.0,1.0,PlanStatus.FAIL,20,0.18122040547760565,-0.033413135077805856,False,,0.32041665863978824,0.036047236486818485,0.6543917830041052,0.0,4.5,False,7.3449998162686825,20,0.18122040547760565,-0.033413135077805856,0.1,60,-64.64484405517578,24.470991134643555,0.004347638933335153,0.0,-51.36998815531822,24.54128973433948,0.002779010405088803,4.425000000000005,0,[]
667,33.35,-64.64484405517578,24.470991134643555,0.0027785056137527423,0.0,0.0,0.0,1.0,PlanStatus.FAIL,20,0.18122040547760565,-0.033413135077805856,False,,0.32041665863978824,0.036047236486818485,0.6543917830041052,0.0,4.5,False,8.180100005120039,20,0.18122040547760565,-0.033413135077805856,0.1,60,-64.64484405517578,24.470991134643555,0.004347638933335153,0.0,-51.36998815531822,24.54128973433948,0.002779010405088803,4.425000000000005,0,[]
668,33.4,-64.64484405517578,24.470991134643555,0.0027785056137527423,0.0,0.0,0.0,1.0,PlanStatus.FAIL,20,0.18122040547760565,-0.033413135077805856,False,,0.32041665863978824,0.036047236486818485,0.6543917830041052,0.0,4.5,False,7.834699936211109,20,0.18122040547760565,-0.033413135077805856,0.1,60,-64.64484405517578,24.470991134643555,0.004347638933335153,0.0,-51.36998815531822,24.54128973433948,0.002779010405088803,4.425000000000005,0,[]
669,33.45,-64.64484405517578,24.470991134643555,0.0027785056137527423,0.0,0.0,0.0,1.0,PlanStatus.FAIL,20,0.18122040547760565,-0.033413135077805856,False,,0.32041665863978824,0.036047236486818485,0.6543917830041052,0.0,4.5,False,8.970899973064661,20,0.18122040547760565,-0.033413135077805856,0.1,60,-64.64484405517578,24.470991134643555,0.004347638933335153,0.0,-51.36998815531822,24.54128973433948,0.002779010405088803,4.425000000000005,0,[]
670,33.5,-64.64484405517578,24.470991134643555,0.0027785056137527423,0.0,0.0,0.0,1.0,PlanStatus.FAIL,20,0.18122040547760565,-0.033413135077805856,False,,0.32041665863978824,0.036047236486818485,0.6543917830041052,0.0,4.5,False,9.000000078231096,20,0.18122040547760565,-0.033413135077805856,0.1,60,-64.64484405517578,24.470991134643555,0.004347638933335153,0.0,-51.36998815531822,24.54128973433948,0.002779010405088803,4.425000000000005,0,[]
671,33.550000000000004,-64.64484405517578,24.470991134643555,0.0027785056137527423,0.0,0.0,0.0,1.0,PlanStatus.FAIL,20,0.18122040547760565,-0.033413135077805856,False,,0.32041665863978824,0.036047236486818485,0.6543917830041052,0.0,4.5,False,7.751900004222989,20,0.18122040547760565,-0.033413135077805856,0.1,60,-64.64484405517578,24.470991134643555,0.004347638933335153,0.0,-51.36998815531822,24.54128973433948,0.002779010405088803,4.425000000000005,0,[]
672,33.6,-64.64484405517578,24.470991134643555,0.0027785056137527423,0.0,0.0,0.0,1.0,PlanStatus.FAIL,20,0.18122040547760565,-0.033413135077805856,False,,0.32041665863978824,0.036047236486818485,0.6543917830041052,0.0,4.5,False,7.5327998492866755,20,0.18122040547760565,-0.033413135077805856,0.1,60,-64.64484405517578,24.470991134643555,0.004347638933335153,0.0,-51.36998815531822,24.54128973433948,0.002779010405088803,4.425000000000005,0,[]
673,33.65,-64.64484405517578,24.470991134643555,0.0027785056137527423,0.0,0.0,0.0,1.0,PlanStatus.FAIL,20,0.18122040547760565,-0.033413135077805856,False,,0.32041665863978824,0.036047236486818485,0.6543917830041052,0.0,4.5,False,8.511099964380264,20,0.18122040547760565,-0.033413135077805856,0.1,60,-64.64484405517578,24.470991134643555,0.004347638933335153,0.0,-51.36998815531822,24.54128973433948,0.002779010405088803,4.425000000000005,0,[]
674,33.7,-64.64484405517578,24.470991134643555,0.0027785056137527423,0.0,0.0,0.0,1.0,PlanStatus.FAIL,20,0.18122040547760565,-0.033413135077805856,False,,0.32041665863978824,0.036047236486818485,0.6543917830041052,0.0,4.5,False,7.926899939775467,20,0.18122040547760565,-0.033413135077805856,0.1,60,-64.64484405517578,24.470991134643555,0.004347638933335153,0.0,-51.36998815531822,24.54128973433948,0.002779010405088803,4.425000000000005,0,[]
675,33.75,-64.64484405517578,24.470991134643555,0.0027785056137527423,0.0,0.0,0.0,1.0,PlanStatus.FAIL,20,0.18122040547760565,-0.033413135077805856,False,,0.32041665863978824,0.036047236486818485,0.6543917830041052,0.0,4.5,False,7.821900071576238,20,0.18122040547760565,-0.033413135077805856,0.1,60,-64.64484405517578,24.470991134643555,0.004347638933335153,0.0,-51.36998815531822,24.54128973433948,0.002779010405088803,4.425000000000005,0,[]
676,33.800000000000004,-64.64484405517578,24.470991134643555,0.0027785056137527423,0.0,0.0,0.0,1.0,PlanStatus.FAIL,20,0.18122040547760565,-0.033413135077805856,False,,0.32041665863978824,0.036047236486818485,0.6543917830041052,0.0,4.5,False,7.485699839890003,20,0.18122040547760565,-0.033413135077805856,0.1,60,-64.64484405517578,24.470991134643555,0.004347638933335153,0.0,-51.36998815531822,24.54128973433948,0.002779010405088803,4.425000000000005,0,[]
677,33.85,-64.64484405517578,24.470991134643555,0.0027785056137527423,0.0,0.0,0.0,1.0,PlanStatus.FAIL,20,0.18122040547760565,-0.033413135077805856,False,,0.32041665863978824,0.036047236486818485,0.6543917830041052,0.0,4.5,False,7.577599957585335,20,0.18122040547760565,-0.033413135077805856,0.1,60,-64.64484405517578,24.470991134643555,0.004347638933335153,0.0,-51.36998815531822,24.54128973433948,0.002779010405088803,4.425000000000005,0,[]
678,33.9,-64.64484405517578,24.470991134643555,0.0027785056137527423,0.0,0.0,0.0,1.0,PlanStatus.FAIL,20,0.18122040547760565,-0.033413135077805856,False,,0.32041665863978824,0.036047236486818485,0.6543917830041052,0.0,4.5,False,7.908300030976534,20,0.18122040547760565,-0.033413135077805856,0.1,60,-64.64484405517578,24.470991134643555,0.004347638933335153,0.0,-51.36998815531822,24.54128973433948,0.002779010405088803,4.425000000000005,0,[]
679,33.95,-64.64484405517578,24.470991134643555,0.0027785056137527423,0.0,0.0,0.0,1.0,PlanStatus.FAIL,20,0.18122040547760565,-0.033413135077805856,False,,0.32041665863978824,0.036047236486818485,0.6543917830041052,0.0,4.5,False,7.694000145420432,20,0.18122040547760565,-0.033413135077805856,0.1,60,-64.64484405517578,24.470991134643555,0.004347638933335153,0.0,-51.36998815531822,24.54128973433948,0.002779010405088803,4.425000000000005,0,[]
680,34.0,-64.64484405517578,24.470991134643555,0.0027785056137527423,0.0,0.0,0.0,1.0,PlanStatus.FAIL,20,0.18122040547760565,-0.033413135077805856,False,,0.32041665863978824,0.036047236486818485,0.6543917830041052,0.0,4.5,False,8.574799867346883,20,0.18122040547760565,-0.033413135077805856,0.1,60,-64.64484405517578,24.470991134643555,0.004347638933335153,0.0,-51.36998815531822,24.54128973433948,0.002779010405088803,4.425000000000005,0,[]
681,34.050000000000004,-64.64484405517578,24.470991134643555,0.0027785056137527423,0.0,0.0,0.0,1.0,PlanStatus.FAIL,20,0.18122040547760565,-0.033413135077805856,False,,0.32041665863978824,0.036047236486818485,0.6543917830041052,0.0,4.5,False,7.545700063928962,20,0.18122040547760565,-0.033413135077805856,0.1,60,-64.64484405517578,24.470991134643555,0.004347638933335153,0.0,-51.36998815531822,24.54128973433948,0.002779010405088803,4.425000000000005,0,[]
682,34.1,-64.64484405517578,24.470991134643555,0.0027785056137527423,0.0,0.0,0.0,1.0,PlanStatus.FAIL,20,0.18122040547760565,-0.033413135077805856,False,,0.32041665863978824,0.036047236486818485,0.6543917830041052,0.0,4.5,False,8.835499873384833,20,0.18122040547760565,-0.033413135077805856,0.1,60,-64.64484405517578,24.470991134643555,0.004347638933335153,0.0,-51.36998815531822,24.54128973433948,0.002779010405088803,4.425000000000005,0,[]
683,34.15,-64.64484405517578,24.470991134643555,0.0027785056137527423,0.0,0.0,0.0,1.0,PlanStatus.FAIL,20,0.18122040547760565,-0.033413135077805856,False,,0.32041665863978824,0.036047236486818485,0.6543917830041052,0.0,4.5,False,8.397200144827366,20,0.18122040547760565,-0.033413135077805856,0.1,60,-64.64484405517578,24.470991134643555,0.004347638933335153,0.0,-51.36998815531822,24.54128973433948,0.002779010405088803,4.425000000000005,0,[]
684,34.2,-64.64484405517578,24.470991134643555,0.0027785056137527423,0.0,0.0,0.0,1.0,PlanStatus.FAIL,20,0.18122040547760565,-0.033413135077805856,False,,0.32041665863978824,0.036047236486818485,0.6543917830041052,0.0,4.5,False,7.906500017270446,20,0.18122040547760565,-0.033413135077805856,0.1,60,-64.64484405517578,24.470991134643555,0.004347638933335153,0.0,-51.36998815531822,24.54128973433948,0.002779010405088803,4.425000000000005,0,[]
685,34.25,-64.64484405517578,24.470991134643555,0.0027785056137527423,0.0,0.0,0.0,1.0,PlanStatus.FAIL,20,0.18122040547760565,-0.033413135077805856,False,,0.32041665863978824,0.036047236486818485,0.6543917830041052,0.0,4.5,False,7.9662001226097345,20,0.18122040547760565,-0.033413135077805856,0.1,60,-64.64484405517578,24.470991134643555,0.004347638933335153,0.0,-51.36998815531822,24.54128973433948,0.002779010405088803,4.425000000000005,0,[]
686,34.300000000000004,-64.64484405517578,24.470991134643555,0.0027785056137527423,0.0,0.0,0.0,1.0,PlanStatus.FAIL,20,0.18122040547760565,-0.033413135077805856,False,,0.32041665863978824,0.036047236486818485,0.6543917830041052,0.0,4.5,False,8.123199921101332,20,0.18122040547760565,-0.033413135077805856,0.1,60,-64.64484405517578,24.470991134643555,0.004347638933335153,0.0,-51.36998815531822,24.54128973433948,0.002779010405088803,4.425000000000005,0,[]
687,34.35,-64.64484405517578,24.470991134643555,0.0027785056137527423,0.0,0.0,0.0,1.0,PlanStatus.FAIL,20,0.18122040547760565,-0.033413135077805856,False,,0.32041665863978824,0.036047236486818485,0.6543917830041052,0.0,4.5,False,7.908100029453635,20,0.18122040547760565,-0.033413135077805856,0.1,60,-64.64484405517578,24.470991134643555,0.004347638933335153,0.0,-51.36998815531822,24.54128973433948,0.002779010405088803,4.425000000000005,0,[]
688,34.4,-64.64484405517578,24.470991134643555,0.0027785056137527423,0.0,0.0,0.0,1.0,PlanStatus.FAIL,20,0.18122040547760565,-0.033413135077805856,False,,0.32041665863978824,0.036047236486818485,0.6543917830041052,0.0,4.5,False,7.8003001399338245,20,0.18122040547760565,-0.033413135077805856,0.1,60,-64.64484405517578,24.470991134643555,0.004347638933335153,0.0,-51.36998815531822,24.54128973433948,0.002779010405088803,4.425000000000005,0,[]
689,34.45,-64.64484405517578,24.470991134643555,0.0027785056137527423,0.0,0.0,0.0,1.0,PlanStatus.FAIL,20,0.18122040547760565,-0.033413135077805856,False,,0.32041665863978824,0.036047236486818485,0.6543917830041052,0.0,4.5,False,8.357400074601173,20,0.18122040547760565,-0.033413135077805856,0.1,60,-64.64484405517578,24.470991134643555,0.004347638933335153,0.0,-51.36998815531822,24.54128973433948,0.002779010405088803,4.425000000000005,0,[]
690,34.5,-64.64484405517578,24.470991134643555,0.0027785056137527423,0.0,0.0,0.0,1.0,PlanStatus.FAIL,20,0.18122040547760565,-0.033413135077805856,False,,0.32041665863978824,0.036047236486818485,0.6543917830041052,0.0,4.5,False,8.739300072193146,20,0.18122040547760565,-0.033413135077805856,0.1,60,-64.64484405517578,24.470991134643555,0.004347638933335153,0.0,-51.36998815531822,24.54128973433948,0.002779010405088803,4.425000000000005,0,[]
691,34.550000000000004,-64.64484405517578,24.470991134643555,0.0027785056137527423,0.0,0.0,0.0,1.0,PlanStatus.FAIL,20,0.18122040547760565,-0.033413135077805856,False,,0.32041665863978824,0.036047236486818485,0.6543917830041052,0.0,4.5,False,7.964499993249774,20,0.18122040547760565,-0.033413135077805856,0.1,60,-64.64484405517578,24.470991134643555,0.004347638933335153,0.0,-51.36998815531822,24.54128973433948,0.002779010405088803,4.425000000000005,0,[]
692,34.6,-64.64484405517578,24.470991134643555,0.0027785056137527423,0.0,0.0,0.0,1.0,PlanStatus.FAIL,20,0.18122040547760565,-0.033413135077805856,False,,0.32041665863978824,0.036047236486818485,0.6543917830041052,0.0,4.5,False,8.727199863642454,20,0.18122040547760565,-0.033413135077805856,0.1,60,-64.64484405517578,24.470991134643555,0.004347638933335153,0.0,-51.36998815531822,24.54128973433948,0.002779010405088803,4.425000000000005,0,[]
693,34.65,-64.64484405517578,24.470991134643555,0.0027785056137527423,0.0,0.0,0.0,1.0,PlanStatus.FAIL,20,0.18122040547760565,-0.033413135077805856,False,,0.32041665863978824,0.036047236486818485,0.6543917830041052,0.0,4.5,False,7.706900127232075,20,0.18122040547760565,-0.033413135077805856,0.1,60,-64.64484405517578,24.470991134643555,0.004347638933335153,0.0,-51.36998815531822,24.54128973433948,0.002779010405088803,4.425000000000005,0,[]
694,34.7,-64.64484405517578,24.470991134643555,0.0027785056137527423,0.0,0.0,0.0,1.0,PlanStatus.FAIL,20,0.18122040547760565,-0.033413135077805856,False,,0.32041665863978824,0.036047236486818485,0.6543917830041052,0.0,4.5,False,8.48970003426075,20,0.18122040547760565,-0.033413135077805856,0.1,60,-64.64484405517578,24.470991134643555,0.004347638933335153,0.0,-51.36998815531822,24.54128973433948,0.002779010405088803,4.425000000000005,0,[]
695,34.75,-64.64484405517578,24.470991134643555,0.0027785056137527423,0.0,0.0,0.0,1.0,PlanStatus.FAIL,20,0.18122040547760565,-0.033413135077805856,False,,0.32041665863978824,0.036047236486818485,0.6543917830041052,0.0,4.5,False,8.041499881073833,20,0.18122040547760565,-0.033413135077805856,0.1,60,-64.64484405517578,24.470991134643555,0.004347638933335153,0.0,-51.36998815531822,24.54128973433948,0.002779010405088803,4.425000000000005,0,[]
696,34.800000000000004,-64.64484405517578,24.470991134643555,0.0027785056137527423,0.0,0.0,0.0,1.0,PlanStatus.FAIL,20,0.18122040547760565,-0.033413135077805856,False,,0.32041665863978824,0.036047236486818485,0.6543917830041052,0.0,4.5,False,7.50760012306273,20,0.18122040547760565,-0.033413135077805856,0.1,60,-64.64484405517578,24.470991134643555,0.004347638933335153,0.0,-51.36998815531822,24.54128973433948,0.002779010405088803,4.425000000000005,0,[]
697,34.85,-64.64484405517578,24.470991134643555,0.0027785056137527423,0.0,0.0,0.0,1.0,PlanStatus.FAIL,20,0.18122040547760565,-0.033413135077805856,False,,0.32041665863978824,0.036047236486818485,0.6543917830041052,0.0,4.5,False,8.511600084602833,20,0.18122040547760565,-0.033413135077805856,0.1,60,-64.64484405517578,24.470991134643555,0.004347638933335153,0.0,-51.36998815531822,24.54128973433948,0.002779010405088803,4.425000000000005,0,[]
698,34.9,-64.64484405517578,24.470991134643555,0.0027785056137527423,0.0,0.0,0.0,1.0,PlanStatus.FAIL,20,0.18122040547760565,-0.033413135077805856,False,,0.32041665863978824,0.036047236486818485,0.6543917830041052,0.0,4.5,False,8.307799929752946,20,0.18122040547760565,-0.033413135077805856,0.1,60,-64.64484405517578,24.470991134643555,0.004347638933335153,0.0,-51.36998815531822,24.54128973433948,0.002779010405088803,4.425000000000005,0,[]
699,34.95,-64.64484405517578,24.470991134643555,0.0027785056137527423,0.0,0.0,0.0,1.0,PlanStatus.FAIL,20,0.18122040547760565,-0.033413135077805856,False,,0.32041665863978824,0.036047236486818485,0.6543917830041052,0.0,4.5,False,8.49099992774427,20,0.18122040547760565,-0.033413135077805856,0.1,60,-64.64484405517578,24.470991134643555,0.004347638933335153,0.0,-51.36998815531822,24.54128973433948,0.002779010405088803,4.425000000000005,0,[]
700,35.0,-64.64484405517578,24.470991134643555,0.0027785056137527423,0.0,0.0,0.0,1.0,PlanStatus.FAIL,20,0.18122040547760565,-0.033413135077805856,False,,0.32041665863978824,0.036047236486818485,0.6543917830041052,0.0,4.5,False,8.274999912828207,20,0.18122040547760565,-0.033413135077805856,0.1,60,-64.64484405517578,24.470991134643555,0.004347638933335153,0.0,-51.36998815531822,24.54128973433948,0.002779010405088803,4.425000000000005,0,[]
701,35.050000000000004,-64.64484405517578,24.470991134643555,0.0027785056137527423,0.0,0.0,0.0,1.0,PlanStatus.FAIL,20,0.18122040547760565,-0.033413135077805856,False,,0.32041665863978824,0.036047236486818485,0.6543917830041052,0.0,4.5,False,9.057400049641728,20,0.18122040547760565,-0.033413135077805856,0.1,60,-64.64484405517578,24.470991134643555,0.004347638933335153,0.0,-51.36998815531822,24.54128973433948,0.002779010405088803,4.425000000000005,0,[]
702,35.1,-64.64484405517578,24.470991134643555,0.0027785056137527423,0.0,0.0,0.0,1.0,PlanStatus.FAIL,20,0.18122040547760565,-0.033413135077805856,False,,0.32041665863978824,0.036047236486818485,0.6543917830041052,0.0,4.5,False,8.42590001411736,20,0.18122040547760565,-0.033413135077805856,0.1,60,-64.64484405517578,24.470991134643555,0.004347638933335153,0.0,-51.36998815531822,24.54128973433948,0.002779010405088803,4.425000000000005,0,[]
703,35.15,-64.64484405517578,24.470991134643555,0.0027785056137527423,0.0,0.0,0.0,1.0,PlanStatus.FAIL,20,0.18122040547760565,-0.033413135077805856,False,,0.32041665863978824,0.036047236486818485,0.6543917830041052,0.0,4.5,False,8.74709989875555,20,0.18122040547760565,-0.033413135077805856,0.1,60,-64.64484405517578,24.470991134643555,0.004347638933335153,0.0,-51.36998815531822,24.54128973433948,0.002779010405088803,4.425000000000005,0,[]
704,35.2,-64.64484405517578,24.470991134643555,0.0027785056137527423,0.0,0.0,0.0,1.0,PlanStatus.FAIL,20,0.18122040547760565,-0.033413135077805856,False,,0.32041665863978824,0.036047236486818485,0.6543917830041052,0.0,4.5,False,7.639700081199408,20,0.18122040547760565,-0.033413135077805856,0.1,60,-64.64484405517578,24.470991134643555,0.004347638933335153,0.0,-51.36998815531822,24.54128973433948,0.002779010405088803,4.425000000000005,0,[]
705,35.25,-64.64484405517578,24.470991134643555,0.0027785056137527423,0.0,0.0,0.0,1.0,PlanStatus.FAIL,20,0.18122040547760565,-0.033413135077805856,False,,0.32041665863978824,0.036047236486818485,0.6543917830041052,0.0,4.5,False,7.796599995344877,20,0.18122040547760565,-0.033413135077805856,0.1,60,-64.64484405517578,24.470991134643555,0.004347638933335153,0.0,-51.36998815531822,24.54128973433948,0.002779010405088803,4.425000000000005,0,[]
706,35.300000000000004,-64.64484405517578,24.470991134643555,0.0027785056137527423,0.0,0.0,0.0,1.0,PlanStatus.FAIL,20,0.18122040547760565,-0.033413135077805856,False,,0.32041665863978824,0.036047236486818485,0.6543917830041052,0.0,4.5,False,7.772499928250909,20,0.18122040547760565,-0.033413135077805856,0.1,60,-64.64484405517578,24.470991134643555,0.004347638933335153,0.0,-51.36998815531822,24.54128973433948,0.002779010405088803,4.425000000000005,0,[]
707,35.35,-64.64484405517578,24.470991134643555,0.0027785056137527423,0.0,0.0,0.0,1.0,PlanStatus.FAIL,20,0.18122040547760565,-0.033413135077805856,False,,0.32041665863978824,0.036047236486818485,0.6543917830041052,0.0,4.5,False,8.024899987503886,20,0.18122040547760565,-0.033413135077805856,0.1,60,-64.64484405517578,24.470991134643555,0.004347638933335153,0.0,-51.36998815531822,24.54128973433948,0.002779010405088803,4.425000000000005,0,[]
708,35.4,-64.64484405517578,24.470991134643555,0.0027785056137527423,0.0,0.0,0.0,1.0,PlanStatus.FAIL,20,0.18122040547760565,-0.033413135077805856,False,,0.32041665863978824,0.036047236486818485,0.6543917830041052,0.0,4.5,False,8.361299987882376,20,0.18122040547760565,-0.033413135077805856,0.1,60,-64.64484405517578,24.470991134643555,0.004347638933335153,0.0,-51.36998815531822,24.54128973433948,0.002779010405088803,4.425000000000005,0,[]
709,35.45,-64.64484405517578,24.470991134643555,0.0027785056137527423,0.0,0.0,0.0,1.0,PlanStatus.FAIL,20,0.18122040547760565,-0.033413135077805856,False,,0.32041665863978824,0.036047236486818485,0.6543917830041052,0.0,4.5,False,7.831699913367629,20,0.18122040547760565,-0.033413135077805856,0.1,60,-64.64484405517578,24.470991134643555,0.004347638933335153,0.0,-51.36998815531822,24.54128973433948,0.002779010405088803,4.425000000000005,0,[]
710,35.5,-64.64484405517578,24.470991134643555,0.0027785056137527423,0.0,0.0,0.0,1.0,PlanStatus.FAIL,20,0.18122040547760565,-0.033413135077805856,False,,0.32041665863978824,0.036047236486818485,0.6543917830041052,0.0,4.5,False,7.353200111538172,20,0.18122040547760565,-0.033413135077805856,0.1,60,-64.64484405517578,24.470991134643555,0.004347638933335153,0.0,-51.36998815531822,24.54128973433948,0.002779010405088803,4.425000000000005,0,[]
711,35.550000000000004,-64.64484405517578,24.470991134643555,0.0027785056137527423,0.0,0.0,0.0,1.0,PlanStatus.FAIL,20,0.18122040547760565,-0.033413135077805856,False,,0.32041665863978824,0.036047236486818485,0.6543917830041052,0.0,4.5,False,8.212200133129954,20,0.18122040547760565,-0.033413135077805856,0.1,60,-64.64484405517578,24.470991134643555,0.004347638933335153,0.0,-51.36998815531822,24.54128973433948,0.002779010405088803,4.425000000000005,0,[]
712,35.6,-64.64484405517578,24.470991134643555,0.0027785056137527423,0.0,0.0,0.0,1.0,PlanStatus.FAIL,20,0.18122040547760565,-0.033413135077805856,False,,0.32041665863978824,0.036047236486818485,0.6543917830041052,0.0,4.5,False,7.802099920809269,20,0.18122040547760565,-0.033413135077805856,0.1,60,-64.64484405517578,24.470991134643555,0.004347638933335153,0.0,-51.36998815531822,24.54128973433948,0.002779010405088803,4.425000000000005,0,[]
713,35.65,-64.64484405517578,24.470991134643555,0.0027785056137527423,0.0,0.0,0.0,1.0,PlanStatus.FAIL,20,0.18122040547760565,-0.033413135077805856,False,,0.32041665863978824,0.036047236486818485,0.6543917830041052,0.0,4.5,False,7.999700028449297,20,0.18122040547760565,-0.033413135077805856,0.1,60,-64.64484405517578,24.470991134643555,0.004347638933335153,0.0,-51.36998815531822,24.54128973433948,0.002779010405088803,4.425000000000005,0,[]
714,35.7,-64.64484405517578,24.470991134643555,0.0027785056137527423,0.0,0.0,0.0,1.0,PlanStatus.FAIL,20,0.18122040547760565,-0.033413135077805856,False,,0.32041665863978824,0.036047236486818485,0.6543917830041052,0.0,4.5,False,8.22340021841228,20,0.18122040547760565,-0.033413135077805856,0.1,60,-64.64484405517578,24.470991134643555,0.004347638933335153,0.0,-51.36998815531822,24.54128973433948,0.002779010405088803,4.425000000000005,0,[]
715,35.75,-64.64484405517578,24.470991134643555,0.0027785056137527423,0.0,0.0,0.0,1.0,PlanStatus.FAIL,20,0.18122040547760565,-0.033413135077805856,False,,0.32041665863978824,0.036047236486818485,0.6543917830041052,0.0,4.5,False,7.414099993184209,20,0.18122040547760565,-0.033413135077805856,0.1,60,-64.64484405517578,24.470991134643555,0.004347638933335153,0.0,-51.36998815531822,24.54128973433948,0.002779010405088803,4.425000000000005,0,[]
716,35.800000000000004,-64.64484405517578,24.470991134643555,0.0027785056137527423,0.0,0.0,0.0,1.0,PlanStatus.FAIL,20,0.18122040547760565,-0.033413135077805856,False,,0.32041665863978824,0.036047236486818485,0.6543917830041052,0.0,4.5,False,7.123499875888228,20,0.18122040547760565,-0.033413135077805856,0.1,60,-64.64484405517578,24.470991134643555,0.004347638933335153,0.0,-51.36998815531822,24.54128973433948,0.002779010405088803,4.425000000000005,0,[]
717,35.85,-64.64484405517578,24.470991134643555,0.0027785056137527423,0.0,0.0,0.0,1.0,PlanStatus.FAIL,20,0.18122040547760565,-0.033413135077805856,False,,0.32041665863978824,0.036047236486818485,0.6543917830041052,0.0,4.5,False,7.111000129953027,20,0.18122040547760565,-0.033413135077805856,0.1,60,-64.64484405517578,24.470991134643555,0.004347638933335153,0.0,-51.36998815531822,24.54128973433948,0.002779010405088803,4.425000000000005,0,[]
718,35.9,-64.64484405517578,24.470991134643555,0.0027785056137527423,0.0,0.0,0.0,1.0,PlanStatus.FAIL,20,0.18122040547760565,-0.033413135077805856,False,,0.32041665863978824,0.036047236486818485,0.6543917830041052,0.0,4.5,False,8.04489990696311,20,0.18122040547760565,-0.033413135077805856,0.1,60,-64.64484405517578,24.470991134643555,0.004347638933335153,0.0,-51.36998815531822,24.54128973433948,0.002779010405088803,4.425000000000005,0,[]
719,35.95,-64.64484405517578,24.470991134643555,0.0027785056137527423,0.0,0.0,0.0,1.0,PlanStatus.FAIL,20,0.18122040547760565,-0.033413135077805856,False,,0.32041665863978824,0.036047236486818485,0.6543917830041052,0.0,4.5,False,8.35830019786954,20,0.18122040547760565,-0.033413135077805856,0.1,60,-64.64484405517578,24.470991134643555,0.004347638933335153,0.0,-51.36998815531822,24.54128973433948,0.002779010405088803,4.425000000000005,0,[]
720,36.0,-64.64484405517578,24.470991134643555,0.0027785056137527423,0.0,0.0,0.0,1.0,PlanStatus.FAIL,20,0.18122040547760565,-0.033413135077805856,False,,0.32041665863978824,0.036047236486818485,0.6543917830041052,0.0,4.5,False,8.072700118646026,20,0.18122040547760565,-0.033413135077805856,0.1,60,-64.64484405517578,24.470991134643555,0.004347638933335153,0.0,-51.36998815531822,24.54128973433948,0.002779010405088803,4.425000000000005,0,[]
721,36.050000000000004,-64.64484405517578,24.470991134643555,0.0027785056137527423,0.0,0.0,0.0,1.0,PlanStatus.FAIL,20,0.18122040547760565,-0.033413135077805856,False,,0.32041665863978824,0.036047236486818485,0.6543917830041052,0.0,4.5,False,7.597800111398101,20,0.18122040547760565,-0.033413135077805856,0.1,60,-64.64484405517578,24.470991134643555,0.004347638933335153,0.0,-51.36998815531822,24.54128973433948,0.002779010405088803,4.425000000000005,0,[]
722,36.1,-64.64484405517578,24.470991134643555,0.0027785056137527423,0.0,0.0,0.0,1.0,PlanStatus.FAIL,20,0.18122040547760565,-0.033413135077805856,False,,0.32041665863978824,0.036047236486818485,0.6543917830041052,0.0,4.5,False,7.56380008533597,20,0.18122040547760565,-0.033413135077805856,0.1,60,-64.64484405517578,24.470991134643555,0.004347638933335153,0.0,-51.36998815531822,24.54128973433948,0.002779010405088803,4.425000000000005,0,[]
723,36.15,-64.64484405517578,24.470991134643555,0.0027785056137527423,0.0,0.0,0.0,1.0,PlanStatus.FAIL,20,0.18122040547760565,-0.033413135077805856,False,,0.32041665863978824,0.036047236486818485,0.6543917830041052,0.0,4.5,False,7.98170012421906,20,0.18122040547760565,-0.033413135077805856,0.1,60,-64.64484405517578,24.470991134643555,0.004347638933335153,0.0,-51.36998815531822,24.54128973433948,0.002779010405088803,4.425000000000005,0,[]
724,36.2,-64.64484405517578,24.470991134643555,0.0027785056137527423,0.0,0.0,0.0,1.0,PlanStatus.FAIL,20,0.18122040547760565,-0.033413135077805856,False,,0.32041665863978824,0.036047236486818485,0.6543917830041052,0.0,4.5,False,8.144699968397617,20,0.18122040547760565,-0.033413135077805856,0.1,60,-64.64484405517578,24.470991134643555,0.004347638933335153,0.0,-51.36998815531822,24.54128973433948,0.002779010405088803,4.425000000000005,0,[]
725,36.25,-64.64484405517578,24.470991134643555,0.0027785056137527423,0.0,0.0,0.0,1.0,PlanStatus.FAIL,20,0.18122040547760565,-0.033413135077805856,False,,0.32041665863978824,0.036047236486818485,0.6543917830041052,0.0,4.5,False,7.590200053527951,20,0.18122040547760565,-0.033413135077805856,0.1,60,-64.64484405517578,24.470991134643555,0.004347638933335153,0.0,-51.36998815531822,24.54128973433948,0.002779010405088803,4.425000000000005,0,[]
726,36.300000000000004,-64.64484405517578,24.470991134643555,0.0027785056137527423,0.0,0.0,0.0,1.0,PlanStatus.FAIL,20,0.18122040547760565,-0.033413135077805856,False,,0.32041665863978824,0.036047236486818485,0.6543917830041052,0.0,4.5,False,7.853599963709712,20,0.18122040547760565,-0.033413135077805856,0.1,60,-64.64484405517578,24.470991134643555,0.004347638933335153,0.0,-51.36998815531822,24.54128973433948,0.002779010405088803,4.425000000000005,0,[]
727,36.35,-64.64484405517578,24.470991134643555,0.0027785056137527423,0.0,0.0,0.0,1.0,PlanStatus.FAIL,20,0.18122040547760565,-0.033413135077805856,False,,0.32041665863978824,0.036047236486818485,0.6543917830041052,0.0,4.5,False,7.829699898138642,20,0.18122040547760565,-0.033413135077805856,0.1,60,-64.64484405517578,24.470991134643555,0.004347638933335153,0.0,-51.36998815531822,24.54128973433948,0.002779010405088803,4.425000000000005,0,[]
728,36.4,-64.64484405517578,24.470991134643555,0.0027785056137527423,0.0,0.0,0.0,1.0,PlanStatus.FAIL,20,0.18122040547760565,-0.033413135077805856,False,,0.32041665863978824,0.036047236486818485,0.6543917830041052,0.0,4.5,False,8.49239993840456,20,0.18122040547760565,-0.033413135077805856,0.1,60,-64.64484405517578,24.470991134643555,0.004347638933335153,0.0,-51.36998815531822,24.54128973433948,0.002779010405088803,4.425000000000005,0,[]
729,36.45,-64.64484405517578,24.470991134643555,0.0027785056137527423,0.0,0.0,0.0,1.0,PlanStatus.FAIL,20,0.18122040547760565,-0.033413135077805856,False,,0.32041665863978824,0.036047236486818485,0.6543917830041052,0.0,4.5,False,8.152799913659692,20,0.18122040547760565,-0.033413135077805856,0.1,60,-64.64484405517578,24.470991134643555,0.004347638933335153,0.0,-51.36998815531822,24.54128973433948,0.002779010405088803,4.425000000000005,0,[]
730,36.5,-64.64484405517578,24.470991134643555,0.0027785056137527423,0.0,0.0,0.0,1.0,PlanStatus.FAIL,20,0.18122040547760565,-0.033413135077805856,False,,0.32041665863978824,0.036047236486818485,0.6543917830041052,0.0,4.5,False,7.9419000539928675,20,0.18122040547760565,-0.033413135077805856,0.1,60,-64.64484405517578,24.470991134643555,0.004347638933335153,0.0,-51.36998815531822,24.54128973433948,0.002779010405088803,4.425000000000005,0,[]
731,36.550000000000004,-64.64484405517578,24.470991134643555,0.0027785056137527423,0.0,0.0,0.0,1.0,PlanStatus.FAIL,20,0.18122040547760565,-0.033413135077805856,False,,0.32041665863978824,0.036047236486818485,0.6543917830041052,0.0,4.5,False,7.747600087895989,20,0.18122040547760565,-0.033413135077805856,0.1,60,-64.64484405517578,24.470991134643555,0.004347638933335153,0.0,-51.36998815531822,24.54128973433948,0.002779010405088803,4.425000000000005,0,[]
732,36.6,-64.64484405517578,24.470991134643555,0.0027785056137527423,0.0,0.0,0.0,1.0,PlanStatus.FAIL,20,0.18122040547760565,-0.033413135077805856,False,,0.32041665863978824,0.036047236486818485,0.6543917830041052,0.0,4.5,False,8.326699957251549,20,0.18122040547760565,-0.033413135077805856,0.1,60,-64.64484405517578,24.470991134643555,0.004347638933335153,0.0,-51.36998815531822,24.54128973433948,0.002779010405088803,4.425000000000005,0,[]
733,36.65,-64.64484405517578,24.470991134643555,0.0027785056137527423,0.0,0.0,0.0,1.0,PlanStatus.FAIL,20,0.18122040547760565,-0.033413135077805856,False,,0.32041665863978824,0.036047236486818485,0.6543917830041052,0.0,4.5,False,7.794099859893322,20,0.18122040547760565,-0.033413135077805856,0.1,60,-64.64484405517578,24.470991134643555,0.004347638933335153,0.0,-51.36998815531822,24.54128973433948,0.002779010405088803,4.425000000000005,0,[]
734,36.7,-64.64484405517578,24.470991134643555,0.0027785056137527423,0.0,0.0,0.0,1.0,PlanStatus.FAIL,20,0.18122040547760565,-0.033413135077805856,False,,0.32041665863978824,0.036047236486818485,0.6543917830041052,0.0,4.5,False,8.065300062298775,20,0.18122040547760565,-0.033413135077805856,0.1,60,-64.64484405517578,24.470991134643555,0.004347638933335153,0.0,-51.36998815531822,24.54128973433948,0.002779010405088803,4.425000000000005,0,[]
735,36.75,-64.64484405517578,24.470991134643555,0.0027785056137527423,0.0,0.0,0.0,1.0,PlanStatus.FAIL,20,0.18122040547760565,-0.033413135077805856,False,,0.32041665863978824,0.036047236486818485,0.6543917830041052,0.0,4.5,False,7.424100069329143,20,0.18122040547760565,-0.033413135077805856,0.1,60,-64.64484405517578,24.470991134643555,0.004347638933335153,0.0,-51.36998815531822,24.54128973433948,0.002779010405088803,4.425000000000005,0,[]
736,36.800000000000004,-64.64484405517578,24.470991134643555,0.0027785056137527423,0.0,0.0,0.0,1.0,PlanStatus.FAIL,20,0.18122040547760565,-0.033413135077805856,False,,0.32041665863978824,0.036047236486818485,0.6543917830041052,0.0,4.5,False,7.539600133895874,20,0.18122040547760565,-0.033413135077805856,0.1,60,-64.64484405517578,24.470991134643555,0.004347638933335153,0.0,-51.36998815531822,24.54128973433948,0.002779010405088803,4.425000000000005,0,[]
737,36.85,-64.64484405517578,24.470991134643555,0.0027785056137527423,0.0,0.0,0.0,1.0,PlanStatus.FAIL,20,0.18122040547760565,-0.033413135077805856,False,,0.32041665863978824,0.036047236486818485,0.6543917830041052,0.0,4.5,False,8.263199822977185,20,0.18122040547760565,-0.033413135077805856,0.1,60,-64.64484405517578,24.470991134643555,0.004347638933335153,0.0,-51.36998815531822,24.54128973433948,0.002779010405088803,4.425000000000005,0,[]
738,36.9,-64.64484405517578,24.470991134643555,0.0027785056137527423,0.0,0.0,0.0,1.0,PlanStatus.FAIL,20,0.18122040547760565,-0.033413135077805856,False,,0.32041665863978824,0.036047236486818485,0.6543917830041052,0.0,4.5,False,7.568800123408437,20,0.18122040547760565,-0.033413135077805856,0.1,60,-64.64484405517578,24.470991134643555,0.004347638933335153,0.0,-51.36998815531822,24.54128973433948,0.002779010405088803,4.425000000000005,0,[]
739,36.95,-64.64484405517578,24.470991134643555,0.0027785056137527423,0.0,0.0,0.0,1.0,PlanStatus.FAIL,20,0.18122040547760565,-0.033413135077805856,False,,0.32041665863978824,0.036047236486818485,0.6543917830041052,0.0,4.5,False,7.991300197318196,20,0.18122040547760565,-0.033413135077805856,0.1,60,-64.64484405517578,24.470991134643555,0.004347638933335153,0.0,-51.36998815531822,24.54128973433948,0.002779010405088803,4.425000000000005,0,[]
740,37.0,-64.64484405517578,24.470991134643555,0.0027785056137527423,0.0,0.0,0.0,1.0,PlanStatus.FAIL,20,0.18122040547760565,-0.033413135077805856,False,,0.32041665863978824,0.036047236486818485,0.6543917830041052,0.0,4.5,False,8.13989993184805,20,0.18122040547760565,-0.033413135077805856,0.1,60,-64.64484405517578,24.470991134643555,0.004347638933335153,0.0,-51.36998815531822,24.54128973433948,0.002779010405088803,4.425000000000005,0,[]
741,37.050000000000004,-64.64484405517578,24.470991134643555,0.0027785056137527423,0.0,0.0,0.0,1.0,PlanStatus.FAIL,20,0.18122040547760565,-0.033413135077805856,False,,0.32041665863978824,0.036047236486818485,0.6543917830041052,0.0,4.5,False,7.525700144469738,20,0.18122040547760565,-0.033413135077805856,0.1,60,-64.64484405517578,24.470991134643555,0.004347638933335153,0.0,-51.36998815531822,24.54128973433948,0.002779010405088803,4.425000000000005,0,[]
742,37.1,-64.64484405517578,24.470991134643555,0.0027785056137527423,0.0,0.0,0.0,1.0,PlanStatus.FAIL,20,0.18122040547760565,-0.033413135077805856,False,,0.32041665863978824,0.036047236486818485,0.6543917830041052,0.0,4.5,False,8.282599970698357,20,0.18122040547760565,-0.033413135077805856,0.1,60,-64.64484405517578,24.470991134643555,0.004347638933335153,0.0,-51.36998815531822,24.54128973433948,0.002779010405088803,4.425000000000005,0,[]
743,37.15,-64.64484405517578,24.470991134643555,0.0027785056137527423,0.0,0.0,0.0,1.0,PlanStatus.FAIL,20,0.18122040547760565,-0.033413135077805856,False,,0.32041665863978824,0.036047236486818485,0.6543917830041052,0.0,4.5,False,7.514399942010641,20,0.18122040547760565,-0.033413135077805856,0.1,60,-64.64484405517578,24.470991134643555,0.004347638933335153,0.0,-51.36998815531822,24.54128973433948,0.002779010405088803,4.425000000000005,0,[]
744,37.2,-64.64484405517578,24.470991134643555,0.0027785056137527423,0.0,0.0,0.0,1.0,PlanStatus.FAIL,20,0.18122040547760565,-0.033413135077805856,False,,0.32041665863978824,0.036047236486818485,0.6543917830041052,0.0,4.5,False,8.45550000667572,20,0.18122040547760565,-0.033413135077805856,0.1,60,-64.64484405517578,24.470991134643555,0.004347638933335153,0.0,-51.36998815531822,24.54128973433948,0.002779010405088803,4.425000000000005,0,[]
745,37.25,-64.64484405517578,24.470991134643555,0.0027785056137527423,0.0,0.0,0.0,1.0,PlanStatus.FAIL,20,0.18122040547760565,-0.033413135077805856,False,,0.32041665863978824,0.036047236486818485,0.6543917830041052,0.0,4.5,False,8.209000108763576,20,0.18122040547760565,-0.033413135077805856,0.1,60,-64.64484405517578,24.470991134643555,0.004347638933335153,0.0,-51.36998815531822,24.54128973433948,0.002779010405088803,4.425000000000005,0,[]
746,37.300000000000004,-64.64484405517578,24.470991134643555,0.0027785056137527423,0.0,0.0,0.0,1.0,PlanStatus.FAIL,20,0.18122040547760565,-0.033413135077805856,False,,0.32041665863978824,0.036047236486818485,0.6543917830041052,0.0,4.5,False,7.9476002138108015,20,0.18122040547760565,-0.033413135077805856,0.1,60,-64.64484405517578,24.470991134643555,0.004347638933335153,0.0,-51.36998815531822,24.54128973433948,0.002779010405088803,4.425000000000005,0,[]
747,37.35,-64.64484405517578,24.470991134643555,0.0027785056137527423,0.0,0.0,0.0,1.0,PlanStatus.FAIL,20,0.18122040547760565,-0.033413135077805856,False,,0.32041665863978824,0.036047236486818485,0.6543917830041052,0.0,4.5,False,7.7547000255435705,20,0.18122040547760565,-0.033413135077805856,0.1,60,-64.64484405517578,24.470991134643555,0.004347638933335153,0.0,-51.36998815531822,24.54128973433948,0.002779010405088803,4.425000000000005,0,[]
748,37.4,-64.64484405517578,24.470991134643555,0.0027785056137527423,0.0,0.0,0.0,1.0,PlanStatus.FAIL,20,0.18122040547760565,-0.033413135077805856,False,,0.32041665863978824,0.036047236486818485,0.6543917830041052,0.0,4.5,False,7.886900100857019,20,0.18122040547760565,-0.033413135077805856,0.1,60,-64.64484405517578,24.470991134643555,0.004347638933335153,0.0,-51.36998815531822,24.54128973433948,0.002779010405088803,4.425000000000005,0,[]
749,37.45,-64.64484405517578,24.470991134643555,0.0027785056137527423,0.0,0.0,0.0,1.0,PlanStatus.FAIL,20,0.18122040547760565,-0.033413135077805856,False,,0.32041665863978824,0.036047236486818485,0.6543917830041052,0.0,4.5,False,7.991900201886892,20,0.18122040547760565,-0.033413135077805856,0.1,60,-64.64484405517578,24.470991134643555,0.004347638933335153,0.0,-51.36998815531822,24.54128973433948,0.002779010405088803,4.425000000000005,0,[]
750,37.5,-64.64484405517578,24.470991134643555,0.0027785056137527423,0.0,0.0,0.0,1.0,PlanStatus.FAIL,20,0.18122040547760565,-0.033413135077805856,False,,0.32041665863978824,0.036047236486818485,0.6543917830041052,0.0,4.5,False,7.958400063216686,20,0.18122040547760565,-0.033413135077805856,0.1,60,-64.64484405517578,24.470991134643555,0.004347638933335153,0.0,-51.36998815531822,24.54128973433948,0.002779010405088803,4.425000000000005,0,[]
751,37.550000000000004,-64.64484405517578,24.470991134643555,0.0027785056137527423,0.0,0.0,0.0,1.0,PlanStatus.FAIL,20,0.18122040547760565,-0.033413135077805856,False,,0.32041665863978824,0.036047236486818485,0.6543917830041052,0.0,4.5,False,7.792099844664335,20,0.18122040547760565,-0.033413135077805856,0.1,60,-64.64484405517578,24.470991134643555,0.004347638933335153,0.0,-51.36998815531822,24.54128973433948,0.002779010405088803,4.425000000000005,0,[]
752,37.6,-64.64484405517578,24.470991134643555,0.0027785056137527423,0.0,0.0,0.0,1.0,PlanStatus.FAIL,20,0.18122040547760565,-0.033413135077805856,False,,0.32041665863978824,0.036047236486818485,0.6543917830041052,0.0,4.5,False,8.976900018751621,20,0.18122040547760565,-0.033413135077805856,0.1,60,-64.64484405517578,24.470991134643555,0.004347638933335153,0.0,-51.36998815531822,24.54128973433948,0.002779010405088803,4.425000000000005,0,[]
753,37.65,-64.64484405517578,24.470991134643555,0.0027785056137527423,0.0,0.0,0.0,1.0,PlanStatus.FAIL,20,0.18122040547760565,-0.033413135077805856,False,,0.32041665863978824,0.036047236486818485,0.6543917830041052,0.0,4.5,False,8.721000049263239,20,0.18122040547760565,-0.033413135077805856,0.1,60,-64.64484405517578,24.470991134643555,0.004347638933335153,0.0,-51.36998815531822,24.54128973433948,0.002779010405088803,4.425000000000005,0,[]
754,37.7,-64.64484405517578,24.470991134643555,0.0027785056137527423,0.0,0.0,0.0,1.0,PlanStatus.FAIL,20,0.18122040547760565,-0.033413135077805856,False,,0.32041665863978824,0.036047236486818485,0.6543917830041052,0.0,4.5,False,8.054400095716119,20,0.18122040547760565,-0.033413135077805856,0.1,60,-64.64484405517578,24.470991134643555,0.004347638933335153,0.0,-51.36998815531822,24.54128973433948,0.002779010405088803,4.425000000000005,0,[]
755,37.75,-64.64484405517578,24.470991134643555,0.0027785056137527423,0.0,0.0,0.0,1.0,PlanStatus.FAIL,20,0.18122040547760565,-0.033413135077805856,False,,0.32041665863978824,0.036047236486818485,0.6543917830041052,0.0,4.5,False,8.3619998767972,20,0.18122040547760565,-0.033413135077805856,0.1,60,-64.64484405517578,24.470991134643555,0.004347638933335153,0.0,-51.36998815531822,24.54128973433948,0.002779010405088803,4.425000000000005,0,[]
756,37.800000000000004,-64.64484405517578,24.470991134643555,0.0027785056137527423,0.0,0.0,0.0,1.0,PlanStatus.FAIL,20,0.18122040547760565,-0.033413135077805856,False,,0.32041665863978824,0.036047236486818485,0.6543917830041052,0.0,4.5,False,7.5610000640153885,20,0.18122040547760565,-0.033413135077805856,0.1,60,-64.64484405517578,24.470991134643555,0.004347638933335153,0.0,-51.36998815531822,24.54128973433948,0.002779010405088803,4.425000000000005,0,[]
757,37.85,-64.64484405517578,24.470991134643555,0.0027785056137527423,0.0,0.0,0.0,1.0,PlanStatus.FAIL,20,0.18122040547760565,-0.033413135077805856,False,,0.32041665863978824,0.036047236486818485,0.6543917830041052,0.0,4.5,False,8.564200019463897,20,0.18122040547760565,-0.033413135077805856,0.1,60,-64.64484405517578,24.470991134643555,0.004347638933335153,0.0,-51.36998815531822,24.54128973433948,0.002779010405088803,4.425000000000005,0,[]
758,37.9,-64.64484405517578,24.470991134643555,0.0027785056137527423,0.0,0.0,0.0,1.0,PlanStatus.FAIL,20,0.18122040547760565,-0.033413135077805856,False,,0.32041665863978824,0.036047236486818485,0.6543917830041052,0.0,4.5,False,7.894400041550398,20,0.18122040547760565,-0.033413135077805856,0.1,60,-64.64484405517578,24.470991134643555,0.004347638933335153,0.0,-51.36998815531822,24.54128973433948,0.002779010405088803,4.425000000000005,0,[]
759,37.95,-64.64484405517578,24.470991134643555,0.0027785056137527423,0.0,0.0,0.0,1.0,PlanStatus.FAIL,20,0.18122040547760565,-0.033413135077805856,False,,0.32041665863978824,0.036047236486818485,0.6543917830041052,0.0,4.5,False,8.407599991187453,20,0.18122040547760565,-0.033413135077805856,0.1,60,-64.64484405517578,24.470991134643555,0.004347638933335153,0.0,-51.36998815531822,24.54128973433948,0.002779010405088803,4.425000000000005,0,[]
760,38.0,-64.64484405517578,24.470991134643555,0.0027785056137527423,0.0,0.0,0.0,1.0,PlanStatus.FAIL,20,0.18122040547760565,-0.033413135077805856,False,,0.32041665863978824,0.036047236486818485,0.6543917830041052,0.0,4.5,False,7.8118001110851765,20,0.18122040547760565,-0.033413135077805856,0.1,60,-64.64484405517578,24.470991134643555,0.004347638933335153,0.0,-51.36998815531822,24.54128973433948,0.002779010405088803,4.425000000000005,0,[]
761,38.050000000000004,-64.64484405517578,24.470991134643555,0.0027785056137527423,0.0,0.0,0.0,1.0,PlanStatus.FAIL,20,0.18122040547760565,-0.033413135077805856,False,,0.32041665863978824,0.036047236486818485,0.6543917830041052,0.0,4.5,False,7.772899931296706,20,0.18122040547760565,-0.033413135077805856,0.1,60,-64.64484405517578,24.470991134643555,0.004347638933335153,0.0,-51.36998815531822,24.54128973433948,0.002779010405088803,4.425000000000005,0,[]
762,38.1,-64.64484405517578,24.470991134643555,0.0027785056137527423,0.0,0.0,0.0,1.0,PlanStatus.FAIL,20,0.18122040547760565,-0.033413135077805856,False,,0.32041665863978824,0.036047236486818485,0.6543917830041052,0.0,4.5,False,9.85740008763969,20,0.18122040547760565,-0.033413135077805856,0.1,60,-64.64484405517578,24.470991134643555,0.004347638933335153,0.0,-51.36998815531822,24.54128973433948,0.002779010405088803,4.425000000000005,0,[]
763,38.15,-64.64484405517578,24.470991134643555,0.0027785056137527423,0.0,0.0,0.0,1.0,PlanStatus.FAIL,20,0.18122040547760565,-0.033413135077805856,False,,0.32041665863978824,0.036047236486818485,0.6543917830041052,0.0,4.5,False,8.904899936169386,20,0.18122040547760565,-0.033413135077805856,0.1,60,-64.64484405517578,24.470991134643555,0.004347638933335153,0.0,-51.36998815531822,24.54128973433948,0.002779010405088803,4.425000000000005,0,[]
764,38.2,-64.64484405517578,24.470991134643555,0.0027785056137527423,0.0,0.0,0.0,1.0,PlanStatus.FAIL,20,0.18122040547760565,-0.033413135077805856,False,,0.32041665863978824,0.036047236486818485,0.6543917830041052,0.0,4.5,False,8.713900111615658,20,0.18122040547760565,-0.033413135077805856,0.1,60,-64.64484405517578,24.470991134643555,0.004347638933335153,0.0,-51.36998815531822,24.54128973433948,0.002779010405088803,4.425000000000005,0,[]
765,38.25,-64.64484405517578,24.470991134643555,0.0027785056137527423,0.0,0.0,0.0,1.0,PlanStatus.FAIL,20,0.18122040547760565,-0.033413135077805856,False,,0.32041665863978824,0.036047236486818485,0.6543917830041052,0.0,4.5,False,7.924000034108758,20,0.18122040547760565,-0.033413135077805856,0.1,60,-64.64484405517578,24.470991134643555,0.004347638933335153,0.0,-51.36998815531822,24.54128973433948,0.002779010405088803,4.425000000000005,0,[]
766,38.300000000000004,-64.64484405517578,24.470991134643555,0.0027785056137527423,0.0,0.0,0.0,1.0,PlanStatus.FAIL,20,0.18122040547760565,-0.033413135077805856,False,,0.32041665863978824,0.036047236486818485,0.6543917830041052,0.0,4.5,False,9.151200065389276,20,0.18122040547760565,-0.033413135077805856,0.1,60,-64.64484405517578,24.470991134643555,0.004347638933335153,0.0,-51.36998815531822,24.54128973433948,0.002779010405088803,4.425000000000005,0,[]
767,38.35,-64.64484405517578,24.470991134643555,0.0027785056137527423,0.0,0.0,0.0,1.0,PlanStatus.FAIL,20,0.18122040547760565,-0.033413135077805856,False,,0.32041665863978824,0.036047236486818485,0.6543917830041052,0.0,4.5,False,7.874100003391504,20,0.18122040547760565,-0.033413135077805856,0.1,60,-64.64484405517578,24.470991134643555,0.004347638933335153,0.0,-51.36998815531822,24.54128973433948,0.002779010405088803,4.425000000000005,0,[]
768,38.400000000000006,-64.64484405517578,24.470991134643555,0.0027785056137527423,0.0,0.0,0.0,1.0,PlanStatus.FAIL,20,0.18122040547760565,-0.033413135077805856,False,,0.32041665863978824,0.036047236486818485,0.6543917830041052,0.0,4.5,False,8.662499953061342,20,0.18122040547760565,-0.033413135077805856,0.1,60,-64.64484405517578,24.470991134643555,0.004347638933335153,0.0,-51.36998815531822,24.54128973433948,0.002779010405088803,4.425000000000005,0,[]
769,38.45,-64.64484405517578,24.470991134643555,0.0027785056137527423,0.0,0.0,0.0,1.0,PlanStatus.FAIL,20,0.18122040547760565,-0.033413135077805856,False,,0.32041665863978824,0.036047236486818485,0.6543917830041052,0.0,4.5,False,7.769300136715174,20,0.18122040547760565,-0.033413135077805856,0.1,60,-64.64484405517578,24.470991134643555,0.004347638933335153,0.0,-51.36998815531822,24.54128973433948,0.002779010405088803,4.425000000000005,0,[]
770,38.5,-64.64484405517578,24.470991134643555,0.0027785056137527423,0.0,0.0,0.0,1.0,PlanStatus.FAIL,20,0.18122040547760565,-0.033413135077805856,False,,0.32041665863978824,0.036047236486818485,0.6543917830041052,0.0,4.5,False,8.1086999271065,20,0.18122040547760565,-0.033413135077805856,0.1,60,-64.64484405517578,24.470991134643555,0.004347638933335153,0.0,-51.36998815531822,24.54128973433948,0.002779010405088803,4.425000000000005,0,[]
771,38.550000000000004,-64.64484405517578,24.470991134643555,0.0027785056137527423,0.0,0.0,0.0,1.0,PlanStatus.FAIL,20,0.18122040547760565,-0.033413135077805856,False,,0.32041665863978824,0.036047236486818485,0.6543917830041052,0.0,4.5,False,7.695300038903952,20,0.18122040547760565,-0.033413135077805856,0.1,60,-64.64484405517578,24.470991134643555,0.004347638933335153,0.0,-51.36998815531822,24.54128973433948,0.002779010405088803,4.425000000000005,0,[]
772,38.6,-64.64484405517578,24.470991134643555,0.0027785056137527423,0.0,0.0,0.0,1.0,PlanStatus.FAIL,20,0.18122040547760565,-0.033413135077805856,False,,0.32041665863978824,0.036047236486818485,0.6543917830041052,0.0,4.5,False,7.918100105598569,20,0.18122040547760565,-0.033413135077805856,0.1,60,-64.64484405517578,24.470991134643555,0.004347638933335153,0.0,-51.36998815531822,24.54128973433948,0.002779010405088803,4.425000000000005,0,[]
773,38.650000000000006,-64.64484405517578,24.470991134643555,0.0027785056137527423,0.0,0.0,0.0,1.0,PlanStatus.FAIL,20,0.18122040547760565,-0.033413135077805856,False,,0.32041665863978824,0.036047236486818485,0.6543917830041052,0.0,4.5,False,7.853199960663915,20,0.18122040547760565,-0.033413135077805856,0.1,60,-64.64484405517578,24.470991134643555,0.004347638933335153,0.0,-51.36998815531822,24.54128973433948,0.002779010405088803,4.425000000000005,0,[]
774,38.7,-64.64484405517578,24.470991134643555,0.0027785056137527423,0.0,0.0,0.0,1.0,PlanStatus.FAIL,20,0.18122040547760565,-0.033413135077805856,False,,0.32041665863978824,0.036047236486818485,0.6543917830041052,0.0,4.5,False,7.656099973246455,20,0.18122040547760565,-0.033413135077805856,0.1,60,-64.64484405517578,24.470991134643555,0.004347638933335153,0.0,-51.36998815531822,24.54128973433948,0.002779010405088803,4.425000000000005,0,[]
775,38.75,-64.64484405517578,24.470991134643555,0.0027785056137527423,0.0,0.0,0.0,1.0,PlanStatus.FAIL,20,0.18122040547760565,-0.033413135077805856,False,,0.32041665863978824,0.036047236486818485,0.6543917830041052,0.0,4.5,False,7.766399998217821,20,0.18122040547760565,-0.033413135077805856,0.1,60,-64.64484405517578,24.470991134643555,0.004347638933335153,0.0,-51.36998815531822,24.54128973433948,0.002779010405088803,4.425000000000005,0,[]
776,38.800000000000004,-64.64484405517578,24.470991134643555,0.0027785056137527423,0.0,0.0,0.0,1.0,PlanStatus.FAIL,20,0.18122040547760565,-0.033413135077805856,False,,0.32041665863978824,0.036047236486818485,0.6543917830041052,0.0,4.5,False,7.92220002040267,20,0.18122040547760565,-0.033413135077805856,0.1,60,-64.64484405517578,24.470991134643555,0.004347638933335153,0.0,-51.36998815531822,24.54128973433948,0.002779010405088803,4.425000000000005,0,[]
777,38.85,-64.64484405517578,24.470991134643555,0.0027785056137527423,0.0,0.0,0.0,1.0,PlanStatus.FAIL,20,0.18122040547760565,-0.033413135077805856,False,,0.32041665863978824,0.036047236486818485,0.6543917830041052,0.0,4.5,False,7.527100155130029,20,0.18122040547760565,-0.033413135077805856,0.1,60,-64.64484405517578,24.470991134643555,0.004347638933335153,0.0,-51.36998815531822,24.54128973433948,0.002779010405088803,4.425000000000005,0,[]
778,38.900000000000006,-64.64484405517578,24.470991134643555,0.0027785056137527423,0.0,0.0,0.0,1.0,PlanStatus.FAIL,20,0.18122040547760565,-0.033413135077805856,False,,0.32041665863978824,0.036047236486818485,0.6543917830041052,0.0,4.5,False,7.789599942043424,20,0.18122040547760565,-0.033413135077805856,0.1,60,-64.64484405517578,24.470991134643555,0.004347638933335153,0.0,-51.36998815531822,24.54128973433948,0.002779010405088803,4.425000000000005,0,[]
779,38.95,-64.64484405517578,24.470991134643555,0.0027785056137527423,0.0,0.0,0.0,1.0,PlanStatus.FAIL,20,0.18122040547760565,-0.033413135077805856,False,,0.32041665863978824,0.036047236486818485,0.6543917830041052,0.0,4.5,False,7.8801000490784645,20,0.18122040547760565,-0.033413135077805856,0.1,60,-64.64484405517578,24.470991134643555,0.004347638933335153,0.0,-51.36998815531822,24.54128973433948,0.002779010405088803,4.425000000000005,0,[]
780,39.0,-64.64484405517578,24.470991134643555,0.0027785056137527423,0.0,0.0,0.0,1.0,PlanStatus.FAIL,20,0.18122040547760565,-0.033413135077805856,False,,0.32041665863978824,0.036047236486818485,0.6543917830041052,0.0,4.5,False,8.329600095748901,20,0.18122040547760565,-0.033413135077805856,0.1,60,-64.64484405517578,24.470991134643555,0.004347638933335153,0.0,-51.36998815531822,24.54128973433948,0.002779010405088803,4.425000000000005,0,[]
781,39.050000000000004,-64.64484405517578,24.470991134643555,0.0027785056137527423,0.0,0.0,0.0,1.0,PlanStatus.FAIL,20,0.18122040547760565,-0.033413135077805856,False,,0.32041665863978824,0.036047236486818485,0.6543917830041052,0.0,4.5,False,7.929000072181225,20,0.18122040547760565,-0.033413135077805856,0.1,60,-64.64484405517578,24.470991134643555,0.004347638933335153,0.0,-51.36998815531822,24.54128973433948,0.002779010405088803,4.425000000000005,0,[]
782,39.1,-64.64484405517578,24.470991134643555,0.0027785056137527423,0.0,0.0,0.0,1.0,PlanStatus.FAIL,20,0.18122040547760565,-0.033413135077805856,False,,0.32041665863978824,0.036047236486818485,0.6543917830041052,0.0,4.5,False,8.062700042501092,20,0.18122040547760565,-0.033413135077805856,0.1,60,-64.64484405517578,24.470991134643555,0.004347638933335153,0.0,-51.36998815531822,24.54128973433948,0.002779010405088803,4.425000000000005,0,[]
783,39.150000000000006,-64.64484405517578,24.470991134643555,0.0027785056137527423,0.0,0.0,0.0,1.0,PlanStatus.FAIL,20,0.18122040547760565,-0.033413135077805856,False,,0.32041665863978824,0.036047236486818485,0.6543917830041052,0.0,4.5,False,8.013400016352534,20,0.18122040547760565,-0.033413135077805856,0.1,60,-64.64484405517578,24.470991134643555,0.004347638933335153,0.0,-51.36998815531822,24.54128973433948,0.002779010405088803,4.425000000000005,0,[]
784,39.2,-64.64484405517578,24.470991134643555,0.0027785056137527423,0.0,0.0,0.0,1.0,PlanStatus.FAIL,20,0.18122040547760565,-0.033413135077805856,False,,0.32041665863978824,0.036047236486818485,0.6543917830041052,0.0,4.5,False,7.701799971982837,20,0.18122040547760565,-0.033413135077805856,0.1,60,-64.64484405517578,24.470991134643555,0.004347638933335153,0.0,-51.36998815531822,24.54128973433948,0.002779010405088803,4.425000000000005,0,[]
785,39.25,-64.64484405517578,24.470991134643555,0.0027785056137527423,0.0,0.0,0.0,1.0,PlanStatus.FAIL,20,0.18122040547760565,-0.033413135077805856,False,,0.32041665863978824,0.036047236486818485,0.6543917830041052,0.0,4.5,False,7.857399992644787,20,0.18122040547760565,-0.033413135077805856,0.1,60,-64.64484405517578,24.470991134643555,0.004347638933335153,0.0,-51.36998815531822,24.54128973433948,0.002779010405088803,4.425000000000005,0,[]
786,39.300000000000004,-64.64484405517578,24.470991134643555,0.0027785056137527423,0.0,0.0,0.0,1.0,PlanStatus.FAIL,20,0.18122040547760565,-0.033413135077805856,False,,0.32041665863978824,0.036047236486818485,0.6543917830041052,0.0,4.5,False,7.861800026148558,20,0.18122040547760565,-0.033413135077805856,0.1,60,-64.64484405517578,24.470991134643555,0.004347638933335153,0.0,-51.36998815531822,24.54128973433948,0.002779010405088803,4.425000000000005,0,[]
787,39.35,-64.64484405517578,24.470991134643555,0.0027785056137527423,0.0,0.0,0.0,1.0,PlanStatus.FAIL,20,0.18122040547760565,-0.033413135077805856,False,,0.32041665863978824,0.036047236486818485,0.6543917830041052,0.0,4.5,False,8.064700057730079,20,0.18122040547760565,-0.033413135077805856,0.1,60,-64.64484405517578,24.470991134643555,0.004347638933335153,0.0,-51.36998815531822,24.54128973433948,0.002779010405088803,4.425000000000005,0,[]
788,39.400000000000006,-64.64484405517578,24.470991134643555,0.0027785056137527423,0.0,0.0,0.0,1.0,PlanStatus.FAIL,20,0.18122040547760565,-0.033413135077805856,False,,0.32041665863978824,0.036047236486818485,0.6543917830041052,0.0,4.5,False,8.067599963396788,20,0.18122040547760565,-0.033413135077805856,0.1,60,-64.64484405517578,24.470991134643555,0.004347638933335153,0.0,-51.36998815531822,24.54128973433948,0.002779010405088803,4.425000000000005,0,[]
789,39.45,-64.64484405517578,24.470991134643555,0.0027785056137527423,0.0,0.0,0.0,1.0,PlanStatus.FAIL,20,0.18122040547760565,-0.033413135077805856,False,,0.32041665863978824,0.036047236486818485,0.6543917830041052,0.0,4.5,False,7.765499874949455,20,0.18122040547760565,-0.033413135077805856,0.1,60,-64.64484405517578,24.470991134643555,0.004347638933335153,0.0,-51.36998815531822,24.54128973433948,0.002779010405088803,4.425000000000005,0,[]
790,39.5,-64.64484405517578,24.470991134643555,0.0027785056137527423,0.0,0.0,0.0,1.0,PlanStatus.FAIL,20,0.18122040547760565,-0.033413135077805856,False,,0.32041665863978824,0.036047236486818485,0.6543917830041052,0.0,4.5,False,8.007900090888143,20,0.18122040547760565,-0.033413135077805856,0.1,60,-64.64484405517578,24.470991134643555,0.004347638933335153,0.0,-51.36998815531822,24.54128973433948,0.002779010405088803,4.425000000000005,0,[]
791,39.550000000000004,-64.64484405517578,24.470991134643555,0.0027785056137527423,0.0,0.0,0.0,1.0,PlanStatus.FAIL,20,0.18122040547760565,-0.033413135077805856,False,,0.32041665863978824,0.036047236486818485,0.6543917830041052,0.0,4.5,False,7.616100134328008,20,0.18122040547760565,-0.033413135077805856,0.1,60,-64.64484405517578,24.470991134643555,0.004347638933335153,0.0,-51.36998815531822,24.54128973433948,0.002779010405088803,4.425000000000005,0,[]
792,39.6,-64.64484405517578,24.470991134643555,0.0027785056137527423,0.0,0.0,0.0,1.0,PlanStatus.FAIL,20,0.18122040547760565,-0.033413135077805856,False,,0.32041665863978824,0.036047236486818485,0.6543917830041052,0.0,4.5,False,7.573699811473489,20,0.18122040547760565,-0.033413135077805856,0.1,60,-64.64484405517578,24.470991134643555,0.004347638933335153,0.0,-51.36998815531822,24.54128973433948,0.002779010405088803,4.425000000000005,0,[]
793,39.650000000000006,-64.64484405517578,24.470991134643555,0.0027785056137527423,0.0,0.0,0.0,1.0,PlanStatus.FAIL,20,0.18122040547760565,-0.033413135077805856,False,,0.32041665863978824,0.036047236486818485,0.6543917830041052,0.0,4.5,False,8.177299983799458,20,0.18122040547760565,-0.033413135077805856,0.1,60,-64.64484405517578,24.470991134643555,0.004347638933335153,0.0,-51.36998815531822,24.54128973433948,0.002779010405088803,4.425000000000005,0,[]
794,39.7,-64.64484405517578,24.470991134643555,0.0027785056137527423,0.0,0.0,0.0,1.0,PlanStatus.FAIL,20,0.18122040547760565,-0.033413135077805856,False,,0.32041665863978824,0.036047236486818485,0.6543917830041052,0.0,4.5,False,9.310400113463402,20,0.18122040547760565,-0.033413135077805856,0.1,60,-64.64484405517578,24.470991134643555,0.004347638933335153,0.0,-51.36998815531822,24.54128973433948,0.002779010405088803,4.425000000000005,0,[]
795,39.75,-64.64484405517578,24.470991134643555,0.0027785056137527423,0.0,0.0,0.0,1.0,PlanStatus.FAIL,20,0.18122040547760565,-0.033413135077805856,False,,0.32041665863978824,0.036047236486818485,0.6543917830041052,0.0,4.5,False,8.118500001728535,20,0.18122040547760565,-0.033413135077805856,0.1,60,-64.64484405517578,24.470991134643555,0.004347638933335153,0.0,-51.36998815531822,24.54128973433948,0.002779010405088803,4.425000000000005,0,[]
796,39.800000000000004,-64.64484405517578,24.470991134643555,0.0027785056137527423,0.0,0.0,0.0,1.0,PlanStatus.FAIL,20,0.18122040547760565,-0.033413135077805856,False,,0.32041665863978824,0.036047236486818485,0.6543917830041052,0.0,4.5,False,8.491199929267168,20,0.18122040547760565,-0.033413135077805856,0.1,60,-64.64484405517578,24.470991134643555,0.004347638933335153,0.0,-51.36998815531822,24.54128973433948,0.002779010405088803,4.425000000000005,0,[]
797,39.85,-64.64484405517578,24.470991134643555,0.0027785056137527423,0.0,0.0,0.0,1.0,PlanStatus.FAIL,20,0.18122040547760565,-0.033413135077805856,False,,0.32041665863978824,0.036047236486818485,0.6543917830041052,0.0,4.5,False,7.4442001059651375,20,0.18122040547760565,-0.033413135077805856,0.1,60,-64.64484405517578,24.470991134643555,0.004347638933335153,0.0,-51.36998815531822,24.54128973433948,0.002779010405088803,4.425000000000005,0,[]
798,39.900000000000006,-64.64484405517578,24.470991134643555,0.0027785056137527423,0.0,0.0,0.0,1.0,PlanStatus.FAIL,20,0.18122040547760565,-0.033413135077805856,False,,0.32041665863978824,0.036047236486818485,0.6543917830041052,0.0,4.5,False,7.62760010547936,20,0.18122040547760565,-0.033413135077805856,0.1,60,-64.64484405517578,24.470991134643555,0.004347638933335153,0.0,-51.36998815531822,24.54128973433948,0.002779010405088803,4.425000000000005,0,[]
799,39.95,-64.64484405517578,24.470991134643555,0.0027785056137527423,0.0,0.0,0.0,1.0,PlanStatus.FAIL,20,0.18122040547760565,-0.033413135077805856,False,,0.32041665863978824,0.036047236486818485,0.6543917830041052,0.0,4.5,False,7.488100090995431,20,0.18122040547760565,-0.033413135077805856,0.1,60,-64.64484405517578,24.470991134643555,0.004347638933335153,0.0,-51.36998815531822,24.54128973433948,0.002779010405088803,4.425000000000005,0,[]
800,40.0,-64.64484405517578,24.470991134643555,0.0027785056137527423,0.0,0.0,0.0,1.0,PlanStatus.FAIL,20,0.18122040547760565,-0.033413135077805856,False,,0.32041665863978824,0.036047236486818485,0.6543917830041052,0.0,4.5,False,7.415900006890297,20,0.18122040547760565,-0.033413135077805856,0.1,60,-64.64484405517578,24.470991134643555,0.004347638933335153,0.0,-51.36998815531822,24.54128973433948,0.002779010405088803,4.425000000000005,0,[]
801,40.050000000000004,-64.64484405517578,24.470991134643555,0.0027785056137527423,0.0,0.0,0.0,1.0,PlanStatus.FAIL,20,0.18122040547760565,-0.033413135077805856,False,,0.32041665863978824,0.036047236486818485,0.6543917830041052,0.0,4.5,False,7.532100193202496,20,0.18122040547760565,-0.033413135077805856,0.1,60,-64.64484405517578,24.470991134643555,0.004347638933335153,0.0,-51.36998815531822,24.54128973433948,0.002779010405088803,4.425000000000005,0,[]
802,40.1,-64.64484405517578,24.470991134643555,0.0027785056137527423,0.0,0.0,0.0,1.0,PlanStatus.FAIL,20,0.18122040547760565,-0.033413135077805856,False,,0.32041665863978824,0.036047236486818485,0.6543917830041052,0.0,4.5,False,7.456100080162287,20,0.18122040547760565,-0.033413135077805856,0.1,60,-64.64484405517578,24.470991134643555,0.004347638933335153,0.0,-51.36998815531822,24.54128973433948,0.002779010405088803,4.425000000000005,0,[]
803,40.150000000000006,-64.64484405517578,24.470991134643555,0.0027785056137527423,0.0,0.0,0.0,1.0,PlanStatus.FAIL,20,0.18122040547760565,-0.033413135077805856,False,,0.32041665863978824,0.036047236486818485,0.6543917830041052,0.0,4.5,False,7.602799916639924,20,0.18122040547760565,-0.033413135077805856,0.1,60,-64.64484405517578,24.470991134643555,0.004347638933335153,0.0,-51.36998815531822,24.54128973433948,0.002779010405088803,4.425000000000005,0,[]
804,40.2,-64.64484405517578,24.470991134643555,0.0027785056137527423,0.0,0.0,0.0,1.0,PlanStatus.FAIL,20,0.18122040547760565,-0.033413135077805856,False,,0.32041665863978824,0.036047236486818485,0.6543917830041052,0.0,4.5,False,7.343899924308062,20,0.18122040547760565,-0.033413135077805856,0.1,60,-64.64484405517578,24.470991134643555,0.004347638933335153,0.0,-51.36998815531822,24.54128973433948,0.002779010405088803,4.425000000000005,0,[]
805,40.25,-64.64484405517578,24.470991134643555,0.0027785056137527423,0.0,0.0,0.0,1.0,PlanStatus.FAIL,20,0.18122040547760565,-0.033413135077805856,False,,0.32041665863978824,0.036047236486818485,0.6543917830041052,0.0,4.5,False,7.420199923217297,20,0.18122040547760565,-0.033413135077805856,0.1,60,-64.64484405517578,24.470991134643555,0.004347638933335153,0.0,-51.36998815531822,24.54128973433948,0.002779010405088803,4.425000000000005,0,[]
806,40.300000000000004,-64.64484405517578,24.470991134643555,0.0027785056137527423,0.0,0.0,0.0,1.0,PlanStatus.FAIL,20,0.18122040547760565,-0.033413135077805856,False,,0.32041665863978824,0.036047236486818485,0.6543917830041052,0.0,4.5,False,7.517400197684765,20,0.18122040547760565,-0.033413135077805856,0.1,60,-64.64484405517578,24.470991134643555,0.004347638933335153,0.0,-51.36998815531822,24.54128973433948,0.002779010405088803,4.425000000000005,0,[]
807,40.35,-64.64484405517578,24.470991134643555,0.0027785056137527423,0.0,0.0,0.0,1.0,PlanStatus.FAIL,20,0.18122040547760565,-0.033413135077805856,False,,0.32041665863978824,0.036047236486818485,0.6543917830041052,0.0,4.5,False,7.44209997355938,20,0.18122040547760565,-0.033413135077805856,0.1,60,-64.64484405517578,24.470991134643555,0.004347638933335153,0.0,-51.36998815531822,24.54128973433948,0.002779010405088803,4.425000000000005,0,[]
808,40.400000000000006,-64.64484405517578,24.470991134643555,0.0027785056137527423,0.0,0.0,0.0,1.0,PlanStatus.FAIL,20,0.18122040547760565,-0.033413135077805856,False,,0.32041665863978824,0.036047236486818485,0.6543917830041052,0.0,4.5,False,7.469700183719397,20,0.18122040547760565,-0.033413135077805856,0.1,60,-64.64484405517578,24.470991134643555,0.004347638933335153,0.0,-51.36998815531822,24.54128973433948,0.002779010405088803,4.425000000000005,0,[]
809,40.45,-64.64484405517578,24.470991134643555,0.0027785056137527423,0.0,0.0,0.0,1.0,PlanStatus.FAIL,20,0.18122040547760565,-0.033413135077805856,False,,0.32041665863978824,0.036047236486818485,0.6543917830041052,0.0,4.5,False,7.346099941059947,20,0.18122040547760565,-0.033413135077805856,0.1,60,-64.64484405517578,24.470991134643555,0.004347638933335153,0.0,-51.36998815531822,24.54128973433948,0.002779010405088803,4.425000000000005,0,[]
810,40.5,-64.64484405517578,24.470991134643555,0.0027785056137527423,0.0,0.0,0.0,1.0,PlanStatus.FAIL,20,0.18122040547760565,-0.033413135077805856,False,,0.32041665863978824,0.036047236486818485,0.6543917830041052,0.0,4.5,False,7.587999803945422,20,0.18122040547760565,-0.033413135077805856,0.1,60,-64.64484405517578,24.470991134643555,0.004347638933335153,0.0,-51.36998815531822,24.54128973433948,0.002779010405088803,4.425000000000005,0,[]
811,40.550000000000004,-64.64484405517578,24.470991134643555,0.0027785056137527423,0.0,0.0,0.0,1.0,PlanStatus.FAIL,20,0.18122040547760565,-0.033413135077805856,False,,0.32041665863978824,0.036047236486818485,0.6543917830041052,0.0,4.5,False,7.486899849027395,20,0.18122040547760565,-0.033413135077805856,0.1,60,-64.64484405517578,24.470991134643555,0.004347638933335153,0.0,-51.36998815531822,24.54128973433948,0.002779010405088803,4.425000000000005,0,[]
812,40.6,-64.64484405517578,24.470991134643555,0.0027785056137527423,0.0,0.0,0.0,1.0,PlanStatus.FAIL,20,0.18122040547760565,-0.033413135077805856,False,,0.32041665863978824,0.036047236486818485,0.6543917830041052,0.0,4.5,False,7.420099806040525,20,0.18122040547760565,-0.033413135077805856,0.1,60,-64.64484405517578,24.470991134643555,0.004347638933335153,0.0,-51.36998815531822,24.54128973433948,0.002779010405088803,4.425000000000005,0,[]
813,40.650000000000006,-64.64484405517578,24.470991134643555,0.0027785056137527423,0.0,0.0,0.0,1.0,PlanStatus.FAIL,20,0.18122040547760565,-0.033413135077805856,False,,0.32041665863978824,0.036047236486818485,0.6543917830041052,0.0,4.5,False,7.512600161135197,20,0.18122040547760565,-0.033413135077805856,0.1,60,-64.64484405517578,24.470991134643555,0.004347638933335153,0.0,-51.36998815531822,24.54128973433948,0.002779010405088803,4.425000000000005,0,[]
814,40.7,-64.64484405517578,24.470991134643555,0.0027785056137527423,0.0,0.0,0.0,1.0,PlanStatus.FAIL,20,0.18122040547760565,-0.033413135077805856,False,,0.32041665863978824,0.036047236486818485,0.6543917830041052,0.0,4.5,False,8.797100046649575,20,0.18122040547760565,-0.033413135077805856,0.1,60,-64.64484405517578,24.470991134643555,0.004347638933335153,0.0,-51.36998815531822,24.54128973433948,0.002779010405088803,4.425000000000005,0,[]
815,40.75,-64.64484405517578,24.470991134643555,0.0027785056137527423,0.0,0.0,0.0,1.0,PlanStatus.FAIL,20,0.18122040547760565,-0.033413135077805856,False,,0.32041665863978824,0.036047236486818485,0.6543917830041052,0.0,4.5,False,7.385100005194545,20,0.18122040547760565,-0.033413135077805856,0.1,60,-64.64484405517578,24.470991134643555,0.004347638933335153,0.0,-51.36998815531822,24.54128973433948,0.002779010405088803,4.425000000000005,0,[]
816,40.800000000000004,-64.64484405517578,24.470991134643555,0.0027785056137527423,0.0,0.0,0.0,1.0,PlanStatus.FAIL,20,0.18122040547760565,-0.033413135077805856,False,,0.32041665863978824,0.036047236486818485,0.6543917830041052,0.0,4.5,False,7.466600043699145,20,0.18122040547760565,-0.033413135077805856,0.1,60,-64.64484405517578,24.470991134643555,0.004347638933335153,0.0,-51.36998815531822,24.54128973433948,0.002779010405088803,4.425000000000005,0,[]
817,40.85,-64.64484405517578,24.470991134643555,0.0027785056137527423,0.0,0.0,0.0,1.0,PlanStatus.FAIL,20,0.18122040547760565,-0.033413135077805856,False,,0.32041665863978824,0.036047236486818485,0.6543917830041052,0.0,4.5,False,7.3812000919133425,20,0.18122040547760565,-0.033413135077805856,0.1,60,-64.64484405517578,24.470991134643555,0.004347638933335153,0.0,-51.36998815531822,24.54128973433948,0.002779010405088803,4.425000000000005,0,[]
818,40.900000000000006,-64.64484405517578,24.470991134643555,0.0027785056137527423,0.0,0.0,0.0,1.0,PlanStatus.FAIL,20,0.18122040547760565,-0.033413135077805856,False,,0.32041665863978824,0.036047236486818485,0.6543917830041052,0.0,4.5,False,7.703399984166026,20,0.18122040547760565,-0.033413135077805856,0.1,60,-64.64484405517578,24.470991134643555,0.004347638933335153,0.0,-51.36998815531822,24.54128973433948,0.002779010405088803,4.425000000000005,0,[]
819,40.95,-64.64484405517578,24.470991134643555,0.0027785056137527423,0.0,0.0,0.0,1.0,PlanStatus.FAIL,20,0.18122040547760565,-0.033413135077805856,False,,0.32041665863978824,0.036047236486818485,0.6543917830041052,0.0,4.5,False,7.611399982124567,20,0.18122040547760565,-0.033413135077805856,0.1,60,-64.64484405517578,24.470991134643555,0.004347638933335153,0.0,-51.36998815531822,24.54128973433948,0.002779010405088803,4.425000000000005,0,[]
820,41.0,-64.64484405517578,24.470991134643555,0.0027785056137527423,0.0,0.0,0.0,1.0,PlanStatus.FAIL,20,0.18122040547760565,-0.033413135077805856,False,,0.32041665863978824,0.036047236486818485,0.6543917830041052,0.0,4.5,False,7.5372999999672174,20,0.18122040547760565,-0.033413135077805856,0.1,60,-64.64484405517578,24.470991134643555,0.004347638933335153,0.0,-51.36998815531822,24.54128973433948,0.002779010405088803,4.425000000000005,0,[]
821,41.050000000000004,-64.64484405517578,24.470991134643555,0.0027785056137527423,0.0,0.0,0.0,1.0,PlanStatus.FAIL,20,0.18122040547760565,-0.033413135077805856,False,,0.32041665863978824,0.036047236486818485,0.6543917830041052,0.0,4.5,False,7.245100103318691,20,0.18122040547760565,-0.033413135077805856,0.1,60,-64.64484405517578,24.470991134643555,0.004347638933335153,0.0,-51.36998815531822,24.54128973433948,0.002779010405088803,4.425000000000005,0,[]
822,41.1,-64.64484405517578,24.470991134643555,0.0027785056137527423,0.0,0.0,0.0,1.0,PlanStatus.FAIL,20,0.18122040547760565,-0.033413135077805856,False,,0.32041665863978824,0.036047236486818485,0.6543917830041052,0.0,4.5,False,8.3105000667274,20,0.18122040547760565,-0.033413135077805856,0.1,60,-64.64484405517578,24.470991134643555,0.004347638933335153,0.0,-51.36998815531822,24.54128973433948,0.002779010405088803,4.425000000000005,0,[]
823,41.150000000000006,-64.64484405517578,24.470991134643555,0.0027785056137527423,0.0,0.0,0.0,1.0,PlanStatus.FAIL,20,0.18122040547760565,-0.033413135077805856,False,,0.32041665863978824,0.036047236486818485,0.6543917830041052,0.0,4.5,False,7.267200155183673,20,0.18122040547760565,-0.033413135077805856,0.1,60,-64.64484405517578,24.470991134643555,0.004347638933335153,0.0,-51.36998815531822,24.54128973433948,0.002779010405088803,4.425000000000005,0,[]
824,41.2,-64.64484405517578,24.470991134643555,0.0027785056137527423,0.0,0.0,0.0,1.0,PlanStatus.FAIL,20,0.18122040547760565,-0.033413135077805856,False,,0.32041665863978824,0.036047236486818485,0.6543917830041052,0.0,4.5,False,7.062900112941861,20,0.18122040547760565,-0.033413135077805856,0.1,60,-64.64484405517578,24.470991134643555,0.004347638933335153,0.0,-51.36998815531822,24.54128973433948,0.002779010405088803,4.425000000000005,0,[]
825,41.25,-64.64484405517578,24.470991134643555,0.0027785056137527423,0.0,0.0,0.0,1.0,PlanStatus.FAIL,20,0.18122040547760565,-0.033413135077805856,False,,0.32041665863978824,0.036047236486818485,0.6543917830041052,0.0,4.5,False,7.760699838399887,20,0.18122040547760565,-0.033413135077805856,0.1,60,-64.64484405517578,24.470991134643555,0.004347638933335153,0.0,-51.36998815531822,24.54128973433948,0.002779010405088803,4.425000000000005,0,[]
826,41.300000000000004,-64.64484405517578,24.470991134643555,0.0027785056137527423,0.0,0.0,0.0,1.0,PlanStatus.FAIL,20,0.18122040547760565,-0.033413135077805856,False,,0.32041665863978824,0.036047236486818485,0.6543917830041052,0.0,4.5,False,7.280200021341443,20,0.18122040547760565,-0.033413135077805856,0.1,60,-64.64484405517578,24.470991134643555,0.004347638933335153,0.0,-51.36998815531822,24.54128973433948,0.002779010405088803,4.425000000000005,0,[]
827,41.35,-64.64484405517578,24.470991134643555,0.0027785056137527423,0.0,0.0,0.0,1.0,PlanStatus.FAIL,20,0.18122040547760565,-0.033413135077805856,False,,0.32041665863978824,0.036047236486818485,0.6543917830041052,0.0,4.5,False,7.096800021827221,20,0.18122040547760565,-0.033413135077805856,0.1,60,-64.64484405517578,24.470991134643555,0.004347638933335153,0.0,-51.36998815531822,24.54128973433948,0.002779010405088803,4.425000000000005,0,[]
828,41.400000000000006,-64.64484405517578,24.470991134643555,0.0027785056137527423,0.0,0.0,0.0,1.0,PlanStatus.FAIL,20,0.18122040547760565,-0.033413135077805856,False,,0.32041665863978824,0.036047236486818485,0.6543917830041052,0.0,4.5,False,6.887399824336171,20,0.18122040547760565,-0.033413135077805856,0.1,60,-64.64484405517578,24.470991134643555,0.004347638933335153,0.0,-51.36998815531822,24.54128973433948,0.002779010405088803,4.425000000000005,0,[]
829,41.45,-64.64484405517578,24.470991134643555,0.0027785056137527423,0.0,0.0,0.0,1.0,PlanStatus.FAIL,20,0.18122040547760565,-0.033413135077805856,False,,0.32041665863978824,0.036047236486818485,0.6543917830041052,0.0,4.5,False,8.054399862885475,20,0.18122040547760565,-0.033413135077805856,0.1,60,-64.64484405517578,24.470991134643555,0.004347638933335153,0.0,-51.36998815531822,24.54128973433948,0.002779010405088803,4.425000000000005,0,[]
830,41.5,-64.64484405517578,24.470991134643555,0.0027785056137527423,0.0,0.0,0.0,1.0,PlanStatus.FAIL,20,0.18122040547760565,-0.033413135077805856,False,,0.32041665863978824,0.036047236486818485,0.6543917830041052,0.0,4.5,False,7.552699884399772,20,0.18122040547760565,-0.033413135077805856,0.1,60,-64.64484405517578,24.470991134643555,0.004347638933335153,0.0,-51.36998815531822,24.54128973433948,0.002779010405088803,4.425000000000005,0,[]
831,41.550000000000004,-64.64484405517578,24.470991134643555,0.0027785056137527423,0.0,0.0,0.0,1.0,PlanStatus.FAIL,20,0.18122040547760565,-0.033413135077805856,False,,0.32041665863978824,0.036047236486818485,0.6543917830041052,0.0,4.5,False,7.102200062945485,20,0.18122040547760565,-0.033413135077805856,0.1,60,-64.64484405517578,24.470991134643555,0.004347638933335153,0.0,-51.36998815531822,24.54128973433948,0.002779010405088803,4.425000000000005,0,[]
832,41.6,-64.64484405517578,24.470991134643555,0.0027785056137527423,0.0,0.0,0.0,1.0,PlanStatus.FAIL,20,0.18122040547760565,-0.033413135077805856,False,,0.32041665863978824,0.036047236486818485,0.6543917830041052,0.0,4.5,False,7.1622000541538,20,0.18122040547760565,-0.033413135077805856,0.1,60,-64.64484405517578,24.470991134643555,0.004347638933335153,0.0,-51.36998815531822,24.54128973433948,0.002779010405088803,4.425000000000005,0,[]
833,41.650000000000006,-64.64484405517578,24.470991134643555,0.0027785056137527423,0.0,0.0,0.0,1.0,PlanStatus.FAIL,20,0.18122040547760565,-0.033413135077805856,False,,0.32041665863978824,0.036047236486818485,0.6543917830041052,0.0,4.5,False,8.235599845647812,20,0.18122040547760565,-0.033413135077805856,0.1,60,-64.64484405517578,24.470991134643555,0.004347638933335153,0.0,-51.36998815531822,24.54128973433948,0.002779010405088803,4.425000000000005,0,[]
834,41.7,-64.64484405517578,24.470991134643555,0.0027785056137527423,0.0,0.0,0.0,1.0,PlanStatus.FAIL,20,0.18122040547760565,-0.033413135077805856,False,,0.32041665863978824,0.036047236486818485,0.6543917830041052,0.0,4.5,False,7.16349994763732,20,0.18122040547760565,-0.033413135077805856,0.1,60,-64.64484405517578,24.470991134643555,0.004347638933335153,0.0,-51.36998815531822,24.54128973433948,0.002779010405088803,4.425000000000005,0,[]
835,41.75,-64.64484405517578,24.470991134643555,0.0027785056137527423,0.0,0.0,0.0,1.0,PlanStatus.FAIL,20,0.18122040547760565,-0.033413135077805856,False,,0.32041665863978824,0.036047236486818485,0.6543917830041052,0.0,4.5,False,7.198600098490715,20,0.18122040547760565,-0.033413135077805856,0.1,60,-64.64484405517578,24.470991134643555,0.004347638933335153,0.0,-51.36998815531822,24.54128973433948,0.002779010405088803,4.425000000000005,0,[]
836,41.800000000000004,-64.64484405517578,24.470991134643555,0.0027785056137527423,0.0,0.0,0.0,1.0,PlanStatus.FAIL,20,0.18122040547760565,-0.033413135077805856,False,,0.32041665863978824,0.036047236486818485,0.6543917830041052,0.0,4.5,False,7.65959988348186,20,0.18122040547760565,-0.033413135077805856,0.1,60,-64.64484405517578,24.470991134643555,0.004347638933335153,0.0,-51.36998815531822,24.54128973433948,0.002779010405088803,4.425000000000005,0,[]
837,41.85,-64.64484405517578,24.470991134643555,0.0027785056137527423,0.0,0.0,0.0,1.0,PlanStatus.FAIL,20,0.18122040547760565,-0.033413135077805856,False,,0.32041665863978824,0.036047236486818485,0.6543917830041052,0.0,4.5,False,7.482500048354268,20,0.18122040547760565,-0.033413135077805856,0.1,60,-64.64484405517578,24.470991134643555,0.004347638933335153,0.0,-51.36998815531822,24.54128973433948,0.002779010405088803,4.425000000000005,0,[]
838,41.900000000000006,-64.64484405517578,24.470991134643555,0.0027785056137527423,0.0,0.0,0.0,1.0,PlanStatus.FAIL,20,0.18122040547760565,-0.033413135077805856,False,,0.32041665863978824,0.036047236486818485,0.6543917830041052,0.0,4.5,False,7.09700002335012,20,0.18122040547760565,-0.033413135077805856,0.1,60,-64.64484405517578,24.470991134643555,0.004347638933335153,0.0,-51.36998815531822,24.54128973433948,0.002779010405088803,4.425000000000005,0,[]
839,41.95,-64.64484405517578,24.470991134643555,0.0027785056137527423,0.0,0.0,0.0,1.0,PlanStatus.FAIL,20,0.18122040547760565,-0.033413135077805856,False,,0.32041665863978824,0.036047236486818485,0.6543917830041052,0.0,4.5,False,7.3015999514609575,20,0.18122040547760565,-0.033413135077805856,0.1,60,-64.64484405517578,24.470991134643555,0.004347638933335153,0.0,-51.36998815531822,24.54128973433948,0.002779010405088803,4.425000000000005,0,[]
840,42.0,-64.64484405517578,24.470991134643555,0.0027785056137527423,0.0,0.0,0.0,1.0,PlanStatus.FAIL,20,0.18122040547760565,-0.033413135077805856,False,,0.32041665863978824,0.036047236486818485,0.6543917830041052,0.0,4.5,False,7.076699985191226,20,0.18122040547760565,-0.033413135077805856,0.1,60,-64.64484405517578,24.470991134643555,0.004347638933335153,0.0,-51.36998815531822,24.54128973433948,0.002779010405088803,4.425000000000005,0,[]
841,42.050000000000004,-64.64484405517578,24.470991134643555,0.0027785056137527423,0.0,0.0,0.0,1.0,PlanStatus.FAIL,20,0.18122040547760565,-0.033413135077805856,False,,0.32041665863978824,0.036047236486818485,0.6543917830041052,0.0,4.5,False,7.610499858856201,20,0.18122040547760565,-0.033413135077805856,0.1,60,-64.64484405517578,24.470991134643555,0.004347638933335153,0.0,-51.36998815531822,24.54128973433948,0.002779010405088803,4.425000000000005,0,[]
842,42.1,-64.64484405517578,24.470991134643555,0.0027785056137527423,0.0,0.0,0.0,1.0,PlanStatus.FAIL,20,0.18122040547760565,-0.033413135077805856,False,,0.32041665863978824,0.036047236486818485,0.6543917830041052,0.0,4.5,False,7.5703999027609825,20,0.18122040547760565,-0.033413135077805856,0.1,60,-64.64484405517578,24.470991134643555,0.004347638933335153,0.0,-51.36998815531822,24.54128973433948,0.002779010405088803,4.425000000000005,0,[]
843,42.150000000000006,-64.64484405517578,24.470991134643555,0.0027785056137527423,0.0,0.0,0.0,1.0,PlanStatus.FAIL,20,0.18122040547760565,-0.033413135077805856,False,,0.32041665863978824,0.036047236486818485,0.6543917830041052,0.0,4.5,False,7.500700186938047,20,0.18122040547760565,-0.033413135077805856,0.1,60,-64.64484405517578,24.470991134643555,0.004347638933335153,0.0,-51.36998815531822,24.54128973433948,0.002779010405088803,4.425000000000005,0,[]
844,42.2,-64.64484405517578,24.470991134643555,0.0027785056137527423,0.0,0.0,0.0,1.0,PlanStatus.FAIL,20,0.18122040547760565,-0.033413135077805856,False,,0.32041665863978824,0.036047236486818485,0.6543917830041052,0.0,4.5,False,7.5073998887091875,20,0.18122040547760565,-0.033413135077805856,0.1,60,-64.64484405517578,24.470991134643555,0.004347638933335153,0.0,-51.36998815531822,24.54128973433948,0.002779010405088803,4.425000000000005,0,[]
845,42.25,-64.64484405517578,24.470991134643555,0.0027785056137527423,0.0,0.0,0.0,1.0,PlanStatus.FAIL,20,0.18122040547760565,-0.033413135077805856,False,,0.32041665863978824,0.036047236486818485,0.6543917830041052,0.0,4.5,False,7.493200013414025,20,0.18122040547760565,-0.033413135077805856,0.1,60,-64.64484405517578,24.470991134643555,0.004347638933335153,0.0,-51.36998815531822,24.54128973433948,0.002779010405088803,4.425000000000005,0,[]
846,42.300000000000004,-64.64484405517578,24.470991134643555,0.0027785056137527423,0.0,0.0,0.0,1.0,PlanStatus.FAIL,20,0.18122040547760565,-0.033413135077805856,False,,0.32041665863978824,0.036047236486818485,0.6543917830041052,0.0,4.5,False,7.514300057664514,20,0.18122040547760565,-0.033413135077805856,0.1,60,-64.64484405517578,24.470991134643555,0.004347638933335153,0.0,-51.36998815531822,24.54128973433948,0.002779010405088803,4.425000000000005,0,[]
847,42.35,-64.64484405517578,24.470991134643555,0.0027785056137527423,0.0,0.0,0.0,1.0,PlanStatus.FAIL,20,0.18122040547760565,-0.033413135077805856,False,,0.32041665863978824,0.036047236486818485,0.6543917830041052,0.0,4.5,False,8.203399833291769,20,0.18122040547760565,-0.033413135077805856,0.1,60,-64.64484405517578,24.470991134643555,0.004347638933335153,0.0,-51.36998815531822,24.54128973433948,0.002779010405088803,4.425000000000005,0,[]
848,42.400000000000006,-64.64484405517578,24.470991134643555,0.0027785056137527423,0.0,0.0,0.0,1.0,PlanStatus.FAIL,20,0.18122040547760565,-0.033413135077805856,False,,0.32041665863978824,0.036047236486818485,0.6543917830041052,0.0,4.5,False,7.38129997625947,20,0.18122040547760565,-0.033413135077805856,0.1,60,-64.64484405517578,24.470991134643555,0.004347638933335153,0.0,-51.36998815531822,24.54128973433948,0.002779010405088803,4.425000000000005,0,[]
849,42.45,-64.64484405517578,24.470991134643555,0.0027785056137527423,0.0,0.0,0.0,1.0,PlanStatus.FAIL,20,0.18122040547760565,-0.033413135077805856,False,,0.32041665863978824,0.036047236486818485,0.6543917830041052,0.0,4.5,False,7.695099804550409,20,0.18122040547760565,-0.033413135077805856,0.1,60,-64.64484405517578,24.470991134643555,0.004347638933335153,0.0,-51.36998815531822,24.54128973433948,0.002779010405088803,4.425000000000005,0,[]
850,42.5,-64.64484405517578,24.470991134643555,0.0027785056137527423,0.0,0.0,0.0,1.0,PlanStatus.FAIL,20,0.18122040547760565,-0.033413135077805856,False,,0.32041665863978824,0.036047236486818485,0.6543917830041052,0.0,4.5,False,7.2484000120311975,20,0.18122040547760565,-0.033413135077805856,0.1,60,-64.64484405517578,24.470991134643555,0.004347638933335153,0.0,-51.36998815531822,24.54128973433948,0.002779010405088803,4.425000000000005,0,[]
851,42.550000000000004,-64.64484405517578,24.470991134643555,0.0027785056137527423,0.0,0.0,0.0,1.0,PlanStatus.FAIL,20,0.18122040547760565,-0.033413135077805856,False,,0.32041665863978824,0.036047236486818485,0.6543917830041052,0.0,4.5,False,7.512800162658095,20,0.18122040547760565,-0.033413135077805856,0.1,60,-64.64484405517578,24.470991134643555,0.004347638933335153,0.0,-51.36998815531822,24.54128973433948,0.002779010405088803,4.425000000000005,0,[]
852,42.6,-64.64484405517578,24.470991134643555,0.0027785056137527423,0.0,0.0,0.0,1.0,PlanStatus.FAIL,20,0.18122040547760565,-0.033413135077805856,False,,0.32041665863978824,0.036047236486818485,0.6543917830041052,0.0,4.5,False,7.39129981957376,20,0.18122040547760565,-0.033413135077805856,0.1,60,-64.64484405517578,24.470991134643555,0.004347638933335153,0.0,-51.36998815531822,24.54128973433948,0.002779010405088803,4.425000000000005,0,[]
853,42.650000000000006,-64.64484405517578,24.470991134643555,0.0027785056137527423,0.0,0.0,0.0,1.0,PlanStatus.FAIL,20,0.18122040547760565,-0.033413135077805856,False,,0.32041665863978824,0.036047236486818485,0.6543917830041052,0.0,4.5,False,7.6027000322937965,20,0.18122040547760565,-0.033413135077805856,0.1,60,-64.64484405517578,24.470991134643555,0.004347638933335153,0.0,-51.36998815531822,24.54128973433948,0.002779010405088803,4.425000000000005,0,[]
854,42.7,-64.64484405517578,24.470991134643555,0.0027785056137527423,0.0,0.0,0.0,1.0,PlanStatus.FAIL,20,0.18122040547760565,-0.033413135077805856,False,,0.32041665863978824,0.036047236486818485,0.6543917830041052,0.0,4.5,False,7.2830000426620245,20,0.18122040547760565,-0.033413135077805856,0.1,60,-64.64484405517578,24.470991134643555,0.004347638933335153,0.0,-51.36998815531822,24.54128973433948,0.002779010405088803,4.425000000000005,0,[]
855,42.75,-64.64484405517578,24.470991134643555,0.0027785056137527423,0.0,0.0,0.0,1.0,PlanStatus.FAIL,20,0.18122040547760565,-0.033413135077805856,False,,0.32041665863978824,0.036047236486818485,0.6543917830041052,0.0,4.5,False,7.2691000532358885,20,0.18122040547760565,-0.033413135077805856,0.1,60,-64.64484405517578,24.470991134643555,0.004347638933335153,0.0,-51.36998815531822,24.54128973433948,0.002779010405088803,4.425000000000005,0,[]
856,42.800000000000004,-64.64484405517578,24.470991134643555,0.0027785056137527423,0.0,0.0,0.0,1.0,PlanStatus.FAIL,20,0.18122040547760565,-0.033413135077805856,False,,0.32041665863978824,0.036047236486818485,0.6543917830041052,0.0,4.5,False,7.404000032693148,20,0.18122040547760565,-0.033413135077805856,0.1,60,-64.64484405517578,24.470991134643555,0.004347638933335153,0.0,-51.36998815531822,24.54128973433948,0.002779010405088803,4.425000000000005,0,[]
857,42.85,-64.64484405517578,24.470991134643555,0.0027785056137527423,0.0,0.0,0.0,1.0,PlanStatus.FAIL,20,0.18122040547760565,-0.033413135077805856,False,,0.32041665863978824,0.036047236486818485,0.6543917830041052,0.0,4.5,False,8.882499998435378,20,0.18122040547760565,-0.033413135077805856,0.1,60,-64.64484405517578,24.470991134643555,0.004347638933335153,0.0,-51.36998815531822,24.54128973433948,0.002779010405088803,4.425000000000005,0,[]
858,42.900000000000006,-64.64484405517578,24.470991134643555,0.0027785056137527423,0.0,0.0,0.0,1.0,PlanStatus.FAIL,20,0.18122040547760565,-0.033413135077805856,False,,0.32041665863978824,0.036047236486818485,0.6543917830041052,0.0,4.5,False,7.377200061455369,20,0.18122040547760565,-0.033413135077805856,0.1,60,-64.64484405517578,24.470991134643555,0.004347638933335153,0.0,-51.36998815531822,24.54128973433948,0.002779010405088803,4.425000000000005,0,[]
859,42.95,-64.64484405517578,24.470991134643555,0.0027785056137527423,0.0,0.0,0.0,1.0,PlanStatus.FAIL,20,0.18122040547760565,-0.033413135077805856,False,,0.32041665863978824,0.036047236486818485,0.6543917830041052,0.0,4.5,False,7.711900165304542,20,0.18122040547760565,-0.033413135077805856,0.1,60,-64.64484405517578,24.470991134643555,0.004347638933335153,0.0,-51.36998815531822,24.54128973433948,0.002779010405088803,4.425000000000005,0,[]
860,43.0,-64.64484405517578,24.470991134643555,0.0027785056137527423,0.0,0.0,0.0,1.0,PlanStatus.FAIL,20,0.18122040547760565,-0.033413135077805856,False,,0.32041665863978824,0.036047236486818485,0.6543917830041052,0.0,4.5,False,8.127100067213178,20,0.18122040547760565,-0.033413135077805856,0.1,60,-64.64484405517578,24.470991134643555,0.004347638933335153,0.0,-51.36998815531822,24.54128973433948,0.002779010405088803,4.425000000000005,0,[]
861,43.050000000000004,-64.64484405517578,24.470991134643555,0.0027785056137527423,0.0,0.0,0.0,1.0,PlanStatus.FAIL,20,0.18122040547760565,-0.033413135077805856,False,,0.32041665863978824,0.036047236486818485,0.6543917830041052,0.0,4.5,False,7.301200181245804,20,0.18122040547760565,-0.033413135077805856,0.1,60,-64.64484405517578,24.470991134643555,0.004347638933335153,0.0,-51.36998815531822,24.54128973433948,0.002779010405088803,4.425000000000005,0,[]
862,43.1,-64.64484405517578,24.470991134643555,0.0027785056137527423,0.0,0.0,0.0,1.0,PlanStatus.FAIL,20,0.18122040547760565,-0.033413135077805856,False,,0.32041665863978824,0.036047236486818485,0.6543917830041052,0.0,4.5,False,7.152500096708536,20,0.18122040547760565,-0.033413135077805856,0.1,60,-64.64484405517578,24.470991134643555,0.004347638933335153,0.0,-51.36998815531822,24.54128973433948,0.002779010405088803,4.425000000000005,0,[]
863,43.150000000000006,-64.64484405517578,24.470991134643555,0.0027785056137527423,0.0,0.0,0.0,1.0,PlanStatus.FAIL,20,0.18122040547760565,-0.033413135077805856,False,,0.32041665863978824,0.036047236486818485,0.6543917830041052,0.0,4.5,False,7.869600085541606,20,0.18122040547760565,-0.033413135077805856,0.1,60,-64.64484405517578,24.470991134643555,0.004347638933335153,0.0,-51.36998815531822,24.54128973433948,0.002779010405088803,4.425000000000005,0,[]
864,43.2,-64.64484405517578,24.470991134643555,0.0027785056137527423,0.0,0.0,0.0,1.0,PlanStatus.FAIL,20,0.18122040547760565,-0.033413135077805856,False,,0.32041665863978824,0.036047236486818485,0.6543917830041052,0.0,4.5,False,7.288199849426746,20,0.18122040547760565,-0.033413135077805856,0.1,60,-64.64484405517578,24.470991134643555,0.004347638933335153,0.0,-51.36998815531822,24.54128973433948,0.002779010405088803,4.425000000000005,0,[]
865,43.25,-64.64484405517578,24.470991134643555,0.0027785056137527423,0.0,0.0,0.0,1.0,PlanStatus.FAIL,20,0.18122040547760565,-0.033413135077805856,False,,0.32041665863978824,0.036047236486818485,0.6543917830041052,0.0,4.5,False,7.644800003618002,20,0.18122040547760565,-0.033413135077805856,0.1,60,-64.64484405517578,24.470991134643555,0.004347638933335153,0.0,-51.36998815531822,24.54128973433948,0.002779010405088803,4.425000000000005,0,[]
866,43.300000000000004,-64.64484405517578,24.470991134643555,0.0027785056137527423,0.0,0.0,0.0,1.0,PlanStatus.FAIL,20,0.18122040547760565,-0.033413135077805856,False,,0.32041665863978824,0.036047236486818485,0.6543917830041052,0.0,4.5,False,8.131499867886305,20,0.18122040547760565,-0.033413135077805856,0.1,60,-64.64484405517578,24.470991134643555,0.004347638933335153,0.0,-51.36998815531822,24.54128973433948,0.002779010405088803,4.425000000000005,0,[]
867,43.35,-64.64484405517578,24.470991134643555,0.0027785056137527423,0.0,0.0,0.0,1.0,PlanStatus.FAIL,20,0.18122040547760565,-0.033413135077805856,False,,0.32041665863978824,0.036047236486818485,0.6543917830041052,0.0,4.5,False,8.173499954864383,20,0.18122040547760565,-0.033413135077805856,0.1,60,-64.64484405517578,24.470991134643555,0.004347638933335153,0.0,-51.36998815531822,24.54128973433948,0.002779010405088803,4.425000000000005,0,[]
868,43.400000000000006,-64.64484405517578,24.470991134643555,0.0027785056137527423,0.0,0.0,0.0,1.0,PlanStatus.FAIL,20,0.18122040547760565,-0.033413135077805856,False,,0.32041665863978824,0.036047236486818485,0.6543917830041052,0.0,4.5,False,7.512299809604883,20,0.18122040547760565,-0.033413135077805856,0.1,60,-64.64484405517578,24.470991134643555,0.004347638933335153,0.0,-51.36998815531822,24.54128973433948,0.002779010405088803,4.425000000000005,0,[]
869,43.45,-64.64484405517578,24.470991134643555,0.0027785056137527423,0.0,0.0,0.0,1.0,PlanStatus.FAIL,20,0.18122040547760565,-0.033413135077805856,False,,0.32041665863978824,0.036047236486818485,0.6543917830041052,0.0,4.5,False,7.251699920743704,20,0.18122040547760565,-0.033413135077805856,0.1,60,-64.64484405517578,24.470991134643555,0.004347638933335153,0.0,-51.36998815531822,24.54128973433948,0.002779010405088803,4.425000000000005,0,[]
870,43.5,-64.64484405517578,24.470991134643555,0.0027785056137527423,0.0,0.0,0.0,1.0,PlanStatus.FAIL,20,0.18122040547760565,-0.033413135077805856,False,,0.32041665863978824,0.036047236486818485,0.6543917830041052,0.0,4.5,False,7.19940010458231,20,0.18122040547760565,-0.033413135077805856,0.1,60,-64.64484405517578,24.470991134643555,0.004347638933335153,0.0,-51.36998815531822,24.54128973433948,0.002779010405088803,4.425000000000005,0,[]
871,43.550000000000004,-64.64484405517578,24.470991134643555,0.0027785056137527423,0.0,0.0,0.0,1.0,PlanStatus.FAIL,20,0.18122040547760565,-0.033413135077805856,False,,0.32041665863978824,0.036047236486818485,0.6543917830041052,0.0,4.5,False,7.173600140959024,20,0.18122040547760565,-0.033413135077805856,0.1,60,-64.64484405517578,24.470991134643555,0.004347638933335153,0.0,-51.36998815531822,24.54128973433948,0.002779010405088803,4.425000000000005,0,[]
872,43.6,-64.64484405517578,24.470991134643555,0.0027785056137527423,0.0,0.0,0.0,1.0,PlanStatus.FAIL,20,0.18122040547760565,-0.033413135077805856,False,,0.32041665863978824,0.036047236486818485,0.6543917830041052,0.0,4.5,False,7.625399855896831,20,0.18122040547760565,-0.033413135077805856,0.1,60,-64.64484405517578,24.470991134643555,0.004347638933335153,0.0,-51.36998815531822,24.54128973433948,0.002779010405088803,4.425000000000005,0,[]
873,43.650000000000006,-64.64484405517578,24.470991134643555,0.0027785056137527423,0.0,0.0,0.0,1.0,PlanStatus.FAIL,20,0.18122040547760565,-0.033413135077805856,False,,0.32041665863978824,0.036047236486818485,0.6543917830041052,0.0,4.5,False,7.781400112435222,20,0.18122040547760565,-0.033413135077805856,0.1,60,-64.64484405517578,24.470991134643555,0.004347638933335153,0.0,-51.36998815531822,24.54128973433948,0.002779010405088803,4.425000000000005,0,[]
874,43.7,-64.64484405517578,24.470991134643555,0.0027785056137527423,0.0,0.0,0.0,1.0,PlanStatus.FAIL,20,0.18122040547760565,-0.033413135077805856,False,,0.32041665863978824,0.036047236486818485,0.6543917830041052,0.0,4.5,False,7.410800084471703,20,0.18122040547760565,-0.033413135077805856,0.1,60,-64.64484405517578,24.470991134643555,0.004347638933335153,0.0,-51.36998815531822,24.54128973433948,0.002779010405088803,4.425000000000005,0,[]
875,43.75,-64.64484405517578,24.470991134643555,0.0027785056137527423,0.0,0.0,0.0,1.0,PlanStatus.FAIL,20,0.18122040547760565,-0.033413135077805856,False,,0.32041665863978824,0.036047236486818485,0.6543917830041052,0.0,4.5,False,7.3627999518066645,20,0.18122040547760565,-0.033413135077805856,0.1,60,-64.64484405517578,24.470991134643555,0.004347638933335153,0.0,-51.36998815531822,24.54128973433948,0.002779010405088803,4.425000000000005,0,[]
876,43.800000000000004,-64.64484405517578,24.470991134643555,0.0027785056137527423,0.0,0.0,0.0,1.0,PlanStatus.FAIL,20,0.18122040547760565,-0.033413135077805856,False,,0.32041665863978824,0.036047236486818485,0.6543917830041052,0.0,4.5,False,11.131000006571412,20,0.18122040547760565,-0.033413135077805856,0.1,60,-64.64484405517578,24.470991134643555,0.004347638933335153,0.0,-51.36998815531822,24.54128973433948,0.002779010405088803,4.425000000000005,0,[]
877,43.85,-64.64484405517578,24.470991134643555,0.0027785056137527423,0.0,0.0,0.0,1.0,PlanStatus.FAIL,20,0.18122040547760565,-0.033413135077805856,False,,0.32041665863978824,0.036047236486818485,0.6543917830041052,0.0,4.5,False,8.643899811431766,20,0.18122040547760565,-0.033413135077805856,0.1,60,-64.64484405517578,24.470991134643555,0.004347638933335153,0.0,-51.36998815531822,24.54128973433948,0.002779010405088803,4.425000000000005,0,[]
878,43.900000000000006,-64.64484405517578,24.470991134643555,0.0027785056137527423,0.0,0.0,0.0,1.0,PlanStatus.FAIL,20,0.18122040547760565,-0.033413135077805856,False,,0.32041665863978824,0.036047236486818485,0.6543917830041052,0.0,4.5,False,7.285299943760037,20,0.18122040547760565,-0.033413135077805856,0.1,60,-64.64484405517578,24.470991134643555,0.004347638933335153,0.0,-51.36998815531822,24.54128973433948,0.002779010405088803,4.425000000000005,0,[]
879,43.95,-64.64484405517578,24.470991134643555,0.0027785056137527423,0.0,0.0,0.0,1.0,PlanStatus.FAIL,20,0.18122040547760565,-0.033413135077805856,False,,0.32041665863978824,0.036047236486818485,0.6543917830041052,0.0,4.5,False,10.177999967709184,20,0.18122040547760565,-0.033413135077805856,0.1,60,-64.64484405517578,24.470991134643555,0.004347638933335153,0.0,-51.36998815531822,24.54128973433948,0.002779010405088803,4.425000000000005,0,[]
880,44.0,-64.64484405517578,24.470991134643555,0.0027785056137527423,0.0,0.0,0.0,1.0,PlanStatus.FAIL,20,0.18122040547760565,-0.033413135077805856,False,,0.32041665863978824,0.036047236486818485,0.6543917830041052,0.0,4.5,False,7.402000017464161,20,0.18122040547760565,-0.033413135077805856,0.1,60,-64.64484405517578,24.470991134643555,0.004347638933335153,0.0,-51.36998815531822,24.54128973433948,0.002779010405088803,4.425000000000005,0,[]
881,44.050000000000004,-64.64484405517578,24.470991134643555,0.0027785056137527423,0.0,0.0,0.0,1.0,PlanStatus.FAIL,20,0.18122040547760565,-0.033413135077805856,False,,0.32041665863978824,0.036047236486818485,0.6543917830041052,0.0,4.5,False,7.6235998421907425,20,0.18122040547760565,-0.033413135077805856,0.1,60,-64.64484405517578,24.470991134643555,0.004347638933335153,0.0,-51.36998815531822,24.54128973433948,0.002779010405088803,4.425000000000005,0,[]
882,44.1,-64.64484405517578,24.470991134643555,0.0027785056137527423,0.0,0.0,0.0,1.0,PlanStatus.FAIL,20,0.18122040547760565,-0.033413135077805856,False,,0.32041665863978824,0.036047236486818485,0.6543917830041052,0.0,4.5,False,9.310699999332428,20,0.18122040547760565,-0.033413135077805856,0.1,60,-64.64484405517578,24.470991134643555,0.004347638933335153,0.0,-51.36998815531822,24.54128973433948,0.002779010405088803,4.425000000000005,0,[]
883,44.150000000000006,-64.64484405517578,24.470991134643555,0.0027785056137527423,0.0,0.0,0.0,1.0,PlanStatus.FAIL,20,0.18122040547760565,-0.033413135077805856,False,,0.32041665863978824,0.036047236486818485,0.6543917830041052,0.0,4.5,False,7.815999910235405,20,0.18122040547760565,-0.033413135077805856,0.1,60,-64.64484405517578,24.470991134643555,0.004347638933335153,0.0,-51.36998815531822,24.54128973433948,0.002779010405088803,4.425000000000005,0,[]
884,44.2,-64.64484405517578,24.470991134643555,0.0027785056137527423,0.0,0.0,0.0,1.0,PlanStatus.FAIL,20,0.18122040547760565,-0.033413135077805856,False,,0.32041665863978824,0.036047236486818485,0.6543917830041052,0.0,4.5,False,7.420999929308891,20,0.18122040547760565,-0.033413135077805856,0.1,60,-64.64484405517578,24.470991134643555,0.004347638933335153,0.0,-51.36998815531822,24.54128973433948,0.002779010405088803,4.425000000000005,0,[]
885,44.25,-64.64484405517578,24.470991134643555,0.0027785056137527423,0.0,0.0,0.0,1.0,PlanStatus.FAIL,20,0.18122040547760565,-0.033413135077805856,False,,0.32041665863978824,0.036047236486818485,0.6543917830041052,0.0,4.5,False,7.571399910375476,20,0.18122040547760565,-0.033413135077805856,0.1,60,-64.64484405517578,24.470991134643555,0.004347638933335153,0.0,-51.36998815531822,24.54128973433948,0.002779010405088803,4.425000000000005,0,[]
886,44.300000000000004,-64.64484405517578,24.470991134643555,0.0027785056137527423,0.0,0.0,0.0,1.0,PlanStatus.FAIL,20,0.18122040547760565,-0.033413135077805856,False,,0.32041665863978824,0.036047236486818485,0.6543917830041052,0.0,4.5,False,7.634900044649839,20,0.18122040547760565,-0.033413135077805856,0.1,60,-64.64484405517578,24.470991134643555,0.004347638933335153,0.0,-51.36998815531822,24.54128973433948,0.002779010405088803,4.425000000000005,0,[]
887,44.35,-64.64484405517578,24.470991134643555,0.0027785056137527423,0.0,0.0,0.0,1.0,PlanStatus.FAIL,20,0.18122040547760565,-0.033413135077805856,False,,0.32041665863978824,0.036047236486818485,0.6543917830041052,0.0,4.5,False,8.821599883958697,20,0.18122040547760565,-0.033413135077805856,0.1,60,-64.64484405517578,24.470991134643555,0.004347638933335153,0.0,-51.36998815531822,24.54128973433948,0.002779010405088803,4.425000000000005,0,[]
888,44.400000000000006,-64.64484405517578,24.470991134643555,0.0027785056137527423,0.0,0.0,0.0,1.0,PlanStatus.FAIL,20,0.18122040547760565,-0.033413135077805856,False,,0.32041665863978824,0.036047236486818485,0.6543917830041052,0.0,4.5,False,7.572900038212538,20,0.18122040547760565,-0.033413135077805856,0.1,60,-64.64484405517578,24.470991134643555,0.004347638933335153,0.0,-51.36998815531822,24.54128973433948,0.002779010405088803,4.425000000000005,0,[]
889,44.45,-64.64484405517578,24.470991134643555,0.0027785056137527423,0.0,0.0,0.0,1.0,PlanStatus.FAIL,20,0.18122040547760565,-0.033413135077805856,False,,0.32041665863978824,0.036047236486818485,0.6543917830041052,0.0,4.5,False,7.728999946266413,20,0.18122040547760565,-0.033413135077805856,0.1,60,-64.64484405517578,24.470991134643555,0.004347638933335153,0.0,-51.36998815531822,24.54128973433948,0.002779010405088803,4.425000000000005,0,[]
890,44.5,-64.64484405517578,24.470991134643555,0.0027785056137527423,0.0,0.0,0.0,1.0,PlanStatus.FAIL,20,0.18122040547760565,-0.033413135077805856,False,,0.32041665863978824,0.036047236486818485,0.6543917830041052,0.0,4.5,False,8.95619997754693,20,0.18122040547760565,-0.033413135077805856,0.1,60,-64.64484405517578,24.470991134643555,0.004347638933335153,0.0,-51.36998815531822,24.54128973433948,0.002779010405088803,4.425000000000005,0,[]
891,44.550000000000004,-64.64484405517578,24.470991134643555,0.0027785056137527423,0.0,0.0,0.0,1.0,PlanStatus.FAIL,20,0.18122040547760565,-0.033413135077805856,False,,0.32041665863978824,0.036047236486818485,0.6543917830041052,0.0,4.5,False,7.56950001232326,20,0.18122040547760565,-0.033413135077805856,0.1,60,-64.64484405517578,24.470991134643555,0.004347638933335153,0.0,-51.36998815531822,24.54128973433948,0.002779010405088803,4.425000000000005,0,[]
892,44.6,-64.64484405517578,24.470991134643555,0.0027785056137527423,0.0,0.0,0.0,1.0,PlanStatus.FAIL,20,0.18122040547760565,-0.033413135077805856,False,,0.32041665863978824,0.036047236486818485,0.6543917830041052,0.0,4.5,False,7.813900010660291,20,0.18122040547760565,-0.033413135077805856,0.1,60,-64.64484405517578,24.470991134643555,0.004347638933335153,0.0,-51.36998815531822,24.54128973433948,0.002779010405088803,4.425000000000005,0,[]
893,44.650000000000006,-64.64484405517578,24.470991134643555,0.0027785056137527423,0.0,0.0,0.0,1.0,PlanStatus.FAIL,20,0.18122040547760565,-0.033413135077805856,False,,0.32041665863978824,0.036047236486818485,0.6543917830041052,0.0,4.5,False,7.939700037240982,20,0.18122040547760565,-0.033413135077805856,0.1,60,-64.64484405517578,24.470991134643555,0.004347638933335153,0.0,-51.36998815531822,24.54128973433948,0.002779010405088803,4.425000000000005,0,[]
894,44.7,-64.64484405517578,24.470991134643555,0.0027785056137527423,0.0,0.0,0.0,1.0,PlanStatus.FAIL,20,0.18122040547760565,-0.033413135077805856,False,,0.32041665863978824,0.036047236486818485,0.6543917830041052,0.0,4.5,False,7.36499996855855,20,0.18122040547760565,-0.033413135077805856,0.1,60,-64.64484405517578,24.470991134643555,0.004347638933335153,0.0,-51.36998815531822,24.54128973433948,0.002779010405088803,4.425000000000005,0,[]
895,44.75,-64.64484405517578,24.470991134643555,0.0027785056137527423,0.0,0.0,0.0,1.0,PlanStatus.FAIL,20,0.18122040547760565,-0.033413135077805856,False,,0.32041665863978824,0.036047236486818485,0.6543917830041052,0.0,4.5,False,7.693100022152066,20,0.18122040547760565,-0.033413135077805856,0.1,60,-64.64484405517578,24.470991134643555,0.004347638933335153,0.0,-51.36998815531822,24.54128973433948,0.002779010405088803,4.425000000000005,0,[]
896,44.800000000000004,-64.64484405517578,24.470991134643555,0.0027785056137527423,0.0,0.0,0.0,1.0,PlanStatus.FAIL,20,0.18122040547760565,-0.033413135077805856,False,,0.32041665863978824,0.036047236486818485,0.6543917830041052,0.0,4.5,False,8.659400045871735,20,0.18122040547760565,-0.033413135077805856,0.1,60,-64.64484405517578,24.470991134643555,0.004347638933335153,0.0,-51.36998815531822,24.54128973433948,0.002779010405088803,4.425000000000005,0,[]
897,44.85,-64.64484405517578,24.470991134643555,0.0027785056137527423,0.0,0.0,0.0,1.0,PlanStatus.FAIL,20,0.18122040547760565,-0.033413135077805856,False,,0.32041665863978824,0.036047236486818485,0.6543917830041052,0.0,4.5,False,8.320100139826536,20,0.18122040547760565,-0.033413135077805856,0.1,60,-64.64484405517578,24.470991134643555,0.004347638933335153,0.0,-51.36998815531822,24.54128973433948,0.002779010405088803,4.425000000000005,0,[]
898,44.900000000000006,-64.64484405517578,24.470991134643555,0.0027785056137527423,0.0,0.0,0.0,1.0,PlanStatus.FAIL,20,0.18122040547760565,-0.033413135077805856,False,,0.32041665863978824,0.036047236486818485,0.6543917830041052,0.0,4.5,False,7.823799969628453,20,0.18122040547760565,-0.033413135077805856,0.1,60,-64.64484405517578,24.470991134643555,0.004347638933335153,0.0,-51.36998815531822,24.54128973433948,0.002779010405088803,4.425000000000005,0,[]
899,44.95,-64.64484405517578,24.470991134643555,0.0027785056137527423,0.0,0.0,0.0,1.0,PlanStatus.FAIL,20,0.18122040547760565,-0.033413135077805856,False,,0.32041665863978824,0.036047236486818485,0.6543917830041052,0.0,4.5,False,7.74569995701313,20,0.18122040547760565,-0.033413135077805856,0.1,60,-64.64484405517578,24.470991134643555,0.004347638933335153,0.0,-51.36998815531822,24.54128973433948,0.002779010405088803,4.425000000000005,0,[]
900,45.0,-64.64484405517578,24.470991134643555,0.0027785056137527423,0.0,0.0,0.0,1.0,PlanStatus.FAIL,20,0.18122040547760565,-0.033413135077805856,False,,0.32041665863978824,0.036047236486818485,0.6543917830041052,0.0,4.5,False,7.789399940520525,20,0.18122040547760565,-0.033413135077805856,0.1,60,-64.64484405517578,24.470991134643555,0.004347638933335153,0.0,-51.36998815531822,24.54128973433948,0.002779010405088803,4.425000000000005,0,[]
901,45.050000000000004,-64.64484405517578,24.470991134643555,0.0027785056137527423,0.0,0.0,0.0,1.0,PlanStatus.FAIL,20,0.18122040547760565,-0.033413135077805856,False,,0.32041665863978824,0.036047236486818485,0.6543917830041052,0.0,4.5,False,7.792300079017878,20,0.18122040547760565,-0.033413135077805856,0.1,60,-64.64484405517578,24.470991134643555,0.004347638933335153,0.0,-51.36998815531822,24.54128973433948,0.002779010405088803,4.425000000000005,0,[]
902,45.1,-64.64484405517578,24.470991134643555,0.0027785056137527423,0.0,0.0,0.0,1.0,PlanStatus.FAIL,20,0.18122040547760565,-0.033413135077805856,False,,0.32041665863978824,0.036047236486818485,0.6543917830041052,0.0,4.5,False,7.794799981638789,20,0.18122040547760565,-0.033413135077805856,0.1,60,-64.64484405517578,24.470991134643555,0.004347638933335153,0.0,-51.36998815531822,24.54128973433948,0.002779010405088803,4.425000000000005,0,[]
903,45.150000000000006,-64.64484405517578,24.470991134643555,0.0027785056137527423,0.0,0.0,0.0,1.0,PlanStatus.FAIL,20,0.18122040547760565,-0.033413135077805856,False,,0.32041665863978824,0.036047236486818485,0.6543917830041052,0.0,4.5,False,7.934399880468845,20,0.18122040547760565,-0.033413135077805856,0.1,60,-64.64484405517578,24.470991134643555,0.004347638933335153,0.0,-51.36998815531822,24.54128973433948,0.002779010405088803,4.425000000000005,0,[]
904,45.2,-64.64484405517578,24.470991134643555,0.0027785056137527423,0.0,0.0,0.0,1.0,PlanStatus.FAIL,20,0.18122040547760565,-0.033413135077805856,False,,0.32041665863978824,0.036047236486818485,0.6543917830041052,0.0,4.5,False,7.9062997829169035,20,0.18122040547760565,-0.033413135077805856,0.1,60,-64.64484405517578,24.470991134643555,0.004347638933335153,0.0,-51.36998815531822,24.54128973433948,0.002779010405088803,4.425000000000005,0,[]
905,45.25,-64.64484405517578,24.470991134643555,0.0027785056137527423,0.0,0.0,0.0,1.0,PlanStatus.FAIL,20,0.18122040547760565,-0.033413135077805856,False,,0.32041665863978824,0.036047236486818485,0.6543917830041052,0.0,4.5,False,7.691399892792106,20,0.18122040547760565,-0.033413135077805856,0.1,60,-64.64484405517578,24.470991134643555,0.004347638933335153,0.0,-51.36998815531822,24.54128973433948,0.002779010405088803,4.425000000000005,0,[]
906,45.300000000000004,-64.64484405517578,24.470991134643555,0.0027785056137527423,0.0,0.0,0.0,1.0,PlanStatus.FAIL,20,0.18122040547760565,-0.033413135077805856,False,,0.32041665863978824,0.036047236486818485,0.6543917830041052,0.0,4.5,False,7.79159995727241,20,0.18122040547760565,-0.033413135077805856,0.1,60,-64.64484405517578,24.470991134643555,0.004347638933335153,0.0,-51.36998815531822,24.54128973433948,0.002779010405088803,4.425000000000005,0,[]
907,45.35,-64.64484405517578,24.470991134643555,0.0027785056137527423,0.0,0.0,0.0,1.0,PlanStatus.FAIL,20,0.18122040547760565,-0.033413135077805856,False,,0.32041665863978824,0.036047236486818485,0.6543917830041052,0.0,4.5,False,7.9079000279307365,20,0.18122040547760565,-0.033413135077805856,0.1,60,-64.64484405517578,24.470991134643555,0.004347638933335153,0.0,-51.36998815531822,24.54128973433948,0.002779010405088803,4.425000000000005,0,[]
908,45.400000000000006,-64.64484405517578,24.470991134643555,0.0027785056137527423,0.0,0.0,0.0,1.0,PlanStatus.FAIL,20,0.18122040547760565,-0.033413135077805856,False,,0.32041665863978824,0.036047236486818485,0.6543917830041052,0.0,4.5,False,8.185199927538633,20,0.18122040547760565,-0.033413135077805856,0.1,60,-64.64484405517578,24.470991134643555,0.004347638933335153,0.0,-51.36998815531822,24.54128973433948,0.002779010405088803,4.425000000000005,0,[]
909,45.45,-64.64484405517578,24.470991134643555,0.0027785056137527423,0.0,0.0,0.0,1.0,PlanStatus.FAIL,20,0.18122040547760565,-0.033413135077805856,False,,0.32041665863978824,0.036047236486818485,0.6543917830041052,0.0,4.5,False,7.8737998846918344,20,0.18122040547760565,-0.033413135077805856,0.1,60,-64.64484405517578,24.470991134643555,0.004347638933335153,0.0,-51.36998815531822,24.54128973433948,0.002779010405088803,4.425000000000005,0,[]
910,45.5,-64.64484405517578,24.470991134643555,0.0027785056137527423,0.0,0.0,0.0,1.0,PlanStatus.FAIL,20,0.18122040547760565,-0.033413135077805856,False,,0.32041665863978824,0.036047236486818485,0.6543917830041052,0.0,4.5,False,9.470999939367175,20,0.18122040547760565,-0.033413135077805856,0.1,60,-64.64484405517578,24.470991134643555,0.004347638933335153,0.0,-51.36998815531822,24.54128973433948,0.002779010405088803,4.425000000000005,0,[]
911,45.550000000000004,-64.64484405517578,24.470991134643555,0.0027785056137527423,0.0,0.0,0.0,1.0,PlanStatus.FAIL,20,0.18122040547760565,-0.033413135077805856,False,,0.32041665863978824,0.036047236486818485,0.6543917830041052,0.0,4.5,False,8.269499987363815,20,0.18122040547760565,-0.033413135077805856,0.1,60,-64.64484405517578,24.470991134643555,0.004347638933335153,0.0,-51.36998815531822,24.54128973433948,0.002779010405088803,4.425000000000005,0,[]
912,45.6,-64.64484405517578,24.470991134643555,0.0027785056137527423,0.0,0.0,0.0,1.0,PlanStatus.FAIL,20,0.18122040547760565,-0.033413135077805856,False,,0.32041665863978824,0.036047236486818485,0.6543917830041052,0.0,4.5,False,8.258800022304058,20,0.18122040547760565,-0.033413135077805856,0.1,60,-64.64484405517578,24.470991134643555,0.004347638933335153,0.0,-51.36998815531822,24.54128973433948,0.002779010405088803,4.425000000000005,0,[]
913,45.650000000000006,-64.64484405517578,24.470991134643555,0.0027785056137527423,0.0,0.0,0.0,1.0,PlanStatus.FAIL,20,0.18122040547760565,-0.033413135077805856,False,,0.32041665863978824,0.036047236486818485,0.6543917830041052,0.0,4.5,False,7.264399901032448,20,0.18122040547760565,-0.033413135077805856,0.1,60,-64.64484405517578,24.470991134643555,0.004347638933335153,0.0,-51.36998815531822,24.54128973433948,0.002779010405088803,4.425000000000005,0,[]
914,45.7,-64.64484405517578,24.470991134643555,0.0027785056137527423,0.0,0.0,0.0,1.0,PlanStatus.FAIL,20,0.18122040547760565,-0.033413135077805856,False,,0.32041665863978824,0.036047236486818485,0.6543917830041052,0.0,4.5,False,7.554400013759732,20,0.18122040547760565,-0.033413135077805856,0.1,60,-64.64484405517578,24.470991134643555,0.004347638933335153,0.0,-51.36998815531822,24.54128973433948,0.002779010405088803,4.425000000000005,0,[]
915,45.75,-64.64484405517578,24.470991134643555,0.0027785056137527423,0.0,0.0,0.0,1.0,PlanStatus.FAIL,20,0.18122040547760565,-0.033413135077805856,False,,0.32041665863978824,0.036047236486818485,0.6543917830041052,0.0,4.5,False,7.894499925896525,20,0.18122040547760565,-0.033413135077805856,0.1,60,-64.64484405517578,24.470991134643555,0.004347638933335153,0.0,-51.36998815531822,24.54128973433948,0.002779010405088803,4.425000000000005,0,[]
916,45.800000000000004,-64.64484405517578,24.470991134643555,0.0027785056137527423,0.0,0.0,0.0,1.0,PlanStatus.FAIL,20,0.18122040547760565,-0.033413135077805856,False,,0.32041665863978824,0.036047236486818485,0.6543917830041052,0.0,4.5,False,7.72039988078177,20,0.18122040547760565,-0.033413135077805856,0.1,60,-64.64484405517578,24.470991134643555,0.004347638933335153,0.0,-51.36998815531822,24.54128973433948,0.002779010405088803,4.425000000000005,0,[]
917,45.85,-64.64484405517578,24.470991134643555,0.0027785056137527423,0.0,0.0,0.0,1.0,PlanStatus.FAIL,20,0.18122040547760565,-0.033413135077805856,False,,0.32041665863978824,0.036047236486818485,0.6543917830041052,0.0,4.5,False,7.987000048160553,20,0.18122040547760565,-0.033413135077805856,0.1,60,-64.64484405517578,24.470991134643555,0.004347638933335153,0.0,-51.36998815531822,24.54128973433948,0.002779010405088803,4.425000000000005,0,[]
918,45.900000000000006,-64.64484405517578,24.470991134643555,0.0027785056137527423,0.0,0.0,0.0,1.0,PlanStatus.FAIL,20,0.18122040547760565,-0.033413135077805856,False,,0.32041665863978824,0.036047236486818485,0.6543917830041052,0.0,4.5,False,7.908200146630406,20,0.18122040547760565,-0.033413135077805856,0.1,60,-64.64484405517578,24.470991134643555,0.004347638933335153,0.0,-51.36998815531822,24.54128973433948,0.002779010405088803,4.425000000000005,0,[]
919,45.95,-64.64484405517578,24.470991134643555,0.0027785056137527423,0.0,0.0,0.0,1.0,PlanStatus.FAIL,20,0.18122040547760565,-0.033413135077805856,False,,0.32041665863978824,0.036047236486818485,0.6543917830041052,0.0,4.5,False,7.446200121194124,20,0.18122040547760565,-0.033413135077805856,0.1,60,-64.64484405517578,24.470991134643555,0.004347638933335153,0.0,-51.36998815531822,24.54128973433948,0.002779010405088803,4.425000000000005,0,[]
920,46.0,-64.64484405517578,24.470991134643555,0.0027785056137527423,0.0,0.0,0.0,1.0,PlanStatus.FAIL,20,0.18122040547760565,-0.033413135077805856,False,,0.32041665863978824,0.036047236486818485,0.6543917830041052,0.0,4.5,False,8.359899977222085,20,0.18122040547760565,-0.033413135077805856,0.1,60,-64.64484405517578,24.470991134643555,0.004347638933335153,0.0,-51.36998815531822,24.54128973433948,0.002779010405088803,4.425000000000005,0,[]
921,46.050000000000004,-64.64484405517578,24.470991134643555,0.0027785056137527423,0.0,0.0,0.0,1.0,PlanStatus.FAIL,20,0.18122040547760565,-0.033413135077805856,False,,0.32041665863978824,0.036047236486818485,0.6543917830041052,0.0,4.5,False,7.750400109216571,20,0.18122040547760565,-0.033413135077805856,0.1,60,-64.64484405517578,24.470991134643555,0.004347638933335153,0.0,-51.36998815531822,24.54128973433948,0.002779010405088803,4.425000000000005,0,[]
922,46.1,-64.64484405517578,24.470991134643555,0.0027785056137527423,0.0,0.0,0.0,1.0,PlanStatus.FAIL,20,0.18122040547760565,-0.033413135077805856,False,,0.32041665863978824,0.036047236486818485,0.6543917830041052,0.0,4.5,False,7.810599869117141,20,0.18122040547760565,-0.033413135077805856,0.1,60,-64.64484405517578,24.470991134643555,0.004347638933335153,0.0,-51.36998815531822,24.54128973433948,0.002779010405088803,4.425000000000005,0,[]
923,46.150000000000006,-64.64484405517578,24.470991134643555,0.0027785056137527423,0.0,0.0,0.0,1.0,PlanStatus.FAIL,20,0.18122040547760565,-0.033413135077805856,False,,0.32041665863978824,0.036047236486818485,0.6543917830041052,0.0,4.5,False,7.702599978074431,20,0.18122040547760565,-0.033413135077805856,0.1,60,-64.64484405517578,24.470991134643555,0.004347638933335153,0.0,-51.36998815531822,24.54128973433948,0.002779010405088803,4.425000000000005,0,[]
924,46.2,-64.64484405517578,24.470991134643555,0.0027785056137527423,0.0,0.0,0.0,1.0,PlanStatus.FAIL,20,0.18122040547760565,-0.033413135077805856,False,,0.32041665863978824,0.036047236486818485,0.6543917830041052,0.0,4.5,False,8.415100164711475,20,0.18122040547760565,-0.033413135077805856,0.1,60,-64.64484405517578,24.470991134643555,0.004347638933335153,0.0,-51.36998815531822,24.54128973433948,0.002779010405088803,4.425000000000005,0,[]
925,46.25,-64.64484405517578,24.470991134643555,0.0027785056137527423,0.0,0.0,0.0,1.0,PlanStatus.FAIL,20,0.18122040547760565,-0.033413135077805856,False,,0.32041665863978824,0.036047236486818485,0.6543917830041052,0.0,4.5,False,8.728399872779846,20,0.18122040547760565,-0.033413135077805856,0.1,60,-64.64484405517578,24.470991134643555,0.004347638933335153,0.0,-51.36998815531822,24.54128973433948,0.002779010405088803,4.425000000000005,0,[]
926,46.300000000000004,-64.64484405517578,24.470991134643555,0.0027785056137527423,0.0,0.0,0.0,1.0,PlanStatus.FAIL,20,0.18122040547760565,-0.033413135077805856,False,,0.32041665863978824,0.036047236486818485,0.6543917830041052,0.0,4.5,False,7.574500050395727,20,0.18122040547760565,-0.033413135077805856,0.1,60,-64.64484405517578,24.470991134643555,0.004347638933335153,0.0,-51.36998815531822,24.54128973433948,0.002779010405088803,4.425000000000005,0,[]
927,46.35,-64.64484405517578,24.470991134643555,0.0027785056137527423,0.0,0.0,0.0,1.0,PlanStatus.FAIL,20,0.18122040547760565,-0.033413135077805856,False,,0.32041665863978824,0.036047236486818485,0.6543917830041052,0.0,4.5,False,8.52359994314611,20,0.18122040547760565,-0.033413135077805856,0.1,60,-64.64484405517578,24.470991134643555,0.004347638933335153,0.0,-51.36998815531822,24.54128973433948,0.002779010405088803,4.425000000000005,0,[]
928,46.400000000000006,-64.64484405517578,24.470991134643555,0.0027785056137527423,0.0,0.0,0.0,1.0,PlanStatus.FAIL,20,0.18122040547760565,-0.033413135077805856,False,,0.32041665863978824,0.036047236486818485,0.6543917830041052,0.0,4.5,False,9.19030001387,20,0.18122040547760565,-0.033413135077805856,0.1,60,-64.64484405517578,24.470991134643555,0.004347638933335153,0.0,-51.36998815531822,24.54128973433948,0.002779010405088803,4.425000000000005,0,[]
929,46.45,-64.64484405517578,24.470991134643555,0.0027785056137527423,0.0,0.0,0.0,1.0,PlanStatus.FAIL,20,0.18122040547760565,-0.033413135077805856,False,,0.32041665863978824,0.036047236486818485,0.6543917830041052,0.0,4.5,False,7.307399995625019,20,0.18122040547760565,-0.033413135077805856,0.1,60,-64.64484405517578,24.470991134643555,0.004347638933335153,0.0,-51.36998815531822,24.54128973433948,0.002779010405088803,4.425000000000005,0,[]
930,46.5,-64.64484405517578,24.470991134643555,0.0027785056137527423,0.0,0.0,0.0,1.0,PlanStatus.FAIL,20,0.18122040547760565,-0.033413135077805856,False,,0.32041665863978824,0.036047236486818485,0.6543917830041052,0.0,4.5,False,7.542300038039684,20,0.18122040547760565,-0.033413135077805856,0.1,60,-64.64484405517578,24.470991134643555,0.004347638933335153,0.0,-51.36998815531822,24.54128973433948,0.002779010405088803,4.425000000000005,0,[]
931,46.550000000000004,-64.64484405517578,24.470991134643555,0.0027785056137527423,0.0,0.0,0.0,1.0,PlanStatus.FAIL,20,0.18122040547760565,-0.033413135077805856,False,,0.32041665863978824,0.036047236486818485,0.6543917830041052,0.0,4.5,False,7.834100164473057,20,0.18122040547760565,-0.033413135077805856,0.1,60,-64.64484405517578,24.470991134643555,0.004347638933335153,0.0,-51.36998815531822,24.54128973433948,0.002779010405088803,4.425000000000005,0,[]
932,46.6,-64.64484405517578,24.470991134643555,0.0027785056137527423,0.0,0.0,0.0,1.0,PlanStatus.FAIL,20,0.18122040547760565,-0.033413135077805856,False,,0.32041665863978824,0.036047236486818485,0.6543917830041052,0.0,4.5,False,7.40220001898706,20,0.18122040547760565,-0.033413135077805856,0.1,60,-64.64484405517578,24.470991134643555,0.004347638933335153,0.0,-51.36998815531822,24.54128973433948,0.002779010405088803,4.425000000000005,0,[]
933,46.650000000000006,-64.64484405517578,24.470991134643555,0.0027785056137527423,0.0,0.0,0.0,1.0,PlanStatus.FAIL,20,0.18122040547760565,-0.033413135077805856,False,,0.32041665863978824,0.036047236486818485,0.6543917830041052,0.0,4.5,False,8.288899902254343,20,0.18122040547760565,-0.033413135077805856,0.1,60,-64.64484405517578,24.470991134643555,0.004347638933335153,0.0,-51.36998815531822,24.54128973433948,0.002779010405088803,4.425000000000005,0,[]
934,46.7,-64.64484405517578,24.470991134643555,0.0027785056137527423,0.0,0.0,0.0,1.0,PlanStatus.FAIL,20,0.18122040547760565,-0.033413135077805856,False,,0.32041665863978824,0.036047236486818485,0.6543917830041052,0.0,4.5,False,8.326599840074778,20,0.18122040547760565,-0.033413135077805856,0.1,60,-64.64484405517578,24.470991134643555,0.004347638933335153,0.0,-51.36998815531822,24.54128973433948,0.002779010405088803,4.425000000000005,0,[]
935,46.75,-64.64484405517578,24.470991134643555,0.0027785056137527423,0.0,0.0,0.0,1.0,PlanStatus.FAIL,20,0.18122040547760565,-0.033413135077805856,False,,0.32041665863978824,0.036047236486818485,0.6543917830041052,0.0,4.5,False,7.728199940174818,20,0.18122040547760565,-0.033413135077805856,0.1,60,-64.64484405517578,24.470991134643555,0.004347638933335153,0.0,-51.36998815531822,24.54128973433948,0.002779010405088803,4.425000000000005,0,[]
936,46.800000000000004,-64.64484405517578,24.470991134643555,0.0027785056137527423,0.0,0.0,0.0,1.0,PlanStatus.FAIL,20,0.18122040547760565,-0.033413135077805856,False,,0.32041665863978824,0.036047236486818485,0.6543917830041052,0.0,4.5,False,7.833299925550818,20,0.18122040547760565,-0.033413135077805856,0.1,60,-64.64484405517578,24.470991134643555,0.004347638933335153,0.0,-51.36998815531822,24.54128973433948,0.002779010405088803,4.425000000000005,0,[]
937,46.85,-64.64484405517578,24.470991134643555,0.0027785056137527423,0.0,0.0,0.0,1.0,PlanStatus.FAIL,20,0.18122040547760565,-0.033413135077805856,False,,0.32041665863978824,0.036047236486818485,0.6543917830041052,0.0,4.5,False,7.371800020337105,20,0.18122040547760565,-0.033413135077805856,0.1,60,-64.64484405517578,24.470991134643555,0.004347638933335153,0.0,-51.36998815531822,24.54128973433948,0.002779010405088803,4.425000000000005,0,[]
938,46.900000000000006,-64.64484405517578,24.470991134643555,0.0027785056137527423,0.0,0.0,0.0,1.0,PlanStatus.FAIL,20,0.18122040547760565,-0.033413135077805856,False,,0.32041665863978824,0.036047236486818485,0.6543917830041052,0.0,4.5,False,7.52329989336431,20,0.18122040547760565,-0.033413135077805856,0.1,60,-64.64484405517578,24.470991134643555,0.004347638933335153,0.0,-51.36998815531822,24.54128973433948,0.002779010405088803,4.425000000000005,0,[]
939,46.95,-64.64484405517578,24.470991134643555,0.0027785056137527423,0.0,0.0,0.0,1.0,PlanStatus.FAIL,20,0.18122040547760565,-0.033413135077805856,False,,0.32041665863978824,0.036047236486818485,0.6543917830041052,0.0,4.5,False,7.642399985343218,20,0.18122040547760565,-0.033413135077805856,0.1,60,-64.64484405517578,24.470991134643555,0.004347638933335153,0.0,-51.36998815531822,24.54128973433948,0.002779010405088803,4.425000000000005,0,[]
940,47.0,-64.64484405517578,24.470991134643555,0.0027785056137527423,0.0,0.0,0.0,1.0,PlanStatus.FAIL,20,0.18122040547760565,-0.033413135077805856,False,,0.32041665863978824,0.036047236486818485,0.6543917830041052,0.0,4.5,False,7.442499976605177,20,0.18122040547760565,-0.033413135077805856,0.1,60,-64.64484405517578,24.470991134643555,0.004347638933335153,0.0,-51.36998815531822,24.54128973433948,0.002779010405088803,4.425000000000005,0,[]
941,47.050000000000004,-64.64484405517578,24.470991134643555,0.0027785056137527423,0.0,0.0,0.0,1.0,PlanStatus.FAIL,20,0.18122040547760565,-0.033413135077805856,False,,0.32041665863978824,0.036047236486818485,0.6543917830041052,0.0,4.5,False,7.818700047209859,20,0.18122040547760565,-0.033413135077805856,0.1,60,-64.64484405517578,24.470991134643555,0.004347638933335153,0.0,-51.36998815531822,24.54128973433948,0.002779010405088803,4.425000000000005,0,[]
942,47.1,-64.64484405517578,24.470991134643555,0.0027785056137527423,0.0,0.0,0.0,1.0,PlanStatus.FAIL,20,0.18122040547760565,-0.033413135077805856,False,,0.32041665863978824,0.036047236486818485,0.6543917830041052,0.0,4.5,False,7.837499957531691,20,0.18122040547760565,-0.033413135077805856,0.1,60,-64.64484405517578,24.470991134643555,0.004347638933335153,0.0,-51.36998815531822,24.54128973433948,0.002779010405088803,4.425000000000005,0,[]
943,47.150000000000006,-64.64484405517578,24.470991134643555,0.0027785056137527423,0.0,0.0,0.0,1.0,PlanStatus.FAIL,20,0.18122040547760565,-0.033413135077805856,False,,0.32041665863978824,0.036047236486818485,0.6543917830041052,0.0,4.5,False,7.639199960976839,20,0.18122040547760565,-0.033413135077805856,0.1,60,-64.64484405517578,24.470991134643555,0.004347638933335153,0.0,-51.36998815531822,24.54128973433948,0.002779010405088803,4.425000000000005,0,[]
944,47.2,-64.64484405517578,24.470991134643555,0.0027785056137527423,0.0,0.0,0.0,1.0,PlanStatus.FAIL,20,0.18122040547760565,-0.033413135077805856,False,,0.32041665863978824,0.036047236486818485,0.6543917830041052,0.0,4.5,False,7.48339993879199,20,0.18122040547760565,-0.033413135077805856,0.1,60,-64.64484405517578,24.470991134643555,0.004347638933335153,0.0,-51.36998815531822,24.54128973433948,0.002779010405088803,4.425000000000005,0,[]
945,47.25,-64.64484405517578,24.470991134643555,0.0027785056137527423,0.0,0.0,0.0,1.0,PlanStatus.FAIL,20,0.18122040547760565,-0.033413135077805856,False,,0.32041665863978824,0.036047236486818485,0.6543917830041052,0.0,4.5,False,8.355299942195415,20,0.18122040547760565,-0.033413135077805856,0.1,60,-64.64484405517578,24.470991134643555,0.004347638933335153,0.0,-51.36998815531822,24.54128973433948,0.002779010405088803,4.425000000000005,0,[]
946,47.300000000000004,-64.64484405517578,24.470991134643555,0.0027785056137527423,0.0,0.0,0.0,1.0,PlanStatus.FAIL,20,0.18122040547760565,-0.033413135077805856,False,,0.32041665863978824,0.036047236486818485,0.6543917830041052,0.0,4.5,False,7.364399963989854,20,0.18122040547760565,-0.033413135077805856,0.1,60,-64.64484405517578,24.470991134643555,0.004347638933335153,0.0,-51.36998815531822,24.54128973433948,0.002779010405088803,4.425000000000005,0,[]
947,47.35,-64.64484405517578,24.470991134643555,0.0027785056137527423,0.0,0.0,0.0,1.0,PlanStatus.FAIL,20,0.18122040547760565,-0.033413135077805856,False,,0.32041665863978824,0.036047236486818485,0.6543917830041052,0.0,4.5,False,7.542399922385812,20,0.18122040547760565,-0.033413135077805856,0.1,60,-64.64484405517578,24.470991134643555,0.004347638933335153,0.0,-51.36998815531822,24.54128973433948,0.002779010405088803,4.425000000000005,0,[]
948,47.400000000000006,-64.64484405517578,24.470991134643555,0.0027785056137527423,0.0,0.0,0.0,1.0,PlanStatus.FAIL,20,0.18122040547760565,-0.033413135077805856,False,,0.32041665863978824,0.036047236486818485,0.6543917830041052,0.0,4.5,False,7.608099840581417,20,0.18122040547760565,-0.033413135077805856,0.1,60,-64.64484405517578,24.470991134643555,0.004347638933335153,0.0,-51.36998815531822,24.54128973433948,0.002779010405088803,4.425000000000005,0,[]
949,47.45,-64.64484405517578,24.470991134643555,0.0027785056137527423,0.0,0.0,0.0,1.0,PlanStatus.FAIL,20,0.18122040547760565,-0.033413135077805856,False,,0.32041665863978824,0.036047236486818485,0.6543917830041052,0.0,4.5,False,7.959200069308281,20,0.18122040547760565,-0.033413135077805856,0.1,60,-64.64484405517578,24.470991134643555,0.004347638933335153,0.0,-51.36998815531822,24.54128973433948,0.002779010405088803,4.425000000000005,0,[]
950,47.5,-64.64484405517578,24.470991134643555,0.0027785056137527423,0.0,0.0,0.0,1.0,PlanStatus.FAIL,20,0.18122040547760565,-0.033413135077805856,False,,0.32041665863978824,0.036047236486818485,0.6543917830041052,0.0,4.5,False,8.67619994096458,20,0.18122040547760565,-0.033413135077805856,0.1,60,-64.64484405517578,24.470991134643555,0.004347638933335153,0.0,-51.36998815531822,24.54128973433948,0.002779010405088803,4.425000000000005,0,[]
951,47.550000000000004,-64.64484405517578,24.470991134643555,0.0027785056137527423,0.0,0.0,0.0,1.0,PlanStatus.FAIL,20,0.18122040547760565,-0.033413135077805856,False,,0.32041665863978824,0.036047236486818485,0.6543917830041052,0.0,4.5,False,7.547599961981177,20,0.18122040547760565,-0.033413135077805856,0.1,60,-64.64484405517578,24.470991134643555,0.004347638933335153,0.0,-51.36998815531822,24.54128973433948,0.002779010405088803,4.425000000000005,0,[]
952,47.6,-64.64484405517578,24.470991134643555,0.0027785056137527423,0.0,0.0,0.0,1.0,PlanStatus.FAIL,20,0.18122040547760565,-0.033413135077805856,False,,0.32041665863978824,0.036047236486818485,0.6543917830041052,0.0,4.5,False,7.29249999858439,20,0.18122040547760565,-0.033413135077805856,0.1,60,-64.64484405517578,24.470991134643555,0.004347638933335153,0.0,-51.36998815531822,24.54128973433948,0.002779010405088803,4.425000000000005,0,[]
953,47.650000000000006,-64.64484405517578,24.470991134643555,0.0027785056137527423,0.0,0.0,0.0,1.0,PlanStatus.FAIL,20,0.18122040547760565,-0.033413135077805856,False,,0.32041665863978824,0.036047236486818485,0.6543917830041052,0.0,4.5,False,8.718800032511353,20,0.18122040547760565,-0.033413135077805856,0.1,60,-64.64484405517578,24.470991134643555,0.004347638933335153,0.0,-51.36998815531822,24.54128973433948,0.002779010405088803,4.425000000000005,0,[]
954,47.7,-64.64484405517578,24.470991134643555,0.0027785056137527423,0.0,0.0,0.0,1.0,PlanStatus.FAIL,20,0.18122040547760565,-0.033413135077805856,False,,0.32041665863978824,0.036047236486818485,0.6543917830041052,0.0,4.5,False,7.936200127005577,20,0.18122040547760565,-0.033413135077805856,0.1,60,-64.64484405517578,24.470991134643555,0.004347638933335153,0.0,-51.36998815531822,24.54128973433948,0.002779010405088803,4.425000000000005,0,[]
955,47.75,-64.64484405517578,24.470991134643555,0.0027785056137527423,0.0,0.0,0.0,1.0,PlanStatus.FAIL,20,0.18122040547760565,-0.033413135077805856,False,,0.32041665863978824,0.036047236486818485,0.6543917830041052,0.0,4.5,False,7.385200122371316,20,0.18122040547760565,-0.033413135077805856,0.1,60,-64.64484405517578,24.470991134643555,0.004347638933335153,0.0,-51.36998815531822,24.54128973433948,0.002779010405088803,4.425000000000005,0,[]
956,47.800000000000004,-64.64484405517578,24.470991134643555,0.0027785056137527423,0.0,0.0,0.0,1.0,PlanStatus.FAIL,20,0.18122040547760565,-0.033413135077805856,False,,0.32041665863978824,0.036047236486818485,0.6543917830041052,0.0,4.5,False,7.114799926057458,20,0.18122040547760565,-0.033413135077805856,0.1,60,-64.64484405517578,24.470991134643555,0.004347638933335153,0.0,-51.36998815531822,24.54128973433948,0.002779010405088803,4.425000000000005,0,[]
957,47.85,-64.64484405517578,24.470991134643555,0.0027785056137527423,0.0,0.0,0.0,1.0,PlanStatus.FAIL,20,0.18122040547760565,-0.033413135077805856,False,,0.32041665863978824,0.036047236486818485,0.6543917830041052,0.0,4.5,False,7.465200033038855,20,0.18122040547760565,-0.033413135077805856,0.1,60,-64.64484405517578,24.470991134643555,0.004347638933335153,0.0,-51.36998815531822,24.54128973433948,0.002779010405088803,4.425000000000005,0,[]
958,47.900000000000006,-64.64484405517578,24.470991134643555,0.0027785056137527423,0.0,0.0,0.0,1.0,PlanStatus.FAIL,20,0.18122040547760565,-0.033413135077805856,False,,0.32041665863978824,0.036047236486818485,0.6543917830041052,0.0,4.5,False,8.17199982702732,20,0.18122040547760565,-0.033413135077805856,0.1,60,-64.64484405517578,24.470991134643555,0.004347638933335153,0.0,-51.36998815531822,24.54128973433948,0.002779010405088803,4.425000000000005,0,[]
959,47.95,-64.64484405517578,24.470991134643555,0.0027785056137527423,0.0,0.0,0.0,1.0,PlanStatus.FAIL,20,0.18122040547760565,-0.033413135077805856,False,,0.32041665863978824,0.036047236486818485,0.6543917830041052,0.0,4.5,False,7.818100042641163,20,0.18122040547760565,-0.033413135077805856,0.1,60,-64.64484405517578,24.470991134643555,0.004347638933335153,0.0,-51.36998815531822,24.54128973433948,0.002779010405088803,4.425000000000005,0,[]
960,48.0,-64.64484405517578,24.470991134643555,0.0027785056137527423,0.0,0.0,0.0,1.0,PlanStatus.FAIL,20,0.18122040547760565,-0.033413135077805856,False,,0.32041665863978824,0.036047236486818485,0.6543917830041052,0.0,4.5,False,7.3049000930041075,20,0.18122040547760565,-0.033413135077805856,0.1,60,-64.64484405517578,24.470991134643555,0.004347638933335153,0.0,-51.36998815531822,24.54128973433948,0.002779010405088803,4.425000000000005,0,[]
961,48.050000000000004,-64.64484405517578,24.470991134643555,0.0027785056137527423,0.0,0.0,0.0,1.0,PlanStatus.FAIL,20,0.18122040547760565,-0.033413135077805856,False,,0.32041665863978824,0.036047236486818485,0.6543917830041052,0.0,4.5,False,7.33410008251667,20,0.18122040547760565,-0.033413135077805856,0.1,60,-64.64484405517578,24.470991134643555,0.004347638933335153,0.0,-51.36998815531822,24.54128973433948,0.002779010405088803,4.425000000000005,0,[]
962,48.1,-64.64484405517578,24.470991134643555,0.0027785056137527423,0.0,0.0,0.0,1.0,PlanStatus.FAIL,20,0.18122040547760565,-0.033413135077805856,False,,0.32041665863978824,0.036047236486818485,0.6543917830041052,0.0,4.5,False,7.604300044476986,20,0.18122040547760565,-0.033413135077805856,0.1,60,-64.64484405517578,24.470991134643555,0.004347638933335153,0.0,-51.36998815531822,24.54128973433948,0.002779010405088803,4.425000000000005,0,[]
963,48.150000000000006,-64.64484405517578,24.470991134643555,0.0027785056137527423,0.0,0.0,0.0,1.0,PlanStatus.FAIL,20,0.18122040547760565,-0.033413135077805856,False,,0.32041665863978824,0.036047236486818485,0.6543917830041052,0.0,4.5,False,7.9338999930769205,20,0.18122040547760565,-0.033413135077805856,0.1,60,-64.64484405517578,24.470991134643555,0.004347638933335153,0.0,-51.36998815531822,24.54128973433948,0.002779010405088803,4.425000000000005,0,[]
964,48.2,-64.64484405517578,24.470991134643555,0.0027785056137527423,0.0,0.0,0.0,1.0,PlanStatus.FAIL,20,0.18122040547760565,-0.033413135077805856,False,,0.32041665863978824,0.036047236486818485,0.6543917830041052,0.0,4.5,False,7.6101000886410475,20,0.18122040547760565,-0.033413135077805856,0.1,60,-64.64484405517578,24.470991134643555,0.004347638933335153,0.0,-51.36998815531822,24.54128973433948,0.002779010405088803,4.425000000000005,0,[]
965,48.25,-64.64484405517578,24.470991134643555,0.0027785056137527423,0.0,0.0,0.0,1.0,PlanStatus.FAIL,20,0.18122040547760565,-0.033413135077805856,False,,0.32041665863978824,0.036047236486818485,0.6543917830041052,0.0,4.5,False,7.4251999612897635,20,0.18122040547760565,-0.033413135077805856,0.1,60,-64.64484405517578,24.470991134643555,0.004347638933335153,0.0,-51.36998815531822,24.54128973433948,0.002779010405088803,4.425000000000005,0,[]
966,48.300000000000004,-64.64484405517578,24.470991134643555,0.0027785056137527423,0.0,0.0,0.0,1.0,PlanStatus.FAIL,20,0.18122040547760565,-0.033413135077805856,False,,0.32041665863978824,0.036047236486818485,0.6543917830041052,0.0,4.5,False,7.319299969822168,20,0.18122040547760565,-0.033413135077805856,0.1,60,-64.64484405517578,24.470991134643555,0.004347638933335153,0.0,-51.36998815531822,24.54128973433948,0.002779010405088803,4.425000000000005,0,[]
967,48.35,-64.64484405517578,24.470991134643555,0.0027785056137527423,0.0,0.0,0.0,1.0,PlanStatus.FAIL,20,0.18122040547760565,-0.033413135077805856,False,,0.32041665863978824,0.036047236486818485,0.6543917830041052,0.0,4.5,False,7.45539995841682,20,0.18122040547760565,-0.033413135077805856,0.1,60,-64.64484405517578,24.470991134643555,0.004347638933335153,0.0,-51.36998815531822,24.54128973433948,0.002779010405088803,4.425000000000005,0,[]
968,48.400000000000006,-64.64484405517578,24.470991134643555,0.0027785056137527423,0.0,0.0,0.0,1.0,PlanStatus.FAIL,20,0.18122040547760565,-0.033413135077805856,False,,0.32041665863978824,0.036047236486818485,0.6543917830041052,0.0,4.5,False,7.668500067666173,20,0.18122040547760565,-0.033413135077805856,0.1,60,-64.64484405517578,24.470991134643555,0.004347638933335153,0.0,-51.36998815531822,24.54128973433948,0.002779010405088803,4.425000000000005,0,[]
969,48.45,-64.64484405517578,24.470991134643555,0.0027785056137527423,0.0,0.0,0.0,1.0,PlanStatus.FAIL,20,0.18122040547760565,-0.033413135077805856,False,,0.32041665863978824,0.036047236486818485,0.6543917830041052,0.0,4.5,False,7.3865000158548355,20,0.18122040547760565,-0.033413135077805856,0.1,60,-64.64484405517578,24.470991134643555,0.004347638933335153,0.0,-51.36998815531822,24.54128973433948,0.002779010405088803,4.425000000000005,0,[]
970,48.5,-64.64484405517578,24.470991134643555,0.0027785056137527423,0.0,0.0,0.0,1.0,PlanStatus.FAIL,20,0.18122040547760565,-0.033413135077805856,False,,0.32041665863978824,0.036047236486818485,0.6543917830041052,0.0,4.5,False,7.468200055882335,20,0.18122040547760565,-0.033413135077805856,0.1,60,-64.64484405517578,24.470991134643555,0.004347638933335153,0.0,-51.36998815531822,24.54128973433948,0.002779010405088803,4.425000000000005,0,[]
971,48.550000000000004,-64.64484405517578,24.470991134643555,0.0027785056137527423,0.0,0.0,0.0,1.0,PlanStatus.FAIL,20,0.18122040547760565,-0.033413135077805856,False,,0.32041665863978824,0.036047236486818485,0.6543917830041052,0.0,4.5,False,7.548800203949213,20,0.18122040547760565,-0.033413135077805856,0.1,60,-64.64484405517578,24.470991134643555,0.004347638933335153,0.0,-51.36998815531822,24.54128973433948,0.002779010405088803,4.425000000000005,0,[]
972,48.6,-64.64484405517578,24.470991134643555,0.0027785056137527423,0.0,0.0,0.0,1.0,PlanStatus.FAIL,20,0.18122040547760565,-0.033413135077805856,False,,0.32041665863978824,0.036047236486818485,0.6543917830041052,0.0,4.5,False,7.314799819141626,20,0.18122040547760565,-0.033413135077805856,0.1,60,-64.64484405517578,24.470991134643555,0.004347638933335153,0.0,-51.36998815531822,24.54128973433948,0.002779010405088803,4.425000000000005,0,[]
973,48.650000000000006,-64.64484405517578,24.470991134643555,0.0027785056137527423,0.0,0.0,0.0,1.0,PlanStatus.FAIL,20,0.18122040547760565,-0.033413135077805856,False,,0.32041665863978824,0.036047236486818485,0.6543917830041052,0.0,4.5,False,7.296500029042363,20,0.18122040547760565,-0.033413135077805856,0.1,60,-64.64484405517578,24.470991134643555,0.004347638933335153,0.0,-51.36998815531822,24.54128973433948,0.002779010405088803,4.425000000000005,0,[]
974,48.7,-64.64484405517578,24.470991134643555,0.0027785056137527423,0.0,0.0,0.0,1.0,PlanStatus.FAIL,20,0.18122040547760565,-0.033413135077805856,False,,0.32041665863978824,0.036047236486818485,0.6543917830041052,0.0,4.5,False,7.406699936836958,20,0.18122040547760565,-0.033413135077805856,0.1,60,-64.64484405517578,24.470991134643555,0.004347638933335153,0.0,-51.36998815531822,24.54128973433948,0.002779010405088803,4.425000000000005,0,[]
975,48.75,-64.64484405517578,24.470991134643555,0.0027785056137527423,0.0,0.0,0.0,1.0,PlanStatus.FAIL,20,0.18122040547760565,-0.033413135077805856,False,,0.32041665863978824,0.036047236486818485,0.6543917830041052,0.0,4.5,False,7.314799819141626,20,0.18122040547760565,-0.033413135077805856,0.1,60,-64.64484405517578,24.470991134643555,0.004347638933335153,0.0,-51.36998815531822,24.54128973433948,0.002779010405088803,4.425000000000005,0,[]
976,48.800000000000004,-64.64484405517578,24.470991134643555,0.0027785056137527423,0.0,0.0,0.0,1.0,PlanStatus.FAIL,20,0.18122040547760565,-0.033413135077805856,False,,0.32041665863978824,0.036047236486818485,0.6543917830041052,0.0,4.5,False,8.050200063735247,20,0.18122040547760565,-0.033413135077805856,0.1,60,-64.64484405517578,24.470991134643555,0.004347638933335153,0.0,-51.36998815531822,24.54128973433948,0.002779010405088803,4.425000000000005,0,[]
977,48.85,-64.64484405517578,24.470991134643555,0.0027785056137527423,0.0,0.0,0.0,1.0,PlanStatus.FAIL,20,0.18122040547760565,-0.033413135077805856,False,,0.32041665863978824,0.036047236486818485,0.6543917830041052,0.0,4.5,False,7.237600162625313,20,0.18122040547760565,-0.033413135077805856,0.1,60,-64.64484405517578,24.470991134643555,0.004347638933335153,0.0,-51.36998815531822,24.54128973433948,0.002779010405088803,4.425000000000005,0,[]
978,48.900000000000006,-64.64484405517578,24.470991134643555,0.0027785056137527423,0.0,0.0,0.0,1.0,PlanStatus.FAIL,20,0.18122040547760565,-0.033413135077805856,False,,0.32041665863978824,0.036047236486818485,0.6543917830041052,0.0,4.5,False,7.2351000271737576,20,0.18122040547760565,-0.033413135077805856,0.1,60,-64.64484405517578,24.470991134643555,0.004347638933335153,0.0,-51.36998815531822,24.54128973433948,0.002779010405088803,4.425000000000005,0,[]
979,48.95,-64.64484405517578,24.470991134643555,0.0027785056137527423,0.0,0.0,0.0,1.0,PlanStatus.FAIL,20,0.18122040547760565,-0.033413135077805856,False,,0.32041665863978824,0.036047236486818485,0.6543917830041052,0.0,4.5,False,7.6333999168127775,20,0.18122040547760565,-0.033413135077805856,0.1,60,-64.64484405517578,24.470991134643555,0.004347638933335153,0.0,-51.36998815531822,24.54128973433948,0.002779010405088803,4.425000000000005,0,[]
980,49.0,-64.64484405517578,24.470991134643555,0.0027785056137527423,0.0,0.0,0.0,1.0,PlanStatus.FAIL,20,0.18122040547760565,-0.033413135077805856,False,,0.32041665863978824,0.036047236486818485,0.6543917830041052,0.0,4.5,False,7.392399944365025,20,0.18122040547760565,-0.033413135077805856,0.1,60,-64.64484405517578,24.470991134643555,0.004347638933335153,0.0,-51.36998815531822,24.54128973433948,0.002779010405088803,4.425000000000005,0,[]
981,49.050000000000004,-64.64484405517578,24.470991134643555,0.0027785056137527423,0.0,0.0,0.0,1.0,PlanStatus.FAIL,20,0.18122040547760565,-0.033413135077805856,False,,0.32041665863978824,0.036047236486818485,0.6543917830041052,0.0,4.5,False,7.390100043267012,20,0.18122040547760565,-0.033413135077805856,0.1,60,-64.64484405517578,24.470991134643555,0.004347638933335153,0.0,-51.36998815531822,24.54128973433948,0.002779010405088803,4.425000000000005,0,[]
982,49.1,-64.64484405517578,24.470991134643555,0.0027785056137527423,0.0,0.0,0.0,1.0,PlanStatus.FAIL,20,0.18122040547760565,-0.033413135077805856,False,,0.32041665863978824,0.036047236486818485,0.6543917830041052,0.0,4.5,False,7.324000122025609,20,0.18122040547760565,-0.033413135077805856,0.1,60,-64.64484405517578,24.470991134643555,0.004347638933335153,0.0,-51.36998815531822,24.54128973433948,0.002779010405088803,4.425000000000005,0,[]
983,49.150000000000006,-64.64484405517578,24.470991134643555,0.0027785056137527423,0.0,0.0,0.0,1.0,PlanStatus.FAIL,20,0.18122040547760565,-0.033413135077805856,False,,0.32041665863978824,0.036047236486818485,0.6543917830041052,0.0,4.5,False,8.500499883666635,20,0.18122040547760565,-0.033413135077805856,0.1,60,-64.64484405517578,24.470991134643555,0.004347638933335153,0.0,-51.36998815531822,24.54128973433948,0.002779010405088803,4.425000000000005,0,[]
984,49.2,-64.64484405517578,24.470991134643555,0.0027785056137527423,0.0,0.0,0.0,1.0,PlanStatus.FAIL,20,0.18122040547760565,-0.033413135077805856,False,,0.32041665863978824,0.036047236486818485,0.6543917830041052,0.0,4.5,False,8.049999829381704,20,0.18122040547760565,-0.033413135077805856,0.1,60,-64.64484405517578,24.470991134643555,0.004347638933335153,0.0,-51.36998815531822,24.54128973433948,0.002779010405088803,4.425000000000005,0,[]
985,49.25,-64.64484405517578,24.470991134643555,0.0027785056137527423,0.0,0.0,0.0,1.0,PlanStatus.FAIL,20,0.18122040547760565,-0.033413135077805856,False,,0.32041665863978824,0.036047236486818485,0.6543917830041052,0.0,4.5,False,7.421799935400486,20,0.18122040547760565,-0.033413135077805856,0.1,60,-64.64484405517578,24.470991134643555,0.004347638933335153,0.0,-51.36998815531822,24.54128973433948,0.002779010405088803,4.425000000000005,0,[]
986,49.300000000000004,-64.64484405517578,24.470991134643555,0.0027785056137527423,0.0,0.0,0.0,1.0,PlanStatus.FAIL,20,0.18122040547760565,-0.033413135077805856,False,,0.32041665863978824,0.036047236486818485,0.6543917830041052,0.0,4.5,False,7.6374998316168785,20,0.18122040547760565,-0.033413135077805856,0.1,60,-64.64484405517578,24.470991134643555,0.004347638933335153,0.0,-51.36998815531822,24.54128973433948,0.002779010405088803,4.425000000000005,0,[]
987,49.35,-64.64484405517578,24.470991134643555,0.0027785056137527423,0.0,0.0,0.0,1.0,PlanStatus.FAIL,20,0.18122040547760565,-0.033413135077805856,False,,0.32041665863978824,0.036047236486818485,0.6543917830041052,0.0,4.5,False,7.4622000101953745,20,0.18122040547760565,-0.033413135077805856,0.1,60,-64.64484405517578,24.470991134643555,0.004347638933335153,0.0,-51.36998815531822,24.54128973433948,0.002779010405088803,4.425000000000005,0,[]
988,49.400000000000006,-64.64484405517578,24.470991134643555,0.0027785056137527423,0.0,0.0,0.0,1.0,PlanStatus.FAIL,20,0.18122040547760565,-0.033413135077805856,False,,0.32041665863978824,0.036047236486818485,0.6543917830041052,0.0,4.5,False,7.117999950423837,20,0.18122040547760565,-0.033413135077805856,0.1,60,-64.64484405517578,24.470991134643555,0.004347638933335153,0.0,-51.36998815531822,24.54128973433948,0.002779010405088803,4.425000000000005,0,[]
989,49.45,-64.64484405517578,24.470991134643555,0.0027785056137527423,0.0,0.0,0.0,1.0,PlanStatus.FAIL,20,0.18122040547760565,-0.033413135077805856,False,,0.32041665863978824,0.036047236486818485,0.6543917830041052,0.0,4.5,False,7.153999991714954,20,0.18122040547760565,-0.033413135077805856,0.1,60,-64.64484405517578,24.470991134643555,0.004347638933335153,0.0,-51.36998815531822,24.54128973433948,0.002779010405088803,4.425000000000005,0,[]
990,49.5,-64.64484405517578,24.470991134643555,0.0027785056137527423,0.0,0.0,0.0,1.0,PlanStatus.FAIL,20,0.18122040547760565,-0.033413135077805856,False,,0.32041665863978824,0.036047236486818485,0.6543917830041052,0.0,4.5,False,7.313299924135208,20,0.18122040547760565,-0.033413135077805856,0.1,60,-64.64484405517578,24.470991134643555,0.004347638933335153,0.0,-51.36998815531822,24.54128973433948,0.002779010405088803,4.425000000000005,0,[]
991,49.550000000000004,-64.64484405517578,24.470991134643555,0.0027785056137527423,0.0,0.0,0.0,1.0,PlanStatus.FAIL,20,0.18122040547760565,-0.033413135077805856,False,,0.32041665863978824,0.036047236486818485,0.6543917830041052,0.0,4.5,False,7.183699868619442,20,0.18122040547760565,-0.033413135077805856,0.1,60,-64.64484405517578,24.470991134643555,0.004347638933335153,0.0,-51.36998815531822,24.54128973433948,0.002779010405088803,4.425000000000005,0,[]
992,49.6,-64.64484405517578,24.470991134643555,0.0027785056137527423,0.0,0.0,0.0,1.0,PlanStatus.FAIL,20,0.18122040547760565,-0.033413135077805856,False,,0.32041665863978824,0.036047236486818485,0.6543917830041052,0.0,4.5,False,7.2258999571204185,20,0.18122040547760565,-0.033413135077805856,0.1,60,-64.64484405517578,24.470991134643555,0.004347638933335153,0.0,-51.36998815531822,24.54128973433948,0.002779010405088803,4.425000000000005,0,[]
993,49.650000000000006,-64.64484405517578,24.470991134643555,0.0027785056137527423,0.0,0.0,0.0,1.0,PlanStatus.FAIL,20,0.18122040547760565,-0.033413135077805856,False,,0.32041665863978824,0.036047236486818485,0.6543917830041052,0.0,4.5,False,7.429199991747737,20,0.18122040547760565,-0.033413135077805856,0.1,60,-64.64484405517578,24.470991134643555,0.004347638933335153,0.0,-51.36998815531822,24.54128973433948,0.002779010405088803,4.425000000000005,0,[]
994,49.7,-64.64484405517578,24.470991134643555,0.0027785056137527423,0.0,0.0,0.0,1.0,PlanStatus.FAIL,20,0.18122040547760565,-0.033413135077805856,False,,0.32041665863978824,0.036047236486818485,0.6543917830041052,0.0,4.5,False,7.7436999417841434,20,0.18122040547760565,-0.033413135077805856,0.1,60,-64.64484405517578,24.470991134643555,0.004347638933335153,0.0,-51.36998815531822,24.54128973433948,0.002779010405088803,4.425000000000005,0,[]
995,49.75,-64.64484405517578,24.470991134643555,0.0027785056137527423,0.0,0.0,0.0,1.0,PlanStatus.FAIL,20,0.18122040547760565,-0.033413135077805856,False,,0.32041665863978824,0.036047236486818485,0.6543917830041052,0.0,4.5,False,7.761100074276328,20,0.18122040547760565,-0.033413135077805856,0.1,60,-64.64484405517578,24.470991134643555,0.004347638933335153,0.0,-51.36998815531822,24.54128973433948,0.002779010405088803,4.425000000000005,0,[]
996,49.800000000000004,-64.64484405517578,24.470991134643555,0.0027785056137527423,0.0,0.0,0.0,1.0,PlanStatus.FAIL,20,0.18122040547760565,-0.033413135077805856,False,,0.32041665863978824,0.036047236486818485,0.6543917830041052,0.0,4.5,False,8.165400009602308,20,0.18122040547760565,-0.033413135077805856,0.1,60,-64.64484405517578,24.470991134643555,0.004347638933335153,0.0,-51.36998815531822,24.54128973433948,0.002779010405088803,4.425000000000005,0,[]
997,49.85,-64.64484405517578,24.470991134643555,0.0027785056137527423,0.0,0.0,0.0,1.0,PlanStatus.FAIL,20,0.18122040547760565,-0.033413135077805856,False,,0.32041665863978824,0.036047236486818485,0.6543917830041052,0.0,4.5,False,7.26590002886951,20,0.18122040547760565,-0.033413135077805856,0.1,60,-64.64484405517578,24.470991134643555,0.004347638933335153,0.0,-51.36998815531822,24.54128973433948,0.002779010405088803,4.425000000000005,0,[]
998,49.900000000000006,-64.64484405517578,24.470991134643555,0.0027785056137527423,0.0,0.0,0.0,1.0,PlanStatus.FAIL,20,0.18122040547760565,-0.033413135077805856,False,,0.32041665863978824,0.036047236486818485,0.6543917830041052,0.0,4.5,False,9.147800039499998,20,0.18122040547760565,-0.033413135077805856,0.1,60,-64.64484405517578,24.470991134643555,0.004347638933335153,0.0,-51.36998815531822,24.54128973433948,0.002779010405088803,4.425000000000005,0,[]
999,49.95,-64.64484405517578,24.470991134643555,0.0027785056137527423,0.0,0.0,0.0,1.0,PlanStatus.FAIL,20,0.18122040547760565,-0.033413135077805856,False,,0.32041665863978824,0.036047236486818485,0.6543917830041052,0.0,4.5,False,7.040600059553981,20,0.18122040547760565,-0.033413135077805856,0.1,60,-64.64484405517578,24.470991134643555,0.004347638933335153,0.0,-51.36998815531822,24.54128973433948,0.002779010405088803,4.425000000000005,0,[]
