step,t,ego_x,ego_y,ego_yaw,ego_speed,cte_m,heading_err_rad,ref_idx,ref_x,ref_y,ref_yaw,v_ref,speed_err_mps,steer,throttle,brake,steer_sat,throttle_sat,brake_sat,d_steer,d_throttle,d_brake
0,0.0,-64.64488220214844,24.470951080322266,0.002778570372259718,0.0,3.954302163489132e-15,0.0,4,-62.64488992259678,24.476508213916176,0.002778570372259718,5.0,5.0,7.767936718394795e-15,0.6000000238418579,0.0,0,0,0,,,
1,0.05,-64.64488220214844,24.470951080322266,0.002778570372259718,0.0019125037533327166,4.928349395250109e-15,0.0,5,-62.144891852708874,24.477897497314654,0.002778570372259718,5.0,4.998087496246668,9.662901040300223e-15,0.6000000238418579,0.0,0,0,0,1.8949643219054284e-15,0.0,0.0
2,0.1,-64.64488983154297,24.470949172973633,0.002778570372259718,0.00047273517114995245,4.928349395250109e-15,0.0,5,-62.144899482103405,24.47789558996602,0.002778570372259718,5.0,4.99952726482885,9.676806780195297e-15,0.6000000238418579,0.0,0,0,0,1.390573989507385e-17,0.0,0.0
3,0.15000000000000002,-64.64488983154297,24.470947265625,0.002778570372259718,0.001348650136225149,4.928349395250109e-15,0.0,5,-62.144899482103405,24.47789368261739,0.002778570372259718,5.0,4.998651349863775,9.668342379953385e-15,0.6000000238418579,0.0,0,0,0,-8.464400241912223e-18,0.0,0.0
4,0.2,-64.64488983154297,24.470947265625,0.002778570372259718,0.0015083038496500252,4.928349395250109e-15,0.0,5,-62.144899482103405,24.47789368261739,0.002778570372259718,5.0,4.99849169615035,9.666800779989382e-15,0.6000000238418579,0.0,0,0,0,-1.5415999640028266e-18,0.0,0.0
5,0.25,-64.64488983154297,24.470947265625,0.002778570372259718,0.0013608271846284436,4.928349395250109e-15,0.0,5,-62.144899482103405,24.47789368261739,0.002778570372259718,5.0,4.998639172815372,9.668224642373716e-15,0.6000000238418579,0.0,0,0,0,1.4238623843344789e-18,0.0,0.0
6,0.30000000000000004,-64.64488983154297,24.470943450927734,0.002778570372259718,0.0011148267243482628,4.928349395250109e-15,0.0,5,-62.144899482103405,24.477889867920123,0.002778570372259718,5.0,4.998885173275652,9.670600569790765e-15,0.6000000238418579,0.0,0,0,0,2.3759274170483125e-18,0.0,0.0
7,0.35000000000000003,-64.64488983154297,24.470943450927734,0.002778570372259718,0.0008639815759504024,4.928349395250109e-15,0.0,5,-62.144899482103405,24.477889867920123,0.002778570372259718,5.0,4.99913601842405,9.673023931052859e-15,0.6000000238418579,0.0,0,0,0,2.4233612620945533e-18,0.0,0.0
8,0.4,-64.64488983154297,24.470943450927734,0.002778570372259718,0.000644636455112969,4.928349395250109e-15,0.0,5,-62.144899482103405,24.477889867920123,0.002778570372259718,5.0,4.999355363544887,9.675144054519837e-15,0.6000000238418579,0.0,0,0,0,2.1201234669775137e-18,0.0,0.0
9,0.45,-64.64488983154297,24.470943450927734,0.002778570372259718,0.00020998975382933188,4.928349395250109e-15,0.0,5,-62.144899482103405,24.477889867920123,0.002778570372259718,5.0,4.999790010246171,9.679348726070007e-15,0.6000000238418579,0.0,0,0,0,4.204671550170347e-18,0.0,0.0
10,0.5,-64.64488983154297,24.470943450927734,0.002778570372259718,0.00028688451800974973,4.928349395250109e-15,0.0,5,-62.144899482103405,24.477889867920123,0.002778570372259718,5.0,4.99971311548199,9.678605031142318e-15,0.6000000238418579,0.0,0,0,0,-7.436949276892757e-19,0.0,0.0
11,0.55,-64.64488983154297,24.470943450927734,0.002778570372259718,0.00027627961957592934,4.928349395250109e-15,0.0,5,-62.144899482103405,24.477889867920123,0.002778570372259718,5.0,4.999723720380424,9.678707522128936e-15,0.6000000238418579,0.0,0,0,0,1.0249098661777034e-19,0.0,0.0
12,0.6000000000000001,-64.64488983154297,24.470943450927734,0.002778570372259718,0.00023469934283111695,4.928349395250109e-15,0.0,5,-62.144899482103405,24.477889867920123,0.002778570372259718,5.0,4.9997653006571685,9.679109862778881e-15,0.6000000238418579,0.0,0,0,0,4.0234064994579266e-19,0.0,0.0
13,0.65,-64.63792419433594,24.470966339111328,0.0027736835756891525,0.41884669574378114,1.0174153186603974e-15,0.0,5,-62.13793381098049,24.47790053915937,0.0027736835756891525,5.0,4.581153304256219,1.4086354847999251e-15,0.6000000238418579,0.0,0,0,0,-8.270474377978956e-15,0.0,0.0
14,0.7000000000000001,-64.59217834472656,24.471094131469727,0.002773026888018015,1.1538821850376477,2.437286483747414e-16,0.0,5,-62.09218795681805,24.478026689804906,0.002773026888018015,5.0,3.8461178149623523,2.2229027094951466e-16,0.6000000238418579,0.0,0,0,0,-1.1863452138504105e-15,0.0,0.0
15,0.75,-64.51856994628906,24.471298217773438,0.0027726560220302753,1.6634815639765368,6.262351748276274e-16,0.0,5,-62.01857955580968,24.478229848947212,0.0027726560220302753,5.0,3.3365184360234634,4.618740959457651e-16,0.6000000238418579,0.0,0,0,0,2.395838249962505e-16,0.0,0.0
16,0.8,-64.42423248291016,24.47156524658203,0.002765927379088622,2.0104912050068484,-8.155802422304959e-15,0.0,5,-61.924242045846896,24.478480056212963,0.002765927379088622,5.0,2.9895087949931516,-5.321880902544457e-15,0.6000000238418579,0.0,0,0,0,-5.783754998490222e-15,0.0,0.0
17,0.8500000000000001,-64.31543731689453,24.471866607666016,0.0027638696710276154,2.280150821665946,3.557050487490443e-15,0.0,5,-61.8154468656079,24.478776273046446,0.0027638696710276154,5.0,2.719849178334054,2.1302571574002274e-15,0.6000000238418579,0.0,0,0,0,7.452138059944684e-15,0.0,0.0
18,0.9,-64.19441986083984,24.472198486328125,0.002772149657319105,2.5105884549746005,5.771425004574837e-15,0.0,6,-61.19443138805305,24.480514924648354,0.002772149657319105,5.0,2.4894115450253995,3.2295274107426754e-15,0.6000000238418579,0.0,0,0,0,1.099270253342448e-15,0.0,0.0
19,0.9500000000000001,-64.06220245361328,24.472564697265625,0.002770479720076976,2.732638352417686,-8.283304597789254e-15,0.0,6,-61.062213966942736,24.48087612579338,0.002770479720076976,5.0,2.267361647582314,-4.359368141942715e-15,0.6000000238418579,0.0,0,0,0,-7.58889555268539e-15,0.0,0.0
20,1.0,-63.91961669921875,24.472957611083984,0.0027699967620550743,2.9311907701870124,9.317199789471431e-15,0.0,6,-60.91962820853448,24.481267590743215,0.0027699967620550743,5.0,2.0688092298129876,4.655830096998194e-15,0.6000000238418579,0.0,0,0,0,9.015198238940909e-15,0.0,0.0
21,1.05,-63.767005920410156,24.4733829498291,0.002769810808912554,3.1326440353550433,-8.474124180146703e-15,0.0,6,-60.76701742818067,24.481692371631063,0.002769810808912554,5.0,1.8673559646449567,-4.028122355391765e-15,0.6000000238418579,0.0,0,0,0,-8.683952452389959e-15,0.0,0.0
22,1.1,-63.60481643676758,24.473833084106445,0.0027696308374795136,3.318400952654463,6.248473960468459e-15,0.0,6,-60.604827943042686,24.482141965996163,0.0027696308374795136,5.0,1.6815990473455371,2.842410695716121e-15,0.6000000238418579,0.0,0,0,0,6.870533051107886e-15,0.0,0.0
23,1.1500000000000001,-63.433162689208984,24.474306106567383,0.0027694506059721476,3.5099228526979425,-2.031361190368841e-15,0.0,6,-60.433174193986616,24.48261444776466,0.0027694506059721476,5.0,1.4900771473020575,-8.84817869421453e-16,0.5960308313369751,0.0,0,0,0,-3.727228565137574e-15,-0.0039691925048828125,0.0
24,1.2000000000000002,-63.252254486083984,24.47480583190918,0.0027692734953566845,3.6908918296271187,6.526029716624748e-15,0.0,6,-60.252265989390175,24.48311364177664,0.0027692734953566845,5.0,1.3091081703728813,2.732935922448239e-15,0.5236432552337646,0.0,0,0,0,3.617753791869692e-15,-0.07238757610321045,0.0
25,1.25,-63.0623779296875,24.475332260131836,0.0027691018463020505,3.866093439200612,2.2083029849184754e-15,0.0,6,-60.0623894315677,24.48363955505411,0.0027691018463020505,5.0,1.133906560799388,8.914850245679692e-16,0.4535626173019409,0.0,0,0,0,-1.84145089788027e-15,-0.07008063793182373,0.0
26,1.3,-62.86467742919922,24.47587776184082,0.0027689507431191075,4.009920234505671,3.870168074904257e-15,0.0,6,-59.8646889298242,24.484184603455283,0.0027689507431191075,5.0,0.990079765494329,1.517521464290347e-15,0.39603191614151,0.0,0,0,0,6.260364397223778e-16,-0.05753070116043091,0.0
27,1.35,-62.66007995605469,24.47701644897461,0.0027631323603156646,4.130673556414893,-6.494804694057166e-15,0.0,6,-59.66009140839806,24.485305835507447,0.0027631323603156646,5.0,0.8693264435851074,-2.486723773472148e-15,0.3477305769920349,0.0,0,0,0,-4.004245237762495e-15,-0.0483013391494751,0.0
28,1.4000000000000001,-62.45043182373047,24.476781845092773,0.002535917905953369,4.22453686180317,-1.0186296250935811e-14,0.0,6,-59.45044147004474,24.484389590656555,0.002535917905953369,5.0,0.7754631381968302,-3.830049206390504e-15,0.3101852536201477,0.0,0,0,0,-1.343325432918356e-15,-0.03754532337188721,0.0
29,1.4500000000000002,-62.2369270324707,24.476818084716797,0.0022827498544560855,4.2945516584470855,-2.5543803183758484e-15,0.0,6,-59.23693484888766,24.483666328332525,0.0022827498544560855,5.0,0.7054483415529145,-9.47746541111376e-16,0.2821793258190155,0.0,0,0,0,2.882302665279128e-15,-0.028005927801132202,0.0
30,1.5,-62.021121978759766,24.47665786743164,0.0023545930461245017,4.340988496515588,-1.8735013540549517e-15,0.0,6,-59.02113029491854,24.48372164004296,0.0023545930461245017,5.0,0.659011503484412,-6.890777138547264e-16,0.26360461115837097,0.0,0,0,0,2.5866882725664956e-16,-0.01857471466064453,0.0
31,1.55,-61.80322265625,24.47744369506836,0.0023810756344369525,4.379668732930709,-3.888382671402013e-15,0.0,6,-58.803231160527744,24.484586915221897,0.0023810756344369525,5.0,0.6203312670692913,-1.419872329757319e-15,0.24813251197338104,0.0,0,0,0,-7.307946159025927e-16,-0.01547209918498993,0.0
32,1.6,-61.58362579345703,24.478261947631836,0.002383616040445536,4.403248203056494,5.8364771349239675e-15,0.0,6,-58.58363431589114,24.485412788981762,0.002383616040445536,5.0,0.5967517969435061,2.1219331528693226e-15,0.2387007176876068,0.0,0,0,0,3.5418054826266416e-15,-0.009431794285774231,0.0
33,1.6500000000000001,-61.362972259521484,24.47890853881836,0.0023837892499461214,4.420647222026833,1.91253263226443e-15,0.0,6,-58.36298078319423,24.486059899795315,0.0023837892499461214,5.0,0.5793527779731669,6.930962499147376e-16,0.23174111545085907,0.0,0,0,0,-1.428836902954585e-15,-0.006959602236747742,0.0
34,1.7000000000000002,-61.14168930053711,24.47947883605957,0.002383809535743487,4.4290507898375875,3.1667377053956614e-15,0.0,6,-58.14169782435493,24.486630257893744,0.002383809535743487,5.0,0.5709492101624125,1.1458401247824894e-15,0.22837968170642853,0.0,0,0,0,4.527438748677518e-16,-0.003361433744430542,0.0
35,1.75,-60.9200439453125,24.480018615722656,0.002383816037601617,4.4354575863386865,-5.723720108985475e-15,0.0,6,-57.92005246917682,24.487170057062357,0.002383816037601617,5.0,0.5645424136613135,-2.0686075584002176e-15,0.22581696510314941,0.0,0,0,0,-3.214447683182707e-15,-0.0025627166032791138,0.0
36,1.8,-60.6982421875,24.480548858642578,0.002383815517452967,4.436317680967478,-1.0120376758848693e-14,0.0,6,-57.69825071136059,24.487700298421842,0.002383815517452967,5.0,0.5636823190325222,-3.657022821639553e-15,0.22547292709350586,0.0,0,0,0,-1.588415263239335e-15,-0.0003440380096435547,0.0
37,1.85,-60.47639083862305,24.481075286865234,0.00238381317678404,4.437713437259109,-8.6389229103645e-15,0.0,6,-57.47639936246691,24.48822671962251,0.00238381317678404,5.0,0.5622865627408906,-3.120894799982601e-15,0.22491462528705597,0.0,0,0,0,5.361280216569517e-16,-0.0005583018064498901,0.0
38,1.9000000000000001,-60.254573822021484,24.48160743713379,0.0023838116163380886,4.435455202122215,-5.299580219109146e-16,0.0,6,-57.25458234585418,24.488758865209732,0.0023838116163380886,5.0,0.5645447978777849,-1.9153201647542845e-16,0.22581791877746582,0.0,0,0,0,2.9293627835071725e-15,0.0009032934904098511,0.0
39,1.9500000000000002,-60.03281784057617,24.48213768005371,0.002383810836115113,4.435104314128287,-7.140121827120538e-15,0.0,6,-57.03282636440329,24.489289105789,0.002383810836115113,5.0,0.5648956858717131,-2.5806764562233582e-15,0.22595827281475067,0.0,0,0,0,-2.3891444397479297e-15,0.00014035403728485107,0.0
40,2.0,-59.8111572265625,24.482667922973633,0.0023838116163380886,4.432011117177154,-5.299580219109146e-16,0.0,6,-56.8111657503952,24.489819351049576,0.0023838116163380886,5.0,0.5679888828228457,-1.9165345982424104e-16,0.22719554603099823,0.0,0,0,0,2.389022996399117e-15,0.0012372732162475586,0.0
41,2.0500000000000003,-59.59004211425781,24.483381271362305,0.0024364446780497065,4.433764495205153,-8.066464163292153e-17,0.0,6,-56.590051018647415,24.49069059816477,0.0024364446780497065,5.0,0.5662355047948466,-2.916206058965488e-17,0.2264942079782486,0.0,0,0,0,1.6249139923458616e-16,-0.0007013380527496338,0.0
42,2.1,-59.36854934692383,24.48314094543457,0.002704740992969726,4.430373601520883,-5.3724386051001716e-15,0.0,6,-56.3685603203529,24.491255158520055,0.002704740992969726,5.0,0.5696263984791168,-1.9434688165969986e-15,0.2278505563735962,0.0,0,0,0,-1.9143067560073438e-15,0.0013563483953475952,0.0
43,2.15,-59.14742660522461,24.48368263244629,0.002923281708512175,4.424153139867609,-3.380976054678797e-15,0.0,6,-56.1474394235794,24.49245246508127,0.002923281708512175,5.0,0.5758468601323914,-1.2244639464081201e-15,0.23033873736858368,0.0,0,0,0,7.190048701888785e-16,0.002488180994987488,0.0
44,2.2,-58.92573165893555,24.483646392822266,0.0029460389921904173,4.42030997208353,-4.097416850257218e-15,0.0,6,-55.925744677644744,24.492484497014296,0.0029460389921904173,5.0,0.5796900279164703,-1.4849842818083492e-15,0.23187601566314697,0.0,0,0,0,-2.6052033540022905e-16,0.0015372782945632935,0.0
45,2.25,-58.704490661621094,24.484577178955078,0.002949094345362903,4.42105974543488,8.071668333720083e-15,0.0,6,-55.704503707347826,24.493424449166795,0.002949094345362903,5.0,0.5789402545651203,2.924926527855267e-15,0.2315760999917984,0.0,0,0,0,4.409910809663616e-15,-0.0002999156713485718,0.0
46,2.3000000000000003,-58.4834098815918,24.485387802124023,0.002950616300313991,4.420007994657577,-7.332676132953964e-15,0.0,6,-55.48342294078715,24.494239638180744,0.002950616300313991,5.0,0.5799920053424232,-2.657653751678645e-15,0.2319968044757843,0.0,0,0,0,-5.582580279533912e-15,0.0004207044839859009,0.0
47,2.35,-58.262351989746094,24.48609733581543,0.0029510381408694706,4.421732707565439,9.542713841348416e-15,0.0,6,-55.262365052675776,24.49495043738829,0.0029510381408694706,5.0,0.5782672924345613,3.4575592680553737e-15,0.23130691051483154,0.0,0,0,0,6.115213019734019e-15,-0.0006898939609527588,0.0
48,2.4000000000000004,-58.041297912597656,24.486766815185547,0.0029511364489643974,4.420901918734436,-9.244341403480405e-15,0.0,6,-55.04131097639768,24.495620211681427,0.0029511364489643974,5.0,0.5790980812655642,-3.3499649079303962e-15,0.23163923621177673,0.0,0,0,0,-6.80752417598577e-15,0.00033232569694519043,0.0
49,2.45,-57.820213317871094,24.4874267578125,0.002951154914241487,4.422618598179735,-6.591949208711867e-16,0.0,6,-54.8202263818346,24.49628020970396,0.002951154914241487,5.0,0.577381401820265,-2.3880346942381286e-16,0.23095256090164185,0.0,0,0,0,3.1111614385065833e-15,-0.0006866753101348877,0.0
50,2.5,-57.59911346435547,24.488080978393555,0.0029511569948360884,4.4216825494312895,7.499209586647737e-15,0.0,6,-54.5991265283374,24.496934436526765,0.0029511569948360884,5.0,0.5783174505687105,2.7171726392998365e-15,0.23132698237895966,0.0,0,0,0,2.9559761087236494e-15,0.00037442147731781006,0.0
51,2.5500000000000003,-57.37799072265625,24.48873519897461,0.002951155174315812,4.423263820185944,3.608224830031759e-16,0.0,6,-54.37800378662206,24.49758865164629,0.002951155174315812,5.0,0.5767361798140556,1.306979249151674e-16,0.2306944727897644,0.0,0,0,0,-2.586474714384669e-15,-0.0006325095891952515,0.0
52,2.6,-57.15686798095703,24.48938751220703,0.002951154394092836,4.4221976855581415,-2.706168622523819e-15,0.0,6,-54.156881044915934,24.498240962538055,0.002951154394092836,5.0,0.5778023144418585,-9.80427189798815e-16,0.23112092912197113,0.0,0,0,0,-1.1111251147139824e-15,0.0004264563322067261,0.0
53,2.6500000000000004,-56.93571472167969,24.49003791809082,0.0029511523134982346,4.423659265464044,1.0427422814096587e-14,0.0,6,-53.93572778562017,24.498891362180075,0.0029511523134982346,5.0,0.5763407345359557,3.776769139942314e-15,0.2305362969636917,0.0,0,0,0,4.757196329741129e-15,-0.0005846321582794189,0.0
54,2.7,-56.71457290649414,24.49068832397461,0.0029511504929779584,4.42249344905264,3.2890357104520263e-15,0.0,6,-53.714585970418504,24.499541762602334,0.0029511504929779584,5.0,0.5775065509473603,1.1915310936606361e-15,0.23100261390209198,0.0,0,0,0,-2.585238046281678e-15,0.00046631693840026855,0.0
55,2.75,-56.493412017822266,24.491336822509766,0.002951149192606332,4.423871558015571,-1.824929096727601e-15,0.0,6,-53.49342508173512,24.500190257236397,0.002951149192606332,5.0,0.5761284419844293,-6.609558494289692e-16,0.23045137524604797,0.0,0,0,0,-1.8524869430896053e-15,-0.0005512386560440063,0.0
56,2.8000000000000003,-56.27225875854492,24.491987228393555,0.0029511481523090315,4.422641347674926,-5.915407053080912e-15,0.0,6,-53.272271822448566,24.500840659999312,0.0029511481523090315,5.0,0.5773586523250742,-2.1429378758953347e-15,0.2309434562921524,0.0,0,0,0,-1.4819820264663655e-15,0.0004920810461044312,0.0
57,2.85,-56.05108642578125,24.492633819580078,0.0029511476321603812,4.42396984876084,-7.958911307781591e-15,0.0,6,-53.05109948968029,24.5014872496254,0.0029511476321603812,5.0,0.5760301512391601,-2.8825193998345067e-15,0.2304120659828186,0.0,0,0,0,-7.39581523939172e-16,-0.0005313903093338013,0.0
58,2.9000000000000004,-55.829925537109375,24.493282318115234,0.0029511476321603812,4.422703385057212,-7.958911307781591e-15,0.0,6,-52.829938601008415,24.502135748160555,0.0029511476321603812,5.0,0.5772966149427878,-2.883192579269337e-15,0.23091864585876465,0.0,0,0,0,-6.731794348303552e-19,0.0005065798759460449,0.0
59,2.95,-55.6087532043457,24.49393081665039,0.00295114607171443,4.42400612564162,7.219919107015471e-15,0.0,6,-52.60876626823093,24.50278424201438,0.00295114607171443,5.0,0.5759938743583799,2.6148574120186214e-15,0.2303975522518158,0.0,0,0,0,5.4980499912879585e-15,-0.0005210936069488525,0.0
60,3.0,-55.38759231567383,24.494577407836914,0.00295114607171443,4.422721532840011,7.219919107015471e-15,0.0,6,-52.387605379559055,24.503430833200902,0.00295114607171443,5.0,0.5772784671599887,2.615476804861301e-15,0.23091138899326324,0.0,0,0,0,6.193928426797071e-19,0.0005138367414474487,0.0
61,3.0500000000000003,-55.166419982910156,24.495223999023438,0.0029511455515657792,4.424012345834234,5.1937620870745604e-15,0.0,6,-52.16643304679077,24.504077422826988,0.0029511455515657792,5.0,0.5759876541657656,1.881036559153726e-15,0.23039506375789642,0.0,0,0,0,-7.344402457075752e-16,-0.0005163252353668213,0.0
62,3.1,-54.94525909423828,24.495874404907227,0.0029511455515657792,4.422720595676057,5.1937620870745604e-15,0.0,6,-51.9452721581189,24.504727828710777,0.0029511455515657792,5.0,0.5772794043239431,1.8814846395828234e-15,0.2309117615222931,0.0,0,0,0,4.480804290975249e-19,0.0005166977643966675,0.0
63,3.1500000000000004,-54.724090576171875,24.49652099609375,0.0029511455515657792,4.424007113398072,5.1937620870745604e-15,0.0,6,-51.72410364005249,24.5053744198973,0.0029511455515657792,5.0,0.5759928866019282,1.8810382532196204e-15,0.23039714992046356,0.0,0,0,0,-4.463863632030163e-19,-0.0005146116018295288,0.0
64,3.2,-54.5029296875,24.497167587280273,0.0029511455515657792,4.422713452538031,5.1937620870745604e-15,0.0,6,-51.502942751380616,24.506021011083824,0.0029511455515657792,5.0,0.5772865474619691,1.8814869689234284e-15,0.2309146225452423,0.0,0,0,0,4.487157038079656e-19,0.0005174726247787476,0.0
65,3.25,-54.28175735473633,24.497814178466797,0.0029511455515657792,4.423999491218485,5.1937620870745604e-15,0.0,6,-51.281770418616944,24.506667602270348,0.0029511455515657792,5.0,0.5760005087815152,1.881041006076699e-15,0.2304002046585083,0.0,0,0,0,-4.459628467293891e-19,-0.0005144178867340088,0.0
66,3.3000000000000003,-54.06059265136719,24.49846076965332,0.0029511455515657792,4.422706305633168,5.1937620870745604e-15,0.0,6,-51.0606057152478,24.50731419345687,0.0029511455515657792,5.0,0.5772936943668316,1.88148951002227e-15,0.23091748356819153,0.0,0,0,0,4.48503945571152e-19,0.0005172789096832275,0.0
67,3.35,-53.83942413330078,24.499109268188477,0.0029511455515657792,4.423992819823001,5.1937620870745604e-15,0.0,6,-50.8394371971814,24.507962691992027,0.0029511455515657792,5.0,0.5760071801769993,1.881043335417304e-15,0.230402871966362,0.0,0,0,0,-4.461746049662027e-19,-0.0005146116018295288,0.0
68,3.4000000000000004,-53.61825942993164,24.499755859375,0.0029511455515657792,4.422700586776877,5.1937620870745604e-15,0.0,6,-50.618272493812256,24.50860928317855,0.0029511455515657792,5.0,0.5772994132231233,1.8814914158464015e-15,0.2309197634458542,0.0,0,0,0,4.480804290975249e-19,0.0005168914794921875,0.0
69,3.45,-53.39708709716797,24.500402450561523,0.0029511455515657792,4.423989006994045,5.1937620870745604e-15,0.0,6,-50.397100161048584,24.509255874365074,0.0029511455515657792,5.0,0.5760109930059549,1.881044605966725e-15,0.23040439188480377,0.0,0,0,0,-4.468098796766434e-19,-0.000515371561050415,0.0
70,3.5,-53.175926208496094,24.501049041748047,0.0029511455515657792,4.422698203980942,5.1937620870745604e-15,0.0,6,-50.17593927237671,24.509902465551598,0.0029511455515657792,5.0,0.5773017960190581,1.8814922628793487e-15,0.2309207171201706,0.0,0,0,0,4.476569126238977e-19,0.0005163252353668213,0.0
71,3.5500000000000003,-52.95475387573242,24.50169563293457,0.0029511455515657792,4.4239866243329455,5.1937620870745604e-15,0.0,6,-49.95476693961304,24.51054905673812,0.0029511455515657792,5.0,0.5760133756670545,1.881045452999672e-15,0.23040534555912018,0.0,0,0,0,-4.468098796766434e-19,-0.000515371561050415,0.0
72,3.6,-52.73359298706055,24.502344131469727,0.0029511455515657792,4.4226958210587615,5.1937620870745604e-15,0.0,6,-49.73360605094116,24.511197555273277,0.0029511455515657792,5.0,0.5773041789412385,1.881493109912296e-15,0.230921670794487,0.0,0,0,0,4.476569126238977e-19,0.0005163252353668213,0.0
73,3.6500000000000004,-52.512420654296875,24.50299072265625,0.0029511455515657792,4.423984717885581,5.1937620870745604e-15,0.0,6,-49.51243371817749,24.5118441464598,0.0029511455515657792,5.0,0.5760152821144189,1.8810460882743825e-15,0.23040610551834106,0.0,0,0,0,-4.47021637913457e-19,-0.0005155652761459351,0.0
74,3.7,-52.291259765625,24.503637313842773,0.0029511455515657792,4.42269486790496,5.1937620870745604e-15,0.0,6,-49.291272829505616,24.512490737646324,0.0029511455515657792,5.0,0.5773051320950398,1.8814935334287696e-15,0.23092205822467804,0.0,0,0,0,4.474451543870842e-19,0.0005159527063369751,0.0
75,3.75,-52.07008743286133,24.504283905029297,0.0029511455515657792,4.423984241702039,5.1937620870745604e-15,0.0,6,-49.070100496741944,24.513137328832848,0.0029511455515657792,5.0,0.5760157582979613,1.8810463000326193e-15,0.23040629923343658,0.0,0,0,0,-4.472333961502706e-19,-0.0005157589912414551,0.0
76,3.8000000000000003,-51.84892272949219,24.50493049621582,0.0029511455515657792,4.422694868850543,5.1937620870745604e-15,0.0,6,-48.8489357933728,24.51378392001937,0.0029511455515657792,5.0,0.5773051311494566,1.8814935334287696e-15,0.23092205822467804,0.0,0,0,0,4.472333961502706e-19,0.0005157589912414551,0.0
77,3.85,-51.62775421142578,24.505578994750977,0.0029511455515657792,4.423984241949383,5.1937620870745604e-15,0.0,6,-48.6277672753064,24.514432418554527,0.0029511455515657792,5.0,0.5760157580506169,1.8810463000326193e-15,0.23040629923343658,0.0,0,0,0,-4.472333961502706e-19,-0.0005157589912414551,0.0
78,3.9000000000000004,-51.40658950805664,24.5062255859375,0.0029511455515657792,4.422694867663169,5.1937620870745604e-15,0.0,6,-48.406602571937256,24.51507900974105,0.0029511455515657792,5.0,0.5773051323368312,1.8814935334287696e-15,0.23092205822467804,0.0,0,0,0,4.472333961502706e-19,0.0005157589912414551,0.0
79,3.95,-51.18541717529297,24.506872177124023,0.0029511455515657792,4.423984717806048,5.1937620870745604e-15,0.0,6,-48.185430239173584,24.515725600927574,0.0029511455515657792,5.0,0.5760152821939517,1.8810460882743825e-15,0.23040610551834106,0.0,0,0,0,-4.474451543870842e-19,-0.0005159527063369751,0.0
80,4.0,-50.964256286621094,24.507518768310547,0.0029511455515657792,4.422695344979237,5.1937620870745604e-15,0.0,6,-47.96426935050171,24.516372192114098,0.0029511455515657792,5.0,0.5773046550207628,1.8814933216705328e-15,0.23092186450958252,0.0,0,0,0,4.472333961502706e-19,0.0005157589912414551,0.0
81,4.05,-50.74308395385742,24.50816535949707,0.0029511455515657792,4.423984718185258,5.1937620870745604e-15,0.0,6,-47.74309701773804,24.51701878330062,0.0029511455515657792,5.0,0.5760152818147422,1.8810460882743825e-15,0.23040610551834106,0.0,0,0,0,-4.472333961502706e-19,-0.0005157589912414551,0.0
82,4.1000000000000005,-50.52192306518555,24.508813858032227,0.0029511455515657792,4.4226953448527375,5.1937620870745604e-15,0.0,6,-47.52193612906616,24.517667281835777,0.0029511455515657792,5.0,0.5773046551472625,1.8814933216705328e-15,0.23092186450958252,0.0,0,0,0,4.472333961502706e-19,0.0005157589912414551,0.0
83,4.15,-50.300750732421875,24.50946044921875,0.0029511455515657792,4.423985195311666,5.1937620870745604e-15,0.0,6,-47.30076379630249,24.5183138730223,0.0029511455515657792,5.0,0.5760148046883344,1.8810458765161457e-15,0.23040592670440674,0.0,0,0,0,-4.474451543870842e-19,-0.0005159378051757812,0.0
84,4.2,-50.07958984375,24.510107040405273,0.0029511455515657792,4.422695345471202,5.1937620870745604e-15,0.0,6,-47.079602907630616,24.518960464208824,0.0029511455515657792,5.0,0.5773046545287981,1.8814933216705328e-15,0.23092186450958252,0.0,0,0,0,4.474451543870842e-19,0.0005159378051757812,0.0
85,4.25,-49.85841751098633,24.510753631591797,0.0029511455515657792,4.4239851959712935,5.1937620870745604e-15,0.0,6,-46.858430574866944,24.519607055395348,0.0029511455515657792,5.0,0.5760148040287065,1.8810458765161457e-15,0.23040592670440674,0.0,0,0,0,-4.474451543870842e-19,-0.0005159378051757812,0.0
86,4.3,-49.63725662231445,24.51140022277832,0.0029511455515657792,4.422695346210457,5.1937620870745604e-15,0.0,6,-46.63726968619507,24.52025364658187,0.0029511455515657792,5.0,0.5773046537895432,1.8814933216705328e-15,0.23092186450958252,0.0,0,0,0,4.474451543870842e-19,0.0005159378051757812,0.0
87,4.3500000000000005,-49.41608428955078,24.512048721313477,0.0029511455515657792,4.423984719729871,5.1937620870745604e-15,0.0,6,-46.4160973534314,24.520902145117027,0.0029511455515657792,5.0,0.5760152802701288,1.8810460882743825e-15,0.23040610551834106,0.0,0,0,0,-4.472333961502706e-19,-0.0005157589912414551,0.0
88,4.4,-49.19491958618164,24.5126953125,0.0029511455515657792,4.422695346207775,5.1937620870745604e-15,0.0,6,-46.194932650062256,24.52154873630355,0.0029511455515657792,5.0,0.5773046537922246,1.8814933216705328e-15,0.23092186450958252,0.0,0,0,0,4.472333961502706e-19,0.0005157589912414551,0.0
89,4.45,-48.97374725341797,24.513341903686523,0.0029511455515657792,4.423984719449523,5.1937620870745604e-15,0.0,6,-45.973760317298584,24.522195327490074,0.0029511455515657792,5.0,0.576015280550477,1.8810460882743825e-15,0.23040610551834106,0.0,0,0,0,-4.472333961502706e-19,-0.0005157589912414551,0.0
90,4.5,-48.752586364746094,24.513988494873047,0.0029511455515657792,4.422695345443704,5.1937620870745604e-15,0.0,6,-45.75259942862671,24.522841918676598,0.0029511455515657792,5.0,0.5773046545562961,1.8814933216705328e-15,0.23092186450958252,0.0,0,0,0,4.472333961502706e-19,0.0005157589912414551,0.0
91,4.55,-48.53141403198242,24.51463508605957,0.0029511455515657792,4.423984718237459,5.1937620870745604e-15,0.0,6,-45.53142709586304,24.52348850986312,0.0029511455515657792,5.0,0.5760152817625412,1.8810460882743825e-15,0.23040610551834106,0.0,0,0,0,-4.472333961502706e-19,-0.0005157589912414551,0.0
92,4.6000000000000005,-48.31025314331055,24.515283584594727,0.0029511455515657792,4.422695344624676,5.1937620870745604e-15,0.0,6,-45.31026620719116,24.524137008398277,0.0029511455515657792,5.0,0.5773046553753236,1.8814933216705328e-15,0.23092186450958252,0.0,0,0,0,4.472333961502706e-19,0.0005157589912414551,0.0
93,4.65,-48.089080810546875,24.51593017578125,0.0029511455515657792,4.423985194918635,5.1937620870745604e-15,0.0,6,-45.08909387442749,24.5247835995848,0.0029511455515657792,5.0,0.5760148050813649,1.8810458765161457e-15,0.23040592670440674,0.0,0,0,0,-4.474451543870842e-19,-0.0005159378051757812,0.0
94,4.7,-47.867919921875,24.516576766967773,0.0029511455515657792,4.4226958217126215,5.1937620870745604e-15,0.0,6,-44.867932985755616,24.525430190771324,0.0029511455515657792,5.0,0.5773041782873785,1.881493109912296e-15,0.230921670794487,0.0,0,0,0,4.472333961502706e-19,0.0005157440900802612,0.0
95,4.75,-47.64674758911133,24.517223358154297,0.0029511455515657792,4.423985195520545,5.1937620870745604e-15,0.0,6,-44.646760652991944,24.526076781957848,0.0029511455515657792,5.0,0.5760148044794553,1.8810458765161457e-15,0.23040592670440674,0.0,0,0,0,-4.472333961502706e-19,-0.0005157440900802612,0.0
96,4.800000000000001,-47.42558670043945,24.51786994934082,0.0029511455515657792,4.422695345806432,5.1937620870745604e-15,0.0,6,-44.42559976432007,24.52672337314437,0.0029511455515657792,5.0,0.5773046541935676,1.8814933216705328e-15,0.23092186450958252,0.0,0,0,0,4.474451543870842e-19,0.0005159378051757812,0.0
97,4.8500000000000005,-47.20441436767578,24.518518447875977,0.0029511455515657792,4.423984719575963,5.1937620870745604e-15,0.0,6,-44.2044274315564,24.527371871679527,0.0029511455515657792,5.0,0.5760152804240368,1.8810460882743825e-15,0.23040610551834106,0.0,0,0,0,-4.472333961502706e-19,-0.0005157589912414551,0.0
98,4.9,-46.98324966430664,24.5191650390625,0.0029511455515657792,4.422695346364443,5.1937620870745604e-15,0.0,6,-43.983262728187256,24.52801846286605,0.0029511455515657792,5.0,0.577304653635557,1.8814933216705328e-15,0.23092186450958252,0.0,0,0,0,4.472333961502706e-19,0.0005157589912414551,0.0
99,4.95,-46.76207733154297,24.519811630249023,0.0029511455515657792,4.423984719619935,5.1937620870745604e-15,0.0,6,-43.762090395423584,24.528665054052574,0.0029511455515657792,5.0,0.5760152803800649,1.8810460882743825e-15,0.23040610551834106,0.0,0,0,0,-4.472333961502706e-19,-0.0005157589912414551,0.0
100,5.0,-46.540916442871094,24.520458221435547,0.0029511455515657792,4.422694869194034,5.1937620870745604e-15,0.0,6,-43.54092950675171,24.529311645239098,0.0029511455515657792,5.0,0.577305130805966,1.8814935334287696e-15,0.23092205822467804,0.0,0,0,0,4.474451543870842e-19,0.0005159527063369751,0.0
101,5.050000000000001,-46.31974411010742,24.52110481262207,0.0029511455515657792,4.42398471880088,5.1937620870745604e-15,0.0,6,-43.31975717398804,24.52995823642562,0.0029511455515657792,5.0,0.5760152811991199,1.8810460882743825e-15,0.23040610551834106,0.0,0,0,0,-4.474451543870842e-19,-0.0005159527063369751,0.0
102,5.1000000000000005,-46.09858322143555,24.521753311157227,0.0029511455515657792,4.422695345089152,5.1937620870745604e-15,0.0,6,-43.09859628531616,24.530606734960777,0.0029511455515657792,5.0,0.577304654910848,1.8814933216705328e-15,0.23092186450958252,0.0,0,0,0,4.472333961502706e-19,0.0005157589912414551,0.0
103,5.15,-45.877410888671875,24.52239990234375,0.0029511455515657792,4.4239847180505665,5.1937620870745604e-15,0.0,6,-42.87742395255249,24.5312533261473,0.0029511455515657792,5.0,0.5760152819494335,1.8810460882743825e-15,0.23040610551834106,0.0,0,0,0,-4.472333961502706e-19,-0.0005157589912414551,0.0
104,5.2,-45.65625,24.523046493530273,0.0029511455515657792,4.422695344440459,5.1937620870745604e-15,0.0,6,-42.656263063880616,24.531899917333824,0.0029511455515657792,5.0,0.5773046555595407,1.8814933216705328e-15,0.23092186450958252,0.0,0,0,0,4.472333961502706e-19,0.0005157589912414551,0.0
105,5.25,-45.43507766723633,24.523693084716797,0.0029511455515657792,4.423985194921384,5.1937620870745604e-15,0.0,6,-42.435090731116944,24.532546508520348,0.0029511455515657792,5.0,0.576014805078616,1.8810458765161457e-15,0.23040592670440674,0.0,0,0,0,-4.474451543870842e-19,-0.0005159378051757812,0.0
106,5.300000000000001,-45.21391677856445,24.52433967590332,0.0029511455515657792,4.42269534510008,5.1937620870745604e-15,0.0,6,-42.21392984244507,24.53319309970687,0.0029511455515657792,5.0,0.5773046548999199,1.8814933216705328e-15,0.23092186450958252,0.0,0,0,0,4.474451543870842e-19,0.0005159378051757812,0.0
107,5.3500000000000005,-44.99274444580078,24.524988174438477,0.0029511455515657792,4.4239851956553276,5.1937620870745604e-15,0.0,6,-41.9927575096814,24.533841598242027,0.0029511455515657792,5.0,0.5760148043446724,1.8810458765161457e-15,0.23040592670440674,0.0,0,0,0,-4.474451543870842e-19,-0.0005159378051757812,0.0
108,5.4,-44.77157974243164,24.525634765625,0.0029511455515657792,4.422695345941179,5.1937620870745604e-15,0.0,6,-41.771592806312256,24.53448818942855,0.0029511455515657792,5.0,0.5773046540588211,1.8814933216705328e-15,0.23092186450958252,0.0,0,0,0,4.474451543870842e-19,0.0005159378051757812,0.0
109,5.45,-44.55040740966797,24.526281356811523,0.0029511455515657792,4.423984719312102,5.1937620870745604e-15,0.0,6,-41.550420473548584,24.535134780615074,0.0029511455515657792,5.0,0.5760152806878978,1.8810460882743825e-15,0.23040610551834106,0.0,0,0,0,-4.472333961502706e-19,-0.0005157589912414551,0.0
110,5.5,-44.329246520996094,24.526927947998047,0.0029511455515657792,4.422695345831161,5.1937620870745604e-15,0.0,6,-41.32925958487671,24.535781371801598,0.0029511455515657792,5.0,0.5773046541688389,1.8814933216705328e-15,0.23092186450958252,0.0,0,0,0,4.472333961502706e-19,0.0005157589912414551,0.0
111,5.550000000000001,-44.10807418823242,24.52757453918457,0.0029511455515657792,4.423984719279117,5.1937620870745604e-15,0.0,6,-41.10808725211304,24.53642796298812,0.0029511455515657792,5.0,0.5760152807208829,1.8810460882743825e-15,0.23040610551834106,0.0,0,0,0,-4.472333961502706e-19,-0.0005157589912414551,0.0
112,5.6000000000000005,-43.88691329956055,24.528223037719727,0.0029511455515657792,4.422694868707478,5.1937620870745604e-15,0.0,6,-40.88692636344116,24.537076461523277,0.0029511455515657792,5.0,0.5773051312925217,1.8814935334287696e-15,0.23092205822467804,0.0,0,0,0,4.474451543870842e-19,0.0005159527063369751,0.0
113,5.65,-43.665740966796875,24.52886962890625,0.0029511455515657792,4.423984718462817,5.1937620870745604e-15,0.0,6,-40.66575403067749,24.5377230527098,0.0029511455515657792,5.0,0.5760152815371828,1.8810460882743825e-15,0.23040610551834106,0.0,0,0,0,-4.474451543870842e-19,-0.0005159527063369751,0.0
114,5.7,-43.444580078125,24.529516220092773,0.0029511455515657792,4.422695344863771,5.1937620870745604e-15,0.0,6,-40.444593142005616,24.538369643896324,0.0029511455515657792,5.0,0.5773046551362286,1.8814933216705328e-15,0.23092186450958252,0.0,0,0,0,4.472333961502706e-19,0.0005157589912414551,0.0
115,5.75,-43.22340774536133,24.530162811279297,0.0029511455515657792,4.423985195006573,5.1937620870745604e-15,0.0,6,-40.223420809241944,24.539016235082848,0.0029511455515657792,5.0,0.5760148049934273,1.8810458765161457e-15,0.23040592670440674,0.0,0,0,0,-4.474451543870842e-19,-0.0005159378051757812,0.0
116,5.800000000000001,-43.00224685668945,24.53080940246582,0.0029511455515657792,4.422695821547701,5.1937620870745604e-15,0.0,6,-40.00225992057007,24.53966282626937,0.0029511455515657792,5.0,0.577304178452299,1.881493109912296e-15,0.230921670794487,0.0,0,0,0,4.472333961502706e-19,0.0005157440900802612,0.0
117,5.8500000000000005,-42.78107452392578,24.531457901000977,0.0029511455515657792,4.423985671981828,5.1937620870745604e-15,0.0,6,-39.7810875878064,24.540311324804527,0.0029511455515657792,5.0,0.5760143280181724,1.881045664757909e-15,0.23040573298931122,0.0,0,0,0,-4.474451543870842e-19,-0.0005159378051757812,0.0
118,5.9,-42.55990982055664,24.5321044921875,0.0029511455515657792,4.422695822199,5.1937620870745604e-15,0.0,6,-39.559922884437256,24.54095791599105,0.0029511455515657792,5.0,0.5773041778010004,1.881493109912296e-15,0.230921670794487,0.0,0,0,0,4.474451543870842e-19,0.0005159378051757812,0.0
119,5.95,-42.33873748779297,24.532751083374023,0.0029511455515657792,4.423985672660685,5.1937620870745604e-15,0.0,6,-39.338750551673584,24.541604507177574,0.0029511455515657792,5.0,0.5760143273393146,1.881045664757909e-15,0.23040573298931122,0.0,0,0,0,-4.474451543870842e-19,-0.0005159378051757812,0.0
120,6.0,-42.117576599121094,24.533397674560547,0.0029511455515657792,4.4226958226910345,5.1937620870745604e-15,0.0,6,-39.11758966300171,24.542251098364098,0.0029511455515657792,5.0,0.5773041773089655,1.881493109912296e-15,0.230921670794487,0.0,0,0,0,4.474451543870842e-19,0.0005159378051757812,0.0
121,6.050000000000001,-41.89640426635742,24.53404426574707,0.0029511455515657792,4.42398471926261,5.1937620870745604e-15,0.0,6,-38.89641733023804,24.54289768955062,0.0029511455515657792,5.0,0.5760152807373897,1.8810460882743825e-15,0.23040610551834106,0.0,0,0,0,-4.47021637913457e-19,-0.0005155652761459351,0.0
122,6.1000000000000005,-41.67524337768555,24.534692764282227,0.0029511455515657792,4.422695345866937,5.1937620870745604e-15,0.0,6,-38.67525644156616,24.543546188085777,0.0029511455515657792,5.0,0.5773046541330631,1.8814933216705328e-15,0.23092186450958252,0.0,0,0,0,4.472333961502706e-19,0.0005157589912414551,0.0
123,6.15,-41.454071044921875,24.53533935546875,0.0029511455515657792,4.423984241976777,5.1937620870745604e-15,0.0,6,-38.45408410880249,24.5441927792723,0.0029511455515657792,5.0,0.5760157580232228,1.8810463000326193e-15,0.23040629923343658,0.0,0,0,0,-4.47021637913457e-19,-0.0005155652761459351,0.0
124,6.2,-41.23291015625,24.535985946655273,0.0029511455515657792,4.422694868138542,5.1937620870745604e-15,0.0,6,-38.232923220130616,24.544839370458824,0.0029511455515657792,5.0,0.5773051318614577,1.8814935334287696e-15,0.23092205822467804,0.0,0,0,0,4.472333961502706e-19,0.0005157589912414551,0.0
125,6.25,-41.01173400878906,24.536632537841797,0.0029511455515657792,4.423984717783942,5.1937620870745604e-15,0.0,6,-38.01174707266968,24.545485961645348,0.0029511455515657792,5.0,0.5760152822160576,1.8810460882743825e-15,0.23040610551834106,0.0,0,0,0,-4.474451543870842e-19,-0.0005159527063369751,0.0
126,6.300000000000001,-40.79057312011719,24.53727912902832,0.0029511455515657792,4.4226953442865735,5.1937620870745604e-15,0.0,6,-37.7905861839978,24.54613255283187,0.0029511455515657792,5.0,0.5773046557134265,1.8814933216705328e-15,0.23092186450958252,0.0,0,0,0,4.472333961502706e-19,0.0005157589912414551,0.0
127,6.3500000000000005,-40.56939697265625,24.537927627563477,0.0029511455515657792,4.423984717896615,5.1937620870745604e-15,0.0,6,-37.569410036536866,24.546781051367027,0.0029511455515657792,5.0,0.576015282103385,1.8810460882743825e-15,0.23040610551834106,0.0,0,0,0,-4.472333961502706e-19,-0.0005157589912414551,0.0
128,6.4,-40.34823989868164,24.53857421875,0.0029511455515657792,4.422695344616311,5.1937620870745604e-15,0.0,6,-37.348252962562256,24.54742764255355,0.0029511455515657792,5.0,0.5773046553836894,1.8814933216705328e-15,0.23092186450958252,0.0,0,0,0,4.472333961502706e-19,0.0005157589912414551,0.0
129,6.45,-40.1270637512207,24.539220809936523,0.0029511455515657792,4.423984718515002,5.1937620870745604e-15,0.0,6,-37.12707681510132,24.548074233740074,0.0029511455515657792,5.0,0.5760152814849979,1.8810460882743825e-15,0.23040610551834106,0.0,0,0,0,-4.472333961502706e-19,-0.0005157589912414551,0.0
130,6.5,-39.905906677246094,24.539867401123047,0.0029511455515657792,4.422694868619487,5.1937620870745604e-15,0.0,6,-36.90591974112671,24.548720824926598,0.0029511455515657792,5.0,0.5773051313805126,1.8814935334287696e-15,0.23092205822467804,0.0,0,0,0,4.474451543870842e-19,0.0005159527063369751,0.0
131,6.550000000000001,-39.684730529785156,24.54051399230957,0.0029511455515657792,4.423984242119661,5.1937620870745604e-15,0.0,6,-36.68474359366577,24.54936741611312,0.0029511455515657792,5.0,0.5760157578803389,1.8810463000326193e-15,0.23040629923343658,0.0,0,0,0,-4.472333961502706e-19,-0.0005157589912414551,0.0
132,6.6000000000000005,-39.46356964111328,24.541162490844727,0.0029511455515657792,4.422694868850346,5.1937620870745604e-15,0.0,6,-36.4635827049939,24.550015914648277,0.0029511455515657792,5.0,0.5773051311496538,1.8814935334287696e-15,0.23092205822467804,0.0,0,0,0,4.472333961502706e-19,0.0005157589912414551,0.0
133,6.65,-39.24239730834961,24.54180908203125,0.0029511455515657792,4.423984242350522,5.1937620870745604e-15,0.0,6,-36.242410372230225,24.5506625058348,0.0029511455515657792,5.0,0.5760157576494782,1.8810463000326193e-15,0.23040629923343658,0.0,0,0,0,-4.472333961502706e-19,-0.0005157589912414551,0.0
134,6.7,-39.021236419677734,24.542455673217773,0.0029511455515657792,4.422694392029001,5.1937620870745604e-15,0.0,6,-36.02124948355835,24.551309097021324,0.0029511455515657792,5.0,0.5773056079709988,1.8814937451870064e-15,0.23092223703861237,0.0,0,0,0,4.474451543870842e-19,0.0005159378051757812,0.0
135,6.75,-38.80006408691406,24.543102264404297,0.0029511455515657792,4.423983288295569,5.1937620870745604e-15,0.0,6,-35.80007715079468,24.551955688207848,0.0029511455515657792,5.0,0.5760167117044306,1.881046511790856e-15,0.23040668666362762,0.0,0,0,0,-4.472333961502706e-19,-0.0005155503749847412,0.0
136,6.800000000000001,-38.57890319824219,24.54374885559082,0.0029511455515657792,4.422693914462833,5.1937620870745604e-15,0.0,6,-35.5789162621228,24.55260227939437,0.0029511455515657792,5.0,0.5773060855371668,1.8814937451870064e-15,0.23092243075370789,0.0,0,0,0,4.472333961502706e-19,0.0005157440900802612,0.0
137,6.8500000000000005,-38.35772705078125,24.544397354125977,0.0029511455515657792,4.423983764416124,5.1937620870745604e-15,0.0,6,-35.357740114661866,24.553250777929527,0.0029511455515657792,5.0,0.576016235583876,1.8810463000326193e-15,0.2304064929485321,0.0,0,0,0,-4.474451543870842e-19,-0.0005159378051757812,0.0
138,6.9,-38.13656997680664,24.5450439453125,0.0029511455515657792,4.422694390726243,0.2559536295075705,0.09319971910647584,6,-35.137194563316896,24.577187163721845,0.09615086465804162,5.0,0.5773056092737567,0.17142857611179352,0.23092223703861237,0.0,0,0,0,0.17142857611179163,0.0005157440900802612,0.0
139,6.95,-37.91576385498047,24.549606323242188,0.006315278728580995,4.410833946407233,-9.259953914764196e-15,0.0,6,-34.91582367889977,24.568552033492864,0.006315278728580995,5.0,0.5891660535927672,1.887379141862766e-15,0.235666424036026,0.0,0,0,0,-0.17142857611179163,0.004744186997413635,0.0
140,7.0,-37.69533920288086,24.555866241455078,0.009891892629287103,4.410652200648502,-9.749145934989656e-16,0.0,6,-34.69548597599373,24.585541435386737,0.009891892629287103,5.0,0.589347799351498,-3.5395886915245587e-16,0.23573912680149078,0.0,0,0,0,-2.241338011015222e-15,7.270276546478271e-05,0.0
141,7.050000000000001,-37.47476577758789,24.559186935424805,0.010479455665677737,4.413162595679157,4.440892098500626e-16,0.0,6,-34.47493050456694,24.590624727003373,0.010479455665677737,5.0,0.5868374043208426,1.6115916199234295e-16,0.23473496735095978,0.0,0,0,0,5.151180311447988e-16,-0.0010041594505310059,0.0
142,7.1000000000000005,-37.25410842895508,24.561796188354492,0.01057062836141822,4.413679159008804,1.0401401961956935e-14,0.0,6,-34.25427603467034,24.593507482870628,0.01057062836141822,5.0,0.5863208409911964,3.774289450989227e-15,0.2345283329486847,0.0,0,0,0,3.613130288996884e-15,-0.00020663440227508545,0.0
143,7.15,-37.033348083496094,24.56421661376953,0.01058488459562855,4.41674986659092,9.76302372279747e-15,0.0,6,-34.03351614159984,24.595970674595648,0.01058488459562855,5.0,0.5832501334090798,3.540636894796786e-15,0.23330006003379822,0.0,0,0,0,-2.3365255619244105e-16,-0.0012282729148864746,0.0
144,7.2,-36.81250762939453,24.566579818725586,0.010587121234825296,4.4170550095153605,-1.7208456881689926e-15,0.0,6,-33.81267575852816,24.59834058909334,0.010587121234825296,5.0,0.5829449904846395,-6.24043000620574e-16,0.23317798972129822,0.0,0,0,0,-4.16467989541736e-15,-0.0001220703125,0.0
145,7.25,-36.59158706665039,24.568925857543945,0.010587477016502174,4.419752087025709,5.447031714567174e-15,0.0,6,-33.591755207084105,24.600687695196903,0.010587477016502174,5.0,0.5802479129742908,1.9743143684042112e-15,0.23209916055202484,0.0,0,0,0,2.5983573690247853e-15,-0.0010788291692733765,0.0
146,7.300000000000001,-36.37061309814453,24.57126808166504,0.010587532152259117,4.419611745439371,6.369904603786836e-15,0.0,6,-33.370781240329464,24.603030084715996,0.010587532152259117,5.0,0.5803882545606287,2.3088758654271884e-15,0.23215530812740326,0.0,0,0,0,3.3456149702297718e-16,5.614757537841797e-05,0.0
147,7.3500000000000005,-36.14957809448242,24.573610305786133,0.010587539434340223,4.42183194270951,-7.202571872255703e-15,0.0,6,-33.14974623689865,24.605372330682123,0.010587539434340223,5.0,0.5781680572904904,-2.6096206308222217e-15,0.23126722872257233,0.0,0,0,0,-4.91849649624941e-15,-0.0008880794048309326,0.0
148,7.4,-35.92852020263672,24.575956344604492,0.010587540474637523,4.421253568796169,6.099287741534454e-15,0.0,6,-32.92868834508599,24.607718372621186,0.010587540474637523,5.0,0.5787464312038306,2.2101169059750205e-15,0.2314985692501068,0.0,0,0,0,4.819737536797242e-15,0.00023134052753448486,0.0
149,7.45,-35.70741653442383,24.57830238342285,0.010587539434340223,4.423080520806135,-7.202571872255703e-15,0.0,6,-32.70758467684006,24.61006440831884,0.010587539434340223,5.0,0.5769194791938652,-2.6090198727043816e-15,0.23076778650283813,0.0,0,0,0,-4.819136778679402e-15,-0.0007307827472686768,0.0
150,7.5,-35.48630142211914,24.580646514892578,0.010587539434340223,4.422175511246731,-7.202571872255703e-15,0.0,6,-32.48646956453537,24.612408539788568,0.010587539434340223,5.0,0.5778244887532686,-2.6094552476392703e-15,0.23112979531288147,0.0,0,0,0,-4.353749348887104e-19,0.00036200881004333496,0.0
151,7.550000000000001,-35.26515579223633,24.582992553710938,0.010587539434340223,4.423733964474762,-7.202571872255703e-15,0.0,6,-32.26532393465256,24.614754578606927,0.010587539434340223,5.0,0.5762660355252383,-2.6087054117227134e-15,0.23050642013549805,0.0,0,0,0,7.498359165568694e-19,-0.0006233751773834229,0.0
152,7.6000000000000005,-35.04401397705078,24.585336685180664,0.010587539434340223,4.4226214919621425,-7.202571872255703e-15,0.0,6,-32.04418211946701,24.617098710076654,0.010587539434340223,5.0,0.5773785080378575,-2.609240736545378e-15,0.23095139861106873,0.0,0,0,0,-5.353248226647178e-19,0.0004449784755706787,0.0
153,7.65,-34.822853088378906,24.58768081665039,0.010587538394042922,4.424021601194803,8.396061623727746e-16,0.0,6,-31.82302123076209,24.619442838425655,0.010587538394042922,5.0,0.575978398805197,3.040815193418436e-16,0.23039135336875916,0.0,0,0,0,2.9133222558872218e-15,-0.0005600452423095703,0.0
154,7.7,-34.60169982910156,24.590023040771484,0.010587538394042922,4.422794181174038,8.396061623727746e-16,0.0,6,-31.601867971484747,24.62178506254675,0.010587538394042922,5.0,0.5772058188259619,3.041503672385876e-16,0.23088233172893524,0.0,0,0,0,6.88478967440136e-20,0.0004909783601760864,0.0
155,7.75,-34.380531311035156,24.59236717224121,0.010587538394042922,4.424111778228547,8.396061623727746e-16,0.0,6,-31.38069945341834,24.624129194016476,0.010587538394042922,5.0,0.5758882217714527,3.040764636139397e-16,0.23035529255867004,0.0,0,0,0,-7.39036246479377e-20,-0.0005270391702651978,0.0
156,7.800000000000001,-34.15937805175781,24.594711303710938,0.010587538394042922,4.422829031833055,0.25595362950756967,0.09319971910647687,6,-31.160335547232705,24.649757771247337,0.10378725750051979,5.0,0.5771709681669446,0.17142857611179352,0.2308683842420578,0.0,0,0,0,0.1714285761117932,0.0005130916833877563,0.0
157,7.8500000000000005,-33.93860626220703,24.600961685180664,0.013951754794842203,4.410961270555698,0.2559536295075784,0.0931997191064775,6,-30.939765917055027,24.666097250159197,0.1071514739013197,5.0,0.5890387294443018,0.2453932911157608,0.23561549186706543,0.0,0,0,0,0.07396471500396729,0.004747107625007629,0.0
158,7.9,-33.71995544433594,24.618019104003906,0.025376128103307177,4.3777235061519955,0.31806268606886884,0.01441804672256496,6,-30.73203459402744,24.418669061233263,0.039794174825872136,5.0,0.6222764938480045,0.13959316909313202,0.248910591006279,0.0,0,0,0,-0.10580012202262878,0.013295099139213562,0.0
159,7.95,-33.50239562988281,24.64081573486328,0.03849878987623997,4.387161440334008,0.25595362950757167,0.09319971910647712,6,-30.506057449816343,24.779536923628456,0.1316985089827171,5.0,0.6128385596659918,0.24580249190330505,0.24513542652130127,0.0,0,0,0,0.10620932281017303,-0.003775164484977722,0.0
160,8.0,-33.28555679321289,24.668066024780273,0.052861587980876396,4.373039672591079,0.2559536295075692,0.09319971910647745,6,-30.29152002101415,24.84980722610298,0.14606130708735385,5.0,0.6269603274089208,0.2460470050573349,0.25078412890434265,0.0,0,0,0,0.0002445131540298462,0.005648702383041382,0.0
161,8.05,-33.07056427001953,24.70317268371582,0.07089854138203497,4.371652552104711,0.2559536295075774,0.09319971910647745,6,-30.080292391975206,24.938884696379006,0.16409826048851242,5.0,0.6283474478952886,0.24607108533382416,0.25133898854255676,0.0,0,0,0,2.4080276489257812e-05,0.0005548596382141113,0.0
162,8.1,-32.85641860961914,24.74355697631836,0.0896887990258469,4.375831113362365,0.3180626860688831,0.01441804672256744,6,-29.861862931324424,24.736647790130792,0.10410684574841433,5.0,0.6241688866376354,0.13963386416435242,0.24966755509376526,0.0,0,0,0,-0.10643722116947174,-0.001671433448791504,0.0
163,8.15,-32.6412239074707,24.78362464904785,0.10444346880132087,4.395016978809174,0.3180626860688756,0.01441804672256708,6,-29.64689224200587,24.820898291954233,0.11886151552388795,5.0,0.6049830211908258,0.13922260701656342,0.24199320375919342,0.0,0,0,0,-0.00041125714778900146,-0.007674351334571838,0.0
164,8.200000000000001,-32.42501449584961,24.822731018066406,0.11607480821748513,4.403492092896823,0.25595362950757533,0.09319971910647677,6,-29.44843848150321,25.193245914331285,0.2092745273239619,5.0,0.5965079071031774,0.24552132189273834,0.2386031597852707,0.0,0,0,0,0.10629871487617493,-0.0033900439739227295,0.0
165,8.25,-32.21002960205078,24.866718292236328,0.13023800655960932,4.3903325753038915,0.2559536295075655,0.09319971910647779,6,-29.238999628135954,25.27935245422019,0.2234377256660871,5.0,0.6096674246961085,0.24574775993824005,0.243866965174675,0.0,0,0,0,0.00022643804550170898,0.005263805389404297,0.0
166,8.3,-31.99758529663086,24.918453216552734,0.14824133339081644,4.386176784698818,0.2559536295075685,0.0931997191064772,6,-29.034465180881153,25.38450604314636,0.24144105249729364,5.0,0.6138232153011822,0.24581949412822723,0.24552927911281586,0.0,0,0,0,7.173418998718262e-05,0.0016623139381408691,0.0
167,8.35,-31.786468505859375,24.975412368774414,0.1670836308668042,4.390802057936521,0.2559536295075683,0.09319971910647704,6,-28.832655362423978,25.497211152986075,0.26028334997328123,5.0,0.6091979420634788,0.2457396686077118,0.24367918074131012,0.0,0,0,0,-7.98255205154419e-05,-0.0018500983715057373,0.0
168,8.4,-31.576385498046875,25.036746978759766,0.18605068079510534,4.394335267611459,-6.106226635438361e-15,0.0,6,-28.628158180959087,25.591684530901748,0.18605068079510534,5.0,0.6056647323885409,0.07431109249591827,0.24226589500904083,0.0,0,0,0,-0.17142857611179352,-0.0014132857322692871,0.0
169,8.450000000000001,-31.36488151550293,25.0961856842041,0.19955317383791607,4.406399398798356,3.219646771412954e-15,0.0,6,-28.424415763535013,25.690879858972732,0.19955317383791607,5.0,0.5936006012016444,1.1698654731775288e-15,0.23744024336338043,0.0,0,0,0,-0.07431109249591711,-0.0048256516456604,0.0
170,8.5,-31.15065574645996,25.146860122680664,0.20366259784747648,4.404316874496028,6.217248937900877e-15,0.0,6,-28.212658666459106,25.753632862597726,0.20366259784747648,5.0,0.5956831255039718,2.2599211727241525e-15,0.2382732480764389,0.0,0,0,0,1.0900556995466237e-15,0.0008330047130584717,0.0
171,8.55,-30.935203552246094,25.193206787109375,0.20433338154704017,4.410315263018053,8.215650382226158e-15,0.0,6,-27.997614146454996,25.801950150920348,0.20433338154704017,5.0,0.5896847369819467,2.983013506279125e-15,0.23587389290332794,0.0,0,0,0,7.230923335549725e-16,-0.002399355173110962,0.0
172,8.6,-30.71929168701172,25.238449096679688,0.20441337624828343,4.4127676986816935,0.2559536295075694,0.09319971910647723,6,-27.787010480634958,25.8701238423092,0.29761309535476066,5.0,0.5872323013183065,0.17142857611179352,0.23489291965961456,0.0,0,0,0,0.17142857611179055,-0.000980973243713379,0.0
173,8.65,-30.50425910949707,25.287179946899414,0.20782435297245694,4.404904451447268,0.25595362950756484,0.09319971910647706,6,-27.574149584977555,25.92885294138842,0.301024072078934,5.0,0.5950955485527318,0.24549709260463715,0.23803821206092834,0.0,0,0,0,0.07406851649284363,0.0031452924013137817,0.0
174,8.700000000000001,-30.29325294494629,25.346027374267578,0.2192690880199907,4.373343980393,-8.215650382226158e-15,0.0,6,-27.36508285909328,25.998576183411828,0.2192690880199907,5.0,0.6266560196070001,0.07406851649284363,0.2506624162197113,0.0,0,0,0,-0.17142857611179352,0.012624204158782959,0.0
175,8.75,-30.083810806274414,25.408742904663086,0.23100590526007891,4.383635049074592,8.326672684688674e-15,0.0,6,-27.163501070312236,26.095613377201047,0.23100590526007891,5.0,0.6163649509254077,3.038307393559412e-15,0.24654598534107208,0.0,0,0,0,-0.07406851649284059,-0.004116430878639221,0.0
176,8.8,-29.871959686279297,25.464778900146484,0.23467396025322912,4.384972754915756,4.9960036108132044e-15,0.0,6,-26.954189069151507,26.162356584584362,0.23467396025322912,5.0,0.615027245084244,1.8225315699703978e-15,0.2460108995437622,0.0,0,0,0,-1.2157758235890144e-15,-0.0005350857973098755,0.0
177,8.85,-29.658824920654297,25.517255783081055,0.23526125385261884,4.393683783445678,0.24253436377014226,0.30843525076456635,6,-27.000180554640025,26.84091465357274,0.5436965046171852,5.0,0.6063162165543217,0.17142857611179352,0.24252648651599884,0.0,0,0,0,0.1714285761117917,-0.0034844130277633667,0.0
178,8.9,-29.446378707885742,25.57263946533203,0.2387174210915396,4.387820323858828,0.24253436377014137,0.30843525076456646,6,-26.792324998047413,26.905479131482526,0.547152671856106,5.0,0.6121796761411717,0.34285715222358704,0.24487186968326569,0.0,0,0,0,0.17142857611179352,0.0023453831672668457,0.0
179,8.950000000000001,-29.23802947998047,25.637889862060547,0.25021876495699436,4.359187889256692,0.24253436377014048,0.30843525076456657,6,-26.59948041788261,27.00116588593586,0.5586540157215609,5.0,0.6408121107433082,0.5142857432365417,0.2563248574733734,0.0,0,0,0,0.1714285910129547,0.011452987790107727,0.0
180,9.0,-29.036617279052734,25.715410232543945,0.2703145291342984,4.315272986479241,0.24253436377014315,0.3084352507645665,6,-26.42599520409067,27.13143108411765,0.5787497798988649,5.0,0.6847270135207593,0.5944621562957764,0.27389079332351685,0.0,0,0,0,0.08017641305923462,0.017565935850143433,0.0
181,9.05,-28.84465980529785,25.80609893798828,0.2988002494307607,4.257415358519054,-0.05012005437692357,0.20081748493552265,6,-26.25964584289131,27.274115271873903,0.4996177343662834,5.0,0.7425846414809456,0.42303359508514404,0.2970338463783264,0.0,0,0,0,-0.17142856121063232,0.02314305305480957,0.0
182,9.1,-28.65897560119629,25.906673431396484,0.3303351393725525,4.2756939664868945,-0.05012005437692335,0.2008174849355226,6,-26.121532926026642,27.45546451240762,0.5311526243080751,5.0,0.7243060335131055,0.3100810945034027,0.28972241282463074,0.0,0,0,0,-0.11295250058174133,-0.007311433553695679,0.0
183,9.15,-28.472204208374023,26.010250091552734,0.3575411608309613,4.323452235033014,-0.023291497877091505,0.0931997191064774,6,-25.78734917711768,27.3355129624664,0.4507408799374387,5.0,0.676547764966986,0.14397521317005157,0.27061909437179565,0.0,0,0,0,-0.16610588133335114,-0.019103318452835083,0.0
184,9.200000000000001,-28.2806339263916,26.110929489135742,0.37639431068839113,4.359068164966564,-0.023291497877097056,0.09319971910647706,6,-25.621239934522077,27.486571816157237,0.4695940297948682,5.0,0.6409318350334363,0.1440323293209076,0.25637272000312805,0.0,0,0,0,5.7116150856018066e-05,-0.014246374368667603,0.0
185,9.25,-28.085126876831055,26.20813751220703,0.3890990871161823,4.383981703296232,-0.3180626860688819,-0.01441804672256658,6,-25.430480094007894,27.593872662121168,0.3746810403936157,5.0,0.6160182967037677,-0.027396241202950478,0.24640731513500214,0.0,0,0,0,-0.17142857052385807,-0.009965404868125916,0.0
186,9.3,-27.88614273071289,26.30013656616211,0.39500331525288795,4.386449385678412,-0.318062686068878,-0.014418046722567024,6,-25.239723867055826,27.701521112009882,0.38058526853032093,5.0,0.6135506143215883,-0.13940590620040894,0.24542024731636047,0.0,0,0,0,-0.11200966499745846,-0.0009870678186416626,0.0
187,9.35,-27.68284034729004,26.381437301635742,0.39126044207786337,4.374359740790376,-0.3180626860688778,-0.014418046722566802,6,-25.03119482820627,27.772906844379634,0.37684239535529657,5.0,0.6256402592096242,-0.13966552913188934,0.25025609135627747,0.0,0,0,0,-0.0002596229314804077,0.004835844039916992,0.0
188,9.4,-27.476680755615234,26.453929901123047,0.3816667038564755,4.376564040972039,-0.31806268606887855,-0.014418046722567746,6,-24.811808074316687,27.819896606328413,0.36724865713390775,5.0,0.6234359590279608,-0.13961809873580933,0.2493743896484375,0.0,0,0,0,4.743039608001709e-05,-0.0008817017078399658,0.0
189,9.450000000000001,-27.26877212524414,26.522212982177734,0.37086562155490027,4.384782118497512,-0.31806268606887433,-0.014418046722567024,6,-24.589301257027866,27.859317059518478,0.35644757483233325,5.0,0.6152178815024882,-0.13944163918495178,0.24608714878559113,0.0,0,0,0,0.00017645955085754395,-0.0032872408628463745,0.0
190,9.5,-27.059539794921875,26.587787628173828,0.35983820385018195,4.3947747808781825,-0.31806268606887966,-0.01441804672256708,6,-24.365487335824064,27.895263362132187,0.34542015712761487,5.0,0.6052252191218175,-0.13922777771949768,0.24209009110927582,0.0,0,0,0,0.00021386146545410156,-0.003997057676315308,0.0
191,9.55,-26.84920883178711,26.651010513305664,0.3488105864083818,4.400183457733074,-0.31806268606888044,-0.014418046722567135,6,-24.14090213068313,27.92869837034125,0.33439253968581467,5.0,0.5998165422669262,-0.13911235332489014,0.23992662131786346,0.0,0,0,0,0.00011542439460754395,-0.0021634697914123535,0.0
192,9.600000000000001,-26.637861251831055,26.71196174621582,0.3377633947325696,4.407566646711088,-0.3180626860688798,-0.014418046722567135,6,-23.915605234959475,27.95965306455838,0.3233453480100025,5.0,0.5924333532889117,-0.13895517587661743,0.2369733452796936,0.0,0,0,0,0.00015717744827270508,-0.002953276038169861,0.0
193,9.65,-26.42561912536621,26.77065086364746,0.3267307172846984,4.410640743955353,-0.31806268606887433,-0.01441804672256769,6,-23.689763686658793,27.988233085000893,0.3123126705621307,5.0,0.5893592560446468,-0.1388898491859436,0.2357437014579773,0.0,0,0,0,6.532669067382812e-05,-0.0012296438217163086,0.0
194,9.700000000000001,-26.21254539489746,26.827049255371094,0.3156841248201314,4.415521631350585,-0.3180626860688748,-0.014418046722567246,6,-23.463407017842943,28.014335922973725,0.30126607809756417,5.0,0.5844783686494148,-0.13878628611564636,0.23379135131835938,0.0,0,0,0,0.00010356307029724121,-0.00195235013961792,0.0
195,9.75,-25.99873924255371,26.88114356994629,0.30465158053031466,4.416627189231284,-0.3180626860688739,-0.01441804672256719,6,-23.236669645263866,28.038028606148256,0.29023353380774747,5.0,0.5833728107687159,-0.13876286149024963,0.23334912955760956,0.0,0,0,0,2.3424625396728516e-05,-0.0004422217607498169,0.0
196,9.8,-25.78423500061035,26.93290138244629,0.2936066858309427,4.4197677598141345,-0.31806268606888033,-0.014418046722567301,6,-23.00955646001219,28.05920970773069,0.2791886391083754,5.0,0.5802322401858655,-0.1386963427066803,0.23209290206432343,0.0,0,0,0,6.651878356933594e-05,-0.0012562274932861328,0.0
197,9.850000000000001,-25.569120407104492,26.982316970825195,0.28257524009507556,4.419621238432033,-0.2559536295075734,-0.09319971910647748,6,-22.682125597585458,27.79628688878692,0.18937552098859808,5.0,0.5803787615679674,-0.2452452927827835,0.23215150833129883,0.0,0,0,0,-0.10654895007610321,5.860626697540283e-05,0.0
198,9.9,-25.353397369384766,27.025808334350586,0.2685365861458046,4.4002191058935,-0.3180626860688778,-0.01441804672256719,6,-22.55135703533459,28.082208549049962,0.2541185394232374,5.0,0.5997808941064999,-0.13911159336566925,0.23991236090660095,0.0,0,0,0,0.10613369941711426,0.007760852575302124,0.0
199,9.950000000000001,-25.137224197387695,27.065935134887695,0.25479192853612165,4.408719983432352,-0.318062686068876,-0.014418046722566163,6,-22.320929131671384,28.083723693520028,0.24037388181355548,5.0,0.591280016567648,-0.13893064856529236,0.23651200532913208,0.0,0,0,0,0.0001809448003768921,-0.003400355577468872,0.0
200,10.0,-24.92057228088379,27.106008529663086,0.2433117900908466,4.414462512180398,-0.3180626860688751,-0.014418046722567607,6,-22.092778701022958,28.091399272951648,0.228893743368279,5.0,0.585537487819602,-0.1388087421655655,0.23421499133110046,0.0,0,0,0,0.00012190639972686768,-0.002297013998031616,0.0
201,10.05,-24.70343780517578,27.144264221191406,0.23220968736230835,4.415359793745928,-0.3180626860688768,-0.01441804672256694,6,-21.864878811231225,28.098200427212223,0.2177916406397414,5.0,0.5846402062540719,-0.13878971338272095,0.23385608196258545,0.0,0,0,0,1.9028782844543457e-05,-0.00035890936851501465,0.0
202,10.100000000000001,-24.485803604125977,27.180288314819336,0.22115112731759287,4.418423027327537,-0.31806268606887667,-0.014418046722567579,6,-21.636869228784548,28.102776456888847,0.2067330805950253,5.0,0.5815769726724627,-0.13872481882572174,0.23263078927993774,0.0,0,0,0,6.489455699920654e-05,-0.001225292682647705,0.0
203,10.15,-24.267736434936523,27.21396827697754,0.2101158532876588,4.418228071495935,-0.31806268606887456,-0.01441804672256669,6,-21.408795822739446,28.10496211713084,0.19569780656509211,5.0,0.5817719285040646,-0.13872894644737244,0.23270876705646515,0.0,0,0,0,-4.127621650695801e-06,7.797777652740479e-05,0.0
204,10.200000000000001,-24.049251556396484,27.24526596069336,0.19906882805941473,4.420486773610255,-0.3180626860688782,-0.014418046722566524,6,-21.180642759125423,28.10462328769999,0.1846507813368482,5.0,0.5795132263897447,-0.13868112862110138,0.23180529475212097,0.0,0,0,0,4.781782627105713e-05,-0.0009034723043441772,0.0
205,10.25,-23.830419540405273,27.274160385131836,0.1880359175849481,4.419692915039246,-0.31806268606887306,-0.014418046722566802,6,-20.952504312123644,28.101816948016236,0.17361787086238128,5.0,0.5803070849607543,-0.13869792222976685,0.23212283849716187,0.0,0,0,0,-1.679360866546631e-05,0.00031754374504089355,0.0
206,10.3,-23.61124038696289,27.300643920898438,0.17698990768686962,4.4214924603906285,-0.3180626860688726,-0.014418046722566996,6,-20.72435861368033,28.096461157674483,0.16257186096430262,5.0,0.5785075396093715,-0.13865984976291656,0.23140302300453186,0.0,0,0,0,3.807246685028076e-05,-0.0007198154926300049,0.0
207,10.350000000000001,-23.39177894592285,27.324710845947266,0.16595774622645956,4.420339651907535,-0.3180626860688748,-0.014418046722566635,6,-20.49629344385011,28.08863175451535,0.15153969950389293,5.0,0.5796603480924647,-0.1386842429637909,0.23186413943767548,0.0,0,0,0,-2.4393200874328613e-05,0.0004611164331436157,0.0
208,10.4,-23.17204475402832,27.34635353088379,0.15491245205292406,4.421885662348239,-0.31806268606887766,-0.014418046722568273,6,-20.268298313041434,28.078247002447046,0.1404944053303558,5.0,0.578114337651761,-0.1386515349149704,0.2312457412481308,0.0,0,0,0,3.2708048820495605e-05,-0.0006183981895446777,0.0
209,10.450000000000001,-22.952091217041016,27.36557388305664,0.1438813059226796,4.420550087647557,-0.3180626860688773,-0.014418046722567274,6,-20.040447987079645,28.065391822724543,0.1294632592001123,5.0,0.5794499123524428,-0.13867978751659393,0.23177996277809143,0.0,0,0,0,-2.8252601623535156e-05,0.0005342215299606323,0.0
210,10.5,-22.73192596435547,27.382362365722656,0.1328370520464449,4.42196232121124,-0.31806268606887766,-0.014418046722566066,6,-19.81273149735248,28.049981352181298,0.11841900532387882,5.0,0.5780376787887596,-0.13864991068840027,0.23121507465839386,0.0,0,0,0,2.987682819366455e-05,-0.0005648881196975708,0.0
211,10.55,-22.511606216430664,27.3967227935791,0.12180677976593311,4.420570488085738,-0.31806268606887445,-0.014418046722566705,6,-19.585225462432476,28.0321023100021,0.10738873304336641,5.0,0.5794295119142623,-0.1386793553829193,0.2317718118429184,0.0,0,0,0,-2.944469451904297e-05,0.0005567371845245361,0.0
212,10.600000000000001,-22.29112434387207,27.408649444580078,0.11076412378635246,4.421884602315417,-0.02329149787709317,0.09319971910647727,6,-19.363872539214707,28.037907013477774,0.20396384289282973,5.0,0.5781153976845834,0.03274921700358391,0.23124615848064423,0.0,0,0,0,0.17142857238650322,-0.0005256533622741699,0.0
213,10.65,-22.07099151611328,27.424861907958984,0.10549173061826808,4.411252049307392,-0.023291497877100387,0.0931997191064774,6,-19.140462719488063,28.038677179873254,0.19869144972474548,5.0,0.5887479506926079,0.1441146582365036,0.23549917340278625,0.0,0,0,0,0.11136544123291969,0.004253014922142029,0.0
214,10.700000000000001,-21.852807998657227,27.452016830444336,0.10971438890842729,4.38882410935915,-0.31806268606888116,-0.014418046722566594,6,-18.918958128197755,28.05196381549039,0.0952963421858607,5.0,0.6111758906408502,-0.02731390856206417,0.24447035789489746,0.0,0,0,0,-0.17142856679856777,0.008971184492111206,0.0
215,10.75,-21.635393142700195,27.481346130371094,0.11382223998846885,4.387544872313561,-0.3180626860688788,-0.01441804672256708,6,-18.704032511682783,28.09333983800387,0.09940419326590177,5.0,0.612455127686439,-0.13938243687152863,0.244982048869133,0.0,0,0,0,-0.11206852830946445,0.0005116909742355347,0.0
216,10.8,-21.417415618896484,27.501699447631836,0.10958713974259193,4.37225122659639,-0.31806268606887406,-0.014418046722567524,6,-18.483489429436784,28.10127309787291,0.09516909302002441,5.0,0.62774877340361,-0.139710932970047,0.25109949707984924,0.0,0,0,0,-0.0003284960985183716,0.0061174482107162476,0.0
217,10.850000000000001,-21.199378967285156,27.513595581054688,0.09993157457202224,4.3722313853177415,-0.31806268606887744,-0.014418046722566857,6,-18.259800409142333,28.084813007056272,0.08551352784945539,5.0,0.6277686146822585,-0.13971135020256042,0.25110745429992676,0.0,0,0,0,-4.172325134277344e-07,7.957220077514648e-06,0.0
218,10.9,-20.980981826782227,27.521276473999023,0.08907778664799865,4.377628191849007,-0.023291497877099054,0.0931997191064772,6,-18.040773112163425,28.086909685863834,0.18227750575447585,5.0,0.6223718081509926,0.031717218458652496,0.24894872307777405,0.0,0,0,0,0.17142856866121292,-0.00215873122215271,0.0
219,10.950000000000001,-20.762407302856445,27.53276252746582,0.08385039257995822,4.377441847293247,-0.023291497877104717,0.09319971910647784,6,-17.81928198547107,28.083018451604826,0.17705011168643606,5.0,0.6225581527067527,0.14406150579452515,0.24902325868606567,0.0,0,0,0,0.11234428733587265,7.453560829162598e-05,0.0
220,11.0,-20.545143127441406,27.55506706237793,0.08802044511620995,4.362612708552155,-0.023291497877094947,0.09319971910647697,6,-17.60433798898143,28.117591153855134,0.1812201642226869,5.0,0.6373872914478449,0.14403797686100006,0.25495490431785583,0.0,0,0,0,-2.352893352508545e-05,0.005931645631790161,0.0
221,11.05,-20.329490661621094,27.58629608154297,0.09795937062676406,4.363617464881274,1.071365218763276e-14,0.0,6,-17.34387321224882,27.879704407948005,0.09795937062676406,5.0,0.6363825351187256,3.9238788576061254e-15,0.25455302000045776,0.0,0,0,0,-0.14403797686099615,-0.0004018843173980713,0.0
222,11.100000000000001,-20.113136291503906,27.61589813232422,0.10376025979079626,4.3718157221093294,3.0531133177191805e-15,0.0,6,-17.12927109511039,27.926620660879003,0.10376025979079626,5.0,0.6281842778906706,1.116497209423706e-15,0.2512737214565277,0.0,0,0,0,-2.8073816481824195e-15,-0.0032792985439300537,0.0
223,11.15,-19.895652770996094,27.640586853027344,0.10477340117086806,4.38169494646462,6.994405055138486e-15,0.0,6,-16.912103911802344,27.954332298896567,0.10477340117086806,5.0,0.61830505353538,2.553098334010179e-15,0.24732202291488647,0.0,0,0,0,1.4366011245864731e-15,-0.003951698541641235,0.0
224,11.200000000000001,-19.677536010742188,27.664072036743164,0.10488829992714817,4.391100756603759,-4.829470157119431e-15,0.0,6,-16.694023220203874,27.978160286593877,0.10488829992714817,5.0,0.608899243396241,-1.7597779694027605e-15,0.24355970323085785,0.0,0,0,0,-4.3128763034129395e-15,-0.0037623196840286255,0.0
225,11.25,-19.458953857421875,27.687231063842773,0.10494865381535208,4.399124314902023,-4.9960036108132044e-15,0.0,6,-16.475460028764527,28.001499379718744,0.10494865381535208,5.0,0.6008756850979768,-1.8177545159061203e-15,0.24035027623176575,0.0,0,0,0,-5.797654650335987e-17,-0.003209426999092102,0.0
226,11.3,-19.240009307861328,27.710350036621094,0.10491580538778164,4.405771764709498,1.021405182655144e-14,0.0,6,-16.25650515759359,28.02452034924658,0.10491580538778164,5.0,0.594228235290502,3.711728444537972e-15,0.23769129812717438,0.0,0,0,0,5.529482960444092e-15,-0.0026589781045913696,0.0
227,11.350000000000001,-19.020769119262695,27.73344612121582,0.10495259030033836,4.411065867313443,4.884981308350689e-15,0.0,6,-16.03727652774097,28.04772618156801,0.10495259030033836,5.0,0.5889341326865569,1.773437646226657e-15,0.2355736494064331,0.0,0,0,0,-1.9382907983113147e-15,-0.002117648720741272,0.0
228,11.4,-18.80130386352539,27.756576538085938,0.10491671252702794,4.415144563073058,8.215650382226158e-15,0.0,6,-15.817799998255104,28.070749557165,0.10491671252702794,5.0,0.5848554369269419,2.980353187550036e-15,0.2339421808719635,0.0,0,0,0,1.2069155413233792e-15,-0.0016314685344696045,0.0
229,11.450000000000001,-18.5816650390625,27.77969741821289,0.10495254036606792,4.418182448411026,-6.5503158452884236e-15,0.0,6,-15.598172431847434,28.093977329586565,0.10495254036606792,5.0,0.5818175515889736,-2.374895307402083e-15,0.2327270209789276,0.0,0,0,0,-5.355248494952119e-15,-0.0012151598930358887,0.0
230,11.5,-18.361906051635742,27.802852630615234,0.10491682071794722,4.420364518776801,6.772360450213455e-15,0.0,6,-15.37840222035614,28.117025972482324,0.10491682071794722,5.0,0.5796354812231987,2.4544115841167646e-15,0.23185418546199799,0.0,0,0,0,4.829306891518848e-15,-0.0008728355169296265,0.0
231,11.55,-18.14205551147461,27.825998306274414,0.10495245714228385,4.421871090412768,-0.2559536295075662,-0.09319971910647687,6,-15.156662665225362,28.1170577694435,0.011752738035806981,5.0,0.5781289095872317,-0.17142857611179352,0.2312515676021576,0.0,0,0,0,-0.17142857611179596,-0.0006026178598403931,0.0
232,11.600000000000001,-17.922210693359375,27.843711853027344,0.10028139742596097,4.402243283578232,-0.2559536295075671,-0.09319971910647783,6,-14.935490864704455,28.120823243367028,0.007081678319483145,5.0,0.5977567164217676,-0.2455427646636963,0.23910269141197205,0.0,0,0,0,-0.07411418855190277,0.007851123809814453,0.0
233,11.65,-17.703643798828125,27.849056243896484,0.08683080273489314,4.3687029307203,5.051514762044462e-15,0.0,6,-14.714946077395084,28.10922144122494,0.08683080273489314,5.0,0.6312970692797002,-0.07411419600248337,0.25251883268356323,0.0,0,0,0,0.17142856866121292,0.013416141271591187,0.0
234,11.700000000000001,-17.485239028930664,27.85141944885254,0.07452299543471354,4.379971244112292,8.298917109073045e-15,0.0,6,-14.493565689501343,28.074781554295285,0.07452299543471354,5.0,0.6200287558877076,3.0302419458356567e-15,0.2480114996433258,0.0,0,0,0,0.0741141960024864,-0.004507333040237427,0.0
235,11.75,-17.266523361206055,27.86141586303711,0.07074058263987965,4.381267816782949,1.1934897514720433e-15,0.0,6,-14.274026576486731,28.073460654165103,0.07074058263987965,5.0,0.6187321832170509,4.356823019694453e-16,0.24749287962913513,0.0,0,0,0,-2.5945596438662114e-15,-0.0005186200141906738,0.0
236,11.8,-17.047645568847656,27.875362396240234,0.07013253302874412,4.390397457704545,-5.689893001203927e-15,0.0,6,-14.055020403582906,28.08558756177503,0.07013253302874412,5.0,0.6096025422954554,-2.073572018504075e-15,0.2438410222530365,0.0,0,0,0,-2.5092543204735204e-15,-0.003651857376098633,0.0
237,11.850000000000001,-16.828458786010742,27.890338897705078,0.07006492202656973,4.395853213715041,-4.6629367034256575e-15,0.0,6,-13.835819414051896,28.100361728372974,0.07006492202656973,5.0,0.604146786284959,-1.6975995042063088e-15,0.24165871739387512,0.0,0,0,0,3.759725142977663e-16,-0.002182304859161377,0.0
238,11.9,-16.60892677307129,27.90563201904297,0.07003521945803695,4.404577594893706,1.04638520070921e-14,0.0,6,-13.616281164215037,28.115565960542177,0.07003521945803695,5.0,0.5954224051062944,3.803344375145944e-15,0.23816895484924316,0.0,0,0,0,5.500943879352253e-15,-0.003489762544631958,0.0
239,11.950000000000001,-16.38913345336914,27.92101287841797,0.0700534787562608,4.407936600920572,6.356026815979021e-15,0.0,6,-13.396491678258212,28.131001463490833,0.0700534787562608,5.0,0.5920633990794277,2.308819325977959e-15,0.2368253618478775,0.0,0,0,0,-1.4945250491679848e-15,-0.0013435930013656616,0.0
240,12.0,-16.169084548950195,27.93644905090332,0.07002983487920794,4.413735900218098,7.271960811294775e-15,0.0,6,-13.176437809731471,28.1463668782633,0.07002983487920794,5.0,0.5862640997819017,2.6387018130003036e-15,0.23450563848018646,0.0,0,0,0,3.298824870223444e-16,-0.00231972336769104,0.0
241,12.05,-15.948869705200195,27.951887130737305,0.07006096889682664,4.416245544847313,-4.218847493575595e-15,0.0,6,-12.956229503017232,28.161898131111847,0.07006096889682664,5.0,0.583754455152687,-1.5301405611385416e-15,0.23350177705287933,0.0,0,0,0,-4.168842374138845e-15,-0.001003861427307129,0.0
242,12.100000000000001,-15.728532791137695,27.967355728149414,0.07002554053195019,4.418432471277435,-8.493206138382448e-15,0.0,6,-12.73588515048652,28.177260704043157,0.07002554053195019,5.0,0.581567528722565,-3.079171227550275e-15,0.2326270043849945,0.0,0,0,0,-1.5490306664117334e-15,-0.0008747726678848267,0.0
243,12.15,-15.508101463317871,27.98281478881836,0.07006127682482768,4.420064553828254,-9.131584377541913e-15,0.0,6,-12.515461325803319,28.192826710710612,0.07006127682482768,5.0,0.5799354461717456,-3.3096152229385167e-15,0.23197418451309204,0.0,0,0,0,-2.3044399538824176e-16,-0.0006528198719024658,0.0
244,12.200000000000001,-15.287603378295898,27.99829864501953,0.07002556549908541,4.421270489333811,-0.25595362950757106,-0.09319971910647712,6,-12.293867533438288,28.18493130226674,-0.02317415360739171,5.0,0.5787295106661894,-0.17142857611179352,0.2314918041229248,0.0,0,0,0,-0.17142857611179022,-0.00048238039016723633,0.0
245,12.25,-15.06712818145752,28.00984764099121,0.0666938469456662,4.410119057888199,8.104628079763643e-15,0.0,6,-12.073797812489827,28.20978088538979,0.0666938469456662,5.0,0.589880942111801,-3.3029134982598407e-15,0.23595237731933594,0.0,0,0,0,0.17142857611179022,0.004460573196411133,0.0
246,12.3,-14.846878051757812,28.01970100402832,0.06308486003325611,4.410154620839132,-2.525757381022231e-15,0.0,6,-11.852845621617465,28.20883007970916,0.06308486003325611,5.0,0.5898453791608684,-9.171022655082546e-16,0.2359381467103958,0.0,0,0,0,2.385811232751586e-15,-1.4230608940124512e-05,0.0
247,12.350000000000001,-14.626676559448242,28.0324649810791,0.06253091836533044,4.412252910141212,-5.495603971894525e-15,0.0,6,-11.632539822199085,28.21993550850933,0.06253091836533044,5.0,0.5877470898587882,-1.994679793313283e-15,0.23509883880615234,0.0,0,0,0,-1.0775775278050286e-15,-0.0008393079042434692,0.0
248,12.4,-14.40641975402832,28.045969009399414,0.06240347362360253,4.414207617791955,-0.2559536295075785,-0.0931997191064777,6,-11.411348353727883,28.20977793662512,-0.03079624548287517,5.0,0.5857923822080453,-0.17142857611179352,0.23431695997714996,0.0,0,0,0,-0.17142857611179152,-0.0007818788290023804,0.0
249,12.450000000000001,-14.186176300048828,28.055727005004883,0.05905752796429741,4.404280273451414,-0.25595362950756995,-0.09319971910647745,6,-11.190573570426256,28.209513687829702,-0.03414219114218004,5.0,0.5957197265485856,-0.24550780653953552,0.23828789591789246,0.0,0,0,0,-0.074079230427742,0.003970935940742493,0.0
250,12.5,-13.967182159423828,28.05464744567871,0.04758676051710812,4.371279366030135,4.718447854656915e-15,0.0,6,-10.970578268142074,28.197353853225998,0.04758676051710812,5.0,0.6287206339698654,-0.074079230427742,0.25148826837539673,0.0,0,0,0,0.17142857611179352,0.013200372457504272,0.0
251,12.55,-13.748679161071777,28.049381256103516,0.0358918090015938,4.381882383568899,3.0531133177191805e-15,0.0,6,-10.75061128657132,28.157033566289172,0.0358918090015938,5.0,0.6181176164311006,1.1144088496922505e-15,0.24724704027175903,0.0,0,0,0,0.07407923042774311,-0.004241228103637695,0.0
252,12.600000000000001,-13.529610633850098,28.051212310791016,0.03219985837944394,4.384587271607313,-1.049160758270773e-14,0.0,6,-10.531165745796942,28.14779519389098,0.03219985837944394,5.0,0.6154127283926867,-3.827590269744625e-15,0.24616509675979614,0.0,0,0,0,-4.941999119436875e-15,-0.0010819435119628906,0.0
253,12.65,-13.31025505065918,28.05678939819336,0.03164813046417438,4.390862806664924,-6.772360450213455e-15,0.0,6,-10.311757331504822,28.15171794093002,0.03164813046417438,5.0,0.6091371933350764,-2.4678436208360865e-15,0.24365487694740295,0.0,0,0,0,1.3597466489085382e-15,-0.0025102198123931885,0.0
254,12.700000000000001,-13.090546607971191,28.0633544921875,0.03154190362619385,4.3990290272033175,-1.6237011735142914e-15,0.0,6,-10.092038821775658,28.157964513457763,0.03154190362619385,5.0,0.6009709727966825,-5.907806520566081e-16,0.2403883934020996,0.0,0,0,0,1.8770629687794784e-15,-0.0032664835453033447,0.0
255,12.75,-12.870537757873535,28.070173263549805,0.03156338784605022,4.404415730578062,4.260480856999038e-15,0.0,6,-9.872032004992512,28.164847705398742,0.03156338784605022,5.0,0.5955842694219378,1.5486230318058672e-15,0.23823370039463043,0.0,0,0,0,2.1394036838624753e-15,-0.0021546930074691772,0.0
256,12.8,-12.650278091430664,28.077104568481445,0.03152542115575978,4.409167035835814,-9.603429163007604e-15,0.0,6,-9.651768746235557,28.171665166922935,0.03152542115575978,5.0,0.5908329641641856,-3.4876410079023997e-15,0.2363331913948059,0.0,0,0,0,-5.036264039708267e-15,-0.001900508999824524,0.0
257,12.850000000000001,-12.429805755615234,28.084041595458984,0.031561267720151165,4.4130628478868426,-8.507083926190262e-15,0.0,6,-9.431299802019215,28.178709680098017,0.031561267720151165,5.0,0.5869371521131574,-3.0872618745042112e-15,0.2347748577594757,0.0,0,0,0,4.003791333981885e-16,-0.0015583336353302002,0.0
258,12.9,-12.209165573120117,28.091012954711914,0.03152525678878625,4.416158519472124,-6.314393452555578e-15,0.0,6,-9.210656212382412,28.185573060297493,0.03152525678878625,5.0,0.5838414805278758,-2.2902142472915185e-15,0.23353658616542816,0.0,0,0,0,7.970476272126928e-16,-0.0012382715940475464,0.0
259,12.950000000000001,-11.988394737243652,28.097965240478516,0.031561072144258615,4.4185369154639815,8.978928711655954e-15,0.0,6,-8.989888765132894,28.19263273868205,0.031561072144258615,5.0,0.5814630845360185,3.255204791022216e-15,0.23258523643016815,0.0,0,0,0,5.545419038313734e-15,-0.0009513497352600098,0.0
260,13.0,-11.767521858215332,28.10495376586914,0.03152534209316492,4.420302989668454,8.229528170033973e-15,0.0,6,-8.769012505544028,28.199514127240683,0.03152534209316492,5.0,0.5796970103315457,2.9825463676087143e-15,0.23187880218029022,0.0,0,0,0,-2.726584234135016e-16,-0.0007064342498779297,0.0
261,13.05,-11.546578407287598,28.11191749572754,0.03156101596820437,4.421569511349124,-1.4155343563970746e-15,0.0,6,-8.548072429858799,28.20658482548685,0.03156101596820437,5.0,0.5784304886508762,-5.128982489576209e-16,0.2313721925020218,0.0,0,0,0,-3.4954446165663352e-15,-0.0005066096782684326,0.0
262,13.100000000000001,-11.325581550598145,28.11890983581543,0.03152538370505695,4.422440379994589,-7.827072323607354e-15,0.0,6,-8.327072201861679,28.213470321960635,0.03152538370505695,5.0,0.5775596200054114,-2.8355700576340953e-15,0.2310238480567932,0.0,0,0,0,-2.3226718086764744e-15,-0.00034834444522857666,0.0
263,13.15,-11.10455322265625,28.125877380371094,0.03156100140404216,4.423009787154549,2.2065682614424986e-15,0.0,6,-8.1060472438487,28.220544666459674,0.03156100140404216,5.0,0.5769902128454509,7.993054994127175e-16,0.23079608380794525,0.0,0,0,0,3.634875557046813e-15,-0.00022776424884796143,0.0
264,13.200000000000001,-10.883501052856445,28.132869720458984,0.031525385785651554,4.423355248767205,-4.3576253716537394e-15,0.0,6,-7.884991704316722,28.22743021284287,0.031525385785651554,5.0,0.576644751232795,-1.5784021691324867e-15,0.2306579053401947,0.0,0,0,0,-2.377707668545204e-15,-0.00013817846775054932,0.0
265,13.25,-10.662437438964844,28.13983917236328,0.03156100140404216,4.423542784095358,2.1788126858268697e-15,0.0,6,-7.663931460157294,28.23450645845186,0.03156100140404216,5.0,0.5764572159046422,7.891738206932536e-16,0.23058289289474487,0.0,0,0,0,2.3675759898257403e-15,-7.50124454498291e-05,0.0
266,13.3,-10.44136905670166,28.146833419799805,0.03152540243040836,4.42362223905439,1.9290125052862095e-15,0.0,6,-7.442859709735874,28.24139396209314,0.03152540243040836,5.0,0.5763777609456104,6.986850262402807e-16,0.2305511087179184,0.0,0,0,0,-9.048879445297292e-17,-3.178417682647705e-05,0.0
267,13.350000000000001,-10.220296859741211,28.153799057006836,0.03156101596820437,4.423631981125776,-1.3877787807814457e-15,0.0,6,-7.221790882312411,28.248466386766147,0.03156101596820437,5.0,0.5763680188742244,-5.02650209087028e-16,0.2305472046136856,0.0,0,0,0,-1.2013352353273086e-15,-3.904104232788086e-06,0.0
268,13.4,-9.999227523803711,28.16078758239746,0.031525398269219164,4.423598966004547,-4.954370247389761e-15,0.0,6,-7.00071817644444,28.25534811221344,0.031525398269219164,5.0,0.5764010339954533,-1.7944721212849414e-15,0.23056040704250336,0.0,0,0,0,-1.2918219121979134e-15,1.3202428817749023e-05,0.0
269,13.450000000000001,-9.778158187866211,28.16775131225586,0.03156101804879897,4.423544390174535,-4.9682480351975755e-15,0.0,6,-6.779652210634376,28.26241864825385,0.03156101804879897,5.0,0.576455609825465,-1.799516837760551e-15,0.23058223724365234,0.0,0,0,0,-5.044716475609799e-18,2.1830201148986816e-05,0.0
270,13.5,-9.557093620300293,28.17473602294922,0.031525398269219164,4.42348043316585,-4.954370247389761e-15,0.0,6,-6.558584272941022,28.269296552765198,0.031525398269219164,5.0,0.5765195668341496,-1.794511296558752e-15,0.23060782253742218,0.0,0,0,0,5.005541201799288e-18,2.5585293769836426e-05,0.0
271,13.55,-9.336031913757324,28.18169403076172,0.031561034693555784,4.423416845204746,9.2148511043888e-15,0.0,6,-6.337525938101203,28.276361416669097,0.031561034693555784,5.0,0.5765831547952542,3.3377297287655447e-15,0.23063325881958008,0.0,0,0,0,5.1322410253242965e-15,2.543628215789795e-05,0.0
272,13.600000000000001,-9.114974021911621,28.188676834106445,0.031525398269219164,4.423357704937473,-4.954370247389761e-15,0.0,6,-6.1164646745523505,28.283237363922424,0.031525398269219164,5.0,0.576642295062527,-1.79455195414022e-15,0.2306569218635559,0.0,0,0,0,-5.132281682905765e-15,2.3663043975830078e-05,0.0
273,13.65,-8.893916130065918,28.195634841918945,0.031561049257717994,4.423306552296132,5.578870698741412e-15,0.0,6,-5.895410155788549,28.290302271497055,0.031561049257717994,5.0,0.5766934477038683,2.020774972594057e-15,0.23067738115787506,0.0,0,0,0,3.815326926734277e-15,2.0459294319152832e-05,0.0
274,13.700000000000001,-8.672863006591797,28.20261573791504,0.03152540243040836,4.423263648375954,1.9290125052862095e-15,0.0,6,-5.674353659626011,28.297176280208376,0.03152540243040836,5.0,0.5767363516240458,6.987312424754652e-16,0.23069454729557037,0.0,0,0,0,-1.3220437301185916e-15,1.71661376953125e-05,0.0
275,13.75,-8.451810836791992,28.20957374572754,0.0315610534189072,4.423230168477806,-1.5543122344752192e-15,0.0,6,-5.453304862908553,28.304241187783006,0.0315610534189072,5.0,0.5767698315221939,-5.63009935727047e-16,0.23070792853832245,0.0,0,0,0,-1.2617411782025122e-15,1.3381242752075195e-05,0.0
276,13.8,-8.23076057434082,28.216556549072266,0.03152540243040836,4.423203500438147,1.9290125052862095e-15,0.0,6,-5.232251227375034,28.311117091365603,0.03152540243040836,5.0,0.5767964995618531,6.987389716511089e-16,0.23071859776973724,0.0,0,0,0,1.261748907378156e-15,1.0669231414794922e-05,0.0
277,13.850000000000001,-8.009710311889648,28.223514556884766,0.0315610534189072,4.423183377092389,-1.5543122344752192e-15,0.0,6,-5.011204338006209,28.318181998940233,0.0315610534189072,5.0,0.5768166229076108,-5.630148061664937e-16,0.23072664439678192,0.0,0,0,0,-1.2617537778176027e-15,8.046627044677734e-06,0.0
278,13.9,-7.788662433624268,28.230497360229492,0.03152540243040836,4.423169594165553,1.9290125052862095e-15,0.0,6,-4.790153086658481,28.32505790252283,0.03152540243040836,5.0,0.5768304058344471,6.987433656345228e-16,0.23073215782642365,0.0,0,0,0,1.2617581718010165e-15,5.513429641723633e-06,0.0
279,13.950000000000001,-7.5676140785217285,28.237455368041992,0.0315610554995018,4.423159508559159,-0.2559536295075722,-0.09319971910647729,6,-4.568915640790872,28.30882578969542,-0.06163866360697549,5.0,0.5768404914408407,-0.17142857611179352,0.23073619604110718,0.0,0,0,0,-0.1714285761117942,4.038214683532715e-06,0.0
280,14.0,-7.3470306396484375,28.239004135131836,0.026890189278476865,4.402533143443432,-4.718447854656915e-16,0.0,6,-4.348115197713163,28.31966498140907,0.026890189278476865,5.0,0.5974668565565677,-1.7156849546493886e-16,0.23898674547672272,0.0,0,0,0,0.17142857611179335,0.00825054943561554,0.0
281,14.05,-7.126980304718018,28.237804412841797,0.021618488948394833,4.40225578614792,7.882583474838611e-15,0.0,6,-4.127681316011999,28.302654828006638,0.021618488948394833,5.0,0.5977442138520797,2.8663503879043694e-15,0.2390976846218109,0.0,0,0,0,3.0379188833693082e-15,0.0001109391450881958,0.0
282,14.100000000000001,-6.906832695007324,28.240840911865234,0.020673530734012867,4.404560298399997,-5.190292640122607e-15,0.0,6,-3.9074737644838677,28.302857086281165,0.020673530734012867,5.0,0.5954397016000028,-1.886545661442668e-15,0.2381758838891983,0.0,0,0,0,-4.752896049347037e-15,-0.0009218007326126099,0.0
283,14.15,-6.68654727935791,28.244943618774414,0.020567426651113826,4.407663962543634,-5.995204332975845e-15,0.0,6,-3.687181785548661,28.306641548613243,0.020567426651113826,5.0,0.5923360374563664,-2.1778608325523927e-15,0.23693440854549408,0.0,0,0,0,-2.913151711097248e-16,-0.0012414753437042236,0.0
284,14.200000000000001,-6.466115474700928,28.249357223510742,0.020508903686159336,4.410658376956867,7.924216838262055e-15,0.0,6,-3.466746375282214,28.31087962148232,0.020508903686159336,5.0,0.5893416230431328,2.877014532710301e-15,0.2357366532087326,0.0,0,0,0,5.054875365262694e-15,-0.0011977553367614746,0.0
285,14.25,-6.245542526245117,28.253835678100586,0.020541629358648287,4.413424083066693,4.121702978920894e-15,0.0,6,-3.2461754417943665,28.31545623241003,0.020541629358648287,5.0,0.5865759169333069,1.4956861195804336e-15,0.23463036119937897,0.0,0,0,0,-1.3813284131298674e-15,-0.0011062920093536377,0.0
286,14.3,-6.024843215942383,28.25836944580078,0.02050502961901111,4.415822979429295,-4.517219931443606e-15,0.0,6,-3.0254738782042763,28.319880224014618,0.02050502961901111,5.0,0.5841770205707046,-1.6384854983339048e-15,0.23367080092430115,0.0,0,0,0,-3.1341716179143385e-15,-0.0009595602750778198,0.0
287,14.350000000000001,-5.8040361404418945,28.26288604736328,0.020540872022213295,4.417818074199494,4.926614671774132e-15,0.0,6,-2.8046690093245124,28.32450433014273,0.020540872022213295,5.0,0.5821819258005059,1.7863230290576446e-15,0.23287276923656464,0.0,0,0,0,3.4248085273915494e-15,-0.0007980316877365112,0.0
288,14.4,-5.583141803741455,28.267433166503906,0.020505033780200313,4.419415961306457,-0.25595362950757067,-0.09319971910647745,6,-2.583837581162932,28.30564622656336,-0.07269468532627714,5.0,0.5805840386935426,-0.17142857611179352,0.23223361372947693,0.0,0,0,0,-0.1714285761117953,-0.0006391555070877075,0.0
289,14.450000000000001,-5.362698078155518,28.266530990600586,0.015888674976548736,4.400653896510381,5.9674487573602164e-15,0.0,6,-2.3630767451779753,28.3141950100076,0.015888674976548736,5.0,0.5993461034896193,1.7763568394002505e-15,0.23973843455314636,0.0,0,0,0,0.1714285761117953,0.007504820823669434,0.0
290,14.5,-5.142773151397705,28.262916564941406,0.01057261532926277,4.400372769440866,6.411537967210279e-15,0.0,6,-2.14294082012821,28.29463382002799,0.01057261532926277,5.0,0.5996272305591344,2.3322457162001714e-15,0.23985089361667633,0.0,0,0,0,5.558888767999209e-16,0.00011245906352996826,0.0
291,14.55,-4.922659873962402,28.263507843017578,0.009687375381433928,4.403753395357807,-3.86843335142828e-15,0.0,6,-1.9228006407242109,28.292569514606974,0.009687375381433928,5.0,0.596246604642193,-1.4062917446348725e-15,0.23849864304065704,0.0,0,0,0,-3.738537460835044e-15,-0.0013522505760192871,0.0
292,14.600000000000001,-4.70237398147583,28.265201568603516,0.009510523799998553,4.407193700391015,-9.679756995950584e-15,0.0,6,-1.702509655547607,28.293732709891728,0.009510523799998553,5.0,0.5928062996089851,-3.516643627774624e-15,0.2371225208044052,0.0,0,0,0,-2.1103518831397513e-15,-0.001376122236251831,0.0
293,14.65,-4.48192024230957,28.267162322998047,0.009524688488046412,4.410520353411807,-3.011479954295737e-15,0.0,6,-1.4820563208170072,28.29573595642575,0.009524688488046412,5.0,0.5894796465881926,-1.0933941740291081e-15,0.2357918620109558,0.0,0,0,0,2.4232494537455157e-15,-0.0013306587934494019,0.0
294,14.700000000000001,-4.261312484741211,28.269235610961914,0.009485012589290735,4.413470602534031,9.690165336806444e-15,0.0,6,-1.2614474319252191,28.297690222069917,0.009485012589290735,5.0,0.5865293974659691,3.5163431428365853e-15,0.23461176455020905,0.0,0,0,0,4.6097373168656934e-15,-0.0011800974607467651,0.0
295,14.75,-4.0405707359313965,28.271310806274414,0.009520500251113341,4.4159796063870385,6.387251838546604e-15,0.0,6,-1.040706694791997,28.29987187556099,0.009520500251113341,5.0,0.5840203936129615,2.316716214145211e-15,0.2336081564426422,0.0,0,0,0,-1.1996269286913743e-15,-0.0010036081075668335,0.0
296,14.8,-3.819718599319458,28.27341651916504,0.009484523649559354,4.418025847480794,-2.5847379792054426e-15,0.0,6,-0.8198535325912353,28.301869663519838,0.009484523649559354,5.0,0.5819741525192059,-9.371547117433161e-16,0.23278966546058655,0.0,0,0,0,-3.253870925888527e-15,-0.0008184909820556641,0.0
297,14.850000000000001,-3.5987768173217773,28.275503158569336,0.009520322360274903,4.41963756838815,1.9810542095655137e-15,0.0,6,-0.5989127711016731,28.304063694207585,0.009520322360274903,5.0,0.5803624316118503,7.180620166394661e-16,0.23214496672153473,0.0,0,0,0,1.6552167283827822e-15,-0.0006446987390518188,0.0
298,14.9,-3.3777666091918945,28.277610778808594,0.00948459543007311,4.420866030070805,-5.981326545168031e-15,0.0,6,-0.37790154450606067,28.306064138495252,0.00948459543007311,5.0,0.5791339699291953,-2.1675278776288375e-15,0.2316535860300064,0.0,0,0,0,-2.8855898942683035e-15,-0.0004913806915283203,0.0
299,14.950000000000001,-3.156705141067505,28.27969741821289,0.009520292191653179,4.42177034662265,9.749145934989656e-15,0.0,6,-0.1568410939857699,28.308257863349368,0.009520292191653179,5.0,0.5782296533773499,3.532330042683063e-15,0.23129186034202576,0.0,0,0,0,5.6998579203119005e-15,-0.00036172568798065186,0.0
300,15.0,-2.9356071949005127,28.28180694580078,0.009484643283748947,4.42241225043098,-1.2212453270876722e-15,0.0,6,0.06425786842371994,28.310260449042005,0.009484643283748947,5.0,0.5775877495690196,-4.4243167225140436e-16,0.23103509843349457,0.0,0,0,0,-3.974761714934467e-15,-0.00025676190853118896,0.0
301,15.05,-2.7144830226898193,28.283891677856445,0.009520292191653179,4.422848799348209,9.749145934989656e-15,0.0,6,0.2853810243919156,28.312452122992923,0.009520292191653179,5.0,0.5771512006517909,3.5316276406115524e-15,0.23086048662662506,0.0,0,0,0,3.974059312862957e-15,-0.00017461180686950684,0.0
302,15.100000000000001,-2.493342161178589,28.28600311279297,0.009484674492667971,4.423129763782175,5.551115123125783e-15,0.0,6,0.5065229012576391,28.31445670965673,0.009484674492667971,5.0,0.5768702362178253,2.010786971838271e-15,0.23074808716773987,0.0,0,0,0,-1.5208406687732814e-15,-0.00011239945888519287,0.0
303,15.15,-2.272190570831299,28.288089752197266,0.009520309876707293,4.423297403659288,-5.089678678515952e-15,0.0,6,0.7276734757453425,28.316650250386516,0.009520309876707293,5.0,0.576702596340712,-1.8435833033249825e-15,0.23068103194236755,0.0,0,0,0,-3.8543702751632535e-15,-6.705522537231445e-05,0.0
304,15.200000000000001,-2.0510330200195312,28.290199279785156,0.009484695298613987,4.423383836964851,2.949029909160572e-15,0.0,6,0.948832041824692,28.318652939063952,0.009484695298613987,5.0,0.5766161630351494,1.0681805442881893e-15,0.23064646124839783,0.0,0,0,0,2.911763847613172e-15,-3.457069396972656e-05,0.0
305,15.25,-1.8298728466033936,28.292287826538086,0.009520335884139813,4.42341654628142,-8.121975314523411e-15,0.0,6,1.1699911992304617,28.3208484027461,0.009520335884139813,5.0,0.5765834537185803,-2.941877139437483e-15,0.23063337802886963,0.0,0,0,0,-4.0100576837256725e-15,-1.3083219528198242e-05,0.0
306,15.3,-1.6087124347686768,28.29439926147461,0.009484714023965403,4.423414301599433,-1.0061396160665481e-14,0.0,6,1.3911526265427412,28.322852976926946,0.009484714023965403,5.0,0.5765856984005673,-3.6443601025945745e-15,0.23063427209854126,0.0,0,0,0,-7.024829631570913e-16,8.940696716308594e-07,0.0
307,15.350000000000001,-1.387552261352539,28.296485900878906,0.009520360851275033,4.423392185780975,6.00908212078366e-15,0.0,6,1.6123117837682395,28.32504655198492,0.009520360851275033,5.0,0.5766078142190247,2.1765716484066716e-15,0.2306431233882904,0.0,0,0,0,5.820931751001246e-15,8.851289749145508e-06,0.0
308,15.4,-1.1663939952850342,28.29859733581543,0.009484732749316816,4.423359910872031,-1.7694179454963432e-15,0.0,6,1.8334710654935775,28.327051107441285,0.009484732749316816,5.0,0.5766400891279693,-6.409111853091106e-16,0.23065604269504547,0.0,0,0,0,-2.8174828337157822e-15,1.2919306755065918e-05,0.0
309,15.450000000000001,-0.9452368021011353,28.30068588256836,0.009520383737815651,4.423324450281532,-9.485467966641181e-15,0.0,6,2.0546272423659877,28.329246602330898,0.009520383737815651,5.0,0.5766755497184679,-3.435808944277541e-15,0.23067021369934082,0.0,0,0,0,-2.7948977589684304e-15,1.4171004295349121e-05,0.0
310,15.5,-0.7240818738937378,28.302797317504883,0.009484753555262833,4.423289793870979,-4.40619762898109e-15,0.0,6,2.2757831862928657,28.33125115154577,0.009484753555262833,5.0,0.5767102061290208,-1.5960150546003374e-15,0.2306840866804123,0.0,0,0,0,1.8397938896772036e-15,1.3872981071472168e-05,0.0
311,15.55,-0.5029281973838806,28.30488395690918,0.00952040766465357,4.423258151459259,4.683753385137379e-16,0.0,6,2.496935846399874,28.33344474844897,0.00952040766465357,5.0,0.576741848540741,1.6965613329805507e-16,0.23069673776626587,0.0,0,0,0,1.7656711878983924e-15,1.265108585357666e-05,0.0
312,15.600000000000001,-0.2817763686180115,28.306997299194336,0.009484769159722345,4.423231129262116,9.596490269103697e-15,0.0,6,2.718088691124585,28.335451180046483,0.009484769159722345,5.0,0.576768870737884,3.476083031578878e-15,0.2307075411081314,0.0,0,0,0,3.306426898280823e-15,1.080334186553955e-05,0.0
313,15.65,-0.060625284910202026,28.309083938598633,0.009520428470599586,4.423209028370779,-2.0122792321330962e-15,0.0,6,2.939238758279317,28.337644792553434,0.009520428470599586,5.0,0.5767909716292214,-7.288996443809072e-16,0.23071639239788055,0.0,0,0,0,-4.204982675959785e-15,8.851289749145508e-06,0.0
314,15.700000000000001,0.1605243980884552,28.311195373535156,0.009484791005965661,4.423192021990053,-9.18709552877317e-15,0.0,6,3.1603894572094404,28.339649319923105,0.009484791005965661,5.0,0.5768079780099473,-3.327814361084986e-15,0.23072318732738495,0.0,0,0,0,-2.5989147167040786e-15,6.794929504394531e-06,0.0
315,15.75,0.38167381286621094,28.313283920288086,0.009520452397437505,4.42317945967818,7.913808497406194e-15,0.0,6,3.381537855372359,28.341844846020138,0.009520452397437505,5.0,0.5768205403218198,2.866601956689704e-15,0.23072820901870728,0.0,0,0,0,6.19441631777469e-15,5.02169132232666e-06,0.0
316,15.8,0.6028222441673279,28.31539535522461,0.009484809731317077,4.423169131901335,-9.298117831235686e-16,0.0,6,3.6026873027555024,28.343849357786077,0.009484809731317077,5.0,0.5768308680986651,-3.3680438732774736e-16,0.23073235154151917,0.0,0,0,0,-3.2034063440174512e-15,4.1425228118896484e-06,0.0
317,15.850000000000001,0.8239707946777344,28.317481994628906,0.00952047320338352,4.423162292191548,5.405398351143731e-15,0.0,6,3.823834836589645,28.34604298277597,0.00952047320338352,5.0,0.5768377078084521,1.957992043510621e-15,0.23073507845401764,0.0,0,0,0,2.2947964308383682e-15,2.726912498474121e-06,0.0
318,15.9,1.0451183319091797,28.31959342956543,0.009484834698452297,4.423157209598918,-4.1494585545365226e-15,0.0,6,4.044983389786938,28.348047507024937,0.009484834698452297,5.0,0.5768427904010824,-1.5030557297380197e-15,0.2307371199131012,0.0,0,0,0,-3.4610477732486405e-15,2.041459083557129e-06,0.0
319,15.950000000000001,1.2662665843963623,28.32168197631836,0.00952049608992414,4.4231541866442905,-1.0158540675320182e-14,0.0,6,4.266130625654609,28.35024303312195,0.00952049608992414,5.0,0.5768458133557095,-3.6797237281424415e-15,0.2307383269071579,0.0,0,0,0,-2.176667998404422e-15,1.2069940567016602e-06,0.0
320,16.0,1.4874142408370972,28.323793411254883,0.00948485342380371,4.4231519673888595,4.076600168545497e-15,0.0,6,4.487279298182043,28.35224754488791,0.00948485342380371,5.0,0.5768480326111405,1.4766656771124831e-15,0.23073920607566833,0.0,0,0,0,5.156389405254925e-15,8.791685104370117e-07,0.0
321,16.05,1.7085623741149902,28.32588005065918,0.009520514815275553,4.423151326953667,3.5388358909926865e-16,0.0,6,4.708426414838422,28.354441163636267,0.009520514815275553,5.0,0.5768486730463334,1.2818716044082803e-16,0.23073947429656982,0.0,0,0,0,-1.348478516671655e-15,2.682209014892578e-07,0.0
322,16.1,1.929709792137146,28.327993392944336,0.009484872149155126,4.423150058001882,-9.010153734223536e-15,0.0,6,4.929574848949278,28.356447582750903,0.009484872149155126,5.0,0.5768499419981179,-3.263746483020565e-15,0.23073998093605042,0.0,0,0,0,-3.391933643461393e-15,5.066394805908203e-07,0.0
323,16.150000000000002,2.150857448577881,28.330080032348633,0.009520532500329667,4.423149894029503,6.716849298982197e-15,0.0,6,5.150721488796207,28.35864119837847,0.009520532500329667,5.0,0.5768501059704967,2.4330432721981436e-15,0.2307400405406952,0.0,0,0,0,5.6967897552187086e-15,5.960464477539063e-08,0.0
324,16.2,2.372004270553589,28.332191467285156,0.00948488983420924,4.423148626209508,-5.991734886023892e-15,0.0,6,5.371869326862506,28.360645710144496,0.00948488983420924,5.0,0.5768513737904923,-2.1703857667928735e-15,0.23074054718017578,0.0,0,0,0,-4.603429038991017e-15,5.066394805908203e-07,0.0
325,16.25,2.593151569366455,28.334280014038086,0.009520551225681082,4.423147986306725,-4.1147640850169864e-15,0.0,6,5.593015609049962,28.362841236241444,0.009520551225681082,5.0,0.5768520136932747,-1.4904908429984494e-15,0.23074080049991608,0.0,0,0,0,6.798949237944241e-16,2.5331974029541016e-07,0.0
326,16.3,2.814298629760742,28.33639144897461,0.009484908559560653,4.423148147588124,2.203098814490545e-15,0.0,6,5.814163685536843,28.36484574800747,0.009484908559560653,5.0,0.5768518524118758,7.980283854864948e-16,0.2307407408952713,0.0,0,0,0,2.2885192284849442e-15,-5.960464477539063e-08,0.0
327,16.35,3.0354456901550293,28.338478088378906,0.009520569951032497,4.423147984537389,6.373374050738789e-15,0.0,6,6.035309729303717,28.367039366755762,0.009520569951032497,5.0,0.5768520154626113,2.3086270494989325e-15,0.23074080049991608,0.0,0,0,0,1.5105986640124376e-15,5.960464477539063e-08,0.0
328,16.400000000000002,3.2565929889678955,28.34058952331543,0.009484927284912069,4.423147670347631,1.0394463068053028e-14,0.0,6,6.256458044211179,28.369043878521808,0.009484927284912069,5.0,0.5768523296523691,3.765186387905085e-15,0.23074093461036682,0.0,0,0,0,1.4565593384061526e-15,1.341104507446289e-07,0.0
329,16.45,3.4777400493621826,28.34267807006836,0.00952058867638391,4.423147984714324,-4.4825254619240695e-15,0.0,6,6.477604087976049,28.371239404618734,0.00952058867638391,5.0,0.5768520152856764,-1.6237050910416725e-15,0.23074080049991608,0.0,0,0,0,-5.3888914789467575e-15,-1.341104507446289e-07,0.0
330,16.5,3.698887348175049,28.344789505004883,0.009484946010263484,4.423147670843347,-2.7373936450914016e-15,0.0,6,6.698752402885514,28.3732439163848,0.009484946010263484,5.0,0.5768523291566527,-9.915660965716827e-16,0.23074093461036682,0.0,0,0,0,6.321389944699898e-16,1.341104507446289e-07,0.0
331,16.55,3.920034408569336,28.34687614440918,0.009520609482329927,4.423148462414751,-0.25595362950757417,-0.09319971910647745,6,6.919577428601379,28.352141931484322,-0.08367910962414753,5.0,0.5768515375852488,-0.17142857611179352,0.23074062168598175,0.0,0,0,0,-0.17142857611179252,-3.129243850708008e-07,0.0
332,16.6,4.140867233276367,28.345083236694336,0.006129598143953627,4.410611507937117,-6.800116025829084e-16,0.0,6,7.140810875492714,28.363471915975865,0.006129598143953627,5.0,0.5893884920628834,-9.992007221626409e-16,0.23575539886951447,0.0,0,0,0,0.17142857611179252,0.005014777183532715,0.0
333,16.650000000000002,4.361349105834961,28.341569900512695,0.0025773594493028493,4.4109472584551614,6.507815120126992e-15,0.0,6,7.36133914166788,28.349301970300182,0.0025773594493028493,5.0,0.5890527415448386,2.3626410699959183e-15,0.23562109470367432,0.0,0,0,0,3.361841792158559e-15,-0.00013430416584014893,0.0
334,16.7,4.58192777633667,28.34101104736328,0.0019584162349447027,4.41225499072402,-9.036174586363188e-15,0.0,6,7.581922023247285,28.346886292312476,0.0019584162349447027,5.0,0.58774500927598,-3.2797609114378285e-15,0.2350980043411255,0.0,0,0,0,-5.642401981433747e-15,-0.0005230903625488281,0.0
335,16.75,4.8025970458984375,28.341136932373047,0.0019025959623777215,4.414075183350403,6.30225038822374e-15,0.0,6,7.802591616092981,28.346844716816598,0.0019025959623777215,5.0,0.5859248166495972,2.2866895314397565e-15,0.2343699336051941,0.0,0,0,0,5.566450442877585e-15,-0.0007280707359313965,0.0
336,16.8,5.023354530334473,28.34147834777832,0.0018521122849267445,4.415829790577197,4.242266260501282e-15,0.0,6,8.023349384856068,28.347034681456428,0.0018521122849267445,5.0,0.584170209422803,1.5387524509923945e-15,0.23366808891296387,0.0,0,0,0,-7.47937080447362e-16,-0.0007018446922302246,0.0
337,16.85,5.244195461273193,28.34185218811035,0.0018858345622298728,4.417452400480124,4.805184028455756e-15,0.0,6,8.24419012671678,28.347509688443672,0.0018858345622298728,5.0,0.5825475995198763,1.7424115705225608e-15,0.23301903903484344,0.0,0,0,0,2.0365911953016628e-16,-0.0006490498781204224,0.0
338,16.900000000000002,5.465110778808594,28.342269897460938,0.0018495861830060472,4.418857625974082,1.04040040471709e-14,0.0,6,8.465105647356484,28.347818652846257,0.0018495861830060472,5.0,0.5811423740259176,3.771625955886586e-15,0.23245695233345032,0.0,0,0,0,2.029214385364025e-15,-0.0005620867013931274,0.0
339,16.95,5.686090469360352,28.342670440673828,0.0018853422415322633,4.420026912367608,-9.983333604246525e-16,0.0,6,8.68608513758888,28.348326464047688,0.0018853422415322633,5.0,0.5799730876323919,-3.6183450208668755e-16,0.23198923468589783,0.0,0,0,0,-4.133460457973273e-15,-0.00046771764755249023,0.0
340,17.0,5.907120227813721,28.343095779418945,0.0018495739595127626,4.420963946424239,-6.676083297296742e-15,0.0,6,8.907115096429436,28.348644498133865,0.0018495739595127626,5.0,0.579036053575761,-2.4192516699927122e-15,0.23161442577838898,0.0,0,0,0,-2.0574171679060247e-15,-0.0003748089075088501,0.0
341,17.05,6.128190994262695,28.343496322631836,0.0018852843749949057,4.421689651046107,6.37857822116672e-15,0.0,6,9.128185662818513,28.349152172406384,0.0018852843749949057,5.0,0.5783103489538934,2.3111336317480947e-15,0.23132413625717163,0.0,0,0,0,4.730385301740807e-15,-0.0002902895212173462,0.0
342,17.1,6.349291801452637,28.343923568725586,0.0018495968460533806,4.422233263596256,8.975459264704e-15,0.0,6,9.34928666994136,28.349472356099994,0.0018495968460533806,5.0,0.5777667364037438,3.251728779564921e-15,0.231106698513031,0.0,0,0,0,9.405951478168263e-16,-0.000217437744140625,0.0
343,17.150000000000002,6.570415496826172,28.344322204589844,0.001885259797971174,4.422626132257618,-3.0921445959286586e-15,0.0,6,9.570410165520993,28.34997798063346,0.001885259797971174,5.0,0.5773738677423816,-1.120175238238921e-15,0.2309495508670807,0.0,0,0,0,-4.371904017803842e-15,-0.00015714764595031738,0.0
344,17.2,6.7915544509887695,28.344749450683594,0.0018496054285061121,4.422898904678992,4.1858877475320355e-15,0.0,6,9.79154931942987,28.35029826380532,0.0018496054285061121,5.0,0.5771010953210078,1.516323653823811e-15,0.23084044456481934,0.0,0,0,0,2.636498892062732e-15,-0.00010910630226135254,0.0
345,17.25,7.012704849243164,28.34515380859375,0.0018852482246637025,4.423080062081705,-1.0148132334464322e-14,0.0,6,10.01269951800344,28.350809549917514,0.0018852482246637025,5.0,0.5769199379182952,-3.676003559438101e-15,0.23076798021793365,0.0,0,0,0,-5.192327213261912e-15,-7.246434688568115e-05,0.0
346,17.3,7.233861446380615,28.345577239990234,0.0018496049083574619,4.423191667495874,-1.9827889330414905e-15,0.0,6,10.233856314824603,28.351126051551525,0.0018496049083574619,5.0,0.5768083325041262,-7.182197765258922e-16,0.2307233363389969,0.0,0,0,0,2.9577837829122084e-15,-4.464387893676758e-05,0.0
347,17.35,7.45502233505249,28.34598159790039,0.001885243543325849,4.423254573113387,-7.875644580934704e-16,0.0,6,10.455017003839243,28.351637325180157,0.001885243543325849,5.0,0.576745426886613,-2.852738409623315e-16,0.23069816827774048,0.0,0,0,0,4.3294593556356066e-16,-2.516806125640869e-05,0.0
348,17.400000000000002,7.676185607910156,28.34640884399414,0.001849601267316909,4.423283211583946,-2.5352983601401036e-15,0.0,6,10.676180476374347,28.35195764463233,0.001849601267316909,5.0,0.5767167884160536,-9.18338192457417e-16,0.2306867092847824,0.0,0,0,0,-6.330643514950856e-16,-1.1458992958068848e-05,0.0
349,17.45,7.897349834442139,28.346811294555664,0.0018852422429542228,4.423290805912111,5.365499711196264e-15,0.0,6,10.897344503236246,28.352467017934316,0.0018852422429542228,5.0,0.576709194087889,1.943493592310706e-15,0.23068368434906006,0.0,0,0,0,2.861831784768123e-15,-3.0249357223510742e-06,0.0
350,17.5,8.118514060974121,28.347238540649414,0.0018495964559418928,4.423283683263639,4.34634966905989e-15,0.0,6,11.118508929465008,28.352787326853495,0.0018495964559418928,5.0,0.5767163167363609,1.574338740326271e-15,0.23068653047084808,0.0,0,0,0,-3.6915485198443483e-16,2.8461217880249023e-06,0.0
351,17.55,8.339677810668945,28.347640991210938,0.0018852400323224586,4.423269821209766,9.011888457699513e-16,0.0,6,11.339672479475555,28.35329670795771,0.0018852400323224586,5.0,0.5767301787902337,3.264302718969115e-16,0.2306920737028122,0.0,0,0,0,-1.2479084684293595e-15,5.543231964111328e-06,0.0
352,17.6,8.560840606689453,28.348068237304688,0.0018495903441952503,4.42325173203932,-4.1902245562219775e-15,0.0,6,11.560835475214255,28.353617005173568,0.0018495903441952503,5.0,0.5767482679606797,-1.5177959029652574e-15,0.2306993007659912,0.0,0,0,0,-1.844226174862169e-15,7.227063179016113e-06,0.0
353,17.650000000000002,8.782001495361328,28.34847068786621,0.0018852376916535317,4.423233102621113,-5.074933528970149e-15,0.0,6,11.781996164181177,28.354126397590996,0.0018852376916535317,5.0,0.5767668973788869,-1.8382641481744623e-15,0.23070676624774933,0.0,0,0,0,-3.204682452092049e-16,7.465481758117676e-06,0.0
354,17.7,9.003162384033203,28.34889793395996,0.0018495854027830716,4.423215967423849,1.1501216645726231e-15,0.0,6,12.003157252585423,28.354446687004625,0.0018495854027830716,5.0,0.5767840325761506,4.166033083490158e-16,0.2307136058807373,0.0,0,0,0,2.254867456523478e-15,6.839632987976074e-06,0.0
355,17.75,9.224323272705078,28.349300384521484,0.00188523561105893,4.423200675851473,-8.020493991178768e-15,0.0,6,12.224317941536693,28.3549560880045,0.00188523561105893,5.0,0.576799324148527,-2.9052351294139725e-15,0.23071973025798798,0.0,0,0,0,-3.3218384377629883e-15,6.124377250671387e-06,0.0
356,17.8,9.445481300354004,28.349727630615234,0.0018495812415938683,4.423187832710394,-5.571931804837504e-15,0.0,6,12.445476168929313,28.35527637117636,0.0018495812415938683,5.0,0.5768121672896056,-2.0183058715528106e-15,0.23072487115859985,0.0,0,0,0,8.86929257861162e-16,5.140900611877441e-06,0.0
357,17.85,9.66663932800293,28.35013198852539,0.0018852324901670278,4.423177309868862,-1.781561009828181e-15,0.0,6,12.666633996852195,28.35578768264574,0.0018852324901670278,5.0,0.576822690131138,-6.453313208652387e-16,0.23072907328605652,0.0,0,0,0,1.3729745506875718e-15,4.202127456665039e-06,0.0
358,17.900000000000002,9.887797355651855,28.35055923461914,0.0018495773404789903,4.423169235412971,-9.207912210484892e-15,0.0,6,12.88779222424881,28.356107963476944,0.0018495773404789903,5.0,0.5768307645870294,-3.3353686244250733e-15,0.23073230683803558,0.0,0,0,0,-2.6900373035598345e-15,3.2335519790649414e-06,0.0
359,17.95,10.108954429626465,28.350961685180664,0.0018852300194609382,4.423163004318624,-9.274699064309999e-15,0.0,6,13.108949098489704,28.356617371888916,0.0018852300194609382,5.0,0.5768369956813757,-3.359564544079866e-15,0.23073479533195496,0.0,0,0,0,-2.4195919654792716e-17,2.4884939193725586e-06,0.0
360,18.0,10.330109596252441,28.351388931274414,0.0018495736994384375,4.423158744535068,-9.762156361059482e-15,0.0,6,13.3301044648696,28.356937649209115,0.0018495736994384375,5.0,0.5768412554649318,-3.536138514572155e-15,0.23073650896549225,0.0,0,0,0,-1.7657397049228914e-16,1.7136335372924805e-06,0.0
361,18.05,10.551264762878418,28.351791381835938,0.001885226508457548,4.423156328246912,-7.581608951756635e-15,0.0,6,13.551259431761515,28.357447058011196,0.001885226508457548,5.0,0.576843671753088,-2.7462817735651778e-15,0.23073746263980865,0.0,0,0,0,7.898567410069774e-16,9.5367431640625e-07,0.0
362,18.1,10.772418975830078,28.352218627929688,0.0018495709686580228,4.4231534991579755,4.81385764583564e-16,0.0,6,13.772413844462388,28.35776733767205,0.0018495709686580228,5.0,0.5768465008420245,1.743721745203506e-16,0.2307385951280594,0.0,0,0,0,2.9206539480855284e-15,1.1324882507324219e-06,0.0
363,18.150000000000002,10.993574142456055,28.35262107849121,0.0018852244278629465,4.42315203663656,-1.0527169413965254e-14,0.0,6,13.993568811350919,28.3582767484247,0.0018852244278629465,5.0,0.5768479633634396,-3.8132533900793984e-15,0.23073919117450714,0.0,0,0,0,-3.987625564599749e-15,5.960464477539062e-07,0.0
364,18.2,11.214728355407715,28.35304832458496,0.0018495688880634212,4.423151115051165,-2.8796409701214998e-15,0.0,6,14.21472322405157,28.358597028085555,0.0018495688880634212,5.0,0.5768488849488351,-1.0430916401487538e-15,0.2307395488023758,0.0,0,0,0,2.7701617499306446e-15,3.5762786865234375e-07,0.0
365,18.25,11.435883522033691,28.353450775146484,0.0018852227373798325,4.423150606315154,-8.924284922162684e-15,0.0,6,14.435878190938116,28.35910644000853,0.0018852227373798325,5.0,0.5768493936848458,-3.2326419508897294e-15,0.2307397574186325,0.0,0,0,0,-2.1895503107409757e-15,2.086162567138672e-07,0.0
366,18.3,11.657038688659668,28.353878021240234,0.0018495674576546326,4.4231496847371785,1.4710455076283324e-15,0.0,6,14.65703355731146,28.359426720449605,0.0018495674576546326,5.0,0.5768503152628215,5.32856621595978e-16,0.23074012994766235,0.0,0,0,0,3.7654985724857074e-15,3.725290298461914e-07,0.0
367,18.35,11.878192901611328,28.35428237915039,0.001885221567045369,4.423149175613386,-1.2568071583451967e-15,0.0,6,14.878187570522371,28.359938040501433,0.001885221567045369,5.0,0.5768508243866144,-4.552531040948743e-16,0.23074032366275787,0.0,0,0,0,-9.881097256908523e-16,1.9371509552001953e-07,0.0
368,18.400000000000002,12.099348068237305,28.35470962524414,0.0018495656371343562,4.423148730613635,1.1969591984239969e-15,0.0,6,15.099342936899198,28.36025831899196,0.0018495656371343562,5.0,0.5768512693863652,4.3357443401042335e-16,0.2307405024766922,0.0,0,0,0,8.888275381052976e-16,1.7881393432617188e-07,0.0
369,18.45,12.320502281188965,28.355112075805664,0.0018852189663021172,4.4231491755213606,-1.0267828254306721e-14,0.0,6,15.320496950114716,28.3607677293545,0.0018852189663021172,5.0,0.5768508244786394,-3.719314471613581e-15,0.23074032366275787,0.0,0,0,0,-4.1528889056240045e-15,-1.7881393432617188e-07,0.0
370,18.5,12.541657447814941,28.355539321899414,0.0018495631664282666,4.423150161152174,-6.7914424084492e-15,0.0,6,15.541652316490545,28.361088008235136,0.0018495631664282666,5.0,0.576849838847826,-2.4600629879408453e-15,0.23073993623256683,0.0,0,0,0,1.2592514836727358e-15,-3.8743019104003906e-07,0.0
371,18.55,12.762812614440918,28.355941772460938,0.001885216755670353,4.4231501291870785,6.589347123497902e-15,0.0,6,15.762807283379173,28.361597419377873,0.001885216755670353,5.0,0.5768498708129215,2.3868581654743924e-15,0.23073995113372803,0.0,0,0,0,4.846921153415238e-15,1.4901161193847656e-08,0.0
372,18.6,12.983966827392578,28.356369018554688,0.0018495612158708277,4.423150161246238,-8.612034696486859e-15,0.0,6,15.983961696079003,28.36191769903875,0.0018495612158708277,5.0,0.5768498387537617,-3.1195357356187314e-15,0.23073993623256683,0.0,0,0,0,-5.506393901093124e-15,-1.4901161193847656e-08,0.0
373,18.650000000000002,13.205121994018555,28.35677146911621,0.001885214805112914,4.4231510828597465,5.1616697027689895e-15,0.0,6,16.205116662967843,28.362427110181486,0.001885214805112914,5.0,0.5768489171402535,1.869710458099515e-15,0.230739563703537,0.0,0,0,0,4.9892461937182464e-15,-3.725290298461914e-07,0.0
374,18.7,13.426276206970215,28.35719871520996,0.0018495593953505513,4.423151114889296,-8.889590452643148e-15,0.0,6,16.42627107566674,28.36274739023247,0.0018495593953505513,5.0,0.5768488851107039,-3.2200743112930806e-15,0.2307395488023758,0.0,0,0,0,-5.089784769392596e-15,-1.4901161193847656e-08,0.0
375,18.75,13.647431373596191,28.357601165771484,0.0018852125944811497,4.423152036587995,6.990935608186533e-16,0.0,6,16.64742604255798,28.36325680020488,0.0018852125944811497,5.0,0.5768479634120052,2.5323243745227345e-16,0.23073919117450714,0.0,0,0,0,3.473306748745354e-15,-3.5762786865234375e-07,0.0
376,18.8,13.868586540222168,28.358028411865234,0.0018495566645701366,4.423151591830026,1.3600232051658168e-15,0.0,6,16.86858140893385,28.363577078695407,0.0018495566645701366,5.0,0.5768484081699743,4.926408207493239e-16,0.23073936998844147,0.0,0,0,0,2.3940838329705044e-16,1.7881393432617188e-07,0.0
377,18.85,14.089740753173828,28.35843276977539,0.0018852097336635725,4.423152036620994,9.970323178176699e-15,0.0,6,17.089735422151797,28.36408839562634,0.0018852097336635725,5.0,0.5768479633790058,3.611547316767364e-15,0.23073919117450714,0.0,0,0,0,3.11890649601804e-15,-1.7881393432617188e-07,0.0
378,18.900000000000002,14.310895919799805,28.35886001586914,0.001849553933789722,4.423151591732528,-9.718788274160062e-15,0.0,6,17.310890788526635,28.364408674506997,0.001849553933789722,5.0,0.5768484082674723,-3.5204341002135868e-15,0.23073936998844147,0.0,0,0,0,-7.13198141698095e-15,1.7881393432617188e-07,0.0
379,18.95,14.532050132751465,28.359262466430664,0.001885207262957483,4.423152036574086,2.4754504002189037e-15,0.0,6,17.532044801743407,28.364918084869515,0.001885207262957483,5.0,0.576847963425914,8.966816775784927e-16,0.23073919117450714,0.0,0,0,0,4.4171157777920795e-15,-1.7881393432617188e-07,0.0
380,19.0,14.753205299377441,28.359689712524414,0.0018495512030093073,4.423151591652446,5.2562121322097255e-16,0.0,6,17.753200168119424,28.365238362969933,0.0018495512030093073,5.0,0.576848408347554,1.903956291324582e-16,0.23073936998844147,0.0,0,0,0,-7.062860484460345e-16,1.7881393432617188e-07,0.0
381,19.05,14.974360466003418,28.360092163085938,0.0018852034918797676,4.423151559551861,1.1319070680748666e-15,0.0,6,17.974355135016687,28.365747770211577,0.0018852034918797676,5.0,0.5768484404481393,4.1001040093428234e-16,0.23073936998844147,0.0,0,0,0,2.1961477180182414e-16,0.0,0.0
382,19.1,15.195514678955078,28.360519409179688,0.0018495476920059172,4.42315111476041,1.5178830414797062e-15,0.0,6,18.195509547716544,28.366068049092213,0.0018495476920059172,5.0,0.5768488852395901,5.498224268316856e-16,0.2307395488023758,0.0,0,0,0,1.3981202589740326e-16,1.7881393432617188e-07,0.0
383,19.150000000000002,15.416669845581055,28.36092185974121,0.001885201021173678,4.423151082757225,-6.363833071620917e-15,0.0,6,18.416664514608296,28.366577459454753,0.001885201021173678,5.0,0.5768489172427751,-2.3051696727664772e-15,0.230739563703537,0.0,0,0,0,-2.854992099598163e-15,1.4901161193847656e-08,0.0
384,19.200000000000003,15.637824058532715,28.36134910583496,0.0018495450912626651,4.423151591701191,-8.011820373798884e-15,0.0,6,18.63781892730861,28.36689773794528,0.0018495450912626651,5.0,0.576848408298809,-2.9021195304757344e-15,0.23073936998844147,0.0,0,0,0,-5.969498577092572e-16,-1.9371509552001953e-07,0.0
385,19.25,15.858979225158691,28.361751556396484,0.0018851984204304262,4.423152036511547,5.946632075648495e-15,0.0,6,18.858973894200645,28.367407148307798,0.0018851984204304262,5.0,0.5768479634884534,2.154046712998575e-15,0.23073919117450714,0.0,0,0,0,5.056166243474309e-15,-1.7881393432617188e-07,0.0
386,19.3,16.08013343811035,28.362178802490234,0.0018495426205565758,4.423152068539265,5.312590645178972e-15,0.0,6,19.080128306899955,28.367727427188434,0.0018495426205565758,5.0,0.5768479314607351,1.9243781762735444e-15,0.23073917627334595,0.0,0,0,0,-2.2966853672503045e-16,-1.4901161193847656e-08,0.0
387,19.35,16.301288604736328,28.36258316040039,0.0018851956896500115,4.4231520365393635,-4.5814047000547475e-15,0.0,6,19.301283273793725,28.368238744119388,0.0018851956896500115,5.0,0.5768479634606365,-1.6595208204251365e-15,0.23073919117450714,0.0,0,0,0,-3.583898996698681e-15,1.4901161193847656e-08,0.0
388,19.400000000000002,16.522443771362305,28.36301040649414,0.0018495400198133237,4.423152068415723,-4.2179801318376065e-15,0.0,6,19.52243864016634,28.368559023390134,0.0018495400198133237,5.0,0.5768479315842772,-1.5278777126199517e-15,0.23073917627334595,0.0,0,0,0,1.3164310780518478e-16,-1.4901161193847656e-08,0.0
389,19.450000000000003,16.74359893798828,28.363412857055664,0.0018851933489810846,4.42315203638129,-1.0560996521746802e-14,0.0,6,19.743593607058916,28.369068433752673,0.0018851933489810846,5.0,0.57684796361871,-3.825506568694379e-15,0.23073919117450714,0.0,0,0,0,-2.2976288560744274e-15,1.4901161193847656e-08,0.0
390,19.5,16.964752197265625,28.363840103149414,0.0018495376791443968,4.423152068366926,1.0655538951187538e-14,0.0,6,19.964747066082648,28.369388713023397,0.0018495376791443968,5.0,0.5768479316330737,3.859752534268344e-15,0.23073917627334595,0.0,0,0,0,7.685259102962723e-15,-1.4901161193847656e-08,0.0
391,19.55,17.1859073638916,28.364242553710938,0.0018851910083121579,4.423152036334398,4.776561091102138e-15,0.0,6,20.185902032975473,28.369898123385937,0.0018851910083121579,5.0,0.5768479636656023,1.730212284378849e-15,0.23073919117450714,0.0,0,0,0,-2.129540249889495e-15,1.4901161193847656e-08,0.0
392,19.6,17.407062530517578,28.364669799804688,0.0018495357285869577,4.423151591497539,8.833211939673902e-15,0.0,6,20.407057399345423,28.37021840382701,0.0018495357285869577,5.0,0.5768484085024612,3.1996519234183058e-15,0.23073936998844147,0.0,0,0,0,1.4694396390394567e-15,1.7881393432617188e-07,0.0
393,19.650000000000002,17.628217697143555,28.36507225036621,0.0018851891877918814,4.423152036303145,4.86242990316299e-15,0.0,6,20.628212366237722,28.37072781457966,0.0018851891877918814,5.0,0.5768479636968546,1.7613164988723295e-15,0.23073919117450714,0.0,0,0,0,-1.4383354245459763e-15,-1.7881393432617188e-07,0.0
394,19.700000000000003,17.84937286376953,28.36549949645996,0.0018495335179551935,4.423152068344315,3.932618120039422e-15,0.0,6,20.849367732609643,28.371048093850405,0.0018495335179551935,5.0,0.5768479316556849,1.4245111056929573e-15,0.23073917627334595,0.0,0,0,0,-3.368053931793722e-16,-1.4901161193847656e-08,0.0
395,19.75,18.070526123046875,28.365901947021484,0.0018851865870486294,4.4231515594857305,-4.1494585545365226e-15,0.0,6,21.07052079215575,28.371557503432726,0.0018851865870486294,5.0,0.5768484405142695,-1.5030572120456774e-15,0.23073936998844147,0.0,0,0,0,-2.9275683177386346e-15,1.9371509552001953e-07,0.0
396,19.8,18.29168128967285,28.366329193115234,0.0018495309172119414,4.423151591488839,-5.5979526569771565e-15,0.0,6,21.291676158527395,28.37187778270347,0.0018495309172119414,5.0,0.5768484085111609,-2.027744783200539e-15,0.23073936998844147,0.0,0,0,0,-5.246875711548615e-16,0.0,0.0
397,19.85,18.512836456298828,28.36673355102539,0.00188518411634254,4.42315203633441,9.671950740308688e-15,0.0,6,21.512831125421677,28.372389100024513,0.00188518411634254,5.0,0.5768479636655899,3.5034678185218463e-15,0.23073919117450714,0.0,0,0,0,5.531212601722385e-15,-1.7881393432617188e-07,0.0
398,19.900000000000002,18.733991622924805,28.36716079711914,0.001849528446505852,4.423152068257263,7.72559100026271e-15,0.0,6,21.733986491793054,28.37270937929526,0.001849528446505852,5.0,0.5768479317427371,2.7984384625670718e-15,0.23073917627334595,0.0,0,0,0,-7.050293559547746e-16,-1.4901161193847656e-08,0.0
399,19.950000000000003,18.95514678955078,28.367563247680664,0.001885181515599288,4.423152036329186,6.600622826091751e-16,0.0,6,21.955141458688338,28.37321878887758,0.001885181515599288,5.0,0.5768479636708141,2.390941605433987e-16,0.23073919117450714,0.0,0,0,0,-2.559344302023673e-15,1.4901161193847656e-08,0.0
400,20.0,19.176300048828125,28.367990493774414,0.0018495257157254376,4.423152068398271,-3.3454142234212725e-15,0.0,6,22.176294917711527,28.373539067758216,0.0018495257157254376,5.0,0.576847931601729,-1.2118084271431936e-15,0.23073917627334595,0.0,0,0,0,-1.4509025876865923e-15,-1.4901161193847656e-08,0.0
401,20.05,19.3974552154541,28.368392944335938,0.0018851786547817106,4.423152513215894,9.936496070395151e-15,0.0,6,22.39744988460784,28.374048476950406,0.0018851786547817106,5.0,0.5768474867841062,3.5992937146359094e-15,0.23073899745941162,0.0,0,0,0,4.811102141779103e-15,-1.7881393432617188e-07,0.0
402,20.1,19.618610382080078,28.368820190429688,0.0018495227248706977,4.423152545250263,3.8120548384590336e-15,0.0,6,22.618605250980075,28.374368755440933,0.0018495227248706977,5.0,0.5768474547497373,1.3808393574819464e-15,0.23073898255825043,0.0,0,0,0,-2.218454357153963e-15,-1.4901161193847656e-08,0.0
403,20.150000000000002,19.839765548706055,28.36922264099121,0.001885175273815483,4.423152513214153,-8.173149657064727e-15,0.0,6,22.839760217878915,28.374878163462817,0.001885175273815483,5.0,0.5768474867858471,-2.960557180539756e-15,0.23073899745941162,0.0,0,0,0,-4.341396538021702e-15,1.4901161193847656e-08,0.0
404,20.200000000000003,20.06092071533203,28.36964988708496,0.00184951934390447,4.423152545239815,6.347353198599137e-15,0.0,6,23.06091558425079,28.375198441953323,0.00184951934390447,5.0,0.576847454760185,2.299199572795992e-15,0.23073898255825043,0.0,0,0,0,5.259756753335748e-15,-1.4901161193847656e-08,0.0
405,20.25,20.282075881958008,28.370052337646484,0.0018851722829607432,4.423152990043536,-4.180683577104105e-16,0.0,6,23.282070551147783,28.375707851145535,0.0018851722829607432,5.0,0.576847009956464,-1.5143674577019068e-16,0.2307388037443161,0.0,0,0,0,-2.4506363185661828e-15,-1.7881393432617188e-07,0.0
406,20.3,20.50322914123535,28.370479583740234,0.0018495164830868928,4.423152545264194,-6.267555918704204e-15,0.0,6,23.503224010169983,28.37602813002617,0.0018495164830868928,5.0,0.5768474547358062,-2.270294573470939e-15,0.23073898255825043,0.0,0,0,0,-2.1188578277007484e-15,1.7881393432617188e-07,0.0
407,20.35,20.724384307861328,28.37088394165039,0.0018851696822174912,4.4231525129967775,-9.429956815409923e-15,0.0,6,23.72437897706581,28.376539447347234,0.0018851696822174912,5.0,0.5768474870032225,-3.4158100728763933e-15,0.23073899745941162,0.0,0,0,0,-1.1455154994054542e-15,1.4901161193847656e-08,0.0
408,20.400000000000002,20.945539474487305,28.37131118774414,0.001849514402492291,4.423152068079679,-9.63291946209921e-15,0.0,6,23.94553434343348,28.376859727788307,0.001849514402492291,5.0,0.5768479319203212,-3.489329568082751e-15,0.23073917627334595,0.0,0,0,0,-7.351949520635788e-17,1.7881393432617188e-07,0.0
409,20.450000000000003,21.16669464111328,28.371713638305664,0.0018851670814742391,4.423152036257774,2.873569437955581e-15,0.0,6,24.166689310332472,28.37736913620028,0.0018851670814742391,5.0,0.5768479637422264,1.0408922132220896e-15,0.23073919117450714,0.0,0,0,0,4.530221781304841e-15,1.4901161193847656e-08,0.0
410,20.5,21.387847900390625,28.372140884399414,0.0018495110215260636,4.423151591448771,-7.102825272387037e-15,0.0,6,24.387842769355558,28.377689414300697,0.0018495110215260636,5.0,0.5768484085512293,-2.5728545304719384e-15,0.23073936998844147,0.0,0,0,0,-3.613746743694028e-15,1.7881393432617188e-07,0.0
411,20.55,21.6090030670166,28.372543334960938,0.001885164220656662,4.423152036377787,-9.17061565575139e-15,0.0,6,24.608997736251972,28.378198824273127,0.001885164220656662,5.0,0.576847963622213,-3.3218692485864447e-15,0.23073919117450714,0.0,0,0,0,-7.490147181145063e-16,-1.7881393432617188e-07,0.0
412,20.6,21.830158233642578,28.372970581054688,0.0018495082907456488,4.42315159146269,3.1407168532560092e-15,0.0,6,24.830153102622663,28.378519102763633,0.0018495082907456488,5.0,0.5768484085373098,1.137660962885565e-15,0.23073936998844147,0.0,0,0,0,4.45953021147201e-15,1.7881393432617188e-07,0.0
413,20.650000000000002,22.051313400268555,28.37337303161621,0.0018851603195417837,4.423152036171032,9.28510740516586e-15,0.0,6,25.051308069525987,28.37902850922506,0.0018851603195417837,5.0,0.5768479638289676,3.3633416757499097e-15,0.23073919117450714,0.0,0,0,0,2.2256807128643447e-15,-1.7881393432617188e-07,0.0
414,20.700000000000003,22.27246856689453,28.37380027770996,0.0018495036094077952,4.423151114286887,-9.75261538194161e-15,0.0,6,25.27246343590059,28.37934878537493,0.0018495036094077952,5.0,0.5768488857131127,-3.5326874905868043e-15,0.2307395488023758,0.0,0,0,0,-6.896029166336714e-15,3.5762786865234375e-07,0.0
415,20.75,22.493621826171875,28.374202728271484,0.0018851561583525806,4.423151082018886,3.3931191190106347e-15,0.0,6,25.49361649545284,28.379858193396792,0.0018851561583525806,5.0,0.5768489179811143,1.2290887463001286e-15,0.230739563703537,0.0,0,0,0,4.761776236886933e-15,1.4901161193847656e-08,0.0
416,20.8,22.71477699279785,28.374629974365234,0.001849499448218592,4.423150160260841,4.8416132214512686e-15,0.0,6,25.714771861827,28.380178469546642,0.001849499448218592,5.0,0.5768498397391593,1.7537767409714637e-15,0.23073993623256683,0.0,0,0,0,5.246879946713351e-16,3.725290298461914e-07,0.0
417,20.85,22.935932159423828,28.37503433227539,0.0018851517370890522,4.423151081978929,-5.532033164890038e-15,0.0,6,25.935926828729798,28.38068978413694,0.0018851517370890522,5.0,0.5768489180210707,-2.003867136175677e-15,0.230739563703537,0.0,0,0,0,-3.757643877147141e-15,-3.725290298461914e-07,0.0
418,20.900000000000002,23.157087326049805,28.37546157836914,0.0018494954170665513,4.423151114109323,-3.382710778154774e-16,0.0,6,26.15708219510132,28.38101006145712,0.0018494954170665513,5.0,0.5768488858906773,-1.225318523242561e-16,0.2307395488023758,0.0,0,0,0,1.881335283851421e-15,-1.4901161193847656e-08,0.0
419,20.950000000000003,23.37824249267578,28.375864028930664,0.0018851487462343123,4.423152035950418,2.2230481344642783e-15,0.0,6,26.378237161998666,28.381519471819658,0.0018851487462343123,5.0,0.5768479640495823,8.052540529826068e-16,0.23073919117450714,0.0,0,0,0,9.27785905306863e-16,-3.5762786865234375e-07,0.0
420,21.0,23.599395751953125,28.376291275024414,0.001849493206434787,4.423151591222511,-5.245803791353865e-15,0.0,6,26.599390621016905,28.381839751480513,0.001849493206434787,5.0,0.5768484087774892,-1.9001860682670143e-15,0.23073936998844147,0.0,0,0,0,-2.705440121249621e-15,1.7881393432617188e-07,0.0
421,21.05,23.8205509185791,28.376693725585938,0.001885146535602548,4.423152036039044,-2.2403953692240464e-15,0.0,6,26.820545587914488,28.382349161843052,0.001885146535602548,5.0,0.5768479639609563,-8.115377139622537e-16,0.23073919117450714,0.0,0,0,0,1.0886483543047607e-15,-1.7881393432617188e-07,0.0
422,21.1,24.041706085205078,28.377120971679688,0.0018494909958030228,4.423151591191133,-1.0145530249250356e-14,0.0,6,27.041700954281126,28.382669441503907,0.0018494909958030228,5.0,0.5768484088088668,-3.675012530889813e-15,0.23073936998844147,0.0,0,0,0,-2.8634748169275594e-15,1.7881393432617188e-07,0.0
423,21.150000000000002,24.262861251831055,28.37752342224121,0.0018851443249707838,4.42315203600954,-6.702971511174383e-15,0.0,6,27.262855921178943,28.383178851866447,0.0018851443249707838,5.0,0.5768479639904598,-2.428015284623242e-15,0.23073919117450714,0.0,0,0,0,1.246997246266571e-15,-1.7881393432617188e-07,0.0
424,21.200000000000003,24.48401641845703,28.37795066833496,0.0018494887851712586,4.423152544799385,6.263219110014262e-15,0.0,6,27.484011287545343,28.38349913152728,0.0018494887851712586,5.0,0.5768474552006149,2.268723750870256e-15,0.23073898255825043,0.0,0,0,0,4.696739035493498e-15,-2.086162567138672e-07,0.0
425,21.25,24.705169677734375,28.378353118896484,0.0018851422443761823,4.423153466570417,-9.64939933512099e-15,0.0,6,27.70516434709403,28.38400854227995,0.0018851422443761823,5.0,0.5768465334295829,-3.4952981857455786e-15,0.23073861002922058,0.0,0,0,0,-5.764021936615835e-15,-3.725290298461914e-07,0.0
426,21.3,24.92632484436035,28.378780364990234,0.0018494869646509822,4.423152544928209,5.991734886023892e-15,0.0,6,27.926319713458767,28.384328822721002,0.0018494869646509822,5.0,0.5768474550717908,2.170384072726979e-15,0.23073898255825043,0.0,0,0,0,5.6656822584725576e-15,3.725290298461914e-07,0.0
427,21.35,25.147480010986328,28.37918472290039,0.001885140033744418,4.423152512884086,7.203439233993691e-15,0.0,6,28.147474680358485,28.384840139651956,0.001885140033744418,5.0,0.5768474871159137,2.6092993935769755e-15,0.23073899745941162,0.0,0,0,0,4.3891532084999654e-16,1.4901161193847656e-08,0.0
428,21.400000000000002,25.368635177612305,28.37961196899414,0.0018494846239820555,4.4231525448463795,0.2559536295075683,0.09319971910647672,6,28.368044181916694,28.408450873866258,0.09504920373045878,5.0,0.5768474551536205,0.17142857611179352,0.23073898255825043,0.0,0,0,0,0.1714285761117909,-1.4901161193847656e-08,0.0
429,21.450000000000003,25.589433670043945,28.383913040161133,0.005240491411057665,4.4106159995960175,1.2281842209915794e-15,0.0,6,28.589392476012875,28.39963444243525,0.005240491411057665,5.0,0.5893840004039825,2.609024107869118e-15,0.23575359582901,0.0,0,0,0,-0.1714285761117909,0.0050146132707595825,0.0
430,21.5,25.80986213684082,28.389930725097656,0.008792724904221939,4.410951509810861,-6.071532165918825e-15,0.0,6,28.8097461695711,28.41630855992002,0.008792724904221939,5.0,0.5890484901891391,-2.204248238199969e-15,0.23561939597129822,0.0,0,0,0,-4.813272346069087e-15,-0.000134199857711792,0.0
431,21.55,26.030424118041992,28.392995834350586,0.009411660186313167,4.412258792277336,7.542577673547157e-15,0.0,6,29.030291250001582,28.421230398072005,0.009411660186313167,5.0,0.5877412077226642,2.7376445786020257e-15,0.23509648442268372,0.0,0,0,0,4.941892816801995e-15,-0.000522911548614502,0.0
432,21.6,26.251075744628906,28.39537811279297,0.009467476297690944,4.414077782743172,0.25595362950756534,0.09319971910647828,6,29.2501780233951,28.447065432668097,0.10266719540416923,5.0,0.5859222172568277,0.17142857611179352,0.23436889052391052,0.0,0,0,0,0.17142857611179077,-0.0007275938987731934,0.0
433,21.650000000000002,26.471439361572266,28.401447296142578,0.012873329557657931,4.403476450086688,0.25595362950757417,0.09319971910647679,6,29.470348206720786,28.463348798761118,0.10607304866413472,5.0,0.5965235499133117,0.24552159011363983,0.2386094182729721,0.0,0,0,0,0.07409301400184631,0.0042405277490615845,0.0
434,21.700000000000003,26.68978500366211,28.418277740478516,0.02429971792199458,4.37198255826977,0.2559536295075629,0.09319971910647783,6,29.687790783427953,28.5144411536202,0.1174994370284724,5.0,0.62801744173023,0.24606534838676453,0.2512069642543793,0.0,0,0,0,0.0005437582731246948,0.012597545981407166,0.0
435,21.75,26.90559196472168,28.44561767578125,0.04162756307102753,4.361621374976981,0.2559536295075719,0.09319971910647662,6,29.901481452461915,28.593713032845624,0.13482728217750414,5.0,0.6383786250230186,0.2462456375360489,0.2553514540195465,0.0,0,0,0,0.0001802891492843628,0.004144489765167236,0.0
436,21.8,27.12040138244629,28.479215621948242,0.060282752674491194,4.365052911542968,0.31806268606888394,0.014418046722567066,6,30.113459292017577,28.384264070019526,0.07470079939705826,5.0,0.6349470884570323,0.1398661881685257,0.2539788484573364,0.0,0,0,0,-0.1063794493675232,-0.001372605562210083,0.0
437,21.85,27.336200714111328,28.51274871826172,0.07499934340756624,4.385244292564746,0.3180626860688788,0.014418046722567163,6,30.33033182691029,28.46185346671338,0.0894173901301334,5.0,0.6147557074352541,0.13943172991275787,0.24590228497982025,0.0,0,0,0,-0.00043445825576782227,-0.008076563477516174,0.0
438,21.900000000000002,27.55301856994629,28.54538917541504,0.08661903981633981,4.394907852413575,0.3180626860688763,0.014418046722566719,6,30.547538929267134,28.529287471347274,0.10103708653890653,5.0,0.6050921475864248,0.13922494649887085,0.2420368641614914,0.0,0,0,0,-0.00020678341388702393,-0.0038654208183288574,0.0
439,21.950000000000003,27.77008819580078,28.57962989807129,0.09776125640879739,4.403951292123209,0.31806268606887683,0.014418046722566719,6,30.764602078666776,28.596894097552553,0.11217930313136411,5.0,0.5960487078767907,0.13903209567070007,0.23841948807239532,0.0,0,0,0,-0.00019285082817077637,-0.0036173760890960693,0.0
440,22.0,27.98711585998535,28.61605453491211,0.10881351641305914,4.408349901086086,0.3180626860688775,0.01441804672256708,6,30.98125604657077,28.666413152199993,0.12323156313562622,5.0,0.591650098913914,0.1389385163784027,0.23666003346443176,0.0,0,0,0,-9.357929229736328e-05,-0.001759454607963562,0.0
441,22.05,28.203996658325195,28.654836654663086,0.11986537694315738,4.4138606982723445,0.3180626860688763,0.014418046722566885,6,31.197397444124643,28.738282342605398,0.13428342366572427,5.0,0.5861393017276555,0.13882151246070862,0.23445571959018707,0.0,0,0,0,-0.0001170039176940918,-0.00220431387424469,0.0
442,22.1,28.42060661315918,28.696001052856445,0.130904163016779,4.41580599681168,0.3180626860688812,0.014418046722567357,6,31.412903900296058,28.81248449654774,0.14532220973934637,5.0,0.5841940031883199,0.13878026604652405,0.23367759585380554,0.0,0,0,0,-4.124641418457031e-05,-0.0007781237363815308,0.0
443,22.150000000000002,28.636886596679688,28.739566802978516,0.14195241163464883,4.419072047177156,0.3180626860688739,0.014418046722566524,6,31.62771434822463,28.889102109343067,0.15637045835721536,5.0,0.5809279528228437,0.13871106505393982,0.23237118124961853,0.0,0,0,0,-6.920099258422852e-05,-0.0013064146041870117,0.0
444,22.200000000000003,28.85274887084961,28.785518646240234,0.1529913808005954,4.419566562040987,0.31806268606887456,0.014418046722566996,6,31.84174371273381,28.968059826390274,0.1674094275231624,5.0,0.5804334379590133,0.13870060443878174,0.2321733683347702,0.0,0,0,0,-1.0460615158081055e-05,-0.00019781291484832764,0.0
445,22.25,29.06815528869629,28.833866119384766,0.16403709109305123,4.421355357738786,0.31806268606887866,0.014418046722567607,6,32.054951536225694,29.049411063665925,0.17845513781561884,5.0,0.5786446422612137,0.13866275548934937,0.23145785927772522,0.0,0,0,0,-3.784894943237305e-05,-0.0007155090570449829,0.0
446,22.3,29.28304672241211,28.884584426879883,0.17507587716667286,4.421104478043801,0.31806268606887445,0.014418046722566386,6,32.2672816878559,29.133086173923232,0.18949392388923925,5.0,0.5788955219561993,0.13866806030273438,0.2315582036972046,0.0,0,0,0,5.304813385009766e-06,0.00010034441947937012,0.0
447,22.35,29.497386932373047,28.93767738342285,0.18611939035122937,4.422094043070231,0.3180626860688745,0.01441804672256769,6,32.478695645699055,29.219119745385864,0.20053743707379706,5.0,0.5779059569297686,0.13864712417125702,0.23116238415241241,0.0,0,0,0,-2.0936131477355957e-05,-0.0003958195447921753,0.0
448,22.400000000000002,29.711132049560547,28.99312973022461,0.19715762714787619,4.421474857859803,0.3180626860688735,0.014418046722566108,6,32.689152575071766,29.30746266978835,0.2115756738704423,5.0,0.5785251421401973,0.1386602222919464,0.23141005635261536,0.0,0,0,0,1.309812068939209e-05,0.0002476722002029419,0.0
449,22.450000000000003,29.92425537109375,29.05094337463379,0.2082000084889694,4.422138340417644,0.31806268606887705,0.01441804672256805,6,32.89862342354743,29.39814092042559,0.22261805521153746,5.0,0.5778616595823562,0.1386461853981018,0.23114466667175293,0.0,0,0,0,-1.4036893844604492e-05,-0.00026538968086242676,0.0
450,22.5,30.13671875,29.111095428466797,0.21923774594291182,4.4213705091106705,0.3180626860688791,0.014418046722566885,6,33.107073420672066,29.491101451679015,0.2336557926654787,5.0,0.5786294908893295,0.1386624276638031,0.23145179450511932,0.0,0,0,0,1.6242265701293945e-05,0.00030712783336639404,0.0
451,22.55,30.348506927490234,29.17359733581543,0.23027961129654387,4.421936017958317,0.31806268606888005,0.014418046722567524,6,33.31448463295875,29.586377783419973,0.2446976580191114,5.0,0.5780639820416829,0.13865046203136444,0.23122559487819672,0.0,0,0,0,-1.1965632438659668e-05,-0.00022619962692260742,0.0
452,22.6,30.559581756591797,29.23842430114746,0.24131706578962045,4.421137903956283,0.31806268606887855,0.014418046722568384,6,33.52082284528215,29.68391578469446,0.25573511251218883,5.0,0.578862096043717,0.13866734504699707,0.2315448373556137,0.0,0,0,0,1.6883015632629395e-05,0.0003192424774169922,0.0
453,22.650000000000002,30.769926071166992,29.305585861206055,0.2523587147614139,4.42170001545724,0.31806268606887517,0.014418046722566968,6,33.726067786747805,29.783746508545264,0.2667767614839809,5.0,0.5782999845427597,0.13865545392036438,0.23131999373435974,0.0,0,0,0,-1.189112663269043e-05,-0.00022484362125396729,0.0
454,22.700000000000003,30.97950553894043,29.37505340576172,0.2633960693859496,4.420920304058601,0.3180626860688853,0.014418046722568134,6,33.93018967155521,29.88581224983226,0.27781411610851775,5.0,0.5790796959413989,0.13867194950580597,0.23163187503814697,0.0,0,0,0,1.6495585441589355e-05,0.00031188130378723145,0.0
455,22.75,31.18830680847168,29.44683837890625,0.2744375685549318,4.421509323089782,0.3180626860688821,0.014418046722568245,6,34.13317164826014,29.990145403192354,0.28885561527750003,5.0,0.578490676910218,0.1386594921350479,0.23139627277851105,0.0,0,0,0,-1.245737075805664e-05,-0.0002356022596359253,0.0
456,22.8,31.39629554748535,29.520917892456055,0.2854746901528721,4.420762318214274,0.318062686068881,0.014418046722567857,6,34.33498459629897,30.0966939962011,0.29989273687543994,5.0,0.5792376817857257,0.13867530226707458,0.23169507086277008,0.0,0,0,0,1.5810132026672363e-05,0.0002987980842590332,0.0
457,22.85,31.60345458984375,29.597291946411133,0.2965159895847725,4.42138293037292,0.31806268606888,0.01441804672256669,6,34.535607325057875,30.205479240455702,0.3109340363073392,5.0,0.5786170696270796,0.1386621594429016,0.23144683241844177,0.0,0,0,0,-1.3142824172973633e-05,-0.0002482384443283081,0.0
458,22.900000000000002,31.809749603271484,29.675941467285156,0.30755319440649687,4.420663896773274,0.3180626860688799,0.014418046722568245,6,34.73501119159106,30.316453830290698,0.3219712411290651,5.0,0.5793361032267264,0.13867737352848053,0.23173443973064423,0.0,0,0,0,1.5214085578918457e-05,0.0002876073122024536,0.0
459,22.950000000000003,32.01517105102539,29.756866455078125,0.3185946602859654,4.421308496723618,0.31806268606887944,0.014418046722566746,6,34.93318227432912,30.429638294511378,0.33301270700853214,5.0,0.5786915032763824,0.13866373896598816,0.23147660493850708,0.0,0,0,0,-1.3634562492370605e-05,-0.000257834792137146,0.0
460,23.0,32.21967697143555,29.840049743652344,0.32963169866012165,4.420610030597413,0.31806268606887766,0.014418046722567801,6,35.130085208146696,30.544986154220556,0.34404974538268945,5.0,0.5793899694025866,0.13867852091789246,0.23175598680973053,0.0,0,0,0,1.4781951904296875e-05,0.0002793818712234497,0.0
461,23.05,32.423255920410156,29.925495147705078,0.3406731312500766,4.421271152064193,0.3180626860688721,0.01441804672256558,6,35.325703400577645,30.66252301158155,0.35509117797264217,5.0,0.5787288479358068,0.13866452872753143,0.23149153590202332,0.0,0,0,0,-1.399219036102295e-05,-0.00026445090770721436,0.0
462,23.1,32.62587356567383,30.013174057006836,0.35171020291374644,4.4205854552481005,0.2559536295075777,0.0931997191064794,6,35.43369473766398,31.068364240651636,0.44490992202022583,5.0,0.5794145447518995,0.2452288419008255,0.23176582157611847,0.0,0,0,0,0.10656431317329407,0.0002742856740951538,0.0
463,23.150000000000002,32.82542419433594,30.105966567993164,0.3657503881806442,4.400097026667134,0.2559536295075642,0.09319971910647834,6,35.61815404353379,31.20047378447727,0.45895010728712254,5.0,0.599902973332866,0.24557964503765106,0.2399611920118332,0.0,0,0,0,0.0003508031368255615,0.008195370435714722,0.0
464,23.200000000000003,33.020328521728516,30.205846786499023,0.383729754884419,4.391546217833345,0.2559536295075737,0.09319971910647856,6,35.79292951105816,31.350385912743608,0.4769294739908976,5.0,0.6084537821666549,0.2457268387079239,0.24338151514530182,0.0,0,0,0,0.00014719367027282715,0.003420323133468628,0.0
465,23.25,33.21251678466797,30.31052017211914,0.4025693891993167,4.393253139747893,0.3180626860688799,0.014418046722565803,6,36.063816045206586,31.225672604292512,0.4169874359218825,5.0,0.6067468602521071,0.13926029205322266,0.24269874393939972,0.0,0,0,0,-0.10646654665470123,-0.0006827712059020996,0.0
466,23.3,33.40555953979492,30.415138244628906,0.4173251991406324,4.405951122648975,0.25595362950756817,0.09319971910647651,6,36.13815195506871,31.652160778588843,0.5105249182471089,5.0,0.5940488773510246,0.24547913670539856,0.237619549036026,0.0,0,0,0,0.1062188446521759,-0.005079194903373718,0.0
467,23.35,33.59743881225586,30.521940231323242,0.4320424265356555,4.395249287741989,0.25595362950756995,0.09319971910647928,6,36.31153041278718,31.799043532337613,0.5252421456421348,5.0,0.6047507122580109,0.24566303193569183,0.2419002801179886,0.0,0,0,0,0.00018389523029327393,0.0042807310819625854,0.0
468,23.400000000000002,33.784942626953125,30.634855270385742,0.4501622084079048,4.390677042460426,0.3180626860688781,0.014418046722566635,6,36.589475047922676,31.684621600095166,0.4645802551304714,5.0,0.6093229575395744,0.1393153816461563,0.24372918903827667,0.0,0,0,0,-0.10634765028953552,0.001828908920288086,0.0
469,23.450000000000003,33.97291564941406,30.748281478881836,0.4648084625598773,4.4063657979274415,0.25595362950757505,0.09319971910647895,6,36.643712312615726,32.11361339507194,0.5580081816663562,5.0,0.5936342020725585,0.2454720288515091,0.23745368421077728,0.0,0,0,0,0.10615664720535278,-0.00627550482749939,0.0
470,23.5,34.159523010253906,30.86397361755371,0.47948104871712793,4.394201150498141,0.5487961893406459,0.20081748493552354,6,36.79587064176985,32.291236507077144,0.6802985336526515,5.0,0.6057988495018591,0.4169006049633026,0.24231953918933868,0.0,0,0,0,0.17142857611179352,0.004865854978561401,0.0
471,23.55,34.338741302490234,30.987667083740234,0.5003931882818389,4.356896710672299,0.3180626860688831,0.01441804672256719,6,37.08702771791741,32.17692451005271,0.5148112350044061,5.0,0.6431032893277013,0.2454720288515091,0.25724130868911743,0.0,0,0,0,-0.17142857611179352,0.014921769499778748,0.0
472,23.6,34.51365280151367,31.11662483215332,0.5222263488200402,4.374603929387184,0.2559536295075746,0.09319971910647651,6,37.10169671020957,32.63297399517565,0.6154260679265167,5.0,0.6253960706128163,0.2460198551416397,0.250158429145813,0.0,0,0,0,0.0005478262901306152,-0.007082879543304443,0.0
473,23.650000000000002,34.68819046020508,31.247709274291992,0.5416990165260497,4.386952423190946,0.2559536295075806,0.09319971910647806,6,37.24621821360685,32.81416389232685,0.6348987356325277,5.0,0.6130475768090538,0.24580609798431396,0.24521903693675995,0.0,0,0,0,-0.00021375715732574463,-0.0049393922090530396,0.0
474,23.700000000000003,34.86091613769531,31.38191795349121,0.5607723099370882,4.3932206215364396,,,,,,,,,0.0,0.0,1.0,0,0,1,-0.24580609798431396,-0.24521903693675995,1.0
475,23.75,35.035404205322266,31.513593673706055,0.5736711309398052,4.353950583204705,0.2559536295075664,0.09319971910647618,6,37.54205030739363,33.161019355339945,0.6668708500462813,5.0,0.6460494167952948,0.246379554271698,0.2584197521209717,0.0,0,0,0,0.246379554271698,0.2584197521209717,-1.0
476,23.8,35.21151351928711,31.638620376586914,0.579855989676378,4.305722383142596,0.5487961893406528,0.2008174849355231,6,37.691570540041425,33.322878481456165,0.7806734746119011,5.0,0.6942776168574039,0.4178081452846527,0.27771103382110596,0.0,0,0,0,0.1714285910129547,0.019291281700134277,0.0
477,23.85,35.381431579589844,31.768339157104492,0.5917587218523781,4.265382766650857,,,,,,,,,0.0,0.0,1.0,0,0,1,-0.4178081452846527,-0.27771103382110596,1.0
478,23.900000000000002,35.54838180541992,31.89906120300293,0.6028995236405066,4.220905916488573,,,,,,,,,0.0,0.0,1.0,0,0,1,0.0,0.0,0.0
479,23.950000000000003,35.716712951660156,32.02042007446289,0.6053548915865324,4.098443274838671,,,,,,,,,0.0,0.0,1.0,0,0,1,0.0,0.0,0.0
480,24.0,35.88015365600586,32.1348762512207,0.6057076938519407,3.913774562639614,,,,,,,,,0.0,0.0,1.0,0,0,1,0.0,0.0,0.0
481,24.05,36.03532028198242,32.24271011352539,0.6057468423199648,3.689701693375565,0.5487961893406441,0.20081748493552098,6,38.47094410641571,33.99060735760568,0.8065643272554858,5.0,1.3102983066244351,0.5571295619010925,0.5241193175315857,0.0,0,0,0,0.5571295619010925,0.5241193175315857,-1.0
482,24.1,36.1801872253418,32.347049713134766,0.608542895148439,3.505318452717391,,,,,,,,,0.0,0.0,1.0,0,0,1,-0.5571295619010925,-0.5241193175315857,1.0
483,24.150000000000002,36.318294525146484,32.448055267333984,0.6113988691014399,3.3605136022101667,,,,,,,,,0.0,0.0,1.0,0,0,1,0.0,0.0,0.0
484,24.200000000000003,36.450618743896484,32.54191207885742,0.6118518062238352,3.162933920895927,0.48559080742774263,0.2795991573194322,6,38.68235350428963,34.53251475616041,0.8914509635432674,5.0,1.8370660791040732,0.6853739619255066,0.6000000238418579,0.0,0,0,0,0.6853739619255066,0.6000000238418579,-1.0
485,24.25,36.573795318603516,32.63203048706055,0.6143130997032864,2.99118035195037,0.7730461612610646,0.38721692314847744,6,38.77998953947832,34.6453798308037,1.0015300228517638,5.0,2.00881964804963,0.8568025231361389,0.6000000238418579,0.0,0,0,0,0.17142856121063232,0.0,0.0
486,24.3,36.68762969970703,32.72471237182617,0.6225724277709764,2.9231865371834713,0.7730461612610648,0.3872169231484749,6,38.87711994790099,34.75621451881887,1.0097893509194513,5.0,2.0768134628165287,1.0,0.6000000238418579,0.0,1,0,0,0.14319747686386108,0.0,0.0
487,24.35,36.794490814208984,32.82425308227539,0.6371829955643419,2.9473955499099858,,,,,,,,,0.0,0.0,1.0,0,0,1,-1.0,-0.6000000238418579,1.0
488,24.400000000000002,36.901424407958984,32.9280891418457,0.6515946918033056,3.017271699821685,,,,,,,,,0.0,0.0,1.0,0,0,1,0.0,0.0,0.0
489,24.450000000000003,37.01530838012695,33.02539825439453,0.6563802591241236,2.9720714142627087,0.773046161261062,0.3872169231484758,6,39.134879887845095,35.12974735657359,1.0435971822725993,5.0,2.0279285857372913,1.0,0.6000000238418579,0.0,1,0,0,1.0,0.6000000238418579,-1.0
490,24.5,37.12858963012695,33.11871337890625,0.6594685273032067,2.919898312322325,0.7730461612610628,0.38721692314847844,6,39.24165224621243,35.22959824091895,1.0466854504516852,5.0,2.080101687677675,1.0,0.6000000238418579,0.0,1,0,0,0.0,0.0,0.0
491,24.55,37.23690414428711,33.216285705566406,0.6678724650180881,2.9254775289685955,0.7730461612610677,0.38721692314847633,6,39.332152605963586,35.34485386374569,1.0550893881665644,5.0,2.0745224710314045,1.0,0.6000000238418579,0.0,1,0,0,0.0,0.0,0.0
492,24.6,37.33956527709961,33.321311950683594,0.6826067366440877,2.9723942223771505,0.7730461612610575,0.38721692314847644,6,39.40322453834738,35.48051990121515,1.069823659792564,5.0,2.0276057776228495,1.0,0.6000000238418579,0.0,1,0,0,0.0,0.0,0.0
493,24.650000000000002,37.43598556518555,33.43543243408203,0.7039196819528555,3.0477843000868488,0.7730461612610466,0.3872169231484748,6,39.45316054711841,35.63812932935304,1.0911366051013303,5.0,1.9522156999131512,1.0,0.6000000238418579,0.0,1,0,0,0.0,0.0,0.0
494,24.700000000000003,37.52473449707031,33.559349060058594,0.7320692280959659,3.129980175908784,0.7730461612610757,0.3872169231484789,6,39.47911360065998,35.817948369282,1.1192861512444447,5.0,1.8700198240912158,0.9955794215202332,0.6000000238418579,0.0,0,0,0,-0.004420578479766846,0.0,0.0
495,24.75,37.603538513183594,33.69296646118164,0.7674635710895005,3.210175289313936,0.7730461612610616,0.38721692314847733,6,39.476768612652315,36.01931069938389,1.1546804942379778,5.0,1.789824710686064,0.9889058470726013,0.6000000238418579,0.0,0,0,0,-0.006673574447631836,0.0,0.0
496,24.8,37.66960525512695,33.83526611328125,0.8102003157874107,3.2709831855615286,0.48559080742773175,0.27959915731943186,6,39.46533392157556,36.22660415214727,1.0897994731068426,5.0,1.7290168144384714,0.8174772262573242,0.6000000238418579,0.0,0,0,0,-0.1714286208152771,0.0,0.0
497,24.85,37.725589752197266,33.98638916015625,0.8574150327002348,3.413747582962017,0.5487961893406714,0.20081748493552354,6,39.649226149043606,36.285743678872,1.0582325176357583,5.0,1.5862524170379828,0.6460486650466919,0.6000000238418579,0.0,0,0,0,-0.17142856121063232,0.0,0.0
498,24.900000000000002,37.78186798095703,34.14784622192383,0.9024815772987737,3.622849024089739,0.5487961893406339,0.20081748493552098,6,39.59996237201807,36.531528452256325,1.1032990622342946,5.0,1.377150975910261,0.5603887438774109,0.5508604049682617,0.0,0,0,0,-0.085659921169281,-0.04913961887359619,0.0
499,24.950000000000003,37.84556198120117,34.31941223144531,0.9419560828193915,3.8219749749404333,,,,,,,,,0.0,0.0,1.0,0,0,1,-0.5603887438774109,-0.5508604049682617,1.0
500,25.0,37.91725158691406,34.49852752685547,0.9745904588172224,3.9644776835070656,0.0,0.0,0,37.91725158691406,34.49852752685547,0.9745904588172224,5.0,1.0355223164929344,0.21753159165382385,0.41420891880989075,0.0,0,0,0,0.21753159165382385,0.41420891880989075,-1.0
501,25.05,38.00156784057617,34.67893981933594,0.995522039457891,4.038077189896136,0.5487961893406385,0.2008174849355211,6,39.59033965222756,37.221224681524376,1.196339524393412,5.0,0.9619228101038644,0.3889601528644562,0.38476911187171936,0.0,0,0,0,0.17142856121063232,-0.029439806938171387,0.0
502,25.1,38.08760070800781,34.8620719909668,1.0150412791934633,4.080002347740559,0.2559536295075848,0.09319971910647795,6,39.65028275496089,37.422406124955366,1.1082409982999413,5.0,0.9199976522594406,0.25142642855644226,0.36799904704093933,0.0,0,0,0,-0.13753372430801392,-0.01677006483078003,0.0
503,25.150000000000002,38.17137145996094,35.0494270324707,1.0351177188081073,4.152679670864388,0.2559536295075644,0.09319971910647662,6,39.68233964686778,37.64061617950183,1.128317437914584,5.0,0.847320329135612,0.2500354051589966,0.33892813324928284,0.0,0,0,0,-0.0013910233974456787,-0.029070913791656494,0.0
504,25.200000000000003,38.25479507446289,35.240623474121094,1.053895401338147,4.2116354032949035,0.2559536295075642,0.0931997191064784,6,39.71684321664153,37.85972661975863,1.1470951204446254,5.0,0.7883645967050965,0.24893540143966675,0.3153458535671234,0.0,0,0,0,-0.001100003719329834,-0.023582279682159424,0.0
505,25.25,38.33628463745117,35.43567657470703,1.0726170243272406,4.264080908062011,0.23215720566916975,0.18639943821295457,6,39.47252355613701,38.204360568456046,1.2590164625401952,5.0,0.7359190919379888,0.39169469475746155,0.29436764121055603,0.0,0,0,0,0.1427592933177948,-0.020978212356567383,0.0
506,25.3,38.41167449951172,35.634517669677734,1.0943030785047285,4.275538490491345,0.2559536295075846,0.09319971910647662,6,39.76672612564136,38.310544789880346,1.1875027976112051,5.0,0.7244615095086546,0.247770756483078,0.28978461027145386,0.0,0,0,0,-0.14392393827438354,-0.004583030939102173,0.0
507,25.35,38.48246383666992,35.83661651611328,1.1163050501665273,4.324656711129723,0.31806268606887356,0.01441804672256719,6,40.03870671842497,38.39503781454082,1.1307230968890944,5.0,0.6753432888702768,0.14074523746967316,0.27013731002807617,0.0,0,0,0,-0.10702551901340485,-0.019647300243377686,0.0
508,25.400000000000002,38.55754470825195,36.04009246826172,1.1316116351107848,4.363535870054479,0.31806268606888044,0.014418046722566302,6,40.07444612251801,38.62203389801154,1.146029681833351,5.0,0.6364641299455212,0.13989895582199097,0.2545856535434723,0.0,0,0,0,-0.0008462816476821899,-0.015551656484603882,0.0
509,25.450000000000003,38.635128021240234,36.24456024169922,1.1433698907976482,4.3903507952249505,0.31806268606887644,0.014418046722568745,6,40.121566147969816,38.84415889200383,1.157787937520217,5.0,0.6096492047750495,0.13932237029075623,0.2438596785068512,0.0,0,0,0,-0.0005765855312347412,-0.010725975036621094,0.0
510,25.5,38.711910247802734,36.450416564941406,1.1545341284033694,4.405485220026233,0.25595362950757583,0.0931997191064784,6,39.90342221625549,39.20315797789147,1.2477338475098478,5.0,0.5945147799737667,0.24548712372779846,0.23780591785907745,0.0,0,0,0,0.10616475343704224,-0.006053760647773743,0.0
511,25.55,38.78342819213867,36.65810775756836,1.1686311721595404,4.396098946259232,0.25595362950757683,0.0931997191064784,6,39.93601753908658,39.42737189355082,1.2618308912660188,5.0,0.6039010537407679,0.24564839899539948,0.2415604144334793,0.0,0,0,0,0.00016127526760101318,0.0037544965744018555,0.0
512,25.6,38.846885681152344,36.86772155761719,1.1866385353442745,4.394134554428011,,,,,,,,,0.0,0.0,1.0,0,0,1,-0.24564839899539948,-0.2415604144334793,1.0
513,25.650000000000002,38.911865234375,37.07651138305664,1.1993141168686157,4.3555349570853,,,,,,,,,0.0,0.0,1.0,0,0,1,0.0,0.0,0.0
514,25.700000000000003,38.98457717895508,37.277992248535156,1.2021419944721163,4.230386693109166,0.2559536295075454,0.0931997191064764,6,40.04373647120019,40.084318610736695,1.2953417135785927,5.0,0.7696133068908342,0.24859072268009186,0.3078453242778778,0.0,0,0,0,0.24859072268009186,0.3078453242778778,-1.0
515,25.75,39.05466079711914,37.473690032958984,1.2058553731380683,4.1227921148898234,0.25595362950756395,0.09319971910647684,6,40.10339185840929,40.28393009719223,1.2990550922445452,5.0,0.8772078851101766,0.25060269236564636,0.3508831560611725,0.0,0,0,0,0.0020119696855545044,0.04303783178329468,0.0
516,25.8,39.11447525024414,37.66903305053711,1.2169122853518592,4.075166372693373,0.25595362950757916,0.09319971910647729,6,40.1320702611556,40.490696824147385,1.3101120044583365,5.0,0.9248336273066267,0.25152039527893066,0.36993345618247986,0.0,0,0,0,0.0009177029132843018,0.019050300121307373,0.0
517,25.85,39.1643180847168,37.86592102050781,1.233639866474756,4.080776503289374,0.2559536295075543,0.0931997191064764,6,40.13457332277933,40.70421114495751,1.3268395855812325,5.0,0.9192234967106261,0.25141140818595886,0.3676894009113312,0.0,0,0,0,-0.00010898709297180176,-0.0022440552711486816,0.0
518,25.900000000000002,39.20882797241211,38.065216064453125,1.251637908595675,4.113264352701189,0.5487961893406537,0.20081748493552465,6,40.10175157984025,40.927050375049745,1.4524553935311997,5.0,0.8867356472988108,0.4228399693965912,0.3546942472457886,0.0,0,0,0,0.17142856121063232,-0.012995153665542603,0.0
519,25.950000000000003,39.24615478515625,38.267059326171875,1.272813767687331,4.129498835652792,-0.023291497877100498,0.09319971910647751,6,39.832199901622396,41.20326765279842,1.3660134867938085,5.0,0.8705011643472078,0.25141140818595886,0.3482004702091217,0.0,0,0,0,-0.17142856121063232,-0.00649377703666687,0.0
520,26.0,39.27851486206055,38.47175216674805,1.294318260857503,4.190546288334047,0.2559536295075664,0.09319971910647928,6,40.074867249104095,41.36365619924749,1.3875179799639823,5.0,0.8094537116659533,0.24932602047920227,0.32378149032592773,0.0,0,0,0,-0.002085387706756592,-0.02441897988319397,0.0
521,26.05,39.3101692199707,38.67969512939453,1.313445882754779,4.243870376452523,6.106226635438361e-15,0.0,6,40.07372666454309,41.5808983330392,1.313445882754779,5.0,0.7561296235474773,0.07789744436740875,0.30245184898376465,0.0,0,0,0,-0.17142857611179352,-0.021329641342163086,0.0
522,26.1,39.345394134521484,38.8900032043457,1.326854099895001,4.291683751197115,,,,,,,,,0.0,0.0,1.0,0,0,1,-0.07789744436740875,-0.30245184898376465,1.0
523,26.150000000000002,39.39009475708008,39.099708557128906,1.3309774722107706,4.277162122019566,,,,,,,,,0.0,0.0,1.0,0,0,1,0.0,0.0,0.0
524,26.200000000000003,39.43845748901367,39.30512619018555,1.3315922629484154,4.172736153435223,0.2559536295075566,0.09319971910647662,6,40.126488855182956,42.224697887661684,1.424791982054892,5.0,0.8272638465647768,0.24965837597846985,0.3309055268764496,0.0,0,0,0,0.24965837597846985,0.3309055268764496,-1.0
525,26.25,39.48299789428711,39.50551986694336,1.3348984442836944,4.072462341149457,0.25595362950758793,0.09319971910647751,6,40.16137288421318,42.427350360072495,1.428098163390172,5.0,0.9275376588505431,0.25157302618026733,0.3710150718688965,0.0,0,0,0,0.0019146502017974854,0.0401095449924469,0.0
526,26.3,39.51704788208008,39.70463943481445,1.34577692470445,4.032098474271343,0.2559536295075692,0.0931997191064764,6,40.16359828359933,42.633676586479105,1.4389766438109264,5.0,0.9679015257286574,0.25236520171165466,0.38716059923171997,0.0,0,0,0,0.0007921755313873291,0.016145527362823486,0.0
527,26.35,39.54094314575195,39.90435028076172,1.3623716140889517,4.0439257676192915,-1.454392162258955e-14,0.0,6,40.161700032233284,42.839424536702445,1.3623716140889517,5.0,0.9560742323807085,0.08093661814928055,0.38242968916893005,0.0,0,0,0,-0.17142858356237411,-0.004730910062789917,0.0
528,26.400000000000002,39.565574645996094,40.106170654296875,1.374978752373278,4.094943023242107,0.318062686068893,0.014418046722568523,6,40.41560087266765,42.97755827376441,1.3893967990958465,5.0,0.9050569767578933,0.14600755274295807,0.3620227873325348,0.0,0,0,0,0.06507093459367752,-0.020406901836395264,0.0
529,26.450000000000003,39.59231948852539,40.310550689697266,1.384649356081628,4.1470155223363925,0.31806268606887844,0.0144180467225683,6,40.41453834908658,43.190024181952126,1.3990674028041963,5.0,0.8529844776636075,0.1447737216949463,0.3411937952041626,0.0,0,0,0,-0.0012338310480117798,-0.020828992128372192,0.0
530,26.5,39.61643981933594,40.51781463623047,1.395422242165162,4.198970548344662,0.3180626860688764,0.01441804672256608,6,40.407591329116244,43.4059785401378,1.4098402888877282,5.0,0.8010294516553378,0.14356717467308044,0.3204117715358734,0.0,0,0,0,-0.0012065470218658447,-0.020782023668289185,0.0
531,26.55,39.63851547241211,40.72785949707031,1.4063947321723975,4.2487428897000745,0.3180626860688754,0.0144180467225683,6,40.397929643432214,43.62453026954598,1.4208127788949658,5.0,0.7512571102999255,0.14243359863758087,0.30050283670425415,0.0,0,0,0,-0.0011335760354995728,-0.019908934831619263,0.0
532,26.6,39.65859603881836,40.94038391113281,1.417415824869527,4.291112727123789,0.31806268606888,0.014418046722566302,6,40.38604025856125,43.84524816861948,1.4318338715920933,5.0,0.7088872728762112,0.141485333442688,0.28355491161346436,0.0,0,0,0,-0.0009482651948928833,-0.016947925090789795,0.0
533,26.650000000000002,39.67660903930664,41.15502166748047,1.4284540949556874,4.327366522798568,0.3180626860688766,0.014418046722567412,6,40.37194491726178,44.06773852019535,1.4428721416782548,5.0,0.6726334772014324,0.14068585634231567,0.2690533995628357,0.0,0,0,0,-0.0007994771003723145,-0.014501512050628662,0.0
534,26.700000000000003,39.69247055053711,41.37141036987305,1.4394998218929,4.3552782350319745,0.31806268606886434,0.01441804672256719,6,40.35559158984927,44.291629870952114,1.4539178686154672,5.0,0.6447217649680255,0.14007768034934998,0.25788870453834534,0.0,0,0,0,-0.0006081759929656982,-0.011164695024490356,0.0
535,26.75,39.70610427856445,41.58917236328125,1.45055167410062,4.377888720553883,0.318062686068878,0.014418046722566524,6,40.33691164300946,44.51654208988273,1.4649697208231864,5.0,0.6221112794461172,0.13958962261676788,0.24884450435638428,0.0,0,0,0,-0.0004880577325820923,-0.00904420018196106,0.0
536,26.8,39.71745681762695,41.80800247192383,1.4616020615697403,4.393651334228005,0.02329149787708995,-0.09319971910647729,6,40.34211824171724,44.73623851451642,1.368402342463263,5.0,0.6063486657719954,-0.031838949769735336,0.24253946542739868,0.0,0,0,0,-0.17142857238650322,-0.006305038928985596,0.0
537,26.85,39.7331657409668,42.02718734741211,1.4669235900599364,4.396155664724137,0.023291497877102718,-0.09319971910647795,6,40.342235702309075,44.95870606610987,1.3737238709534585,5.0,0.6038443352758627,-0.14409101009368896,0.24153773486614227,0.0,0,0,0,-0.11225206032395363,-0.0010017305612564087,0.0
538,26.900000000000002,39.75983428955078,42.24491500854492,1.462725782391699,4.381346312709008,0.02329149787710716,-0.09319971910647751,6,40.381204800125836,45.17385114722609,1.3695260632852215,5.0,0.6186536872909922,-0.1440676748752594,0.2474614679813385,0.0,0,0,0,2.333521842956543e-05,0.005923733115196228,0.0
539,26.950000000000003,39.79549789428711,42.4608154296875,1.4528017789056278,4.381952511891156,0.31806268606886806,0.0144180467225683,6,40.41971677872322,45.38959712718123,1.467219825628196,5.0,0.6180474881088438,0.02736089751124382,0.2472189962863922,0.0,0,0,0,0.17142857238650322,-0.00024247169494628906,0.0
540,27.0,39.828975677490234,42.67735290527344,1.447430449303047,4.383144763246015,1.4432899320127035e-14,0.0,6,40.19813526280025,45.65455313377231,1.447430449303047,5.0,0.6168552367539846,5.2668792416309725e-15,0.2467420995235443,0.0,0,0,0,-0.027360897511238554,-0.0004768967628479004,0.0
541,27.05,39.85736083984375,42.89491271972656,1.4469333702855838,4.3911982063687445,-1.3711254354120683e-14,0.0,6,40.2280002832498,45.87192907893449,1.4469333702855838,5.0,0.6088017936312555,-4.996060785537144e-15,0.24352072179317474,0.0,0,0,0,-1.0262940027168117e-14,-0.003221377730369568,0.0
542,27.1,39.88489532470703,43.11301803588867,1.4468343006930329,4.3997949678128165,-1.942890293094024e-15,0.0,6,40.25582969809146,46.08999766138864,1.4468343006930329,5.0,0.6002050321871835,-7.068167542921588e-16,0.2400820106267929,0.0,0,0,0,4.289244031244985e-15,-0.003438711166381836,0.0
543,27.150000000000002,39.912235260009766,43.331478118896484,1.446857337036462,4.405684619461976,1.8096635301390052e-14,0.0,6,40.283101054570764,46.30846628857816,1.446857337036462,5.0,0.5943153805380241,6.576320603802078e-15,0.2377261519432068,0.0,0,0,0,7.283137358094237e-15,-0.0023558586835861206,0.0
544,27.200000000000003,39.93951416015625,43.55022048950195,1.4468196533070374,4.410578715593711,1.5543122344752192e-15,0.0,6,40.310492138470565,46.52719468146362,1.4468196533070374,5.0,0.5894212844062894,5.64326436685317e-16,0.23576851189136505,0.0,0,0,0,-6.011994167116761e-15,-0.001957640051841736,0.0
545,27.25,39.966819763183594,43.769168853759766,1.446855739139808,4.414454756296813,1.1379786002407855e-14,0.0,6,40.33769031466355,46.74615643083243,1.446855739139808,5.0,0.5855452437031872,4.12871768227358e-15,0.23421809077262878,0.0,0,0,0,3.564391245588263e-15,-0.001550421118736267,0.0
546,27.3,39.994110107421875,43.988285064697266,1.4468195201489829,4.417426561116761,-1.84297022087776e-14,0.0,6,40.36508848214426,46.9652592072602,1.4468195201489829,5.0,0.5825734388832391,-6.682840926149937e-15,0.23302938044071198,0.0,0,0,0,-1.0811558608423517e-14,-0.001188710331916809,0.0
547,27.35,40.02143859863281,44.207523345947266,1.44685520650759,4.419631421360528,6.217248937900877e-15,0.0,6,40.392310735752204,47.1845107254819,1.44685520650759,5.0,0.5803685786394723,2.2535351795765655e-15,0.2321474254131317,0.0,0,0,0,8.936376105726502e-15,-0.0008819550275802612,0.0
548,27.400000000000002,40.04875946044922,44.42686080932617,1.4468196533070374,4.42120872596877,1.5543122344752192e-15,0.0,6,40.41973743876353,47.40383500128784,1.4468196533070374,5.0,0.5787912740312304,5.632198940188477e-16,0.2315165102481842,0.0,0,0,0,-1.6903152855577178e-15,-0.0006309151649475098,0.0
549,27.450000000000003,40.07611083984375,44.64625549316406,1.44685520650759,4.422291655473,6.217248937900877e-15,0.0,6,40.44698297696314,47.6232428726987,1.44685520650759,5.0,0.5777083445270002,2.252429589822162e-15,0.23108333349227905,0.0,0,0,0,1.6892096958033142e-15,-0.00043317675590515137,0.0
550,27.5,40.10344314575195,44.86569595336914,1.4468196533070374,4.422997381664769,0.2559536295075694,0.09319971910647706,6,40.451241273849625,47.84501173381744,1.5400193724135145,5.0,0.5770026183352313,0.17142857611179352,0.2308010458946228,0.0,0,0,0,0.17142857611179127,-0.00028228759765625,0.0
551,27.55,40.12688064575195,45.085296630859375,1.4502107894810898,4.410889099858835,0.2559536295075778,0.09319971910647751,6,40.46457352789355,48.06577470910242,1.5434105085875673,5.0,0.589110900141165,0.2453945279121399,0.2356443554162979,0.0,0,0,0,0.07396595180034637,0.00484330952167511,0.0
552,27.6,40.13931655883789,45.304256439208984,1.461640011615274,4.377875477906393,-1.8207657603852567e-14,0.0,6,40.46613558742099,48.28640152665125,1.461640011615274,5.0,0.6221245220936069,0.07396595925092697,0.2488498091697693,0.0,0,0,0,-0.17142856866121292,0.013205453753471375,0.0
553,27.650000000000002,40.14754104614258,45.52289581298828,1.4733758967489805,4.386321836988098,1.687538997430238e-14,0.0,6,40.43934025961194,48.5086709584101,1.4733758967489805,5.0,0.6136781630119019,6.154564688155796e-15,0.2454712688922882,0.0,0,0,0,-0.07396595925092082,-0.003378540277481079,0.0
554,27.700000000000003,40.16284942626953,45.741615295410156,1.4770332158739863,4.387069211261115,6.716849298982197e-15,0.0,6,40.443726779992176,48.728437672480105,1.4770332158739863,5.0,0.6129307887388853,2.4493389155538954e-15,0.24517232179641724,0.0,0,0,0,-3.7052257726019e-15,-0.0002989470958709717,0.0
555,27.75,40.18193435668945,45.960350036621094,1.477626568164856,4.394288511890684,1.0380585280245214e-14,0.0,6,40.46103942317242,48.94733854712185,1.477626568164856,5.0,0.605711488109316,3.780275856343947e-15,0.2422845959663391,0.0,0,0,0,1.3309369407900513e-15,-0.002887725830078125,0.0
556,27.8,40.20198440551758,46.1793098449707,1.4776786329641671,4.399865074475695,-1.0103029524088925e-14,0.0,6,40.48093395466496,49.16631288297225,1.4776786329641671,5.0,0.6001349255243049,-3.675399624946708e-15,0.2400539666414261,0.0,0,0,0,-7.455675481290655e-15,-0.002230629324913025,0.0
557,27.85,40.222347259521484,46.39852523803711,1.4777276351282245,4.405069073248677,-9.2148511043888e-15,0.0,6,40.50115043872111,49.38554194158401,1.4777276351282245,5.0,0.5949309267513234,-3.349059853226255e-15,0.23797236382961273,0.0,0,0,0,3.263397717204533e-16,-0.0020816028118133545,0.0
558,27.900000000000002,40.2427864074707,46.61796951293945,1.477693413508217,4.409550293188497,0.25595362950757644,0.0931997191064764,6,40.49845072119639,49.6066016107768,1.5708931326146933,5.0,0.5904497068115031,0.17142857611179352,0.2361798882484436,0.0,0,0,0,0.17142857611179688,-0.0017924755811691284,0.0
559,27.950000000000003,40.25783920288086,46.83747482299805,1.4823610027927443,4.392708502754817,9.547918011776346e-15,0.0,6,40.522799492311066,49.82575125683496,1.4823610027927443,5.0,0.6072914972451828,3.478064029884269e-15,0.24291659891605377,0.0,0,0,0,-0.17142857611179005,0.0067367106676101685,0.0
560,28.0,40.27014923095703,47.056785583496094,1.4876240748970135,4.3954378615102465,-2.525757381022231e-15,0.0,6,40.51937840897486,50.04641512857765,1.4876240748970135,5.0,0.6045621384897535,-9.196038714388518e-16,0.24182485044002533,0.0,0,0,0,-4.397667901323121e-15,-0.0010917484760284424,0.0
561,28.05,40.28670120239258,47.27605438232422,1.4885663012906836,4.400019417044662,1.7319479184152442e-14,0.0,6,40.53311336233091,50.26591743059826,1.4885663012906836,5.0,0.5999805829553377,6.300504653319449e-15,0.23999223113059998,0.0,0,0,0,7.220108524758301e-15,-0.001832619309425354,0.0
562,28.1,40.3043327331543,47.49550247192383,1.4886717624698507,4.404829055970128,-4.163336342344337e-15,0.0,6,40.550429577240266,50.48539149048805,1.4886717624698507,5.0,0.5951709440298716,-1.513196619940785e-15,0.2380683720111847,0.0,0,0,0,-7.813701273260234e-15,-0.0019238591194152832,0.0
563,28.150000000000002,40.32229232788086,47.71514129638672,1.4887300856977232,4.409055510024507,0.2559536295075566,0.09319971910647751,6,40.5449571876364,50.70641300216112,1.5819298048042008,5.0,0.5909444899754934,0.17142857611179352,0.2363777905702591,0.0,0,0,0,0.17142857611179504,-0.0016905814409255981,0.0
564,28.200000000000003,40.33488082885742,47.934783935546875,1.4933478738698662,4.392810478972021,-4.718447854656915e-16,0.0,6,40.566993979196425,50.9257910377517,1.4933478738698662,5.0,0.607189521027979,-1.718778213093643e-16,0.2428758144378662,0.0,0,0,0,-0.17142857611179368,0.006498023867607117,0.0
565,28.25,40.34477615356445,48.15419006347656,1.4986587497157022,4.394548638546429,4.690692279041286e-15,0.0,6,40.56100123778802,51.14638770283004,1.4986587497157022,5.0,0.6054513614535706,1.7081172181914839e-15,0.24218054115772247,0.0,0,0,0,1.879995039500848e-15,-0.0006952732801437378,0.0
566,28.3,40.35889434814453,48.37360763549805,1.499540921826791,4.3995827958984375,-1.1657341758564144e-15,0.0,6,40.572479715266,51.365994858260436,1.499540921826791,5.0,0.6004172041015625,-4.241067232424884e-16,0.24016688764095306,0.0,0,0,0,-2.1322239414339723e-15,-0.002013653516769409,0.0
567,28.35,40.3741340637207,48.59320068359375,1.4997176225651176,4.404320949828772,-8.132383655379272e-15,0.0,6,40.58719067047889,51.58562560033213,1.4997176225651176,5.0,0.5956790501712277,-2.956055412183336e-15,0.23827162384986877,0.0,0,0,0,-2.5319486889408476e-15,-0.0018952637910842896,0.0
568,28.400000000000002,40.389644622802734,48.81300354003906,1.4997035078113403,4.408643553539333,0.25595362950757233,0.09319971910647551,6,40.579472248165324,51.80653849560341,1.5929032269178158,5.0,0.5913564464606669,0.17142857611179352,0.23654258251190186,0.0,0,0,0,0.1714285761117965,-0.001729041337966919,0.0
569,28.450000000000003,40.39982986450195,49.03274917602539,1.504375358153612,4.391849976718775,1.3072876114961218e-14,0.0,6,40.59894628655138,52.02613399099159,1.504375358153612,5.0,0.6081500232812251,4.762875156256877e-15,0.24326001107692719,0.0,0,0,0,-0.17142857611178874,0.00671742856502533,0.0
570,28.5,40.40729522705078,49.25223922729492,1.5096388297320444,4.394624517927941,1.3183898417423734e-14,0.0,6,40.59065336778485,52.24663061658032,1.5096388297320444,5.0,0.6053754820720592,4.800853572512918e-15,0.2421501874923706,0.0,0,0,0,3.7978416256041064e-17,-0.0011098235845565796,0.0
571,28.55,40.41901779174805,49.4717903137207,1.5105807898096055,4.399292152418534,1.8041124150158794e-15,0.0,6,40.599555254408116,52.46635309058417,1.5105807898096055,5.0,0.6007078475814662,6.563909771179789e-16,0.24028313159942627,0.0,0,0,0,-4.144462595394939e-15,-0.001867055892944336,0.0
572,28.6,40.43181228637695,49.691532135009766,1.5106865173048816,4.404213557658562,7.965850201685498e-15,0.0,6,40.61203314040672,52.686113982909866,1.5106865173048816,5.0,0.5957864423414376,2.895579377331747e-15,0.23831458389759064,0.0,0,0,0,2.239188400213768e-15,-0.0019685477018356323,0.0
573,28.650000000000002,40.4449348449707,49.9114875793457,1.510745240006918,4.408555695831898,1.9817480989559044e-14,0.0,6,40.624979848752275,52.906080005138115,1.510745240006918,5.0,0.5914443041681023,7.19785305170655e-15,0.23657771944999695,0.0,0,0,0,4.302273674374802e-15,-0.001736864447593689,0.0
574,28.700000000000003,40.458126068115234,50.13164138793945,1.5107124831255099,4.412282441611989,-1.9761969838327786e-14,0.0,6,40.63826916530911,53.12622791441242,1.5107124831255099,5.0,0.587717558388011,-7.172748689215826e-15,0.23508702218532562,0.0,0,0,0,-1.4370601740922376e-14,-0.0014906972646713257,0.0
575,28.75,40.47137451171875,50.35194778442383,1.5107491015904986,4.415337452282565,1.61259894326804e-14,0.0,6,40.651407951630034,53.34654090545275,1.5107491015904986,5.0,0.5846625477174348,5.84974167087797e-15,0.23386502265930176,0.0,0,0,0,1.3022490360093796e-14,-0.0012219995260238647,0.0
576,28.8,40.484619140625,50.57238006591797,1.5107134152318915,4.417757279348498,9.880984919163893e-15,0.0,6,40.66475944654562,53.56696676030216,1.5107134152318915,5.0,0.582242720651502,3.582750314143086e-15,0.232897087931633,0.0,0,0,0,-2.266991356734884e-15,-0.0009679347276687622,0.0
577,28.85,40.49789810180664,50.79292678833008,1.5107491015904986,4.41961056887182,1.61259894326804e-14,0.0,6,40.677931541717925,53.787519909359,1.5107491015904986,5.0,0.5803894311281796,5.8451291529636965e-15,0.23215577006340027,0.0,0,0,0,2.262378838820611e-15,-0.000741317868232727,0.0
578,28.900000000000002,40.51115036010742,51.013553619384766,1.5107134152318915,4.420982507556491,9.880984919163893e-15,0.0,6,40.69129066602804,54.008140313768955,1.5107134152318915,5.0,0.5790174924435094,3.58061875573132e-15,0.23160699009895325,0.0,0,0,0,-2.2645103972323763e-15,-0.0005487799644470215,0.0
579,28.950000000000003,40.52443313598633,51.23423385620117,1.5107491015904986,4.4219632310719605,1.61259894326804e-14,0.0,6,40.70446657589761,54.22882697723009,1.5107491015904986,5.0,0.5780367689280395,5.842593136319617e-15,0.231214702129364,0.0,0,0,0,2.261974380588297e-15,-0.0003922879695892334,0.0
580,29.0,40.53770065307617,51.45494842529297,1.5107134152318915,4.422634394240209,9.880984919163893e-15,0.0,6,40.71784095899679,54.44953511967716,1.5107134152318915,5.0,0.5773656057597911,3.579527777295257e-15,0.23094624280929565,0.0,0,0,0,-2.2630653590243605e-15,-0.0002684593200683594,0.0
581,29.05,40.55099105834961,51.67569351196289,1.5107491015904986,4.423070389046192,0.25595362950758,0.09319971910647751,6,40.70774240512732,54.671142572257494,1.603948820696976,5.0,0.5769296109538082,0.17142857611179352,0.23077183961868286,0.0,0,0,0,0.17142857611178994,-0.00017440319061279297,0.0
582,29.1,40.56033706665039,51.89634704589844,1.5140808492722422,4.41132181629317,4.524158825347513e-15,0.0,6,40.73039229709816,54.89152337102478,1.5140808492722422,5.0,0.58867818370683,3.58046925441613e-15,0.23547127842903137,0.0,0,0,0,-0.17142857611178994,0.004699438810348511,0.0
583,29.150000000000002,40.5679931640625,52.11673355102539,1.51769063097179,4.41090917235956,1.9206858326015208e-14,0.0,6,40.7272353773526,55.11250422274018,1.51769063097179,5.0,0.5890908276404403,6.973036107945155e-15,0.23563632369041443,0.0,0,0,0,3.392566853529025e-15,0.00016504526138305664,0.0
584,29.200000000000003,40.57855987548828,52.33707809448242,1.5182448347946356,4.4126829866049,-6.022959908591474e-15,0.0,6,40.736141796849736,55.33293655877276,1.5182448347946356,5.0,0.5873170133950998,-2.1859146335731234e-15,0.23492680490016937,0.0,0,0,0,-9.158950741518278e-15,-0.0007095187902450562,0.0
585,29.25,40.589866638183594,52.55746841430664,1.5183724002108503,4.414413624696847,-1.890154699424329e-14,0.0,6,40.747066390331995,55.5533469562246,1.5183724002108503,5.0,0.5855863753031532,-6.8577515356920554e-15,0.23423455655574799,0.0,0,0,0,-4.671836902118932e-15,-0.0006922483444213867,0.0
586,29.3,40.601341247558594,52.7779426574707,1.5183505622899116,4.416158903955856,-2.942091015256665e-15,0.0,6,40.75860642342826,55.773817765758544,1.5183505622899116,5.0,0.5838410960441438,-1.0670887188191785e-15,0.23353643715381622,0.0,0,0,0,5.790662816872877e-15,-0.0006981194019317627,0.0
587,29.35,40.61289978027344,52.99850082397461,1.5183890449676634,4.417734817345846,3.941291737419306e-15,0.0,6,40.770049666730316,55.99438198202921,1.5183890449676634,5.0,0.5822651826541536,1.4290804249269206e-15,0.23290607333183289,0.0,0,0,0,2.496169143746099e-15,-0.0006303638219833374,0.0
588,29.400000000000002,40.62445831298828,53.21913146972656,1.5183533586090563,4.419093538038775,2.0095036745715333e-14,0.0,6,40.78171511143444,56.21500701776631,1.5183533586090563,5.0,0.5809064619612254,7.284470640892774e-15,0.23236258327960968,0.0,0,0,0,5.8553902159658535e-15,-0.0005434900522232056,0.0
589,29.450000000000003,40.636051177978516,53.4398078918457,1.5183894444418269,4.420216296259408,1.587618925213974e-14,0.0,6,40.793199867658274,56.43568911267739,1.5183894444418269,5.0,0.579783703740592,5.7539422445435084e-15,0.2319134771823883,0.0,0,0,0,-1.5305283963492657e-15,-0.0004491060972213745,0.0
590,29.5,40.647621154785156,53.66054916381836,1.5183533586090563,4.421110611831253,2.0095036745715333e-14,0.0,6,40.80487795323131,56.65642471185811,1.5183533586090563,5.0,0.5788893881687471,7.28176013546156e-15,0.2315557599067688,0.0,0,0,0,1.5278178909180519e-15,-0.00035771727561950684,0.0
591,29.55,40.65921401977539,53.88132095336914,1.5183890449676634,4.421798783878362,3.941291737419306e-15,0.0,6,40.81636390623227,56.87720211142374,1.5183890449676634,5.0,0.5782012161216379,1.4280092458859991e-15,0.23128049075603485,0.0,0,0,0,-5.853750889575561e-15,-0.00027526915073394775,0.0
592,29.6,40.67078399658203,54.10212326049805,1.5183533586090563,4.422311217202347,2.0095036745715333e-14,0.0,6,40.82804079502819,57.097998808537795,1.5183533586090563,5.0,0.5776887827976527,7.280148231762935e-15,0.23107551038265228,0.0,0,0,0,5.852138985876936e-15,-0.00020498037338256836,0.0
593,29.650000000000002,40.68238067626953,54.32294845581055,1.5183890449676634,4.422679866889183,3.941291737419306e-15,0.0,6,40.83953056272641,57.31882961386515,1.5183890449676634,5.0,0.5773201331108169,1.4277772647375698e-15,0.23092804849147797,0.0,0,0,0,-5.8523709670253656e-15,-0.0001474618911743164,0.0
594,29.700000000000003,40.69395446777344,54.54378890991211,1.5183533586090563,4.422934097859126,2.0095036745715333e-14,0.0,6,40.85121126621959,57.53966445795186,1.5183533586090563,5.0,0.5770659021408742,7.279311363211048e-15,0.23082636296749115,0.0,0,0,0,5.851534098473478e-15,-0.0001016855239868164,0.0
595,29.75,40.70554733276367,54.76463317871094,1.5183890449676634,4.4231009157127135,3.941291737419306e-15,0.0,6,40.86269721922055,57.76051433676554,1.5183890449676634,5.0,0.5768990842872865,1.427666409300598e-15,0.2307596355676651,0.0,0,0,0,-5.85164495391045e-15,-6.67273998260498e-05,0.0
596,29.8,40.71712112426758,54.98548889160156,1.5183533586090563,4.423202967475795,-0.3180626860688766,-0.014418046722567857,6,40.5987078016845,57.97771042957226,1.5039353118864884,5.0,0.5767970325242047,-0.1386236846446991,0.23071880638599396,0.0,0,0,0,-0.1386236846447005,-4.082918167114258e-05,0.0
597,29.85,40.73400115966797,55.205467224121094,1.5138325095005922,4.405690771114578,-0.31806268606887883,-0.014418046722566524,6,40.62911638314647,58.1981935114576,1.4994144627780257,5.0,0.5943092288854217,-0.13899506628513336,0.2377236932516098,0.0,0,0,0,-0.00037138164043426514,0.007004886865615845,0.0
598,29.900000000000002,40.75871658325195,55.42390823364258,1.5040637683060725,4.39889839259009,-0.3180626860688728,-0.014418046722566746,6,40.68307151477101,58.4175163026582,1.4896457215835057,5.0,0.6011016074099098,-0.13913975656032562,0.24044063687324524,0.0,0,0,0,-0.00014469027519226074,0.002716943621635437,0.0
599,29.950000000000003,40.78752899169922,55.641780853271484,1.4932671800888369,4.401722526824619,-0.31806268606887594,-0.014418046722569633,6,40.74420845769905,58.636031139836525,1.4788491333662672,5.0,0.598277473175381,-0.13907955586910248,0.23931099474430084,0.0,0,0,0,6.020069122314453e-05,-0.001129642128944397,0.0
600,30.0,40.819183349609375,55.85932922363281,1.4822318394798755,4.402437458089852,-0.31806268606887184,-0.014418046722565414,6,40.808907354480176,58.85387524117621,1.46781379275731,5.0,0.5975625419101478,-0.13906432688236237,0.23902501165866852,0.0,0,0,0,1.5228986740112305e-05,-0.0002859830856323242,0.0
601,30.05,40.85342025756836,56.07666015625,1.47123657944532,4.407437305568192,-0.3180626860688826,-0.014418046722566746,6,40.87607003231552,59.071138146645794,1.4568185327227532,5.0,0.5925626944318081,-0.1389579176902771,0.23702508211135864,0.0,0,0,0,0.00010640919208526611,-0.0019999295473098755,0.0
602,30.1,40.89008331298828,56.29372024536133,1.4601656856358058,4.408406743062386,-0.3180626860688687,-0.014418046722567412,6,40.945882570367544,59.287763980869684,1.4457476389132384,5.0,0.5915932569376139,-0.138937309384346,0.23663730919361115,0.0,0,0,0,2.060830593109131e-05,-0.00038777291774749756,0.0
603,30.150000000000002,40.929195404052734,56.51050567626953,1.4491615040115986,4.413020144374337,-0.3180626860688892,-0.014418046722568079,6,41.017937619167796,59.503754123444835,1.4347434572890305,5.0,0.5869798556256631,-0.13883933424949646,0.23479194939136505,0.0,0,0,0,9.797513484954834e-05,-0.0018453598022460938,0.0
604,30.200000000000003,40.97068786621094,56.72696304321289,1.438086748618504,4.413317422805955,-0.3180626860688689,-0.014418046722566968,6,41.092573456011436,59.719045152758,1.423668701895937,5.0,0.5866825771940452,-0.13883303105831146,0.23467303812503815,0.0,0,0,0,6.303191184997559e-06,-0.0001189112663269043,0.0
605,30.25,41.014610290527344,56.94306182861328,1.4270804364654246,4.417125299523918,-0.31806268606887783,-0.014418046722567412,6,41.16941962266127,59.93362122744574,1.4126623897428572,5.0,0.5828747004760819,-0.1387522965669632,0.23314988613128662,0.0,0,0,0,8.07344913482666e-05,-0.0015231519937515259,0.0
606,30.3,41.0609016418457,57.15872573852539,1.4160052815981665,4.416633179236104,-0.023291497877104272,0.09319971910647618,6,41.22194412123901,60.148513947699364,1.5092050007046427,5.0,0.5833668207638958,0.032676272094249725,0.23334673047065735,0.0,0,0,0,0.17142856866121292,0.00019684433937072754,0.0
607,30.35,41.10300827026367,57.37526321411133,1.4107482016063502,4.409058399312935,-0.3180626860688749,-0.014418046722566524,6,41.306637302888916,60.36289549810028,1.3963301548837836,5.0,0.5909416006870654,-0.1387522965669632,0.23637664318084717,0.0,0,0,0,-0.17142856866121292,0.0030299127101898193,0.0
608,30.400000000000002,41.14319610595703,57.59186935424805,1.4070803629950386,4.401870209901063,-0.3180626860688843,-0.014418046722568079,6,41.35778189734659,60.57873466513748,1.3926623162724705,5.0,0.5981297900989366,-0.13907641172409058,0.23925191164016724,0.0,0,0,0,-0.00032411515712738037,0.0028752684593200684,0.0
609,30.450000000000003,41.19061279296875,57.80634689331055,1.3978631624622742,4.396089378794352,-0.31806268606888094,-0.014418046722567635,6,41.432719615882135,60.79110747559511,1.3834451157397065,5.0,0.6039106212056478,-0.13919970393180847,0.24156424403190613,0.0,0,0,0,-0.0001232922077178955,0.0023123323917388916,0.0
610,30.5,41.24222946166992,58.01976776123047,1.3870842842662876,4.396578621667714,-0.31806268606889,-0.014418046722569411,6,41.51649396800118,61.00174536473922,1.3726662375437182,5.0,0.6034213783322864,-0.13918925821781158,0.24136854708194733,0.0,0,0,0,1.0445713996887207e-05,-0.00019569694995880127,0.0
611,30.55,41.29674530029297,58.23263168334961,1.3761308358608462,4.4021061668772665,-0.3180626860688814,-0.014418046722567857,6,41.60365563862184,61.211426320696695,1.3617127891382783,5.0,0.5978938331227335,-0.13907139003276825,0.2391575276851654,0.0,0,0,0,0.00011786818504333496,-0.0022110193967819214,0.0
612,30.6,41.35375213623047,58.44501495361328,1.3650671325862755,4.403907435781526,-0.31806268606887705,-0.014418046722566746,6,41.69359951863424,61.42023178670868,1.3506490858637088,5.0,0.5960925642184742,-0.1390330195426941,0.23843702673912048,0.0,0,0,0,3.8370490074157715e-05,-0.0007205009460449219,0.0
613,30.650000000000002,41.41322326660156,58.65692138671875,1.3540652146489947,4.409392411758919,-0.318062686068886,-0.014418046722567857,6,41.785782512375434,61.62821926065352,1.3396471679264268,5.0,0.5906075882410811,-0.13891637325286865,0.23624303936958313,0.0,0,0,0,0.00011664628982543945,-0.0021939873695373535,0.0
614,30.700000000000003,41.47504425048828,58.868309020996094,1.342991524520336,4.4104884193950085,-0.3180626860688686,-0.014418046722566302,6,41.880483213127725,61.83529919537058,1.3285734777977698,5.0,0.5895115806049915,-0.13889308273792267,0.23580463230609894,0.0,0,0,0,2.3290514945983887e-05,-0.0004384070634841919,0.0
615,30.75,41.53926086425781,59.079139709472656,1.3319857449994748,4.41499909279662,-0.31806268606888266,-0.014418046722566968,6,41.97732865279383,62.04148811232943,1.3175676982769078,5.0,0.5850009072033799,-0.13879737257957458,0.23400036990642548,0.0,0,0,0,9.57101583480835e-05,-0.001804262399673462,0.0
616,30.8,41.605796813964844,59.28935241699219,1.3209108564483256,4.415085997392758,-0.31806268606887933,-0.014418046722569411,6,42.07664474533151,62.246667698254676,1.3064928097257562,5.0,0.5849140026072419,-0.13879552483558655,0.23396560549736023,0.0,0,0,0,1.8477439880371094e-06,-3.476440906524658e-05,0.0
617,30.85,41.67470169067383,59.4989128112793,1.3099037453469191,4.418622972105179,-0.3180626860688841,-0.014418046722568079,6,42.178071939748484,62.450866374533206,1.295485698624351,5.0,0.5813770278948214,-0.1387205719947815,0.23255081474781036,0.0,0,0,0,7.495284080505371e-05,-0.0014147907495498657,0.0
618,30.900000000000002,41.74590301513672,59.70775604248047,1.298828590479661,4.417856383580451,-0.3180626860688691,-0.014418046722565414,6,42.28193506758965,62.653953776171136,1.2844105437570956,5.0,0.5821436164195486,-0.1387368142604828,0.23285745084285736,0.0,0,0,0,-1.6242265701293945e-05,0.00030663609504699707,0.0
619,30.950000000000003,41.81945037841797,59.91585159301758,1.2878217456943637,4.420662587312252,-0.3180626860688671,-0.014418046722566302,6,42.387877647267544,62.855970959180986,1.2734036989717974,5.0,0.5793374126877477,-0.13867740333080292,0.231734961271286,0.0,0,0,0,5.9410929679870605e-05,-0.00112248957157135,0.0
620,31.0,41.895263671875,60.12314987182617,1.2767463245109967,4.4193080228066135,-0.3180626860688819,-0.014418046722569411,6,42.49621847261777,63.05679347232115,1.2623282777884273,5.0,0.5806919771933865,-0.13870607316493988,0.2322767972946167,0.0,0,0,0,-2.866983413696289e-05,0.0005418360233306885,0.0
621,31.05,41.97340393066406,60.32963180541992,1.2657390802515356,4.42164845991964,-0.3180626860688789,-0.014418046722568079,6,42.60661300572326,63.256482965715506,1.2513210335289675,5.0,0.5783515400803596,-0.13865655660629272,0.23134061694145203,0.0,0,0,0,4.951655864715576e-05,-0.0009361803531646729,0.0
622,31.1,42.05378341674805,60.53524398803711,1.25466459117455,4.419943407077489,-0.318062686068874,-0.01441804672256608,6,42.71936638111551,63.45490334570278,1.240246544451984,5.0,0.580056592922511,-0.13869263231754303,0.23202264308929443,0.0,0,0,0,-3.6075711250305176e-05,0.0006820261478424072,0.0
623,31.150000000000002,42.1364631652832,60.73997116088867,1.2436581458634162,4.422025733613255,-0.31806268606889,-0.014418046722568079,6,42.83414023731998,63.65212811929855,1.229240099140848,5.0,0.5779742663867449,-0.13864856958389282,0.23118971288204193,0.0,0,0,0,4.406273365020752e-05,-0.0008329302072525024,0.0
624,31.200000000000003,42.221370697021484,60.943763732910156,1.232584322576703,4.420139714188162,-0.31806268606887833,-0.014418046722567857,6,42.95125304401556,63.84801634017546,1.2181662758541352,5.0,0.5798602858118382,-0.13868847489356995,0.23194411396980286,0.0,0,0,0,-3.9905309677124023e-05,0.0007544010877609253,0.0
625,31.25,42.30855941772461,61.14662551879883,1.2215778772655692,4.422099452289089,-0.31806268606887456,-0.014418046722567857,6,43.07036240762263,64.04266896665028,1.2071598305430014,5.0,0.5779005477109109,-0.13864700496196747,0.2311602234840393,0.0,0,0,0,4.146993160247803e-05,-0.0007838904857635498,0.0
626,31.3,42.39794921875,61.34850311279297,1.210503255030529,4.420134312383679,-0.31806268606888,-0.01441804672256608,6,43.19177742416446,64.23593245869036,1.196085208307963,5.0,0.5798656876163211,-0.1386885792016983,0.23194627463817596,0.0,0,0,0,-4.157423973083496e-05,0.0007860511541366577,0.0
627,31.35,42.489593505859375,61.54938507080078,1.1994972091935587,4.422049691334695,-0.31806268606888444,-0.014418046722567857,6,43.315152170496354,64.42790280368062,1.1850791624709909,5.0,0.5779503086653053,-0.13864806294441223,0.2311801165342331,0.0,0,0,0,4.051625728607178e-05,-0.0007661581039428711,0.0
628,31.400000000000002,42.58341598510742,61.74923324584961,1.1884225869585188,4.420061800572211,-0.318062686068876,-0.014418046722565858,6,43.44080186886619,64.6184318959246,1.174004540235953,5.0,0.5799381994277892,-0.13869011402130127,0.23197528719902039,0.0,0,0,0,-4.2051076889038086e-05,0.0007951706647872925,0.0
629,31.450000000000003,42.67947006225586,61.948036193847656,1.1774165411215483,4.421968693356795,-0.31806268606887556,-0.014418046722566968,6,43.56838191198542,64.80762483046504,1.1629984943989813,5.0,0.5780313066432052,-0.13864977657794952,0.2312125265598297,0.0,0,0,0,4.0337443351745605e-05,-0.0007627606391906738,0.0
630,31.5,42.77768325805664,62.1457633972168,1.1663421852026172,4.419983051872182,-0.3180626860688702,-0.014418046722565858,6,43.69820805470905,64.99533275871845,1.1519241384800514,5.0,0.5800169481278177,-0.13869178295135498,0.23200677335262299,0.0,0,0,0,-4.200637340545654e-05,0.0007942467927932739,0.0
631,31.55,42.87810516357422,62.34239196777344,1.1553356067334286,4.421898091019232,-0.318062686068875,-0.01441804672256608,6,43.82993757792766,65.18165710196698,1.1409175600108625,5.0,0.5781019089807682,-0.1386512666940689,0.23124076426029205,0.0,0,0,0,4.051625728607178e-05,-0.0007660090923309326,0.0
632,31.6,42.98065948486328,62.53788757324219,1.1442621829208792,4.419921012050138,-0.3180626860688781,-0.014418046722568079,6,43.96387328623808,65.36643880453481,1.1298441361983111,5.0,0.5800789879498618,-0.13869309425354004,0.23203159868717194,0.0,0,0,0,-4.182755947113037e-05,0.0007908344268798828,0.0
633,31.650000000000002,43.08539581298828,62.73225784301758,1.1332561370839087,4.421846514318272,-0.31806268606887966,-0.014418046722568079,6,44.0996806011289,65.54981668283041,1.1188380903613406,5.0,0.5781534856817281,-0.13865235447883606,0.23126138746738434,0.0,0,0,0,4.073977470397949e-05,-0.0007702112197875977,0.0
634,31.700000000000003,43.19224166870117,62.92545700073242,1.1221813816908142,4.419880114579883,-0.3180626860688802,-0.01441804672256608,6,44.237667393460164,65.73161032891552,1.107763334968248,5.0,0.5801198854201166,-0.13869395852088928,0.23204796016216278,0.0,0,0,0,-4.1604042053222656e-05,0.0007865726947784424,0.0
635,31.75,43.301239013671875,63.11746597290039,1.1111750029587075,4.421815912623026,-0.31806268606886845,-0.014418046722565636,6,44.377486380171305,65.91194321441873,1.0967569562361419,5.0,0.5781840873769744,-0.1386530101299286,0.23127363622188568,0.0,0,0,0,4.094839096069336e-05,-0.0007743239402770996,0.0
636,31.8,43.41231918334961,63.308250427246094,1.1001007136188037,4.419857677354152,-0.31806268606887556,-0.014418046722564304,6,44.519446772074424,66.09063788221086,1.0856826668962394,5.0,0.5801423226458482,-0.13869443535804749,0.23205693066120148,0.0,0,0,0,-4.1425228118896484e-05,0.0007832944393157959,0.0
637,31.85,43.525535583496094,63.497802734375,1.089094334886697,4.421799131322625,-0.31806268606886756,-0.014418046722562972,6,44.66321950578534,66.26783644179184,1.074676288164134,5.0,0.5782008686773752,-0.13865336775779724,0.2312803417444229,0.0,0,0,0,4.106760025024414e-05,-0.0007765889167785645,0.0
638,31.900000000000002,43.64080047607422,63.68608856201172,1.07801964607263,4.419846274807741,-0.31806268606886956,-0.01441804672256719,6,44.809091265561214,66.44335316274571,1.0636015993500627,5.0,0.5801537251922593,-0.13869468867778778,0.2320614904165268,0.0,0,0,0,-4.132091999053955e-05,0.0007811486721038818,0.0
639,31.950000000000003,43.7581672668457,63.87309265136719,1.0670134670776048,4.421791195370383,-0.31806268606887045,-0.014418046722563194,6,44.95673363107595,66.61733209387158,1.0525954203550416,5.0,0.5782088046296172,-0.13865353167057037,0.2312835156917572,0.0,0,0,0,4.1157007217407227e-05,-0.0007779747247695923,0.0
640,32.0,43.877567291259766,64.05879211425781,1.055938911421592,4.419841633414628,-0.31806268606887,-0.014418046722565858,6,45.10645076790328,66.7895899551998,1.0415208646990262,5.0,0.5801583665853718,-0.13869477808475494,0.23206335306167603,0.0,0,0,0,-4.124641418457031e-05,0.0007798373699188232,0.0
641,32.050000000000004,43.99903869628906,64.24315643310547,1.0449327990055943,4.421789666896258,-0.25595362950755973,-0.09319971910647529,6,45.52479098749885,66.82566800198654,0.951733079899119,5.0,0.5782103331037423,-0.24520830810070038,0.23128412663936615,0.0,0,0,0,-0.10651353001594543,-0.0007792264223098755,0.0
642,32.1,44.12498092651367,64.42361450195312,1.0308651166004414,4.399153111656239,-0.5487961893406381,-0.200817484935514,6,45.70890743929046,66.96892096525637,0.8300476316649275,5.0,0.600846888343761,-0.4166368842124939,0.2403387576341629,0.0,0,0,0,-0.17142857611179352,0.009054630994796753,0.0
643,32.15,44.25897979736328,64.595458984375,1.01014705490017,4.358895562646092,-0.5487961893406483,-0.2008174849355172,6,45.89529642538486,67.10740565635484,0.8093295699646529,5.0,0.6411044373539081,-0.5289129614830017,0.25644177198410034,0.0,0,0,0,-0.11227607727050781,0.01610301434993744,0.0
644,32.2,44.4022216796875,64.75493621826172,0.9815556903322157,4.296754047461001,-0.5487961893406608,-0.20081748493551732,6,46.10967973496668,67.21907809312866,0.7807382053966984,5.0,0.7032459525389987,-0.5312376022338867,0.28129836916923523,0.0,0,0,0,-0.0023246407508850098,0.024856597185134888,0.0
645,32.25,44.5544319152832,64.90061950683594,0.9462371808507211,4.258245529816352,-0.31806268606888155,-0.01441804672256608,6,46.07490106710945,67.48046155735099,0.931819134128155,5.0,0.7417544701836478,-0.3598090410232544,0.2967017889022827,0.0,0,0,0,0.17142856121063232,0.015403419733047485,0.0
646,32.300000000000004,44.71173095703125,65.04257202148438,0.9133111221344992,4.309057656284783,-0.3180626860688742,-0.014418046722567746,6,46.316304677081526,67.57096175097327,0.8988930754119314,5.0,0.6909423437152169,-0.18838046491146088,0.2763769328594208,0.0,0,0,0,0.17142857611179352,-0.02032485604286194,0.0
647,32.35,44.86797332763672,65.19100189208984,0.8903936222689586,4.351611923622966,-0.31806268606887644,-0.014418046722566191,6,46.530064994844,67.6819580813997,0.8759755755463924,5.0,0.6483880763770342,-0.14015720784664154,0.25935521721839905,0.0,0,0,0,0.048223257064819336,-0.01702171564102173,0.0
648,32.4,45.02067184448242,65.34646606445312,0.8763481772589079,4.378690094529885,-0.3180626860688758,-0.014418046722566524,6,46.71758500807598,67.81383250713728,0.8619301305363414,5.0,0.621309905470115,-0.1395723968744278,0.24852396547794342,0.0,0,0,0,0.0005848109722137451,-0.010831251740455627,0.0
649,32.45,45.1732177734375,65.5038070678711,0.8648283410686338,4.3947246440938,-0.3180626860688789,-0.014418046722567412,6,46.89844137104341,67.95146206511328,0.8504102943460664,5.0,0.6052753559062003,-0.13922885060310364,0.24211014807224274,0.0,0,0,0,0.0003435462713241577,-0.006413817405700684,0.0
650,32.5,45.32725143432617,65.66071319580078,0.8536908016528407,4.407742364130405,-0.3180626860688742,-0.014418046722568079,6,47.07962832096079,68.08900203662051,0.8392727549302726,5.0,0.5922576358695952,-0.13895143568515778,0.23690305650234222,0.0,0,0,0,0.0002774149179458618,-0.005207091569900513,0.0
651,32.550000000000004,45.48308563232422,65.81646728515625,0.8426318254892049,4.414179305074292,-0.3180626860688862,-0.01441804672256708,6,47.26220920239482,68.22522853726907,0.8282137787666378,5.0,0.5858206949257081,-0.1388147473335266,0.2343282848596573,0.0,0,0,0,0.00013668835163116455,-0.0025747716426849365,0.0
652,32.6,45.640785217285156,65.97078704833984,0.8315733153787599,4.420448942444407,-0.5487961893406677,-0.20081748493551688,6,47.69726867300387,68.15213616903688,0.630755830443243,5.0,0.5795510575555927,-0.3102433383464813,0.23182041943073273,0.0,0,0,0,-0.1714285910129547,-0.0025078654289245605,0.0
653,32.65,45.80219650268555,66.12039947509766,0.8174519036986148,4.399712486172933,-0.5487961893406772,-0.20081748493552243,6,47.88927762091819,68.27249161901884,0.6166344187630923,5.0,0.6002875138270669,-0.48167189955711365,0.2401150017976761,0.0,0,0,0,-0.17142856121063232,0.00829458236694336,0.0
654,32.7,45.97001266479492,66.25895690917969,0.795831163546861,4.35186066608627,-0.5487961893406208,-0.20081748493552254,6,48.10313219231215,68.36542534505409,0.5950136786113385,5.0,0.64813933391373,-0.5291734337806702,0.2592557370662689,0.0,0,0,0,-0.04750153422355652,0.019140735268592834,0.0
655,32.75,46.14435958862305,66.38285064697266,0.7661775305991012,4.290450180879189,-0.5487961893406552,-0.20081748493552787,6,48.33899660604731,68.4251475283691,0.5653600456635733,5.0,0.7095498191208112,-0.5314764380455017,0.28381991386413574,0.0,0,0,0,-0.002303004264831543,0.02456417679786682,0.0
656,32.800000000000004,46.324485778808594,66.49163055419922,0.7301763197721648,4.257665243438815,-0.31806268606887644,-0.014418046722567635,6,48.36267948009136,68.68552614955287,0.7157582730495972,5.0,0.7423347565611849,-0.3600478768348694,0.2969338893890381,0.0,0,0,0,0.17142856121063232,0.013113975524902344,0.0
657,32.85,46.50877380371094,66.59630584716797,0.6971345467065789,4.310785817518397,-0.3180626860688722,-0.014418046722568856,6,48.61833200910285,68.72167066886907,0.6827164999840101,5.0,0.6892141824816029,-0.18861928582191467,0.2756856679916382,0.0,0,0,0,0.1714285910129547,-0.021248221397399902,0.0
658,32.9,46.693382263183594,66.70772552490234,0.6741187096177871,4.354229491002151,-0.318062686068878,-0.014418046722568079,6,48.851294478227736,68.78397847659782,0.659700662895219,5.0,0.6457705089978489,-0.1401004195213318,0.25830820202827454,0.0,0,0,0,0.048518866300582886,-0.017377465963363647,0.0
659,32.95,46.87602615356445,66.82683563232422,0.6600775922445078,4.3801831376711045,-0.31806268606888555,-0.014418046722566746,6,49.062877606164946,68.87258541456056,0.645659545521941,5.0,0.6198168623288955,-0.13954032957553864,0.2479267418384552,0.0,0,0,0,0.0005600899457931519,-0.010381460189819336,0.0
660,33.0,47.05891036987305,66.9478530883789,0.6485333215512323,4.398943807470573,-0.31806268606888133,-0.014418046722565414,6,49.269232267735724,68.96822150901156,0.6341152748286669,5.0,0.6010561925294269,-0.13913878798484802,0.24042247235774994,0.0,0,0,0,0.0004015415906906128,-0.007504269480705261,0.0
661,33.050000000000004,47.24311447143555,67.06812286376953,0.6374089647828352,4.408779826254913,-0.3180626860688738,-0.01441804672256819,6,49.475774441149184,69.0637783718418,0.622990918060267,5.0,0.5912201737450866,-0.13892938196659088,0.23648807406425476,0.0,0,0,0,0.0002094060182571411,-0.003934398293495178,0.0
662,33.1,47.42884063720703,67.1868667602539,0.6263374051830487,4.4174869289707095,-0.25595362950757683,-0.09319971910647673,6,49.87259356926683,68.92622229164638,0.533137686076572,5.0,0.5825130710292905,-0.24528172612190247,0.23300522565841675,0.0,0,0,0,-0.10635234415531158,-0.0034828484058380127,0.0
663,33.15,47.61726760864258,67.30044555664062,0.6122931585954886,4.400532632061274,-0.5487961893406663,-0.20081748493552437,6,50.0990095933319,68.98221989091999,0.41147567365996424,5.0,0.5994673679387263,-0.4167102873325348,0.23978695273399353,0.0,0,0,0,-0.17142856121063232,0.006781727075576782,0.0
664,33.2,47.80965042114258,67.40301513671875,0.5915289576293316,4.3605972512189854,-0.5487961893406875,-0.20081748493551932,6,50.32577561194763,69.03289924738637,0.39071147269381223,5.0,0.6394027487810146,-0.5288500785827637,0.2557610869407654,0.0,0,0,0,-0.11213979125022888,0.01597413420677185,0.0
665,33.25,48.00554656982422,67.4906005859375,0.5629696841525126,4.302688169057773,-0.2559536295075562,-0.09319971910647729,6,50.554539984942174,69.07171368348043,0.4697699650460353,5.0,0.697311830942227,-0.35742148756980896,0.27892473340034485,0.0,0,0,0,0.1714285910129547,0.023163646459579468,0.0
666,33.300000000000004,48.20442199707031,67.56903076171875,0.5329854863344466,4.328652799364281,-0.318062686068874,-0.014418046722565636,6,50.63293503559497,69.32109693312229,0.518567439611881,5.0,0.6713472006357186,-0.18599289655685425,0.2685388922691345,0.0,0,0,0,0.1714285910129547,-0.010385841131210327,0.0
667,33.35,48.40472412109375,67.65087127685547,0.5108234586911342,4.364307551922568,-0.3180626860688893,-0.014418046722565525,6,50.87146695575869,69.34869082995588,0.4964054119685687,5.0,0.6356924480774317,-0.13988229632377625,0.25427699089050293,0.0,0,0,0,0.046110600233078,-0.014261901378631592,0.0
668,33.4,48.60438919067383,67.73946380615234,0.4969810131351749,4.386976908013259,-0.31806268606888244,-0.014418046722567135,6,51.09439692293263,69.40297603651084,0.48256296641260776,5.0,0.613023091986741,-0.1393945962190628,0.2452092319726944,0.0,0,0,0,0.00048770010471343994,-0.009067758917808533,0.0
669,33.45,48.80455780029297,67.82941436767578,0.4854966968559398,4.39929906652301,-0.318062686068868,-0.014418046722566247,6,51.313505212041434,69.46422149157193,0.4710786501333736,5.0,0.6007009334769897,-0.13913121819496155,0.2402803748846054,0.0,0,0,0,0.0002633780241012573,-0.004928857088088989,0.0
670,33.5,49.00585174560547,67.91824340820312,0.47436847850396197,4.409789509834003,-0.31806268606887733,-0.014418046722566746,6,51.53283592354685,69.52502976976301,0.4599504317813952,5.0,0.5902104901659966,-0.13890792429447174,0.2360841929912567,0.0,0,0,0,0.00022329390048980713,-0.004196181893348694,0.0
671,33.550000000000004,49.20832824707031,68.00525665283203,0.4633136302400158,4.414614113436034,-0.25595362950753886,-0.09319971910647817,6,51.90198150040993,69.3249225985582,0.37011391113353764,5.0,0.5853858865639658,-0.245330810546875,0.2341543585062027,0.0,0,0,0,-0.10642288625240326,-0.0019298344850540161,0.0
672,33.6,49.41260528564453,68.08670806884766,0.44925523560916464,4.398460664233725,-0.25595362950758316,-0.09319971910647773,6,52.124544132169454,69.36837641527957,0.3560555165026869,5.0,0.601539335766275,-0.24560777842998505,0.24061574041843414,0.0,0,0,0,-0.0002769678831100464,0.006461381912231445,0.0
673,33.65,49.61897659301758,68.16001892089844,0.43126644797303365,4.392369412861191,-0.3180626860688849,-0.014418046722565692,6,52.212848150725264,69.65642855377843,0.41684840125046796,5.0,0.607630587138809,-0.13927918672561646,0.24305222928524017,0.0,0,0,0,0.10632859170436859,0.0024364888668060303,0.0
674,33.7,49.82609939575195,68.23307800292969,0.416644595034549,4.407805965258691,-0.25595362950758693,-0.09319971910647795,6,52.57838497727344,69.4256425233165,0.32344487592807103,5.0,0.5921940347413086,-0.2454473376274109,0.23687762022018433,0.0,0,0,0,-0.10616815090179443,-0.006174609065055847,0.0
675,33.75,50.03410720825195,68.3035659790039,0.4019772353309376,4.395268955991322,-0.2559536295075576,-0.09319971910647745,6,52.80358788912507,69.4556349074136,0.30877751622446015,5.0,0.6047310440086777,-0.24566268920898438,0.24189241230487823,0.0,0,0,0,-0.00021535158157348633,0.005014792084693909,0.0
676,33.800000000000004,50.24373245239258,68.36660766601562,0.3838383119883534,4.392118144162906,-0.2559536295075585,-0.09319971910647856,6,53.033653681800025,69.46825442938314,0.2906385928818748,5.0,0.6078818558370944,-0.24571697413921356,0.24315273761749268,0.0,0,0,0,-5.428493022918701e-05,0.001260325312614441,0.0
677,33.85,50.454769134521484,68.42462921142578,0.36499288529808477,4.39347030182391,-0.25595362950758294,-0.09319971910647606,6,53.26495473264004,69.47350621168059,0.2717931661916087,5.0,0.6065296981760904,-0.24569366872310638,0.24261188507080078,0.0,0,0,0,2.3305416107177734e-05,-0.0005408525466918945,0.0
678,33.9,50.6671028137207,68.4783706665039,0.34599455987173205,4.398319078120208,-0.25595362950757194,-0.09319971910647723,6,53.49670698588059,69.47367277462577,0.2527948407652548,5.0,0.601680921879792,-0.24561020731925964,0.24067236483097076,0.0,0,0,0,8.346140384674072e-05,-0.001939520239830017,0.0
679,33.95,50.8806037902832,68.52803802490234,0.3269870798291321,4.400916509031291,-0.31806268606886645,-0.01441804672256597,6,53.61614699661511,69.74632157709874,0.31256903310656614,5.0,0.5990834909687086,-0.13909673690795898,0.23963339626789093,0.0,0,0,0,0.10651347041130066,-0.001038968563079834,0.0
680,34.0,51.09473419189453,68.57866668701172,0.3121622940155834,4.416226428554118,-0.31806268606888055,-0.014418046722565026,6,53.84803693389925,69.75626401128272,0.29774424729301835,5.0,0.5837735714458816,-0.13877135515213013,0.23350942134857178,0.0,0,0,0,0.0003253817558288574,-0.006123974919319153,0.0
681,34.050000000000004,51.3091926574707,68.6306381225586,0.3005117964843274,4.420891776445016,-0.2559536295075868,-0.09319971910647695,6,54.18112404287269,69.49625707745705,0.20731207737785046,5.0,0.579108223554984,-0.24522361159324646,0.23164328932762146,0.0,0,0,0,-0.10645225644111633,-0.0018661320209503174,0.0
682,34.1,51.52432632446289,68.67761993408203,0.2863406835603386,4.40398789546912,-0.25595362950756306,-0.09319971910647684,6,54.408235716819334,69.50245487163909,0.19314096445386175,5.0,0.5960121045308799,-0.24551281332969666,0.23840484023094177,0.0,0,0,0,-0.0002892017364501953,0.0067615509033203125,0.0
683,34.15,51.74010467529297,68.71642303466797,0.2683209699660491,4.3965669090906605,-0.31806268606888843,-0.014418046722565525,6,54.54237272118606,69.77221905958349,0.25390292324348357,5.0,0.6034330909093395,-0.13918951153755188,0.2413732409477234,0.0,0,0,0,0.10632330179214478,0.002968400716781616,0.0
684,34.2,51.95650863647461,68.75492858886719,0.25368989583229,4.41070094686805,-0.3180626860688641,-0.014418046722567468,6,54.773923628079764,69.7696128808218,0.23927184910972255,5.0,0.58929905313195,-0.13888856768608093,0.23571962118148804,0.0,0,0,0,0.00030094385147094727,-0.0056536197662353516,0.0
685,34.25,52.1733283996582,68.79437255859375,0.24207774782073113,4.414968615769336,-0.31806268606888366,-0.014418046722568856,6,55.00233583987314,69.77627293565317,0.22765970109816228,5.0,0.585031384230664,-0.13879801332950592,0.23401255905628204,0.0,0,0,0,9.055435657501221e-05,-0.0017070621252059937,0.0
686,34.300000000000004,52.39065933227539,68.832275390625,0.23093516504362369,4.419154663515263,-0.3180626860688709,-0.014418046722567274,6,55.23043183338852,69.7825930160443,0.2165171183210564,5.0,0.580845336484737,-0.13870932161808014,0.23233813047409058,0.0,0,0,0,8.869171142578125e-05,-0.0016744285821914673,0.0
687,34.35,52.60845184326172,68.86802673339844,0.21988276355892902,4.4195486615243045,-0.3180626860688831,-0.01441804672256708,6,55.45855397721015,69.78690064929958,0.20546471683636194,5.0,0.5804513384756955,-0.13870097696781158,0.23218053579330444,0.0,0,0,0,8.344650268554688e-06,-0.0001575946807861328,0.0
688,34.4,52.82668685913086,68.90144348144531,0.20883156049672488,4.42179063888191,-0.31806268606889354,-0.01441804672256633,6,55.686769410199645,69.78876487098397,0.19441351377415855,5.0,0.5782093611180903,-0.13865354657173157,0.2312837392091751,0.0,0,0,0,4.743039608001709e-05,-0.0008967965841293335,0.0
689,34.45,53.04530334472656,68.93248748779297,0.1977941060036483,4.421176109057905,-0.3180626860688692,-0.014418046722567412,6,55.91500525281517,69.78818743869486,0.1833760592810809,5.0,0.5788238909420951,-0.1386665403842926,0.23152956366539001,0.0,0,0,0,-1.2993812561035156e-05,0.0002458244562149048,0.0
690,34.5,53.26426696777344,68.96111297607422,0.18674681445929522,4.422559381373904,-0.318062686068872,-0.014418046722565303,6,56.14324673918121,69.78505892277569,0.17232876773672992,5.0,0.5774406186260963,-0.13863728940486908,0.23097625374794006,0.0,0,0,0,2.925097942352295e-05,-0.0005533099174499512,0.0
691,34.550000000000004,53.48353958129883,68.98733520507812,0.1757094431900027,4.421599744444531,-0.3180626860688758,-0.01441804672256708,6,56.37143800337066,69.77945524084033,0.16129139646743562,5.0,0.5784002555554686,-0.1386575847864151,0.23136010766029358,0.0,0,0,0,-2.0295381546020508e-05,0.0003838539123535156,0.0
692,34.6,53.70309829711914,69.01113891601562,0.16466433210879214,4.42246050626162,-0.318062686068877,-0.014418046722566608,6,56.59956944304673,69.7713141248128,0.15024628538622553,5.0,0.5775394937383798,-0.13863937556743622,0.23101580142974854,0.0,0,0,0,1.8209218978881836e-05,-0.00034430623054504395,0.0
693,34.65,53.92288589477539,69.03250885009766,0.15362662794436335,4.421503272470024,-0.31806268606889077,-0.014418046722567468,6,56.82757102132856,69.76066801047519,0.13920858122179589,5.0,0.5784967275299762,-0.13865962624549866,0.23139868676662445,0.0,0,0,0,-2.0250678062438965e-05,0.00038288533687591553,0.0
694,34.7,54.14289855957031,69.05144500732422,0.1425837139710521,4.422093753643918,-0.31806268606888344,-0.014418046722564165,6,57.055447416171134,69.74748423407381,0.12816566724848794,5.0,0.5779062463560818,-0.1386471390724182,0.23116250336170197,0.0,0,0,0,1.2487173080444336e-05,-0.00023618340492248535,0.0
695,34.75,54.363094329833984,69.06795501708984,0.1315461013527858,4.421210221123979,-0.3180626860688718,-0.014418046722567995,6,57.28314822729443,69.73180491216175,0.1171280546302178,5.0,0.578789778876021,-0.1386658251285553,0.23151591420173645,0.0,0,0,0,-1.868605613708496e-05,0.00035341084003448486,0.0
696,34.800000000000004,54.58345413208008,69.08204650878906,0.12050411948585607,4.421752906910452,-0.3180626860688715,-0.014418046722566483,6,57.51066008658077,69.71361340722234,0.10608607276328959,5.0,0.5782470930895478,-0.13865433633327484,0.23129883408546448,0.0,0,0,0,1.1488795280456543e-05,-0.00021708011627197266,0.0
697,34.85,54.80394744873047,69.09370422363281,0.10946666499277947,4.420937550830941,-0.023291497877086953,0.09319971910647727,6,57.73201322505845,69.71916327535533,0.20266638409925675,5.0,0.5790624491690588,0.03277423232793808,0.23162497580051422,0.0,0,0,0,0.17142856866121292,0.00032614171504974365,0.0
698,34.9,55.02410888671875,69.1096420288086,0.1041813222038946,4.411457449182112,-0.023291497877092837,0.09319971910647716,6,57.955439515702935,69.71961658521566,0.19738104131037176,5.0,0.5885425508178876,0.14411498606204987,0.23541702330112457,0.0,0,0,0,0.11134075373411179,0.0037920475006103516,0.0
699,34.95,55.24232482910156,69.13650512695312,0.1084372866524366,4.388329296999994,-0.02329149787709528,0.09319971910647684,6,58.17103288799841,69.75894976034434,0.20163700575891344,5.0,0.6116707030000059,0.14407870173454285,0.24466827511787415,0.0,0,0,0,-3.628432750701904e-05,0.009251251816749573,0.0
700,35.0,55.45838928222656,69.17230224609375,0.11838197957122643,4.383652679118441,-0.31806268606889604,-0.01441804672256708,6,58.38692891774412,69.79765578647199,0.10396393284865935,5.0,0.6163473208815589,-0.02734987810254097,0.2465389221906662,0.0,0,0,0,-0.17142857983708382,0.0018706470727920532,0.0
701,35.050000000000004,55.67489242553711,69.20587158203125,0.1237585189826897,4.381577252020149,1.6986412276764895e-14,0.0,6,58.65194747717626,69.57620011119127,0.1237585189826897,5.0,0.6184227479798512,6.200517072577289e-15,0.24736909568309784,0.0,0,0,0,0.02734987810254717,0.0008301734924316406,0.0
702,35.1,55.89231491088867,69.23432922363281,0.12425592257291085,4.387811147573175,4.829470157119431e-15,0.0,6,58.86918539151837,69.6061385047912,0.12425592257291085,5.0,0.6121888524268249,1.7608524306963525e-15,0.24487553536891937,0.0,0,0,0,-4.439664641880936e-15,-0.002493560314178467,0.0
703,35.15,56.11021041870117,69.26192474365234,0.1243560158180058,4.395566352282474,8.326672684688674e-16,0.0,6,59.0870436688213,69.63403198757436,0.1243560158180058,5.0,0.6044336477175261,3.0315888870404686e-16,0.24177345633506775,0.0,0,0,0,-1.4576935419923057e-15,-0.0031020790338516235,0.0
704,35.2,56.328460693359375,69.28933715820312,0.12433183930873493,4.4013531804299015,5.384581669432009e-15,0.0,6,59.30530293886375,69.66137243257973,0.12433183930873493,5.0,0.5986468195700985,1.95832704504126e-15,0.23945872485637665,0.0,0,0,0,1.655168156337213e-15,-0.002314731478691101,0.0
705,35.25,56.5469856262207,69.31668090820312,0.12436994747945827,4.406523704710829,3.0808688933348094e-14,0.0,6,59.5238136919798,69.68882962432204,0.12436994747945827,5.0,0.5934762952891708,1.1194145179489919e-14,0.23739051818847656,0.0,0,0,0,9.235818134448659e-15,-0.0020682066679000854,0.0
706,35.300000000000004,56.7657470703125,69.34405517578125,0.12433395319285018,4.410886252563207,-3.552713678800501e-15,0.0,6,59.742588529370764,69.71609674285656,0.12433395319285018,5.0,0.5891137474367927,-1.2898156087832232e-15,0.23564550280570984,0.0,0,0,0,-1.2483960788273142e-14,-0.0017450153827667236,0.0
707,35.35,56.98469543457031,69.37140655517578,0.12437003902562074,4.414430083371461,-2.5979218776228663e-14,0.0,6,59.9615234662606,69.74355554381194,0.12437003902562074,5.0,0.5855699166285389,-9.425603913093984e-15,0.2342279702425003,0.0,0,0,0,-8.13578830431076e-15,-0.0014175325632095337,0.0
708,35.4,57.20379638671875,69.39881134033203,0.12433416957468875,4.41721084446125,2.8144153674247718e-14,0.0,6,60.180637765273914,69.77085355154173,0.12433416957468875,5.0,0.5827891555387499,1.0205828830699495e-14,0.23311565816402435,0.0,0,0,0,1.963143274379348e-14,-0.0011123120784759521,0.0
709,35.45,57.42301559448242,69.42620086669922,0.12436994747945827,4.4193202727325716,-0.2559536295075411,-0.09319971910647894,6,60.402194364579046,69.77517065527987,0.031170228372979333,5.0,0.5806797272674284,-0.17142857611179352,0.23227189481258392,0.0,0,0,0,-0.17142857611180373,-0.0008437633514404297,0.0
710,35.5,57.642372131347656,69.44817352294922,0.119699678389084,4.400257793176042,-0.25595362950757916,-0.09319971910647828,6,60.62314818834594,69.78322598982902,0.026499959282605724,5.0,0.599742206823958,-0.245576873421669,0.23989687860012054,0.0,0,0,0,-0.07414829730987549,0.007624983787536621,0.0
711,35.550000000000004,57.86071014404297,69.45775604248047,0.10625149718775406,4.367216236946666,2.7255975254547593e-14,0.0,6,60.84379199833153,69.77591111569842,0.10625149718775406,5.0,0.6327837630533342,-0.07414830476045609,0.2531135082244873,0.0,0,0,0,0.17142856866121292,0.01321662962436676,0.0
712,35.6,58.0789680480957,69.46434783935547,0.09394461367157758,4.3788916769942325,-1.887379141862766e-14,0.0,6,61.06573939595581,69.74576730492583,0.09394461367157758,5.0,0.6211083230057675,-6.892903403003109e-15,0.2484433352947235,0.0,0,0,0,0.07414830476044919,-0.004670172929763794,0.0
713,35.65,58.29740524291992,69.47859191894531,0.09016235067955501,4.380513671596872,5.995204332975845e-15,0.0,6,61.28521962704888,69.74871264379274,0.09016235067955501,5.0,0.619486328403128,2.1888504497683068e-15,0.24779453873634338,0.0,0,0,0,9.081753852771416e-15,-0.000648796558380127,0.0
714,35.7,58.51594543457031,69.49678802490234,0.08955441758171717,4.389897399150343,-1.637578961322106e-14,0.0,6,61.50392348189604,69.76509230869141,0.08955441758171717,5.0,0.6101026008496566,-5.968395316678773e-15,0.24404104053974152,0.0,0,0,0,-8.15724576644708e-15,-0.0037534981966018677,0.0
715,35.75,58.734779357910156,69.5160140991211,0.08948683986905642,4.395539753077825,-2.6645352591003757e-14,0.0,6,61.72277552980299,69.78411646157576,0.08948683986905642,5.0,0.6044602469221747,-9.701131872374546e-15,0.24178409576416016,0.0,0,0,0,-3.732736555695773e-15,-0.00225694477558136,0.0
716,35.800000000000004,58.95395278930664,69.53556823730469,0.0894570956886316,4.404396759724635,2.609024107869118e-15,0.0,6,61.94195693436275,69.8035817241435,0.0894570956886316,5.0,0.5956032402753646,9.4834571104244e-16,0.2382412999868393,0.0,0,0,0,1.0649477583416986e-14,-0.003542795777320862,0.0
717,35.85,59.173397064208984,69.55520629882812,0.08947543821063951,4.407855283291165,-1.582067810090848e-14,0.0,6,62.16139629271916,69.82327459315366,0.08947543821063951,5.0,0.5921447167088347,-5.74692965877319e-15,0.23685789108276367,0.0,0,0,0,-6.69527536981563e-15,-0.0013834089040756226,0.0
718,35.9,59.39310073852539,69.57492065429688,0.08945157795174809,4.413676403343632,-0.25595362950758394,-0.0931997191064772,6,62.38264642785841,69.81967079000029,-0.003748141154729115,5.0,0.586323596656368,-0.17142857611179352,0.23452943563461304,0.0,0,0,0,-0.17142857611178777,-0.0023284554481506348,0.0
719,35.95,59.612972259521484,69.5906982421875,0.086106697556879,4.404166861894939,-0.2559536295075594,-0.09319971910647856,6,62.6033198834194,69.82544735461299,-0.007093021549599572,5.0,0.5958331381050614,-0.24550974369049072,0.23833325505256653,0.0,0,0,0,-0.0740811675786972,0.003803819417953491,0.0
720,36.0,59.83192825317383,69.59556579589844,0.07463598836633856,4.371739946124141,6.467049118441537e-15,0.0,6,62.823576335166145,69.81926593785568,0.07463598836633856,5.0,0.6282600538758594,-0.0740811750292778,0.251304030418396,0.0,0,0,0,0.17142856866121292,0.012970775365829468,0.0
721,36.050000000000004,60.05052947998047,69.59622192382812,0.06293861919989714,4.382523763093705,2.353672812205332e-14,0.0,6,63.0445895364986,69.78491314769042,0.06293861919989714,5.0,0.6174762369062954,8.590055885571504e-15,0.24699050188064575,0.0,0,0,0,0.07408117502928639,-0.004313528537750244,0.0
722,36.1,60.26950454711914,69.60396575927734,0.05924615467088068,4.385454789009083,2.1538326677728037e-14,0.0,6,63.26424092678028,69.78160026137104,0.05924615467088068,5.0,0.6145452109909169,7.85643302665803e-15,0.24581807851791382,0.0,0,0,0,-7.336228589134748e-16,-0.0011724233627319336,0.0
723,36.15,60.48867416381836,69.615478515625,0.058691555535060884,4.3915906546425125,3.722022690055837e-14,0.0,6,63.48350859885501,69.79145211227723,0.058691555535060884,5.0,0.6084093453574875,1.3561193997185111e-14,0.24336373805999756,0.0,0,0,0,5.704760970527082e-15,-0.0024543404579162598,0.0
724,36.2,60.70817184448242,69.62798309326172,0.05859097959201836,4.400527785708091,3.813616089587413e-14,0.0,6,63.703023963082316,69.80365548072686,0.05859097959201836,5.0,0.5994722142919091,1.3871920410588826e-14,0.23978888988494873,0.0,0,0,0,3.107264134037148e-16,-0.003574848175048828,0.0
725,36.25,60.92796325683594,69.64075469970703,0.05860379189357517,4.404978049547393,1.8318679906315083e-15,0.0,6,63.92281312442242,69.81646545810625,0.05860379189357517,5.0,0.5950219504526073,6.65788172393055e-16,0.2380087822675705,0.0,0,0,0,-1.3206132238195771e-14,-0.0017801076173782349,0.0
726,36.300000000000004,61.14801025390625,69.65364074707031,0.05857158428914202,4.410230791000421,3.469446951953614e-15,0.0,6,64.14286577916201,69.82925504843854,0.05857158428914202,5.0,0.589769208999579,1.2597382099800518e-15,0.2359076887369156,0.0,0,0,0,5.939500375869969e-16,-0.0021010935306549072,0.0
727,36.35,61.368255615234375,69.66654205322266,0.05860686285120716,4.413777673956457,1.5376588891058418e-14,0.0,6,64.36310494320644,69.84226200867809,0.05860686285120716,5.0,0.5862223260435426,5.579501738287116e-15,0.23448893427848816,0.0,0,0,0,4.319763528307064e-15,-0.0014187544584274292,0.0
728,36.4,61.58865737915039,69.67948150634766,0.05857085608103145,4.416616726784632,-1.3433698597964394e-14,0.0,6,64.58351303228912,69.85509362683777,0.05857085608103145,5.0,0.5833832732153681,-4.871955635687812e-15,0.23335330188274384,0.0,0,0,0,-1.0451457373974928e-14,-0.0011356323957443237,0.0
729,36.45,61.80917739868164,69.69239807128906,0.058606692242449826,4.418805783523757,2.0122792321330962e-14,0.0,6,64.80402675663302,69.86811751579697,0.058606692242449826,5.0,0.5811942164762431,7.294919639330103e-15,0.23247767984867096,0.0,0,0,0,1.2166875275017915e-14,-0.000875622034072876,0.0
730,36.5,62.02979278564453,69.7053451538086,0.05857090601530189,4.420438793248567,6.13398221105399e-15,0.0,6,65.02464843001418,69.88095742384462,0.05857090601530189,5.0,0.5795612067514329,2.2230227234758607e-15,0.23182448744773865,0.0,0,0,0,-5.0718969158542425e-15,-0.000653192400932312,0.0
731,36.550000000000004,62.2504768371582,69.71826934814453,0.05860660485747656,4.421616179507362,-4.171663015029026e-14,0.0,6,65.24532621046481,69.89398853094767,0.05860660485747656,5.0,0.5783838204926379,-1.5115282614962255e-14,0.2313535213470459,0.0,0,0,0,-1.7338305338438116e-14,-0.000470966100692749,0.0
732,36.6,62.4712028503418,69.73123168945312,0.0585709184988695,4.422431008832363,3.247402347028583e-14,0.0,6,65.46605849251918,69.90684399687561,0.0585709184988695,5.0,0.5775689911676372,1.1764620175399795e-14,0.23102760314941406,0.0,0,0,0,2.687990279036205e-14,-0.00032591819763183594,0.0
733,36.65,62.69196701049805,69.74417877197266,0.05860656740677373,4.422968075886342,2.8699265186560297e-14,0.0,6,65.68681639038546,69.9198978426165,0.05860656740677373,5.0,0.5770319241136583,1.039607920691639e-14,0.23081277310848236,0.0,0,0,0,-1.368540968483406e-15,-0.00021483004093170166,0.0
734,36.7,62.912742614746094,69.75714874267578,0.058570914337680295,4.4232987060931,-0.2559536295075997,-0.09319971910647828,6,65.90841982439257,69.9094777062422,-0.03462880476879798,5.0,0.5767012939068996,-0.17142857611179352,0.23068051040172577,0.0,0,0,0,-0.17142857611180393,-0.0001322627067565918,0.0
735,36.75,63.13322067260742,69.76464080810547,0.053953209389321466,4.403465573191468,-0.25595362950755673,-0.09319971910647787,6,66.12956935130903,69.90313504329079,-0.0392465097171564,5.0,0.5965344268085317,-0.24552178382873535,0.2386137694120407,0.0,0,0,0,-0.07409320771694183,0.007933259010314941,0.0
736,36.800000000000004,63.351810455322266,69.75987243652344,0.04046245506125309,4.367907827110023,1.2601031329495527e-14,0.0,6,66.34935497495678,69.88122668164505,0.04046245506125309,5.0,0.6320921728899771,-0.07409320771694183,0.2528368830680847,0.0,0,0,0,0.17142857611179352,0.014223113656044006,0.0
737,36.85,63.5700798034668,69.75210571289062,0.028191103939683142,4.379248852788374,-1.8055001937966608e-14,0.0,6,66.56888777490383,69.83666782287924,0.028191103939683142,5.0,0.6207511472116263,-6.593435328017825e-15,0.2483004629611969,0.0,0,0,0,0.07409320771693524,-0.004536420106887817,0.0
738,36.9,63.78902053833008,69.7519760131836,0.024380201562969214,4.3817527132351755,-1.2823075934420558e-14,0.0,6,66.78812899114989,69.8251093723623,0.024380201562969214,5.0,0.6182472867648245,-4.680629951144379e-15,0.24729891121387482,0.0,0,0,0,1.9128053768734457e-15,-0.0010015517473220825,0.0
739,36.95,64.0082778930664,69.7557601928711,0.0238023954749629,4.388118216086784,-3.755329380794592e-14,0.0,6,67.00742810214307,69.82716063681548,0.0238023954749629,5.0,0.6118817839132156,-1.3691365173486205e-14,0.24475271999835968,0.0,0,0,0,-9.010735222341826e-15,-0.0025461912155151367,0.0
740,37.0,64.22792053222656,69.76057434082031,0.0237022356508407,4.397749409999535,2.9282132274488504e-15,0.0,6,67.22707787771539,69.83167439004956,0.0237022356508407,5.0,0.6022505900004651,1.0656775619290529e-15,0.24090023338794708,0.0,0,0,0,1.4757042735415258e-14,-0.0038524866104125977,0.0
741,37.050000000000004,64.44788360595703,69.76565551757812,0.023706725573991005,4.4019698010751664,-3.57075480295066e-14,0.0,6,67.44704063218187,69.83676903279269,0.023706725573991005,5.0,0.5980301989248336,-1.2985052350858103e-14,0.23921208083629608,0.0,0,0,0,-1.4050729912787156e-14,-0.001688152551651001,0.0
742,37.1,64.66815948486328,69.7708511352539,0.023688638965119083,4.409758518270757,8.756884106730922e-15,0.0,6,67.6673177967999,69.84191040587672,0.023688638965119083,5.0,0.590241481729243,3.1798567634409728e-15,0.23609659075737,0.0,0,0,0,1.6164909114299076e-14,-0.0031154900789260864,0.0
743,37.15,64.88866424560547,69.77605438232422,0.023705622858852145,4.4119224198001685,2.7033930649622562e-14,0.0,6,67.88782135024644,69.84716459032282,0.023705622858852145,5.0,0.5880775801998315,9.812811472404131e-15,0.23523102700710297,0.0,0,0,0,6.632954708963158e-15,-0.0008655637502670288,0.0
744,37.2,65.10936737060547,69.78129577636719,0.023688102171711866,4.417506500710682,-6.7307270867900115e-15,0.0,6,68.1085257206858,69.8523534370616,0.023688102171711866,5.0,0.5824934992893178,-2.440610029274203e-15,0.23299740254878998,0.0,0,0,0,-1.2253421501678334e-14,-0.0022336244583129883,0.0
745,37.25,65.3302001953125,69.78652954101562,0.02370700437366762,4.4180557003707195,-2.055300374337321e-14,0.0,6,68.3293572017108,69.85764389239418,0.02370700437366762,5.0,0.5819442996292805,-7.451911266873057e-15,0.23277771472930908,0.0,0,0,0,-5.011301237598854e-15,-0.000219687819480896,0.0
746,37.300000000000004,65.55115509033203,69.79177856445312,0.023685118599053135,4.421540267051244,3.466671394392051e-14,0.0,6,68.55031365240472,69.86282727694032,0.023685118599053135,5.0,0.5784597329487564,1.256104629218744e-14,0.23138388991355896,0.0,0,0,0,2.0012957559060497e-14,-0.001393824815750122,0.0
747,37.35,65.77217102050781,69.79701232910156,0.023714565254449926,4.421896949520117,2.2690183065776637e-14,0.0,6,68.77132748913326,69.86814935674661,0.023714565254449926,5.0,0.578103050479883,8.220960431772496e-15,0.23124122619628906,0.0,0,0,0,-4.340085860414945e-15,-0.00014266371726989746,0.0
748,37.4,65.99321746826172,69.80227661132812,0.023679711133683515,4.4224428361463906,9.492406860545088e-15,0.0,6,68.99237641448401,69.87330910596825,0.023679711133683515,5.0,0.5775571638536094,3.438881344535469e-15,0.23102286458015442,0.0,0,0,0,-4.7820790872370265e-15,-0.00021836161613464355,0.0
749,37.45,66.21428680419922,69.80751037597656,0.023715303865533503,4.422760549083808,1.0505485370515544e-14,0.0,6,69.21344322028125,69.87864961883182,0.023715303865533503,5.0,0.577239450916192,3.805673715750893e-15,0.2308957874774933,0.0,0,0,0,3.667923712154242e-16,-0.0001270771026611328,0.0
750,37.5,66.43537139892578,69.8127670288086,0.023679634151683254,4.422977595972602,9.811595980124821e-15,0.0,6,69.43453035061628,69.88379929256746,0.023679634151683254,5.0,0.5770224040273977,3.5541659167885684e-15,0.23080895841121674,0.0,0,0,0,-2.515077989623249e-16,-8.682906627655029e-05,0.0
751,37.550000000000004,66.6564712524414,69.81800079345703,0.023715285140182087,4.423119029166602,-2.9753977059954195e-14,0.0,6,69.65562766985553,69.88913998015207,0.023715285140182087,5.0,0.5768809708333977,-1.0777839497342744e-14,0.2307523936033249,0.0,0,0,0,-1.4332005414131313e-14,-5.65648078918457e-05,0.0
752,37.6,66.87755584716797,69.82325744628906,0.02367963207108865,4.423204594446189,1.9109713811360507e-14,0.0,6,69.87671479900627,69.89428970380789,0.02367963207108865,5.0,0.5767954055538107,6.922038795289815e-15,0.23071816563606262,0.0,0,0,0,1.769987829263256e-14,-3.4227967262268066e-05,0.0
753,37.65,67.09864807128906,69.82849884033203,0.023715280978992885,4.4232507660602165,-7.216449660063518e-16,0.0,6,70.09780448899922,69.89963801454698,0.023715280978992885,5.0,0.5767492339397835,-2.613964851050452e-16,0.23069968819618225,0.0,0,0,0,-7.18343528039486e-15,-1.8477439880371094e-05,0.0
754,37.7,67.31974792480469,69.83375549316406,0.023679621668115644,4.423270124127863,-1.9942381079829374e-14,0.0,6,70.31890687738193,69.90478771948275,0.023679621668115644,5.0,0.5767298758721369,-7.223565583853401e-15,0.23069195449352264,0.0,0,0,0,-6.962169098748356e-15,-7.733702659606934e-06,0.0
755,37.75,67.54084014892578,69.8389892578125,0.02371527473720908,4.423272480420793,-4.2549297418759124e-14,0.0,6,70.53999656707997,69.9101284133074,0.02371527473720908,5.0,0.5767275195792072,-1.5412276083192136e-14,0.23069100081920624,0.0,0,0,0,-8.188710499338735e-15,-9.5367431640625e-07,0.0
756,37.800000000000004,67.76193237304688,69.84425354003906,0.023679617506926442,4.423263271760216,-1.6653345369377348e-15,0.0,6,70.7610913259197,69.91528575387767,0.023679617506926442,5.0,0.5767367282397844,-6.032212367111688e-16,0.2306946963071823,0.0,0,0,0,1.4809054846480967e-14,3.6954879760742188e-06,0.0
757,37.85,67.98302459716797,69.8494873046875,0.023715268495425275,4.423248974368313,1.2073675392798577e-15,0.0,6,70.9821810157662,69.92062644146228,0.023715268495425275,5.0,0.5767510256316868,4.3733655731543293e-16,0.23070040345191956,0.0,0,0,0,1.0405577940266017e-15,5.707144737243652e-06,0.0
758,37.9,68.20411682128906,69.85475158691406,0.02367960502335883,4.423232172691569,-3.173850071647166e-14,0.0,6,71.20327577504861,69.9257837633125,0.02367960502335883,5.0,0.5767678273084309,-1.1496458014628556e-14,0.23070712387561798,0.0,0,0,0,-1.193379457194399e-14,6.720423698425293e-06,0.0
759,37.95,68.42521667480469,69.8599853515625,0.02371526225364147,4.423216469393145,-4.063416270128073e-14,0.0,6,71.42437309384695,69.93112446961723,0.02371526225364147,5.0,0.5767835306068552,-1.4718725505980315e-14,0.23071341216564178,0.0,0,0,0,-3.2222674913517588e-15,6.288290023803711e-06,0.0
760,38.0,68.64630889892578,69.86524963378906,0.023679598781575027,4.423201106643699,-3.816391647148976e-15,0.0,6,71.64546785312871,69.93628179146737,0.023679598781575027,5.0,0.5767988933563011,-1.3823978981048943e-15,0.23071955144405365,0.0,0,0,0,1.3336327607875421e-14,6.139278411865234e-06,0.0
761,38.050000000000004,68.86740112304688,69.8704833984375,0.023715253931263062,4.4231897134576945,1.712519015484304e-14,0.0,6,71.86655754268118,69.94162249153206,0.023715253931263062,5.0,0.5768102865423055,6.2032093668001366e-15,0.23072411119937897,0.0,0,0,0,7.585607264905031e-15,4.559755325317383e-06,0.0
762,38.1,69.08849334716797,69.87574768066406,0.023679586298007416,4.423178660452087,-3.3889557826682903e-14,0.0,6,72.08765230225762,69.94677980090219,0.023679586298007416,5.0,0.5768213395479131,-1.227574441972851e-14,0.23072853684425354,0.0,0,0,0,-1.8478953786528647e-14,4.425644874572754e-06,0.0
763,38.15,69.30958557128906,69.8809814453125,0.02371524977007386,4.423170130668092,-3.9065972678997696e-14,0.0,6,72.30874199121939,69.95212052592706,0.02371524977007386,5.0,0.5768298693319078,-1.4150808549571146e-14,0.23073194921016693,0.0,0,0,0,-1.875064129842636e-15,3.4123659133911133e-06,0.0
764,38.2,69.53068542480469,69.88624572753906,0.023679582136818214,4.423163852636206,-1.529332216421153e-14,0.0,6,72.52984438018993,69.9572778352971,0.023679582136818214,5.0,0.5768361473637942,-5.539683566469639e-15,0.2307344526052475,0.0,0,0,0,8.611124983101508e-15,2.5033950805664062e-06,0.0
765,38.25,69.75177764892578,69.8914794921875,0.023715243528290054,4.423159150781155,4.343747583845925e-15,0.0,6,72.75093406930014,69.96261855408193,0.023715243528290054,5.0,0.5768408492188453,1.5734323091935905e-15,0.23073634505271912,0.0,0,0,0,7.113115875663229e-15,1.8924474716186523e-06,0.0
766,38.300000000000004,69.97286987304688,69.89674377441406,0.02367957797562901,4.423155734026533,2.9698465908722937e-15,0.0,6,72.97202882872769,69.96777586969202,0.02367957797562901,5.0,0.5768442659734667,1.0757659360890884e-15,0.23073770105838776,0.0,0,0,0,-4.976663731045021e-16,1.3560056686401367e-06,0.0
767,38.35,70.19396209716797,69.9019775390625,0.023715233125317047,4.423154369272695,-0.255953629507579,-0.09319971910647869,6,73.19312819394545,69.94981875013589,-0.06948448598116164,5.0,0.5768456307273047,-0.17142857611179352,0.23073825240135193,0.0,0,0,0,-0.1714285761117946,5.513429641723633e-07,0.0
768,38.400000000000006,70.41455078125,69.90179443359375,0.019044354420724503,4.402532392170714,2.468164561619801e-14,0.0,6,73.41400676653961,69.9589240433445,0.019044354420724503,5.0,0.5974676078292864,1.0824674490095276e-15,0.2389870434999466,0.0,0,0,0,0.1714285761117946,0.008248791098594666,0.0
769,38.45,70.63459014892578,69.89887237548828,0.013772645768264065,4.40225760765585,-3.9995784462121264e-14,0.0,6,73.63430562476616,69.94018900656803,0.013772645768264065,5.0,0.5977423923441503,-1.4543694617759687e-14,0.23909695446491241,0.0,0,0,0,-1.5626162066769214e-14,0.00010991096496582031,0.0
770,38.5,70.85475158691406,69.90018463134766,0.012827702118044309,4.404564594213871,-3.614469834545275e-14,0.0,6,73.85450476538618,69.93866668231169,0.012827702118044309,5.0,0.5954354057861293,-1.3137711404875851e-14,0.23817415535449982,0.0,0,0,0,1.405983212883835e-15,-0.0009227991104125977,0.0
771,38.550000000000004,71.07506561279297,69.9025650024414,0.012721604276929074,4.407669233289788,-1.3301859613790157e-14,0.0,6,74.07482285724387,69.94072878585331,0.012721604276929074,5.0,0.5923307667102122,-4.832123911343179e-15,0.23693230748176575,0.0,0,0,0,8.305587493532673e-15,-0.0012418478727340698,0.0
772,38.6,71.29552459716797,69.90523529052734,0.012663069868704274,4.410662921104932,-2.991357161974406e-14,0.0,6,74.29528407037435,69.94322348485886,0.012663069868704274,5.0,0.5893370788950678,-1.0860595463322437e-14,0.23573483526706696,0.0,0,0,0,-6.028471551979258e-15,-0.0011974722146987915,0.0
773,38.650000000000006,71.51612854003906,69.90798950195312,0.01269580490386893,4.413428901492313,1.0852430065710905e-14,0.0,6,74.51588676809332,69.94607589349607,0.01269580490386893,5.0,0.5865710985076866,3.9381331515589944e-15,0.23462843894958496,0.0,0,0,0,1.479872861488143e-14,-0.0011063963174819946,0.0
774,38.7,71.73686218261719,69.9107894897461,0.012659202043339854,4.415826983967968,3.2134017668994375e-14,0.0,6,74.73662180273283,69.94876608153149,0.012659202043339854,5.0,0.5841730160320324,1.1655639222340163e-14,0.2336692065000534,0.0,0,0,0,7.717506070781168e-15,-0.0009592324495315552,0.0
775,38.75,71.95769500732422,69.91357421875,0.01269503404356903,4.417820767962844,1.466882171285988e-14,0.0,6,74.95745326473687,69.9516582978984,0.01269503404356903,5.0,0.5821792320371557,5.318711305255831e-15,0.23287169635295868,0.0,0,0,0,-6.336927917084331e-15,-0.0007975101470947266,0.0
776,38.800000000000004,72.17861938476562,69.91639709472656,0.012659188519474944,4.4194182104767865,-1.6278645098566358e-14,0.0,6,75.17837900539486,69.95437364594366,0.012659188519474944,5.0,0.5805817895232135,-5.900671220897529e-15,0.2322327196598053,0.0,0,0,0,-1.121938252615336e-14,-0.0006389766931533813,0.0
777,38.85,72.39961242675781,69.919189453125,0.012694938336217355,4.4206549075479415,3.797656633608426e-14,0.0,6,75.39937068781538,69.95727324517446,0.012694938336217355,5.0,0.5793450924520585,1.3762576927427769e-14,0.23173803091049194,0.0,0,0,0,1.9663248148325298e-14,-0.0004946887493133545,0.0
778,38.900000000000006,72.62065887451172,69.92200469970703,0.012659229091069675,4.42158154546994,-4.136274656119099e-14,0.0,6,75.62041849360018,69.95998137262919,0.012659229091069675,5.0,0.5784184545300599,-1.4987155329162886e-14,0.23136737942695618,0.0,0,0,0,-2.8749732256590655e-14,-0.0003706514835357666,0.0
779,38.95,72.84174346923828,69.92479705810547,0.012694894643730721,4.422251679424665,-3.299444051307887e-14,0.0,6,75.84150173195982,69.9628807190881,0.012694894643730721,5.0,0.5777483205753349,-1.1953550874284867e-14,0.23109932243824005,0.0,0,0,0,3.0336044548780194e-15,-0.0002680569887161255,0.0
780,39.0,73.06285095214844,69.92761993408203,0.012659239494042683,4.422717218153016,2.2072621508328893e-14,0.0,6,76.06261057084183,69.96559663821054,0.012659239494042683,5.0,0.5772827818469839,7.996000339443015e-15,0.23091311752796173,0.0,0,0,0,1.9949551213727882e-14,-0.0001862049102783203,0.0
781,39.050000000000004,73.28398132324219,69.93041229248047,0.012694875918379306,4.423025933191139,-2.5673907444456745e-15,0.0,6,76.28373958667686,69.96849589729155,0.012694875918379306,5.0,0.5769740668088614,-9.30006812459674e-16,0.23078963160514832,0.0,0,0,0,-8.926007151902689e-15,-0.00012348592281341553,0.0
782,39.1,73.50511932373047,69.9332275390625,0.012659238453745383,4.42321731021156,-1.339206523454095e-15,0.0,6,76.50487894246336,69.97120424007039,0.012659238453745383,5.0,0.5767826897884403,-4.850945512826761e-16,0.23071306943893433,0.0,0,0,0,4.449122611769978e-16,-7.656216621398926e-05,0.0
783,39.150000000000006,73.72626495361328,69.93602752685547,0.012694865515406297,4.423324338790201,3.329975184485079e-14,0.0,6,76.72602321744414,69.9741111004601,0.012694865515406297,5.0,0.5766756612097987,1.2061775426922602e-14,0.2306702584028244,0.0,0,0,0,1.2546869978205278e-14,-4.2811036109924316e-05,0.0
784,39.2,73.94740295410156,69.9388427734375,0.012659231171664276,4.423373159268546,5.460909502374989e-15,0.0,6,76.94716257311102,69.97681945260089,0.012659231171664276,5.0,0.5766268407314543,1.9780228904055274e-15,0.23065073788166046,0.0,0,0,0,-1.0083752536517074e-14,-1.952052116394043e-05,0.0
785,39.25,74.16854858398438,69.94164276123047,0.012694862394514396,4.423384358301537,-3.279321258986556e-14,0.0,6,77.16830684793408,69.97972632547325,0.012694862394514396,5.0,0.5766156416984627,-1.1878166636045129e-14,0.2306462526321411,0.0,0,0,0,-1.3856189526450656e-14,-4.4852495193481445e-06,0.0
786,39.300000000000004,74.38969421386719,69.9444580078125,0.01265922076869127,4.423371678610797,2.7103319588661634e-14,0.0,6,77.3894538332717,69.98243465576945,0.01265922076869127,5.0,0.5766283213892027,9.81722959625701e-15,0.23065133392810822,0.0,0,0,0,2.1695396232302138e-14,5.081295967102051e-06,0.0
787,39.35,74.61083221435547,69.94725799560547,0.012694859273622494,4.423347122563944,-1.3454515279676116e-14,0.0,6,77.61059047842403,69.98534155048631,0.012694859273622494,5.0,0.5766528774360564,-4.873449801806769e-15,0.23066115379333496,0.0,0,0,0,-1.4690679398063778e-14,9.819865226745605e-06,0.0
788,39.400000000000006,74.83197021484375,69.9500732421875,0.012659211406015562,4.423316330836416,-1.292022044907526e-14,0.0,6,77.83172983460383,69.98804986205872,0.012659211406015562,5.0,0.5766836691635842,-4.679945972039471e-15,0.23067346215248108,0.0,0,0,0,1.9350382976729766e-16,1.2308359146118164e-05,0.0
789,39.45,75.05311584472656,69.95287322998047,0.012694854072135988,4.423286061995897,-3.805289416902724e-14,0.0,6,78.05287410899322,69.99095676925813,0.012694854072135988,5.0,0.5767139380041026,-1.378354776913589e-14,0.23068557679653168,0.0,0,0,0,-9.10360179709642e-15,1.2114644050598145e-05,0.0
790,39.5,75.27425384521484,69.9556884765625,0.012659203083637155,4.423256705335055,-2.969846590872294e-14,0.0,6,78.27401346529098,69.9936650714686,0.012659203083637155,5.0,0.5767432946649453,-1.0757459037598859e-14,0.23069731891155243,0.0,0,0,0,3.026088731537032e-15,1.1742115020751953e-05,0.0
791,39.550000000000004,75.49539947509766,69.95848846435547,0.012694853031838689,4.423231683411816,2.5049406993105094e-14,0.0,6,78.49515773940392,69.99657200051243,0.012694853031838689,5.0,0.5767683165881836,9.073505869447527e-15,0.2307073324918747,0.0,0,0,0,1.9830964907046385e-14,1.0013580322265625e-05,0.0
792,39.6,75.71653747558594,69.9613037109375,0.012659195801556049,4.423210435585702,-2.290528877679776e-14,0.0,6,78.71629709593863,69.9992802839991,0.012659195801556049,5.0,0.5767895644142982,-8.296886771098477e-15,0.2307158261537552,0.0,0,0,0,-1.7370392640546004e-14,8.493661880493164e-06,0.0
793,39.650000000000006,75.93768310546875,69.96410369873047,0.012694844709460282,4.423193522882958,1.9789725413943415e-14,0.0,6,78.93744137009197,70.00218720992231,0.012694844709460282,5.0,0.5768064771170422,7.168371222944416e-15,0.2307225912809372,0.0,0,0,0,1.5465257994042893e-14,6.765127182006836e-06,0.0
794,39.7,76.15882873535156,69.9669189453125,0.012659188519474944,4.423179908510761,-1.6278645098566358e-14,0.0,6,79.1585883559808,70.0048954965296,0.012659188519474944,5.0,0.576820091489239,-5.896578357696396e-15,0.23072803020477295,0.0,0,0,0,-1.3064949580640813e-14,5.4389238357543945e-06,0.0
795,39.75,76.37996673583984,69.96971893310547,0.012694840548271078,4.423170152325897,1.6979473382860988e-14,0.0,6,79.37972500062153,70.00780243181475,0.012694840548271078,5.0,0.5768298476741034,6.150448955065087e-15,0.23073193430900574,0.0,0,0,0,1.2047027312761483e-14,3.904104232788086e-06,0.0
796,39.800000000000004,76.60111236572266,69.9725341796875,0.01265918435828574,4.42316273789615,-0.2559536295075807,-0.0931997191064763,6,79.60062408499934,69.98721421573283,-0.08054053474819056,5.0,0.57683726210385,-0.17142857611179352,0.2307348996400833,0.0,0,0,0,-0.17142857611179968,2.9653310775756836e-06,0.0
797,39.85,76.82170104980469,69.96990203857422,0.008041790978968504,4.4031458241577255,5.637851296924623e-15,0.0,6,79.82160404472424,69.99402715147903,0.008041790978968504,5.0,0.5968541758422745,2.0497587459832045e-15,0.2387416660785675,0.0,0,0,0,0.17142857611179557,0.008006766438484192,0.0
798,39.900000000000006,77.04167938232422,69.96456146240234,0.002723716275810866,4.401930488602018,-7.509617927503598e-15,0.0,6,80.04166825438557,69.97273260112667,0.002723716275810866,5.0,0.5980695113979824,-2.7308930907376985e-15,0.2392278015613556,0.0,0,0,0,-4.780651836720903e-15,0.00048613548278808594,0.0
799,39.95,77.26185607910156,69.96342468261719,0.001837717691175406,4.404640183088102,1.0162877484010124e-14,0.0,6,80.26185101329352,69.96893783258753,0.001837717691175406,5.0,0.5953598169118983,3.693905177261847e-15,0.2381439208984375,0.0,0,0,0,6.424798267999545e-15,-0.0010838806629180908,0.0
800,40.0,77.482177734375,69.96339416503906,0.0016607410139896082,4.4076187892604075,-4.2227506213965427e-14,0.0,6,80.48217359728488,69.96837638579086,0.0016607410139896082,5.0,0.5923812107395925,-1.5339993679605243e-14,0.23695248365402222,0.0,0,0,0,-1.903389885686709e-14,-0.0011914372444152832,0.0
801,40.050000000000004,77.70265197753906,69.963623046875,0.001674895949250272,4.410639605945821,-5.375040690314137e-15,0.0,6,80.70264776962539,69.96864773237348,0.001674895949250272,5.0,0.5893603940541787,-1.9515018653105216e-15,0.2357441633939743,0.0,0,0,0,1.3388491814294722e-14,-0.0012083202600479126,0.0
802,40.1,77.92327117919922,69.9639663696289,0.0016351880613525954,4.413399869255492,-1.586925035823583e-14,0.0,6,80.92326716844012,69.96887193162686,0.0016351880613525954,5.0,0.5866001307445083,-5.758669111905661e-15,0.23464004695415497,0.0,0,0,0,-3.8071672465951395e-15,-0.001104116439819336,0.0
803,40.150000000000006,78.1440200805664,69.96430969238281,0.001670694968675267,4.415802235855636,4.322063540396215e-15,0.0,6,81.14401589373486,69.9693217749572,0.001670694968675267,5.0,0.5841977641443643,1.56770446064602e-15,0.23367910087108612,0.0,0,0,0,7.326373572551681e-15,-0.0009609460830688477,0.0
804,40.2,78.36487579345703,69.96468353271484,0.001634679095898173,4.417799887321913,-1.544684519183548e-14,0.0,6,81.36487178519431,69.96958756781848,0.001634679095898173,5.0,0.5822001126780867,-5.600833416030768e-15,0.23288004100322723,0.0,0,0,0,-7.168537876676788e-15,-0.0007990598678588867,0.0
805,40.25,78.5858154296875,69.96503448486328,0.0016704905502556574,4.419401578421603,2.9831172254635163e-14,0.0,6,81.58581124388046,69.97004595418323,0.0016704905502556574,5.0,0.5805984215783973,1.0813214981351873e-14,0.23223936557769775,0.0,0,0,0,1.641404839738264e-14,-0.00064067542552948,0.0
806,40.300000000000004,78.80681610107422,69.96540832519531,0.0016347290301686119,4.420642803068292,3.600331838216064e-14,0.0,6,81.8068120925666,69.97031251010151,0.0016347290301686119,5.0,0.5793571969317082,1.30475083252239e-14,0.23174287378787994,0.0,0,0,0,2.2342933438720264e-15,-0.0004964917898178101,0.0
807,40.35,79.02787780761719,69.96576690673828,0.0016704319034953241,4.421573065801138,-1.7791323969618134e-14,0.0,6,82.02787362210404,69.97077820011825,0.0016704319034953241,5.0,0.5784269341988617,-6.446423019142947e-15,0.23137077689170837,0.0,0,0,0,-1.9493931344366847e-14,-0.0003720968961715698,0.0
808,40.400000000000006,79.24898529052734,69.96614074707031,0.0016347568581214086,4.422245894770437,1.3624518180321843e-14,0.0,6,82.24898128188326,69.97104501546028,0.0016347568581214086,5.0,0.5777541052295634,4.936029866499337e-15,0.2311016470193863,0.0,0,0,0,1.1382452885642285e-14,-0.0002691298723220825,0.0
809,40.45,79.47010803222656,69.96649169921875,0.0016704057660256412,4.4227145834823824,-3.277846744031976e-14,0.0,6,82.4701038468444,69.97150291418643,0.0016704057660256412,5.0,0.5772854165176176,-1.1874292307344388e-14,0.2309141606092453,0.0,0,0,0,-1.6810322173843725e-14,-0.0001874864101409912,0.0
810,40.5,79.69125366210938,69.96686553955078,0.0016347653105369777,4.423025021951562,-2.5848247153792414e-14,0.0,6,82.69124965342384,69.971769833298,0.0016347653105369777,5.0,0.5769749780484377,-9.363222477627546e-15,0.23078998923301697,0.0,0,0,0,2.5110698297168416e-15,-0.00012417137622833252,0.0
811,40.550000000000004,79.91240692138672,69.96722412109375,0.0016703961432756088,4.423217627616328,-2.8098183502134333e-14,0.0,6,82.91240273605278,69.97223530719322,0.0016703961432756088,5.0,0.576782372383672,-1.0177873355308314e-14,0.23071295022964478,0.0,0,0,0,-8.146508776807684e-16,-7.703900337219238e-05,0.0
812,40.6,80.13357543945312,69.96759796142578,0.001634764270239677,4.423325414802251,-3.9354804137747834e-14,0.0,6,83.13357143077269,69.97250225205212,0.001634764270239677,5.0,0.5766745851977486,-1.4255022401203632e-14,0.23066984117031097,0.0,0,0,0,-4.0771490458953175e-15,-4.310905933380127e-05,0.0
813,40.650000000000006,80.35474395751953,69.96794891357422,0.0016703951029783078,4.423375449390205,-4.141739035068426e-14,0.0,6,83.35473977219081,69.97296009655281,0.0016703951029783078,5.0,0.5766245506097949,-1.5001990264201098e-14,0.23064981400966644,0.0,0,0,0,-7.469678629974663e-16,-2.002716064453125e-05,0.0
814,40.7,80.57591247558594,69.96833038330078,0.0016347601090504738,4.423385964392163,-8.117638505833469e-15,0.0,6,83.57590846692591,69.97323466144354,0.0016347601090504738,5.0,0.5766140356078369,-2.9403228339792715e-15,0.23064561188220978,0.0,0,0,0,1.2061667430221827e-14,-4.202127456665039e-06,0.0
815,40.75,80.79708099365234,69.96868133544922,0.0016703961432756088,4.4233740121005525,-2.8098183502134333e-14,0.0,6,83.79707680831841,69.97369252154868,0.0016703961432756088,5.0,0.5766259878994475,-1.0177580281908565e-14,0.230650395154953,0.0,0,0,0,-7.237257447929293e-15,4.783272743225098e-06,0.0
816,40.800000000000004,81.01824188232422,69.96906280517578,0.0016347550376011322,4.423349719664915,3.261453607183995e-14,0.0,6,84.01823787368906,69.97396706810417,0.0016347550376011322,5.0,0.5766502803350848,1.1813522775576575e-14,0.2306601107120514,0.0,0,0,0,2.199110305748514e-14,9.715557098388672e-06,0.0
817,40.85,81.23941040039062,69.96941375732422,0.0016703984839445355,4.423319648851658,-4.076947113240692e-14,0.0,6,84.23940621504495,69.9744249504457,0.0016703984839445355,5.0,0.576680351148342,-1.476745700550175e-14,0.23067213594913483,0.0,0,0,0,-2.6580979781078325e-14,1.2025237083435059e-05,0.0
818,40.900000000000006,81.46057891845703,69.96979522705078,0.0016347519167092298,4.423288204282642,-7.906002241764298e-15,0.0,6,84.46057490983718,69.97469948061655,0.0016347519167092298,5.0,0.5767117957173582,-2.8637169624713557e-15,0.23068471252918243,0.0,0,0,0,1.1903740043030394e-14,1.2576580047607422e-05,0.0
819,40.95,81.6817398071289,69.97014617919922,0.0016703995242418363,4.423258611292715,-2.7451131645594984e-14,0.0,6,84.68173562177802,69.97515737544157,0.0016703995242418363,5.0,0.5767413887072852,-9.943419717706008e-15,0.23069655895233154,0.0,0,0,0,-7.079702755234652e-15,1.1846423149108887e-05,0.0
820,41.0,81.90287780761719,69.97052764892578,0.0016347493159659778,4.4232324130975975,-4.166198636079699e-14,0.0,6,84.9028737990101,69.97543189468936,0.0016347493159659778,5.0,0.5767675869024025,-1.509098462783732e-14,0.23070703446865082,0.0,0,0,0,-5.147564910131311e-15,1.0475516319274902e-05,0.0
821,41.050000000000004,82.1240234375,69.97087860107422,0.0016703997843161616,4.423210926291911,1.8530316170384253e-14,0.0,6,85.12401925214782,69.97588979809674,0.0016703997843161616,5.0,0.5767890737080892,6.712158007003829e-15,0.23071563243865967,0.0,0,0,0,2.1803142634841148e-14,8.597970008850098e-06,0.0
822,41.1,82.34516143798828,69.97126007080078,0.001634746585185563,4.423193311313633,-1.3176959523519827e-14,0.0,6,85.34515742939458,69.976164308372,0.001634746585185563,5.0,0.576806688686367,-4.773049716019296e-15,0.23072268068790436,0.0,0,0,0,-1.1485207723023125e-14,7.048249244689941e-06,0.0
823,41.150000000000006,82.5663070678711,69.97161102294922,0.0016703991341303485,4.423180407769047,-1.1120444842749322e-14,0.0,6,85.56630288252217,69.97662221802122,0.0016703991341303485,5.0,0.5768195922309527,-4.0281342138530265e-15,0.23072783648967743,0.0,0,0,0,7.449155021662691e-16,5.155801773071289e-06,0.0
824,41.2,82.7874526977539,69.97199249267578,0.0016347442445166364,4.423169945460383,-9.289444213855802e-16,0.0,6,85.78744868917168,69.976896723225,0.0016347442445166364,5.0,0.5768300545396174,-3.36490138104316e-16,0.2307320237159729,0.0,0,0,0,3.6916440757487105e-15,4.187226295471191e-06,0.0
825,41.25,83.00859069824219,69.97234344482422,0.001670397313610072,4.4231627645676435,8.19830314746639e-15,0.0,6,86.00858651290238,69.97735463443465,0.001670397313610072,5.0,0.5768372354323565,2.9696629964809764e-15,0.2307348996400833,0.0,0,0,0,3.3061531345852924e-15,2.8759241104125977e-06,0.0
826,41.300000000000004,83.229736328125,69.97272491455078,0.0016347416437733843,4.42315802459324,-3.4708347307343956e-14,0.0,6,86.22973231955552,69.97762913729781,0.0016347416437733843,5.0,0.5768419754067597,-1.257238044005465e-14,0.23073679208755493,0.0,0,0,0,-1.5542043436535626e-14,1.8924474716186523e-06,0.0
827,41.35,83.45087432861328,69.97307586669922,0.0016703961432756088,4.42315513532419,-2.8098183502134333e-14,0.0,6,86.45087014327935,69.97808705279868,0.0016703961432756088,5.0,0.5768448646758104,-1.0177991092887983e-14,0.23073793947696686,0.0,0,0,0,2.394389347166667e-15,1.1473894119262695e-06,0.0
828,41.400000000000006,83.6720199584961,69.97345733642578,0.0016347408635504087,4.423152779477922,-2.1874863032067537e-15,0.0,6,86.67201594993045,69.97836155683211,0.0016347408635504087,5.0,0.5768472205220778,-7.923723759207634e-16,0.23073889315128326,0.0,0,0,0,9.38561871696722e-15,9.5367431640625e-07,0.0
829,41.45,83.8931655883789,69.97380828857422,0.00167039471286682,4.423151320194739,-2.5110122314764283e-14,0.0,6,86.89316140305213,69.97881947038246,0.00167039471286682,5.0,0.576848679805261,-9.095632911128651e-15,0.23073947429656982,0.0,0,0,0,-8.303260535207888e-15,5.811452865600586e-07,0.0
830,41.5,84.11430358886719,69.97418975830078,0.0016347393031044574,4.423149917861763,-2.245946484347172e-14,0.0,6,87.1142995803092,69.9790939740258,0.0016347393031044574,5.0,0.576850082138237,-8.135488031130959e-15,0.230740025639534,0.0,0,0,0,9.601448799976924e-16,5.513429641723633e-07,0.0
831,41.550000000000004,84.33544921875,69.97454071044922,0.0016703928923465436,4.423149889297043,-5.792241686286559e-15,0.0,6,87.33544503343235,69.97955188679589,0.0016703928923465436,5.0,0.5768501107029573,-2.0981228449637674e-15,0.2307400405406952,0.0,0,0,0,6.037365186167191e-15,1.4901161193847656e-08,0.0
832,41.6,84.55658721923828,69.97492218017578,0.0016347370924726932,4.423149440618554,1.2790116188376999e-14,0.0,6,87.55658321069113,69.97982638926888,0.0016347370924726932,5.0,0.5768505593814464,4.632962325004696e-15,0.23074021935462952,0.0,0,0,0,6.731085169968463e-15,1.7881393432617188e-07,0.0
833,41.650000000000006,84.7777328491211,69.97527313232422,0.0016703909417891047,4.423150365868449,-9.451640858859633e-15,0.0,6,87.77772866381322,69.98028430281923,0.0016703909417891047,5.0,0.576849634131551,-3.42366609170394e-15,0.23073984682559967,0.0,0,0,0,-8.056628416708636e-15,-3.725290298461914e-07,0.0
834,41.7,84.9988784790039,69.97565460205078,0.00163473592213823,4.423150394473329,-2.3718874087030883e-14,0.0,6,87.9988744704625,69.98055880763292,0.00163473592213823,5.0,0.5768496055266708,-8.59168303586318e-15,0.23073984682559967,0.0,0,0,0,-5.16801694415924e-15,0.0,0.0
835,41.75,85.22001647949219,69.97600555419922,0.0016703896414174786,4.423151319681356,1.6513700129561215e-14,0.0,6,88.22001229419082,69.9810167207931,0.0016703896414174786,5.0,0.5768486803186441,5.981753449773447e-15,0.23073947429656982,0.0,0,0,0,1.4573436485636627e-14,-3.725290298461914e-07,0.0
836,41.800000000000004,85.441162109375,69.97638702392578,0.001634733581469303,4.4231518249142745,-1.1469991623158649e-14,0.0,6,88.44115810084507,69.98129122248591,0.001634733581469303,5.0,0.5768481750857255,-4.154771568698175e-15,0.2307392656803131,0.0,0,0,0,-1.0136525018471622e-14,-2.086162567138672e-07,0.0
837,41.85,85.66230010986328,69.97673797607422,0.0016703873007485519,4.423152750141613,2.91849877598338e-14,0.0,6,88.66229592457366,69.98174913564608,0.0016703873007485519,5.0,0.5768472498583872,1.0571668289849259e-14,0.23073889315128326,0.0,0,0,0,1.4726439858547434e-14,-3.725290298461914e-07,0.0
838,41.900000000000006,85.8834457397461,69.97711944580078,0.0016347326712091647,4.4231532552226795,-1.974982677399595e-15,0.0,6,88.88344173122063,69.98202364163012,0.0016347326712091647,5.0,0.5768467447773205,-7.153971980478448e-16,0.23073869943618774,0.0,0,0,0,-1.1287065487897103e-14,-1.9371509552001953e-07,0.0
839,41.95,86.1045913696289,69.97747039794922,0.0016703863904884136,4.42315370373008,3.884479543581065e-14,0.0,6,89.10458718434384,69.9824815547903,0.0016703863904884136,5.0,0.5768462962699203,1.4070734289902461e-14,0.23073852062225342,0.0,0,0,0,1.4786131487950306e-14,-1.7881393432617188e-07,0.0
840,42.0,86.32572937011719,69.97785186767578,0.0016347317609490266,4.42315325517192,0.2559536295075674,0.09319971910647382,6,89.32514449849435,70.00604664021675,0.09483445086742284,5.0,0.5768467448280798,0.17142857611179352,0.23073869943618774,0.0,0,0,0,0.17142857611177945,1.7881393432617188e-07,0.0
841,42.050000000000004,86.54652404785156,69.98210906982422,0.005025740758656401,4.410616765469399,4.0648040489088544e-14,0.0,6,89.54648616082605,69.99718622862997,0.005025740758656401,5.0,0.5893832345306009,1.4758039693194176e-14,0.23575329780578613,0.0,0,0,0,-0.17142857611177875,0.005014598369598389,0.0
842,42.1,86.76696014404297,69.98809051513672,0.00857797009063147,4.4109523783648354,-3.5083047578154947e-14,0.0,6,89.76684977236343,70.01382410981955,0.00857797009063147,5.0,0.5890476216351646,-1.2736773441490712e-14,0.23561905324459076,0.0,0,0,0,-2.7494813134684888e-14,-0.00013424456119537354,0.0
843,42.150000000000006,86.98751831054688,69.99110412597656,0.009196905372722698,4.412258845722919,-3.5665914666083154e-14,0.0,6,89.98739143683851,70.01869445314517,0.009196905372722698,5.0,0.5877411542770812,-1.2945256201897255e-14,0.23509645462036133,0.0,0,0,0,-2.084827604065427e-16,-0.0005225986242294312,0.0
844,42.2,87.20817565917969,69.99344635009766,0.009252711081127468,4.414077585286348,-4.051967095186626e-14,0.0,6,90.20804724110235,70.02120408726816,0.009252711081127468,5.0,0.5859224147136519,-1.4702028792524038e-14,0.2343689650297165,0.0,0,0,0,-1.7567725906267838e-15,-0.0007274895906448364,0.0
845,42.25,87.42892456054688,69.99556732177734,0.00930319358824398,4.415830734830757,0.2559536295076076,0.09319971910647994,6,90.42803529017489,70.0467619403089,0.10250291269472392,5.0,0.5841692651692432,0.17142857611179352,0.23366770148277283,0.0,0,0,0,0.17142857611180823,-0.0007012635469436646,0.0
846,42.300000000000004,87.64909362792969,70.00306701660156,0.013921148207955007,4.397535028326547,0.2559536295075354,0.09319971910647741,6,90.64793596525442,70.06811079728206,0.10712086731443242,5.0,0.6024649716734531,0.24562369287014008,0.24098598957061768,0.0,0,0,0,0.07419511675834656,0.007318288087844849,0.0
847,42.35,87.86659240722656,70.02265167236328,0.027406497151248366,4.363353474623657,0.31806268606888316,0.014418046722569588,6,90.85491185271546,69.82936861833667,0.041824543873817954,5.0,0.6366465253763431,0.13990290462970734,0.25465860962867737,0.0,0,0,0,-0.10572078824043274,0.013672620058059692,0.0
848,42.400000000000006,88.08345794677734,70.0467529296875,0.041059710547595385,4.3768368445767045,0.31806268606889554,0.014418046722569397,6,91.07413772272217,69.89428678585375,0.05547775727016478,5.0,0.6231631554232955,0.13961224257946014,0.24926526844501495,0.0,0,0,0,-0.0002906620502471924,-0.0053933411836624146,0.0
849,42.45,88.30095672607422,70.07136535644531,0.05251793617052609,4.387798973259182,0.25595362950756584,0.0931997191064809,6,91.29505577717185,70.25207764089976,0.14571765527700697,5.0,0.6122010267408182,0.2457914799451828,0.24488040804862976,0.0,0,0,0,0.10617923736572266,-0.004384860396385193,0.0
850,42.5,88.5174789428711,70.10134887695312,0.06660788093791628,4.373742330639634,0.3180626860688806,0.014418046722567343,6,91.5110775573778,70.02533057333865,0.08102592766048362,5.0,0.6262576693603661,0.13967882096767426,0.2505030632019043,0.0,0,0,0,-0.10611265897750854,0.005622655153274536,0.0
851,42.550000000000004,88.73368835449219,70.13452911376953,0.08037654028692363,4.389788772902822,0.3180626860688771,0.014418046722566538,6,91.72804985334221,70.09973455290786,0.09479458700949017,5.0,0.610211227097178,0.13933439552783966,0.24408449232578278,0.0,0,0,0,-0.0003444254398345947,-0.006418570876121521,0.0
852,42.6,88.9505844116211,70.16789245605469,0.09183854426965089,4.397525521621819,0.3180626860688876,0.014418046722568065,6,91.94514802337046,70.1674208127005,0.10625659099221896,5.0,0.6024744783781806,0.13916905224323273,0.2409897893667221,0.0,0,0,0,-0.0001653432846069336,-0.003094702959060669,0.0
853,42.650000000000006,89.16758728027344,70.2031478881836,0.10295486162050745,4.405473133706715,0.3180626860688707,0.014418046722566372,6,92.16197111388425,70.23596410781897,0.11737290834307382,5.0,0.5945268662932852,0.13899970054626465,0.23781074583530426,0.0,0,0,0,-0.0001693516969680786,-0.0031790435314178467,0.0
854,42.7,89.38448333740234,70.24066925048828,0.1140017453683186,4.409129360020816,0.31806268606886956,0.01441804672256912,6,92.37832195550081,70.30656140512912,0.12841979209088772,5.0,0.5908706399791841,0.13892196118831635,0.2363482564687729,0.0,0,0,0,-7.773935794830322e-05,-0.001462489366531372,0.0
855,42.75,89.60118865966797,70.28056335449219,0.12505222438360136,4.4142208503353215,0.3180626860688798,0.014418046722566275,6,92.59411636113654,70.37953416353696,0.13947027110616764,5.0,0.5857791496646785,0.13881386816501617,0.23431165516376495,0.0,0,0,0,-0.0001080930233001709,-0.0020366013050079346,0.0
856,42.800000000000004,89.81759643554688,70.32283782958984,0.13608946249483939,4.415782849396944,0.3180626860688812,0.014418046722568939,6,92.80924949649746,70.45483559535106,0.15050750921740833,5.0,0.584217150603056,0.13878074288368225,0.23368686437606812,0.0,0,0,0,-3.312528133392334e-05,-0.0006247907876968384,0.0
857,42.85,90.03365325927734,70.3675308227539,0.1471378193036285,4.419007170123691,0.25595362950756706,0.09319971910647895,6,92.99728586662248,70.83031352145508,0.24033753841010744,5.0,0.5809928298763092,0.24525576829910278,0.2323971390724182,0.0,0,0,0,0.10647502541542053,-0.0012897253036499023,0.0
858,42.900000000000006,90.24778747558594,70.4178466796875,0.16116562087145736,4.398844215666628,0.3180626860688861,0.01441804672256769,6,93.23519033958505,70.62481425065172,0.17558366759402505,5.0,0.6011557843333719,0.13914091885089874,0.2404623180627823,0.0,0,0,0,-0.10611484944820404,0.008065178990364075,0.0
859,42.95,90.46099090576172,70.47142791748047,0.17493526226111666,4.409403003885806,0.2559536295075501,0.09319971910647723,6,93.4106160715372,71.01640263153647,0.2681349813675939,5.0,0.5905969961141944,0.24541997909545898,0.23623879253864288,0.0,0,0,0,0.10627906024456024,-0.004223525524139404,0.0
860,43.0,90.6730728149414,70.52850341796875,0.18943918709758129,4.393980641157234,0.31806268606886773,0.014418046722565386,6,93.65343076998434,70.81984154982449,0.20385723382014667,5.0,0.606019358842766,0.13924475014209747,0.24240773916244507,0.0,0,0,0,-0.10617522895336151,0.006168946623802185,0.0
861,43.050000000000004,90.8843994140625,70.58831024169922,0.20330147320366174,4.405988576271274,0.5487961893406501,0.20081748493552878,6,93.81002949116031,71.24260134051623,0.4041189581391905,5.0,0.594011423728726,0.310673326253891,0.23760457336902618,0.0,0,0,0,0.17142857611179352,-0.004803165793418884,0.0
862,43.1,91.09455108642578,70.65151977539062,0.21791094244307754,4.389586479978011,0.31806268606890065,0.01441804672256905,6,94.0654073357545,71.02758438830367,0.2323289891656466,5.0,0.6104135200219893,0.13933871686458588,0.24416540563106537,0.0,0,0,0,-0.17133460938930511,0.006560832262039185,0.0
863,43.150000000000006,91.30360412597656,70.71797943115234,0.23235524576063799,4.40243875650172,0.5487961893406089,0.2008174849355186,6,94.20899254553697,71.45698303161366,0.4331727306961566,5.0,0.59756124349828,0.3107672929763794,0.23902449011802673,0.0,0,0,0,0.17142857611179352,-0.005140915513038635,0.0
864,43.2,91.51163482666016,70.78742980957031,0.24708445738056647,4.387763753089136,0.5487961893406327,0.2008174849355279,6,94.40582354353913,71.56914578171171,0.44790194231609437,5.0,0.6122362469108644,0.4821958541870117,0.24489450454711914,0.0,0,0,0,0.17142856121063232,0.005870014429092407,0.0
865,43.25,91.71355438232422,70.86726379394531,0.2688592780461382,4.343857476339552,0.5487961893406786,0.20081748493552448,6,94.59003661690511,71.7118099111888,0.46967676298166267,5.0,0.6561425236604483,0.5294706225395203,0.262457013130188,0.0,0,0,0,0.047274768352508545,0.017562508583068848,0.0
866,43.300000000000004,91.90603637695312,70.95974731445312,0.29856412691061157,4.284860150192047,0.31806268606888877,0.014418046722566857,6,94.83693731194761,71.57393878012925,0.31298217363317843,5.0,0.7151398498079526,0.35804206132888794,0.28605595231056213,0.0,0,0,0,-0.17142856121063232,0.023598939180374146,0.0
867,43.35,92.09364318847656,71.0604019165039,0.32938289283528105,4.316357313835194,0.3180626860688943,0.014418046722570688,6,95.00422672738755,71.76461417873831,0.34380093955785174,5.0,0.6836426861648057,0.18661348521709442,0.2734570801258087,0.0,0,0,0,-0.17142857611179352,-0.012598872184753418,0.0
868,43.400000000000006,92.28540802001953,71.15943908691406,0.3517232856926015,4.35486737756782,0.3180626860688788,0.014418046722566469,6,95.17953419300876,71.92849379373253,0.36614133241516794,5.0,0.6451326224321798,0.1400865912437439,0.2580530345439911,0.0,0,0,0,-0.046526893973350525,-0.015404045581817627,0.0
869,43.45,92.48212432861328,71.25341796875,0.365605412348803,4.379776626620936,0.548796189340656,0.20081748493551937,6,95.26357621775173,72.3718693885348,0.5664228972843224,5.0,0.6202233733790639,0.3115151524543762,0.24808934330940247,0.0,0,0,0,0.17142856121063232,-0.009963691234588623,0.0
870,43.5,92.67813873291016,71.34988403320312,0.38024780491719495,4.374246176057864,0.48559080742771665,0.2795991573194338,6,95.30720591585658,72.77506641001916,0.6598469622366288,5.0,0.6257538239421363,0.48294374346733093,0.2503015398979187,0.0,0,0,0,0.1714285910129547,0.0022121965885162354,0.0
871,43.550000000000004,92.8671646118164,71.45579528808594,0.40204211659299466,4.337045794106361,0.0,0.0,0,92.8671646118164,71.45579528808594,0.40204211659299466,5.0,0.6629542058936391,0.3115151524543762,0.26518169045448303,0.0,0,0,0,-0.1714285910129547,0.014880150556564331,0.0
872,43.6,93.05107879638672,71.56909942626953,0.4264407334987828,4.352000261072931,0.31806268606888866,0.014418046722565525,6,95.87972185770909,72.5520490073233,0.44085878022134833,5.0,0.6479997389270693,0.14014877378940582,0.2591998875141144,0.0,0,0,0,-0.1713663786649704,-0.005981802940368652,0.0
873,43.650000000000006,93.23717498779297,71.68209075927734,0.44487543416993397,4.380633186492549,0.5487961893406492,0.20081748493552526,6,95.92132565160608,73.01728490394775,0.6456929191054592,5.0,0.619366813507451,0.31157734990119934,0.24774672091007233,0.0,0,0,0,0.17142857611179352,-0.011453166604042053,0.0
874,43.7,93.42431640625,71.79511260986328,0.46043695020953945,4.3799333484792475,0.0,0.0,0,93.42431640625,71.79511260986328,0.46043695020953945,5.0,0.6200666515207525,0.14014877378940582,0.24802665412425995,0.0,0,0,0,-0.17142857611179352,0.00027993321418762207,0.0
875,43.75,93.61070251464844,71.91026306152344,0.47511236597544837,4.399185187731585,0.0,0.0,0,93.61070251464844,71.91026306152344,0.47511236597544837,5.0,0.6008148122684149,0.0,0.240325927734375,0.0,0,0,0,-0.14014877378940582,-0.007700726389884949,0.0
876,43.800000000000004,93.8013916015625,72.01985931396484,0.4817106138922287,4.399845295723209,0.0,0.0,0,93.8013916015625,72.01985931396484,0.4817106138922287,5.0,0.6001547042767914,0.0,0.24006187915802002,0.0,0,0,0,0.0,-0.00026404857635498047,0.0
877,43.85,93.99561309814453,72.124267578125,0.4829065396692424,4.4062566233529035,0.5487961893406565,0.20081748493551893,6,96.62705619568656,73.56055286121081,0.6837240246047613,5.0,0.5937433766470965,0.17142857611179352,0.23749734461307526,0.0,0,0,0,0.17142857611179352,-0.002564534544944763,0.0
878,43.900000000000006,94.18838500976562,72.23091888427734,0.4864819998802419,4.40070076385985,0.5487961893406252,0.2008174849355222,6,96.81467591731256,73.67660358674425,0.6872994848157641,5.0,0.5992992361401503,0.34285715222358704,0.2397196888923645,0.0,0,0,0,0.17142857611179352,0.0022223442792892456,0.0
879,43.95,94.37434387207031,72.345947265625,0.49804737612515626,4.371539228272905,,,,,,,,,0.0,0.0,1.0,0,0,1,-0.34285715222358704,-0.2397196888923645,1.0
880,44.0,94.55772399902344,72.4627456665039,0.5093200043872437,4.332448585892565,,,,,,,,,0.0,0.0,1.0,0,0,1,0.0,0.0,0.0
881,44.050000000000004,94.7416000366211,72.57039642333984,0.5118187818590377,4.210003965829478,,,,,,,,,0.0,0.0,1.0,0,0,1,0.0,0.0,0.0
882,44.1,94.91988372802734,72.67174530029297,0.5121613309542492,4.022180758341244,,,,,,,,,0.0,0.0,1.0,0,0,1,0.0,0.0,0.0
883,44.150000000000006,95.08916473388672,72.7672348022461,0.5122028429777408,3.796953551080206,,,,,,,,,0.0,0.0,1.0,0,0,1,0.0,0.0,0.0
884,44.2,95.24860382080078,72.85694885253906,0.5122329366980587,3.568573954100051,,,,,,,,,0.0,0.0,1.0,0,0,1,0.0,0.0,0.0
885,44.25,95.39810943603516,72.94105529785156,0.5122173904951953,3.340538971853169,,,,,,,,,0.0,0.0,1.0,0,0,1,0.0,0.0,0.0
886,44.300000000000004,95.5377426147461,73.01956939697266,0.5122370978872619,3.1141590047943453,0.7730461612610644,0.3872169231484772,6,97.93761102403059,74.79763017723037,0.8994540210357391,5.0,1.8858409952056547,0.9969252943992615,0.6000000238418579,0.0,0,0,0,0.9969252943992615,0.6000000238418579,-1.0
887,44.35,95.6669692993164,73.09538269042969,0.5145940620310093,2.9308552879564815,1.0176043344589125,0.6024524548065647,6,97.79817079560064,75.14388938692632,1.117046516837574,5.0,2.0691447120435185,1.0,0.6000000238418579,0.0,1,0,0,0.0030747056007385254,0.0,0.0
888,44.400000000000006,95.78679656982422,73.17445373535156,0.522684845291211,2.856078416985013,1.0176043344588903,0.6024524548065686,6,97.90135446857516,75.2401362850638,1.1251373000977796,5.0,2.143921583014987,1.0,0.6000000238418579,0.0,1,0,0,0.0,0.0,0.0
889,44.45,95.90026092529297,73.26077270507812,0.5369880510052676,2.87637715892883,,,,,,,,,0.0,0.0,1.0,0,0,1,-1.0,-0.6000000238418579,1.0
890,44.5,96.01419830322266,73.3511734008789,0.5510768056725457,2.943688640228274,,,,,,,,,0.0,0.0,1.0,0,0,1,0.0,0.0,0.0
891,44.550000000000004,96.1342544555664,73.43444061279297,0.5557267515148513,2.8980015914292583,,,,,,,,,0.0,0.0,1.0,0,0,1,0.0,0.0,0.0
892,44.6,96.25353240966797,73.51024627685547,0.5565852214922383,2.7798774546578775,,,,,,,,,0.0,0.0,1.0,0,0,1,0.0,0.0,0.0
893,44.650000000000006,96.3665542602539,73.58147430419922,0.5565914799208,2.601466594181773,,,,,,,,,0.0,0.0,1.0,0,0,1,0.0,0.0,0.0
894,44.7,96.47183990478516,73.6473388671875,0.5565799617490854,2.4071503018013263,1.0176043344589207,0.6024524548065633,6,98.51518008972728,75.7834943839878,1.1590324165556487,5.0,2.5928496981986737,1.0,0.6000000238418579,0.0,1,0,0,1.0,0.6000000238418579,-1.0
895,44.75,96.568359375,73.7100601196289,0.5583843865456686,2.244161055969814,0.7342718986429717,0.5020437123388062,5,98.36359241221245,75.41361686652348,1.0604280988844748,5.0,2.755838944030186,1.0,0.6000000238418579,0.0,1,0,0,0.0,0.0,0.0
896,44.800000000000004,96.65689849853516,73.77462005615234,0.5647252399430928,2.179619529506786,,,,,,,,,0.0,0.0,1.0,0,0,1,-1.0,-0.6000000238418579,1.0
897,44.85,96.74456024169922,73.84012603759766,0.5704763363171189,2.1783983097360418,,,,,,,,,0.0,0.0,1.0,0,0,1,0.0,0.0,0.0
898,44.900000000000006,96.83513641357422,73.90071868896484,0.5713478557838473,2.159005340731276,,,,,,,,,0.0,0.0,1.0,0,0,1,0.0,0.0,0.0
899,44.95,96.92216491699219,73.95713806152344,0.5710756807204412,2.0061469337798403,,,,,,,,,0.0,0.0,1.0,0,0,1,0.0,0.0,0.0
900,45.0,96.98731231689453,73.9993667602539,0.5702008323023502,1.0662161727905743,0.7342718986429749,0.5020437123388028,5,98.76229050537225,75.72401735623487,1.072244544641153,5.0,3.9337838272094254,1.0,0.6000000238418579,0.0,1,0,0,1.0,0.6000000238418579,-1.0
901,45.050000000000004,97.00212860107422,74.00907897949219,0.570143707496968,0.00735833464240237,0.7342718986429602,0.5020437123388048,5,98.77720530698542,75.73362817737566,1.0721874198357728,5.0,4.992641665357597,1.0,0.6000000238418579,0.0,1,0,0,0.0,0.0,0.0
902,45.1,97.00209045410156,74.00904083251953,0.570143441180859,0.0002845877485686506,0.7342718986429507,0.5020437123388077,5,98.77716761928792,75.73358955767144,1.0721871535196668,5.0,4.999715412251431,1.0,0.6000000238418579,0.0,1,0,0,0.0,0.0,0.0
903,45.150000000000006,97.00659942626953,74.01304626464844,0.570856036509537,0.16445494702638708,0.7342718986429626,0.5020437123388022,5,98.78044723550923,75.73885946353313,1.0728997488483392,5.0,4.835545052973613,1.0,0.6000000238418579,0.0,1,0,0,0.0,0.0,0.0
904,45.2,97.01764678955078,74.0240707397461,0.5731785127171678,0.3491395570387227,0.7342718986429847,0.5020437123388037,5,98.78748165832762,75.75399899983401,1.0752222250559715,5.0,4.650860442961277,1.0,0.6000000238418579,0.0,1,0,0,0.0,0.0,0.0
905,45.25,97.03376007080078,74.04203033447266,0.5781868534631708,0.5545750128310648,0.7342718986429699,0.5020437123388047,5,98.794908708846,75.7808007973287,1.0802305658019755,5.0,4.445424987168935,1.0,0.6000000238418579,0.0,1,0,0,0.0,0.0,0.0
906,45.300000000000004,97.05342864990234,74.06819915771484,0.5868859360058601,0.7313410916180169,0.734271898642971,0.5020437123388067,5,98.79938513474477,75.82222401524275,1.0889296483446669,5.0,4.268658908381983,1.0,0.6000000238418579,0.0,1,0,0,0.0,0.0,0.0
907,45.35,97.0743637084961,74.10163879394531,0.598980948412564,0.8984049504663068,0.7342718986429556,0.5020437123388034,5,98.7989780523337,75.87665220595626,1.1010246607513674,5.0,4.101595049533693,1.0,0.6000000238418579,0.0,1,0,0,0.0,0.0,0.0
908,45.400000000000006,97.09510803222656,74.14218139648438,0.6155480075007562,1.030793696875363,0.7342718986429652,0.5020437123388055,5,98.79008029933134,75.94552170311948,1.1175917198395617,5.0,3.969206303124637,1.0,0.6000000238418579,0.0,1,0,0,0.0,0.0,0.0
909,45.45,97.11526489257812,74.18949890136719,0.6354038042190872,1.1491701472607883,0.7342718986429676,0.5020437123388054,5,98.77409864122433,76.02613654721394,1.1374475165578926,5.0,3.8508298527392117,1.0,0.6000000238418579,0.0,1,0,0,0.0,0.0,0.0
910,45.5,97.13629913330078,74.24394989013672,0.6585769009702481,1.3126690499993792,0.7342718986429757,0.5020437123388054,5,98.75213073846078,76.11853130249393,1.1606206133090535,5.0,3.6873309500006206,1.0,0.6000000238418579,0.0,1,0,0,0.0,0.0,0.0
911,45.550000000000004,97.15836334228516,74.30570983886719,0.6844284719877564,1.47012819528636,0.7342718986429786,0.5020437123388067,5,98.72519956744863,76.22143202418128,1.186472184326563,5.0,3.5298718047136397,1.0,0.6000000238418579,0.0,1,0,0,0.0,0.0,0.0
912,45.6,97.18115234375,74.37493896484375,0.7128025226107604,1.6226447103659287,0.7342718986429799,0.5020437123388037,5,98.69300838678352,76.33434156587606,1.2148462349495641,5.0,3.377355289634071,1.0,0.6000000238418579,0.0,1,0,0,0.0,0.0,0.0
913,45.650000000000006,97.2037582397461,74.45133209228516,0.7436820751873109,1.7746937885416358,0.7342718986429573,0.5020437123388063,5,98.65439766703837,76.45647859560462,1.2457257875261172,5.0,3.2253062114583644,1.0,0.6000000238418579,0.0,1,0,0,0.0,0.0,0.0
914,45.7,97.22593688964844,74.53514862060547,0.777212471733899,1.9175056600817304,0.7342718986429762,0.502043712338807,5,98.60854016562936,76.58779945039507,1.279256184072706,5.0,3.0824943399182696,1.0,0.6000000238418579,0.0,1,0,0,0.0,0.0,0.0
915,45.75,97.24703979492188,74.62638854980469,0.8132803281671146,2.0734127448605917,0.606096862464511,0.44823482942428106,5,98.5547251961771,76.72756111271643,1.2615151575913957,5.0,2.9265872551394083,1.0,0.6000000238418579,0.0,1,0,0,0.0,0.0,0.0
916,45.800000000000004,97.266357421875,74.72518920898438,0.8519714648530856,2.220021315815742,0.606096862464481,0.44823482942428194,5,98.49178766729892,76.87537244801062,1.3002062942773676,5.0,2.779978684184258,1.0,0.6000000238418579,0.0,1,0,0,0.0,0.0,0.0
917,45.85,97.28303527832031,74.8317642211914,0.8933474673920199,2.3747134890064405,0.24253436377011905,0.30843525076456557,6,98.57690454559419,77.50503281779275,1.2017827181565854,5.0,2.6252865109935595,0.8285714387893677,0.6000000238418579,0.0,0,0,0,-0.17142856121063232,0.0,0.0
918,45.900000000000006,97.30184173583984,74.94801330566406,0.9343749287232901,2.577578147672922,0.48559080742773175,0.2795991573194334,6,98.78756276033953,77.5433499113845,1.2139740860427235,5.0,2.422421852327078,0.7220240235328674,0.6000000238418579,0.0,0,0,0,-0.10654741525650024,0.0,0.0
919,45.95,97.32859802246094,75.07489013671875,0.9718145794340056,2.7845666206474515,0.7730461612610715,0.38721692314847544,6,98.69076259523243,77.73296767450027,1.359031502582481,5.0,2.2154333793525485,0.8934525847434998,0.6000000238418579,0.0,0,0,0,0.17142856121063232,0.0,0.0
920,46.0,97.35552215576172,75.21004486083984,1.0108317536164295,2.910173838229173,0.4855908074277364,0.27959915731943186,6,98.63866486912987,77.91128232481132,1.2904309109358614,5.0,2.089826161770827,0.7220240235328674,0.6000000238418579,0.0,0,0,0,-0.17142856121063232,0.0,0.0
921,46.050000000000004,97.37918853759766,75.35386657714844,1.0512596708072957,3.104161115314886,0.23215720566917886,0.18639943821295457,6,98.57429559366614,78.09765393445471,1.2376591090202502,5.0,1.895838884685114,0.5505954623222351,0.6000000238418579,0.0,0,0,0,-0.17142856121063232,0.0,0.0
922,46.1,97.4075927734375,75.50857543945312,1.0877844591045416,3.316599848057189,0.23215720566915454,0.18639943821295457,6,98.50170877434344,78.29417413886048,1.2741838973174962,5.0,1.683400151942811,0.41064533591270447,0.6000000238418579,0.0,0,0,0,-0.13995012640953064,0.0,0.0
923,46.150000000000006,97.4454116821289,75.67388153076172,1.1172597268382933,3.528367988156438,2.220446049250313e-14,0.0,6,98.75985366758245,78.37059105662411,1.1172597268382933,5.0,1.4716320118435622,0.23921675980091095,0.5886527895927429,0.0,0,0,0,-0.17142857611179352,-0.01134723424911499,0.0
924,46.2,97.493896484375,75.8479995727539,1.1392371974180633,3.71968507104976,0.5487961893406426,0.20081748493551643,6,98.70218077454638,78.59162076820628,1.3400546823535797,5.0,1.28031492895024,0.41064533591270447,0.5121259689331055,0.0,0,0,0,0.17142857611179352,-0.07652682065963745,0.0
925,46.25,97.5465316772461,76.03022003173828,1.1592496545875182,3.8693693127477666,-2.5979218776228663e-14,0.0,6,98.74661368503854,78.77972965612094,1.1592496545875182,5.0,1.1306306872522334,0.23921675980091095,0.45225226879119873,0.0,0,0,0,-0.17142857611179352,-0.05987370014190674,0.0
926,46.300000000000004,97.59905242919922,76.22013854980469,1.1791758253376545,4.0187884810315895,0.5487961893406499,0.20081748493552776,6,98.69682584634064,79.00981625782548,1.3799933102731823,5.0,0.9812115189684105,0.41064533591270447,0.3924846053123474,0.0,0,0,0,0.17142857611179352,-0.05976766347885132,0.0
927,46.35,97.64981842041016,76.41674041748047,1.1998459501383045,4.1144925633981435,0.2559536295075798,0.09319971910647706,6,98.71541836488949,79.22062750790728,1.2930456692447816,5.0,0.8855074366018565,0.25076138973236084,0.3542029857635498,0.0,0,0,0,-0.15988394618034363,-0.03828161954879761,0.0
928,46.400000000000006,97.69754028320312,76.61898803710938,1.220952700199673,4.215500229442839,0.25595362950753686,0.09319971910647706,6,98.70372632684375,79.44474027379243,1.31415241930615,5.0,0.7844997705571606,0.24886415898799896,0.3137999176979065,0.0,0,0,0,-0.0018972307443618774,-0.04040306806564331,0.0
929,46.45,97.74495697021484,76.82594299316406,1.2400759278811506,4.292497064159921,0.2559536295075584,0.0931997191064744,6,98.69692482954491,79.67041891191236,1.333275646987625,5.0,0.7075029358400791,0.24746640026569366,0.283001184463501,0.0,0,0,0,-0.0013977587223052979,-0.030798733234405518,0.0
930,46.5,97.78990936279297,77.03653717041016,1.2590719896205766,4.341487040369016,0.2559536295075274,0.09319971910647551,6,98.68767487777572,79.89858244217723,1.3522717087270522,5.0,0.6585129596309844,0.24659796059131622,0.2634051740169525,0.0,0,0,0,-0.0008684396743774414,-0.019596010446548462,0.0
931,46.550000000000004,97.83157348632812,77.25,1.2780436834360287,4.381029629408062,0.2559536295075747,0.09319971910647662,6,98.6748828525087,80.12856133692658,1.3712434025425053,5.0,0.6189703705919376,0.24590849876403809,0.2475881427526474,0.0,0,0,0,-0.0006894618272781372,-0.015817031264305115,0.0
932,46.6,97.86961364746094,77.465576171875,1.297129094230027,4.402227154910098,3.164135620181696e-14,0.0,6,98.68040566907155,80.3539349268936,1.297129094230027,5.0,0.597772845089902,0.07447993010282516,0.23910914361476898,0.0,0,0,0,-0.17142856866121292,-0.008478999137878418,0.0
933,46.650000000000006,97.91026306152344,77.6822509765625,1.3106626130995371,4.42609674486108,1.27675647831893e-14,0.0,6,98.68189236902951,80.5813177594769,1.3106626130995371,5.0,0.5739032551389203,4.622281239539819e-15,0.22956129908561707,0.0,0,0,0,-0.07447993010282054,-0.009547844529151917,0.0
934,46.7,97.96013641357422,77.8978042602539,1.314843110220689,4.428635905427087,6.772360450213455e-15,0.0,6,98.71963947333991,80.80007149505613,1.314843110220689,5.0,0.571364094572913,2.450671933654637e-15,0.2285456359386444,0.0,0,0,0,-2.1716093058851823e-15,-0.0010156631469726562,0.0
935,46.75,98.01445770263672,78.11261749267578,1.3154890599430877,4.434085897665888,-1.9539925233402755e-14,0.0,6,98.7720858853664,81.01537472274752,1.3154890599430877,5.0,0.5659141023341121,-7.063699973520413e-15,0.22636564075946808,0.0,0,0,0,-9.51437190717505e-15,-0.0021799951791763306,0.0
936,46.800000000000004,98.06998443603516,78.32732391357422,1.3156212858912102,4.436561763316186,-1.6764367671839864e-14,0.0,6,98.82722879231596,81.23018129637498,1.3156212858912102,5.0,0.5634382366838144,-6.0575734864645476e-15,0.22537529468536377,0.0,0,0,0,1.0061264870558657e-15,-0.000990346074104309,0.0
937,46.85,98.1258316040039,78.54200744628906,1.3156026437635797,4.436858152895926,3.3306690738754696e-14,0.0,6,98.883130075591,81.44485071193945,1.3156026437635797,5.0,0.5631418471040739,1.2034257867565151e-14,0.22525674104690552,0.0,0,0,0,1.80918313540297e-14,-0.00011855363845825195,0.0
938,46.900000000000006,98.18179321289062,78.75663757324219,1.3156401943349498,4.435930190989614,-0.25595362950756473,-0.09319971910647573,6,98.96138309262793,81.65310536642541,1.222440475228474,5.0,0.5640698090103857,-0.17142857611179352,0.22562792897224426,0.0,0,0,0,-0.17142857611180556,0.0003711879253387451,0.0
939,46.95,98.24283599853516,78.96920776367188,1.3109646155671522,4.413731805658507,-0.255953629507532,-0.09319971910647995,6,99.03595997093919,81.86199887640963,1.2177648964606722,5.0,0.5862681943414927,-0.24534589052200317,0.23450727760791779,0.0,0,0,0,-0.07391731441020966,0.008879348635673523,0.0
940,47.0,98.31499481201172,79.17610931396484,1.297499007305439,4.377751861732611,-0.2559536295075495,-0.09319971910647906,6,99.1469988945849,82.05795859248688,1.20429928819896,5.0,0.6222481382673886,-0.24596527218818665,0.24889925122261047,0.0,0,0,0,-0.0006193816661834717,0.014391973614692688,0.0
941,47.050000000000004,98.39571380615234,79.3785171508789,1.2795595547285017,4.370932600923364,-0.31806268606887966,-0.014418046722565858,6,98.98841322490091,82.313839764541,1.2651415080059358,5.0,0.6290673990766358,-0.13973933458328247,0.25162696838378906,0.0,0,0,0,0.10622593760490417,0.002727717161178589,0.0
942,47.1,98.47736358642578,79.58120727539062,1.2650060451614913,4.385328067695468,2.6867397195928788e-14,0.0,6,99.38050425368137,82.44203529104433,1.2650060451614913,5.0,0.6146719323045318,9.800523565438313e-15,0.2458687722682953,0.0,0,0,0,0.13973933458329227,-0.005758196115493774,0.0
943,47.150000000000006,98.55303192138672,79.78692626953125,1.2584509404543702,4.38661750548203,4.773959005888173e-15,0.0,6,99.47490607789742,82.64177268213521,1.2584509404543702,5.0,0.6133824945179702,1.7409984019291854e-15,0.24535299837589264,0.0,0,0,0,-8.059525163509127e-15,-0.0005157738924026489,0.0
944,47.2,98.62297821044922,79.99497985839844,1.2573362743801175,4.392237969529261,1.0769163338864018e-14,0.0,6,99.54803399403903,82.84879691582294,1.2573362743801175,5.0,0.607762030470739,3.923274923114733e-15,0.24310481548309326,0.0,0,0,0,2.1822765211855478e-15,-0.0022481828927993774,0.0
945,47.25,98.69142150878906,80.20394134521484,1.2571606389062269,4.401080735944447,0.0,0.0,6,99.61697850961959,83.05759588601224,1.2571606389062269,5.0,0.598919264055553,0.0,0.23956771194934845,0.0,0,0,0,-3.923274923114733e-15,-0.003537103533744812,0.0
946,47.300000000000004,98.75955963134766,80.41332244873047,1.257149586787703,4.405035698915456,2.8310687127941492e-14,0.0,6,99.68514817104989,83.2669667599879,1.257149586787703,5.0,0.594964301084544,1.0289343738199928e-14,0.23798571527004242,0.0,0,0,0,1.0289343738199928e-14,-0.0015819966793060303,0.0
947,47.35,98.82762145996094,80.6230239868164,1.257133208346999,4.412265331642655,2.3314683517128287e-14,0.0,6,99.75325673778316,83.47665313799408,1.257133208346999,5.0,0.5877346683573448,8.462258095588617e-15,0.2350938618183136,0.0,0,0,0,-1.8270856426113105e-15,-0.002891853451728821,0.0
948,47.400000000000006,98.8957290649414,80.83292388916016,1.2571481220491034,4.413807031415343,-1.7763568394002505e-15,0.0,6,99.82132178448559,83.68656684466927,1.2571481220491034,5.0,0.5861929685846574,-6.445598856085269e-16,0.2344771921634674,0.0,0,0,0,-9.106817981197144e-15,-0.0006166696548461914,0.0
949,47.45,98.96387481689453,81.04299926757812,1.257132409398672,4.419059519300717,3.452793606584237e-14,0.0,6,99.8895123746187,83.89662767922012,1.257132409398672,5.0,0.5809404806992831,1.2516488971030075e-14,0.23237618803977966,0.0,0,0,0,1.3161048856638602e-14,-0.002101004123687744,0.0
950,47.5,99.03205871582031,81.25316619873047,1.2571481220491034,4.41899732950754,-1.7763568394002505e-15,0.0,6,99.9576514353645,84.10680915423958,1.2571481220491034,5.0,0.5810026704924596,-6.439425044690969e-16,0.2324010729789734,0.0,0,0,0,-1.3160431475499172e-14,2.4884939193725586e-05,0.0
951,47.550000000000004,99.10025024414062,81.46344757080078,1.25713294203089,4.422784267248481,2.298161660974074e-14,0.0,6,100.02588628193023,84.31707647546676,1.25713294203089,5.0,0.5772157327515188,8.325188682965085e-15,0.2308862954378128,0.0,0,0,0,8.969131187434181e-15,-0.0015147775411605835,0.0
952,47.6,99.16847229003906,81.67375946044922,1.257148255207158,4.421645981488675,-0.25595362950758427,-0.0931997191064784,6,100.1160523698777,84.519700086996,1.1639485361006796,5.0,0.578354018511325,-0.17142857611179352,0.23134160041809082,0.0,0,0,0,-0.17142857611180184,0.00045530498027801514,0.0
953,47.650000000000006,99.24169921875,81.88185119628906,1.252475472758505,4.402702214467002,0.31806268606889,0.014418046722567857,6,100.43623048422322,84.62784946705834,1.2668935194810729,5.0,0.597297785532998,8.326672684688674e-15,0.23891910910606384,0.0,0,0,0,0.17142857611180184,0.0075775086879730225,0.0
954,47.7,99.3172836303711,82.0885009765625,1.2471962885296408,4.401939970790471,0.02329149787709306,-0.09319971910647751,6,100.55067372496684,84.81678195374171,1.1539965694231633,5.0,0.5980600292095293,-0.14410008490085602,0.23922401666641235,0.0,0,0,0,-0.14410008490086434,0.00030490756034851074,0.0
955,47.75,99.39261627197266,82.29518127441406,1.2428345632963091,4.397013293642256,0.023291497877066414,-0.09319971910647751,6,100.63789460843095,85.01805660770285,1.1496348441898316,5.0,0.6029867063577443,-0.1440923511981964,0.2411946803331375,0.0,0,0,0,7.733702659606934e-06,0.0019706636667251587,0.0
956,47.800000000000004,99.4747543334961,82.49861145019531,1.233247449688133,4.390151332788368,-0.2425343637701367,-0.3084352507645659,6,101.06296712130158,85.00820161813546,0.924812198923567,5.0,0.6098486672116321,-0.3155209422111511,0.24393947422504425,0.0,0,0,0,-0.1714285910129547,0.0027447938919067383,0.0
957,47.85,99.56391143798828,82.69813537597656,1.219083560588601,4.367930545089212,0.05012005437692957,-0.20081748493552354,6,101.16658900251356,85.20189130788349,1.0182660756530775,5.0,0.6320694549107877,-0.3104017376899719,0.25282779335975647,0.0,0,0,0,0.005119204521179199,0.00888831913471222,0.0
958,47.900000000000006,99.66287231445312,82.89087677001953,1.1984432631921598,4.345253102022141,0.05012005437694844,-0.2008174849355212,6,101.31688310102174,85.36102200062975,0.9976257782566386,5.0,0.6547468979778586,-0.31032392382621765,0.2618987560272217,0.0,0,0,0,7.781386375427246e-05,0.00907096266746521,0.0
959,47.95,99.76895141601562,83.0792007446289,1.1754280918936406,4.3482931307269075,0.050120054376898704,-0.20081748493552187,6,101.47936995551298,85.51062780751512,0.9746106069581187,5.0,0.6517068692730925,-0.31033438444137573,0.26068276166915894,0.0,0,0,0,-1.0460615158081055e-05,-0.0012159943580627441,0.0
960,48.0,99.88037872314453,83.26473236083984,1.1520047911580666,4.355816161737917,0.023291497877102163,-0.09319971910647706,6,101.36750200941081,85.86343060175382,1.0588050720515896,5.0,0.6441838382620828,-0.14402714371681213,0.2576735317707062,0.0,0,0,0,0.1663072407245636,-0.003009229898452759,0.0
961,48.050000000000004,99.99178314208984,83.45194244384766,1.133755612946353,4.3824780518348,0.31806268606887,0.014418046722568523,6,101.5031454490744,86.03713013999028,1.1481736596689216,5.0,0.6175219481651997,0.027401424944400787,0.2470087856054306,0.0,0,0,0,0.17142856866121292,-0.010664746165275574,0.0
962,48.1,100.09487915039062,83.64498901367188,1.1266357849300808,4.377204332455979,0.318062686068856,0.014418046722564082,6,101.62460908686494,86.21935063720404,1.1410538316526448,5.0,0.6227956675440209,0.1396043300628662,0.24911826848983765,0.0,0,0,0,0.11220290511846542,0.0021094828844070435,0.0
963,48.150000000000006,100.18643951416016,83.84324645996094,1.1300671348365934,4.361539633051021,0.31806268606889576,0.014418046722570299,6,101.70732692681747,86.42284195640634,1.1444851815591637,5.0,0.638460366948979,0.13994212448596954,0.2553841471672058,0.0,0,0,0,0.0003377944231033325,0.006265878677368164,0.0
964,48.2,100.26897430419922,84.044921875,1.1395886015238992,4.363645308548678,0.3180626860688538,0.01441804672256386,6,101.76523161535259,86.63888130145234,1.154006648246463,5.0,0.6363546914513218,0.13989660143852234,0.25454187393188477,0.0,0,0,0,-4.552304744720459e-05,-0.0008422732353210449,0.0
965,48.25,100.34728240966797,84.24861145019531,1.1503721402517935,4.373506527658657,0.3180626860688591,0.014418046722569633,6,101.81548120592609,86.85855469515815,1.164790186974363,5.0,0.6264934723413429,0.13968390226364136,0.25059738755226135,0.0,0,0,0,-0.00021269917488098145,-0.003944486379623413,0.0
966,48.300000000000004,100.4229507446289,84.45384216308594,1.1614021545385746,4.385031480129613,0.3180626860688893,0.014418046722571631,6,101.86227310280917,87.07982057055682,1.1758202012611463,5.0,0.6149685198703869,0.1394362896680832,0.2459874153137207,0.0,0,0,0,-0.0002476125955581665,-0.004609972238540649,0.0
967,48.35,100.49634552001953,84.660400390625,1.1724281740837208,4.392069773623531,0.31806268606887933,0.014418046722566746,6,101.90662688506427,87.3020888504303,1.1868462208062875,5.0,0.6079302263764692,0.1392855942249298,0.24317209422588348,0.0,0,0,0,-0.00015069544315338135,-0.0028153210878372192,0.0
968,48.400000000000006,100.56754302978516,84.86814880371094,1.183475365759533,4.401209644883475,0.3180626860688698,0.014418046722562972,6,101.94855569484552,87.52525540040664,1.197893412482096,5.0,0.5987903551165248,0.13909049332141876,0.23951613903045654,0.0,0,0,0,-0.00019510090351104736,-0.003655955195426941,0.0
969,48.45,100.6365737915039,85.07695770263672,1.1945073774171318,4.405724968716835,0.3180626860688689,0.01441804672256608,6,101.9881897827912,87.7491376478046,1.2089254241396978,5.0,0.5942750312831651,0.13899433612823486,0.23771001398563385,0.0,0,0,0,-9.615719318389893e-05,-0.0018061250448226929,0.0
970,48.5,100.70337677001953,85.28678894042969,1.2055529711962898,4.411895734481864,0.31806268606886734,0.014418046722565192,6,102.02539509609207,87.97373497501789,1.219971017918855,5.0,0.5881042655181359,0.138863205909729,0.23524171113967896,0.0,0,0,0,-0.00013113021850585938,-0.002468302845954895,0.0
971,48.550000000000004,100.76793670654297,85.49750518798828,1.2165853823280521,4.41402635800547,0.31806268606887467,0.014418046722563194,6,102.06023168729163,88.19887245846313,1.2310034290506153,5.0,0.5859736419945296,0.13881799578666687,0.23438945412635803,0.0,0,0,0,-4.521012306213379e-05,-0.0008522570133209229,0.0
972,48.6,100.83023834228516,85.70909118652344,1.2276299108427742,4.417977999042915,0.3180626860688869,0.014418046722566302,6,102.0926197844328,88.42456619870495,1.2420479575653405,5.0,0.5820220009570853,0.13873423635959625,0.23280879855155945,0.0,0,0,0,-8.375942707061768e-05,-0.001580655574798584,0.0
973,48.650000000000006,100.8902359008789,85.92142486572266,1.2386615230262095,4.4184647831615385,0.3180626860688899,0.014418046722570743,6,102.12258507048391,88.65066046776121,1.2530795697487802,5.0,0.5815352168384615,0.1387239247560501,0.23261408507823944,0.0,0,0,0,-1.0311603546142578e-05,-0.00019471347332000732,0.0
974,48.7,100.9478988647461,86.13449096679688,1.249703787854005,4.420907042510293,0.31806268606889065,0.014418046722565414,6,102.15003657409589,88.87716782983053,1.2641218345765703,5.0,0.5790929574897072,0.13867223262786865,0.23163717985153198,0.0,0,0,0,-5.169212818145752e-05,-0.0009769052267074585,0.0
975,48.75,101.00321960449219,86.34821319580078,1.2607352668793856,4.420464070809202,0.31806268606887544,0.014418046722568745,6,102.17502899975716,89.1039842654707,1.2751533136019544,5.0,0.579535929190798,0.13868160545825958,0.23181436955928802,0.0,0,0,0,9.372830390930176e-06,0.00017718970775604248,0.0
976,48.800000000000004,101.05619049072266,86.56255340576172,1.2717758006524726,4.422023701478899,0.25595362950755396,0.09319971910647906,6,101.91752565859016,89.4357724691349,1.3649755197589517,5.0,0.5779762985211008,0.24520431458950043,0.2311905175447464,0.0,0,0,0,0.10652270913124084,-0.000623852014541626,0.0
977,48.85,101.10324096679688,86.77755737304688,1.285793881682323,4.4009141234509865,0.31806268606887445,0.014418046722567412,6,102.2056338928665,89.56182411382667,1.3002119284048903,5.0,0.5990858765490135,0.13909678161144257,0.23963434994220734,0.0,0,0,0,-0.10610753297805786,0.008443832397460938,0.0
978,48.900000000000006,101.14691925048828,86.99309539794922,1.2995555002991983,4.410537496719349,0.31806268606888966,0.014418046722565192,6,102.21089298380498,89.79226872985866,1.3139735470217635,5.0,0.5894625032806511,0.1388920396566391,0.23578500747680664,0.0,0,0,0,-0.0002047419548034668,-0.003849342465400696,0.0
979,48.95,101.19056701660156,87.20903015136719,1.3110182782631172,4.412966151662849,0.31806268606887333,0.01441804672256386,6,102.222385250395,90.02021541379162,1.325436324985681,5.0,0.5870338483371507,0.1388404816389084,0.23481354117393494,0.0,0,0,0,-5.155801773071289e-05,-0.0009714663028717041,0.0
980,49.0,101.23239135742188,87.42552185058594,1.3221336468628355,4.416621166398021,0.25595362950752615,0.09319971910647507,6,101.94800664237002,90.33845522117392,1.4153333659693106,5.0,0.5833788336019792,0.24529650807380676,0.23335152864456177,0.0,0,0,0,0.10645602643489838,-0.001462012529373169,0.0
981,49.050000000000004,101.2684326171875,87.64240264892578,1.3361703700203162,4.396594730597864,0.3180626860688698,0.014418046722568079,6,102.22922475509723,90.47864839197975,1.3505884167428843,5.0,0.6034052694021357,0.13918891549110413,0.24136210978031158,0.0,0,0,0,-0.10610759258270264,0.008010581135749817,0.0
982,49.1,101.3011474609375,87.85967254638672,1.349940244436571,4.407405855069407,0.3180626860688689,0.014418046722565636,6,102.22279499914048,90.70887897319845,1.3643582911591365,5.0,0.5925941449305929,0.13895858824253082,0.23703765869140625,0.0,0,0,0,-0.00023032724857330322,-0.0043244510889053345,0.0
983,49.150000000000006,101.33381652832031,88.07743072509766,1.361404620297144,4.410752513950422,0.31806268606889687,0.014418046722570077,6,102.22273984237422,90.93701579796965,1.375822667019714,5.0,0.5892474860495778,0.13888747990131378,0.23569899797439575,0.0,0,0,0,-7.110834121704102e-05,-0.001338660717010498,0.0
984,49.2,101.36465454101562,88.295654296875,1.3725210541612982,4.415027967235434,0.3180626860688719,0.014418046722569633,6,102.22173519760392,91.16494413851929,1.3869391008838678,5.0,0.5849720327645658,0.13879674673080444,0.23398880660533905,0.0,0,0,0,-9.073317050933838e-05,-0.0017101913690567017,0.0
985,49.25,101.39327239990234,88.5143051147461,1.383567313730729,4.415769061679915,0.318062686068882,0.01441804672256608,6,102.21860649078916,91.39288724587958,1.397985360453295,5.0,0.5842309383200854,0.13878104090690613,0.23369237780570984,0.0,0,0,0,-1.570582389831543e-05,-0.0002964287996292114,0.0
986,49.300000000000004,101.41950988769531,88.73334503173828,1.3946169022515222,4.418639321008874,0.31806268606886284,0.014418046722569855,6,102.21298709433363,91.62087085323432,1.409034948974092,5.0,0.5813606789911256,0.13872022926807404,0.23254427313804626,0.0,0,0,0,-6.0811638832092285e-05,-0.0011481046676635742,0.0
987,49.35,101.44336700439453,88.95271301269531,1.405652908650756,4.4185013174688565,0.31806268606888205,0.014418046722568523,6,102.20492978477742,91.84881963690589,1.4200709553733246,5.0,0.5814986825311435,0.13872314989566803,0.23259946703910828,0.0,0,0,0,2.9206275939941406e-06,5.519390106201172e-05,0.0
988,49.400000000000006,101.4648208618164,89.17240142822266,1.4167008992748953,4.420589713714841,0.3180626860688739,0.01441804672256719,6,102.19434165728386,92.07674487489722,1.4311189459974625,5.0,0.5794102862851593,0.13867895305156708,0.23176410794258118,0.0,0,0,0,-4.419684410095215e-05,-0.0008353590965270996,0.0
989,49.45,101.48385620117188,89.3923110961914,1.4277359735677475,4.419906721909653,0.318062686068885,0.014418046722566302,6,102.18128358392443,92.30452786234187,1.4421540202903138,5.0,0.5800932780903469,0.1386934071779251,0.23203730583190918,0.0,0,0,0,1.4454126358032227e-05,0.00027319788932800293,0.0
990,49.5,101.50045776367188,89.61246490478516,1.4387828989274507,4.421484725289541,0.318062686068882,0.014418046722567857,6,102.1656722048142,92.53220824873794,1.4532009456500186,5.0,0.5785152747104592,0.1386600136756897,0.231406107544899,0.0,0,0,0,-3.33935022354126e-05,-0.0006311982870101929,0.0
991,49.550000000000004,101.51463317871094,89.83277130126953,1.4498186390105756,4.420540314792013,0.3180626860688635,0.014418046722566524,6,102.14758623821574,92.7596778374822,1.4642366857331421,5.0,0.5794596852079872,0.13867999613285065,0.23178386688232422,0.0,0,0,0,1.9982457160949707e-05,0.00037775933742523193,0.0
992,49.6,101.52637481689453,90.05326080322266,1.4608647654219518,4.421744898731394,0.318062686068876,0.01441804672256608,6,102.12695893919455,92.98698031253197,1.4752828121445178,5.0,0.5782551012686064,0.13865451514720917,0.23130203783512115,0.0,0,0,0,-2.5480985641479492e-05,-0.00048182904720306396,0.0
993,49.650000000000006,101.53568267822266,90.27385711669922,1.4719010381372946,4.420795191946317,0.3180626860688795,0.014418046722568967,6,102.10385355420344,93.21402604091908,1.4863190848598635,5.0,0.5792048080536834,0.13867460191249847,0.2316819280385971,0.0,0,0,0,2.008676528930664e-05,0.00037989020347595215,0.0
994,49.7,101.54254913330078,90.49454498291016,1.4829446345456352,4.421666551863666,0.023291497877114598,-0.09319971910647906,6,102.10457694747247,93.43544500704941,1.3897449154391561,5.0,0.578333448136334,-0.032753974199295044,0.23133337497711182,0.0,0,0,0,-0.17142857611179352,-0.00034855306148529053,0.0
995,49.75,101.55372619628906,90.71500396728516,1.4882187587684281,4.411226774217539,0.31806268606888655,0.014418046722569633,6,102.07384670505982,93.66405230592204,1.5026368054909978,5.0,0.5887732257824609,0.13867460191249847,0.23550929129123688,0.0,0,0,0,0.17142857611179352,0.004175916314125061,0.0
996,49.800000000000004,101.56675720214844,90.93502044677734,1.4918783415803605,4.403731156876545,0.3180626860688891,0.014418046722566968,6,102.0760819655318,93.88595245762839,1.5062963883029274,5.0,0.5962688431234549,0.13903677463531494,0.23850753903388977,0.0,0,0,0,0.0003621727228164673,0.002998247742652893,0.0
997,49.85,101.5722427368164,91.1546401977539,1.5011100563410658,4.395903241905128,0.3180626860688722,0.014418046722566968,6,102.05430402121127,94.1101483377103,1.5155281030636327,5.0,0.6040967580948724,0.13920368254184723,0.24163870513439178,0.0,0,0,0,0.0001669079065322876,0.003131166100502014,0.0
998,49.900000000000006,101.57340240478516,91.37425231933594,1.511875885047711,4.398826233241979,0.318062686068885,0.014418046722570965,6,102.02361787352308,94.33477887367893,1.526293931770282,5.0,0.6011737667580208,0.13914130628108978,0.24046950042247772,0.0,0,0,0,-6.237626075744629e-05,-0.0011692047119140625,0.0
999,49.95,101.57164001464844,91.59396362304688,1.5228591608573614,4.400604483604232,0.02329149787709961,-0.09319971910647662,6,102.01586672055262,94.55494840005035,1.4296594417508848,5.0,0.5993955163957683,-0.032287273555994034,0.2397582083940506,0.0,0,0,0,-0.17142857983708382,-0.000711292028427124,0.0
1000,50.0,101.57402038574219,91.8138198852539,1.528142206669806,4.395617234664975,0.023291497877104272,-0.09319971910647773,6,102.00259794689048,94.77711020008387,1.4349424875633283,5.0,0.6043827653350249,-0.14409016072750092,0.24175310134887695,0.0,0,0,0,-0.11180288717150688,0.001994892954826355,0.0
1001,50.050000000000004,101.5873794555664,92.0325927734375,1.5239113758040517,4.376064584779604,0.31806268606886334,0.014418046722567857,6,102.00193178739303,94.9983233430338,1.5383294225266195,5.0,0.6239354152203962,0.027338409796357155,0.24957416951656342,0.0,0,0,0,0.17142857052385807,0.007821068167686462,0.0
1002,50.1,101.60296630859375,92.25090789794922,1.519856180412188,4.378271468905026,0.31806268606887467,0.014418046722570077,6,102.0295418158266,95.21493299633991,1.534274227134758,5.0,0.6217285310949743,0.13958139717578888,0.2486914098262787,0.0,0,0,0,0.11224298737943172,-0.000882759690284729,0.0
1003,50.150000000000006,101.60952758789062,92.46934509277344,1.524057317031788,4.366105510985565,0.3180626860688829,0.014418046722567412,6,102.0236470929436,95.43513613106248,1.5384753637543553,5.0,0.6338944890144349,0.13984346389770508,0.25355780124664307,0.0,0,0,0,0.00026206672191619873,0.00486639142036438,0.0
1004,50.2,101.60770416259766,92.68741607666016,1.5337613434118187,4.366855995770175,0.31806268606888727,0.014418046722565858,6,101.99302450659395,95.6570860380807,1.5481793901343845,5.0,0.6331440042298251,0.13982726633548737,0.2532576024532318,0.0,0,0,0,-1.6197562217712402e-05,-0.0003001987934112549,0.0
1005,50.25,101.60160827636719,92.90570068359375,1.5445555347840734,4.376430350760156,0.31806268606889787,0.014418046722571187,6,101.9548516094679,95.87935678255354,1.5589735815066446,5.0,0.6235696492398439,0.13962097465991974,0.24942785501480103,0.0,0,0,0,-0.00020629167556762695,-0.003829747438430786,0.0
1006,50.300000000000004,101.59263610839844,93.12428283691406,1.5555911417091437,4.383233504421125,0.3180626860688912,0.014418046722565636,6,101.91304249815506,96.1016560403711,1.5700091884317093,5.0,0.616766495578875,0.13947485387325287,0.24670660495758057,0.0,0,0,0,-0.00014612078666687012,-0.002721250057220459,0.0
1007,50.35,101.58108520507812,93.34319305419922,1.5665857359534268,4.393352421115202,0.02329149787711532,-0.09319971910647884,6,101.89545482703846,96.32076588398414,1.473386016846948,5.0,0.6066475788847976,-0.03195372596383095,0.24265903234481812,0.0,0,0,0,-0.17142857983708382,-0.004047572612762451,0.0
1008,50.400000000000006,101.57379913330078,93.56257629394531,1.5719165855074384,4.389641266346428,0.023291497877097944,-0.09319971910647618,6,101.87229137078835,96.54178266478378,1.4787168664009622,5.0,0.6103587336535723,-0.1440807580947876,0.24414348602294922,0.0,0,0,0,-0.11212703213095665,0.0014844536781311035,0.0
1009,50.45,101.57750701904297,93.78152465820312,1.5677071930884592,4.372902935049186,0.3180626860688755,0.014418046722568745,6,101.86181676735428,96.76256129237521,1.582125239811028,5.0,0.6270970649508136,0.027347812429070473,0.2508388161659241,0.0,0,0,0,0.17142857052385807,0.0066953301429748535,0.0
1010,50.5,101.58351135253906,94.00019073486328,1.563662384024847,4.376922502021059,0.3180626860688833,0.014418046722565192,6,101.87987646625007,96.98005300796181,1.578080430747412,5.0,0.6230774979789411,0.1396103948354721,0.2492309957742691,0.0,0,0,0,0.11226258240640163,-0.0016078203916549683,0.0
1011,50.550000000000004,101.58051300048828,94.21866607666016,1.5678639201186104,4.365870717033538,0.31806268606886673,0.014418046722567635,6,101.86435553629126,97.19974723324242,1.582281966841178,5.0,0.6341292829664624,0.139848530292511,0.2536517083644867,0.0,0,0,0,0.0002381354570388794,0.00442071259021759,0.0
1012,50.6,101.56912231445312,94.43647003173828,1.5775692780791861,4.367220011895371,0.3180626860688937,0.014418046722567857,6,101.82401947670722,97.42016553965053,1.591987324801754,5.0,0.6327799881046294,0.13981939852237701,0.25311198830604553,0.0,0,0,0,-2.9131770133972168e-05,-0.0005397200584411621,0.0
1013,50.650000000000006,101.55348205566406,94.65431213378906,1.5883621378708956,4.37725681327052,0.3180626860688844,0.014418046722568967,6,101.77616239001897,97.6405848801993,1.6027801845934646,5.0,0.6227431867294797,0.13960321247577667,0.24909727275371552,0.0,0,0,0,-0.0002161860466003418,-0.004014715552330017,0.0
1014,50.7,101.53494262695312,94.87234497070312,1.5993977447959662,4.38421693675646,0.3180626860688638,0.014418046722564526,6,101.72465473862992,97.86089324067369,1.6138157915185307,5.0,0.6157830632435397,0.13945375382900238,0.24631322920322418,0.0,0,0,0,-0.000149458646774292,-0.002784043550491333,0.0
1015,50.75,101.5138168334961,95.090576171875,1.6103927385144128,4.394370398824651,0.023291497877103357,-0.09319971910647706,6,101.69748803280831,98.07905958431483,1.5171930194079357,5.0,0.605629601175349,-0.03197481855750084,0.24225184321403503,0.0,0,0,0,-0.17142857238650322,-0.004061385989189148,0.0
1016,50.800000000000004,101.4969253540039,95.30948638916016,1.6157238543845334,4.3905942899341435,0.023291497877062833,-0.09319971910647906,6,101.66466206740009,98.29890650196864,1.5225241352780543,5.0,0.6094057100658565,-0.14408226311206818,0.2437622845172882,0.0,0,0,0,-0.11210744455456734,0.0015104413032531738,0.0
1017,50.85,101.49103546142578,95.52842712402344,1.611512597752791,4.373736280967767,0.3180626860688736,0.014418046722562305,6,101.64452871408277,98.51905436068294,1.6259306444753534,5.0,0.6262637190322327,0.027346311137080193,0.2505054771900177,0.0,0,0,0,0.17142857424914837,0.006743192672729492,0.0
1018,50.900000000000006,101.4874496459961,95.74720764160156,1.6074672560569607,4.377622172808378,0.31806268606886556,0.014418046722563416,6,101.6530397187724,98.73718947684051,1.6218853027795241,5.0,0.622377827191622,0.13959535956382751,0.24895113706588745,0.0,0,0,0,0.11224904842674732,-0.001554340124130249,0.0
1019,50.95,101.47489929199219,95.96538543701172,1.6116679932023972,4.366436133613254,0.31806268606888277,0.014418046722567635,6,101.62792781293373,98.95603648971569,1.6260860399249648,5.0,0.633563866386746,0.13983632624149323,0.2534255385398865,0.0,0,0,0,0.00024096667766571045,0.0044744014739990234,0.0
1020,51.0,101.4539794921875,96.1825180053711,1.621373084846864,4.367665241304758,0.31806268606887345,0.014418046722565858,6,101.57797671948484,99.17451334876378,1.6357911315694298,5.0,0.6323347586952419,0.13980980217456818,0.25293388962745667,0.0,0,0,0,-2.6524066925048828e-05,-0.0004916489124298096,0.0
1021,51.050000000000004,101.42881774902344,96.39948272705078,1.6321655451644101,4.377592035717143,0.3180626860688855,0.014418046722567635,6,101.52051739080918,99.3926420316915,1.6465835918869778,5.0,0.622407964282857,0.13959600031375885,0.24896319210529327,0.0,0,0,0,-0.00021380186080932617,-0.003970697522163391,0.0
1022,51.1,101.40074920654297,96.61650085449219,1.643201817879753,4.38446245653964,0.023291497877106805,-0.0931997191064764,6,101.4862897598417,99.60940095800821,1.5500020987732765,5.0,0.61553754346036,-0.03183257207274437,0.24621501564979553,0.0,0,0,0,-0.17142857238650322,-0.0027481764554977417,0.0
1023,51.150000000000006,101.37675476074219,96.83440399169922,1.6484671536709485,4.3842590502830685,0.023291497877092136,-0.09319971910647706,6,101.44653557707082,99.82771300574326,1.5552674345644715,5.0,0.6157409497169315,-0.1440722793340683,0.24629637598991394,0.0,0,0,0,-0.11223970726132393,8.13603401184082e-05,0.0
1024,51.2,101.3637466430664,97.05274200439453,1.6443026355163373,4.368855316956751,0.3180626860688979,0.014418046722570299,6,101.4191121778335,100.04679379165889,1.6587206822389076,5.0,0.6311446830432494,0.02735629677772522,0.2524578869342804,0.0,0,0,0,0.17142857611179352,0.006161510944366455,0.0
1025,51.25,101.35299682617188,97.27104187011719,1.6402212079877363,4.373398777082556,0.3180626860688897,0.014418046722568079,6,101.42058187125838,100.2648427500926,1.6546392547103044,5.0,0.6266012229174436,0.1396862119436264,0.25064048171043396,0.0,0,0,0,0.11232991516590118,-0.0018174052238464355,0.0
1026,51.300000000000004,101.33332061767578,97.48851013183594,1.6444652215008866,4.362750906955822,0.3180626860688705,0.014418046722565414,6,101.38819936085561,100.48257088118754,1.658883268223452,5.0,0.6372490930441783,0.13991592824459076,0.25489965081214905,0.0,0,0,0,0.00022971630096435547,0.004259169101715088,0.0
1027,51.35,101.30529022216797,97.70470428466797,1.6541238409843313,4.366306218368484,0.31806268606885413,0.014418046722565636,6,101.33124836171687,100.69915542339974,1.668541887706897,5.0,0.633693781631516,0.13983912765979767,0.2534775137901306,0.0,0,0,0,-7.680058479309082e-05,-0.0014221370220184326,0.0
1028,51.400000000000006,101.27305603027344,97.92062377929688,1.6649788855874943,4.373993199108099,0.318062686068862,0.014418046722565414,6,101.26650837816389,100.9151802699166,1.6793969323100597,5.0,0.6260068008919006,0.1396734118461609,0.2504027187824249,0.0,0,0,0,-0.00016571581363677979,-0.0030747950077056885,0.0
1029,51.45,101.23786926269531,98.13655853271484,1.6759444513758956,4.385335342818901,0.3180626860688785,0.014418046722565858,6,101.19848565610313,101.13086318969161,1.6903624980984615,5.0,0.6146646571810992,0.13942977786064148,0.2458658665418625,0.0,0,0,0,-0.00024363398551940918,-0.004536852240562439,0.0
1030,51.5,101.20013427734375,98.35247802734375,1.6870113504437745,4.391844927638485,0.023291497877084483,-0.0931997191064764,6,101.15451713904854,101.34625278383072,1.593811631337298,5.0,0.608155072361515,-0.03199879825115204,0.24326202273368835,0.0,0,0,0,-0.17142857611179352,-0.0026038438081741333,0.0
1031,51.550000000000004,101.16653442382812,98.56944274902344,1.6922825451893682,4.3906188539613575,0.02329149787712692,-0.0931997191064764,6,101.10513722259228,101.56293545814522,1.5990828260828918,5.0,0.6093811460386425,-0.14408230781555176,0.24375246465206146,0.0,0,0,0,-0.11208350956439972,0.0004904419183731079,0.0
1032,51.6,101.1439437866211,98.78729248046875,1.688109638077323,4.374107850909659,0.31806268606887667,0.014418046722566524,6,101.06813771748283,101.78089647684882,1.7025276847998896,5.0,0.6258921490903413,0.02734627202153206,0.25035685300827026,0.0,0,0,0,0.17142857983708382,0.006604388356208801,0.0
1033,51.650000000000006,101.12361145019531,99.00514221191406,1.6840224847523784,4.377641726160769,0.3180626860688797,0.014418046722566524,6,101.06004129868222,101.99903103468246,1.698440531474945,5.0,0.6223582738392306,0.1395949274301529,0.24894331395626068,0.0,0,0,0,0.11224865540862083,-0.0014135390520095825,0.0
1034,51.7,101.09439849853516,99.22172546386719,1.6882651666849837,4.366048076714466,0.31806268606888677,0.014418046722565192,6,101.01812683925418,102.21531763402855,1.702683213407549,5.0,0.633951923285534,0.13984470069408417,0.253580778837204,0.0,0,0,0,0.0002497732639312744,0.004637464880943298,0.0
1035,51.75,101.05692291259766,99.4366226196289,1.697922854062047,4.368773554404605,0.318062686068873,0.014418046722568523,6,100.9517440823659,102.42933858692884,1.7123409007846155,5.0,0.6312264455953951,0.13978588581085205,0.2524905800819397,0.0,0,0,0,-5.88148832321167e-05,-0.0010901987552642822,0.0
1036,51.800000000000004,101.0152587890625,99.6510009765625,1.708777366032992,4.375815741805864,0.3180626860688833,0.014418046722571187,6,100.87760232147004,102.64239900159876,1.723195412755563,5.0,0.6241842581941359,0.13963419198989868,0.24967370927333832,0.0,0,0,0,-0.00015169382095336914,-0.0028168708086013794,0.0
1037,51.85,100.97064208984375,99.86526489257812,1.7197431981375022,4.386610346598632,0.02329149787708218,-0.09319971910647662,6,100.82707510321393,102.85594319962402,1.6265434790310256,5.0,0.6133896534013683,-0.03179437294602394,0.24535585939884186,0.0,0,0,0,-0.17142856493592262,-0.00431784987449646,0.0
1038,51.900000000000006,100.93004608154297,100.08068084716797,1.7250701861079332,4.38408972655387,0.023291497877093448,-0.0931997191064784,6,100.77054989987566,103.07055194537912,1.6318704670014548,5.0,0.6159102734461301,-0.1440720111131668,0.24636411666870117,0.0,0,0,0,-0.11227763816714287,0.001008257269859314,0.0
1039,51.95,100.90036010742188,100.29740142822266,1.7208674515916793,4.368496995296268,0.3180626860688951,0.014418046722572075,6,100.72654832334355,103.28691659141826,1.7352854983142514,5.0,0.631503004703732,0.02735656499862671,0.2526012063026428,0.0,0,0,0,0.17142857611179352,0.00623708963394165,0.0
1040,52.0,100.87295532226562,100.5142593383789,1.7168289009566287,4.3734960314791005,0.3180626860688456,0.014418046722567857,6,100.71121823115277,103.50445206805692,1.7312469476791965,5.0,0.6265039685208995,0.13968412578105927,0.250601589679718,0.0,0,0,0,0.11232756078243256,-0.0019996166229248047,0.0
1041,52.050000000000004,100.836669921875,100.72957611083984,1.7210311028406646,4.363296022497084,0.3180626860688985,0.014418046722570965,6,100.66236890223604,103.71906278948782,1.7354491495632356,5.0,0.6367039775029157,0.13990414142608643,0.2546815872192383,0.0,0,0,0,0.00022001564502716064,0.004079997539520264,0.0
1042,52.1,100.79220581054688,100.94298553466797,1.7307377923817855,4.3653349986198124,0.31806268606889393,0.014418046722567635,6,100.58889543874862,103.93063952065432,1.7451558391043531,5.0,0.6346650013801876,0.1398600935935974,0.2538659870624542,0.0,0,0,0,-4.404783248901367e-05,-0.0008156001567840576,0.0
1043,52.150000000000006,100.74352264404297,101.15580749511719,1.7415294537510044,4.375942038730914,0.3180626860688919,0.01441804672256719,6,100.50798298659153,104.14109349766846,1.7559475004735716,5.0,0.6240579612690862,0.1396314799785614,0.24962317943572998,0.0,0,0,0,-0.00022861361503601074,-0.004242807626724243,0.0
1044,52.2,100.69194793701172,101.36841583251953,1.7525651938341293,4.38333414331658,0.023291497877087397,-0.09319971910647706,6,100.45031586749448,104.35277207111868,1.6593654747276523,5.0,0.6166658566834204,-0.03179709240794182,0.2466663420200348,0.0,0,0,0,-0.17142857238650322,-0.0029568374156951904,0.0
1045,52.25,100.64430236816406,101.58234405517578,1.7578322606800336,4.383537430120881,0.023291497877090672,-0.0931997191064795,6,100.3869549191944,104.56538621149768,1.6646325415735541,5.0,0.6164625698791193,-0.14407113194465637,0.24658502638339996,0.0,0,0,0,-0.11227403953671455,-8.131563663482666e-05,0.0
1046,52.300000000000004,100.6075439453125,101.79792785644531,1.7536696067381852,4.368431769255648,0.31806268606886967,0.014418046722566746,6,100.33578070640769,104.78013445378912,1.768087653460752,5.0,0.6315682307443522,0.02735743671655655,0.25262728333473206,0.0,0,0,0,0.17142856866121292,0.006042256951332092,0.0
1047,52.35,100.57302856445312,102.01374053955078,1.7495896439481837,4.373183488403856,0.31806268606888505,0.01441804672256719,6,100.31343484563669,104.99703109670608,1.764007690670751,5.0,0.6268165115961439,0.1396908462047577,0.2507266104221344,0.0,0,0,0,0.11233340948820114,-0.0019006729125976562,0.0
1048,52.400000000000006,100.52972412109375,102.22772979736328,1.7538341900935521,4.362675210820496,0.31806268606889865,0.014418046722570965,6,100.2574700643037,105.20989162661103,1.768252236816123,5.0,0.6373247891795044,0.13991756737232208,0.25492992997169495,0.0,0,0,0,0.0002267211675643921,0.004203319549560547,0.0
1049,52.45,100.478271484375,102.43955993652344,1.763492809576997,4.36631904678751,0.31806268606887633,0.014418046722569189,6,100.17722700812455,105.41895310805687,1.7779108562995662,5.0,0.6336809532124903,0.13983884453773499,0.25347238779067993,0.0,0,0,0,-7.872283458709717e-05,-0.0014575421810150146,0.0
1050,52.5,100.42265319824219,102.65067291259766,1.7743469220737784,4.374058294010045,0.31806268606887267,0.014418046722566968,6,100.08928842142667,105.62662307562789,1.7887649687963454,5.0,0.6259417059899546,0.13967201113700867,0.2503766715526581,0.0,0,0,0,-0.00016683340072631836,-0.0030957162380218506,0.0
1051,52.550000000000004,100.36412048339844,102.8614730834961,1.7853128873363433,4.385425947842418,0.31806268606889737,0.014418046722571187,6,99.9981422382796,105.83358872245778,1.7997309340589145,5.0,0.6145740521575824,0.13942784070968628,0.24582962691783905,0.0,0,0,0,-0.0002441704273223877,-0.004547044634819031,0.0
1052,52.6,100.30304718017578,103.07199096679688,1.7963788542978405,4.391944720532315,0.023291497877095668,-0.09319971910647551,6,99.93093325538457,106.04289982485047,1.703179135191365,5.0,0.6080552794676848,-0.03200073912739754,0.24322211742401123,0.0,0,0,0,-0.17142857983708382,-0.00260750949382782,0.0
1053,52.650000000000006,100.2459487915039,103.28400421142578,1.8016507148337069,4.390713922870586,0.02329149787710777,-0.0931997191064764,6,99.85817789307558,106.25291006143466,1.7084509957272305,5.0,0.609286077129414,-0.1440824568271637,0.24371443688869476,0.0,0,0,0,-0.11208171769976616,0.0004923194646835327,0.0
1054,52.7,100.19971466064453,103.49809265136719,1.7974778077216615,4.374192572797908,0.31806268606888755,0.0144180467225683,6,99.79760883650746,106.46553639193851,1.8118958544442298,5.0,0.6258074272020924,0.02734612300992012,0.25032296776771545,0.0,0,0,0,0.17142857983708382,0.006608530879020691,0.0
1055,52.75,100.15572357177734,103.71241760253906,1.7933907875547714,4.377714387682071,0.3180626860688723,0.01441804672256608,6,99.76574907461796,106.68147996948696,1.8078088342773375,5.0,0.6222856123179286,0.13959337770938873,0.24891424179077148,0.0,0,0,0,0.11224725469946861,-0.0014087259769439697,0.0
1056,52.800000000000004,100.10305786132812,103.92452239990234,1.7976332031712678,4.366108191762291,0.318062686068858,0.014418046722570521,6,99.7004909147936,106.89190361923005,1.8120512498938384,5.0,0.633891808237709,0.1398434042930603,0.2535567283630371,0.0,0,0,0,0.0002500265836715698,0.004642486572265625,0.0
1057,52.85,100.0423355102539,104.13406372070312,1.8072912900224947,4.368820769681837,0.3180626860688627,0.014418046722565414,6,99.61112855903232,107.09741857837358,1.82170933674506,5.0,0.6311792303181631,0.13978487253189087,0.2524716854095459,0.0,0,0,0,-5.8531761169433594e-05,-0.001085042953491211,0.0
1058,52.900000000000006,99.9775161743164,104.34262084960938,1.8181458019934396,4.375852582600862,0.31806268606886606,0.014418046722564748,6,99.51416948619001,107.30112068801789,1.8325638487160043,5.0,0.6241474173991381,0.1396334022283554,0.2496589720249176,0.0,0,0,0,-0.00015147030353546143,-0.002812713384628296,0.0
1059,52.95,99.90978240966797,104.55072784423828,1.8291107019915684,4.386637952568657,0.02329149787709789,-0.09319971910647795,6,99.44064183045592,107.50786756579717,1.7359109828850905,5.0,0.6133620474313428,-0.03179516643285751,0.24534481763839722,0.0,0,0,0,-0.17142856866121292,-0.004314154386520386,0.0
1060,53.0,99.84593200683594,104.76042938232422,1.834438089436163,4.384108908996406,0.023291497877103995,-0.09319971910647618,6,99.36104433045463,107.71502785879753,1.7412383703296868,5.0,0.6158910910035944,-0.1440720409154892,0.24635644257068634,0.0,0,0,0,-0.11227687448263168,0.0010116249322891235,0.0
1061,53.050000000000004,99.79276275634766,104.97260284423828,1.8302348222876907,4.368510693379587,0.3180626860688525,0.014418046722565636,6,99.29368543213141,107.92528523008916,1.8446528690102564,5.0,0.6314893066204128,0.02735653519630432,0.2525957226753235,0.0,0,0,0,0.17142857611179352,0.006239280104637146,0.0
1062,53.1,99.74185180664062,105.18516540527344,1.82619627165264,4.373504719860689,0.31806268606886245,0.014418046722564526,6,99.2547030772771,108.13983925575853,1.8406143183752046,5.0,0.6264952801393111,0.13968393206596375,0.25059810280799866,0.0,0,0,0,0.11232739686965942,-0.001997619867324829,0.0
1063,53.150000000000006,99.68228912353516,105.3952407836914,1.8303988730108396,4.363300996357708,0.31806268606887506,0.014418046722568079,6,99.18272741635622,108.34784125581447,1.8448169197334077,5.0,0.6366990036422919,0.13990403711795807,0.2546795904636383,0.0,0,0,0,0.00022010505199432373,0.0040814876556396484,0.0
1064,53.2,99.61479187011719,105.60252380371094,1.840105163077797,4.365338313773102,0.318062686068882,0.014418046722567412,6,99.08659534848834,108.55013637693017,1.8545232098003643,5.0,0.6346616862268979,0.13986001908779144,0.25386467576026917,0.0,0,0,0,-4.4018030166625977e-05,-0.0008149147033691406,0.0
1065,53.25,99.54317474365234,105.80875396728516,1.850896291814798,4.375944375943444,0.3180626860688822,0.014418046722567635,6,98.98320152614606,108.75049519365714,1.8653143385373656,5.0,0.624055624056556,0.13963143527507782,0.24962225556373596,0.0,0,0,0,-0.00022858381271362305,-0.004242420196533203,0.0
1066,53.300000000000004,99.46871185302734,106.01445007324219,1.861932564530141,4.383335982579864,0.023291497877098388,-0.09319971910647928,6,98.90278253987655,108.95460180885065,1.7687328454236617,5.0,0.6166640174201357,-0.0317971408367157,0.2466656118631363,0.0,0,0,0,-0.17142857611179352,-0.0029566437005996704,0.0
1067,53.35,99.39800262451172,106.2219009399414,1.8671994982179907,4.383539510037571,0.023291497877105938,-0.09319971910647906,6,98.81659564832222,109.15903119648827,1.7739997791115116,5.0,0.6164604899624289,-0.14407114684581757,0.2465841919183731,0.0,0,0,0,-0.11227400600910187,-8.14199447631836e-05,0.0
1068,53.400000000000006,99.33794403076172,106.43220520019531,1.8630372437503058,4.368433220192924,0.3180626860688712,0.014418046722566302,6,98.7422974221198,109.36693117801238,1.877455290472872,5.0,0.6315667798070761,0.02735743299126625,0.2526267170906067,0.0,0,0,0,0.17142857983708382,0.0060425251722335815,0.0
1069,53.45,99.28008270263672,106.6429672241211,1.8589567483280864,4.373183584134386,0.3180626860688729,0.014418046722566524,6,98.69641615556394,109.58009929624333,1.873374795050653,5.0,0.6268164158656138,0.1396908462047577,0.250726580619812,0.0,0,0,0,0.11233341321349144,-0.0019001364707946777,0.0
1070,53.5,99.21366882324219,106.8509750366211,1.8632016939476181,4.362676419223181,0.3180626860688983,0.014418046722569855,6,98.61753960639065,109.78560302055311,1.877619740670188,5.0,0.6373235807768189,0.1399175375699997,0.25492942333221436,0.0,0,0,0,0.0002266913652420044,0.004202842712402344,0.0
1071,53.550000000000004,99.13941192626953,107.05592346191406,1.8728601802730085,4.366318959596651,0.3180626860688861,0.014418046722568745,6,98.51496689099442,109.98465695016135,1.8872782269955772,5.0,0.6336810404033493,0.13983884453773499,0.2534724175930023,0.0,0,0,0,-7.869303226470947e-05,-0.0014570057392120361,0.0
1072,53.6,99.06108093261719,107.25970458984375,1.88371429276979,4.374056985639864,0.3180626860688591,0.014418046722564526,6,98.4048845018889,110.18148789658646,1.8981323394923546,5.0,0.6259430143601357,0.13967204093933105,0.25037720799446106,0.0,0,0,0,-0.00016680359840393066,-0.0030952095985412598,0.0
1073,53.650000000000006,98.9798812866211,107.46286010742188,1.8946798585581912,4.385424132252319,0.02329149787710383,-0.09319971910647884,6,98.31799058775516,110.38290615477106,1.8014801394517124,5.0,0.6145758677476811,-0.031756527721881866,0.24583034217357635,0.0,0,0,0,-0.17142856866121292,-0.004546865820884705,0.0
1074,53.7,98.9024429321289,107.6678695678711,1.9000076454769492,4.383337459429544,0.02329149787709972,-0.09319971910647662,6,98.22500431769508,110.5843477761831,1.8068079263704726,5.0,0.6166625405704558,-0.1440708190202713,0.24666501581668854,0.0,0,0,0,-0.11231429129838943,0.0008346736431121826,0.0
1075,53.75,98.83549499511719,107.87606811523438,1.8958078404378944,4.368063771637057,0.318062686068905,0.014418046722570965,6,98.14401268505071,110.78970221410918,1.9102258871604654,5.0,0.6319362283629433,0.02735775150358677,0.2527744770050049,0.0,0,0,0,0.17142857052385807,0.006109461188316345,0.0
1076,53.800000000000004,98.77075958251953,108.08483123779297,1.8917707545414433,4.373282297064226,-4.39648317751562e-14,0.0,6,97.82428546514795,110.93161657306953,1.8917707545414433,5.0,0.6267177029357738,-1.607317184622141e-14,0.2506870925426483,0.0,0,0,0,-0.027357751503602843,-0.0020873844623565674,0.0
1077,53.85,98.70233917236328,108.2928466796875,1.8914624936452664,4.383374650290121,0.3180626860688772,0.014418046722568523,6,98.02352410132741,111.20945799191192,1.905880540367835,5.0,0.6166253497098788,0.13947181403636932,0.24665014445781708,0.0,0,0,0,0.1394718140363854,-0.004036948084831238,0.0
1078,53.900000000000006,98.62979125976562,108.49961853027344,1.8947970376461547,4.37936023247362,0.3180626860688852,0.01441804672256719,6,97.94125441193029,111.41395009281636,1.909215084368722,5.0,0.62063976752638,0.13955800235271454,0.2482559084892273,0.0,0,0,0,8.618831634521484e-05,0.0016057640314102173,0.0
1079,53.95,98.54949951171875,108.70303344726562,1.9039319465012354,4.378209203592807,2.8199664825478976e-14,0.0,6,97.56847593310769,111.53809830335078,1.9039319465012354,5.0,0.6217907964071934,1.030011545619016e-14,0.2487163245677948,0.0,0,0,0,-0.13955800235270424,0.0004604160785675049,0.0
1080,54.0,98.47049713134766,108.90727233886719,1.9094793110518706,4.383203282025704,-5.773159728050814e-15,0.0,6,97.47376158972249,111.73685150546797,1.9094793110518706,5.0,0.6167967179742959,-2.106728699707871e-15,0.24671868979930878,0.0,0,0,0,-1.2406844155898032e-14,-0.001997634768486023,0.0
1081,54.050000000000004,98.39576721191406,109.11357116699219,1.9103799921325353,4.391439195399727,0.3180626860688589,0.014418046722565858,6,97.66190190240673,112.01681989122554,1.9247980388551011,5.0,0.6085608046002733,0.13929907977581024,0.24342432618141174,0.0,0,0,0,0.13929907977581235,-0.0032943636178970337,0.0
1082,54.1,98.31722259521484,109.3183364868164,1.9151249462467295,4.382055238118261,0.3180626860688911,0.014418046722568745,6,97.56958981674418,112.21807038423132,1.9295429929692982,5.0,0.6179447618817386,0.13950012624263763,0.24717789888381958,0.0,0,0,0,0.00020104646682739258,0.003753572702407837,0.0
1083,54.150000000000006,98.23176574707031,109.51985931396484,1.924880637951908,4.383829199580063,0.318062686068887,0.014418046722568523,6,97.45588008453281,112.41216166433031,1.9392986846744764,5.0,0.6161708004199369,0.13946206867694855,0.24646832048892975,0.0,0,0,0,-3.8057565689086914e-05,-0.0007095783948898315,0.0
1084,54.2,98.14258575439453,109.719970703125,1.9357487320444122,4.388204404547436,0.3180626860688648,0.014418046722565414,6,97.33531271816742,112.60367000996015,1.9501667787669776,5.0,0.6117955954525636,0.13936831057071686,0.24471823871135712,0.0,0,0,0,-9.375810623168945e-05,-0.0017500817775726318,0.0
1085,54.25,98.05067443847656,109.91919708251953,1.946717094151958,4.3966701525964345,0.318062686068875,0.014418046722568079,6,97.2118211372271,112.79386864397551,1.9611351408745261,5.0,0.6033298474035655,0.1391873061656952,0.24133193492889404,0.0,0,0,0,-0.00018100440502166748,-0.0033863037824630737,0.0
1086,54.300000000000004,97.95637512207031,110.11762237548828,1.957784792168164,4.400593715326947,0.023291497877097944,-0.09319971910647884,6,97.11165485152756,112.99011534857264,1.864585073061685,5.0,0.5994062846730532,-0.03224126622080803,0.23976251482963562,0.0,0,0,0,-0.17142857238650322,-0.0015694200992584229,0.0
1087,54.35,97.8658218383789,110.31803131103516,1.963050527433523,4.397070343706391,0.023291497877115486,-0.09319971910647706,6,97.00598756135064,113.1860364072531,1.869850808327046,5.0,0.6029296562936093,-0.14409244060516357,0.24117186665534973,0.0,0,0,0,-0.11185117438435555,0.0014093518257141113,0.0
1088,54.400000000000006,97.78569793701172,110.52214813232422,1.9588621739871555,4.378680212428074,0.31806268606886956,0.014418046722565192,6,96.91199424435386,113.38641999524103,1.9732802207097206,5.0,0.6213197875719256,0.027336126193404198,0.2485279142856598,0.0,0,0,0,0.17142856679856777,0.007356047630310059,0.0
1089,54.45,97.70777893066406,110.726806640625,1.954767430653104,4.380769386595578,0.3180626860688809,0.01441804672256608,6,96.84581098799983,113.59463207343644,1.96918547737567,5.0,0.6192306134044223,0.13952773809432983,0.24769224226474762,0.0,0,0,0,0.11219161190092564,-0.0008356720209121704,0.0
1090,54.5,97.62166595458984,110.92781066894531,1.9590074494246192,4.368067402562349,0.3180626860688741,0.014418046722565636,6,96.74754616280529,113.79195557395124,1.9734254961471849,5.0,0.6319325974376513,0.13980111479759216,0.2527730464935303,0.0,0,0,0,0.0002733767032623291,0.005080804228782654,0.0
1091,54.550000000000004,97.5280532836914,111.12491607666016,1.9686638052211376,4.369977886610449,-3.064215547965432e-14,0.0,6,96.36569345602607,113.89058410283933,1.9686638052211376,5.0,0.6300221133895514,-1.1209407019133547e-14,0.252008855342865,0.0,0,0,0,-0.13980111479760338,-0.0007641911506652832,0.0
1092,54.6,97.43598175048828,111.32320404052734,1.9743023830391078,4.375830903147199,-4.107825191113079e-14,0.0,6,96.25804604880167,114.08227407999573,1.9743023830391078,5.0,0.6241690968528006,-1.5010743502678024e-14,0.24966764450073242,0.0,0,0,0,-3.801336483544478e-15,-0.0023412108421325684,0.0
1093,54.650000000000006,97.34815979003906,111.52388763427734,1.97521717887355,4.385041236309216,-2.90878432451791e-14,0.0,6,96.167700595804,114.28187894875713,1.97521717887355,5.0,0.6149587636907841,-1.0611049392665953e-14,0.24598351120948792,0.0,0,0,0,4.3996941100120715e-15,-0.003684133291244507,0.0
1094,54.7,97.26131439208984,111.7254867553711,1.9753981406696208,4.3934580435309805,-4.707345624410664e-14,0.0,6,96.08035612612403,114.48326440667785,1.9753981406696208,5.0,0.6065419564690195,-1.7145281776351912e-14,0.24261678755283356,0.0,0,0,0,-6.534232383685959e-15,-0.003366723656654358,0.0
1095,54.75,97.17459869384766,111.92756652832031,1.975384425390007,4.400814117332103,2.7977620220553945e-14,0.0,6,95.99367825168459,114.68536037654054,1.975384425390007,5.0,0.5991858826678973,1.0176241122818955e-14,0.23967435956001282,0.0,0,0,0,2.7321522899170867e-14,-0.0029424279928207397,0.0
1096,54.800000000000004,97.08787536621094,112.1300048828125,1.9754242396483037,4.406910524161712,6.439293542825908e-15,0.0,6,95.90684512546726,114.88775171137543,1.9754242396483037,5.0,0.5930894758382879,2.3395098707558242e-15,0.23723578453063965,0.0,0,0,0,-7.836731252063131e-15,-0.002438575029373169,0.0
1097,54.85,97.00106048583984,112.33267974853516,1.9753885532896966,4.4117935851542995,2.1760371282653068e-14,0.0,6,95.82012865979046,115.09046872201077,1.9753885532896966,5.0,0.5882064148457005,7.898796532482006e-15,0.23528257012367249,0.0,0,0,0,5.559286661726182e-15,-0.001953214406967163,0.0
1098,54.900000000000006,96.91417694091797,112.53557586669922,1.9754246391224672,4.41557203170203,3.26405569239796e-14,0.0,6,95.7331455985258,115.29332222347088,1.9754246391224672,5.0,0.5844279682979696,1.183992818067428e-14,0.2337711900472641,0.0,0,0,0,3.941131648192275e-15,-0.0015113800764083862,0.0
1099,54.95,96.82721710205078,112.73860168457031,1.975388686447751,4.41839875748026,0.2559536295075664,0.09319971910647706,6,95.62508756346176,115.48672297555953,2.068588405554228,5.0,0.5816012425197403,0.17142857611179352,0.23264048993587494,0.0,0,0,0,0.17142857611178167,-0.0011307001113891602,0.0
1100,55.0,96.73678588867188,112.93990325927734,1.9787792899895855,4.407908417067117,0.2559536295075384,0.09319971910647773,6,95.52534548810299,115.68393281695451,2.0719790090960633,5.0,0.5920915829328832,0.24544557929039001,0.23683662712574005,0.0,0,0,0,0.0740170031785965,0.004196137189865112,0.0
1101,55.050000000000004,96.63714599609375,113.1351318359375,1.9902058489626795,4.3760894005676505,3.042011087472929e-14,0.0,6,95.41548232641249,115.87512049981568,1.9902058489626795,5.0,0.6239105994323495,0.0740170106291771,0.2495642453432083,0.0,0,0,0,-0.17142856866121292,0.012727618217468262,0.0
1102,55.1,96.53401184082031,113.32804107666016,2.001942000412495,4.3853789034274016,-2.4424906541753444e-15,0.0,6,95.28027612073686,116.05350374273849,2.001942000412495,5.0,0.6146210965725984,-8.909482174376468e-16,0.24584843218326569,0.0,0,0,0,-0.07401701062917798,-0.003715813159942627,0.0
1103,55.150000000000006,96.43694305419922,113.52459716796875,2.005600118485828,4.386704876220883,1.1324274851176597e-14,0.0,6,95.17324568074349,116.24545529516338,2.005600118485828,5.0,0.6132951237791167,4.129743439172705e-15,0.24531805515289307,0.0,0,0,0,5.020691656610352e-15,-0.0005303770303726196,0.0
1104,55.2,96.34312438964844,113.72310638427734,2.0061945360411335,4.3942729774283364,-5.906386491005833e-14,0.0,6,95.07780991370409,116.44321286692939,2.0061945360411335,5.0,0.6057270225716636,-2.1509226013792168e-14,0.24229080975055695,0.0,0,0,0,-2.5638969452964873e-14,-0.0030272454023361206,0.0
1105,55.25,96.25001525878906,113.92229461669922,2.0062455355760087,4.400073080519893,0.25595362950757483,0.09319971910647817,6,94.963673067712,116.63201966271247,2.099445254682487,5.0,0.5999269194801071,0.17142857611179352,0.23997077345848083,0.0,0,0,0,0.17142857611181503,-0.002320036292076111,0.0
1106,55.300000000000004,96.15238952636719,114.1190185546875,2.01092950330124,4.3851355199787205,0.25595362950757994,0.09319971910647595,6,94.8533692279017,116.8226887124011,2.104129222407716,5.0,0.6148644800212795,0.2458374947309494,0.2459457963705063,0.0,0,0,0,0.07440891861915588,0.005975022912025452,0.0
1107,55.35,96.0447998046875,114.30850982666016,2.024367015213453,4.355729795963062,-1.1324274851176597e-14,0.0,6,94.73026589331762,117.00517454365013,2.024367015213453,5.0,0.6442702040369381,0.07440891861915588,0.2577080726623535,0.0,0,0,0,-0.17142857611179352,0.011762276291847229,0.0
1108,55.400000000000006,95.93468475341797,114.49652099609375,2.036668422604638,4.370329606620264,-1.709743457922741e-14,0.0,6,94.58707836682406,117.17681147042882,2.036668422604638,5.0,0.6296703933797358,-6.254114776380699e-15,0.2518681585788727,0.0,0,0,0,-0.07440891861916214,-0.005839914083480835,0.0
1109,55.45,95.83092498779297,114.6888656616211,2.040449978194496,4.374353702940134,1.7319479184152442e-14,0.0,6,94.47319259341415,117.36404093536567,2.040449978194496,5.0,0.6256462970598662,6.33059338118829e-15,0.25025850534439087,0.0,0,0,0,1.2584708157568989e-14,-0.0016096532344818115,0.0
1110,55.5,95.73040771484375,114.88347625732422,2.0410565131327614,4.385653098228839,3.952393967665557e-14,0.0,6,94.37105298303936,117.55782752690737,2.0410565131327614,5.0,0.6143469017711611,1.4416427917434728e-14,0.24573875963687897,0.0,0,0,0,8.085834536246438e-15,-0.004519745707511902,0.0
1111,55.550000000000004,95.63056182861328,115.07897186279297,2.041123225318068,4.392751295100421,0.2559536295075664,0.09319971910647684,6,94.25051215613856,117.74219340052484,2.134322944424545,5.0,0.6072487048995789,0.17142857611179352,0.24289947748184204,0.0,0,0,0,0.1714285761117791,-0.0028392821550369263,0.0
1112,55.6,95.52745056152344,115.27288818359375,2.044529807826443,4.3893727795611746,0.25595362950760725,0.09319971910647773,6,94.13833643028528,117.93139302427599,2.1377295269329206,5.0,0.6106272204388254,0.24576431512832642,0.24425089359283447,0.0,0,0,0,0.0743357390165329,0.0013514161109924316,0.0
1113,55.650000000000006,95.41552734375,115.46043395996094,2.055958896802572,4.361773933713485,-2.4424906541753444e-14,0.0,6,94.0164708190482,118.11423139772617,2.055958896802572,5.0,0.6382260662865153,0.0743357464671135,0.2552904188632965,0.0,0,0,0,-0.17142856866121292,0.011039525270462036,0.0
1114,55.7,95.30020141601562,115.64562225341797,2.067690787194644,4.3752251060820635,-1.709743457922741e-14,0.0,6,93.87010782489091,118.28282386130161,2.067690787194644,5.0,0.6247748939179365,-6.248418903326888e-15,0.24990995228290558,0.0,0,0,0,-0.07433574646711974,-0.00538046658039093,0.0
1115,55.75,95.19063568115234,115.83499145507812,2.0713575605415193,4.37908260278037,3.175237850427948e-14,0.0,6,93.75088170508636,118.46693151678207,2.0713575605415193,5.0,0.62091739721963,1.159588443604316e-14,0.24836695194244385,0.0,0,0,0,1.7844303339370048e-14,-0.001543000340461731,0.0
1116,55.800000000000004,95.0841064453125,116.02662658691406,2.0719446544038274,4.38976865360261,-3.774758283725532e-15,0.0,6,93.64280752160568,118.65772092435648,2.0719446544038274,5.0,0.6102313463973896,-1.3757985585337177e-15,0.24409253895282745,0.0,0,0,0,-1.2971682994576878e-14,-0.004274412989616394,0.0
1117,55.85,94.97821807861328,116.21910095214844,2.072011899221352,4.396072676435825,0.2559536295075604,0.09319971910647906,6,93.51657641266517,118.83843096150216,2.165211618327831,5.0,0.6039273235641751,0.17142857611179352,0.24157093465328217,0.0,0,0,0,0.1714285761117949,-0.002521604299545288,0.0
1118,55.900000000000006,94.8678970336914,116.40889739990234,2.076697731159346,4.383846464121776,0.2559536295075511,0.09319971910647373,6,93.39399771906406,119.02134967083046,2.16989745026582,5.0,0.6161535358782242,0.2458597719669342,0.246461421251297,0.0,0,0,0,0.07443119585514069,0.0048904865980148315,0.0
1119,55.95,94.74811553955078,116.59085845947266,2.0901424336065024,4.354823651303876,3.8191672047105385e-14,0.0,6,93.25917782773058,119.19529016146056,2.0901424336065024,5.0,0.6451763486961237,0.07443120330572128,0.25807052850723267,0.0,0,0,0,-0.17142856866121292,0.011609107255935669,0.0
1120,56.0,94.62589263916016,116.77118682861328,2.1024459715265595,4.370189684476589,3.9968028886505635e-15,0.0,6,93.10502470564973,119.35710266808287,2.1024459715265595,5.0,0.6298103155234109,1.462038900421059e-15,0.2519241273403168,0.0,0,0,0,-0.07443120330571983,-0.0061464011669158936,0.0
1121,56.050000000000004,94.50970458984375,116.9562759399414,2.106234850809415,4.374351116279119,1.4876988529977098e-14,0.0,6,92.9790498733015,119.53641084702029,2.106234850809415,5.0,0.6256488837208813,5.43781980774931e-15,0.25025954842567444,0.0,0,0,0,3.975780907328251e-15,-0.001664578914642334,0.0
1122,56.1,94.39659881591797,117.14387512207031,2.1068404536412992,4.385871039956218,-1.3766765505351941e-14,0.0,6,92.8643818431523,119.72308258723648,2.1068404536412992,5.0,0.6141289600437823,-5.021249427806119e-15,0.24565158784389496,0.0,0,0,0,-1.0459069235555429e-14,-0.00460796058177948,0.0
1123,56.150000000000006,94.28412628173828,117.3323974609375,2.1069119595165677,4.39308350863681,0.25595362950754263,0.0931997191064795,6,92.73197845662726,119.89913141414333,2.2001116786230472,5.0,0.6069164913631901,0.17142857611179352,0.2427666038274765,0.0,0,0,0,0.17142857611179854,-0.002884984016418457,0.0
1124,56.2,94.16732025146484,117.51810455322266,2.1115961935579084,4.381593938747477,0.2559536295075511,0.09319971910647418,6,92.60316631638433,120.0775397496886,2.2047959126643826,5.0,0.6184060612525233,0.24589873850345612,0.247362419962883,0.0,0,0,0,0.0744701623916626,0.004595816135406494,0.0
1125,56.25,94.04133605957031,117.69569396972656,2.1250399638986828,4.353175179307315,-2.8199664825478976e-14,0.0,6,92.46243511043637,120.2465902421814,2.1250399638986828,5.0,0.646824820692685,0.0744701623916626,0.2587299346923828,0.0,0,0,0,-0.17142857611179352,0.011367514729499817,0.0
1126,56.300000000000004,93.91291809082031,117.8716049194336,2.13734203708014,4.3690400056845125,-4.8183679268731794e-14,0.0,6,92.30275609532596,120.40288490162949,2.13734203708014,5.0,0.6309599943154875,-1.7629466137793204e-14,0.2523840069770813,0.0,0,0,0,-0.07447016239168022,-0.006345927715301514,0.0
1127,56.35,93.79035949707031,118.052490234375,2.1411310495210505,4.373572990525427,1.199040866595169e-14,0.0,6,92.17061803140552,120.57765113705152,2.1411310495210505,5.0,0.6264270094745727,4.38335526797601e-15,0.25057080388069153,0.0,0,0,0,2.2012821405769213e-14,-0.0018132030963897705,0.0
1128,56.400000000000006,93.6707763671875,118.23600006103516,2.1417361197207163,4.3853760024324835,1.5543122344752192e-15,0.0,6,92.04950729850609,120.76018044423618,2.1417361197207163,5.0,0.6146239975675165,5.669673795357375e-16,0.2458495944738388,0.0,0,0,0,-3.816387888440272e-15,-0.004721209406852722,0.0
1129,56.45,93.55179595947266,118.42046356201172,2.141807891912094,4.392805417094209,8.215650382226158e-15,0.0,6,91.93034572900964,120.94452757667764,2.141807891912094,5.0,0.607194582905791,2.9926989045145043e-15,0.24287782609462738,0.0,0,0,0,2.425731524978767e-15,-0.0029717683792114258,0.0
1130,56.5,93.43280792236328,118.60546875,2.1418341240488314,4.403029407581898,0.25595362950754397,0.09319971910647462,6,91.79198878070882,121.11644437750354,2.235033843155306,5.0,0.5969705924181019,0.17142857611179352,0.23878823220729828,0.0,0,0,0,0.17142857611179052,-0.0040895938873291016,0.0
1131,56.550000000000004,93.31061553955078,118.78836822509766,2.145192503341476,4.3955667055983385,0.2559536295075544,0.09319971910647906,6,91.66137285835057,121.29381920965993,2.238392222447955,5.0,0.6044332944016615,0.2456575632095337,0.241773322224617,0.0,0,0,0,0.07422898709774017,0.0029850900173187256,0.0
1132,56.6,93.18029022216797,118.96395874023438,2.1566556807795583,4.366041788025136,0.2559536295075995,0.09319971910647817,6,91.50243609848027,121.45033996546124,2.2498553998860364,5.0,0.6339582119748641,0.24616864323616028,0.25358328223228455,0.0,0,0,0,0.0005110800266265869,0.011809960007667542,0.0
1133,56.650000000000006,93.04234313964844,119.13191223144531,2.173941460466936,4.357997232015502,-1.9095836023552692e-14,0.0,6,91.34063673784682,121.60257921063685,2.173941460466936,5.0,0.642002767984498,0.07474006712436676,0.2568010985851288,0.0,0,0,0,-0.17142857611179352,0.0032178163528442383,0.0
1134,56.7,92.90409851074219,119.3005142211914,2.1870611241030478,4.3745281365082525,-1.4432899320127035e-14,0.0,6,91.17012517059247,121.7486433958164,2.1870611241030478,5.0,0.6254718634917475,-5.275323313082151e-15,0.2501887381076813,0.0,0,0,0,-0.07474006712437203,-0.00661236047744751,0.0
1135,56.75,92.77215576171875,119.47494506835938,2.191051870996531,4.377627798356983,-1.3100631690576847e-14,0.0,6,91.02842639126717,121.9161349181303,2.191051870996531,5.0,0.6223722016430173,-4.78561036759413e-15,0.24894888699054718,0.0,0,0,0,4.89712945488021e-16,-0.0012398511171340942,0.0
1136,56.800000000000004,92.64337921142578,119.65232849121094,2.1916939591353493,4.388678622171046,-1.4876988529977098e-14,0.0,6,90.89808274148467,122.0923982098893,2.1916939591353493,5.0,0.6113213778289541,-5.4233618023726265e-15,0.24452854692935944,0.0,0,0,0,-6.377514347784968e-16,-0.004420340061187744,0.0
1137,56.85,92.51522064208984,119.8307113647461,2.191771856597234,4.395600349597869,3.752553823233029e-14,0.0,6,90.7697341022063,122.27064512185619,2.191771856597234,5.0,0.6043996504021312,1.3662273826912756e-14,0.24175986647605896,0.0,0,0,0,1.9085635629285383e-14,-0.002768680453300476,0.0
1138,56.900000000000006,92.38706970214844,120.00961303710938,2.1917975561017533,4.405203354141387,1.7763568394002505e-15,0.0,6,90.64152045775268,122.44950193527448,2.1917975561017533,5.0,0.5947966458586134,6.455858542658887e-16,0.2379186600446701,0.0,0,0,0,-1.3016687972646867e-14,-0.003841206431388855,0.0
1139,56.95,92.2587890625,120.18883514404297,2.191784240296303,4.4086934052165665,0.2559536295075544,0.09319971910647684,6,90.49464505332757,122.61475393337568,2.28498395940278,5.0,0.5913065947834335,0.17142857611179352,0.2365226447582245,0.0,0,0,0,0.17142857611179288,-0.0013960152864456177,0.0
1140,57.0,92.1274185180664,120.36570739746094,2.1951743112059194,4.402005704968697,0.2559536295075513,0.09319971910647507,6,90.35506062520378,122.78563168494269,2.2883740303123945,5.0,0.5979942950313033,0.2455468475818634,0.2391977161169052,0.0,0,0,0,0.07411827147006989,0.002675071358680725,0.0
1141,57.050000000000004,91.98831939697266,120.53478240966797,2.206608193872011,4.371290235991735,4.6629367034256575e-15,0.0,6,90.20682660697534,122.94855195939462,2.206608193872011,5.0,0.6287097640082653,0.07411827892065048,0.2514839172363281,0.0,0,0,0,-0.17142856866121292,0.012286201119422913,0.0
1142,57.1,91.8462905883789,120.70087432861328,2.218340750054355,4.382311366759436,-1.1102230246251565e-14,0.0,6,90.03660137363337,123.09357676436113,2.218340750054355,5.0,0.6176886332405642,-4.0520730590083275e-15,0.24707545340061188,0.0,0,0,0,-0.07411827892065453,-0.0044084638357162476,0.0
1143,57.150000000000006,91.7093505859375,120.87189483642578,2.2220080560334488,4.3841594235136565,4.951594689828198e-14,0.0,6,89.890898788274,123.25794451310361,2.2220080560334488,5.0,0.6158405764863435,1.806604216540112e-14,0.24633623659610748,0.0,0,0,0,2.2118115224409448e-14,-0.0007392168045043945,0.0
1144,57.2,91.57513427734375,121.0455551147461,2.2225958156860295,4.393244384704174,0.25595362950755685,0.09319971910647817,6,89.7370930463426,123.41597501229087,2.3157955347925077,5.0,0.6067556152958256,0.17142857611179352,0.24270224571228027,0.0,0,0,0,0.17142857611177545,-0.0036339908838272095,0.0
1145,57.25,91.43854522705078,121.2174072265625,2.2260516666745707,4.387650078458041,0.25595362950761347,0.09319971910647773,6,89.5923231701751,123.58146098530874,2.3192513857810484,5.0,0.6123499215419592,0.24579405784606934,0.24493996798992157,0.0,0,0,0,0.07436548173427582,0.0022377222776412964,0.0
1146,57.300000000000004,91.2945785522461,121.38153839111328,2.2375381467721915,4.35972879166132,0.2559536295075844,0.09319971910647862,6,89.42132422925889,123.72423006927886,2.33073786587867,5.0,0.6402712083386799,0.24627864360809326,0.25610849261283875,0.0,0,0,0,0.0004845857620239258,0.011168524622917175,0.0
1147,57.35,91.1436538696289,121.53755950927734,2.25482366014346,4.352910245068561,5.10702591327572e-15,0.0,6,89.2478954873067,123.86266169108681,2.25482366014346,5.0,0.6470897549314394,0.07485006749629974,0.25883591175079346,0.0,0,0,0,-0.17142857611179352,0.002727419137954712,0.0
1148,57.400000000000006,90.99237823486328,121.69425201416016,2.2679413264087542,4.370538592464229,5.5067062021407764e-14,0.0,6,89.06628391501945,123.99428694238742,2.2679413264087542,5.0,0.6294614075357714,2.0142338453621803e-14,0.2517845630645752,0.0,0,0,0,-0.07485006749627961,-0.007051348686218262,0.0
1149,57.45,90.84688568115234,121.8573226928711,2.2719320733022377,4.374574948896285,0.31806268606887733,0.014418046722568079,6,89.13350983439676,124.3132857738264,2.2863501200248058,5.0,0.6254250511037149,0.13966089487075806,0.2501700222492218,0.0,0,0,0,0.1396608948707379,-0.0016145408153533936,0.0
1150,57.5,90.7013931274414,122.02082824707031,2.2760043129250778,4.377202037367158,-3.552713678800501e-15,0.0,6,88.75681646696914,124.30525850679517,2.2760043129250778,5.0,0.6227979626328422,-1.2978953501879636e-15,0.24911919236183167,0.0,0,0,0,-0.13966089487075936,-0.0010508298873901367,0.0
1151,57.550000000000004,90.55571746826172,122.18437194824219,2.2796120972538083,4.362468636648732,0.3180626860688889,0.01441804672256719,6,88.823530481217,124.62710396161857,2.2940301439763755,5.0,0.6375313633512683,0.13992203772068024,0.25501254200935364,0.0,0,0,0,0.13992203772068154,0.005893349647521973,0.0
1152,57.6,90.4095458984375,122.34630584716797,2.283026003455181,4.359058443882727,0.3180626860688962,0.014418046722565858,6,88.66902976372084,124.7831101134257,2.297444050177747,5.0,0.6409415561172729,0.13999579846858978,0.25637662410736084,0.0,0,0,0,7.37607479095459e-05,0.0013640820980072021,0.0
1153,57.650000000000006,90.25872039794922,122.50298309326172,2.292104453295152,4.359808572949893,0.3180626860688647,0.014418046722566746,6,88.49615388646754,124.92388597026117,2.3065225000177185,5.0,0.640191427050107,0.13997957110404968,0.2560765743255615,0.0,0,0,0,-1.6227364540100098e-05,-0.0003000497817993164,0.0
1154,57.7,90.10464477539062,122.65717315673828,2.3028487103969675,4.3704347150253335,0.3180626860688749,0.014418046722566746,6,88.31616969495339,125.05899919829831,2.3172667571195342,5.0,0.6295652849746665,0.13975006341934204,0.25182610750198364,0.0,0,0,0,-0.0002295076847076416,-0.004250466823577881,0.0
1155,57.75,89.94805145263672,122.8095932006836,2.3138339835774353,4.37996278833504,0.3180626860688851,0.014418046722566302,6,88.13330009979282,125.19162782986348,2.3282520303000016,5.0,0.6200372116649602,0.13954505324363708,0.2480148822069168,0.0,0,0,0,-0.00020501017570495605,-0.0038112252950668335,0.0
1156,57.800000000000004,89.78927612304688,122.9604721069336,2.3248647968125438,4.3901042895919336,0.3180626860688829,0.014418046722563638,6,87.94835993125422,125.32234403869799,2.3392828435351074,5.0,0.6098957104080664,0.13932764530181885,0.2439582794904709,0.0,0,0,0,-0.0002174079418182373,-0.004056602716445923,0.0
1157,57.85,89.62849426269531,123.10986328125,2.335899604789287,4.397476552749456,0.31806268606888244,0.01441804672256719,6,87.76162787687001,125.45127767104444,2.3503176515118542,5.0,0.6025234472505439,0.1391700953245163,0.24100938439369202,0.0,0,0,0,-0.00015754997730255127,-0.0029488950967788696,0.0
1158,57.900000000000006,89.4657974243164,123.2577133178711,2.3469410706687555,4.4047126730953945,0.31806268606885935,0.014418046722567635,6,87.57319271408207,125.57837246088621,2.361359117391323,5.0,0.5952873269046055,0.13901588320732117,0.23811493813991547,0.0,0,0,0,-0.0001542121171951294,-0.0028944462537765503,0.0
1159,57.95,89.30128479003906,123.40394592285156,2.357982802864333,4.409245775127179,0.023291497877087952,-0.09319971910647862,6,87.40418573378118,125.72036198794659,2.2647830837578544,5.0,0.5907542248728213,-0.03241269290447235,0.23630169034004211,0.0,0,0,0,-0.17142857611179352,-0.001813247799873352,0.0
1160,58.0,89.1395492553711,123.5534896850586,2.363281161853046,4.403839640914903,0.023291497877090395,-0.09319971910647729,6,87.23020368085326,125.85982177150105,2.2700814427465685,5.0,0.596160359085097,-0.1441030651330948,0.2384641468524933,0.0,0,0,0,-0.11169037222862244,0.002162456512451172,0.0
1161,58.050000000000004,88.98602294921875,123.71048736572266,2.3590485999325828,4.383727407826551,0.31806268606888155,0.014418046722567635,6,87.06546019588296,126.00806220841226,2.3734666466551504,5.0,0.6162725921734493,0.027325507253408432,0.24650903046131134,0.0,0,0,0,0.17142857238650322,0.008044883608818054,0.0
1162,58.1,88.83436584472656,123.8687973022461,2.3549835508446857,4.385029886179094,0.31806268606888133,0.014418046722569855,6,86.9231586884537,126.17416032204846,2.3694015975672555,5.0,0.614970113820906,0.13943631947040558,0.24598804116249084,0.0,0,0,0,0.11211081221699715,-0.0005209892988204956,0.0
1163,58.150000000000006,88.67659759521484,124.02049255371094,2.359184953780395,4.371834525629182,0.3180626860688871,0.01441804672256719,6,86.7557215765635,126.31780549892129,2.3736030005029622,5.0,0.6281654743708183,0.1397199034690857,0.2512661814689636,0.0,0,0,0,0.00028358399868011475,0.005278140306472778,0.0
1164,58.2,88.51351165771484,124.1656723022461,2.3688879148959896,4.371570465188835,0.3180626860688922,0.014418046722570299,6,86.57043567273777,126.44423921236006,2.38330596161856,5.0,0.6284295348111648,0.13972559571266174,0.2513718008995056,0.0,0,0,0,5.692243576049805e-06,0.00010561943054199219,0.0
1165,58.25,88.34745788574219,124.30776977539062,2.3796827720585165,4.380105150825277,0.31806268606887245,0.01441804672256497,6,86.37989878533317,126.56522910695313,2.3941008187810815,5.0,0.6198948491747229,0.13954199850559235,0.24795794486999512,0.0,0,0,0,-0.00018359720706939697,-0.003413856029510498,0.0
1166,58.300000000000004,88.17927551269531,124.44791412353516,2.390718911615805,4.386057189001531,0.02329149787709972,-0.09319971910647551,6,86.20737597647371,126.7009965532154,2.2975191925093297,5.0,0.613942810998469,-0.03188657388091087,0.2455771267414093,0.0,0,0,0,-0.17142857238650322,-0.0023808181285858154,0.0
1167,58.35,88.01350402832031,124.59144592285156,2.3959829158264556,4.3851242187002635,0.02329149787711593,-0.09319971910647773,6,86.02977163182484,126.83411709691592,2.302783196719978,5.0,0.6148757812997365,-0.14407363533973694,0.24595031142234802,0.0,0,0,0,-0.11218706145882607,0.0003731846809387207,0.0
1168,58.400000000000006,87.85552215576172,124.74275207519531,2.3918153350365907,4.369221815981114,0.31806268606887955,0.014418046722568523,6,85.86071976944343,126.97617431176408,2.4062333817591592,5.0,0.6307781840188857,0.027354931458830833,0.25231125950813293,0.0,0,0,0,0.17142856679856777,0.006360948085784912,0.0
1169,58.45,87.69922637939453,124.89555358886719,2.3877327090854994,4.373445888160723,0.3180626860688889,0.014418046722565858,6,85.71355881982394,127.13710122167134,2.4021507558080653,5.0,0.626554111839277,0.13968519866466522,0.25062164664268494,0.0,0,0,0,0.11233026720583439,-0.001689612865447998,0.0
1170,58.5,87.53694915771484,125.04166412353516,2.3919761899664316,4.362605984555048,0.3180626860688738,0.014418046722565858,6,85.54178754022801,127.27476545741328,2.4063942366889974,5.0,0.6373940154449516,0.13991905748844147,0.2549576163291931,0.0,0,0,0,0.00023385882377624512,0.004335969686508179,0.0
1171,58.550000000000004,87.36943817138672,125.18115234375,2.401634143659604,4.366061101736212,0.31806268606889043,0.014418046722569411,6,85.35280274960095,127.3948806520254,2.4160521903821732,5.0,0.6339388982637884,0.13984441757202148,0.25357556343078613,0.0,0,0,0,-7.463991641998291e-05,-0.0013820528984069824,0.0
1172,58.6,87.19904327392578,125.31758880615234,2.41248838931444,4.373703866275465,0.31806268606889554,0.01441804672256719,6,85.15849876651207,127.50929808443827,2.426906436037007,5.0,0.6262961337245354,0.13967964053153992,0.25051844120025635,0.0,0,0,0,-0.00016477704048156738,-0.003057122230529785,0.0
1173,58.650000000000006,87.0264663696289,125.45201873779297,2.4234542214189503,4.385046975604612,0.31806268606889,0.014418046722568967,6,84.96201111389449,127.62122042143871,2.4378722681415192,5.0,0.6149530243953878,0.13943596184253693,0.24598121643066406,0.0,0,0,0,-0.00024367868900299072,-0.004537224769592285,0.0
1174,58.7,86.85201263427734,125.584716796875,2.4345209873287743,4.3915800449688,0.31806268606889354,0.014418046722566302,6,84.76367824035414,127.73093927052919,2.4489390340513406,5.0,0.6084199550312004,0.13929606974124908,0.2433679848909378,0.0,0,0,0,-0.0001398921012878418,-0.0026132315397262573,0.0
1175,58.75,86.67574310302734,125.71569061279297,2.4455249026368726,4.400860987475116,0.02329149787708862,-0.09319971910647906,6,84.58338371220363,127.85737228743946,2.3523251835303935,5.0,0.5991390125248843,-0.032132506370544434,0.23965559899806976,0.0,0,0,0,-0.17142857611179352,-0.003712385892868042,0.0
1176,58.800000000000004,86.50187683105469,125.85023498535156,2.4508541542942304,4.395975442319818,0.02329149787709195,-0.09319971910647906,6,84.39813364604159,127.98073559023196,2.3576544351877513,5.0,0.6040245576801819,-0.14409072697162628,0.2416098266839981,0.0,0,0,0,-0.11195822060108185,0.0019542276859283447,0.0
1177,58.85,86.33544921875,125.99295806884766,2.446634641863109,4.3780186134680195,0.31806268606886845,0.014418046722570743,6,84.22127008293886,128.11372633269963,2.4610526885856796,5.0,0.6219813865319805,0.027337847277522087,0.24879255890846252,0.0,0,0,0,0.17142857424914837,0.0071827322244644165,0.0
1178,58.900000000000006,86.17070770263672,126.13724517822266,2.442582375948444,4.380938164114969,0.3180626860688649,0.014418046722566302,6,84.06513981854923,128.26656322228283,2.4570004226710105,5.0,0.6190618358850308,0.13952411711215973,0.2476247400045395,0.0,0,0,0,0.11218626983463764,-0.0011678189039230347,0.0
1179,58.95,86.00041961669922,126.27442932128906,2.4467819146713903,4.3689172978000785,0.3180626860688831,0.014418046722567635,6,83.8859281723188,128.39488620104467,2.461199961393958,5.0,0.6310827021999215,0.13978278636932373,0.25243309140205383,0.0,0,0,0,0.00025866925716400146,0.004808351397514343,0.0
1180,59.0,85.82536315917969,126.40469360351562,2.456487006315857,4.3694758438519825,0.31806268606886956,0.014418046722568967,6,83.69039238943536,128.50452961130247,2.470905053038426,5.0,0.6305241561480175,0.1397707462310791,0.2522096633911133,0.0,0,0,0,-1.2040138244628906e-05,-0.00022342801094055176,0.0
1181,59.050000000000004,85.64756774902344,126.53170013427734,2.467279466633403,4.378848643775432,0.31806268606887933,0.014418046722563638,6,83.49005935893274,128.60837271173128,2.4816975133559667,5.0,0.6211513562245683,0.1395689994096756,0.2484605461359024,0.0,0,0,0,-0.00020174682140350342,-0.0037491172552108765,0.0
1182,59.1,85.46780395507812,126.65656280517578,2.4783153398745825,4.3853018846925895,0.31806268606888954,0.014418046722568523,6,83.28750951553079,128.70929941861158,2.492733386597151,5.0,0.6146981153074105,0.13943049311637878,0.24587924778461456,0.0,0,0,0,-0.00013850629329681396,-0.002581298351287842,0.0
1183,59.150000000000006,85.2862319946289,126.77954864501953,2.4893096678027566,4.395065467740662,0.023291497877105494,-0.09319971910647595,6,83.10213485050141,128.8275935373251,2.3961099486962807,5.0,0.604934532259338,-0.031998079270124435,0.24197381734848022,0.0,0,0,0,-0.17142857238650322,-0.0039054304361343384,0.0
1184,59.2,85.10685729980469,126.90621185302734,2.494639718408441,4.391002270516792,0.02329149787708884,-0.09319971910647817,6,82.91187504885986,128.9425863603128,2.401439999301963,5.0,0.6089977294832076,-0.1440829038619995,0.2435990869998932,0.0,0,0,0,-0.11208482459187508,0.0016252696514129639,0.0
1185,59.25,84.93450164794922,127.0413818359375,2.49042819546059,4.3739416155339015,0.31806268606887,0.01441804672256719,6,82.7295032600974,129.0675589152748,2.504846242183157,5.0,0.6260583844660985,0.027345668524503708,0.2504233419895172,0.0,0,0,0,0.17142857238650322,0.0068242549896240234,0.0
1186,59.300000000000004,84.76374053955078,127.17819213867188,2.4863817885003234,4.377691914307934,0.3180626860688718,0.014418046722567635,6,82.56695891800791,129.21327492679436,2.500799835222891,5.0,0.6223080856920662,0.13959385454654694,0.24892322719097137,0.0,0,0,0,0.11224818602204323,-0.0015001147985458374,0.0
1187,59.35,84.58771514892578,127.30772399902344,2.4905823924877053,4.366420695134244,0.31806268606885446,0.014418046722560085,6,82.38240435680699,129.33356105007795,2.5050004392102654,5.0,0.6335793048657559,0.1398366540670395,0.2534317076206207,0.0,0,0,0,0.0002427995204925537,0.004508480429649353,0.0
1188,59.400000000000006,84.40718841552734,127.43013763427734,2.500287750448281,4.36760101045661,0.3180626860688833,0.014418046722563194,6,82.1823203209997,129.4344762806178,2.514705797170844,5.0,0.6323989895433897,0.1398111879825592,0.25295960903167725,0.0,0,0,0,-2.5466084480285645e-05,-0.00047209858894348145,0.0
1189,59.45,84.22406005859375,127.54915618896484,2.511078612869173,4.3775043432399645,0.023291497877098832,-0.09319971910647862,6,81.99590014605893,129.54917409389913,2.4178788937626945,5.0,0.6224956567600355,-0.03161739185452461,0.2489982694387436,0.0,0,0,0,-0.17142857983708382,-0.003961339592933655,0.0
1190,59.5,84.042724609375,127.6716079711914,2.5163684497423975,4.376338210855331,0.02329149787708018,-0.09319971910647773,6,81.80401615225011,129.65981134607094,2.4231687306359198,5.0,0.623661789144669,-0.14405976235866547,0.2494647204875946,0.0,0,0,0,-0.11244237050414085,0.0004664510488510132,0.0
1191,59.550000000000004,83.86800384521484,127.80266571044922,2.5121638510133804,4.362104708580228,0.31806268606887067,0.014418046722569411,6,81.61948948072302,129.7804408746008,2.5265818977359498,5.0,0.6378952914197722,0.02736881747841835,0.25515812635421753,0.0,0,0,0,0.17142857983708382,0.005693405866622925,0.0
1192,59.6,83.69474792480469,127.93544006347656,2.5081307598585645,4.368271851481393,0.31806268606885935,0.014418046722563194,6,81.45422837315441,129.92226758138892,2.5225488065811277,5.0,0.631728148518607,0.13979670405387878,0.25269126892089844,0.0,0,0,0,0.11242788657546043,-0.002466857433319092,0.0
1193,59.650000000000006,83.51626586914062,128.06088256835938,2.5123332280587096,4.359171484555371,0.318062686068856,0.014418046722570299,6,81.26741654719011,130.03827685742354,2.52675127478128,5.0,0.6408285154446292,0.139993354678154,0.2563314139842987,0.0,0,0,0,0.00019665062427520752,0.0036401450634002686,0.0
1194,59.7,83.3333740234375,128.1791534423828,2.522041249180375,4.362164702730283,0.3180626860688771,0.014418046722565858,6,81.06543438882187,130.13462301795806,2.536459295902941,5.0,0.6378352972697172,0.13992859423160553,0.25513410568237305,0.0,0,0,0,-6.476044654846191e-05,-0.0011973083019256592,0.0
1195,59.75,83.14789581298828,128.29405212402344,2.5328318452851586,4.373614461276563,0.31806268606884536,0.014418046722568079,6,80.85898794019023,130.22493591055851,2.5472498920077267,5.0,0.6263855387234374,0.13968157768249512,0.2505542039871216,0.0,0,0,0,-0.0002470165491104126,-0.004579901695251465,0.0
1196,59.800000000000004,82.96051788330078,128.40673828125,2.5438677185263376,4.3816748383803805,0.3180626860688611,0.014418046722561417,6,80.65044083652765,130.3122449029212,2.558285765248899,5.0,0.6183251616196195,0.13950829207897186,0.24733006954193115,0.0,0,0,0,-0.0001732856035232544,-0.0032241344451904297,0.0
1197,59.85,82.77141571044922,128.51747131347656,2.554862845402839,4.392691812289483,0.31806268606890065,0.014418046722565414,6,80.44052743319942,130.39746367682287,2.5692808921254042,5.0,0.6073081877105171,0.1392723023891449,0.24292327463626862,0.0,0,0,0,-0.00023598968982696533,-0.004406794905662537,0.0
1198,59.900000000000006,82.58074951171875,128.62632751464844,2.5659362692153884,4.398357941142609,0.31806268606885957,0.014418046722569855,6,80.22918661384787,130.48039422990385,2.5803543159379583,5.0,0.601642058857391,0.13915129005908966,0.24065682291984558,0.0,0,0,0,-0.00012101233005523682,-0.0022664517164230347,0.0
1199,59.95,82.38858032226562,128.7332305908203,2.576942847684577,4.4065576949671295,0.31806268606885135,0.014418046722568523,6,80.01675334397058,130.56130286299467,2.5913608944071456,5.0,0.5934423050328705,0.13897663354873657,0.23737692832946777,0.0,0,0,0,-0.00017465651035308838,-0.0032798945903778076,0.0
1200,60.0,82.19503784179688,128.83815002441406,2.5880192009743253,4.409475674896003,0.318062686068874,0.014418046722568967,6,79.80310839622724,130.63983950228695,2.602437247696894,5.0,0.5905243251039973,0.13891460001468658,0.23620973527431488,0.0,0,0,0,-6.203353404998779e-05,-0.001167193055152893,0.0
1201,60.050000000000004,82.0001449584961,128.94100952148438,2.599027377340168,4.415137320033811,0.02329149787706064,-0.09319971910647595,6,79.60492445620216,130.7375859772122,2.505827658233692,5.0,0.5848626799661893,-0.032513976097106934,0.2339450716972351,0.0,0,0,0,-0.17142857611179352,-0.002264663577079773,0.0
1202,60.1,81.80723571777344,129.0477294921875,2.604348639514255,4.406924494653267,0.02329149787709528,-0.09319971910647551,6,79.40248911750915,130.83153497609044,2.5111489204077797,5.0,0.5930755053467331,-0.1441078931093216,0.23723019659519196,0.0,0,0,0,-0.11159391701221466,0.003285124897956848,0.0
1203,60.150000000000006,81.62055206298828,129.16360473632812,2.60010595758165,4.386092346178975,0.3180626860688476,0.014418046722571631,6,79.207021281419,130.9362526465682,2.6145240043042217,5.0,0.6139076538210251,0.027320675551891327,0.2455630600452423,0.0,0,0,0,0.17142856866121292,0.008332863450050354,0.0
1204,60.2,81.43540954589844,129.2811737060547,2.596041174809862,4.386706847999728,0.3180626860688731,0.014418046722569855,6,79.0291041118775,131.06361742338834,2.610459221532432,5.0,0.6132931520002716,0.13940037786960602,0.2453172653913498,0.0,0,0,0,0.11207970231771469,-0.0002457946538925171,0.0
1205,60.25,81.24595642089844,129.390869140625,2.600235919842846,4.372864684689136,0.31806268606885313,0.014418046722565414,6,78.83219528238159,131.16320336797796,2.6146539665654114,5.0,0.6271353153108636,0.13969771564006805,0.25085413455963135,0.0,0,0,0,0.00029733777046203613,0.005536869168281555,0.0
1206,60.300000000000004,81.05290222167969,129.492919921875,2.6099383483262226,4.3720612312792095,0.318062686068868,0.014418046722565858,6,78.62205901823606,131.24175175127795,2.6243563950487885,5.0,0.6279387687207905,0.1397150158882141,0.25117549300193787,0.0,0,0,0,1.730024814605713e-05,0.00032135844230651855,0.0
1207,60.35,80.85770416259766,129.59130859375,2.6207305423276597,4.380408501030655,0.3180626860688416,0.014418046722570743,6,78.40812915369223,131.31380495746367,2.6351485890502304,5.0,0.6195914989693447,0.13953548669815063,0.24783660471439362,0.0,0,0,0,-0.00017952919006347656,-0.0033388882875442505,0.0
1208,60.400000000000006,80.66091918945312,129.687255859375,2.631765350304403,4.386145480487381,0.02329149787711171,-0.09319971910647773,6,78.20817637539923,131.40446898068285,2.538565631197925,5.0,0.6138545195126186,-0.03189308941364288,0.24554181098937988,0.0,0,0,0,-0.17142857611179352,-0.002294793725013733,0.0
1209,60.45,80.4656753540039,129.7870635986328,2.6370285555667268,4.385126781436964,0.023291497877113043,-0.09319971910647906,6,78.00392850858118,131.49134370616682,2.5438288364602477,5.0,0.6148732185630363,-0.14407365024089813,0.24594928324222565,0.0,0,0,0,-0.11218056082725525,0.00040747225284576416,0.0
1210,60.5,80.27613830566406,129.89630126953125,2.6328596431963165,4.3691732819078215,0.3180626860688611,0.014418046722568967,6,77.80585165938875,131.58896051831547,2.6472776899188855,5.0,0.6308267180921785,0.027354927733540535,0.2523306906223297,0.0,0,0,0,0.17142857797443867,0.006381407380104065,0.0
1211,60.550000000000004,80.087890625,130.00735473632812,2.628777017245225,4.373368117976046,0.31806268606885135,0.014418046722566746,6,77.62453504123907,131.71008510700187,2.643195063967792,5.0,0.626631882023954,0.13968688249588013,0.2506527602672577,0.0,0,0,0,0.11233195476233959,-0.0016779303550720215,0.0
1212,60.6,79.89543151855469,130.11050415039062,2.6330212970744844,4.362516432641479,0.3180626860689013,0.014418046722564082,6,77.42487127962535,131.8027640456438,2.6474393437970485,5.0,0.6374835673585206,0.13992099463939667,0.2549934387207031,0.0,0,0,0,0.00023411214351654053,0.004340678453445435,0.0
1213,60.650000000000006,79.69947052001953,130.20594787597656,2.6426787181354388,4.3659721012557515,0.31806268606888,0.014418046722563194,6,77.21268287724469,131.8742699872618,2.657096764858002,5.0,0.6340278987442485,0.1398463398218155,0.25361114740371704,0.0,0,0,0,-7.465481758117676e-05,-0.001382291316986084,0.0
1214,60.7,79.50142669677734,130.29776000976562,2.6535332301063836,4.373621391169892,0.31806268606885446,0.014418046722566746,6,76.99667708302675,131.93899150461246,2.6679512768289504,5.0,0.626378608830108,0.13968142867088318,0.2505514323711395,0.0,0,0,0,-0.000164911150932312,-0.0030597150325775146,0.0
1215,60.75,79.3017349243164,130.38710021972656,2.664499062210894,4.384976405888391,0.3180626860688962,0.014418046722564526,6,76.7791387981466,132.00076692369427,2.6789171089334585,5.0,0.6150235941116087,0.1394374668598175,0.2460094392299652,0.0,0,0,0,-0.00024396181106567383,-0.004541993141174316,0.0
1216,60.800000000000004,79.10065460205078,130.4743194580078,2.675564762856282,4.39152180542068,0.3180626860688738,0.01441804672256719,6,76.56035693164107,132.05997364255495,2.6899828095788494,5.0,0.6084781945793196,0.13929730653762817,0.2433912754058838,0.0,0,0,0,-0.00014016032218933105,-0.002618163824081421,0.0
1217,60.85,78.89823150634766,130.55941772460938,2.6865684118482718,4.400814052464122,0.3180626860689024,0.014418046722560529,6,76.34063999440654,132.11702393456991,2.7009864585708323,5.0,0.5991859475358776,0.1390989124774933,0.239674374461174,0.0,0,0,0,-0.0001983940601348877,-0.003716900944709778,0.0
1218,60.900000000000006,78.69461059570312,130.64242553710938,2.697644232505802,4.404820331432351,0.31806268606888355,0.01441804672256719,6,76.11992454258181,132.17160936357482,2.7120622792283693,5.0,0.5951796685676491,0.13901358842849731,0.23807187378406525,0.0,0,0,0,-8.532404899597168e-05,-0.0016025006771087646,0.0
1219,60.95,78.48980712890625,130.72328186035156,2.7086508109749907,4.411507852405663,0.3180626860688458,0.014418046722569411,6,75.8984462871359,132.22403514953675,2.72306885769756,5.0,0.5884921475943372,0.138871431350708,0.2353968620300293,0.0,0,0,0,-0.00014215707778930664,-0.0026750117540359497,0.0
1220,61.0,78.28397369384766,130.8019561767578,2.719728229529175,4.413152500161111,0.023291497877073963,-0.09319971910647684,6,75.68985747895357,132.2970579390163,2.6265285104226983,5.0,0.5868474998388891,-0.03255713731050491,0.2347390055656433,0.0,0,0,0,-0.17142856866121292,-0.0006578564643859863,0.0
1221,61.050000000000004,78.07960510253906,130.88467407226562,2.7249903695270628,4.407133712215443,0.02329149787706597,-0.09319971910647684,6,75.47765740477753,132.3661045951044,2.631790650420586,5.0,0.592866287784557,-0.14410822093486786,0.2371465116739273,0.0,0,0,0,-0.11155108362436295,0.0024075061082839966,0.0
1222,61.1,77.8803482055664,130.9772491455078,2.7207831076369557,4.386462493577217,0.3180626860688942,0.01441804672256275,6,75.27097093860182,132.44645359891427,2.7352011543595185,5.0,0.6135375064227828,0.02732034958899021,0.24541500210762024,0.0,0,0,0,0.17142857052385807,0.008268490433692932,0.0
1223,61.150000000000006,77.68240356445312,131.07168579101562,2.7166765132360533,4.386628143519774,0.31806268606887445,0.014418046722568523,6,75.0790817097042,132.55159347997719,2.731094559958622,5.0,0.6133718564802262,0.13940207660198212,0.2453487366437912,0.0,0,0,0,0.1120817270129919,-6.626546382904053e-05,0.0
1224,61.2,77.48113250732422,131.15777587890625,2.7209128035820425,4.372308458785249,0.3180626860688738,0.014418046722571631,6,74.87156471244626,132.62664189430612,2.735330850304614,5.0,0.6276915412147508,0.1397096961736679,0.2510766088962555,0.0,0,0,0,0.000307619571685791,0.005727872252464294,0.0
1225,61.25,77.27718353271484,131.23583984375,2.7305678277980157,4.37292007814524,0.318062686068902,0.014418046722563638,6,74.65355565157402,132.67944234740585,2.7449858745205793,5.0,0.6270799218547598,0.13969652354717255,0.2508319616317749,0.0,0,0,0,-1.3172626495361328e-05,-0.0002446472644805908,0.0
1226,61.300000000000004,77.07159423828125,131.31002807617188,2.741420741872307,4.378454900145633,0.31806268606886157,0.014418046722567635,6,74.43245388223721,132.72507211377658,2.7558387885948745,5.0,0.6215450998543668,0.1395774483680725,0.24861803650856018,0.0,0,0,0,-0.00011907517910003662,-0.0022139251232147217,0.0
1227,61.35,76.86466979980469,131.38156127929688,2.752384976080163,4.388118626126002,0.31806268606886134,0.014418046722564526,6,74.210173510158,132.76758469017884,2.7668030228027276,5.0,0.6118813738739979,0.1393701434135437,0.24475255608558655,0.0,0,0,0,-0.0002073049545288086,-0.003865480422973633,0.0
1228,61.400000000000006,76.65660095214844,131.45083618164062,2.7634498777772243,4.3934240909234745,0.31806268606886134,0.014418046722565414,6,73.986931258702,132.80740360538135,2.7778679244997897,5.0,0.6065759090765255,0.13925664126873016,0.24263036251068115,0.0,0,0,0,-0.0001135021448135376,-0.0021221935749053955,0.0
1229,61.45,76.44742584228516,131.51788330078125,2.7744519288725593,4.40183222548717,0.31806268606886845,0.014418046722569411,6,73.76299299945235,132.84499737258574,2.7888699755951287,5.0,0.59816777451283,0.13907721638679504,0.23926711082458496,0.0,0,0,0,-0.00017942488193511963,-0.0033632516860961914,0.0
1230,61.5,76.23726654052734,131.5827178955078,2.785526950581763,4.405236845504699,0.02329149787708662,-0.0931997191064795,6,73.5504590629418,132.90401793496716,2.6923272314752835,5.0,0.5947631544953014,-0.03235135227441788,0.23790526390075684,0.0,0,0,0,-0.17142856866121292,-0.001361846923828125,0.0
1231,61.550000000000004,76.0282211303711,131.65167236328125,2.7907920200568497,4.4009501268764994,0.02329149787711504,-0.09319971910647773,6,73.33449418877224,132.95880792625448,2.697592300950372,5.0,0.5990498731235006,-0.14409853518009186,0.23961995542049408,0.0,0,0,0,-0.11174718290567398,0.0017146915197372437,0.0
1232,61.6,75.82354736328125,131.73085021972656,2.7865983402883017,4.381803431882141,0.31806268606888455,0.014418046722566746,6,73.12319326518552,133.02526097067022,2.8010163870108684,5.0,0.6181965681178587,0.02733003720641136,0.24727863073349,0.0,0,0,0,0.17142857238650322,0.007658675312995911,0.0
1233,61.650000000000006,75.62000274658203,131.8119659423828,2.7824989364223427,4.383216388116184,0.3180626860688538,0.014418046722570299,6,72.92497763590549,133.11743562800703,2.796916983144913,5.0,0.6167836118838164,0.13947521150112152,0.24671344459056854,0.0,0,0,0,0.11214517429471016,-0.0005651861429214478,0.0
1234,61.7,75.41363525390625,131.88458251953125,2.786737889929422,4.369911793165879,0.31806268606889765,0.01441804672256719,6,72.71310054754885,133.1786164244271,2.8011559366519894,5.0,0.6300882068341211,0.13976134359836578,0.2520352900028229,0.0,0,0,0,0.0002861320972442627,0.0053218454122543335,0.0
1235,61.75,75.20508575439453,131.94903564453125,2.7963931804615045,4.371315548726508,0.3180626860689091,0.014418046722566746,6,72.4921828460587,133.2169351899227,2.8108112271840713,5.0,0.6286844512734922,0.13973109424114227,0.2514737844467163,0.0,0,0,0,-3.0249357223510742e-05,-0.0005615055561065674,0.0
1236,61.800000000000004,74.99510955810547,132.00950622558594,2.8072468934841224,4.377417971418835,0.31806268606889787,0.014418046722567635,6,72.26860529474956,133.247886598962,2.82166494020669,5.0,0.6225820285811654,0.1395997405052185,0.24903281033039093,0.0,0,0,0,-0.0001313537359237671,-0.0024409741163253784,0.0
1237,61.85,74.78396606445312,132.06727600097656,2.8182116603241965,4.387511577787067,0.3180626860688641,0.014418046722566746,6,72.04404741798615,133.2756870477663,2.832629707046763,5.0,0.612488422212933,0.13938315212726593,0.2449953705072403,0.0,0,0,0,-0.00021658837795257568,-0.004037439823150635,0.0
1238,61.900000000000006,74.5718002319336,132.12269592285156,2.829276828337367,4.39311712985654,0.3180626860688781,0.014418046722561417,6,71.81867832035208,133.30071595121723,2.8436948750599282,5.0,0.6068828701434601,0.13926319777965546,0.24275314807891846,0.0,0,0,0,-0.00011995434761047363,-0.0022422224283218384,0.0
1239,61.95,74.35867309570312,132.17584228515625,2.840278879432702,4.401725342547229,0.023291497877097944,-0.09319971910647817,6,71.60358424642544,133.34812793655297,2.7470791603262237,5.0,0.5982746574527713,-0.032165370881557465,0.2393098622560501,0.0,0,0,0,-0.17142856866121292,-0.003443285822868347,0.0
1240,62.0,74.14640045166016,132.23318481445312,2.8456070658256234,4.396374829091961,0.023291497877073075,-0.09319971910647729,6,71.385104583282,133.3907742680862,2.752407346719146,5.0,0.6036251709080389,-0.14409135282039642,0.24145007133483887,0.0,0,0,0,-0.11192598193883896,0.0021402090787887573,0.0
1241,62.050000000000004,73.93785858154297,132.30093383789062,2.841386221813957,4.378111239284967,0.3180626860688851,0.014418046722563638,6,71.17067376341235,133.4455296746681,2.8558042685365206,5.0,0.6218887607150334,0.027337219566106796,0.24875549972057343,0.0,0,0,0,0.17142857238650322,0.007305428385734558,0.0
1242,62.1,73.73030853271484,132.3707733154297,2.8373334232670744,4.3808435853046594,0.3180626860688963,0.014418046722564082,6,70.96778524394722,133.52657456403492,2.8517514699896385,5.0,0.6191564146953406,0.1395261436700821,0.24766255915164948,0.0,0,0,0,0.1121889241039753,-0.0010929405689239502,0.0
1243,62.150000000000006,73.52035522460938,132.43191528320312,2.8415321630416934,4.368720126084838,0.31806268606887333,0.014418046722565414,6,70.75300339222657,133.576107261443,2.855950209764259,5.0,0.6312798739151617,0.13978703320026398,0.2525119483470917,0.0,0,0,0,0.00026088953018188477,0.0048493891954422,0.0
1244,62.2,73.30866241455078,132.48483276367188,2.851236722053942,4.369230573551192,0.31806268606888255,0.014418046722568079,6,70.53033718933602,133.60211535558688,2.86565476877651,5.0,0.6307694264488077,0.13977603614330292,0.2523077726364136,0.0,0,0,0,-1.099705696105957e-05,-0.00020417571067810059,0.0
1245,62.25,73.09571075439453,132.53367614746094,2.862028117107052,4.378597965812957,0.31806268606887833,0.014418046722563638,6,70.30549049761935,133.62091226070513,2.8764461638296157,5.0,0.6214020341870432,0.13957437872886658,0.2485608160495758,0.0,0,0,0,-0.00020165741443634033,-0.0037469565868377686,0.0
1246,62.300000000000004,72.88176727294922,132.57980346679688,2.8730637240321224,4.385067656566409,0.31806268606890387,0.014418046722564526,6,70.07971885055984,133.63618222739655,2.887481770754687,5.0,0.6149323434335914,0.1394355148077011,0.24597293138504028,0.0,0,0,0,-0.0001388639211654663,-0.0025878846645355225,0.0
1247,62.35,72.66688537597656,132.62350463867188,2.8840588509086236,4.394859995257837,0.3180626860688607,0.014418046722563194,6,69.85339154116652,133.64901128845372,2.8984768976311868,5.0,0.6051400047421627,0.13922595977783203,0.2420559972524643,0.0,0,0,0,-0.0002095550298690796,-0.003916934132575989,0.0
1248,62.400000000000006,72.45120239257812,132.66488647460938,2.8951317420889553,4.3996335887994995,0.023291497877028777,-0.09319971910647684,6,69.63598632778763,133.684360223379,2.8019320229824785,5.0,0.6003664112005005,-0.03220261260867119,0.24014656245708466,0.0,0,0,0,-0.17142857238650322,-0.0019094347953796387,0.0
1249,62.45,72.23609924316406,132.71051025390625,2.900400539989568,4.396654930556822,0.023291497877081957,-0.09319971910647773,6,69.41555087751239,133.7151371164301,2.8072008208830903,5.0,0.6033450694431783,-0.14409179985523224,0.24133802950382233,0.0,0,0,0,-0.11188918724656105,0.001191467046737671,0.0
1250,62.5,72.02416229248047,132.76673889160156,2.8962153823365084,4.378626449527735,0.3180626860688497,0.01441804672256719,6,69.19841004917228,133.7579682831652,2.9106334290590756,5.0,0.6213735504722653,0.02733677811920643,0.2485494166612625,0.0,0,0,0,0.17142857797443867,0.0072113871574401855,0.0
1251,62.550000000000004,71.8130874633789,132.82508850097656,2.8921210384766205,4.380936141049163,0.31806268606889054,0.014418046722567635,6,68.99141732763484,133.82787915326193,2.906539085199188,5.0,0.6190638589508373,0.1395241618156433,0.24762554466724396,0.0,0,0,0,0.11218738369643688,-0.0009238719940185547,0.0
1252,62.6,71.60010528564453,132.87466430664062,2.896361323564245,4.368348032599051,0.31806268606885757,0.014418046722568523,6,68.7742084111951,133.86548129389806,2.9107793702868134,5.0,0.6316519674009493,0.13979506492614746,0.2526607811450958,0.0,0,0,0,0.0002709031105041504,0.005035236477851868,0.0
1253,62.650000000000006,71.38581085205078,132.9158935546875,2.906018211992981,4.370301902100994,0.31806268606889365,0.014418046722565414,6,68.55047768139681,133.87937539605778,2.9204362587155464,5.0,0.6296980978990057,0.13975293934345245,0.2518792450428009,0.0,0,0,0,-4.2125582695007324e-05,-0.0007815361022949219,0.0
1254,62.7,71.17051696777344,132.95301818847656,2.916872191331708,4.376791800200963,0.3180626860688891,0.014418046722563638,6,68.32489340250729,133.88566923364988,2.9312902380542716,5.0,0.6232081997990369,0.13961321115493774,0.24928328394889832,0.0,0,0,0,-0.00013972818851470947,-0.002595961093902588,0.0
1255,62.75,70.95433807373047,132.98733520507812,2.927837757120109,4.387172095619876,0.31806268606886745,0.014418046722566746,6,68.0986587493694,133.88872693106504,2.942255803842676,5.0,0.6128279043801239,0.13939042389392853,0.24513116478919983,0.0,0,0,0,-0.0002227872610092163,-0.004152119159698486,0.0
1256,62.800000000000004,70.7374038696289,133.0192108154297,2.9389037240816065,4.392972143906651,0.31806268606884347,0.01441804672257252,6,67.87192482299895,133.88894714362667,2.953321770804179,5.0,0.6070278560933486,0.13926629722118378,0.2428111433982849,0.0,0,0,0,-0.00012412667274475098,-0.002320021390914917,0.0
1257,62.85,70.51973724365234,133.04869079589844,2.9499060414930507,4.401707303414341,0.023291497877116152,-0.09319971910647862,6,67.65293022035523,133.91251120956042,2.856706322386572,5.0,0.5982926965856592,-0.032162271440029144,0.23931707441806793,0.0,0,0,0,-0.17142856866121292,-0.00349406898021698,0.0
1258,62.900000000000006,70.30245971679688,133.0824737548828,2.9552342278859722,4.396431784283039,0.023291497877123035,-0.0931997191064764,6,67.43109081271675,133.93100709693044,2.862034508779496,5.0,0.6035682157169608,-0.1440914422273636,0.24142728745937347,0.0,0,0,0,-0.11192917078733444,0.002110213041305542,0.0
1259,62.95,70.08776092529297,133.12701416015625,2.9510125849259787,4.378207925508826,0.31806268606886756,0.014418046722566302,6,67.21196069201986,133.96198988768805,2.965430631648545,5.0,0.6217920744911742,0.027337130159139633,0.2487168312072754,0.0,0,0,0,0.17142857238650322,0.0072895437479019165,0.0
1260,63.0,69.8738021850586,133.17372131347656,2.946960585327423,4.380957492777886,0.31806268606889465,0.014418046722563194,6,67.00140887225939,134.0203428959131,2.9613786320499864,5.0,0.6190425072221144,0.1395236998796463,0.24761700630187988,0.0,0,0,0,0.11218656972050667,-0.0010998249053955078,0.0
1261,63.050000000000004,69.65841674804688,133.21153259277344,2.95115985773426,4.368834891210912,0.31806268606885757,0.014418046722566746,6,66.78249357674099,134.04608478407533,2.965577904456827,5.0,0.6311651087890882,0.1397845596075058,0.2524660527706146,0.0,0,0,0,0.00026085972785949707,0.004849046468734741,0.0
1262,63.1,69.44219207763672,133.240966796875,2.9608636177981817,4.369338680983928,0.3180626860688786,0.014418046722564526,6,66.55830614085414,134.04757286608634,2.9752816645207463,5.0,0.6306613190160721,0.13977369666099548,0.25226452946662903,0.0,0,0,0,-1.0862946510314941e-05,-0.0002015233039855957,0.0
1263,63.150000000000006,69.22517395019531,133.2662353515625,2.971655811799619,4.378692651468735,0.31806268606888566,0.014418046722566746,6,66.33275107677196,134.04167159559438,2.9860738585221855,5.0,0.621307348531265,0.1395723521709442,0.24852293729782104,0.0,0,0,0,-0.00020134449005126953,-0.0037415921688079834,0.0
1264,63.2,69.00746154785156,133.28868103027344,2.9826919513569075,4.3851460704720955,0.318062686068868,0.014418046722570743,6,66.10665716706346,134.03214951760927,2.997109998079478,5.0,0.6148539295279045,0.1394338309764862,0.24594156444072723,0.0,0,0,0,-0.0001385211944580078,-0.002581372857093811,0.0
1265,63.25,68.78909301757812,133.30860900878906,2.9936870782334086,4.394922912283062,0.023291497877080625,-0.09319971910647684,6,65.88722620078671,134.0461299871278,2.900487359126932,5.0,0.6050770877169382,-0.031994741410017014,0.24203082919120789,0.0,0,0,0,-0.17142857238650322,-0.003910735249519348,0.0
1266,63.300000000000004,68.57084655761719,133.33282470703125,2.999017395155202,4.390878960504047,0.023291497877067635,-0.09319971910647684,6,65.66508976311701,134.05486741151688,2.9058176760487253,5.0,0.6091210394959532,-0.144082710146904,0.24364840984344482,0.0,0,0,0,-0.11208796873688698,0.0016175806522369385,0.0
1267,63.35,68.3546371459961,133.3678741455078,2.994804806942915,4.37384168803142,0.31806268606889604,0.014418046722569855,6,65.44504026125371,134.0761519268608,3.009222853665485,5.0,0.6261583119685801,0.027345862239599228,0.2504633367061615,0.0,0,0,0,0.17142857238650322,0.006814926862716675,0.0
1268,63.400000000000006,68.13903045654297,133.40512084960938,2.9907583999826484,4.377613530234762,0.3180626860688804,0.014418046722568079,6,65.2323233641017,134.1251662134668,3.0051764467052164,5.0,0.6223864697652379,0.13959553837776184,0.24895459413528442,0.0,0,0,0,0.11224967613816261,-0.0015087425708770752,0.0
1269,63.45,67.92232513427734,133.43344116210938,2.9949595366022486,4.3663612062376735,0.31806268606887583,0.014418046722568079,6,65.01261869278528,134.14126873405084,3.0093775833248166,5.0,0.6336387937623265,0.13983793556690216,0.2534555196762085,0.0,0,0,0,0.00024239718914031982,0.004500925540924072,0.0
1270,63.5,67.70513153076172,133.453369140625,3.0046648945628243,4.367556335345767,0.3180626860688657,0.01441804672256719,6,64.78869251448633,134.1329240770411,3.0190829412853915,5.0,0.6324436646542333,0.1398121416568756,0.2529774606227875,0.0,0,0,0,-2.5793910026550293e-05,-0.0004780590534210205,0.0
1271,63.550000000000004,67.4872817993164,133.46908569335938,3.01545735488037,4.377472980812649,0.31806268606887583,0.01441804672256719,6,64.56367870340688,134.11712611250707,3.0298754016029372,5.0,0.6225270191873511,0.1395985633134842,0.24901080131530762,0.0,0,0,0,-0.00021357834339141846,-0.003966659307479858,0.0
1272,63.6,67.26883697509766,133.48196411132812,3.0264924291732225,4.384347590497515,0.023291497877098277,-0.09319971910647817,6,64.34434120474371,134.1239085832778,2.9332927100667443,5.0,0.6156524095024851,-0.031830012798309326,0.24626097083091736,0.0,0,0,0,-0.17142857611179352,-0.002749830484390259,0.0
1273,63.650000000000006,67.05029296875,133.49899291992188,3.031758297596636,4.3841563241419585,0.02329149787710305,-0.09319971910647729,6,64.12245736601363,134.12552855277463,2.938558578490159,5.0,0.6158436758580415,-0.14407211542129517,0.24633747339248657,0.0,0,0,0,-0.11224210262298584,7.650256156921387e-05,0.0
1274,63.7,66.8333511352539,133.52691650390625,3.027593379967861,4.36876846510395,0.31806268606889965,0.014418046722564526,6,63.9020988936414,134.13942915136963,3.0420114266904257,5.0,0.6312315348960498,0.027356458827853203,0.25249260663986206,0.0,0,0,0,0.17142857424914837,0.006155133247375488,0.0
1275,63.75,66.61688232421875,133.55703735351562,3.023512351913424,4.373328246436194,0.3180626860688522,0.01441804672256719,6,63.68815416662698,134.1815073897784,3.037930398635991,5.0,0.626671753563806,0.13968773186206818,0.2506687045097351,0.0,0,0,0,0.11233127303421497,-0.0018239021301269531,0.0
1276,63.800000000000004,66.3995590209961,133.57823181152344,3.027756631742683,4.362695087915567,-2.275957200481571e-15,0.0,6,63.41897599907262,133.91900277481335,3.027756631742683,5.0,0.6373049120844332,-8.337134600378449e-16,0.25492197275161743,0.0,0,0,0,-0.139687731862069,0.004253268241882324,0.0
1277,63.85,66.18199157714844,133.59719848632812,3.032145521219134,4.372500709433681,5.1958437552457326e-14,0.0,6,63.19994166040364,133.92488476013637,3.032145521219134,5.0,0.6274992905663188,1.899833067286246e-14,0.25099971890449524,0.0,0,0,0,1.9832044132900306e-14,-0.003922253847122192,0.0
1278,63.900000000000006,65.9642333984375,133.6197509765625,3.0329055873942425,4.382533934062065,4.8905324234738146e-14,0.0,6,62.98193527982987,133.9451706006625,3.0329055873942425,5.0,0.6174660659379354,1.7848642689158832e-14,0.24698641896247864,0.0,0,0,0,-1.149687983703629e-15,-0.0040132999420166016,0.0
1279,63.95,65.74608612060547,133.6431884765625,3.0329822864336364,4.391765648536812,-9.992007221626409e-15,0.0,6,62.76376305139733,133.9683793603046,3.0329822864336364,5.0,0.6082343514631878,-3.640470950817256e-15,0.24329374730587006,0.0,0,0,0,-2.1489113639976088e-14,-0.0036926716566085815,0.0
1280,64.0,65.52752685546875,133.66693115234375,3.033036614919874,4.399648322439465,5.240252676230739e-14,0.0,6,62.54518612353347,133.99196001050825,3.033036614919874,5.0,0.6003516775605346,1.9064375525825773e-14,0.24014067649841309,0.0,0,0,0,2.270484647664303e-14,-0.00315307080745697,0.0
1281,64.05,65.30863952636719,133.69073486328125,3.03300279277403,4.406167794377027,4.196643033083092e-14,0.0,6,62.32630978931115,134.015864590423,3.03300279277403,5.0,0.5938322056229728,1.5249244263702312e-14,0.23753288388252258,0.0,0,0,0,-3.815131262123461e-15,-0.002607792615890503,0.0
1282,64.10000000000001,65.08946990966797,133.71463012695312,3.0330392780809645,4.411355201298266,-5.706546346573305e-14,0.0,6,62.10712831213904,134.03965104266257,3.0330392780809645,5.0,0.5886447987017336,-2.0715867850339478e-14,0.2354579120874405,0.0,0,0,0,-3.596511211404179e-14,-0.0020749717950820923,0.0
1283,64.15,64.87007904052734,133.73854064941406,3.03300279277403,4.41534764424764,4.196643033083092e-14,0.0,6,61.88774930347131,134.06367037655582,3.03300279277403,5.0,0.5846523557523602,1.5223394512218005e-14,0.23386093974113464,0.0,0,0,0,3.5939262362557484e-14,-0.0015969723463058472,0.0
1284,64.2,64.65052795410156,133.76248168945312,3.0330392780809645,4.418318526390731,-5.706546346573305e-14,0.0,6,61.66818635657263,134.08750260516257,3.0330392780809645,5.0,0.5816814736092688,-2.0689245604807276e-14,0.2326725870370865,0.0,0,0,0,-3.591264011702528e-14,-0.0011883527040481567,0.0
1285,64.25,64.43084716796875,133.78640747070312,3.0330030590901393,4.420451550198191,5.21249710061511e-14,0.0,6,61.44851734432554,134.11153640360243,3.0330030590901393,5.0,0.5795484498018091,1.8890618575157815e-14,0.23181937634944916,0.0,0,0,0,3.957986417996509e-14,-0.0008532106876373291,0.0
1286,64.3,64.2110824584961,133.81039428710938,3.0330392780809645,4.421922040051345,0.2559536295075245,0.09319971910647729,6,61.22675704654457,134.11220199595198,3.126238997187442,5.0,0.5780779599486552,0.17142857611179352,0.2312311828136444,0.0,0,0,0,0.17142857611177462,-0.0005881935358047485,0.0
1287,64.35000000000001,63.991180419921875,133.83041381835938,3.0363714252368714,4.410874659918237,0.2559536295075154,0.09319971910647684,6,61.00586590990531,134.1222756586555,3.1295711443433483,5.0,0.5891253400817629,0.2453947812318802,0.23565013706684113,0.0,0,0,0,0.07396620512008667,0.004418954253196716,0.0
1288,64.4,63.7720832824707,133.8394775390625,3.047842991632388,4.376696995490929,-8.282263763703668e-14,0.0,6,60.78525712816159,134.1203147230945,3.047842991632388,5.0,0.6233030045090713,0.07396620512008667,0.24932120740413666,0.0,0,0,0,-0.17142857611179352,0.013671070337295532,0.0
1289,64.45,63.5533332824707,133.84432983398438,3.059540926720561,4.386209119957161,4.898859096158503e-14,0.0,6,60.56342634676962,134.0902089015085,3.059540926720561,5.0,0.6137908800428393,1.7866833568734065e-14,0.2455163449048996,0.0,0,0,0,-0.07396620512006881,-0.0038048624992370605,0.0
1290,64.5,63.33439254760742,133.85626220703125,3.063233399571956,4.387973183559404,-6.111777750561487e-14,0.0,6,60.34359809489214,134.0910994732551,3.063233399571956,5.0,0.6120268164405962,-2.2283221004070625e-14,0.24481073021888733,0.0,0,0,0,-4.015005457280469e-14,-0.0007056146860122681,0.0
1291,64.55,63.11539077758789,133.87196350097656,3.063786538130365,4.3933645457942605,-4.2771342023684156e-14,0.0,6,60.124466884867445,134.10514640762705,3.063786538130365,5.0,0.6066354542057395,-1.557861810743983e-14,0.24265417456626892,0.0,0,0,0,6.7046028966307944e-15,-0.002156555652618408,0.0
1292,64.60000000000001,62.8961067199707,133.888671875,3.0638906677289874,4.401161658151159,-2.525757381022231e-14,0.0,6,59.90515856222308,134.1215433366824,3.0638906677289874,5.0,0.5988383418488414,-9.186292541539173e-15,0.23953533172607422,0.0,0,0,0,6.392325565900657e-15,-0.003118842840194702,0.0
1293,64.65,62.676570892333984,133.9056396484375,3.0638709603369207,4.405814167992584,-2.3869795029440866e-14,0.0,6,59.68562732445637,134.13857005386268,3.0638709603369207,5.0,0.5941858320074163,-8.674079859873236e-15,0.23767432570457458,0.0,0,0,0,5.12212681665937e-16,-0.0018610060214996338,0.0
1294,64.7,62.456809997558594,133.92271423339844,3.0639087772244,4.410103891847914,-1.3877787807814457e-15,0.0,6,59.465857623116754,134.15553153048074,3.0639087772244,5.0,0.5898961081520859,-5.039071001016349e-16,0.23595844209194183,0.0,0,0,0,8.170172759771601e-15,-0.0017158836126327515,0.0
1295,64.75,62.23686218261719,133.93983459472656,3.063872558233575,4.413631497052506,-7.51620987671231e-14,0.0,6,59.245918242544676,134.17276022093267,3.063872558233575,5.0,0.5863685029474937,-2.7273823932812136e-14,0.23454740643501282,0.0,0,0,0,-2.67699168327105e-14,-0.0014110356569290161,0.0
1296,64.8,62.016761779785156,133.9569854736328,3.0639087772244,4.4164644145653345,-1.3877787807814457e-15,0.0,6,59.02580940534332,134.18980277071512,3.0639087772244,5.0,0.5835355854346655,-5.033153417088594e-16,0.23341423273086548,0.0,0,0,0,2.6770508591103276e-14,-0.0011331737041473389,0.0
1297,64.85000000000001,61.796531677246094,133.97410583496094,3.063872558233575,4.418663082160324,0.2559536295075183,0.09319971910647684,6,58.80432049158181,134.18376812990698,-3.1261130298395345,5.0,0.5813369178396757,0.17142857611179352,0.2325347661972046,0.0,0,0,0,0.17142857611179402,-0.0008794665336608887,0.0
1298,64.9,61.57643508911133,133.98582458496094,3.0685426775211377,4.399702893289929,5.42343947529389e-14,0.0,6,58.58443597873899,134.20477965690753,3.0685426775211377,5.0,0.6002971067100713,1.9730621148949905e-14,0.2401188462972641,0.0,0,0,0,-0.17142857611177378,0.007584080100059509,0.0
1299,64.95,61.35666275024414,133.9947509765625,3.0738125406861867,4.400638587914501,7.582823258189819e-14,0.0,6,58.36355132793642,134.1979356552444,3.0738125406861867,5.0,0.5993614120854991,2.7581739043863913e-14,0.23974455893039703,0.0,0,0,0,7.851117894914009e-15,-0.00037428736686706543,0.0
1300,65.0,61.13694381713867,134.0079345703125,3.0747560986604014,4.403777422365042,4.163336342344337e-14,0.0,6,58.143642010721514,134.20829498481538,3.0747560986604014,5.0,0.5962225776349577,1.5134911756481927e-14,0.238489031791687,0.0,0,0,0,-1.2446827287381987e-14,-0.001255527138710022,0.0
1301,65.05,60.91709899902344,134.02220153808594,3.074863157736223,4.40743345081201,-8.393286066166183e-14,0.0,6,57.923775759359586,134.22224149131603,3.074863157736223,5.0,0.5925665491879899,-3.0491353121856954e-14,0.2370266169309616,0.0,0,0,0,-4.562626487833888e-14,-0.0014624148607254028,0.0
1302,65.10000000000001,60.69710922241211,134.03677368164062,3.0749212146479863,4.410774001251124,0.2559536295075875,0.09319971910647862,6,57.702764229171386,134.21336393898986,-3.1150643734251213,5.0,0.5892259987488764,0.17142857611179352,0.2356904000043869,0.0,0,0,0,0.17142857611182402,-0.001336216926574707,0.0
1303,65.15,60.477230072021484,134.0459747314453,3.0795388696620747,4.3938668020668254,-3.697042672001771e-14,0.0,6,57.48300422694954,134.23201663184193,3.0795388696620747,5.0,0.6061331979331746,-1.3464495021860666e-14,0.24245327711105347,0.0,0,0,0,-0.17142857611180698,0.006762877106666565,0.0
1304,65.2,60.257659912109375,134.052490234375,3.084850278140129,4.3951301913038705,-8.35165270274274e-14,0.0,6,57.2624881621997,134.22262602879533,3.084850278140129,5.0,0.6048698086961295,-3.040929256992696e-14,0.24194791913032532,0.0,0,0,0,-1.694479754806629e-14,-0.0005053579807281494,0.0
1305,65.25,60.03802490234375,134.06321716308594,3.085733914989817,4.3998394740649225,7.779887845060784e-14,0.0,6,57.04270398353231,134.23070624729928,3.085733914989817,5.0,0.6001605259350775,2.8302730100434985e-14,0.24006420373916626,0.0,0,0,0,5.871202267036194e-14,-0.0018837153911590576,0.0
1306,65.3,59.81821823120117,134.07505798339844,3.0859107488861985,4.404368197893026,-7.960299086562372e-14,0.0,6,56.8228677414747,134.2420173907267,3.0859107488861985,5.0,0.5956318021069738,-2.893478777974204e-14,0.23825271427631378,0.0,0,0,0,-5.723751788017702e-14,-0.001811489462852478,0.0
1307,65.35000000000001,59.59819793701172,134.08718872070312,3.085896367816312,4.4085628324041135,-1.1324274851176597e-14,0.0,6,56.6028498486499,134.2541912043589,3.085896367816312,5.0,0.5914371675958865,-4.113053501980006e-15,0.23657487332820892,0.0,0,0,0,2.4821734277762032e-14,-0.0016778409481048584,0.0
1308,65.4,59.37800216674805,134.0994415283203,3.085935782600445,4.4121800603930685,0.25595362950756567,0.09319971910647595,6,56.38189378363691,134.2430403242333,-3.1040498054726653,5.0,0.5878199396069315,0.17142857611179352,0.23512797057628632,0.0,0,0,0,0.17142857611179763,-0.0014469027519226074,0.0
1309,65.45,59.1579704284668,134.10626220703125,3.0905502418212256,4.395238641340691,0.2559536295075485,0.0931997191064795,6,56.16123131528105,134.23603410321525,-3.099435346251881,5.0,0.6047613586593092,0.24566321074962616,0.24190454185009003,0.0,0,0,0,0.07423463463783264,0.006776571273803711,0.0
1310,65.5,58.93973922729492,134.10084533691406,3.10403302747197,4.362046774924023,3.058664432842306e-14,0.0,6,55.94185506680948,134.2134977239748,3.10403302747197,5.0,0.637953225075977,0.07423464208841324,0.25518128275871277,0.0,0,0,0,-0.17142856866121292,0.013276740908622742,0.0
1311,65.55,58.72172546386719,134.09243774414062,3.1163014116656376,4.375240783463436,-3.633204848085825e-14,0.0,6,55.722684883101856,134.16830338143927,3.1163014116656376,5.0,0.6247592165365639,-1.3277851311933181e-14,0.24990369379520416,0.0,0,0,0,-0.07423464208842652,-0.005277588963508606,0.0
1312,65.60000000000001,58.50295639038086,134.09165954589844,3.120112395185541,4.379139268743097,5.412337245047638e-16,0.0,6,55.503648466021524,134.15609536571378,3.120112395185541,5.0,0.6208607312569034,1.9765504559756238e-16,0.248344287276268,0.0,0,0,0,1.3475506357530743e-14,-0.0015594065189361572,0.0
1313,65.65,58.28378677368164,134.09481811523438,3.1206903011420883,4.386533394477102,7.346900865456973e-14,0.0,6,55.28444211232765,134.15752060647128,3.1206903011420883,5.0,0.6134666055228983,2.6793574886443787e-14,0.24538664519786835,0.0,0,0,0,2.6595919840846225e-14,-0.002957642078399658,0.0
1314,65.7,58.06418991088867,134.09898376464844,3.1207904359990755,4.396895372070625,-5.811323644522304e-14,0.0,6,55.06483898586689,134.16138591662263,3.1207904359990755,5.0,0.6031046279293752,-2.1152752197940196e-14,0.24124185740947723,0.0,0,0,0,-4.794632708438398e-14,-0.004144787788391113,0.0
1315,65.75,57.84423828125,134.1034393310547,3.120785642309113,4.401614177625095,4.6351811278100286e-15,0.0,6,54.844887655399255,134.16585586098665,3.120785642309113,5.0,0.5983858223749046,1.6856949855282416e-15,0.23935432732105255,0.0,0,0,0,2.2838447183468437e-14,-0.0018875300884246826,0.0
1316,65.8,57.62395477294922,134.10800170898438,3.1208037518045257,4.409713280386389,-0.0,0.0,0,57.62395477294922,134.10800170898438,3.1208037518045257,5.0,0.5902867196136112,0.0,0.23611468076705933,0.0,0,0,0,-1.6856949855282416e-15,-0.003239646553993225,0.0
1317,65.85000000000001,57.40343475341797,134.11256408691406,3.120786174941331,4.412079778273427,-0.0,0.0,0,57.40343475341797,134.11256408691406,3.120786174941331,5.0,0.5879202217265727,0.0,0.23516808450222015,0.0,0,0,0,0.0,-0.0009465962648391724,0.0
1318,65.9,57.18270492553711,134.1171417236328,3.1208040181206345,4.4177438756611975,-0.0,0.0,0,57.18270492553711,134.1171417236328,3.1208040181206345,5.0,0.5822561243388025,0.0,0.23290245234966278,0.0,0,0,0,0.0,-0.002265632152557373,0.0
1319,65.95,56.96183776855469,134.12171936035156,3.120784843360786,4.418375574649596,-0.0,0.0,0,56.96183776855469,134.12171936035156,3.120784843360786,5.0,0.5816244253504044,0.0,0.2326497733592987,0.0,0,0,0,0.0,-0.0002526789903640747,0.0
