step,t,ego_x,ego_y,ego_yaw,ego_speed,ctrl_steer,ctrl_throttle,ctrl_brake,plan_status,timing_plan_total_ms,debug_ms,debug_path_len,traj_dt,traj_len,traj0_x,traj0_y,traj0_yaw,traj0_v,trajN_x,trajN_y,trajN_yaw,trajN_v,min_obstacle_distance_m,num_obstacles,obstacles,event_collision,event_collision_count,event_lane_invasion,event_lane_invasion_count,debug_reason
0,0.0,-64.64488220214844,24.470951080322266,0.002778570372259718,0.0,7.767936718394795e-15,0.6000000238418579,0.0,PlanStatus.OK,26.67961900442606,22.115230560302734,21,0.1,51,-64.64488220214844,24.470951080322266,0.002778570372259718,5.0,-54.64492080439013,24.49873674829182,0.002778570372259718,5.0,54.43951117213712,1,"[{""id"": 386, ""x"": -110.19749450683594, ""y"": -9.842219352722168, ""vx"": -9.038549819706532e-08, ""vy"": 2.085295136566856e-06, ""r"": 2.5906050205230713}]",False,0,False,0,
1,0.05,-64.64488220214844,24.470951080322266,0.002778570372259718,0.0019125037533327166,9.662901040300223e-15,0.6000000238418579,0.0,PlanStatus.OK,26.581352001812775,22.15099334716797,21,0.1,51,-64.64488220214844,24.470951080322266,0.002778570372259718,5.0,-54.64492080439013,24.49873674829182,0.002778570372259718,5.0,54.43951231972692,1,"[{""id"": 386, ""x"": -110.19749450683594, ""y"": -9.8422212600708, ""vx"": 2.822977407390681e-08, ""vy"": 1.6525932551303413e-06, ""r"": 2.5906050205230713}]",False,0,False,0,
2,0.1,-64.64488983154297,24.470949172973633,0.002778570372259718,0.00047273517114995245,9.676806780195297e-15,0.6000000238418579,0.0,PlanStatus.OK,25.845294003374875,21.74210548400879,21,0.1,51,-64.64488983154297,24.470949172973633,0.002778570372259718,5.0,-54.64492843378466,24.498734840943186,0.002778570372259718,5.0,54.43950507818424,1,"[{""id"": 386, ""x"": -110.19749450683594, ""y"": -9.8422212600708, ""vx"": -2.186770764467383e-09, ""vy"": 1.2757337799484958e-06, ""r"": 2.5906050205230713}]",False,0,False,0,
3,0.15000000000000002,-64.64488983154297,24.470947265625,0.002778570372259718,0.001348650136225149,9.668342379953385e-15,0.6000000238418579,0.0,PlanStatus.OK,26.673670996387955,21.969318389892578,21,0.1,51,-64.64488983154297,24.470947265625,0.002778570372259718,5.0,-54.64492843378466,24.498732933594553,0.002778570372259718,5.0,54.43950450438929,1,"[{""id"": 386, ""x"": -110.19749450683594, ""y"": -9.842222213745117, ""vx"": 4.0525563349547156e-08, ""vy"": 9.454656151319796e-07, ""r"": 2.5906050205230713}]",False,0,False,0,
4,0.2,-64.64488983154297,24.470947265625,0.002778570372259718,0.0015083038496500252,9.666800779989382e-15,0.6000000238418579,0.0,PlanStatus.OK,27.819768998597283,22.90797233581543,21,0.1,51,-64.64488983154297,24.470947265625,0.002778570372259718,5.0,-54.64492843378466,24.498732933594553,0.002778570372259718,5.0,54.43950450438929,1,"[{""id"": 386, ""x"": -110.19749450683594, ""y"": -9.842222213745117, ""vx"": 2.483575833878149e-08, ""vy"": 7.099436061253073e-07, ""r"": 2.5906050205230713}]",False,0,False,0,
5,0.25,-64.64488983154297,24.470947265625,0.002778570372259718,0.0013608271846284436,9.668224642373716e-15,0.6000000238418579,0.0,PlanStatus.OK,31.93450100661721,25.339365005493164,21,0.1,51,-64.64488983154297,24.470947265625,0.002778570372259718,5.0,-54.64492843378466,24.498732933594553,0.002778570372259718,5.0,54.43950450438929,1,"[{""id"": 386, ""x"": -110.19749450683594, ""y"": -9.842222213745117, ""vx"": -1.6308071337789443e-08, ""vy"": 5.099608415548573e-07, ""r"": 2.5906050205230713}]",False,0,False,0,
6,0.30000000000000004,-64.64488983154297,24.470943450927734,0.002778570372259718,0.0011148267243482628,9.670600569790765e-15,0.6000000238418579,0.0,PlanStatus.OK,27.745519000745844,23.328542709350586,21,0.1,51,-64.64488983154297,24.470943450927734,0.002778570372259718,5.0,-54.64492843378466,24.498729118897288,0.002778570372259718,5.0,54.43531133099904,1,"[{""id"": 386, ""x"": -110.19754028320312, ""y"": -9.835195541381836, ""vx"": -0.0008216006099246442, ""vy"": 0.3063434362411499, ""r"": 2.5906050205230713}]",False,0,False,0,
7,0.35000000000000003,-64.64488983154297,24.470943450927734,0.002778570372259718,0.0008639815759504024,9.673023931052859e-15,0.6000000238418579,0.0,PlanStatus.OK,28.43191500141984,23.256778717041016,21,0.1,51,-64.64488983154297,24.470943450927734,0.002778570372259718,5.0,-54.64492843378466,24.498729118897288,0.002778570372259718,5.0,54.41984171848784,1,"[{""id"": 386, ""x"": -110.19764709472656, ""y"": -9.809332847595215, ""vx"": -0.001479576458223164, ""vy"": 0.6476560831069946, ""r"": 2.5906050205230713}]",False,0,False,0,
8,0.4,-64.64488983154297,24.470943450927734,0.002778570372259718,0.000644636455112969,9.675144054519837e-15,0.6000000238418579,0.0,PlanStatus.OK,30.311736998555716,23.44822883605957,21,0.1,51,-64.64488983154297,24.470943450927734,0.002778570372259718,5.0,-54.64492843378466,24.498729118897288,0.002778570372259718,5.0,54.3947154817997,1,"[{""id"": 386, ""x"": -110.19783020019531, ""y"": -9.76728630065918, ""vx"": -0.002138750161975622, ""vy"": 0.9610042572021484, ""r"": 2.5906050205230713}]",False,0,False,0,
9,0.45,-64.64488983154297,24.470943450927734,0.002778570372259718,0.00020998975382933188,9.679348726070007e-15,0.6000000238418579,0.0,PlanStatus.OK,25.785042998904828,21.687746047973633,21,0.1,51,-64.64488983154297,24.470943450927734,0.002778570372259718,5.0,-54.64492843378466,24.498729118897288,0.002778570372259718,5.0,54.36544956009499,1,"[{""id"": 386, ""x"": -110.19805145263672, ""y"": -9.718259811401367, ""vx"": -0.0017409027786925435, ""vy"": 1.0114134550094604, ""r"": 2.5906050205230713}]",False,0,False,0,
10,0.5,-64.64488983154297,24.470943450927734,0.002778570372259718,0.00028688451800974973,9.678605031142318e-15,0.6000000238418579,0.0,PlanStatus.OK,27.018971006327774,21.399736404418945,21,0.1,51,-64.64488983154297,24.470943450927734,0.002778570372259718,5.0,-54.64492843378466,24.498729118897288,0.002778570372259718,5.0,54.332585960153594,1,"[{""id"": 386, ""x"": -110.1986312866211, ""y"": -9.662710189819336, ""vx"": -0.004898876883089542, ""vy"": 1.1864053010940552, ""r"": 2.5906050205230713}]",False,0,False,0,
11,0.55,-64.64488983154297,24.470943450927734,0.002778570372259718,0.00027627961957592934,9.678707522128936e-15,0.6000000238418579,0.0,PlanStatus.OK,26.495871003135107,21.29817008972168,21,0.1,51,-64.64488983154297,24.470943450927734,0.002778570372259718,5.0,-54.64492843378466,24.498729118897288,0.002778570372259718,5.0,54.29950990268409,1,"[{""id"": 386, ""x"": -110.19912719726562, ""y"": -9.60685920715332, ""vx"": -0.004940072074532509, ""vy"": 1.0726264715194702, ""r"": 2.5906050205230713}]",False,0,False,0,
12,0.6000000000000001,-64.64488983154297,24.470943450927734,0.002778570372259718,0.00023469934283111695,9.679109862778881e-15,0.6000000238418579,0.0,PlanStatus.OK,25.62075500463834,21.154165267944336,21,0.1,51,-64.64488983154297,24.470943450927734,0.002778570372259718,5.0,-54.64492843378466,24.498729118897288,0.002778570372259718,5.0,54.26607053400869,1,"[{""id"": 386, ""x"": -110.1994400024414, ""y"": -9.550586700439453, ""vx"": -0.0025644609704613686, ""vy"": 1.1636465787887573, ""r"": 2.5906050205230713}]",False,0,False,0,
13,0.65,-64.63792419433594,24.470966339111328,0.0027736835756891525,0.41884669574378114,1.4086354847999251e-15,0.6000000238418579,0.0,PlanStatus.OK,25.0718679963029,21.056175231933594,21,0.1,51,-64.63792419433594,24.470966339111328,0.0027736835756891525,5.0,-54.63796266091413,24.4987031393035,0.0027736835756891525,5.0,54.23901321029764,1,"[{""id"": 386, ""x"": -110.19963836669922, ""y"": -9.495718955993652, ""vx"": -0.0028560056816786528, ""vy"": 1.057803750038147, ""r"": 2.5906050205230713}]",False,0,False,0,
14,0.7000000000000001,-64.59217834472656,24.471094131469727,0.002773026888018015,1.1538821850376477,2.2229027094951466e-16,0.6000000238418579,0.0,PlanStatus.OK,25.70064400060801,21.341323852539062,21,0.1,51,-64.59217834472656,24.471094131469727,0.002773026888018015,5.0,-54.59221679309254,24.498824364810446,0.002773026888018015,5.0,54.242504079617426,1,"[{""id"": 386, ""x"": -110.19973754882812, ""y"": -9.439860343933105, ""vx"": -0.0009176883031614125, ""vy"": 1.158581256866455, ""r"": 2.5906050205230713}]",False,0,False,0,
15,0.75,-64.51856994628906,24.471298217773438,0.0027726560220302753,1.6634815639765368,4.618740959457651e-16,0.6000000238418579,0.0,PlanStatus.OK,30.40678199613467,25.21514892578125,25,0.1,51,-64.51856994628906,24.471298217773438,0.0027726560220302753,5.0,-52.518616071988,24.504570047407555,0.0027726560220302753,5.0,54.267725784116735,1,"[{""id"": 386, ""x"": -110.20005798339844, ""y"": -9.382378578186035, ""vx"": -0.009828218258917332, ""vy"": 1.2357463836669922, ""r"": 2.5906050205230713}]",False,0,False,0,
16,0.8,-64.42423248291016,24.47156524658203,0.002765927379088622,2.0104912050068484,-5.321880902544457e-15,0.6000000238418579,0.0,PlanStatus.OK,29.06349200202385,25.267839431762695,25,0.1,51,-64.42423248291016,24.47156524658203,0.002765927379088622,5.0,-52.42427838500657,24.5047563328105,0.002765927379088622,5.0,54.30010246238752,1,"[{""id"": 386, ""x"": -110.2005844116211, ""y"": -9.308283805847168, ""vx"": -5.521173807210289e-05, ""vy"": 1.5122584104537964, ""r"": 2.5906050205230713}]",False,0,False,0,
17,0.8500000000000001,-64.31543731689453,24.471866607666016,0.0027638696710276154,2.280150821665946,2.1302571574002274e-15,0.6000000238418579,0.0,PlanStatus.OK,33.91220499906922,27.106285095214844,25,0.1,51,-64.31543731689453,24.471866607666016,0.0027638696710276154,5.0,-52.31548315071865,24.50503300149208,0.0027638696710276154,5.0,54.336935925354275,1,"[{""id"": 386, ""x"": -110.20108032226562, ""y"": -9.221644401550293, ""vx"": -0.0020027756690979004, ""vy"": 1.9095405340194702, ""r"": 2.5906050205230713}]",False,0,False,0,
18,0.9,-64.19441986083984,24.472198486328125,0.002772149657319105,2.5105884549746005,3.2295274107426754e-15,0.6000000238418579,0.0,PlanStatus.OK,33.281549003731925,27.924537658691406,25,0.1,51,-64.19441986083984,24.472198486328125,0.002772149657319105,5.0,-52.1944659696926,24.50546423960904,0.002772149657319105,5.0,54.373139859356016,1,"[{""id"": 386, ""x"": -110.20040130615234, ""y"": -9.118245124816895, ""vx"": -0.002956545911729336, ""vy"": 2.1301498413085938, ""r"": 2.5906050205230713}]",False,0,False,0,
19,0.9500000000000001,-64.06220245361328,24.472564697265625,0.002770479720076976,2.732638352417686,-4.359368141942715e-15,0.6000000238418579,0.0,PlanStatus.OK,34.47321400017245,27.73594856262207,25,0.1,51,-64.06220245361328,24.472564697265625,0.002770479720076976,5.0,-52.062248506931155,24.505810411376643,0.002770479720076976,5.0,54.41393707638353,1,"[{""id"": 386, ""x"": -110.20061492919922, ""y"": -9.00525951385498, ""vx"": -0.004950381815433502, ""vy"": 2.3746540546417236, ""r"": 2.5906050205230713}]",False,0,False,0,
20,1.0,-63.91961669921875,24.472957611083984,0.0027699967620550743,2.9311907701870124,4.655830096998194e-15,0.6000000238418579,0.0,PlanStatus.OK,33.42685200186679,25.786876678466797,25,0.1,51,-63.91961669921875,24.472957611083984,0.0027699967620550743,5.0,-51.91966273648171,24.506197529720907,0.0027699967620550743,5.0,54.45456105702768,1,"[{""id"": 386, ""x"": -110.20084381103516, ""y"": -8.876689910888672, ""vx"": -0.005197002086788416, ""vy"": 2.7114415168762207, ""r"": 2.5906050205230713}]",False,0,False,0,
21,1.05,-63.767005920410156,24.4733829498291,0.002769810808912554,3.1326440353550433,-4.028122355391765e-15,0.6000000238418579,0.0,PlanStatus.OK,25.3983629954746,21.09360694885254,21,0.1,51,-63.767005920410156,24.4733829498291,0.002769810808912554,5.0,-53.76704427964523,24.501081022502305,0.002769810808912554,5.0,54.4877726593649,1,"[{""id"": 386, ""x"": -110.20077514648438, ""y"": -8.720686912536621, ""vx"": -0.007792407646775246, ""vy"": 3.2206175327301025, ""r"": 2.5906050205230713}]",False,0,False,0,
22,1.1,-63.60481643676758,24.473833084106445,0.0027696308374795136,3.318400952654463,2.842410695716121e-15,0.6000000238418579,0.0,PlanStatus.OK,25.07173399499152,21.135330200195312,21,0.1,51,-63.60481643676758,24.473833084106445,0.0027696308374795136,5.0,-53.604854791017914,24.501529357072172,0.0027696308374795136,5.0,54.52331085624321,1,"[{""id"": 386, ""x"": -110.2008285522461, ""y"": -8.553595542907715, ""vx"": -0.0060746739618480206, ""vy"": 3.447089195251465, ""r"": 2.5906050205230713}]",False,0,False,0,
23,1.1500000000000001,-63.433162689208984,24.474306106567383,0.0027694506059721476,3.5099228526979425,-8.84817869421453e-16,0.5960308313369751,0.0,PlanStatus.OK,29.206392006017268,25.382041931152344,25,0.1,51,-63.433162689208984,24.474306106567383,0.0027694506059721476,5.0,-51.43320870831951,24.507539471356495,0.0027694506059721476,5.0,54.56408317669515,1,"[{""id"": 386, ""x"": -110.20083618164062, ""y"": -8.380573272705078, ""vx"": -0.006572097539901733, ""vy"": 3.474130392074585, ""r"": 2.5906050205230713}]",False,0,False,0,
24,1.2000000000000002,-63.252254486083984,24.47480583190918,0.0027692734953566845,3.6908918296271187,2.732935922448239e-15,0.5236432552337646,0.0,PlanStatus.OK,29.33962600218365,21.04973793029785,21,0.1,51,-63.252254486083984,24.47480583190918,0.0027692734953566845,5.0,-53.25229283043788,24.50249853146738,0.0027692734953566845,5.0,54.60657746080352,1,"[{""id"": 386, ""x"": -110.20145416259766, ""y"": -8.19460391998291, ""vx"": -0.007501234300434589, ""vy"": 3.858820676803589, ""r"": 2.5906050205230713}]",False,0,False,0,
25,1.25,-63.0623779296875,24.475332260131836,0.0027691018463020505,3.866093439200612,8.914850245679692e-16,0.4535626173019409,0.0,PlanStatus.OK,29.308001001481898,25.244474411010742,25,0.1,51,-63.0623779296875,24.475332260131836,0.0027691018463020505,5.0,-51.06242393720828,24.508561439820937,0.0027691018463020505,5.0,54.65280969131179,1,"[{""id"": 386, ""x"": -110.20246887207031, ""y"": -7.999586582183838, ""vx"": -0.009632958099246025, ""vy"": 3.8818297386169434, ""r"": 2.5906050205230713}]",False,0,False,0,
26,1.3,-62.86467742919922,24.47587776184082,0.0027689507431191075,4.009920234505671,1.517521464290347e-15,0.39603191614151,0.0,PlanStatus.OK,32.658106996677816,27.76932716369629,25,0.1,51,-62.86467742919922,24.47587776184082,0.0027689507431191075,5.0,-50.864723431699076,24.50910512829867,0.0027689507431191075,5.0,54.699125907120454,1,"[{""id"": 386, ""x"": -110.20362091064453, ""y"": -7.790787696838379, ""vx"": -0.011487500742077827, ""vy"": 4.31239652633667, ""r"": 2.5906050205230713}]",False,0,False,0,
27,1.35,-62.66007995605469,24.47701644897461,0.0027631323603156646,4.130673556414893,-2.486723773472148e-15,0.3477305769920349,0.0,PlanStatus.OK,34.19383100117557,26.203632354736328,21,0.1,51,-62.66007995605469,24.47701644897461,0.0027631323603156646,5.0,-52.660118130532595,24.5046477374174,0.0027631323603156646,5.0,54.7478573662679,1,"[{""id"": 386, ""x"": -110.20486450195312, ""y"": -7.572831153869629, ""vx"": -0.012243247590959072, ""vy"": 4.371732234954834, ""r"": 2.5906050205230713}]",False,0,False,0,
28,1.4000000000000001,-62.45043182373047,24.476781845092773,0.002535917905953369,4.22453686180317,-3.830049206390504e-15,0.3101852536201477,0.0,PlanStatus.OK,29.13689299748512,25.27642250061035,25,0.1,51,-62.45043182373047,24.476781845092773,0.002535917905953369,5.0,-50.450470408987485,24.5072128273479,0.002535917905953369,5.0,54.79221587296606,1,"[{""id"": 386, ""x"": -110.20610046386719, ""y"": -7.338061332702637, ""vx"": -0.012311340309679508, ""vy"": 4.845422744750977, ""r"": 2.5906050205230713}]",False,0,False,0,
29,1.4500000000000002,-62.2369270324707,24.476818084716797,0.0022827498544560855,4.2945516584470855,-9.47746541111376e-16,0.2821793258190155,0.0,PlanStatus.OK,25.240727001801133,21.099567413330078,21,0.1,51,-62.2369270324707,24.476818084716797,0.0022827498544560855,5.0,-52.23695308719388,24.49964556343589,0.0022827498544560855,5.0,54.83557455782717,1,"[{""id"": 386, ""x"": -110.20718383789062, ""y"": -7.092479705810547, ""vx"": -0.012326564639806747, ""vy"": 4.941738605499268, ""r"": 2.5906050205230713}]",False,0,False,0,
30,1.5,-62.021121978759766,24.47665786743164,0.0023545930461245017,4.340988496515588,-6.890777138547264e-16,0.26360461115837097,0.0,PlanStatus.OK,29.240308002044912,25.29001235961914,25,0.1,51,-62.021121978759766,24.47665786743164,0.0023545930461245017,5.0,-50.021155243394844,24.50491295787691,0.0023545930461245017,5.0,54.87625594834453,1,"[{""id"": 386, ""x"": -110.2089614868164, ""y"": -6.834238529205322, ""vx"": -0.037435535341501236, ""vy"": 5.307626247406006, ""r"": 2.5906050205230713}]",False,0,False,0,
31,1.55,-61.80322265625,24.47744369506836,0.0023810756344369525,4.379668732930709,-1.419872329757319e-15,0.24813251197338104,0.0,PlanStatus.OK,25.138395998510532,20.957469940185547,21,0.1,51,-61.80322265625,24.47744369506836,0.0023810756344369525,5.0,-51.80325100384243,24.501254428913484,0.0023810756344369525,5.0,54.91677500171555,1,"[{""id"": 386, ""x"": -110.21099090576172, ""y"": -6.567471027374268, ""vx"": -0.03856087848544121, ""vy"": 5.309439659118652, ""r"": 2.5906050205230713}]",False,0,False,0,
32,1.6,-61.58362579345703,24.478261947631836,0.002383616040445536,4.403248203056494,2.1219331528693226e-15,0.2387007176876068,0.0,PlanStatus.OK,25.259517999074887,20.92576026916504,21,0.1,51,-61.58362579345703,24.478261947631836,0.002383616040445536,5.0,-51.58365420157065,24.502098085464922,0.002383616040445536,5.0,54.9610579481895,1,"[{""id"": 386, ""x"": -110.21283721923828, ""y"": -6.301499366760254, ""vx"": -0.040419142693281174, ""vy"": 5.321649551391602, ""r"": 2.5906050205230713}]",False,0,False,0,
33,1.6500000000000001,-61.362972259521484,24.47890853881836,0.0023837892499461214,4.420647222026833,6.930962499147376e-16,0.23174111545085907,0.0,PlanStatus.OK,33.271718995820265,26.7181396484375,25,0.1,51,-61.362972259521484,24.47890853881836,0.0023837892499461214,5.0,-49.363006354212416,24.50751398272618,0.0023837892499461214,5.0,55.01566136345764,1,"[{""id"": 386, ""x"": -110.21450805664062, ""y"": -6.049920082092285, ""vx"": -0.03435270115733147, ""vy"": 4.620046138763428, ""r"": 2.5906050205230713}]",False,0,False,0,
34,1.7000000000000002,-61.14168930053711,24.47947883605957,0.002383809535743487,4.4290507898375875,1.1458401247824894e-15,0.22837968170642853,0.0,PlanStatus.OK,30.541626998456195,22.960424423217773,21,0.1,51,-61.14168930053711,24.47947883605957,0.002383809535743487,5.0,-51.14171771326315,24.503316908840148,0.002383809535743487,5.0,55.103606687993135,1,"[{""id"": 386, ""x"": -110.21575927734375, ""y"": -5.857919216156006, ""vx"": -0.02437482587993145, ""vy"": 3.354942560195923, ""r"": 2.5906050205230713}]",False,0,False,0,
35,1.75,-60.9200439453125,24.480018615722656,0.002383816037601617,4.4354575863386865,-2.0686075584002176e-15,0.22581696510314941,0.0,PlanStatus.OK,30.63511299842503,25.27761459350586,25,0.1,51,-60.9200439453125,24.480018615722656,0.002383816037601617,5.0,-48.920078040769795,24.50862438108146,0.002383816037601617,5.0,55.21265028355964,1,"[{""id"": 386, ""x"": -110.21678161621094, ""y"": -5.703552722930908, ""vx"": -0.023669729009270668, ""vy"": 3.2665226459503174, ""r"": 2.5906050205230713}]",False,0,False,0,
36,1.8,-60.6982421875,24.480548858642578,0.002383815517452967,4.436317680967478,-3.657022821639553e-15,0.22547292709350586,0.0,PlanStatus.OK,28.605184001207817,21.8961238861084,21,0.1,51,-60.6982421875,24.480548858642578,0.002383815517452967,5.0,-50.698270600368716,24.504386991240125,0.002383815517452967,5.0,55.32007060351825,1,"[{""id"": 386, ""x"": -110.2177734375, ""y"": -5.543814182281494, ""vx"": -0.02270028553903103, ""vy"": 3.172969102859497, ""r"": 2.5906050205230713}]",False,0,False,0,
37,1.85,-60.47639083862305,24.481075286865234,0.00238381317678404,4.437713437259109,-3.120894799982601e-15,0.22491462528705597,0.0,PlanStatus.OK,29.910135999671184,25.348424911499023,25,0.1,51,-60.47639083862305,24.481075286865234,0.00238381317678404,5.0,-48.47642493399849,24.509681017894337,0.00238381317678404,5.0,55.42595572191499,1,"[{""id"": 386, ""x"": -110.2186279296875, ""y"": -5.3791184425354, ""vx"": -0.025192370638251305, ""vy"": 3.351445436477661, ""r"": 2.5906050205230713}]",False,0,False,0,
38,1.9000000000000001,-60.254573822021484,24.48160743713379,0.0023838116163380886,4.435455202122215,-1.9153201647542845e-16,0.22581791877746582,0.0,PlanStatus.OK,26.05187000153819,21.143674850463867,21,0.1,51,-60.254573822021484,24.48160743713379,0.0023838116163380886,5.0,-50.25460223479712,24.505445530720266,0.0023838116163380886,5.0,55.526195407313644,1,"[{""id"": 386, ""x"": -110.21920776367188, ""y"": -5.201684951782227, ""vx"": -0.025926850736141205, ""vy"": 3.679360866546631, ""r"": 2.5906050205230713}]",False,0,False,0,
39,1.9500000000000002,-60.03281784057617,24.48213768005371,0.002383810836115113,4.435104314128287,-2.5806764562233582e-15,0.22595827281475067,0.0,PlanStatus.OK,33.78848599822959,26.804208755493164,25,0.1,51,-60.03281784057617,24.48213768005371,0.002383810836115113,5.0,-48.032851935884594,24.51074338299486,0.002383810836115113,5.0,55.6220764132306,1,"[{""id"": 386, ""x"": -110.22004699707031, ""y"": -5.012917995452881, ""vx"": -0.027355168014764786, ""vy"": 3.809410810470581, ""r"": 2.5906050205230713}]",False,0,False,0,
40,2.0,-59.8111572265625,24.482667922973633,0.0023838116163380886,4.432011117177154,-1.9165345982424104e-16,0.22719554603099823,0.0,PlanStatus.OK,28.361354001390282,22.519588470458984,21,0.1,51,-59.8111572265625,24.482667922973633,0.0023838116163380886,5.0,-49.811185639338134,24.50650601656011,0.0023838116163380886,5.0,55.71240687055979,1,"[{""id"": 386, ""x"": -110.22139739990234, ""y"": -4.809803485870361, ""vx"": -0.030302567407488823, ""vy"": 4.225852966308594, ""r"": 2.5906050205230713}]",False,0,False,0,
41,2.0500000000000003,-59.59004211425781,24.483381271362305,0.0024364446780497065,4.433764495205153,-2.916206058965488e-17,0.2264942079782486,0.0,PlanStatus.OK,27.11490900401259,22.729158401489258,21,0.1,51,-59.59004211425781,24.483381271362305,0.0024364446780497065,5.0,-49.59007179555644,24.507745694037183,0.0024364446780497065,5.0,55.79846431704436,1,"[{""id"": 386, ""x"": -110.22307586669922, ""y"": -4.595465183258057, ""vx"": -0.033271048218011856, ""vy"": 4.371891498565674, ""r"": 2.5906050205230713}]",False,0,False,0,
42,2.1,-59.36854934692383,24.48314094543457,0.002704740992969726,4.430373601520883,-1.9434688165969986e-15,0.2278505563735962,0.0,PlanStatus.OK,32.114508998347446,26.978254318237305,25,0.1,51,-59.36854934692383,24.48314094543457,0.002704740992969726,5.0,-47.36859324064005,24.515597797776508,0.002704740992969726,5.0,55.879558540186935,1,"[{""id"": 386, ""x"": -110.2248306274414, ""y"": -4.3681793212890625, ""vx"": -0.035792455077171326, ""vy"": 4.6747050285339355, ""r"": 2.5906050205230713}]",False,0,False,0,
43,2.15,-59.14742660522461,24.48368263244629,0.002923281708512175,4.424153139867609,-1.2244639464081201e-15,0.23033873736858368,0.0,PlanStatus.OK,26.23507699900074,21.277189254760742,21,0.1,51,-59.14742660522461,24.48368263244629,0.002923281708512175,5.0,-49.14746933307396,24.51291540789623,0.002923281708512175,5.0,55.95677028254722,1,"[{""id"": 386, ""x"": -110.22664642333984, ""y"": -4.129399299621582, ""vx"": -0.037730421870946884, ""vy"": 4.815108299255371, ""r"": 2.5906050205230713}]",False,0,False,0,
44,2.2,-58.92573165893555,24.483646392822266,0.0029460389921904173,4.42030997208353,-1.4849842818083492e-15,0.23187601566314697,0.0,PlanStatus.OK,29.27602500130888,25.34794807434082,25,0.1,51,-58.92573165893555,24.483646392822266,0.0029460389921904173,5.0,-46.92578373377228,24.518998809590386,0.0029460389921904173,5.0,56.03085761002661,1,"[{""id"": 386, ""x"": -110.22847747802734, ""y"": -3.880136013031006, ""vx"": -0.038365479558706284, ""vy"": 5.0792436599731445, ""r"": 2.5906050205230713}]",False,0,False,0,
45,2.25,-58.704490661621094,24.484577178955078,0.002949094345362903,4.42105974543488,2.924926527855267e-15,0.2315760999917984,0.0,PlanStatus.OK,29.334093000215944,22.031307220458984,21,0.1,51,-58.704490661621094,24.484577178955078,0.002949094345362903,5.0,-48.70453414737682,24.514068079660802,0.002949094345362903,5.0,56.106359904356474,1,"[{""id"": 386, ""x"": -110.230224609375, ""y"": -3.6300530433654785, ""vx"": -0.038991525769233704, ""vy"": 4.942495346069336, ""r"": 2.5906050205230713}]",False,0,False,0,
46,2.3000000000000003,-58.4834098815918,24.485387802124023,0.002950616300313991,4.420007994657577,-2.657653751678645e-15,0.2319968044757843,0.0,PlanStatus.OK,31.13917299924651,26.931285858154297,25,0.1,51,-58.4834098815918,24.485387802124023,0.002950616300313991,5.0,-46.48346211837327,24.520795146350906,0.002950616300313991,5.0,56.20364987292409,1,"[{""id"": 386, ""x"": -110.2318344116211, ""y"": -3.422764539718628, ""vx"": -0.029955420643091202, ""vy"": 3.6485819816589355, ""r"": 2.5906050205230713}]",False,0,False,0,
47,2.35,-58.262351989746094,24.48609733581543,0.0029510381408694706,4.421732707565439,3.4575592680553737e-15,0.23130691051483154,0.0,PlanStatus.OK,29.979637001815718,22.36032485961914,21,0.1,51,-58.262351989746094,24.48609733581543,0.0029510381408694706,5.0,-48.262395532845034,24.51560767439163,0.0029510381408694706,5.0,56.33040936480457,1,"[{""id"": 386, ""x"": -110.23284912109375, ""y"": -3.2763478755950928, ""vx"": -0.018427962437272072, ""vy"": 2.4225897789001465, ""r"": 2.5906050205230713}]",False,0,False,0,
48,2.4000000000000004,-58.041297912597656,24.486766815185547,0.0029511364489643974,4.420901918734436,-3.3499649079303962e-15,0.23163923621177673,0.0,PlanStatus.OK,33.241251003346406,26.9167423248291,25,0.1,51,-58.041297912597656,24.486766815185547,0.0029511364489643974,5.0,-46.04135016779776,24.522180401169066,0.0029511364489643974,5.0,56.47818289025289,1,"[{""id"": 386, ""x"": -110.23343658447266, ""y"": -3.1737170219421387, ""vx"": -0.015884235501289368, ""vy"": 2.1278157234191895, ""r"": 2.5906050205230713}]",False,0,False,0,
49,2.45,-57.820213317871094,24.4874267578125,0.002951154914241487,4.422618598179735,-2.3880346942381286e-16,0.23095256090164185,0.0,PlanStatus.OK,31.667748000472784,22.585630416870117,21,0.1,51,-57.820213317871094,24.4874267578125,0.002951154914241487,5.0,-47.820256864416166,24.51693826411737,0.002951154914241487,5.0,56.623346373967294,1,"[{""id"": 386, ""x"": -110.23428344726562, ""y"": -3.063567638397217, ""vx"": -0.018339257687330246, ""vy"": 2.233849048614502, ""r"": 2.5906050205230713}]",False,0,False,0,
50,2.5,-57.59911346435547,24.488080978393555,0.0029511569948360884,4.4216825494312895,2.7171726392998365e-15,0.23132698237895966,0.0,PlanStatus.OK,28.892089001601562,22.47476577758789,21,0.1,51,-57.59911346435547,24.488080978393555,0.0029511569948360884,5.0,-47.59915701096193,24.517592505504254,0.0029511569948360884,5.0,56.76336323476116,1,"[{""id"": 386, ""x"": -110.23543548583984, ""y"": -2.9402101039886475, ""vx"": -0.020376188680529594, ""vy"": 2.6243462562561035, ""r"": 2.5906050205230713}]",False,0,False,0,
51,2.5500000000000003,-57.37799072265625,24.48873519897461,0.002951155174315812,4.423263820185944,1.306979249151674e-16,0.2306944727897644,0.0,PlanStatus.OK,34.53562399954535,26.814699172973633,25,0.1,51,-57.37799072265625,24.48873519897461,0.002951155174315812,5.0,-45.378042978519545,24.52414900966133,0.002951155174315812,5.0,56.89279672881051,1,"[{""id"": 386, ""x"": -110.23721313476562, ""y"": -2.7908852100372314, ""vx"": -0.029222916811704636, ""vy"": 3.1971590518951416, ""r"": 2.5906050205230713}]",False,0,False,0,
52,2.6,-57.15686798095703,24.48938751220703,0.002951154394092836,4.4221976855581415,-9.80427189798815e-16,0.23112092912197113,0.0,PlanStatus.OK,27.533475993550383,21.589040756225586,21,0.1,51,-57.15686798095703,24.48938751220703,0.002951154394092836,5.0,-47.156911527486756,24.518899013310445,0.002951154394092836,5.0,57.01188854864242,1,"[{""id"": 386, ""x"": -110.23929595947266, ""y"": -2.616203784942627, ""vx"": -0.03559352457523346, ""vy"": 3.6130573749542236, ""r"": 2.5906050205230713}]",False,0,False,0,
53,2.6500000000000004,-56.93571472167969,24.49003791809082,0.0029511523134982346,4.423659265464044,3.776769139942314e-15,0.2305362969636917,0.0,PlanStatus.OK,31.768628999998327,27.1608829498291,25,0.1,51,-56.93571472167969,24.49003791809082,0.0029511523134982346,5.0,-44.93576697744169,24.52545169444784,0.0029511523134982346,5.0,57.12578257709122,1,"[{""id"": 386, ""x"": -110.24098205566406, ""y"": -2.428272247314453, ""vx"": -0.03510148450732231, ""vy"": 3.8374760150909424, ""r"": 2.5906050205230713}]",False,0,False,0,
54,2.7,-56.71457290649414,24.49068832397461,0.0029511504929779584,4.42249344905264,1.1915310936606361e-15,0.23100261390209198,0.0,PlanStatus.OK,30.533229000866413,22.359609603881836,21,0.1,51,-56.71457290649414,24.49068832397461,0.0029511504929779584,5.0,-46.71461645290876,24.520199786067025,0.0029511504929779584,5.0,57.236707378090436,1,"[{""id"": 386, ""x"": -110.24309539794922, ""y"": -2.2301759719848633, ""vx"": -0.030829481780529022, ""vy"": 4.0746636390686035, ""r"": 2.5906050205230713}]",False,0,False,0,
55,2.75,-56.493412017822266,24.491336822509766,0.002951149192606332,4.423871558015571,-6.609558494289692e-16,0.23045137524604797,0.0,PlanStatus.OK,31.673592995502986,27.411460876464844,25,0.1,51,-56.493412017822266,24.491336822509766,0.002951149192606332,5.0,-44.49346427347376,24.526750561416293,0.002951149192606332,5.0,57.34275542232059,1,"[{""id"": 386, ""x"": -110.24440002441406, ""y"": -2.0197737216949463, ""vx"": -0.033847615122795105, ""vy"": 4.281918048858643, ""r"": 2.5906050205230713}]",False,0,False,0,
56,2.8000000000000003,-56.27225875854492,24.491987228393555,0.0029511481523090315,4.422641347674926,-2.1429378758953347e-15,0.2309434562921524,0.0,PlanStatus.OK,34.30450599989854,27.531147003173828,25,0.1,51,-56.27225875854492,24.491987228393555,0.0029511481523090315,5.0,-44.27231101415941,24.527400954816585,0.0029511481523090315,5.0,,0,[],False,0,False,0,
57,2.85,-56.05108642578125,24.492633819580078,0.0029511476321603812,4.42396984876084,-2.8825193998345067e-15,0.2304120659828186,0.0,PlanStatus.OK,33.772839000448585,26.69239044189453,25,0.1,51,-56.05108642578125,24.492633819580078,0.0029511476321603812,5.0,-44.051138681377324,24.52804753976136,0.0029511476321603812,5.0,,0,[],False,0,False,0,
58,2.9000000000000004,-55.829925537109375,24.493282318115234,0.0029511476321603812,4.422703385057212,-2.883192579269337e-15,0.23091864585876465,0.0,PlanStatus.OK,31.046351003169548,26.980876922607422,25,0.1,51,-55.829925537109375,24.493282318115234,0.0029511476321603812,5.0,-43.82997779270545,24.528696038296516,0.0029511476321603812,5.0,,0,[],False,0,False,0,
59,2.95,-55.6087532043457,24.49393081665039,0.00295114607171443,4.42400612564162,2.6148574120186214e-15,0.2303975522518158,0.0,PlanStatus.OK,34.19767400191631,26.600122451782227,25,0.1,51,-55.6087532043457,24.49393081665039,0.00295114607171443,5.0,-43.608805459886526,24.529344518106342,0.00295114607171443,5.0,,0,[],False,0,False,0,
60,3.0,-55.38759231567383,24.494577407836914,0.00295114607171443,4.422721532840011,2.615476804861301e-15,0.23091138899326324,0.0,PlanStatus.OK,31.130939998547547,27.147769927978516,25,0.1,51,-55.38759231567383,24.494577407836914,0.00295114607171443,5.0,-43.38764457121465,24.529991109292865,0.00295114607171443,5.0,,0,[],False,0,False,0,
61,3.0500000000000003,-55.166419982910156,24.495223999023438,0.0029511455515657792,4.424012345834234,1.881036559153726e-15,0.23039506375789642,0.0,PlanStatus.OK,30.096964997937903,22.11475372314453,21,0.1,51,-55.166419982910156,24.495223999023438,0.0029511455515657792,5.0,-45.16646352917883,24.52473541170194,0.0029511455515657792,5.0,,0,[],False,0,False,0,
62,3.1,-54.94525909423828,24.495874404907227,0.0029511455515657792,4.422720595676057,1.8814846395828234e-15,0.2309117615222931,0.0,PlanStatus.OK,31.493353002588265,27.03857421875,25,0.1,51,-54.94525909423828,24.495874404907227,0.0029511455515657792,5.0,-42.945311349760686,24.53128810012143,0.0029511455515657792,5.0,,0,[],False,0,False,0,
63,3.1500000000000004,-54.724090576171875,24.49652099609375,0.0029511455515657792,4.424007113398072,1.8810382532196204e-15,0.23039714992046356,0.0,PlanStatus.OK,28.785536997020245,22.631406784057617,21,0.1,51,-54.724090576171875,24.49652099609375,0.0029511455515657792,5.0,-44.724134122440546,24.526032408772252,0.0029511455515657792,5.0,,0,[],False,0,False,0,
64,3.2,-54.5029296875,24.497167587280273,0.0029511455515657792,4.422713452538031,1.8814869689234284e-15,0.2309146225452423,0.0,PlanStatus.OK,31.490758003201336,26.95751190185547,25,0.1,51,-54.5029296875,24.497167587280273,0.0029511455515657792,5.0,-42.502981943022405,24.532581282494476,0.0029511455515657792,5.0,,0,[],False,0,False,0,
65,3.25,-54.28175735473633,24.497814178466797,0.0029511455515657792,4.423999491218485,1.881041006076699e-15,0.2304002046585083,0.0,PlanStatus.OK,29.47172900167061,22.48358726501465,21,0.1,51,-54.28175735473633,24.497814178466797,0.0029511455515657792,5.0,-44.281800901005,24.5273255911453,0.0029511455515657792,5.0,,0,[],False,0,False,0,
66,3.3000000000000003,-54.06059265136719,24.49846076965332,0.0029511455515657792,4.422706305633168,1.88148951002227e-15,0.23091748356819153,0.0,PlanStatus.OK,32.79563599789981,26.725292205810547,25,0.1,51,-54.06059265136719,24.49846076965332,0.0029511455515657792,5.0,-42.06064490688959,24.533874464867523,0.0029511455515657792,5.0,,0,[],False,0,False,0,
67,3.35,-53.83942413330078,24.499109268188477,0.0029511455515657792,4.423992819823001,1.881043335417304e-15,0.230402871966362,0.0,PlanStatus.OK,32.41480400174623,26.790142059326172,25,0.1,51,-53.83942413330078,24.499109268188477,0.0029511455515657792,5.0,-41.839476388823186,24.53452296340268,0.0029511455515657792,5.0,,0,[],False,0,False,0,
68,3.4000000000000004,-53.61825942993164,24.499755859375,0.0029511455515657792,4.422700586776877,1.8814914158464015e-15,0.2309197634458542,0.0,PlanStatus.OK,33.43262899579713,26.981830596923828,25,0.1,51,-53.61825942993164,24.499755859375,0.0029511455515657792,5.0,-41.618311685454046,24.535169554589203,0.0029511455515657792,5.0,,0,[],False,0,False,0,
69,3.45,-53.39708709716797,24.500402450561523,0.0029511455515657792,4.423989006994045,1.881044605966725e-15,0.23040439188480377,0.0,PlanStatus.OK,33.257668001169804,25.319576263427734,25,0.1,51,-53.39708709716797,24.500402450561523,0.0029511455515657792,5.0,-41.397139352690374,24.535816145775726,0.0029511455515657792,5.0,,0,[],False,0,False,0,
70,3.5,-53.175926208496094,24.501049041748047,0.0029511455515657792,4.422698203980942,1.8814922628793487e-15,0.2309207171201706,0.0,PlanStatus.OK,29.538899994804524,22.27044105529785,21,0.1,51,-53.175926208496094,24.501049041748047,0.0029511455515657792,5.0,-43.175969754764765,24.53056045442655,0.0029511455515657792,5.0,,0,[],False,0,False,0,
71,3.5500000000000003,-52.95475387573242,24.50169563293457,0.0029511455515657792,4.4239866243329455,1.881045452999672e-15,0.23040534555912018,0.0,PlanStatus.OK,31.171280003036372,27.005434036254883,25,0.1,51,-52.95475387573242,24.50169563293457,0.0029511455515657792,5.0,-40.95480613125483,24.537109328148773,0.0029511455515657792,5.0,,0,[],False,0,False,0,
72,3.6,-52.73359298706055,24.502344131469727,0.0029511455515657792,4.4226958210587615,1.881493109912296e-15,0.230921670794487,0.0,PlanStatus.OK,30.00398499716539,22.23348617553711,21,0.1,51,-52.73359298706055,24.502344131469727,0.0029511455515657792,5.0,-42.73363653332922,24.53185554414823,0.0029511455515657792,5.0,,0,[],False,0,False,0,
73,3.6500000000000004,-52.512420654296875,24.50299072265625,0.0029511455515657792,4.423984717885581,1.8810460882743825e-15,0.23040610551834106,0.0,PlanStatus.OK,34.16090399696259,26.723623275756836,25,0.1,51,-52.512420654296875,24.50299072265625,0.0029511455515657792,5.0,-40.51247290981928,24.538404417870453,0.0029511455515657792,5.0,,0,[],False,0,False,0,
74,3.7,-52.291259765625,24.503637313842773,0.0029511455515657792,4.42269486790496,1.8814935334287696e-15,0.23092205822467804,0.0,PlanStatus.OK,27.74376600427786,22.56631851196289,21,0.1,51,-52.291259765625,24.503637313842773,0.0029511455515657792,5.0,-42.29130331189367,24.533148726521276,0.0029511455515657792,5.0,,0,[],False,0,False,0,
75,3.75,-52.07008743286133,24.504283905029297,0.0029511455515657792,4.423984241702039,1.8810463000326193e-15,0.23040629923343658,0.0,PlanStatus.OK,31.10236800421262,27.135848999023438,25,0.1,51,-52.07008743286133,24.504283905029297,0.0029511455515657792,5.0,-40.07013968838373,24.5396976002435,0.0029511455515657792,5.0,,0,[],False,0,False,0,
76,3.8000000000000003,-51.84892272949219,24.50493049621582,0.0029511455515657792,4.422694868850543,1.8814935334287696e-15,0.23092205822467804,0.0,PlanStatus.OK,33.912057006091345,26.604890823364258,25,0.1,51,-51.84892272949219,24.50493049621582,0.0029511455515657792,5.0,-39.84897498501459,24.540344191430023,0.0029511455515657792,5.0,,0,[],False,0,False,0,
77,3.85,-51.62775421142578,24.505578994750977,0.0029511455515657792,4.423984241949383,1.8810463000326193e-15,0.23040629923343658,0.0,PlanStatus.OK,34.25336899817921,27.551651000976562,25,0.1,51,-51.62775421142578,24.505578994750977,0.0029511455515657792,5.0,-39.627806466948186,24.54099268996518,0.0029511455515657792,5.0,,0,[],False,0,False,0,
78,3.9000000000000004,-51.40658950805664,24.5062255859375,0.0029511455515657792,4.422694867663169,1.8814935334287696e-15,0.23092205822467804,0.0,PlanStatus.OK,35.52621100243414,26.98349952697754,25,0.1,51,-51.40658950805664,24.5062255859375,0.0029511455515657792,5.0,-39.406641763579046,24.541639281151703,0.0029511455515657792,5.0,,0,[],False,0,False,0,
79,3.95,-51.18541717529297,24.506872177124023,0.0029511455515657792,4.423984717806048,1.8810460882743825e-15,0.23040610551834106,0.0,PlanStatus.OK,26.415979999001138,22.36342430114746,21,0.1,51,-51.18541717529297,24.506872177124023,0.0029511455515657792,5.0,-41.18546072156164,24.536383589802526,0.0029511455515657792,5.0,,0,[],False,0,False,0,
80,4.0,-50.964256286621094,24.507518768310547,0.0029511455515657792,4.422695344979237,1.8814933216705328e-15,0.23092186450958252,0.0,PlanStatus.OK,34.04808799677994,27.259349822998047,25,0.1,51,-50.964256286621094,24.507518768310547,0.0029511455515657792,5.0,-38.9643085421435,24.54293246352475,0.0029511455515657792,5.0,,0,[],False,0,False,0,
81,4.05,-50.74308395385742,24.50816535949707,0.0029511455515657792,4.423984718185258,1.8810460882743825e-15,0.23040610551834106,0.0,PlanStatus.OK,32.126903999596834,28.139114379882812,21,0.1,51,-50.74308395385742,24.50816535949707,0.0029511455515657792,5.0,-40.74312750012609,24.537676772175573,0.0029511455515657792,5.0,,0,[],False,0,False,0,
82,4.1000000000000005,-50.52192306518555,24.508813858032227,0.0029511455515657792,4.4226953448527375,1.8814933216705328e-15,0.23092186450958252,0.0,PlanStatus.OK,29.399412997008767,25.25043487548828,25,0.1,51,-50.52192306518555,24.508813858032227,0.0029511455515657792,5.0,-38.52197532070795,24.54422755324643,0.0029511455515657792,5.0,,0,[],False,0,False,0,
83,4.15,-50.300750732421875,24.50946044921875,0.0029511455515657792,4.423985195311666,1.8810458765161457e-15,0.23040592670440674,0.0,PlanStatus.OK,34.136570000555366,26.822566986083984,25,0.1,51,-50.300750732421875,24.50946044921875,0.0029511455515657792,5.0,-38.30080298794428,24.544874144432953,0.0029511455515657792,5.0,,0,[],False,0,False,0,
84,4.2,-50.07958984375,24.510107040405273,0.0029511455515657792,4.422695345471202,1.8814933216705328e-15,0.23092186450958252,0.0,PlanStatus.OK,30.735637003090233,26.893138885498047,25,0.1,51,-50.07958984375,24.510107040405273,0.0029511455515657792,5.0,-38.079642099272405,24.545520735619476,0.0029511455515657792,5.0,,0,[],False,0,False,0,
85,4.25,-49.85841751098633,24.510753631591797,0.0029511455515657792,4.4239851959712935,1.8810458765161457e-15,0.23040592670440674,0.0,PlanStatus.OK,39.9791189993266,31.30340576171875,25,0.1,51,-49.85841751098633,24.510753631591797,0.0029511455515657792,5.0,-37.85846976650873,24.546167326806,0.0029511455515657792,5.0,,0,[],False,0,False,0,
86,4.3,-49.63725662231445,24.51140022277832,0.0029511455515657792,4.422695346210457,1.8814933216705328e-15,0.23092186450958252,0.0,PlanStatus.OK,32.79851600382244,26.93772315979004,25,0.1,51,-49.63725662231445,24.51140022277832,0.0029511455515657792,5.0,-37.63730887783686,24.546813917992523,0.0029511455515657792,5.0,,0,[],False,0,False,0,
87,4.3500000000000005,-49.41608428955078,24.512048721313477,0.0029511455515657792,4.423984719729871,1.8810460882743825e-15,0.23040610551834106,0.0,PlanStatus.OK,35.265766993688885,27.025461196899414,25,0.1,51,-49.41608428955078,24.512048721313477,0.0029511455515657792,5.0,-37.416136545073186,24.54746241652768,0.0029511455515657792,5.0,,0,[],False,0,False,0,
88,4.4,-49.19491958618164,24.5126953125,0.0029511455515657792,4.422695346207775,1.8814933216705328e-15,0.23092186450958252,0.0,PlanStatus.OK,29.09075600473443,23.028135299682617,21,0.1,51,-49.19491958618164,24.5126953125,0.0029511455515657792,5.0,-39.19496313245031,24.542206725178502,0.0029511455515657792,5.0,,0,[],False,0,False,0,
89,4.45,-48.97374725341797,24.513341903686523,0.0029511455515657792,4.423984719449523,1.8810460882743825e-15,0.23040610551834106,0.0,PlanStatus.OK,34.23560800001724,27.116060256958008,25,0.1,51,-48.97374725341797,24.513341903686523,0.0029511455515657792,5.0,-36.973799508940374,24.548755598900726,0.0029511455515657792,5.0,,0,[],False,0,False,0,
90,4.5,-48.752586364746094,24.513988494873047,0.0029511455515657792,4.422695345443704,1.8814933216705328e-15,0.23092186450958252,0.0,PlanStatus.OK,25.569650999386795,21.143198013305664,21,0.1,51,-48.752586364746094,24.513988494873047,0.0029511455515657792,5.0,-38.752629911014765,24.54349990755155,0.0029511455515657792,5.0,,0,[],False,0,False,0,
91,4.55,-48.53141403198242,24.51463508605957,0.0029511455515657792,4.423984718237459,1.8810460882743825e-15,0.23040610551834106,0.0,PlanStatus.OK,35.5579869938083,26.709556579589844,25,0.1,51,-48.53141403198242,24.51463508605957,0.0029511455515657792,5.0,-36.53146628750483,24.550048781273773,0.0029511455515657792,5.0,,0,[],False,0,False,0,
92,4.6000000000000005,-48.31025314331055,24.515283584594727,0.0029511455515657792,4.422695344624676,1.8814933216705328e-15,0.23092186450958252,0.0,PlanStatus.OK,29.662485998414923,25.739431381225586,25,0.1,51,-48.31025314331055,24.515283584594727,0.0029511455515657792,5.0,-36.31030539883295,24.55069727980893,0.0029511455515657792,5.0,,0,[],False,0,False,0,
93,4.65,-48.089080810546875,24.51593017578125,0.0029511455515657792,4.423985194918635,1.8810458765161457e-15,0.23040592670440674,0.0,PlanStatus.OK,30.153421001159586,25.44856071472168,25,0.1,51,-48.089080810546875,24.51593017578125,0.0029511455515657792,5.0,-36.08913306606928,24.551343870995453,0.0029511455515657792,5.0,,0,[],False,0,False,0,
94,4.7,-47.867919921875,24.516576766967773,0.0029511455515657792,4.4226958217126215,1.881493109912296e-15,0.230921670794487,0.0,PlanStatus.OK,34.8178319982253,25.37846565246582,25,0.1,51,-47.867919921875,24.516576766967773,0.0029511455515657792,5.0,-35.867972177397405,24.551990462181976,0.0029511455515657792,5.0,,0,[],False,0,False,0,
95,4.75,-47.64674758911133,24.517223358154297,0.0029511455515657792,4.423985195520545,1.8810458765161457e-15,0.23040592670440674,0.0,PlanStatus.OK,34.12535499955993,25.999069213867188,25,0.1,51,-47.64674758911133,24.517223358154297,0.0029511455515657792,5.0,-35.64679984463373,24.5526370533685,0.0029511455515657792,5.0,,0,[],False,0,False,0,
96,4.800000000000001,-47.42558670043945,24.51786994934082,0.0029511455515657792,4.422695345806432,1.8814933216705328e-15,0.23092186450958252,0.0,PlanStatus.OK,29.95711199764628,24.784326553344727,25,0.1,51,-47.42558670043945,24.51786994934082,0.0029511455515657792,5.0,-35.42563895596186,24.553283644555023,0.0029511455515657792,5.0,,0,[],False,0,False,0,
97,4.8500000000000005,-47.20441436767578,24.518518447875977,0.0029511455515657792,4.423984719575963,1.8810460882743825e-15,0.23040610551834106,0.0,PlanStatus.OK,29.87918800499756,22.711515426635742,21,0.1,51,-47.20441436767578,24.518518447875977,0.0029511455515657792,5.0,-37.20445791394445,24.54802986055448,0.0029511455515657792,5.0,,0,[],False,0,False,0,
98,4.9,-46.98324966430664,24.5191650390625,0.0029511455515657792,4.422695346364443,1.8814933216705328e-15,0.23092186450958252,0.0,PlanStatus.OK,33.01924999686889,25.041580200195312,25,0.1,51,-46.98324966430664,24.5191650390625,0.0029511455515657792,5.0,-34.983301919829046,24.554578734276703,0.0029511455515657792,5.0,,0,[],False,0,False,0,
99,4.95,-46.76207733154297,24.519811630249023,0.0029511455515657792,4.423984719619935,1.8810460882743825e-15,0.23040610551834106,0.0,PlanStatus.OK,25.125214000581764,21.147489547729492,21,0.1,51,-46.76207733154297,24.519811630249023,0.0029511455515657792,5.0,-36.76212087781164,24.549323042927526,0.0029511455515657792,5.0,,0,[],False,0,False,0,
100,5.0,-46.540916442871094,24.520458221435547,0.0029511455515657792,4.422694869194034,1.8814935334287696e-15,0.23092205822467804,0.0,PlanStatus.OK,29.03881299425848,24.918794631958008,25,0.1,51,-46.540916442871094,24.520458221435547,0.0029511455515657792,5.0,-34.5409686983935,24.55587191664975,0.0029511455515657792,5.0,,0,[],False,0,False,0,
101,5.050000000000001,-46.31974411010742,24.52110481262207,0.0029511455515657792,4.42398471880088,1.8810460882743825e-15,0.23040610551834106,0.0,PlanStatus.OK,30.502841997076757,24.57571029663086,25,0.1,51,-46.31974411010742,24.52110481262207,0.0029511455515657792,5.0,-34.31979636562983,24.556518507836273,0.0029511455515657792,5.0,,0,[],False,0,False,0,
102,5.1000000000000005,-46.09858322143555,24.521753311157227,0.0029511455515657792,4.422695345089152,1.8814933216705328e-15,0.23092186450958252,0.0,PlanStatus.OK,29.926127004728187,24.580001831054688,25,0.1,51,-46.09858322143555,24.521753311157227,0.0029511455515657792,5.0,-34.09863547695795,24.55716700637143,0.0029511455515657792,5.0,,0,[],False,0,False,0,
103,5.15,-45.877410888671875,24.52239990234375,0.0029511455515657792,4.4239847180505665,1.8810460882743825e-15,0.23040610551834106,0.0,PlanStatus.OK,28.692373001831584,24.57261085510254,25,0.1,51,-45.877410888671875,24.52239990234375,0.0029511455515657792,5.0,-33.87746314419428,24.557813597557953,0.0029511455515657792,5.0,,0,[],False,0,False,0,
104,5.2,-45.65625,24.523046493530273,0.0029511455515657792,4.422695344440459,1.8814933216705328e-15,0.23092186450958252,0.0,PlanStatus.OK,26.347071994678117,21.22950553894043,21,0.1,51,-45.65625,24.523046493530273,0.0029511455515657792,5.0,-35.65629354626867,24.552557906208776,0.0029511455515657792,5.0,,0,[],False,0,False,0,
105,5.25,-45.43507766723633,24.523693084716797,0.0029511455515657792,4.423985194921384,1.8810458765161457e-15,0.23040592670440674,0.0,PlanStatus.OK,29.399721999652684,23.891448974609375,25,0.1,51,-45.43507766723633,24.523693084716797,0.0029511455515657792,5.0,-33.43512992275873,24.559106779931,0.0029511455515657792,5.0,,0,[],False,0,False,0,
106,5.300000000000001,-45.21391677856445,24.52433967590332,0.0029511455515657792,4.42269534510008,1.8814933216705328e-15,0.23092186450958252,0.0,PlanStatus.OK,24.625118996482342,20.31230926513672,21,0.1,51,-45.21391677856445,24.52433967590332,0.0029511455515657792,5.0,-35.213960324833124,24.553851088581823,0.0029511455515657792,5.0,,0,[],False,0,False,0,
107,5.3500000000000005,-44.99274444580078,24.524988174438477,0.0029511455515657792,4.4239851956553276,1.8810458765161457e-15,0.23040592670440674,0.0,PlanStatus.OK,34.81093300069915,26.378393173217773,25,0.1,51,-44.99274444580078,24.524988174438477,0.0029511455515657792,5.0,-32.992796701323186,24.56040186965268,0.0029511455515657792,5.0,,0,[],False,0,False,0,
108,5.4,-44.77157974243164,24.525634765625,0.0029511455515657792,4.422695345941179,1.8814933216705328e-15,0.23092186450958252,0.0,PlanStatus.OK,27.552357998501975,21.71945571899414,21,0.1,51,-44.77157974243164,24.525634765625,0.0029511455515657792,5.0,-34.77162328870031,24.555146178303502,0.0029511455515657792,5.0,,0,[],False,0,False,0,
109,5.45,-44.55040740966797,24.526281356811523,0.0029511455515657792,4.423984719312102,1.8810460882743825e-15,0.23040610551834106,0.0,PlanStatus.OK,31.11162300046999,25.368452072143555,25,0.1,51,-44.55040740966797,24.526281356811523,0.0029511455515657792,5.0,-32.550459665190374,24.561695052025726,0.0029511455515657792,5.0,,0,[],False,0,False,0,
110,5.5,-44.329246520996094,24.526927947998047,0.0029511455515657792,4.422695345831161,1.8814933216705328e-15,0.23092186450958252,0.0,PlanStatus.OK,34.86432000499917,29.19602394104004,25,0.1,51,-44.329246520996094,24.526927947998047,0.0029511455515657792,5.0,-32.3292987765185,24.56234164321225,0.0029511455515657792,5.0,,0,[],False,0,False,0,
111,5.550000000000001,-44.10807418823242,24.52757453918457,0.0029511455515657792,4.423984719279117,1.8810460882743825e-15,0.23040610551834106,0.0,PlanStatus.OK,24.737116000324022,20.682811737060547,21,0.1,51,-44.10807418823242,24.52757453918457,0.0029511455515657792,5.0,-34.10811773450109,24.557085951863073,0.0029511455515657792,5.0,,0,[],False,0,False,0,
112,5.6000000000000005,-43.88691329956055,24.528223037719727,0.0029511455515657792,4.422694868707478,1.8814935334287696e-15,0.23092205822467804,0.0,PlanStatus.OK,28.60293199773878,24.004459381103516,25,0.1,51,-43.88691329956055,24.528223037719727,0.0029511455515657792,5.0,-31.886965555082956,24.56363673293393,0.0029511455515657792,5.0,,0,[],False,0,False,0,
113,5.65,-43.665740966796875,24.52886962890625,0.0029511455515657792,4.423984718462817,1.8810460882743825e-15,0.23040610551834106,0.0,PlanStatus.OK,24.79172700259369,20.206212997436523,21,0.1,51,-43.665740966796875,24.52886962890625,0.0029511455515657792,5.0,-33.665784513065546,24.558381041584752,0.0029511455515657792,5.0,,0,[],False,0,False,0,
114,5.7,-43.444580078125,24.529516220092773,0.0029511455515657792,4.422695344863771,1.8814933216705328e-15,0.23092186450958252,0.0,PlanStatus.OK,27.56013400357915,23.471593856811523,25,0.1,51,-43.444580078125,24.529516220092773,0.0029511455515657792,5.0,-31.444632333647412,24.564929915306976,0.0029511455515657792,5.0,,0,[],False,0,False,0,
115,5.75,-43.22340774536133,24.530162811279297,0.0029511455515657792,4.423985195006573,1.8810458765161457e-15,0.23040592670440674,0.0,PlanStatus.OK,28.67434600193519,21.67344093322754,21,0.1,51,-43.22340774536133,24.530162811279297,0.0029511455515657792,5.0,-33.22345129163,24.5596742239578,0.0029511455515657792,5.0,,0,[],False,0,False,0,
116,5.800000000000001,-43.00224685668945,24.53080940246582,0.0029511455515657792,4.422695821547701,1.881493109912296e-15,0.230921670794487,0.0,PlanStatus.OK,28.556081000715494,24.76787567138672,25,0.1,51,-43.00224685668945,24.53080940246582,0.0029511455515657792,5.0,-31.002299112211865,24.566223097680023,0.0029511455515657792,5.0,,0,[],False,0,False,0,
117,5.8500000000000005,-42.78107452392578,24.531457901000977,0.0029511455515657792,4.423985671981828,1.881045664757909e-15,0.23040573298931122,0.0,PlanStatus.OK,25.301161003881134,21.068096160888672,21,0.1,51,-42.78107452392578,24.531457901000977,0.0029511455515657792,5.0,-32.78111807019445,24.56096931367948,0.0029511455515657792,5.0,,0,[],False,0,False,0,
118,5.9,-42.55990982055664,24.5321044921875,0.0029511455515657792,4.422695822199,1.881493109912296e-15,0.230921670794487,0.0,PlanStatus.OK,28.97585699975025,24.748802185058594,25,0.1,51,-42.55990982055664,24.5321044921875,0.0029511455515657792,5.0,-30.559962076079056,24.567518187401703,0.0029511455515657792,5.0,,0,[],False,0,False,0,
119,5.95,-42.33873748779297,24.532751083374023,0.0029511455515657792,4.423985672660685,1.881045664757909e-15,0.23040573298931122,0.0,PlanStatus.OK,31.09240400226554,24.554014205932617,25,0.1,51,-42.33873748779297,24.532751083374023,0.0029511455515657792,5.0,-30.338789743315388,24.568164778588226,0.0029511455515657792,5.0,,0,[],False,0,False,0,
120,6.0,-42.117576599121094,24.533397674560547,0.0029511455515657792,4.4226958226910345,1.881493109912296e-15,0.230921670794487,0.0,PlanStatus.OK,29.613361999508925,22.767066955566406,21,0.1,51,-42.117576599121094,24.533397674560547,0.0029511455515657792,5.0,-32.117620145389765,24.56290908723905,0.0029511455515657792,5.0,,0,[],False,0,False,0,
121,6.050000000000001,-41.89640426635742,24.53404426574707,0.0029511455515657792,4.42398471926261,1.8810460882743825e-15,0.23040610551834106,0.0,PlanStatus.OK,28.67744099785341,23.661375045776367,25,0.1,51,-41.89640426635742,24.53404426574707,0.0029511455515657792,5.0,-29.896456521879845,24.569457960961273,0.0029511455515657792,5.0,,0,[],False,0,False,0,
122,6.1000000000000005,-41.67524337768555,24.534692764282227,0.0029511455515657792,4.422695345866937,1.8814933216705328e-15,0.23092186450958252,0.0,PlanStatus.OK,25.41213799850084,20.466327667236328,21,0.1,51,-41.67524337768555,24.534692764282227,0.0029511455515657792,5.0,-31.67528692395422,24.56420417696073,0.0029511455515657792,5.0,,0,[],False,0,False,0,
123,6.15,-41.454071044921875,24.53533935546875,0.0029511455515657792,4.423984241976777,1.8810463000326193e-15,0.23040629923343658,0.0,PlanStatus.OK,29.65199799655238,23.821592330932617,25,0.1,51,-41.454071044921875,24.53533935546875,0.0029511455515657792,5.0,-29.4541233004443,24.570753050682953,0.0029511455515657792,5.0,,0,[],False,0,False,0,
124,6.2,-41.23291015625,24.535985946655273,0.0029511455515657792,4.422694868138542,1.8814935334287696e-15,0.23092205822467804,0.0,PlanStatus.OK,24.789443996269256,19.987106323242188,21,0.1,51,-41.23291015625,24.535985946655273,0.0029511455515657792,5.0,-31.232953702518678,24.565497359333776,0.0029511455515657792,5.0,,0,[],False,0,False,0,
125,6.25,-41.01173400878906,24.536632537841797,0.0029511455515657792,4.423984717783942,1.8810460882743825e-15,0.23040610551834106,0.0,PlanStatus.OK,30.828283001028467,23.87237548828125,25,0.1,51,-41.01173400878906,24.536632537841797,0.0029511455515657792,5.0,-29.01178626431149,24.572046233056,0.0029511455515657792,5.0,,0,[],False,0,False,0,
126,6.300000000000001,-40.79057312011719,24.53727912902832,0.0029511455515657792,4.4226953442865735,1.8814933216705328e-15,0.23092186450958252,0.0,PlanStatus.OK,28.177775006042793,23.644685745239258,25,0.1,51,-40.79057312011719,24.53727912902832,0.0029511455515657792,5.0,-28.790625375639618,24.572692824242523,0.0029511455515657792,5.0,,0,[],False,0,False,0,
127,6.3500000000000005,-40.56939697265625,24.537927627563477,0.0029511455515657792,4.423984717896615,1.8810460882743825e-15,0.23040610551834106,0.0,PlanStatus.OK,70.61928199982503,62.64758110046387,13,0.1,51,-40.56939697265625,24.537927627563477,0.0029511455515657792,5.0,-34.60538272434485,24.85373065469426,0.40458611542260975,5.0,,0,[],False,0,False,0,
128,6.4,-40.34823989868164,24.53857421875,0.0029511455515657792,4.422695344616311,1.8814933216705328e-15,0.23092186450958252,0.0,PlanStatus.OK,68.1870680054999,63.5838508605957,13,0.1,51,-40.34823989868164,24.53857421875,0.0029511455515657792,5.0,-34.38422565037024,24.854377245880784,0.40458611542260975,5.0,,0,[],False,0,False,0,
129,6.45,-40.1270637512207,24.539220809936523,0.0029511455515657792,4.423984718515002,1.8810460882743825e-15,0.23040610551834106,0.0,PlanStatus.OK,65.28548499773024,60.24503707885742,13,0.1,51,-40.1270637512207,24.539220809936523,0.0029511455515657792,5.0,-34.1630495029093,24.855023837067307,0.40458611542260975,5.0,,0,[],False,0,False,0,
130,6.5,-39.905906677246094,24.539867401123047,0.0029511455515657792,4.422694868619487,1.8814935334287696e-15,0.23092205822467804,0.0,PlanStatus.OK,64.33582599856891,60.390472412109375,13,0.1,51,-39.905906677246094,24.539867401123047,0.0029511455515657792,5.0,-33.94189242893469,24.85567042825383,0.40458611542260975,5.0,,0,[],False,0,False,0,
131,6.550000000000001,-39.684730529785156,24.54051399230957,0.0029511455515657792,4.423984242119661,1.8810463000326193e-15,0.23040629923343658,0.0,PlanStatus.OK,64.36968999332748,60.34708023071289,13,0.1,51,-39.684730529785156,24.54051399230957,0.0029511455515657792,5.0,-33.720716281473756,24.856317019440354,0.40458611542260975,5.0,,0,[],False,0,False,0,
132,6.6000000000000005,-39.46356964111328,24.541162490844727,0.0029511455515657792,4.422694868850346,1.8814935334287696e-15,0.23092205822467804,0.0,PlanStatus.OK,67.52747899736278,63.36712837219238,13,0.1,51,-39.46356964111328,24.541162490844727,0.0029511455515657792,5.0,-33.49955539280188,24.85696551797551,0.40458611542260975,5.0,,0,[],False,0,False,0,
133,6.65,-39.24239730834961,24.54180908203125,0.0029511455515657792,4.423984242350522,1.8810463000326193e-15,0.23040629923343658,0.0,PlanStatus.OK,68.3279919976485,61.30266189575195,13,0.1,51,-39.24239730834961,24.54180908203125,0.0029511455515657792,5.0,-33.27838306003821,24.857612109162034,0.40458611542260975,5.0,,0,[],False,0,False,0,
134,6.7,-39.021236419677734,24.542455673217773,0.0029511455515657792,4.422694392029001,1.8814937451870064e-15,0.23092223703861237,0.0,PlanStatus.OK,65.49213700054679,61.452388763427734,13,0.1,51,-39.021236419677734,24.542455673217773,0.0029511455515657792,5.0,-33.057222171366334,24.858258700348557,0.40458611542260975,5.0,,0,[],False,0,False,0,
135,6.75,-38.80006408691406,24.543102264404297,0.0029511455515657792,4.423983288295569,1.881046511790856e-15,0.23040668666362762,0.0,PlanStatus.OK,66.34764499904122,61.05351448059082,13,0.1,51,-38.80006408691406,24.543102264404297,0.0029511455515657792,5.0,-32.83604983860266,24.85890529153508,0.40458611542260975,5.0,,0,[],False,0,False,0,
136,6.800000000000001,-38.57890319824219,24.54374885559082,0.0029511455515657792,4.422693914462833,1.8814937451870064e-15,0.23092243075370789,0.0,PlanStatus.OK,66.30243400286417,61.63358688354492,13,0.1,51,-38.57890319824219,24.54374885559082,0.0029511455515657792,5.0,-32.61488894993079,24.859551882721604,0.40458611542260975,5.0,,0,[],False,0,False,0,
137,6.8500000000000005,-38.35772705078125,24.544397354125977,0.0029511455515657792,4.423983764416124,1.8810463000326193e-15,0.2304064929485321,0.0,PlanStatus.OK,67.02573999791639,61.168670654296875,13,0.1,51,-38.35772705078125,24.544397354125977,0.0029511455515657792,5.0,-32.39371280246985,24.86020038125676,0.40458611542260975,5.0,,0,[],False,0,False,0,
138,6.9,-38.13656997680664,24.5450439453125,0.0029511455515657792,4.422694390726243,0.17142857611179352,0.23092223703861237,0.0,PlanStatus.OK,67.3991079966072,62.75606155395508,13,0.1,51,-38.13656997680664,24.5450439453125,0.0029511455515657792,5.0,-32.18033647538306,25.07276400275186,0.18935058376452069,5.0,,0,[],False,0,False,0,
139,6.95,-37.91576385498047,24.549606323242188,0.006315278728580995,4.410833946407233,1.887379141862766e-15,0.235666424036026,0.0,PlanStatus.OK,65.11433199921157,61.101675033569336,13,0.1,51,-37.91576385498047,24.549606323242188,0.006315278728580995,5.0,-31.952845756617968,24.88547126369744,0.407950248599625,5.0,,0,[],False,0,False,0,
140,7.0,-37.69533920288086,24.555866241455078,0.009891892629287103,4.410652200648502,-3.5395886915245587e-16,0.23573912680149078,0.0,PlanStatus.OK,69.238989999576,62.01767921447754,13,0.1,51,-37.69533920288086,24.555866241455078,0.009891892629287103,5.0,-31.73366050045343,24.913056043981932,0.4115268625003311,5.0,,0,[],False,0,False,0,
141,7.050000000000001,-37.47476577758789,24.559186935424805,0.010479455665677737,4.413162595679157,1.6115916199234295e-16,0.23473496735095978,0.0,PlanStatus.OK,64.9132920007105,60.897111892700195,13,0.1,51,-37.47476577758789,24.559186935424805,0.010479455665677737,5.0,-31.513297975749442,24.91987953813412,0.41211442553672173,5.0,,0,[],False,0,False,0,
142,7.1000000000000005,-37.25410842895508,24.561796188354492,0.01057062836141822,4.413679159008804,3.774289450989227e-15,0.2345283329486847,0.0,PlanStatus.OK,67.41341100132558,60.54496765136719,13,0.1,51,-37.25410842895508,24.561796188354492,0.01057062836141822,5.0,-31.292673537210696,24.92303231265398,0.41220559823246217,5.0,,0,[],False,0,False,0,
143,7.15,-37.033348083496094,24.56421661376953,0.01058488459562855,4.41674986659092,3.540636894796786e-15,0.23330006003379822,0.0,PlanStatus.OK,65.36743800097611,61.12527847290039,13,0.1,51,-37.033348083496094,24.56421661376953,0.01058488459562855,5.0,-31.07191834222434,24.925537725644357,0.41221985446667253,5.0,,0,[],False,0,False,0,
144,7.2,-36.81250762939453,24.566579818725586,0.010587121234825296,4.4170550095153605,-6.24043000620574e-16,0.23317798972129822,0.0,PlanStatus.OK,66.47400399378967,60.52827835083008,13,0.1,51,-36.81250762939453,24.566579818725586,0.010587121234825296,5.0,-30.851078696282613,24.92791426416695,0.41222209110586927,5.0,,0,[],False,0,False,0,
145,7.25,-36.59158706665039,24.568925857543945,0.010587477016502174,4.419752087025709,1.9743143684042112e-15,0.23209916055202484,0.0,PlanStatus.OK,65.09744900540682,61.1419677734375,13,0.1,51,-36.59158706665039,24.568925857543945,0.010587477016502174,5.0,-30.630158262095044,24.93026242395246,0.41222244688754617,5.0,,0,[],False,0,False,0,
146,7.300000000000001,-36.37061309814453,24.57126808166504,0.010587532152259117,4.419611745439371,2.3088758654271884e-15,0.23215530812740326,0.0,PlanStatus.OK,65.5915620009182,60.95170974731445,13,0.1,51,-36.37061309814453,24.57126808166504,0.010587532152259117,5.0,-30.409184313511762,24.93260497676144,0.4122225020233031,5.0,,0,[],False,0,False,0,
147,7.3500000000000005,-36.14957809448242,24.573610305786133,0.010587539434340223,4.42183194270951,-2.6096206308222217e-15,0.23126722872257233,0.0,PlanStatus.OK,68.25559800199699,60.97984313964844,13,0.1,51,-36.14957809448242,24.573610305786133,0.010587539434340223,5.0,-30.18814931248092,24.934947244294165,0.4122225093053842,5.0,,0,[],False,0,False,0,
148,7.4,-35.92852020263672,24.575956344604492,0.010587540474637523,4.421253568796169,2.2101169059750205e-15,0.2314985692501068,0.0,PlanStatus.OK,67.97033399925567,61.12384796142578,13,0.1,51,-35.92852020263672,24.575956344604492,0.010587540474637523,5.0,-29.96709142101112,24.937293289314162,0.41222251034568147,5.0,,0,[],False,0,False,0,
149,7.45,-35.70741653442383,24.57830238342285,0.010587539434340223,4.423080520806135,-2.6090198727043816e-15,0.23076778650283813,0.0,PlanStatus.OK,67.12218200118514,61.19656562805176,13,0.1,51,-35.70741653442383,24.57830238342285,0.010587539434340223,5.0,-29.74598775242233,24.939639321930883,0.4122225093053842,5.0,,0,[],False,0,False,0,
150,7.5,-35.48630142211914,24.580646514892578,0.010587539434340223,4.422175511246731,-2.6094552476392703e-15,0.23112979531288147,0.0,PlanStatus.OK,68.19917900429573,61.31339073181152,13,0.1,51,-35.48630142211914,24.580646514892578,0.010587539434340223,5.0,-29.524872640117646,24.94198345340061,0.4122225093053842,5.0,,0,[],False,0,False,0,
151,7.550000000000001,-35.26515579223633,24.582992553710938,0.010587539434340223,4.423733964474762,-2.6087054117227134e-15,0.23050642013549805,0.0,PlanStatus.OK,65.22516300174175,61.20133399963379,13,0.1,51,-35.26515579223633,24.582992553710938,0.010587539434340223,5.0,-29.303727010234834,24.94432949221897,0.4122225093053842,5.0,,0,[],False,0,False,0,
152,7.6000000000000005,-35.04401397705078,24.585336685180664,0.010587539434340223,4.4226214919621425,-2.609240736545378e-15,0.23095139861106873,0.0,PlanStatus.OK,65.25108100322541,60.98437309265137,13,0.1,51,-35.04401397705078,24.585336685180664,0.010587539434340223,5.0,-29.082585195049287,24.946673623688696,0.4122225093053842,5.0,,0,[],False,0,False,0,
153,7.65,-34.822853088378906,24.58768081665039,0.010587538394042922,4.424021601194803,3.040815193418436e-16,0.23039135336875916,0.0,PlanStatus.OK,69.06991099822335,60.66250801086426,13,0.1,51,-34.822853088378906,24.58768081665039,0.010587538394042922,5.0,-28.861424306001524,24.94901774895675,0.4122225082650869,5.0,,0,[],False,0,False,0,
154,7.7,-34.60169982910156,24.590023040771484,0.010587538394042922,4.422794181174038,3.041503672385876e-16,0.23088233172893524,0.0,PlanStatus.OK,67.56617400242249,60.5616569519043,13,0.1,51,-34.60169982910156,24.590023040771484,0.010587538394042922,5.0,-28.64027104672418,24.951359973077842,0.4122225082650869,5.0,,0,[],False,0,False,0,
155,7.75,-34.380531311035156,24.59236717224121,0.010587538394042922,4.424111778228547,3.040764636139397e-16,0.23035529255867004,0.0,PlanStatus.OK,64.10338600107934,60.173988342285156,13,0.1,51,-34.380531311035156,24.59236717224121,0.010587538394042922,5.0,-28.419102528657778,24.95370410454757,0.4122225082650869,5.0,,0,[],False,0,False,0,
156,7.800000000000001,-34.15937805175781,24.594711303710938,0.010587538394042922,4.422829031833055,0.17142857611179352,0.2308683842420578,0.0,PlanStatus.OK,69.69277399912244,61.91873550415039,13,0.1,51,-34.15937805175781,24.594711303710938,0.010587538394042922,5.0,-28.30011193142602,25.453468034442416,0.5986219464780418,5.0,,0,[],False,0,False,0,
157,7.8500000000000005,-33.93860626220703,24.600961685180664,0.013951754794842203,4.410961270555698,0.2453932911157608,0.23561549186706543,0.0,PlanStatus.OK,67.93564799590968,61.051368713378906,13,0.1,51,-33.93860626220703,24.600961685180664,0.013951754794842203,5.0,-28.082262337318458,25.479425358228745,0.6019861628788411,5.0,,0,[],False,0,False,0,
158,7.9,-33.71995544433594,24.618019104003906,0.025376128103307177,4.3777235061519955,0.13959316909313202,0.248910591006279,0.0,PlanStatus.OK,68.69899600133067,64.67008590698242,13,0.1,51,-33.71995544433594,24.618019104003906,0.025376128103307177,5.0,-27.90008130404768,25.266277500743247,0.6422466296324402,5.0,57.24127462908725,1,"[{""id"": 386, ""x"": -93.46572875976562, ""y"": 27.826818466186523, ""vx"": 8.041898727416992, ""vy"": 0.2253744900226593, ""r"": 2.5906050205230713}]",False,0,False,0,
159,7.95,-33.50239562988281,24.64081573486328,0.03849878987623997,4.387161440334008,0.24580249190330505,0.24513542652130127,0.0,PlanStatus.OK,68.24094300100114,61.94925308227539,13,0.1,51,-33.50239562988281,24.64081573486328,0.03849878987623997,5.0,-27.669377519820465,25.66275620237068,0.6265331979602389,5.0,57.05657141499896,1,"[{""id"": 386, ""x"": -93.06380462646484, ""y"": 27.838348388671875, ""vx"": 8.039141654968262, ""vy"": 0.1603616178035736, ""r"": 2.5906050205230713}]",False,0,False,0,
160,8.0,-33.28555679321289,24.668066024780273,0.052861587980876396,4.373039672591079,0.2460470050573349,0.25078412890434265,0.0,PlanStatus.OK,68.6045690017636,62.29758262634277,13,0.1,51,-33.28555679321289,24.668066024780273,0.052861587980876396,5.0,-27.467817739335054,25.773676667108344,0.6408959960648752,5.0,56.87101299478693,1,"[{""id"": 386, ""x"": -92.66207885742188, ""y"": 27.84810447692871, ""vx"": 8.03365707397461, ""vy"": 0.13287220895290375, ""r"": 2.5906050205230713}]",False,0,False,0,
161,8.05,-33.07056427001953,24.70317268371582,0.07089854138203497,4.371652552104711,0.24607108533382416,0.25133898854255676,0.0,PlanStatus.OK,70.98056699760491,63.9653205871582,13,0.1,51,-33.07056427001953,24.70317268371582,0.07089854138203497,5.0,-27.273712304286192,25.913532084397268,0.6589329494660339,5.0,56.68345446215156,1,"[{""id"": 386, ""x"": -92.26071166992188, ""y"": 27.856040954589844, ""vx"": 8.022550582885742, ""vy"": 0.11912398040294647, ""r"": 2.5906050205230713}]",False,0,False,0,
162,8.1,-32.85641860961914,24.74355697631836,0.0896887990258469,4.375831113362365,0.13963386416435242,0.24966755509376526,0.0,PlanStatus.OK,68.11814499815227,62.1035099029541,13,0.1,51,-32.85641860961914,24.74355697631836,0.0896887990258469,5.0,-27.016371287859485,25.621377991645762,0.491323768896891,5.0,56.49580538852233,1,"[{""id"": 386, ""x"": -91.86040496826172, ""y"": 27.86341094970703, ""vx"": 7.994352340698242, ""vy"": 0.10569795221090317, ""r"": 2.5906050205230713}]",False,0,False,0,
163,8.15,-32.6412239074707,24.78362464904785,0.10444346880132087,4.395016978809174,0.13922260701656342,0.24199320375919342,0.0,PlanStatus.OK,70.65463199978694,62.909603118896484,13,0.1,51,-32.6412239074707,24.78362464904785,0.10444346880132087,5.0,-26.8907348618303,25.889540420573265,0.7213139703304539,5.0,56.3110294382566,1,"[{""id"": 386, ""x"": -91.46196746826172, ""y"": 27.8695068359375, ""vx"": 7.949921131134033, ""vy"": 0.09985213726758957, ""r"": 2.5906050205230713}]",False,0,False,0,
164,8.200000000000001,-32.42501449584961,24.822731018066406,0.11607480821748513,4.403492092896823,0.24552132189273834,0.2386031597852707,0.0,PlanStatus.OK,69.26011299947277,61.455726623535156,9,0.1,51,-32.42501449584961,24.822731018066406,0.11607480821748513,5.0,-28.475626353990616,25.423666781597543,0.3024742464304401,5.0,56.13010630323811,1,"[{""id"": 386, ""x"": -91.06632232666016, ""y"": 27.87542724609375, ""vx"": 7.887687683105469, ""vy"": 0.09121473878622055, ""r"": 2.5906050205230713}]",False,0,False,0,
165,8.25,-32.21002960205078,24.866718292236328,0.13023800655960932,4.3903325753038915,0.24574775993824005,0.243866965174675,0.0,PlanStatus.OK,64.39865900028963,60.53304672241211,9,0.1,51,-32.21002960205078,24.866718292236328,0.13023800655960932,5.0,-28.269548457533066,25.52352788157516,0.3166374447725643,5.0,55.95113466745284,1,"[{""id"": 386, ""x"": -90.67414855957031, ""y"": 27.880367279052734, ""vx"": 7.814494609832764, ""vy"": 0.08863122761249542, ""r"": 2.5906050205230713}]",False,0,False,0,
166,8.3,-31.99758529663086,24.918453216552734,0.14824133339081644,4.386176784698818,0.24581949412822723,0.24552927911281586,0.0,PlanStatus.OK,65.10674599849153,61.177968978881836,9,0.1,51,-31.99758529663086,24.918453216552734,0.14824133339081644,5.0,-28.069566847739935,25.646094303985024,0.33464077160377137,5.0,55.77310567787793,1,"[{""id"": 386, ""x"": -90.28583526611328, ""y"": 27.885377883911133, ""vx"": 7.734702110290527, ""vy"": 0.08233556896448135, ""r"": 2.5906050205230713}]",False,0,False,0,
167,8.35,-31.786468505859375,24.975412368774414,0.1670836308668042,4.390802057936521,0.2457396686077118,0.24367918074131012,0.0,PlanStatus.OK,67.77096199948573,63.84778022766113,9,0.1,51,-31.786468505859375,24.975412368774414,0.1670836308668042,5.0,-27.872856941369417,25.77693280471949,0.3534830690797591,5.0,55.59746649664296,1,"[{""id"": 386, ""x"": -89.90151977539062, ""y"": 27.889598846435547, ""vx"": 7.655690670013428, ""vy"": 0.08161252737045288, ""r"": 2.5906050205230713}]",False,0,False,0,
168,8.4,-31.576385498046875,25.036746978759766,0.18605068079510534,4.394335267611459,0.07431109249591827,0.24226589500904083,0.0,PlanStatus.OK,70.41682599810883,63.074588775634766,9,0.1,51,-31.576385498046875,25.036746978759766,0.18605068079510534,5.0,-27.64541574192981,25.77666371494908,0.18605068079510534,5.0,55.42444202004162,1,"[{""id"": 386, ""x"": -89.52102661132812, ""y"": 27.894062042236328, ""vx"": 7.581489562988281, ""vy"": 0.07683949172496796, ""r"": 2.5906050205230713}]",False,0,False,0,
169,8.450000000000001,-31.36488151550293,25.0961856842041,0.19955317383791607,4.406399398798356,1.1698654731775288e-15,0.23744024336338043,0.0,PlanStatus.OK,67.51735500438372,62.37673759460449,9,0.1,51,-31.36488151550293,25.0961856842041,0.19955317383791607,5.0,-27.444260512879026,25.88911125056228,0.19955317383791607,5.0,55.256373731642704,1,"[{""id"": 386, ""x"": -89.14397430419922, ""y"": 27.89786148071289, ""vx"": 7.515753746032715, ""vy"": 0.07771754264831543, ""r"": 2.5906050205230713}]",False,0,False,0,
170,8.5,-31.15065574645996,25.146860122680664,0.20366259784747648,4.404316874496028,2.2599211727241525e-15,0.2382732480764389,0.0,PlanStatus.OK,69.37809399823891,62.43014335632324,9,0.1,51,-31.15065574645996,25.146860122680664,0.20366259784747648,5.0,-27.23332630645882,25.95589044257008,0.20366259784747648,5.0,55.094492652008284,1,"[{""id"": 386, ""x"": -88.7699203491211, ""y"": 27.902008056640625, ""vx"": 7.459142684936523, ""vy"": 0.07353867590427399, ""r"": 2.5906050205230713}]",False,0,False,0,
171,8.55,-30.935203552246094,25.193206787109375,0.20433338154704017,4.410315263018053,2.983013506279125e-15,0.23587389290332794,0.0,PlanStatus.OK,66.77045599644771,62.32929229736328,9,0.1,51,-30.935203552246094,25.193206787109375,0.20433338154704017,5.0,-27.01841767785797,26.004864605524006,0.20433338154704017,5.0,54.9365931130607,1,"[{""id"": 386, ""x"": -88.39842224121094, ""y"": 27.905590057373047, ""vx"": 7.411191940307617, ""vy"": 0.07599493861198425, ""r"": 2.5906050205230713}]",False,0,False,0,
172,8.6,-30.71929168701172,25.238449096679688,0.20441337624828343,4.4127676986816935,0.17142857611179352,0.23489291965961456,0.0,PlanStatus.OK,72.68670900521101,63.31992149353027,9,0.1,51,-30.71929168701172,25.238449096679688,0.20441337624828343,5.0,-26.838320239270253,26.185471329133943,0.3908128144612384,5.0,54.78141969962955,1,"[{""id"": 386, ""x"": -88.02912139892578, ""y"": 27.909149169921875, ""vx"": 7.3697710037231445, ""vy"": 0.05475718900561333, ""r"": 2.5906050205230713}]",False,0,False,0,
173,8.65,-30.50425910949707,25.287179946899414,0.20782435297245694,4.404904451447268,0.24549709260463715,0.23803821206092834,0.0,PlanStatus.OK,68.02272200002335,64.1484260559082,9,0.1,51,-30.50425910949707,25.287179946899414,0.20782435297245694,5.0,-26.626540503351965,26.24743454777524,0.39422379118541195,5.0,54.62712256617486,1,"[{""id"": 386, ""x"": -87.66175842285156, ""y"": 27.91179847717285, ""vx"": 7.332053184509277, ""vy"": 0.051776327192783356, ""r"": 2.5906050205230713}]",False,0,False,0,
174,8.700000000000001,-30.29325294494629,25.346027374267578,0.2192690880199907,4.373343980393,0.07406851649284363,0.2506624162197113,0.0,PlanStatus.OK,65.62851800117642,61.44213676452637,9,0.1,51,-30.29325294494629,25.346027374267578,0.2192690880199907,5.0,-26.38902616380895,26.216092453126578,0.2192690880199907,5.0,54.47025454541938,1,"[{""id"": 386, ""x"": -87.2962646484375, ""y"": 27.914752960205078, ""vx"": 7.294813632965088, ""vy"": 0.04616798460483551, ""r"": 2.5906050205230713}]",False,0,False,0,
175,8.75,-30.083810806274414,25.408742904663086,0.23100590526007891,4.383635049074592,3.038307393559412e-15,0.24654598534107208,0.0,PlanStatus.OK,66.6308290019515,60.92691421508789,9,0.1,51,-30.083810806274414,25.408742904663086,0.23100590526007891,5.0,-26.190064491658177,26.324570201380368,0.23100590526007891,5.0,54.31358007689253,1,"[{""id"": 386, ""x"": -86.93268585205078, ""y"": 27.91706657409668, ""vx"": 7.255749225616455, ""vy"": 0.04694534093141556, ""r"": 2.5906050205230713}]",False,0,False,0,
176,8.8,-29.871959686279297,25.464778900146484,0.23467396025322912,4.384972754915756,1.8225315699703978e-15,0.2460108995437622,0.0,PlanStatus.OK,64.77609799912898,60.4245662689209,9,0.1,51,-29.871959686279297,25.464778900146484,0.23467396025322912,5.0,-25.981598863442258,26.394882479396983,0.23467396025322912,5.0,54.16172634140075,1,"[{""id"": 386, ""x"": -86.5711669921875, ""y"": 27.919775009155273, ""vx"": 7.2126359939575195, ""vy"": 0.043115582317113876, ""r"": 2.5906050205230713}]",False,0,False,0,
177,8.85,-29.658824920654297,25.517255783081055,0.23526125385261884,4.393683783445678,0.17142857611179352,0.24252648651599884,0.0,PlanStatus.OK,67.93820099846926,63.26031684875488,13,0.1,51,-29.658824920654297,25.517255783081055,0.23526125385261884,5.0,-24.234071512151715,27.925105635202694,0.04886181563966385,5.0,54.01362112973422,1,"[{""id"": 386, ""x"": -86.21195220947266, ""y"": 27.921878814697266, ""vx"": 7.165205955505371, ""vy"": 0.04451925307512283, ""r"": 2.5906050205230713}]",False,0,False,0,
178,8.9,-29.446378707885742,25.57263946533203,0.2387174210915396,4.387820323858828,0.34285715222358704,0.24487186968326569,0.0,PlanStatus.OK,65.7252220044029,60.58812141418457,17,0.1,51,-29.446378707885742,25.57263946533203,0.2387174210915396,5.0,-22.033001733546183,27.964109657343226,-0.13408145533437033,5.0,53.867259439277206,1,"[{""id"": 386, ""x"": -85.85523986816406, ""y"": 27.924413681030273, ""vx"": 7.113441467285156, ""vy"": 0.04117155820131302, ""r"": 2.5906050205230713}]",False,0,False,0,
179,8.950000000000001,-29.23802947998047,25.637889862060547,0.25021876495699436,4.359187889256692,0.5142857432365417,0.2563248574733734,0.0,PlanStatus.OK,66.37482900259783,59.43799018859863,21,0.1,51,-29.23802947998047,25.637889862060547,0.25021876495699436,5.0,-19.858131576088983,28.009294761039293,0.06381932674403934,5.0,53.7190928132391,1,"[{""id"": 386, ""x"": -85.50120544433594, ""y"": 27.926361083984375, ""vx"": 7.0587687492370605, ""vy"": 0.042729366570711136, ""r"": 2.5906050205230713}]",False,0,False,0,
180,9.0,-29.036617279052734,25.715410232543945,0.2703145291342984,4.315272986479241,0.5944621562957764,0.27389079332351685,0.0,PlanStatus.OK,67.62980100029381,61.2339973449707,17,0.1,51,-29.036617279052734,25.715410232543945,0.2703145291342984,5.0,-21.70249163942235,28.339889027478723,-0.10248434729161149,5.0,53.5663684145716,1,"[{""id"": 386, ""x"": -85.14995574951172, ""y"": 27.92875862121582, ""vx"": 7.002542972564697, ""vy"": 0.039457641541957855, ""r"": 2.5906050205230713}]",False,0,False,0,
181,9.05,-28.84465980529785,25.80609893798828,0.2988002494307607,4.257415358519054,0.42303359508514404,0.2970338463783264,0.0,PlanStatus.OK,51.83246600063285,45.27711868286133,21,0.1,51,-28.84465980529785,25.80609893798828,0.2988002494307607,5.0,-19.42487862821345,28.098201965729338,-0.07399862699514906,5.0,53.406565384015416,1,"[{""id"": 386, ""x"": -84.801513671875, ""y"": 27.930622100830078, ""vx"": 6.94655704498291, ""vy"": 0.0426730141043663, ""r"": 2.5906050205230713}]",False,0,False,0,
182,9.1,-28.65897560119629,25.906673431396484,0.3303351393725525,4.2756939664868945,0.3100810945034027,0.28972241282463074,0.0,PlanStatus.OK,51.08688499603886,42.656898498535156,21,0.1,51,-28.65897560119629,25.906673431396484,0.3303351393725525,5.0,-19.28848145361877,28.12748982240402,0.11509960771446337,5.0,53.24301818873544,1,"[{""id"": 386, ""x"": -84.45581817626953, ""y"": 27.932960510253906, ""vx"": 6.892116546630859, ""vy"": 0.03907933458685875, ""r"": 2.5906050205230713}]",False,0,False,0,
183,9.15,-28.472204208374023,26.010250091552734,0.3575411608309613,4.323452235033014,0.14397521317005157,0.27061909437179565,0.0,PlanStatus.OK,66.05522300378652,57.51299858093262,21,0.1,51,-28.472204208374023,26.010250091552734,0.3575411608309613,5.0,-18.93786796723507,28.12164511729476,0.14230562917287226,5.0,53.083240423873875,1,"[{""id"": 386, ""x"": -84.11277770996094, ""y"": 27.934736251831055, ""vx"": 6.840208053588867, ""vy"": 0.041035737842321396, ""r"": 2.5906050205230713}]",False,0,False,0,
184,9.200000000000001,-28.2806339263916,26.110929489135742,0.37639431068839113,4.359068164966564,0.1440323293209076,0.25637272000312805,0.0,PlanStatus.OK,69.62751699757064,62.40272521972656,17,0.1,51,-28.2806339263916,26.110929489135742,0.37639431068839113,5.0,-20.794200321879078,28.17326323468677,-0.21164009739560774,5.0,52.93105275310329,1,"[{""id"": 386, ""x"": -83.77225494384766, ""y"": 27.93698501586914, ""vx"": 6.791208267211914, ""vy"": 0.03742571175098419, ""r"": 2.5906050205230713}]",False,0,False,0,
185,9.25,-28.085126876831055,26.20813751220703,0.3890990871161823,4.383981703296232,-0.027396241202950478,0.24640731513500214,0.0,PlanStatus.OK,54.71630000101868,47.878265380859375,21,0.1,51,-28.085126876831055,26.20813751220703,0.3890990871161823,5.0,-18.49766842118418,28.0694131371889,-0.012535882754861616,5.0,52.78540453583316,1,"[{""id"": 386, ""x"": -83.43408966064453, ""y"": 27.93867301940918, ""vx"": 6.744988441467285, ""vy"": 0.03946739062666893, ""r"": 2.5906050205230713}]",False,0,False,0,
186,9.3,-27.88614273071289,26.30013656616211,0.39500331525288795,4.386449385678412,-0.13940590620040894,0.24542024731636047,0.0,PlanStatus.OK,55.85566700028721,47.044992446899414,21,0.1,51,-27.88614273071289,26.30013656616211,0.39500331525288795,5.0,-18.30984071561656,28.217985962378673,-0.006631654618155958,5.0,52.64577252292578,1,"[{""id"": 386, ""x"": -83.09815216064453, ""y"": 27.940690994262695, ""vx"": 6.701033115386963, ""vy"": 0.029858548194169998, ""r"": 2.5906050205230713}]",False,0,False,0,
187,9.35,-27.68284034729004,26.381437301635742,0.39126044207786337,4.374359740790376,-0.13966552913188934,0.25025609135627747,0.0,PlanStatus.OK,39.870444998086896,32.3946475982666,17,0.1,51,-27.68284034729004,26.381437301635742,0.39126044207786337,5.0,-20.10835709501764,28.144769153873927,-0.1967739660061354,5.0,52.51303186904712,1,"[{""id"": 386, ""x"": -82.76437377929688, ""y"": 27.94203758239746, ""vx"": 6.6585283279418945, ""vy"": 0.030678344890475273, ""r"": 2.5906050205230713}]",False,0,False,0,
188,9.4,-27.476680755615234,26.453929901123047,0.3816667038564755,4.376564040972039,-0.13961809873580933,0.2493743896484375,0.0,PlanStatus.OK,38.80162299901713,33.07056427001953,17,0.1,51,-27.476680755615234,26.453929901123047,0.3816667038564755,5.0,-19.88562939299694,28.14451411084575,-0.20636770422752326,5.0,52.38560791212614,1,"[{""id"": 386, ""x"": -82.43270111083984, ""y"": 27.94383430480957, ""vx"": 6.616574764251709, ""vy"": 0.02665608748793602, ""r"": 2.5906050205230713}]",False,0,False,0,
189,9.450000000000001,-27.26877212524414,26.522212982177734,0.37086562155490027,4.384782118497512,-0.13944163918495178,0.24608714878559113,0.0,PlanStatus.OK,64.56467699899804,60.14299392700195,25,0.1,51,-27.26877212524414,26.522212982177734,0.37086562155490027,5.0,-15.649918398682798,28.146847322409393,-0.03076934831614364,5.0,52.262213806250735,1,"[{""id"": 386, ""x"": -82.10313415527344, ""y"": 27.945053100585938, ""vx"": 6.574480056762695, ""vy"": 0.028872832655906677, ""r"": 2.5906050205230713}]",False,0,False,0,
190,9.5,-27.059539794921875,26.587787628173828,0.35983820385018195,4.3947747808781825,-0.13922777771949768,0.24209009110927582,0.0,PlanStatus.OK,67.10548100090818,61.2950325012207,25,0.1,51,-27.059539794921875,26.587787628173828,0.35983820385018195,5.0,-15.423477352014821,28.084199831898626,-0.04179676602086191,5.0,52.1424170004237,1,"[{""id"": 386, ""x"": -81.77568817138672, ""y"": 27.946760177612305, ""vx"": 6.531526565551758, ""vy"": 0.025603627786040306, ""r"": 2.5906050205230713}]",False,0,False,0,
191,9.55,-26.84920883178711,26.651010513305664,0.3488105864083818,4.400183457733074,-0.13911235332489014,0.23992662131786346,0.0,PlanStatus.OK,58.509037997282576,54.305076599121094,25,0.1,51,-26.84920883178711,26.651010513305664,0.3488105864083818,5.0,-15.197352376007181,28.019016285438163,-0.05282438346266205,5.0,52.026002256691555,1,"[{""id"": 386, ""x"": -81.4504165649414, ""y"": 27.947893142700195, ""vx"": 6.487549304962158, ""vy"": 0.02755218930542469, ""r"": 2.5906050205230713}]",False,0,False,0,
192,9.600000000000001,-26.637861251831055,26.71196174621582,0.3377633947325696,4.407566646711088,-0.13895517587661743,0.2369733452796936,0.0,PlanStatus.OK,70.41699899855303,62.53767013549805,21,0.1,51,-26.637861251831055,26.71196174621582,0.3377633947325696,5.0,-16.96619680710083,28.218518991307327,0.1225278630744806,5.0,51.9129811249998,1,"[{""id"": 386, ""x"": -81.12739562988281, ""y"": 27.94951820373535, ""vx"": 6.4424262046813965, ""vy"": 0.024491777643561363, ""r"": 2.5906050205230713}]",False,0,False,0,
193,9.65,-26.42561912536621,26.77065086364746,0.3267307172846984,4.410640743955353,-0.1388898491859436,0.2357437014579773,0.0,PlanStatus.OK,65.77928300248459,61.481475830078125,21,0.1,51,-26.42561912536621,26.77065086364746,0.3267307172846984,5.0,-16.737922269074588,28.170414231075647,0.11149518562660943,5.0,51.80321537766864,1,"[{""id"": 386, ""x"": -80.806640625, ""y"": 27.950565338134766, ""vx"": 6.396487712860107, ""vy"": 0.026184068992733955, ""r"": 2.5906050205230713}]",False,0,False,0,
194,9.700000000000001,-26.21254539489746,26.827049255371094,0.3156841248201314,4.415521631350585,-0.13878628611564636,0.23379135131835938,0.0,PlanStatus.OK,67.28324600408087,62.59775161743164,21,0.1,51,-26.21254539489746,26.827049255371094,0.3156841248201314,5.0,-16.50997731288859,28.119713356435014,0.10044859316204247,5.0,51.69672192698791,1,"[{""id"": 386, ""x"": -80.48821258544922, ""y"": 27.95213508605957, ""vx"": 6.350068092346191, ""vy"": 0.023859791457653046, ""r"": 2.5906050205230713}]",False,0,False,0,
195,9.75,-25.99873924255371,26.88114356994629,0.30465158053031466,4.416627189231284,-0.13876286149024963,0.23334912955760956,0.0,PlanStatus.OK,70.95332300377777,62.91675567626953,21,0.1,51,-25.99873924255371,26.88114356994629,0.30465158053031466,5.0,-16.282500553817783,28.06668716159863,0.08941604887222565,5.0,51.59336516909652,1,"[{""id"": 386, ""x"": -80.17210388183594, ""y"": 27.95314598083496, ""vx"": 6.3037004470825195, ""vy"": 0.026157192885875702, ""r"": 2.5906050205230713}]",False,0,False,0,
196,9.8,-25.78423500061035,26.93290138244629,0.2936066858309427,4.4197677598141345,-0.1386963427066803,0.23209290206432343,0.0,PlanStatus.OK,71.32774199999403,64.74804878234863,17,0.1,51,-25.78423500061035,26.93290138244629,0.2936066858309427,5.0,-18.04383624318193,28.22669659068999,0.07837115417285367,5.0,51.493112513510376,1,"[{""id"": 386, ""x"": -79.8582992553711, ""y"": 27.954702377319336, ""vx"": 6.257791996002197, ""vy"": 0.024225205183029175, ""r"": 2.5906050205230713}]",False,0,False,0,
197,9.850000000000001,-25.569120407104492,26.982316970825195,0.28257524009507556,4.419621238432033,-0.2452452927827835,0.23215150833129883,0.0,PlanStatus.OK,66.21497100422857,60.466766357421875,17,0.1,51,-25.569120407104492,26.982316970825195,0.28257524009507556,5.0,-17.714637492033713,28.3456656477684,0.09617580188212066,5.0,51.39581821284687,1,"[{""id"": 386, ""x"": -79.54676818847656, ""y"": 27.955678939819336, ""vx"": 6.212731838226318, ""vy"": 0.025474347174167633, ""r"": 2.5906050205230713}]",False,0,False,0,
198,9.9,-25.353397369384766,27.025808334350586,0.2685365861458046,4.4002191058935,-0.13911159336566925,0.23991236090660095,0.0,PlanStatus.OK,67.91395800246391,62.322139739990234,17,0.1,51,-25.353397369384766,27.025808334350586,0.2685365861458046,5.0,-17.582998765904982,28.125164740577997,0.053301054487715605,5.0,51.301503474793925,1,"[{""id"": 386, ""x"": -79.23745727539062, ""y"": 27.957176208496094, ""vx"": 6.16871452331543, ""vy"": 0.022869519889354706, ""r"": 2.5906050205230713}]",False,0,False,0,
199,9.950000000000001,-25.137224197387695,27.065935134887695,0.25479192853612165,4.408719983432352,-0.13893064856529236,0.23651200532913208,0.0,PlanStatus.OK,69.95313499646727,62.53862380981445,21,0.1,51,-25.137224197387695,27.065935134887695,0.25479192853612165,5.0,-15.36711564437625,28.276568700903788,0.2259558350909876,5.0,51.20988176741068,1,"[{""id"": 386, ""x"": -78.93031311035156, ""y"": 27.95810317993164, ""vx"": 6.125792026519775, ""vy"": 0.02455686777830124, ""r"": 2.5906050205230713}]",False,0,False,0,
200,10.0,-24.92057228088379,27.106008529663086,0.2433117900908466,4.414462512180398,-0.1388087421655655,0.23421499133110046,0.0,PlanStatus.OK,67.67131699598394,63.568830490112305,21,0.1,51,-24.92057228088379,27.106008529663086,0.2433117900908466,5.0,-15.137209603923589,28.20440258456967,0.21447569664571253,5.0,51.1208882173114,1,"[{""id"": 386, ""x"": -78.62528228759766, ""y"": 27.959606170654297, ""vx"": 6.083883762359619, ""vy"": 0.02399175427854061, ""r"": 2.5906050205230713}]",False,0,False,0,
201,10.05,-24.70343780517578,27.144264221191406,0.23220968736230835,4.415359793745928,-0.13878971338272095,0.23385608196258545,0.0,PlanStatus.OK,67.90661400009412,60.423851013183594,17,0.1,51,-24.70343780517578,27.144264221191406,0.23220968736230835,5.0,-16.89857350729956,28.12175039054579,0.2322096873623084,5.0,51.03448903633704,1,"[{""id"": 386, ""x"": -78.32231903076172, ""y"": 27.960529327392578, ""vx"": 6.0428080558776855, ""vy"": 0.024319609627127647, ""r"": 2.5906050205230713}]",False,0,False,0,
202,10.100000000000001,-24.485803604125977,27.180288314819336,0.22115112731759287,4.418423027327537,-0.13872481882572174,0.23263078927993774,0.0,PlanStatus.OK,68.33807299699401,62.273263931274414,17,0.1,51,-24.485803604125977,27.180288314819336,0.22115112731759287,5.0,-16.650409413815947,28.28213258446314,0.005915595659503836,5.0,50.95069080884124,1,"[{""id"": 386, ""x"": -78.02139282226562, ""y"": 27.96198272705078, ""vx"": 6.0023088455200195, ""vy"": 0.022252783179283142, ""r"": 2.5906050205230713}]",False,0,False,0,
203,10.15,-24.267736434936523,27.21396827697754,0.2101158532876588,4.418228071495935,-0.13872894644737244,0.23270876705646515,0.0,PlanStatus.OK,70.12933099758811,62.44230270385742,21,0.1,51,-24.267736434936523,27.21396827697754,0.2101158532876588,5.0,-14.420686630632133,28.219042178390204,-0.005119678370430147,5.0,50.86939255955132,1,"[{""id"": 386, ""x"": -77.72248840332031, ""y"": 27.96285629272461, ""vx"": 5.962106227874756, ""vy"": 0.023581132292747498, ""r"": 2.5906050205230713}]",False,0,False,0,
204,10.200000000000001,-24.049251556396484,27.24526596069336,0.19906882805941473,4.420486773610255,-0.13868112862110138,0.23180529475212097,0.0,PlanStatus.OK,44.700837999698706,40.85588455200195,21,0.1,51,-24.049251556396484,27.24526596069336,0.19906882805941473,5.0,-14.19169974612403,28.141500139658785,-0.016166703598674337,5.0,50.790568153041725,1,"[{""id"": 386, ""x"": -77.42558288574219, ""y"": 27.96422576904297, ""vx"": 5.921999454498291, ""vy"": 0.01953996904194355, ""r"": 2.5906050205230713}]",False,0,False,0,
205,10.25,-23.830419540405273,27.274160385131836,0.1880359175849481,4.419692915039246,-0.13869792222976685,0.23212283849716187,0.0,PlanStatus.OK,62.11676100065233,57.82175064086914,25,0.1,51,-23.830419540405273,27.274160385131836,0.1880359175849481,5.0,-11.96811379043647,28.146843309803533,0.15919982413981393,5.0,50.714136580651655,1,"[{""id"": 386, ""x"": -77.13068389892578, ""y"": 27.96502685546875, ""vx"": 5.881797790527344, ""vy"": 0.02234541065990925, ""r"": 2.5906050205230713}]",False,0,False,0,
206,10.3,-23.61124038696289,27.300643920898438,0.17698990768686962,4.4214924603906285,-0.13865984976291656,0.23140302300453186,0.0,PlanStatus.OK,72.52450800297083,63.86852264404297,21,0.1,51,-23.61124038696289,27.300643920898438,0.17698990768686962,5.0,-13.738556297648248,28.11871772572784,0.14815381424173546,5.0,50.64013157811509,1,"[{""id"": 386, ""x"": -76.83781433105469, ""y"": 27.96633529663086, ""vx"": 5.8414483070373535, ""vy"": 0.018142670392990112, ""r"": 2.5906050205230713}]",False,0,False,0,
207,10.350000000000001,-23.39177894592285,27.324710845947266,0.16595774622645956,4.420339651907535,-0.1386842429637909,0.23186413943767548,0.0,PlanStatus.OK,67.33689599786885,61.089277267456055,17,0.1,51,-23.39177894592285,27.324710845947266,0.16595774622645956,5.0,-15.508242897707344,28.132335721022084,0.1371216527813255,5.0,50.5684480941064,1,"[{""id"": 386, ""x"": -76.54695129394531, ""y"": 27.9670352935791, ""vx"": 5.800947666168213, ""vy"": 0.01981639675796032, ""r"": 2.5906050205230713}]",False,0,False,0,
208,10.4,-23.17204475402832,27.34635353088379,0.15491245205292406,4.421885662348239,-0.1386515349149704,0.2312457412481308,0.0,PlanStatus.OK,68.3304819976911,62.40558624267578,21,0.1,51,-23.17204475402832,27.34635353088379,0.15491245205292406,5.0,-13.285933441371142,28.178996640566165,-0.06032307960516503,5.0,50.49911868523568,1,"[{""id"": 386, ""x"": -76.25812530517578, ""y"": 27.968297958374023, ""vx"": 5.760355472564697, ""vy"": 0.01787583716213703, ""r"": 2.5906050205230713}]",False,0,False,0,
209,10.450000000000001,-22.952091217041016,27.36557388305664,0.1438813059226796,4.420550087647557,-0.13867978751659393,0.23177996277809143,0.0,PlanStatus.OK,67.33533299848204,62.853336334228516,17,0.1,51,-22.952091217041016,27.36557388305664,0.1438813059226796,5.0,-15.052307312653118,28.23170078991143,-0.0713542257354095,5.0,50.43205848116803,1,"[{""id"": 386, ""x"": -75.97132110595703, ""y"": 27.96898651123047, ""vx"": 5.719826698303223, ""vy"": 0.020117199048399925, ""r"": 2.5906050205230713}]",False,0,False,0,
210,10.5,-22.73192596435547,27.382362365722656,0.1328370520464449,4.42196232121124,-0.13864991068840027,0.23121507465839386,0.0,PlanStatus.OK,65.96586800151272,60.98294258117676,17,0.1,51,-22.73192596435547,27.382362365722656,0.1328370520464449,5.0,-14.823058314303287,28.161191004617084,-0.08239847961164415,5.0,50.367270589200565,1,"[{""id"": 386, ""x"": -75.68653869628906, ""y"": 27.97022247314453, ""vx"": 5.67951774597168, ""vy"": 0.017169708386063576, ""r"": 2.5906050205230713}]",False,0,False,0,
211,10.55,-22.511606216430664,27.3967227935791,0.12180677976593311,4.420570488085738,-0.1386793553829193,0.2317718118429184,0.0,PlanStatus.OK,64.36712200229522,60.42647361755371,17,0.1,51,-22.511606216430664,27.3967227935791,0.12180677976593311,5.0,-14.594629167483772,28.08826885947214,-0.09342875189215594,5.0,50.30466769859675,1,"[{""id"": 386, ""x"": -75.40376281738281, ""y"": 27.970870971679688, ""vx"": 5.639565944671631, ""vy"": 0.01936306245625019, ""r"": 2.5906050205230713}]",False,0,False,0,
212,10.600000000000001,-22.29112434387207,27.408649444580078,0.11076412378635246,4.421884602315417,0.03274921700358391,0.23124615848064423,0.0,PlanStatus.OK,67.23127900477266,62.206268310546875,21,0.1,51,-22.29112434387207,27.408649444580078,0.11076412378635246,5.0,-12.393260012254332,28.136554170017593,0.11076412378635245,5.0,50.24424600288565,1,"[{""id"": 386, ""x"": -75.12297058105469, ""y"": 27.972126007080078, ""vx"": 5.6000566482543945, ""vy"": 0.018706228584051132, ""r"": 2.5906050205230713}]",False,0,False,0,
213,10.65,-22.07099151611328,27.424861907958984,0.10549173061826808,4.411252049307392,0.1441146582365036,0.23549917340278625,0.0,PlanStatus.OK,53.6100359968259,47.41621017456055,21,0.1,51,-22.07099151611328,27.424861907958984,0.10549173061826808,5.0,-12.169426973114343,28.10057132572022,0.10549173061826811,5.0,50.18538687259996,1,"[{""id"": 386, ""x"": -74.8441390991211, ""y"": 27.972780227661133, ""vx"": 5.5610551834106445, ""vy"": 0.019249174743890762, ""r"": 2.5906050205230713}]",False,0,False,0,
214,10.700000000000001,-21.852807998657227,27.452016830444336,0.10971438890842729,4.38882410935915,-0.02731390856206417,0.24447035789489746,0.0,PlanStatus.OK,64.53809500089847,60.55879592895508,17,0.1,51,-21.852807998657227,27.452016830444336,0.10971438890842729,5.0,-13.931751478797294,28.18743300470848,0.08087829546329317,5.0,50.126416961434295,1,"[{""id"": 386, ""x"": -74.56724548339844, ""y"": 27.97402000427246, ""vx"": 5.522563934326172, ""vy"": 0.01846155896782875, ""r"": 2.5906050205230713}]",False,0,False,0,
215,10.75,-21.635393142700195,27.481346130371094,0.11382223998846885,4.387544872313561,-0.13938243687152863,0.244982048869133,0.0,PlanStatus.OK,65.79615300142905,60.18638610839844,17,0.1,51,-21.635393142700195,27.481346130371094,0.11382223998846885,5.0,-13.713146839037668,28.10965740586229,-0.10141329166962021,5.0,50.068564481493574,1,"[{""id"": 386, ""x"": -74.29225158691406, ""y"": 27.974693298339844, ""vx"": 5.484545707702637, ""vy"": 0.020327357575297356, ""r"": 2.5906050205230713}]",False,0,False,0,
216,10.8,-21.417415618896484,27.501699447631836,0.10958713974259193,4.37225122659639,-0.139710932970047,0.25109949707984924,0.0,PlanStatus.OK,64.9195219957619,60.53781509399414,17,0.1,51,-21.417415618896484,27.501699447631836,0.10958713974259193,5.0,-13.492579408843307,28.096453681441076,-0.10564839191549713,5.0,50.01327410419232,1,"[{""id"": 386, ""x"": -74.01915740966797, ""y"": 27.975893020629883, ""vx"": 5.446969509124756, ""vy"": 0.016265280544757843, ""r"": 2.5906050205230713}]",False,0,False,0,
217,10.850000000000001,-21.199378967285156,27.513595581054688,0.09993157457202224,4.3722313853177415,-0.13971135020256042,0.25110745429992676,0.0,PlanStatus.OK,69.4126939997659,62.54267692565918,17,0.1,51,-21.199378967285156,27.513595581054688,0.09993157457202224,5.0,-13.271507155507823,28.171487575390472,0.07109548112688813,5.0,49.95997955398075,1,"[{""id"": 386, ""x"": -73.7479248046875, ""y"": 27.97648811340332, ""vx"": 5.409719944000244, ""vy"": 0.018434744328260422, ""r"": 2.5906050205230713}]",False,0,False,0,
218,10.9,-20.980981826782227,27.521276473999023,0.08907778664799865,4.377628191849007,0.031717218458652496,0.24894872307777405,0.0,PlanStatus.OK,67.65784500021255,60.92333793640137,17,0.1,51,-20.980981826782227,27.521276473999023,0.08907778664799865,5.0,-13.060196492550137,28.22871462968803,0.08907778664799865,5.0,49.90894281958638,1,"[{""id"": 386, ""x"": -73.47854614257812, ""y"": 27.977636337280273, ""vx"": 5.372768878936768, ""vy"": 0.015400653705000877, ""r"": 2.5906050205230713}]",False,0,False,0,
219,10.950000000000001,-20.762407302856445,27.53276252746582,0.08385039257995822,4.377441847293247,0.14406150579452515,0.24902325868606567,0.0,PlanStatus.OK,67.60051799938083,63.02833557128906,17,0.1,51,-20.762407302856445,27.53276252746582,0.08385039257995822,5.0,-12.838032147500213,28.198786139872976,0.08385039257995819,5.0,49.859900781664244,1,"[{""id"": 386, ""x"": -73.21102142333984, ""y"": 27.97822380065918, ""vx"": 5.3360185623168945, ""vy"": 0.01898985542356968, ""r"": 2.5906050205230713}]",False,0,False,0,
220,11.0,-20.545143127441406,27.55506706237793,0.08802044511620995,4.362612708552155,0.14403797686100006,0.25495490431785583,0.0,PlanStatus.OK,64.44848400133196,60.62436103820801,17,0.1,51,-20.545143127441406,27.55506706237793,0.08802044511620995,5.0,-12.629761503274679,28.114562536305733,-0.09837899309674492,5.0,49.81128992850172,1,"[{""id"": 386, ""x"": -72.94532012939453, ""y"": 27.97938346862793, ""vx"": 5.2994384765625, ""vy"": 0.015986813232302666, ""r"": 2.5906050205230713}]",False,0,False,0,
221,11.05,-20.329490661621094,27.58629608154297,0.09795937062676406,4.363617464881274,3.9238788576061254e-15,0.25455302000045776,0.0,PlanStatus.OK,68.04291400476359,60.75739860534668,17,0.1,51,-20.329490661621094,27.58629608154297,0.09795937062676406,5.0,-12.361755410016672,28.229148405462414,-0.08844006758619084,5.0,49.76283410167522,1,"[{""id"": 386, ""x"": -72.68144989013672, ""y"": 27.979936599731445, ""vx"": 5.262974262237549, ""vy"": 0.017558416351675987, ""r"": 2.5906050205230713}]",False,0,False,0,
222,11.100000000000001,-20.113136291503906,27.61589813232422,0.10376025979079626,4.3718157221093294,1.116497209423706e-15,0.2512737214565277,0.0,PlanStatus.OK,67.78101900272304,63.97867202758789,17,0.1,51,-20.113136291503906,27.61589813232422,0.10376025979079626,5.0,-12.149264192090063,28.304959330046415,-0.08263917842215865,5.0,49.71729481390813,1,"[{""id"": 386, ""x"": -72.41976165771484, ""y"": 27.98103904724121, ""vx"": 5.207344055175781, ""vy"": 0.014695216901600361, ""r"": 2.5906050205230713}]",False,0,False,0,
223,11.15,-19.895652770996094,27.640586853027344,0.10477340117086806,4.38169494646462,2.553098334010179e-15,0.24732202291488647,0.0,PlanStatus.OK,68.9222140063066,63.95149230957031,17,0.1,51,-19.895652770996094,27.640586853027344,0.10477340117086806,5.0,-11.924366191527982,28.10513245314376,0.10477340117086806,5.0,49.67754342879156,1,"[{""id"": 386, ""x"": -72.16268920898438, ""y"": 27.98153305053711, ""vx"": 5.089388847351074, ""vy"": 0.015769928693771362, ""r"": 2.5906050205230713}]",False,0,False,0,
224,11.200000000000001,-19.677536010742188,27.664072036743164,0.10488829992714817,4.391100756603759,-1.7597779694027605e-15,0.24355970323085785,0.0,PlanStatus.OK,68.24977100040996,64.13817405700684,17,0.1,51,-19.677536010742188,27.664072036743164,0.10488829992714817,5.0,-11.706302859603014,28.129533524705124,0.10488829992714817,5.0,49.65752360042756,1,"[{""id"": 386, ""x"": -71.92469787597656, ""y"": 27.981910705566406, ""vx"": 4.379214286804199, ""vy"": 0.0160865169018507, ""r"": 2.5906050205230713}]",False,0,False,0,
225,11.25,-19.458953857421875,27.687231063842773,0.10494865381535208,4.399124314902023,-1.8177545159061203e-15,0.24035027623176575,0.0,PlanStatus.OK,65.83854899508879,61.92898750305176,17,0.1,51,-19.458953857421875,27.687231063842773,0.10494865381535208,5.0,-11.48774881321126,28.153173645871142,0.10494865381535208,5.0,49.69510573118459,1,"[{""id"": 386, ""x"": -71.74383544921875, ""y"": 27.981689453125, ""vx"": 3.1094772815704346, ""vy"": 0.012466848827898502, ""r"": 2.5906050205230713}]",False,0,False,0,
226,11.3,-19.240009307861328,27.710350036621094,0.10491580538778164,4.405771764709498,3.711728444537972e-15,0.23769129812717438,0.0,PlanStatus.OK,68.42170299933059,62.424659729003906,17,0.1,51,-19.240009307861328,27.710350036621094,0.10491580538778164,5.0,-11.268788962470111,28.17603077684656,0.10491580538778164,5.0,49.796737566909925,1,"[{""id"": 386, ""x"": -71.62665557861328, ""y"": 27.980453491210938, ""vx"": 1.8000537157058716, ""vy"": -0.005049047991633415, ""r"": 2.5906050205230713}]",False,0,False,0,
227,11.350000000000001,-19.020769119262695,27.73344612121582,0.10495259030033836,4.411065867313443,1.773437646226657e-15,0.2355736494064331,0.0,PlanStatus.OK,68.0810490011936,61.46597862243652,17,0.1,51,-19.020769119262695,27.73344612121582,0.10495259030033836,5.0,-11.049565909289836,28.199420081769542,0.10495259030033836,5.0,49.96734088501315,1,"[{""id"": 386, ""x"": -71.57814025878906, ""y"": 27.979244232177734, ""vx"": 0.4381667673587799, ""vy"": -0.011602829210460186, ""r"": 2.5906050205230713}]",False,0,False,0,
228,11.4,-18.80130386352539,27.756576538085938,0.10491671252702794,4.415144563073058,2.980353187550036e-15,0.2339421808719635,0.0,PlanStatus.OK,67.98573600099189,62.697410583496094,21,0.1,51,-18.80130386352539,27.756576538085938,0.10491671252702794,5.0,-8.836719702465206,28.059479331165832,0.10491671252702794,5.0,50.18507522779319,1,"[{""id"": 386, ""x"": -71.5765151977539, ""y"": 27.979049682617188, ""vx"": -0.0001339817827101797, ""vy"": -0.00031963022775016725, ""r"": 2.5906050205230713}]",False,0,False,0,
229,11.450000000000001,-18.5816650390625,27.77969741821289,0.10495254036606792,4.418182448411026,-2.374895307402083e-15,0.2327270209789276,0.0,PlanStatus.OK,64.6368289962993,60.58239936828613,17,0.1,51,-18.5816650390625,27.77969741821289,0.10495254036606792,5.0,-10.610461805821584,28.245670980730413,0.10495254036606792,5.0,50.40441409924357,1,"[{""id"": 386, ""x"": -71.57630920410156, ""y"": 27.979049682617188, ""vx"": -0.0004998486838303506, ""vy"": -4.4766235077986494e-05, ""r"": 2.5906050205230713}]",False,0,False,0,
230,11.5,-18.361906051635742,27.802852630615234,0.10491682071794722,4.420364518776801,2.4544115841167646e-15,0.23185418546199799,0.0,PlanStatus.OK,68.25207499787211,60.09507179260254,21,0.1,51,-18.361906051635742,27.802852630615234,0.10491682071794722,5.0,-8.397321923346954,28.105756501772657,0.10491682071794722,5.0,50.62379228749944,1,"[{""id"": 386, ""x"": -71.57601165771484, ""y"": 27.979049682617188, ""vx"": -0.0005489729810506105, ""vy"": 2.471644438628573e-05, ""r"": 2.5906050205230713}]",False,0,False,0,
231,11.55,-18.14205551147461,27.825998306274414,0.10495245714228385,4.421871090412768,-0.17142857611179352,0.2312515676021576,0.0,PlanStatus.OK,65.65465899620904,60.894012451171875,17,0.1,51,-18.14205551147461,27.825998306274414,0.10495245714228385,5.0,-10.170852239453627,28.291971205398227,0.10495245714228385,5.0,50.84329566142977,1,"[{""id"": 386, ""x"": -71.57573699951172, ""y"": 27.979049682617188, ""vx"": -0.0004861454071942717, ""vy"": 3.46017477568239e-05, ""r"": 2.5906050205230713}]",False,0,False,0,
232,11.600000000000001,-17.922210693359375,27.843711853027344,0.10028139742596097,4.402243283578232,-0.2455427646636963,0.23910269141197205,0.0,PlanStatus.OK,65.82393000280717,61.869144439697266,17,0.1,51,-17.922210693359375,27.843711853027344,0.10028139742596097,5.0,-9.948917802897848,28.27244583758128,0.10028139742596097,5.0,51.0628630950636,1,"[{""id"": 386, ""x"": -71.57550811767578, ""y"": 27.979049682617188, ""vx"": -0.0003940942115150392, ""vy"": 2.9971262847539037e-05, ""r"": 2.5906050205230713}]",False,0,False,0,
233,11.65,-17.703643798828125,27.849056243896484,0.08683080273489314,4.3687029307203,-0.07411419600248337,0.25251883268356323,0.0,PlanStatus.OK,69.5756149943918,62.464237213134766,17,0.1,51,-17.703643798828125,27.849056243896484,0.08683080273489314,5.0,-9.725305602404196,28.17050914881232,0.08683080273489314,5.0,51.28125591912163,1,"[{""id"": 386, ""x"": -71.57534790039062, ""y"": 27.979049682617188, ""vx"": -0.00030535002588294446, ""vy"": 2.3367452740785666e-05, ""r"": 2.5906050205230713}]",False,0,False,0,
234,11.700000000000001,-17.485239028930664,27.85141944885254,0.07452299543471354,4.379971244112292,3.0302419458356567e-15,0.2480114996433258,0.0,PlanStatus.OK,67.7124139983789,62.58082389831543,17,0.1,51,-17.485239028930664,27.85141944885254,0.07452299543471354,5.0,-9.503548832148997,28.074654636928422,0.07452299543471354,5.0,51.49951709922918,1,"[{""id"": 386, ""x"": -71.57521057128906, ""y"": 27.979049682617188, ""vx"": -0.00023060252715367824, ""vy"": 1.748081012920011e-05, ""r"": 2.5906050205230713}]",False,0,False,0,
235,11.75,-17.266523361206055,27.86141586303711,0.07074058263987965,4.381267816782949,4.356823019694453e-16,0.24749287962913513,0.0,PlanStatus.OK,68.92520599649288,61.87772750854492,17,0.1,51,-17.266523361206055,27.86141586303711,0.07074058263987965,5.0,-9.284045894348287,28.054459479103077,0.07074058263987965,5.0,51.71810277273587,1,"[{""id"": 386, ""x"": -71.57510375976562, ""y"": 27.979047775268555, ""vx"": -0.00017147287144325674, ""vy"": 1.344380416412605e-05, ""r"": 2.5906050205230713}]",False,0,False,0,
236,11.8,-17.047645568847656,27.875362396240234,0.07013253302874412,4.390397457704545,-2.073572018504075e-15,0.2438410222530365,0.0,PlanStatus.OK,66.5962839993881,62.56365776062012,21,0.1,51,-17.047645568847656,27.875362396240234,0.07013253302874412,5.0,-7.069968754049627,28.203702344955754,0.07013253302874412,5.0,51.93687545672001,1,"[{""id"": 386, ""x"": -71.57502746582031, ""y"": 27.979047775268555, ""vx"": -0.0001263868616661057, ""vy"": 9.759139175002929e-06, ""r"": 2.5906050205230713}]",False,0,False,0,
237,11.850000000000001,-16.828458786010742,27.890338897705078,0.07006492202656973,4.395853213715041,-1.6975995042063088e-15,0.24165871739387512,0.0,PlanStatus.OK,69.26620400190586,62.32738494873047,21,0.1,51,-16.828458786010742,27.890338897705078,0.07006492202656973,5.0,-6.850759794624964,28.218004244941824,0.07006492202656973,5.0,52.15597449410088,1,"[{""id"": 386, ""x"": -71.57496643066406, ""y"": 27.979047775268555, ""vx"": -9.258447971660644e-05, ""vy"": 7.728585842414759e-06, ""r"": 2.5906050205230713}]",False,0,False,0,
238,11.9,-16.60892677307129,27.90563201904297,0.07003521945803695,4.404577594893706,3.803344375145944e-15,0.23816895484924316,0.0,PlanStatus.OK,63.592332997359335,58.40873718261719,21,0.1,51,-16.60892677307129,27.90563201904297,0.07003521945803695,5.0,-6.631218053584444,28.233001002847093,0.07003521945803695,5.0,52.3754455192306,1,"[{""id"": 386, ""x"": -71.5749282836914, ""y"": 27.979047775268555, ""vx"": -6.758067320333794e-05, ""vy"": 5.8308482948632445e-06, ""r"": 2.5906050205230713}]",False,0,False,0,
239,11.950000000000001,-16.38913345336914,27.92101287841797,0.0700534787562608,4.407936600920572,2.308819325977959e-15,0.2368253618478775,0.0,PlanStatus.OK,65.29789500200422,60.53590774536133,21,0.1,51,-16.38913345336914,27.92101287841797,0.0700534787562608,5.0,-6.4114307130735,28.248564048126624,0.0700534787562608,5.0,52.59518980777488,1,"[{""id"": 386, ""x"": -71.57489776611328, ""y"": 27.979047775268555, ""vx"": -4.92069375468418e-05, ""vy"": 4.4137950681033544e-06, ""r"": 2.5906050205230713}]",False,0,False,0,
240,12.0,-16.169084548950195,27.93644905090332,0.07002983487920794,4.413735900218098,2.6387018130003036e-15,0.23450563848018646,0.0,PlanStatus.OK,64.83079600002384,60.851097106933594,21,0.1,51,-16.169084548950195,27.93644905090332,0.07002983487920794,5.0,-6.191374066863903,28.26376430894357,0.07002983487920794,5.0,52.815216943246426,1,"[{""id"": 386, ""x"": -71.57489013671875, ""y"": 27.979047775268555, ""vx"": -2.3842594600864686e-05, ""vy"": 2.777090685412986e-06, ""r"": 2.5906050205230713}]",False,0,False,0,
241,12.05,-15.948869705200195,27.951887130737305,0.07006096889682664,4.416245544847313,-1.5301405611385416e-15,0.23350177705287933,0.0,PlanStatus.OK,72.22838700545253,64.49246406555176,21,0.1,51,-15.948869705200195,27.951887130737305,0.07006096889682664,5.0,-5.971169418588751,28.27951303483284,0.07006096889682664,5.0,53.035406783102935,1,"[{""id"": 386, ""x"": -71.57487487792969, ""y"": 27.979047775268555, ""vx"": -2.6711997634265572e-05, ""vy"": 2.87083389594045e-06, ""r"": 2.5906050205230713}]",False,0,False,0,
242,12.100000000000001,-15.728532791137695,27.967355728149414,0.07002554053195019,4.418432471277435,-3.079171227550275e-15,0.2326270043849945,0.0,PlanStatus.OK,65.40220500028227,61.46836280822754,17,0.1,51,-15.728532791137695,27.967355728149414,0.07002554053195019,5.0,-7.745919330638806,28.154691487837205,0.07002554053195019,5.0,53.25572303140963,1,"[{""id"": 386, ""x"": -71.57485961914062, ""y"": 27.979047775268555, ""vx"": -2.344679342058953e-05, ""vy"": -4.2148503354155764e-08, ""r"": 2.5906050205230713}]",False,0,False,0,
243,12.15,-15.508101463317871,27.98281478881836,0.07006127682482768,4.420064553828254,-3.3096152229385167e-15,0.23197418451309204,0.0,PlanStatus.OK,65.59276099869749,61.2790584564209,17,0.1,51,-15.508101463317871,27.98281478881836,0.07006127682482768,5.0,-7.525494702601791,28.170435817399028,0.07006127682482768,5.0,53.47614563245423,1,"[{""id"": 386, ""x"": -71.5748519897461, ""y"": 27.979047775268555, ""vx"": -1.8758737496682443e-05, ""vy"": -6.5688915640294e-08, ""r"": 2.5906050205230713}]",False,0,False,0,
244,12.200000000000001,-15.287603378295898,27.99829864501953,0.07002556549908541,4.421270489333811,-0.17142857611179352,0.2314918041229248,0.0,PlanStatus.OK,66.83642900316045,61.70058250427246,17,0.1,51,-15.287603378295898,27.99829864501953,0.07002556549908541,5.0,-7.304989922474247,28.185634604010307,0.07002556549908541,5.0,53.69663925353953,1,"[{""id"": 386, ""x"": -71.57484436035156, ""y"": 27.979047775268555, ""vx"": -1.4379035746969748e-05, ""vy"": -1.8235095211593944e-08, ""r"": 2.5906050205230713}]",False,0,False,0,
245,12.25,-15.06712818145752,28.00984764099121,0.0666938469456662,4.410119057888199,-3.3029134982598407e-15,0.23595237731933594,0.0,PlanStatus.OK,66.63210400438402,60.10866165161133,17,0.1,51,-15.06712818145752,28.00984764099121,0.0666938469456662,5.0,-7.093057039474997,28.03118230433427,-0.1197055912672887,5.0,53.91711192280166,1,"[{""id"": 386, ""x"": -71.57483673095703, ""y"": 27.979047775268555, ""vx"": -1.0791456588776782e-05, ""vy"": -6.836041421820482e-08, ""r"": 2.5906050205230713}]",False,0,False,0,
246,12.3,-14.846878051757812,28.01970100402832,0.06308486003325611,4.410154620839132,-9.171022655082546e-16,0.2359381467103958,0.0,PlanStatus.OK,67.46750199818052,60.15205383300781,17,0.1,51,-14.846878051757812,28.01970100402832,0.06308486003325611,5.0,-6.863156636674321,28.15162792672827,0.06308486003325611,5.0,54.137360596040736,1,"[{""id"": 386, ""x"": -71.5748291015625, ""y"": 27.979047775268555, ""vx"": -7.927442311483901e-06, ""vy"": -8.071266677234235e-08, ""r"": 2.5906050205230713}]",False,0,False,0,
247,12.350000000000001,-14.626676559448242,28.0324649810791,0.06253091836533044,4.412252910141212,-1.994679793313283e-15,0.23509883880615234,0.0,PlanStatus.OK,67.34041699382942,60.776472091674805,17,0.1,51,-14.626676559448242,28.0324649810791,0.06253091836533044,5.0,-6.64288328945679,28.159969367807324,0.06253091836533044,5.0,54.357572574179564,1,"[{""id"": 386, ""x"": -71.5748291015625, ""y"": 27.979047775268555, ""vx"": -5.838834567839513e-06, ""vy"": -6.362437687812417e-08, ""r"": 2.5906050205230713}]",False,0,False,0,
248,12.4,-14.40641975402832,28.045969009399414,0.06240347362360253,4.414207617791955,-0.17142857611179352,0.23431695997714996,0.0,PlanStatus.OK,67.5565249985084,61.57255172729492,17,0.1,51,-14.40641975402832,28.045969009399414,0.06240347362360253,5.0,-6.422610299110307,28.17245590262362,0.06240347362360253,5.0,54.57783586654477,1,"[{""id"": 386, ""x"": -71.57482147216797, ""y"": 27.979047775268555, ""vx"": -1.9927540506614605e-06, ""vy"": 1.539224747659773e-08, ""r"": 2.5906050205230713}]",False,0,False,0,
249,12.450000000000001,-14.186176300048828,28.055727005004883,0.05905752796429741,4.404280273451414,-0.24550780653953552,0.23828789591789246,0.0,PlanStatus.OK,64.33621600444894,60.59527397155762,17,0.1,51,-14.186176300048828,28.055727005004883,0.05905752796429741,5.0,-6.217799392399766,28.2943048682685,0.24545696617725232,5.0,54.798091378643086,1,"[{""id"": 386, ""x"": -71.57482147216797, ""y"": 27.979047775268555, ""vx"": -2.781915782179567e-06, ""vy"": -2.368617835202258e-08, ""r"": 2.5906050205230713}]",False,0,False,0,
250,12.5,-13.967182159423828,28.05464744567871,0.04758676051710812,4.371279366030135,-0.074079230427742,0.25148826837539673,0.0,PlanStatus.OK,69.92016200092621,61.66887283325195,17,0.1,51,-13.967182159423828,28.05464744567871,0.04758676051710812,5.0,-5.9771849788382525,28.295498445807837,-0.1388126776958468,5.0,55.0170838976881,1,"[{""id"": 386, ""x"": -71.57482147216797, ""y"": 27.979047775268555, ""vx"": -2.662532097019721e-06, ""vy"": 1.2800546400626445e-08, ""r"": 2.5906050205230713}]",False,0,False,0,
251,12.55,-13.748679161071777,28.049381256103516,0.0358918090015938,4.381882383568899,1.1144088496922505e-15,0.24724704027175903,0.0,PlanStatus.OK,70.99050100077875,63.66753578186035,21,0.1,51,-13.748679161071777,28.049381256103516,0.0358918090015938,5.0,-3.75769978487549,28.268543492791032,-0.1505076292113611,5.0,55.23558006358632,1,"[{""id"": 386, ""x"": -71.57482147216797, ""y"": 27.979047775268555, ""vx"": -2.140493506885832e-06, ""vy"": 8.744403423577296e-09, ""r"": 2.5906050205230713}]",False,0,False,0,
252,12.600000000000001,-13.529610633850098,28.051212310791016,0.03219985837944394,4.384587271607313,-3.827590269744625e-15,0.24616509675979614,0.0,PlanStatus.OK,67.94720600009896,62.55698204040527,21,0.1,51,-13.529610633850098,28.051212310791016,0.03219985837944394,5.0,-3.537890214277708,28.233486935107237,-0.15419957983351096,5.0,55.45465067694941,1,"[{""id"": 386, ""x"": -71.57482147216797, ""y"": 27.979047775268555, ""vx"": -1.7180293525598245e-06, ""vy"": 1.6564507987482102e-08, ""r"": 2.5906050205230713}]",False,0,False,0,
253,12.65,-13.31025505065918,28.05678939819336,0.03164813046417438,4.390862806664924,-2.4678436208360865e-15,0.24365487694740295,0.0,PlanStatus.OK,67.4995189983747,62.59584426879883,21,0.1,51,-13.31025505065918,28.05678939819336,0.03164813046417438,5.0,-3.3184355858516765,28.233551283969668,-0.15475130774878051,5.0,55.67401326576063,1,"[{""id"": 386, ""x"": -71.57482147216797, ""y"": 27.979047775268555, ""vx"": -1.2356496199572575e-06, ""vy"": 2.2602193450182995e-09, ""r"": 2.5906050205230713}]",False,0,False,0,
254,12.700000000000001,-13.090546607971191,28.0633544921875,0.03154190362619385,4.3990290272033175,-5.907806520566081e-16,0.2403883934020996,0.0,PlanStatus.OK,70.927747998212,63.09914588928223,21,0.1,51,-13.090546607971191,28.0633544921875,0.03154190362619385,5.0,-3.0987084226820736,28.23905497758107,-0.15485753458676105,5.0,55.89373060888659,1,"[{""id"": 386, ""x"": -71.57482147216797, ""y"": 27.979047775268555, ""vx"": -9.805852414501715e-07, ""vy"": -3.831397421549809e-08, ""r"": 2.5906050205230713}]",False,0,False,0,
255,12.75,-12.870537757873535,28.070173263549805,0.03156338784605022,4.404415730578062,1.5486230318058672e-15,0.23823370039463043,0.0,PlanStatus.OK,70.33290000254055,62.99233436584473,21,0.1,51,-12.870537757873535,28.070173263549805,0.03156338784605022,5.0,-2.878703349678244,28.246088415751135,-0.15483605036690468,5.0,56.113749419867375,1,"[{""id"": 386, ""x"": -71.57482147216797, ""y"": 27.979047775268555, ""vx"": -6.552663194270281e-07, ""vy"": -1.6891167575749932e-08, ""r"": 2.5906050205230713}]",False,0,False,0,
256,12.8,-12.650278091430664,28.077104568481445,0.03152542115575978,4.409167035835814,-3.4876410079023997e-15,0.2363331913948059,0.0,PlanStatus.OK,68.69626299885567,62.55316734313965,17,0.1,51,-12.650278091430664,28.077104568481445,0.03152542115575978,5.0,-4.65425317091038,28.329266164325418,0.03152542115575978,5.0,56.33401994869576,1,"[{""id"": 386, ""x"": -71.57482147216797, ""y"": 27.979047775268555, ""vx"": 0.0, ""vy"": 0.0, ""r"": 2.5906050205230713}]",False,0,False,0,
257,12.850000000000001,-12.429805755615234,28.084041595458984,0.031561267720151165,4.4130628478868426,-3.0872618745042112e-15,0.2347748577594757,0.0,PlanStatus.OK,67.52019800478593,63.69924545288086,17,0.1,51,-12.429805755615234,28.084041595458984,0.031561267720151165,5.0,-4.433789879359182,28.33648982116307,0.031561267720151165,5.0,56.554503888105614,1,"[{""id"": 386, ""x"": -71.57482147216797, ""y"": 27.979047775268555, ""vx"": -2.976275936816819e-07, ""vy"": 3.5200041992311526e-08, ""r"": 2.5906050205230713}]",False,0,False,0,
258,12.9,-12.209165573120117,28.091012954711914,0.03152525678878625,4.416158519472124,-2.2902142472915185e-15,0.23353658616542816,0.0,PlanStatus.OK,65.98392299929401,61.74826622009277,17,0.1,51,-12.209165573120117,28.091012954711914,0.03152525678878625,5.0,-4.213140611152909,28.343173236273458,0.03152525678878625,5.0,56.775156463059055,1,"[{""id"": 386, ""x"": -71.57482147216797, ""y"": 27.979047775268555, ""vx"": -2.5409514137209044e-07, ""vy"": 7.442002214474996e-08, ""r"": 2.5906050205230713}]",False,0,False,0,
259,12.950000000000001,-11.988394737243652,28.097965240478516,0.031561072144258615,4.4185369154639815,3.255204791022216e-15,0.23258523643016815,0.0,PlanStatus.OK,67.59888600208797,63.48991394042969,17,0.1,51,-11.988394737243652,28.097965240478516,0.031561072144258615,5.0,-3.992378811614969,28.350411902354608,0.031561072144258615,5.0,56.99594037690734,1,"[{""id"": 386, ""x"": -71.57482147216797, ""y"": 27.979047775268555, ""vx"": -3.0021993779882905e-07, ""vy"": 6.401860019877859e-08, ""r"": 2.5906050205230713}]",False,0,False,0,
260,13.0,-11.767521858215332,28.10495376586914,0.03152534209316492,4.420302989668454,2.9825463676087143e-15,0.23187880218029022,0.0,PlanStatus.OK,69.35002099635312,63.74049186706543,17,0.1,51,-11.767521858215332,28.10495376586914,0.03152534209316492,5.0,-3.7714969177585256,28.357114729526586,0.03152534209316492,5.0,57.21682712157419,1,"[{""id"": 386, ""x"": -71.57482147216797, ""y"": 27.979047775268555, ""vx"": -1.6686398396359436e-07, ""vy"": 3.9832439568954214e-08, ""r"": 2.5906050205230713}]",False,0,False,0,
261,13.05,-11.546578407287598,28.11191749572754,0.03156101596820437,4.421569511349124,-5.128982489576209e-16,0.2313721925020218,0.0,PlanStatus.OK,68.57370500074467,63.57979774475098,17,0.1,51,-11.546578407287598,28.11191749572754,0.03156101596820437,5.0,-3.553747566823697,28.224697395344844,-0.15483842224475053,5.0,,0,[],False,0,False,0,
262,13.100000000000001,-11.325581550598145,28.11890983581543,0.03152538370505695,4.422440379994589,-2.8355700576340953e-15,0.2310238480567932,0.0,PlanStatus.OK,65.39103599789087,60.22381782531738,17,0.1,51,-11.325581550598145,28.11890983581543,0.03152538370505695,5.0,-3.3327466966052617,28.23140493270941,-0.15487405450789796,5.0,,0,[],False,0,False,0,
263,13.15,-11.10455322265625,28.125877380371094,0.03156100140404216,4.423009787154549,7.993054994127175e-16,0.23079608380794525,0.0,PlanStatus.OK,69.10897899797419,62.75534629821777,17,0.1,51,-11.10455322265625,28.125877380371094,0.03156100140404216,5.0,-3.1117223805497995,28.238657163579504,-0.15483843680891274,5.0,,0,[],False,0,False,0,
264,13.200000000000001,-10.883501052856445,28.132869720458984,0.031525385785651554,4.423355248767205,-1.5784021691324867e-15,0.2306579053401947,0.0,PlanStatus.OK,68.28832400060492,60.3485107421875,17,0.1,51,-10.883501052856445,28.132869720458984,0.031525385785651554,5.0,-2.890666199097619,28.24536483398281,-0.15487405242730334,5.0,,0,[],False,0,False,0,
265,13.25,-10.662437438964844,28.13983917236328,0.03156100140404216,4.423542784095358,7.891738206932536e-16,0.23058289289474487,0.0,PlanStatus.OK,68.75190199934877,61.057090759277344,17,0.1,51,-10.662437438964844,28.13983917236328,0.03156100140404216,5.0,-2.6696065968583937,28.25261895557169,-0.15483843680891274,5.0,,0,[],False,0,False,0,
266,13.3,-10.44136905670166,28.146833419799805,0.03152540243040836,4.42362223905439,6.986850262402807e-16,0.2305511087179184,0.0,PlanStatus.OK,66.2109059994691,61.0508918762207,17,0.1,51,-10.44136905670166,28.146833419799805,0.03152540243040836,5.0,-2.4485342048152905,28.259328666362407,-0.15487403578254655,5.0,,0,[],False,0,False,0,
267,13.350000000000001,-10.220296859741211,28.153799057006836,0.03156101596820437,4.423631981125776,-5.02650209087028e-16,0.2305472046136856,0.0,PlanStatus.OK,64.15012100478634,60.111284255981445,17,0.1,51,-10.220296859741211,28.153799057006836,0.03156101596820437,5.0,-2.227466019277308,28.26657895662414,-0.15483842224475053,5.0,,0,[],False,0,False,0,
268,13.4,-9.999227523803711,28.16078758239746,0.031525398269219164,4.423598966004547,-1.7944721212849414e-15,0.23056040704250336,0.0,PlanStatus.OK,68.5998449989711,64.03255462646484,17,0.1,51,-9.999227523803711,28.16078758239746,0.031525398269219164,5.0,-2.006392671449227,28.273282795700382,-0.15487403994373575,5.0,,0,[],False,0,False,0,
269,13.450000000000001,-9.778158187866211,28.16775131225586,0.03156101804879897,4.423544390174535,-1.799516837760551e-15,0.23058223724365234,0.0,PlanStatus.OK,67.99537500046426,62.593936920166016,13,0.1,51,-9.778158187866211,28.16775131225586,0.03156101804879897,5.0,-3.7811462334025445,28.35708598425184,0.03156101804879897,5.0,,0,[],False,0,False,0,
270,13.5,-9.557093620300293,28.17473602294922,0.031525398269219164,4.42348043316585,-1.794511296558752e-15,0.23060782253742218,0.0,PlanStatus.OK,67.47526500112144,63.234806060791016,13,0.1,51,-9.557093620300293,28.17473602294922,0.031525398269219164,5.0,-3.5600749255817523,28.363857082581177,0.031525398269219164,5.0,,0,[],False,0,False,0,
271,13.55,-9.336031913757324,28.18169403076172,0.031561034693555784,4.423416845204746,3.3377297287655447e-15,0.23063325881958008,0.0,PlanStatus.OK,69.29992200457491,63.17305564880371,13,0.1,51,-9.336031913757324,28.18169403076172,0.031561034693555784,5.0,-3.3390199624450796,28.371028802576475,0.031561034693555784,5.0,,0,[],False,0,False,0,
272,13.600000000000001,-9.114974021911621,28.188676834106445,0.031525398269219164,4.423357704937473,-1.79455195414022e-15,0.2306569218635559,0.0,PlanStatus.OK,64.65962299989769,60.49942970275879,13,0.1,51,-9.114974021911621,28.188676834106445,0.031525398269219164,5.0,-3.117955327193081,28.377797893738403,0.031525398269219164,5.0,,0,[],False,0,False,0,
273,13.65,-8.893916130065918,28.195634841918945,0.031561049257717994,4.423306552296132,2.020774972594057e-15,0.23067738115787506,0.0,PlanStatus.OK,68.27598699601367,63.69137763977051,13,0.1,51,-8.893916130065918,28.195634841918945,0.031561049257717994,5.0,-2.8969041815111796,28.384969701075164,0.031561049257717994,5.0,,0,[],False,0,False,0,
274,13.700000000000001,-8.672863006591797,28.20261573791504,0.03152540243040836,4.423263648375954,6.987312424754652e-16,0.23069454729557037,0.0,PlanStatus.OK,69.58207599382149,63.13657760620117,13,0.1,51,-8.672863006591797,28.20261573791504,0.03152540243040836,5.0,-2.6758443126602245,28.391736822501713,0.03152540243040836,5.0,,0,[],False,0,False,0,
275,13.75,-8.451810836791992,28.20957374572754,0.0315610534189072,4.423230168477806,-5.63009935727047e-16,0.23070792853832245,0.0,PlanStatus.OK,71.19986199541017,63.36688995361328,13,0.1,51,-8.451810836791992,28.20957374572754,0.0315610534189072,5.0,-2.4547988890251133,28.398908629838473,0.0315610534189072,5.0,,0,[],False,0,False,0,
276,13.8,-8.23076057434082,28.216556549072266,0.03152540243040836,4.423203500438147,6.987389716511089e-16,0.23071859776973724,0.0,PlanStatus.OK,68.21266200131504,63.40932846069336,13,0.1,51,-8.23076057434082,28.216556549072266,0.03152540243040836,5.0,-2.233741880409248,28.40567763365894,0.03152540243040836,5.0,,0,[],False,0,False,0,
277,13.850000000000001,-8.009710311889648,28.223514556884766,0.0315610534189072,4.423183377092389,-5.630148061664937e-16,0.23072664439678192,0.0,PlanStatus.OK,70.10077399900183,63.59362602233887,13,0.1,51,-8.009710311889648,28.223514556884766,0.0315610534189072,5.0,-2.015883458238396,28.273183127802227,-0.1548383847940477,5.0,,0,[],False,0,False,0,
278,13.9,-7.788662433624268,28.230497360229492,0.03152540243040836,4.423169594165553,6.987433656345228e-16,0.23073215782642365,0.0,PlanStatus.OK,68.31964000593871,63.456058502197266,13,0.1,51,-7.788662433624268,28.230497360229492,0.03152540243040836,5.0,-1.794833813048422,28.279952245263203,-0.15487403578254655,5.0,,0,[],False,0,False,0,
279,13.950000000000001,-7.5676140785217285,28.237455368041992,0.0315610554995018,4.423159508559159,-0.17142857611179352,0.23073619604110718,0.0,PlanStatus.OK,69.8975569976028,62.635183334350586,17,0.1,51,-7.5676140785217285,28.237455368041992,0.0315610554995018,5.0,0.4043099723835934,28.25686839953075,0.2179604937124567,5.0,,0,[],False,0,False,0,
280,14.0,-7.3470306396484375,28.239004135131836,0.026890189278476865,4.402533143443432,-1.7156849546493886e-16,0.23898674547672272,0.0,PlanStatus.OK,66.9454279995989,63.06862831115723,13,0.1,51,-7.3470306396484375,28.239004135131836,0.026890189278476865,5.0,-1.34919975577789,28.400325827686302,0.026890189278476865,5.0,,0,[],False,0,False,0,
281,14.05,-7.126980304718018,28.237804412841797,0.021618488948394833,4.40225578614792,2.8663503879043694e-15,0.2390976846218109,0.0,PlanStatus.OK,67.68412599922158,63.24458122253418,13,0.1,51,-7.126980304718018,28.237804412841797,0.021618488948394833,5.0,-1.1283823273059825,28.36750524317148,0.021618488948394833,5.0,,0,[],False,0,False,0,
282,14.100000000000001,-6.906832695007324,28.240840911865234,0.020673530734012867,4.404560298399997,-1.886545661442668e-15,0.2381758838891983,0.0,PlanStatus.OK,71.96783300605603,64.22662734985352,13,0.1,51,-6.906832695007324,28.240840911865234,0.020673530734012867,5.0,-0.9081148339604113,28.364873260697095,0.020673530734012867,5.0,,0,[],False,0,False,0,
283,14.15,-6.68654727935791,28.244943618774414,0.020567426651113826,4.407663962543634,-2.1778608325523927e-15,0.23693440854549408,0.0,PlanStatus.OK,64.3285320038558,60.25195121765137,13,0.1,51,-6.68654727935791,28.244943618774414,0.020567426651113826,5.0,-0.6878162917394122,28.36833947845207,0.020567426651113826,5.0,,0,[],False,0,False,0,
284,14.200000000000001,-6.466115474700928,28.249357223510742,0.020508903686159336,4.410658376956867,2.877014532710301e-15,0.2357366532087326,0.0,PlanStatus.OK,70.04008600051748,63.07482719421387,13,0.1,51,-6.466115474700928,28.249357223510742,0.020508903686159336,5.0,-0.46737727586350153,28.3724020194539,0.020508903686159336,5.0,,0,[],False,0,False,0,
285,14.25,-6.245542526245117,28.253835678100586,0.020541629358648287,4.413424083066693,1.4956861195804336e-15,0.23463036119937897,0.0,PlanStatus.OK,68.51863500196487,63.42434883117676,13,0.1,51,-6.245542526245117,28.253835678100586,0.020541629358648287,5.0,-0.2468083573436166,28.37707678671947,0.020541629358648287,5.0,,0,[],False,0,False,0,
286,14.3,-6.024843215942383,28.25836944580078,0.02050502961901111,4.415822979429295,-1.6384854983339048e-15,0.23367080092430115,0.0,PlanStatus.OK,67.40762200206518,62.91627883911133,13,0.1,51,-6.024843215942383,28.25836944580078,0.02050502961901111,5.0,-0.026104540466167947,28.381391002228455,0.02050502961901111,5.0,,0,[],False,0,False,0,
287,14.350000000000001,-5.8040361404418945,28.26288604736328,0.020540872022213295,4.417818074199494,1.7863230290576446e-15,0.23287276923656464,0.0,PlanStatus.OK,67.84385799983284,62.78252601623535,13,0.1,51,-5.8040361404418945,28.26288604736328,0.020540872022213295,5.0,0.1946981217928705,28.38612261292218,0.020540872022213295,5.0,,0,[],False,0,False,0,
288,14.4,-5.583141803741455,28.267433166503906,0.020505033780200313,4.419415961306457,-0.17142857611179352,0.23223361372947693,0.0,PlanStatus.OK,66.98204900021665,61.20014190673828,17,0.1,51,-5.583141803741455,28.267433166503906,0.020505033780200313,5.0,2.3885096521275355,28.198709041656084,0.2069044719931552,5.0,,0,[],False,0,False,0,
289,14.450000000000001,-5.362698078155518,28.266530990600586,0.015888674976548736,4.400653896510381,1.7763568394002505e-15,0.23973843455314636,0.0,PlanStatus.OK,66.98252599744592,62.99781799316406,17,0.1,51,-5.362698078155518,28.266530990600586,0.015888674976548736,5.0,2.630918626451736,28.254035797425516,-0.17051076323640618,5.0,,0,[],False,0,False,0,
290,14.5,-5.142773151397705,28.262916564941406,0.01057261532926277,4.400372769440866,2.3322457162001714e-15,0.23985089361667633,0.0,PlanStatus.OK,66.92888899851823,60.805559158325195,17,0.1,51,-5.142773151397705,28.262916564941406,0.01057261532926277,5.0,2.8567797319876145,28.347495911838962,0.01057261532926277,5.0,,0,[],False,0,False,0,
291,14.55,-4.922659873962402,28.263507843017578,0.009687375381433928,4.403753395357807,-1.4062917446348725e-15,0.23849864304065704,0.0,PlanStatus.OK,69.25352400139673,62.30306625366211,17,0.1,51,-4.922659873962402,28.263507843017578,0.009687375381433928,5.0,3.076964748006107,28.341005633922634,0.009687375381433928,5.0,,0,[],False,0,False,0,
292,14.600000000000001,-4.70237398147583,28.265201568603516,0.009510523799998553,4.407193700391015,-3.516643627774624e-15,0.2371225208044052,0.0,PlanStatus.OK,65.94405999931041,62.17050552368164,17,0.1,51,-4.70237398147583,28.265201568603516,0.009510523799998553,5.0,3.2972642209994314,28.34128461203875,0.009510523799998553,5.0,,0,[],False,0,False,0,
293,14.65,-4.48192024230957,28.267162322998047,0.009524688488046412,4.410520353411807,-1.0933941740291081e-15,0.2357918620109558,0.0,PlanStatus.OK,68.71147800120525,61.74945831298828,17,0.1,51,-4.48192024230957,28.267162322998047,0.009524688488046412,5.0,3.517716881670596,28.34335867880526,0.009524688488046412,5.0,,0,[],False,0,False,0,
294,14.700000000000001,-4.261312484741211,28.269235610961914,0.009485012589290735,4.413470602534031,3.5163431428365853e-15,0.23461176455020905,0.0,PlanStatus.OK,69.23642600304447,62.20269203186035,17,0.1,51,-4.261312484741211,28.269235610961914,0.009485012589290735,5.0,3.738327656101433,28.34511457391659,0.009485012589290735,5.0,,0,[],False,0,False,0,
295,14.75,-4.0405707359313965,28.271310806274414,0.009520500251113341,4.4159796063870385,2.316716214145211e-15,0.2336081564426422,0.0,PlanStatus.OK,64.26876099430956,60.124874114990234,17,0.1,51,-4.0405707359313965,28.271310806274414,0.009520500251113341,5.0,3.9590667071070005,28.34747365770528,0.009520500251113341,5.0,,0,[],False,0,False,0,
296,14.8,-3.819718599319458,28.27341651916504,0.009484523649559354,4.418025847480794,-9.371547117433161e-16,0.23278966546058655,0.0,PlanStatus.OK,68.5590150023927,62.05344200134277,17,0.1,51,-3.819718599319458,28.27341651916504,0.009484523649559354,5.0,4.179921578622469,28.349291570777837,0.009484523649559354,5.0,,0,[],False,0,False,0,
297,14.850000000000001,-3.5987768173217773,28.275503158569336,0.009520322360274903,4.41963756838815,7.180620166394661e-16,0.23214496672153473,0.0,PlanStatus.OK,66.9209459956619,60.5320930480957,17,0.1,51,-3.5987768173217773,28.275503158569336,0.009520322360274903,5.0,4.400860639265168,28.351664586938,0.009520322360274903,5.0,,0,[],False,0,False,0,
298,14.9,-3.3777666091918945,28.277610778808594,0.00948459543007311,4.420866030070805,-2.1675278776288375e-15,0.2316535860300064,0.0,PlanStatus.OK,67.87063700176077,60.87994575500488,17,0.1,51,-3.3777666091918945,28.277610778808594,0.00948459543007311,5.0,4.621873563303664,28.353486404639682,0.00948459543007311,5.0,,0,[],False,0,False,0,
299,14.950000000000001,-3.156705141067505,28.27969741821289,0.009520292191653179,4.42177034662265,3.532330042683063e-15,0.23129186034202576,0.0,PlanStatus.OK,67.8250740020303,60.8518123626709,17,0.1,51,-3.156705141067505,28.27969741821289,0.009520292191653179,5.0,4.842932317817122,28.355858605243498,0.009520292191653179,5.0,,0,[],False,0,False,0,
300,15.0,-2.9356071949005127,28.28180694580078,0.009484643283748947,4.42241225043098,-4.4243167225140436e-16,0.23103509843349457,0.0,PlanStatus.OK,66.35829700098839,62.314748764038086,17,0.1,51,-2.9356071949005127,28.28180694580078,0.009484643283748947,5.0,5.064032973964108,28.357682954444044,0.009484643283748947,5.0,,0,[],False,0,False,0,
301,15.05,-2.7144830226898193,28.283891677856445,0.009520292191653179,4.422848799348209,3.5316276406115524e-15,0.23086048662662506,0.0,PlanStatus.OK,67.1455120027531,62.23917007446289,17,0.1,51,-2.7144830226898193,28.283891677856445,0.009520292191653179,5.0,5.285154436194807,28.360052864887052,0.009520292191653179,5.0,,0,[],False,0,False,0,
302,15.100000000000001,-2.493342161178589,28.28600311279297,0.009484674492667971,4.423129763782175,2.010786971838271e-15,0.23074808716773987,0.0,PlanStatus.OK,69.00974000018323,62.56461143493652,17,0.1,51,-2.493342161178589,28.28600311279297,0.009484674492667971,5.0,5.506298005318017,28.361879371096336,0.009484674492667971,5.0,,0,[],False,0,False,0,
303,15.15,-2.272190570831299,28.288089752197266,0.009520309876707293,4.423297403659288,-1.8435833033249825e-15,0.23068103194236755,0.0,PlanStatus.OK,66.24958400061587,60.300350189208984,17,0.1,51,-2.272190570831299,28.288089752197266,0.009520309876707293,5.0,5.727446886706412,28.364251080701933,0.009520309876707293,5.0,,0,[],False,0,False,0,
304,15.200000000000001,-2.0510330200195312,28.290199279785156,0.009484695298613987,4.423383836964851,1.0681805442881893e-15,0.23064646124839783,0.0,PlanStatus.OK,66.13128699973458,60.09221076965332,17,0.1,51,-2.0510330200195312,28.290199279785156,0.009484695298613987,5.0,5.948607144898398,28.366075704528612,0.009484695298613987,5.0,,0,[],False,0,False,0,
305,15.25,-1.8298728466033936,28.292287826538086,0.009520335884139813,4.42341654628142,-2.941877139437483e-15,0.23063337802886963,0.0,PlanStatus.OK,66.95227700402029,60.56928634643555,17,0.1,51,-1.8298728466033936,28.292287826538086,0.009520335884139813,5.0,6.169764608953555,28.368449363092793,0.009520335884139813,5.0,,0,[],False,0,False,0,
306,15.3,-1.6087124347686768,28.29439926147461,0.009484714023965403,4.423414301599433,-3.6443601025945745e-15,0.23063427209854126,0.0,PlanStatus.OK,70.14831699780189,64.56732749938965,17,0.1,51,-1.6087124347686768,28.29439926147461,0.009484714023965403,5.0,6.390927728728441,28.370275836014173,0.009484714023965403,5.0,,0,[],False,0,False,0,
307,15.350000000000001,-1.387552261352539,28.296485900878906,0.009520360851275033,4.423392185780975,2.1765716484066716e-15,0.2306431233882904,0.0,PlanStatus.OK,67.84961700032,63.68565559387207,17,0.1,51,-1.387552261352539,28.296485900878906,0.009520360851275033,5.0,6.61208519230287,28.372647637161606,0.009520360851275033,5.0,,0,[],False,0,False,0,
308,15.4,-1.1663939952850342,28.29859733581543,0.009484732749316816,4.423359910872031,-6.409111853091106e-16,0.23065604269504547,0.0,PlanStatus.OK,67.98185899970122,64.04972076416016,17,0.1,51,-1.1663939952850342,28.29859733581543,0.009484732749316816,5.0,6.833246166791265,28.374474060151044,0.009484732749316816,5.0,,0,[],False,0,False,0,
309,15.450000000000001,-0.9452368021011353,28.30068588256836,0.009520383737815651,4.423324450281532,-3.435808944277541e-15,0.23067021369934082,0.0,PlanStatus.OK,68.05452999833506,62.13855743408203,17,0.1,51,-0.9452368021011353,28.30068588256836,0.009520383737815651,5.0,7.054400649811196,28.376847801935128,0.009520383737815651,5.0,,0,[],False,0,False,0,
310,15.5,-0.7240818738937378,28.302797317504883,0.009484753555262833,4.423289793870979,-1.5960150546003374e-15,0.2306840866804123,0.0,PlanStatus.OK,65.75367500045104,60.23859977722168,17,0.1,51,-0.7240818738937378,28.302797317504883,0.009484753555262833,5.0,7.27555828660387,28.378674208280586,0.009484753555262833,5.0,,0,[],False,0,False,0,
311,15.55,-0.5029281973838806,28.30488395690918,0.00952040766465357,4.423258151459259,1.6965613329805507e-16,0.23069673776626587,0.0,PlanStatus.OK,67.50585300324019,62.61396408081055,17,0.1,51,-0.5029281973838806,28.30488395690918,0.00952040766465357,5.0,7.496709252706129,28.38104606768195,0.00952040766465357,5.0,,0,[],False,0,False,0,
312,15.600000000000001,-0.2817763686180115,28.306997299194336,0.009484769159722345,4.423231129262116,3.476083031578878e-15,0.2307075411081314,0.0,PlanStatus.OK,70.36034799966728,64.06307220458984,17,0.1,51,-0.2817763686180115,28.306997299194336,0.009484769159722345,5.0,7.717863790695577,28.382874314800063,0.009484769159722345,5.0,,0,[],False,0,False,0,
313,15.65,-0.060625284910202026,28.309083938598633,0.009520428470599586,4.423209028370779,-7.288996443809072e-16,0.23071639239788055,0.0,PlanStatus.OK,67.62647700088564,63.75455856323242,17,0.1,51,-0.060625284910202026,28.309083938598633,0.009520428470599586,5.0,7.939012163595181,28.385246215811435,0.009520428470599586,5.0,,0,[],False,0,False,0,
314,15.700000000000001,0.1605243980884552,28.311195373535156,0.009484791005965661,4.423192021990053,-3.327814361084986e-15,0.23072318732738495,0.0,PlanStatus.OK,68.92257599974982,63.5685920715332,17,0.1,51,0.1605243980884552,28.311195373535156,0.009484791005965661,5.0,8.153897178004469,28.24751059257182,-0.17691464720698924,5.0,,0,[],False,0,False,0,
315,15.75,0.38167381286621094,28.313283920288086,0.009520452397437505,4.42317945967818,2.866601956689704e-15,0.23072820901870728,0.0,PlanStatus.OK,66.74463200033642,63.0183219909668,17,0.1,51,0.38167381286621094,28.313283920288086,0.009520452397437505,5.0,8.375048858787405,28.249884194161037,-0.1768789858155174,5.0,,0,[],False,0,False,0,
316,15.8,0.6028222441673279,28.31539535522461,0.009484809731317077,4.423169131901335,-3.3680438732774736e-16,0.23073235154151917,0.0,PlanStatus.OK,69.92160600202624,63.117265701293945,17,0.1,51,0.6028222441673279,28.31539535522461,0.009484809731317077,5.0,8.59619502527586,28.251710723939972,-0.17691462848163783,5.0,,0,[],False,0,False,0,
317,15.850000000000001,0.8239707946777344,28.317481994628906,0.00952047320338352,4.423162292191548,1.957992043510621e-15,0.23073507845401764,0.0,PlanStatus.OK,69.97987200156786,63.730716705322266,17,0.1,51,0.8239707946777344,28.317481994628906,0.00952047320338352,5.0,8.81734584191802,28.254082434811593,-0.17687896500957137,5.0,,0,[],False,0,False,0,
318,15.9,1.0451183319091797,28.31959342956543,0.009484834698452297,4.423157209598918,-1.5030557297380197e-15,0.2307371199131012,0.0,PlanStatus.OK,67.49452099757036,63.61889839172363,17,0.1,51,1.0451183319091797,28.31959342956543,0.009484834698452297,5.0,9.038491114607735,28.255908997852416,-0.1769146035145026,5.0,,0,[],False,0,False,0,
319,15.950000000000001,1.2662665843963623,28.32168197631836,0.00952049608992414,4.4231541866442905,-3.6797237281424415e-15,0.2307383269071579,0.0,PlanStatus.OK,70.61043200519634,64.51535224914551,13,0.1,51,1.2662665843963623,28.32168197631836,0.00952049608992414,5.0,7.265994666912857,28.378804089925538,0.00952049608992414,5.0,,0,[],False,0,False,0,
320,16.0,1.4874142408370972,28.323793411254883,0.00948485342380371,4.4231519673888595,1.4766656771124831e-15,0.23073920607566833,0.0,PlanStatus.OK,67.13553799636429,63.17782402038574,13,0.1,51,1.4874142408370972,28.323793411254883,0.00948485342380371,5.0,7.487144355526987,28.380701678520936,0.00948485342380371,5.0,,0,[],False,0,False,0,
321,16.05,1.7085623741149902,28.32588005065918,0.009520514815275553,4.423151326953667,1.2818716044082803e-16,0.23073947429656982,0.0,PlanStatus.OK,68.0222800001502,63.289642333984375,13,0.1,51,1.7085623741149902,28.32588005065918,0.009520514815275553,5.0,7.708290455561855,28.383002276613354,0.009520514815275553,5.0,,0,[],False,0,False,0,
322,16.1,1.929709792137146,28.327993392944336,0.009484872149155126,4.423150058001882,-3.263746483020565e-15,0.23073998093605042,0.0,PlanStatus.OK,71.47917099791812,63.185930252075195,13,0.1,51,1.929709792137146,28.327993392944336,0.009484872149155126,5.0,7.929439905761411,28.38490177255747,0.009484872149155126,5.0,,0,[],False,0,False,0,
323,16.150000000000002,2.150857448577881,28.330080032348633,0.009520532500329667,4.423149894029503,2.4330432721981436e-15,0.2307400405406952,0.0,PlanStatus.OK,68.79905599635094,62.64972686767578,13,0.1,51,2.150857448577881,28.330080032348633,0.009520532500329667,5.0,8.150585529014535,28.38720236440831,0.009520532500329667,5.0,,0,[],False,0,False,0,
324,16.2,2.372004270553589,28.332191467285156,0.00948488983420924,4.423148626209508,-2.1703857667928735e-15,0.23074054718017578,0.0,PlanStatus.OK,68.1651549966773,63.57836723327637,17,0.1,51,2.372004270553589,28.332191467285156,0.00948488983420924,5.0,10.365377056763416,28.268507476292807,-0.17691454837874568,5.0,,0,[],False,0,False,0,
325,16.25,2.593151569366455,28.334280014038086,0.009520551225681082,4.423147986306725,-1.4904908429984494e-15,0.23074080049991608,0.0,PlanStatus.OK,67.37825000163866,62.983036041259766,17,0.1,51,2.593151569366455,28.334280014038086,0.009520551225681082,5.0,10.586526621553295,28.270881077882276,-0.17687888698727383,5.0,,0,[],False,0,False,0,
326,16.3,2.814298629760742,28.33639144897461,0.009484908559560653,4.423148147588124,7.980283854864948e-16,0.2307407408952713,0.0,PlanStatus.OK,69.8398289969191,63.629150390625,17,0.1,51,2.814298629760742,28.33639144897461,0.009484908559560653,5.0,10.807671417163071,28.272707607660955,-0.17691452965339424,5.0,,0,[],False,0,False,0,
327,16.35,3.0354456901550293,28.338478088378906,0.009520569951032497,4.423147984537389,2.3086270494989325e-15,0.23074080049991608,0.0,PlanStatus.OK,69.44317899615271,63.51733207702637,17,0.1,51,3.0354456901550293,28.338478088378906,0.009520569951032497,5.0,11.02882074352903,28.275079301901833,-0.17687886826192242,5.0,,0,[],False,0,False,0,
328,16.400000000000002,3.2565929889678955,28.34058952331543,0.009484927284912069,4.423147670347631,3.765186387905085e-15,0.23074093461036682,0.0,PlanStatus.OK,67.97532199561829,63.25125694274902,17,0.1,51,3.2565929889678955,28.34058952331543,0.009484927284912069,5.0,11.24996577756273,28.276905831680473,-0.17691451092804283,5.0,,0,[],False,0,False,0,
329,16.45,3.4777400493621826,28.34267807006836,0.00952058867638391,4.423147984714324,-1.6237050910416725e-15,0.23074080049991608,0.0,PlanStatus.OK,68.21150299947476,63.37237358093262,17,0.1,51,3.4777400493621826,28.34267807006836,0.00952058867638391,5.0,11.47111510392335,28.279279433270062,-0.176878849536571,5.0,,0,[],False,0,False,0,
330,16.5,3.698887348175049,28.344789505004883,0.009484946010263484,4.423147670843347,-9.915660965716827e-16,0.23074093461036682,0.0,PlanStatus.OK,68.74464300199179,63.52877616882324,17,0.1,51,3.698887348175049,28.344789505004883,0.009484946010263484,5.0,11.692260137962382,28.28110596304867,-0.17691449220269143,5.0,,0,[],False,0,False,0,
331,16.55,3.920034408569336,28.34687614440918,0.009520609482329927,4.423148462414751,-0.17142857611179352,0.23074062168598175,0.0,PlanStatus.OK,67.10051900154212,61.93852424621582,17,0.1,51,3.920034408569336,28.34687614440918,0.009520609482329927,5.0,11.890450069432276,28.190593924482975,0.19592004769528484,5.0,,0,[],False,0,False,0,
332,16.6,4.140867233276367,28.345083236694336,0.006129598143953627,4.410611507937117,-9.992007221626409e-16,0.23575539886951447,0.0,PlanStatus.OK,66.98353299725568,62.9878044128418,17,0.1,51,4.140867233276367,28.345083236694336,0.006129598143953627,5.0,12.140716945853285,28.394119714778412,0.006129598143953627,5.0,,0,[],False,0,False,0,
333,16.650000000000002,4.361349105834961,28.341569900512695,0.0025773594493028493,4.4109472584551614,2.3626410699959183e-15,0.23562109470367432,0.0,PlanStatus.OK,68.24959799996577,62.4692440032959,17,0.1,51,4.361349105834961,28.341569900512695,0.0025773594493028493,5.0,12.361322534722746,28.362188753279327,0.0025773594493028493,5.0,,0,[],False,0,False,0,
334,16.7,4.58192777633667,28.34101104736328,0.0019584162349447027,4.41225499072402,-3.2797609114378285e-15,0.2350980043411255,0.0,PlanStatus.OK,67.95196900202427,63.028573989868164,21,0.1,51,4.58192777633667,28.34101104736328,0.0019584162349447027,5.0,14.58190859937205,28.36059519719393,0.0019584162349447027,5.0,,0,[],False,0,False,0,
335,16.75,4.8025970458984375,28.341136932373047,0.0019025959623777215,4.414075183350403,2.2866895314397565e-15,0.2343699336051941,0.0,PlanStatus.OK,68.60562999645481,61.76495552062988,17,0.1,51,4.8025970458984375,28.341136932373047,0.0019025959623777215,5.0,12.802582566417215,28.356357690889183,0.0019025959623777215,5.0,,0,[],False,0,False,0,
336,16.8,5.023354530334473,28.34147834777832,0.0018521122849267445,4.415829790577197,1.5387524509923945e-15,0.23366808891296387,0.0,PlanStatus.OK,70.25180200434988,64.1474723815918,17,0.1,51,5.023354530334473,28.34147834777832,0.0018521122849267445,5.0,13.023340809058737,28.356295237586608,0.0018521122849267445,5.0,,0,[],False,0,False,0,
337,16.85,5.244195461273193,28.34185218811035,0.0018858345622298728,4.417452400480124,1.7424115705225608e-15,0.23301903903484344,0.0,PlanStatus.OK,67.76826300483663,62.703847885131836,21,0.1,51,5.244195461273193,28.34185218811035,0.0018858345622298728,5.0,15.244177679418485,28.360710522554754,0.0018858345622298728,5.0,,0,[],False,0,False,0,
338,16.900000000000002,5.465110778808594,28.342269897460938,0.0018495861830060472,4.418857625974082,3.771625955886586e-15,0.23245695233345032,0.0,PlanStatus.OK,67.19940799666801,63.306570053100586,21,0.1,51,5.465110778808594,28.342269897460938,0.0018495861830060472,5.0,15.465093673968235,28.360765748745337,0.0018495861830060472,5.0,,0,[],False,0,False,0,
339,16.95,5.686090469360352,28.342670440673828,0.0018853422415322633,4.420026912367608,-3.6183450208668755e-16,0.23198923468589783,0.0,PlanStatus.OK,67.72586500301259,63.257455825805664,21,0.1,51,5.686090469360352,28.342670440673828,0.0018853422415322633,5.0,15.686072696788777,28.361523851920026,0.0018853422415322633,5.0,,0,[],False,0,False,0,
340,17.0,5.907120227813721,28.343095779418945,0.0018495739595127626,4.420963946424239,-2.4192516699927122e-15,0.23161442577838898,0.0,PlanStatus.OK,60.140888002933934,56.22553825378418,21,0.1,51,5.907120227813721,28.343095779418945,0.0018495739595127626,5.0,15.90710312319943,28.361591508468678,0.0018495739595127626,5.0,,0,[],False,0,False,0,
341,17.05,6.128190994262695,28.343496322631836,0.0018852843749949057,4.421689651046107,2.3111336317480947e-15,0.23132413625717163,0.0,PlanStatus.OK,69.43367499479791,63.28582763671875,21,0.1,51,6.128190994262695,28.343496322631836,0.0018852843749949057,5.0,16.128173222782088,28.362349155213664,0.0018852843749949057,5.0,,0,[],False,0,False,0,
342,17.1,6.349291801452637,28.343923568725586,0.0018495968460533806,4.422233263596256,3.251728779564921e-15,0.231106698513031,0.0,PlanStatus.OK,69.23595999978716,62.47353553771973,21,0.1,51,6.349291801452637,28.343923568725586,0.0018495968460533806,5.0,16.34927469641504,28.36241952664028,0.0018495968460533806,5.0,,0,[],False,0,False,0,
343,17.150000000000002,6.570415496826172,28.344322204589844,0.001885259797971174,4.422626132257618,-1.120175238238921e-15,0.2309495508670807,0.0,PlanStatus.OK,67.84315799450269,62.7901554107666,21,0.1,51,6.570415496826172,28.344322204589844,0.001885259797971174,5.0,16.570397725808906,28.363174791401903,0.001885259797971174,5.0,,0,[],False,0,False,0,
344,17.2,6.7915544509887695,28.344749450683594,0.0018496054285061121,4.422898904678992,1.516323653823811e-15,0.23084044456481934,0.0,PlanStatus.OK,59.136168005352374,55.10306358337402,21,0.1,51,6.7915544509887695,28.344749450683594,0.0018496054285061121,5.0,16.791537345792435,28.363245494422685,0.0018496054285061121,5.0,,0,[],False,0,False,0,
345,17.25,7.012704849243164,28.34515380859375,0.0018852482246637025,4.423080062081705,-3.676003559438101e-15,0.23076798021793365,0.0,PlanStatus.OK,66.04449199949158,59.07559394836426,21,0.1,51,7.012704849243164,28.34515380859375,0.0018852482246637025,5.0,17.012687078444078,28.364006279672964,0.0018852482246637025,5.0,,0,[],False,0,False,0,
346,17.3,7.233861446380615,28.345577239990234,0.0018496049083574619,4.423191667495874,-7.182197765258922e-16,0.2307233363389969,0.0,PlanStatus.OK,68.47441399440868,63.147783279418945,21,0.1,51,7.233861446380615,28.345577239990234,0.0018496049083574619,5.0,17.233844341193905,28.36407327852787,0.0018496049083574619,5.0,,0,[],False,0,False,0,
347,17.35,7.45502233505249,28.34598159790039,0.001885243543325849,4.423254573113387,-2.852738409623315e-16,0.23069816827774048,0.0,PlanStatus.OK,67.2266440014937,63.218116760253906,21,0.1,51,7.45502233505249,28.34598159790039,0.001885243543325849,5.0,17.455004564341653,28.364834022166278,0.001885243543325849,5.0,,0,[],False,0,False,0,
348,17.400000000000002,7.676185607910156,28.34640884399414,0.001849601267316909,4.423283211583946,-9.18338192457417e-16,0.2306867092847824,0.0,PlanStatus.OK,67.88732299901312,64.0261173248291,21,0.1,51,7.676185607910156,28.34640884399414,0.001849601267316909,5.0,17.6761685027908,28.364904846121433,0.001849601267316909,5.0,,0,[],False,0,False,0,
349,17.45,7.897349834442139,28.346811294555664,0.0018852422429542228,4.423290805912111,1.943493592310706e-15,0.23068368434906006,0.0,PlanStatus.OK,55.513199004053604,50.89759826660156,21,0.1,51,7.897349834442139,28.346811294555664,0.0018852422429542228,5.0,17.89733206375581,28.365663705817838,0.0018852422429542228,5.0,,0,[],False,0,False,0,
350,17.5,8.118514060974121,28.347238540649414,0.0018495964559418928,4.423283683263639,1.574338740326271e-15,0.23068653047084808,0.0,PlanStatus.OK,67.5378579981043,63.53116035461426,21,0.1,51,8.118514060974121,28.347238540649414,0.0018495964559418928,5.0,18.11849695594374,28.365734494663016,0.0018495964559418928,5.0,,0,[],False,0,False,0,
351,17.55,8.339677810668945,28.347640991210938,0.0018852400323224586,4.423269821209766,3.264302718969115e-16,0.2306920737028122,0.0,PlanStatus.OK,64.28371300717117,60.07790565490723,21,0.1,51,8.339677810668945,28.347640991210938,0.0018852400323224586,5.0,18.339660040024327,28.366493380366848,0.0018852400323224586,5.0,,0,[],False,0,False,0,
352,17.6,8.560840606689453,28.348068237304688,0.0018495903441952503,4.42325173203932,-1.5177959029652574e-15,0.2306993007659912,0.0,PlanStatus.OK,71.82519300113199,63.83204460144043,21,0.1,51,8.560840606689453,28.348068237304688,0.0018495903441952503,5.0,18.560823501772123,28.366564130200956,0.0018495903441952503,5.0,,0,[],False,0,False,0,
353,17.650000000000002,8.782001495361328,28.34847068786621,0.0018852376916535317,4.423233102621113,-1.8382641481744623e-15,0.23070676624774933,0.0,PlanStatus.OK,58.10232500516577,51.72085762023926,21,0.1,51,8.782001495361328,28.34847068786621,0.0018852376916535317,5.0,18.781983724760835,28.367323053615493,0.0018852376916535317,5.0,,0,[],False,0,False,0,
354,17.7,9.003162384033203,28.34889793395996,0.0018495854027830716,4.423215967423849,4.166033083490158e-16,0.2307136058807373,0.0,PlanStatus.OK,55.645330001425464,51.82147026062012,21,0.1,51,9.003162384033203,28.34889793395996,0.0018495854027830716,5.0,19.003145279207274,28.367393777442174,0.0018495854027830716,5.0,,0,[],False,0,False,0,
355,17.75,9.224323272705078,28.349300384521484,0.00188523561105893,4.423200675851473,-2.9052351294139725e-15,0.23071973025798798,0.0,PlanStatus.OK,69.57744600367732,64.41426277160645,21,0.1,51,9.224323272705078,28.349300384521484,0.00188523561105893,5.0,19.224305502143807,28.368152729464867,0.00188523561105893,5.0,,0,[],False,0,False,0,
356,17.8,9.445481300354004,28.349727630615234,0.0018495812415938683,4.423187832710394,-2.0183058715528106e-15,0.23072487115859985,0.0,PlanStatus.OK,68.81057799910195,63.608646392822266,21,0.1,51,9.445481300354004,28.349727630615234,0.0018495812415938683,5.0,19.445464195605027,28.36822343248565,0.0018495812415938683,5.0,,0,[],False,0,False,0,
357,17.85,9.66663932800293,28.35013198852539,0.0018852324901670278,4.423177309868862,-6.453313208652387e-16,0.23072907328605652,0.0,PlanStatus.OK,69.02190799883101,63.37380409240723,21,0.1,51,9.66663932800293,28.35013198852539,0.0018852324901670278,5.0,19.66662155750049,28.36898430225989,0.0018852324901670278,5.0,,0,[],False,0,False,0,
358,17.900000000000002,9.887797355651855,28.35055923461914,0.0018495773404789903,4.423169235412971,-3.3353686244250733e-15,0.23073230683803558,0.0,PlanStatus.OK,55.552400001033675,51.51057243347168,21,0.1,51,9.887797355651855,28.35055923461914,0.0018495773404789903,5.0,19.887780250975048,28.369054997478486,0.0018495773404789903,5.0,,0,[],False,0,False,0,
359,17.95,10.108954429626465,28.350961685180664,0.0018852300194609382,4.423163004318624,-3.359564544079866e-15,0.23073479533195496,0.0,PlanStatus.OK,69.84986200404819,64.08166885375977,21,0.1,51,10.108954429626465,28.350961685180664,0.0018852300194609382,5.0,20.10893665917059,28.36981397420817,0.0018852300194609382,5.0,,0,[],False,0,False,0,
360,18.0,10.330109596252441,28.351388931274414,0.0018495736994384375,4.423158744535068,-3.536138514572155e-15,0.23073650896549225,0.0,PlanStatus.OK,68.59507099579787,62.27231025695801,21,0.1,51,10.330109596252441,28.351388931274414,0.0018495736994384375,5.0,20.330092491642965,28.369884657723418,0.0018495736994384375,5.0,,0,[],False,0,False,0,
361,18.05,10.551264762878418,28.351791381835938,0.001885226508457548,4.423156328246912,-2.7462817735651778e-15,0.23073746263980865,0.0,PlanStatus.OK,66.67540800117422,62.15047836303711,21,0.1,51,10.551264762878418,28.351791381835938,0.001885226508457548,5.0,20.551246992488743,28.370643635753467,0.001885226508457548,5.0,,0,[],False,0,False,0,
362,18.1,10.772418975830078,28.352218627929688,0.0018495709686580228,4.4231534991579755,1.743721745203506e-16,0.2307385951280594,0.0,PlanStatus.OK,69.58799599669874,62.290191650390625,21,0.1,51,10.772418975830078,28.352218627929688,0.0018495709686580228,5.0,20.7724018712711,28.3707143270709,0.0018495709686580228,5.0,,0,[],False,0,False,0,
363,18.150000000000002,10.993574142456055,28.35262107849121,0.0018852244278629465,4.42315203663656,-3.8132533900793984e-15,0.23073919117450714,0.0,PlanStatus.OK,62.186748000385705,56.01072311401367,21,0.1,51,10.993574142456055,28.35262107849121,0.0018852244278629465,5.0,20.9935563721056,28.37147331160284,0.0018852244278629465,5.0,,0,[],False,0,False,0,
364,18.2,11.214728355407715,28.35304832458496,0.0018495688880634212,4.423151115051165,-1.0430916401487538e-15,0.2307395488023758,0.0,PlanStatus.OK,68.5230800008867,63.68851661682129,21,0.1,51,11.214728355407715,28.35304832458496,0.0018495688880634212,5.0,21.214711250887248,28.371544002920274,0.0018495688880634212,5.0,,0,[],False,0,False,0,
365,18.25,11.435883522033691,28.353450775146484,0.0018852227373798325,4.423150606315154,-3.2326419508897294e-15,0.2307397574186325,0.0,PlanStatus.OK,68.63287699525245,63.22908401489258,21,0.1,51,11.435883522033691,28.353450775146484,0.0018852227373798325,5.0,21.435865751715124,28.37230299135331,0.0018852227373798325,5.0,,0,[],False,0,False,0,
366,18.3,11.657038688659668,28.353878021240234,0.0018495674576546326,4.4231496847371785,5.32856621595978e-16,0.23074012994766235,0.0,PlanStatus.OK,67.93345100595616,62.97898292541504,21,0.1,51,11.657038688659668,28.353878021240234,0.0018495674576546326,5.0,21.657021584165633,28.37237368527147,0.0018495674576546326,5.0,,0,[],False,0,False,0,
367,18.35,11.878192901611328,28.35428237915039,0.001885221567045369,4.423149175613386,-4.552531040948743e-16,0.23074032366275787,0.0,PlanStatus.OK,59.60883299849229,55.335044860839844,21,0.1,51,11.878192901611328,28.35428237915039,0.001885221567045369,5.0,21.878175131314805,28.373134583653865,0.001885221567045369,5.0,,0,[],False,0,False,0,
368,18.400000000000002,12.099348068237305,28.35470962524414,0.0018495656371343562,4.423148730613635,4.3357443401042335e-16,0.2307405024766922,0.0,PlanStatus.OK,69.82935000269208,63.02356719970703,21,0.1,51,12.099348068237305,28.35470962524414,0.0018495656371343562,5.0,22.09933096377695,28.373205271070205,0.0018495656371343562,5.0,,0,[],False,0,False,0,
369,18.45,12.320502281188965,28.355112075805664,0.0018852189663021172,4.4231491755213606,-3.719314471613581e-15,0.23074032366275787,0.0,PlanStatus.OK,69.52268900204217,63.33208084106445,21,0.1,51,12.320502281188965,28.355112075805664,0.0018852189663021172,5.0,22.32048451094147,28.373964254301782,0.0018852189663021172,5.0,,0,[],False,0,False,0,
370,18.5,12.541657447814941,28.355539321899414,0.0018495631664282666,4.423150161152174,-2.4600629879408453e-15,0.23073993623256683,0.0,PlanStatus.OK,67.35264899907634,63.07649612426758,21,0.1,51,12.541657447814941,28.355539321899414,0.0018495631664282666,5.0,22.541640343400275,28.374034943018486,0.0018495631664282666,5.0,,0,[],False,0,False,0,
371,18.55,12.762812614440918,28.355941772460938,0.001885216755670353,4.4231501291870785,2.3868581654743924e-15,0.23073995113372803,0.0,PlanStatus.OK,70.0748650051537,63.0495548248291,21,0.1,51,12.762812614440918,28.355941772460938,0.001885216755670353,5.0,22.76279484423512,28.37479392885072,0.001885216755670353,5.0,,0,[],False,0,False,0,
372,18.6,12.983966827392578,28.356369018554688,0.0018495612158708277,4.423150161246238,-3.1195357356187314e-15,0.23073993623256683,0.0,PlanStatus.OK,57.56567899516085,51.25117301940918,21,0.1,51,12.983966827392578,28.356369018554688,0.0018495612158708277,5.0,22.983949723014007,28.374864620168225,0.0018495612158708277,5.0,,0,[],False,0,False,0,
373,18.650000000000002,13.205121994018555,28.35677146911621,0.001885214805112914,4.4231510828597465,1.869710458099515e-15,0.230739563703537,0.0,PlanStatus.OK,67.67175099957967,62.441110610961914,21,0.1,51,13.205121994018555,28.35677146911621,0.001885214805112914,5.0,23.205104223849503,28.37562360600046,0.001885214805112914,5.0,,0,[],False,0,False,0,
374,18.7,13.426276206970215,28.35719871520996,0.0018495593953505513,4.423151114889296,-3.2200743112930806e-15,0.2307395488023758,0.0,PlanStatus.OK,68.40052099869354,62.70289421081543,21,0.1,51,13.426276206970215,28.35719871520996,0.0018495593953505513,5.0,23.426259102625323,28.375694298618328,0.0018495593953505513,5.0,,0,[],False,0,False,0,
375,18.75,13.647431373596191,28.357601165771484,0.0018852125944811497,4.423152036587995,2.5323243745227345e-16,0.23073919117450714,0.0,PlanStatus.OK,69.27949199598515,62.87670135498047,21,0.1,51,13.647431373596191,28.357601165771484,0.0018852125944811497,5.0,23.64741360346884,28.37645328054947,0.0018852125944811497,5.0,,0,[],False,0,False,0,
376,18.8,13.868586540222168,28.358028411865234,0.0018495566645701366,4.423151591830026,4.926408207493239e-16,0.23073936998844147,0.0,PlanStatus.OK,60.444968003139365,54.708242416381836,21,0.1,51,13.868586540222168,28.358028411865234,0.0018495566645701366,5.0,23.86856943592779,28.37652396796581,0.0018495566645701366,5.0,,0,[],False,0,False,0,
377,18.85,14.089740753173828,28.35843276977539,0.0018852097336635725,4.423152036620994,3.611547316767364e-15,0.23073919117450714,0.0,PlanStatus.OK,68.0033880053088,63.826560974121094,21,0.1,51,14.089740753173828,28.35843276977539,0.0018852097336635725,5.0,24.08972298310041,28.37728485594522,0.0018852097336635725,5.0,,0,[],False,0,False,0,
378,18.900000000000002,14.310895919799805,28.35886001586914,0.001849553933789722,4.423151591732528,-3.5204341002135868e-15,0.23073936998844147,0.0,PlanStatus.OK,71.8550379970111,63.23575973510742,21,0.1,51,14.310895919799805,28.35886001586914,0.001849553933789722,5.0,24.31087881555589,28.377355544661995,0.001849553933789722,5.0,,0,[],False,0,False,0,
379,18.95,14.532050132751465,28.359262466430664,0.001885207262957483,4.423152036574086,8.966816775784927e-16,0.23073919117450714,0.0,PlanStatus.OK,66.20281499635894,61.632394790649414,21,0.1,51,14.532050132751465,28.359262466430664,0.001885207262957483,5.0,24.532032362724593,28.3781145278935,0.001885207262957483,5.0,,0,[],False,0,False,0,
380,19.0,14.753205299377441,28.359689712524414,0.0018495512030093073,4.423151591652446,1.903956291324582e-16,0.23073936998844147,0.0,PlanStatus.OK,72.18665900290944,64.42594528198242,21,0.1,51,14.753205299377441,28.359689712524414,0.0018495512030093073,5.0,24.753188195184038,28.378185214009477,0.0018495512030093073,5.0,,0,[],False,0,False,0,
381,19.05,14.974360466003418,28.360092163085938,0.0018852034918797676,4.423151559551861,4.1001040093428234e-16,0.23073936998844147,0.0,PlanStatus.OK,59.44119900232181,55.02915382385254,21,0.1,51,14.974360466003418,28.360092163085938,0.0018852034918797676,5.0,24.974342696047668,28.37894418683807,0.0018852034918797676,5.0,,0,[],False,0,False,0,
382,19.1,15.195514678955078,28.360519409179688,0.0018495476920059172,4.42315111476041,5.498224268316856e-16,0.2307395488023758,0.0,PlanStatus.OK,64.46499299636343,60.387611389160156,21,0.1,51,15.195514678955078,28.360519409179688,0.0018495476920059172,5.0,25.195497574826618,28.379014875554773,0.0018495476920059172,5.0,,0,[],False,0,False,0,
383,19.150000000000002,15.416669845581055,28.36092185974121,0.001885201021173678,4.423151082757225,-2.3051696727664772e-15,0.230739563703537,0.0,PlanStatus.OK,56.16895100683905,52.276611328125,21,0.1,51,15.416669845581055,28.36092185974121,0.001885201021173678,5.0,25.41665207567185,28.37977385878635,0.001885201021173678,5.0,,0,[],False,0,False,0,
384,19.200000000000003,15.637824058532715,28.36134910583496,0.0018495450912626651,4.423151591701191,-2.9021195304757344e-15,0.23073936998844147,0.0,PlanStatus.OK,68.88799000444124,62.790632247924805,21,0.1,51,15.637824058532715,28.36134910583496,0.0018495450912626651,5.0,25.63780695445236,28.37984454620269,0.0018495450912626651,5.0,,0,[],False,0,False,0,
385,19.25,15.858979225158691,28.361751556396484,0.0018851984204304262,4.423152036511547,2.154046712998575e-15,0.23073919117450714,0.0,PlanStatus.OK,67.74174299789593,63.38858604431152,21,0.1,51,15.858979225158691,28.361751556396484,0.0018851984204304262,5.0,25.858961455298513,28.380603529434197,0.0018851984204304262,5.0,,0,[],False,0,False,0,
386,19.3,16.08013343811035,28.362178802490234,0.0018495426205565758,4.423152068539265,1.9243781762735444e-15,0.23073917627334595,0.0,PlanStatus.OK,67.3463740022271,63.39287757873535,21,0.1,51,16.08013343811035,28.362178802490234,0.0018495426205565758,5.0,26.080116334075683,28.3806742181509,0.0018495426205565758,5.0,,0,[],False,0,False,0,
387,19.35,16.301288604736328,28.36258316040039,0.0018851956896500115,4.4231520365393635,-1.6595208204251365e-15,0.23073919117450714,0.0,PlanStatus.OK,70.5241859977832,63.46440315246582,21,0.1,51,16.301288604736328,28.36258316040039,0.0018851956896500115,5.0,26.301270834927664,28.381435106130382,0.0018851956896500115,5.0,,0,[],False,0,False,0,
388,19.400000000000002,16.522443771362305,28.36301040649414,0.0018495400198133237,4.423152068415723,-1.5278777126199517e-15,0.23073917627334595,0.0,PlanStatus.OK,58.45925699395593,51.54156684875488,21,0.1,51,16.522443771362305,28.36301040649414,0.0018495400198133237,5.0,26.52242666737574,28.38150579614745,0.0018495400198133237,5.0,,0,[],False,0,False,0,
389,19.450000000000003,16.74359893798828,28.363412857055664,0.0018851933489810846,4.42315203638129,-3.825506568694379e-15,0.23073919117450714,0.0,PlanStatus.OK,67.2887129985611,63.39001655578613,21,0.1,51,16.74359893798828,28.363412857055664,0.0018851933489810846,5.0,26.74358116822374,28.382264779379028,0.0018851933489810846,5.0,,0,[],False,0,False,0,
390,19.5,16.964752197265625,28.363840103149414,0.0018495376791443968,4.423152068366926,3.859752534268344e-15,0.23073917627334595,0.0,PlanStatus.OK,53.38276499969652,48.63262176513672,21,0.1,51,16.964752197265625,28.363840103149414,0.0018495376791443968,5.0,26.964735093322332,28.382335469396025,0.0018495376791443968,5.0,,0,[],False,0,False,0,
391,19.55,17.1859073638916,28.364242553710938,0.0018851910083121579,4.423152036334398,1.730212284378849e-15,0.23073919117450714,0.0,PlanStatus.OK,69.14114500250435,62.34121322631836,21,0.1,51,17.1859073638916,28.364242553710938,0.0018851910083121579,5.0,27.185889594171186,28.383094452627603,0.0018851910083121579,5.0,,0,[],False,0,False,0,
392,19.6,17.407062530517578,28.364669799804688,0.0018495357285869577,4.423151591497539,3.1996519234183058e-15,0.23073936998844147,0.0,PlanStatus.OK,68.03712200053269,62.891483306884766,21,0.1,51,17.407062530517578,28.364669799804688,0.0018495357285869577,5.0,27.40704542661038,28.383165146545764,0.0018495357285869577,5.0,,0,[],False,0,False,0,
393,19.650000000000002,17.628217697143555,28.36507225036621,0.0018851891877918814,4.423152036303145,1.7613164988723295e-15,0.23073919117450714,0.0,PlanStatus.OK,67.78077200578991,62.16073036193848,21,0.1,51,17.628217697143555,28.36507225036621,0.0018851891877918814,5.0,27.62819992745746,28.383924131077706,0.0018851891877918814,5.0,,0,[],False,0,False,0,
394,19.700000000000003,17.84937286376953,28.36549949645996,0.0018495335179551935,4.423152068344315,1.4245111056929573e-15,0.23073917627334595,0.0,PlanStatus.OK,67.81148600566667,61.09285354614258,21,0.1,51,17.84937286376953,28.36549949645996,0.0018495335179551935,5.0,27.84935575990326,28.383994821094774,0.0018495335179551935,5.0,,0,[],False,0,False,0,
395,19.75,18.070526123046875,28.365901947021484,0.0018851865870486294,4.4231515594857305,-1.5030572120456774e-15,0.23073936998844147,0.0,PlanStatus.OK,68.50671299616806,62.6225471496582,21,0.1,51,18.070526123046875,28.365901947021484,0.0018851865870486294,5.0,28.070508353409807,28.384753801725623,0.0018851865870486294,5.0,,0,[],False,0,False,0,
396,19.8,18.29168128967285,28.366329193115234,0.0018495309172119414,4.423151591488839,-2.027744783200539e-15,0.23073936998844147,0.0,PlanStatus.OK,66.05508999928134,58.87603759765625,25,0.1,51,18.29168128967285,28.366329193115234,0.0018495309172119414,5.0,30.291660765091052,28.388523551468182,0.0018495309172119414,5.0,,0,[],False,0,False,0,
397,19.85,18.512836456298828,28.36673355102539,0.00188518411634254,4.42315203633441,3.5034678185218463e-15,0.23073919117450714,0.0,PlanStatus.OK,68.02107000112301,61.597585678100586,21,0.1,51,18.512836456298828,28.36673355102539,0.00188518411634254,5.0,28.5128186867083,28.385585381022466,0.00188518411634254,5.0,,0,[],False,0,False,0,
398,19.900000000000002,18.733991622924805,28.36716079711914,0.001849528446505852,4.423152068257263,2.7984384625670718e-15,0.23073917627334595,0.0,PlanStatus.OK,66.66197600134183,62.75177001953125,21,0.1,51,18.733991622924805,28.36716079711914,0.001849528446505852,5.0,28.733974519152326,28.385656071039534,0.001849528446505852,5.0,,0,[],False,0,False,0,
399,19.950000000000003,18.95514678955078,28.367563247680664,0.001885181515599288,4.423152036329186,2.390941605433987e-16,0.23073919117450714,0.0,PlanStatus.OK,69.85206200624816,63.068389892578125,21,0.1,51,18.95514678955078,28.367563247680664,0.001885181515599288,5.0,28.95512902000928,28.386415051670383,0.001885181515599288,5.0,,0,[],False,0,False,0,
400,20.0,19.176300048828125,28.367990493774414,0.0018495257157254376,4.423152068398271,-1.2118084271431936e-15,0.23073917627334595,0.0,PlanStatus.OK,65.26788000337547,60.31203269958496,21,0.1,51,19.176300048828125,28.367990493774414,0.0018495257157254376,5.0,29.176282945106166,28.386485740387087,0.0018495257157254376,5.0,,0,[],False,0,False,0,
401,20.05,19.3974552154541,28.368392944335938,0.0018851786547817106,4.423152513215894,3.5992937146359094e-15,0.23073899745941162,0.0,PlanStatus.OK,65.94600799871841,60.77408790588379,21,0.1,51,19.3974552154541,28.368392944335938,0.0018851786547817106,5.0,29.39743744596653,28.3872447197175,0.0018851786547817106,5.0,,0,[],False,0,False,0,
402,20.1,19.618610382080078,28.368820190429688,0.0018495227248706977,4.423152545250263,1.3808393574819464e-15,0.23073898255825043,0.0,PlanStatus.OK,67.65057799930219,62.98422813415527,21,0.1,51,19.618610382080078,28.368820190429688,0.0018495227248706977,5.0,29.6185932784134,28.38731540713384,0.0018495227248706977,5.0,,0,[],False,0,False,0,
403,20.150000000000002,19.839765548706055,28.36922264099121,0.001885175273815483,4.423152513214153,-2.960557180539756e-15,0.23073899745941162,0.0,PlanStatus.OK,66.43877900205553,60.40167808532715,21,0.1,51,19.839765548706055,28.36922264099121,0.001885175273815483,5.0,29.83974777928222,28.388074382563232,0.001885175273815483,5.0,,0,[],False,0,False,0,
404,20.200000000000003,20.06092071533203,28.36964988708496,0.00184951934390447,4.423152545239815,2.299199572795992e-15,0.23073898255825043,0.0,PlanStatus.OK,69.94037100230344,63.06958198547363,21,0.1,51,20.06092071533203,28.36964988708496,0.00184951934390447,5.0,30.06090361172788,28.3881450699795,0.00184951934390447,5.0,,0,[],False,0,False,0,
405,20.25,20.282075881958008,28.370052337646484,0.0018851722829607432,4.423152990043536,-1.5143674577019068e-16,0.2307388037443161,0.0,PlanStatus.OK,68.36730999930296,63.81368637084961,21,0.1,51,20.282075881958008,28.370052337646484,0.0018851722829607432,5.0,30.274204359655982,28.528385741407643,0.18828461049591563,5.0,,0,[],False,0,False,0,
406,20.3,20.50322914123535,28.370479583740234,0.0018495164830868928,4.423152545264194,-2.270294573470939e-15,0.23073898255825043,0.0,PlanStatus.OK,68.79029600531794,60.0130558013916,21,0.1,51,20.50322914123535,28.370479583740234,0.0018495164830868928,5.0,30.503212037684136,28.38897473802669,0.0018495164830868928,5.0,,0,[],False,0,False,0,
407,20.35,20.724384307861328,28.37088394165039,0.0018851696822174912,4.4231525129967775,-3.4158100728763933e-15,0.23073899745941162,0.0,PlanStatus.OK,68.02841599710518,62.62087821960449,17,0.1,51,20.724384307861328,28.37088394165039,0.0018851696822174912,5.0,28.716516339834758,28.525446982293385,0.1882846078951724,5.0,,0,[],False,0,False,0,
408,20.400000000000002,20.945539474487305,28.37131118774414,0.001849514402492291,4.423152068079679,-3.489329568082751e-15,0.23073917627334595,0.0,PlanStatus.OK,69.10280699958093,64.10932540893555,17,0.1,51,20.945539474487305,28.37131118774414,0.001849514402492291,5.0,28.937677012368976,28.525589266585744,0.1882489526154472,5.0,,0,[],False,0,False,0,
409,20.450000000000003,21.16669464111328,28.371713638305664,0.0018851670814742391,4.423152036257774,1.0408922132220896e-15,0.23073919117450714,0.0,PlanStatus.OK,71.67772500542924,63.593149185180664,17,0.1,51,21.16669464111328,28.371713638305664,0.0018851670814742391,5.0,29.158826673488694,28.526276658163148,0.18828460529442914,5.0,,0,[],False,0,False,0,
410,20.5,21.387847900390625,28.372140884399414,0.0018495110215260636,4.423151591448771,-2.5728545304719384e-15,0.23073936998844147,0.0,PlanStatus.OK,68.60619800136192,63.2786750793457,17,0.1,51,21.387847900390625,28.372140884399414,0.0018495110215260636,5.0,29.379985438793902,28.526418936219866,0.18824894923448096,5.0,,0,[],False,0,False,0,
411,20.55,21.6090030670166,28.372543334960938,0.001885164220656662,4.423152036377787,-3.3218692485864447e-15,0.23073919117450714,0.0,PlanStatus.OK,67.54560399713228,60.706377029418945,17,0.1,51,21.6090030670166,28.372543334960938,0.001885164220656662,5.0,29.601135099834192,28.527106331954418,0.18828460243361156,5.0,,0,[],False,0,False,0,
412,20.6,21.830158233642578,28.372970581054688,0.0018495082907456488,4.42315159146269,1.137660962885565e-15,0.23073936998844147,0.0,PlanStatus.OK,68.37503999850014,60.69827079772949,17,0.1,51,21.830158233642578,28.372970581054688,0.0018495082907456488,5.0,29.822295772467164,28.527248611050346,0.18824894650370055,5.0,,0,[],False,0,False,0,
413,20.650000000000002,22.051313400268555,28.37337303161621,0.0018851603195417837,4.423152036171032,3.3633416757499097e-15,0.23073919117450714,0.0,PlanStatus.OK,64.71843399776844,60.562849044799805,17,0.1,51,22.051313400268555,28.37337303161621,0.0018851603195417837,5.0,30.04344543368911,28.527935997431424,0.18828459853249668,5.0,,0,[],False,0,False,0,
414,20.700000000000003,22.27246856689453,28.37380027770996,0.0018495036094077952,4.423151114286887,-3.5326874905868043e-15,0.2307395488023758,0.0,PlanStatus.OK,65.76428999687778,60.103654861450195,17,0.1,51,22.27246856689453,28.37380027770996,0.0018495036094077952,5.0,30.264606106441367,28.52807827029175,0.1882489418223627,5.0,,0,[],False,0,False,0,
415,20.75,22.493621826171875,28.374202728271484,0.0018851561583525806,4.423151082018886,1.2290887463001286e-15,0.230739563703537,0.0,PlanStatus.OK,64.94101799762575,60.584068298339844,17,0.1,51,22.493621826171875,28.374202728271484,0.0018851561583525806,5.0,30.485753860235597,28.528765660829936,0.18828459437130748,5.0,,0,[],False,0,False,0,
416,20.8,22.71477699279785,28.374629974365234,0.001849499448218592,4.423150160260841,1.7537767409714637e-15,0.23073993623256683,0.0,PlanStatus.OK,72.4924500027555,64.5148754119873,17,0.1,51,22.71477699279785,28.374629974365234,0.001849499448218592,5.0,30.67913210453043,28.68756157492256,0.4034844693192626,5.0,,0,[],False,0,False,0,
417,20.85,22.935932159423828,28.37503433227539,0.0018851517370890522,4.423151081978929,-2.003867136175677e-15,0.230739563703537,0.0,PlanStatus.OK,66.63359200319974,62.16931343078613,17,0.1,51,22.935932159423828,28.37503433227539,0.0018851517370890522,5.0,30.900276109366892,28.688249880122907,0.403520121608133,5.0,,0,[],False,0,False,0,
418,20.900000000000002,23.157087326049805,28.37546157836914,0.0018494954170665513,4.423151114109323,-1.225318523242561e-16,0.2307395488023758,0.0,PlanStatus.OK,71.76271599746542,64.44334983825684,17,0.1,51,23.157087326049805,28.37546157836914,0.0018494954170665513,5.0,31.121442439043847,28.688393146820953,0.40348446528811055,5.0,,0,[],False,0,False,0,
419,20.950000000000003,23.37824249267578,28.375864028930664,0.0018851487462343123,4.423152035950418,8.052540529826068e-16,0.23073919117450714,0.0,PlanStatus.OK,69.59218200063333,64.2397403717041,17,0.1,51,23.37824249267578,28.375864028930664,0.0018851487462343123,5.0,31.342586443555653,28.68907955295797,0.40352011861727827,5.0,,0,[],False,0,False,0,
420,21.0,23.599395751953125,28.376291275024414,0.001849493206434787,4.423151591222511,-1.9001860682670143e-15,0.23073936998844147,0.0,PlanStatus.OK,67.93535400356632,62.46376037597656,17,0.1,51,23.599395751953125,28.376291275024414,0.001849493206434787,5.0,31.563750865638973,28.689222825869983,0.40348446307747876,5.0,,0,[],False,0,False,0,
421,21.05,23.8205509185791,28.376693725585938,0.001885146535602548,4.423152036039044,-8.115377139622537e-16,0.23073919117450714,0.0,PlanStatus.OK,69.92991299921414,61.9349479675293,17,0.1,51,23.8205509185791,28.376693725585938,0.001885146535602548,5.0,31.743773311502313,29.037444536126714,0.3746840229615124,5.0,,0,[],False,0,False,0,
422,21.1,24.041706085205078,28.377120971679688,0.0018494909958030228,4.423151591191133,-3.675012530889813e-15,0.23073936998844147,0.0,PlanStatus.OK,68.42332100495696,63.3697509765625,17,0.1,51,24.041706085205078,28.377120971679688,0.0018494909958030228,5.0,31.964952032518646,29.037589275029152,0.3746483674217129,5.0,,0,[],False,0,False,0,
423,21.150000000000002,24.262861251831055,28.37752342224121,0.0018851443249707838,4.42315203600954,-2.428015284623242e-15,0.23073919117450714,0.0,PlanStatus.OK,70.01451999531128,62.775611877441406,17,0.1,51,24.262861251831055,28.37752342224121,0.0018851443249707838,5.0,32.18608364621496,29.038274215266668,0.3746840207508806,5.0,,0,[],False,0,False,0,
424,21.200000000000003,24.48401641845703,28.37795066833496,0.0018494887851712586,4.423152544799385,2.268723750870256e-15,0.23073898255825043,0.0,PlanStatus.OK,62.29290700139245,58.38966369628906,21,0.1,51,24.48401641845703,28.37795066833496,0.0018494887851712586,5.0,34.210422819105936,29.897352036661008,0.5610478034240362,5.0,,0,[],False,0,False,0,
425,21.25,24.705169677734375,28.378353118896484,0.0018851422443761823,4.423153466570417,-3.4952981857455786e-15,0.23073861002922058,0.0,PlanStatus.OK,68.45722300204216,62.12568283081055,17,0.1,51,24.705169677734375,28.378353118896484,0.0018851422443761823,5.0,32.57168352655828,29.1898586031968,0.5899195503283751,5.0,,0,[],False,0,False,0,
426,21.3,24.92632484436035,28.378780364990234,0.0018494869646509822,4.423152544928209,2.170384072726979e-15,0.23073898255825043,0.0,PlanStatus.OK,67.09353999758605,61.93256378173828,17,0.1,51,24.92632484436035,28.378780364990234,0.0018494869646509822,5.0,32.79286762263892,29.190005366023012,0.5898838950486498,5.0,,0,[],False,0,False,0,
427,21.35,25.147480010986328,28.37918472290039,0.001885140033744418,4.423152512884086,2.6092993935769755e-15,0.23073899745941162,0.0,PlanStatus.OK,71.22936399537139,63.842058181762695,17,0.1,51,25.147480010986328,28.37918472290039,0.001885140033744418,5.0,33.01399386160415,29.190690189810713,0.5899195481177433,5.0,,0,[],False,0,False,0,
428,21.400000000000002,25.368635177612305,28.37961196899414,0.0018494846239820555,4.4231525448463795,0.17142857611179352,0.23073898255825043,0.0,PlanStatus.OK,67.27104599849554,62.72244453430176,13,0.1,51,25.368635177612305,28.37961196899414,0.0018494846239820555,5.0,31.291884549726667,29.036381254718897,0.37464836104989196,5.0,,0,[],False,0,False,0,
429,21.450000000000003,25.589433670043945,28.383913040161133,0.005240491411057665,4.4106159995960175,2.609024107869118e-15,0.23575359582901,0.0,PlanStatus.OK,68.64594500075327,64.1486644744873,17,0.1,51,25.589433670043945,28.383913040161133,0.005240491411057665,5.0,33.389432936160716,29.50485253384999,0.4068754612821016,5.0,,0,[],False,0,False,0,
430,21.5,25.80986213684082,28.389930725097656,0.008792724904221939,4.410951509810861,-2.204248238199969e-15,0.23561939597129822,0.0,PlanStatus.OK,67.72597599774599,63.59696388244629,17,0.1,51,25.80986213684082,28.389930725097656,0.008792724904221939,5.0,33.543210763745336,29.66345289126008,0.5968271329882209,5.0,,0,[],False,0,False,0,
431,21.55,26.030424118041992,28.392995834350586,0.009411660186313167,4.412258792277336,2.7376445786020257e-15,0.23509648442268372,0.0,PlanStatus.OK,68.95426000119187,63.99965286254883,17,0.1,51,26.030424118041992,28.392995834350586,0.009411660186313167,5.0,33.76298303594672,29.6713041985903,0.5974460682703121,5.0,,0,[],False,0,False,0,
432,21.6,26.251075744628906,28.39537811279297,0.009467476297690944,4.414077782743172,0.17142857611179352,0.23436889052391052,0.0,PlanStatus.OK,70.14950000302633,63.559770584106445,13,0.1,51,26.251075744628906,28.39537811279297,0.009467476297690944,5.0,32.111300050284804,29.24757156433094,0.5975018843816898,5.0,,0,[],False,0,False,0,
433,21.650000000000002,26.471439361572266,28.401447296142578,0.012873329557657931,4.403476450086688,0.24552159011363983,0.2386094182729721,0.0,PlanStatus.OK,67.77722500555683,61.491966247558594,17,0.1,51,26.471439361572266,28.401447296142578,0.012873329557657931,5.0,34.18067118793885,30.00223057850283,0.5720716441965228,5.0,,0,[],False,0,False,0,
434,21.700000000000003,26.68978500366211,28.418277740478516,0.02429971792199458,4.37198255826977,0.24606534838676453,0.2512069642543793,0.0,PlanStatus.OK,68.60020099702524,61.24615669250488,17,0.1,51,26.68978500366211,28.418277740478516,0.02429971792199458,5.0,34.38022279433735,30.10704328296849,0.5834980325608594,5.0,,0,[],False,0,False,0,
435,21.75,26.90559196472168,28.44561767578125,0.04162756307102753,4.361621374976981,0.2462456375360489,0.2553514540195465,0.0,PlanStatus.OK,67.68989500415046,62.233924865722656,13,0.1,51,26.90559196472168,28.44561767578125,0.04162756307102753,5.0,32.73538410972887,29.48580330222345,0.6296619711550264,5.0,,0,[],False,0,False,0,
436,21.8,27.12040138244629,28.479215621948242,0.060282752674491194,4.365052911542968,0.1398661881685257,0.2539788484573364,0.0,PlanStatus.OK,67.9471069961437,64.05854225158691,17,0.1,51,27.12040138244629,28.479215621948242,0.060282752674491194,5.0,34.705168421027665,30.197774532932165,0.6483171607584902,5.0,,0,[],False,0,False,0,
437,21.85,27.336200714111328,28.51274871826172,0.07499934340756624,4.385244292564746,0.13943172991275787,0.24590228497982025,0.0,PlanStatus.OK,68.23037999856751,60.685157775878906,17,0.1,51,27.336200714111328,28.51274871826172,0.07499934340756624,5.0,34.89485600528711,30.34273941475532,0.6630337514915653,5.0,,0,[],False,0,False,0,
438,21.900000000000002,27.55301856994629,28.54538917541504,0.08661903981633981,4.394907852413575,0.13922494649887085,0.2420368641614914,0.0,PlanStatus.OK,66.73837700509466,61.446189880371094,17,0.1,51,27.55301856994629,28.54538917541504,0.08661903981633981,5.0,35.08990013425285,30.463083636399055,0.6746534479003389,5.0,,0,[],False,0,False,0,
439,21.950000000000003,27.77008819580078,28.57962989807129,0.09776125640879739,4.403951292123209,0.13903209567070007,0.23841948807239532,0.0,PlanStatus.OK,65.73730699892621,61.35725975036621,17,0.1,51,27.77008819580078,28.57962989807129,0.09776125640879739,5.0,35.285134991906,30.58118114958135,0.6857956644927965,5.0,,0,[],False,0,False,0,
440,22.0,27.98711585998535,28.61605453491211,0.10881351641305914,4.408349901086086,0.1389385163784027,0.23666003346443176,0.0,PlanStatus.OK,67.80724999407539,62.399864196777344,17,0.1,51,27.98711585998535,28.61605453491211,0.10881351641305914,5.0,35.479582455592244,30.70054010065436,0.6968479244970582,5.0,,0,[],False,0,False,0,
441,22.05,28.203996658325195,28.654836654663086,0.11986537694315738,4.4138606982723445,0.13882151246070862,0.23445571959018707,0.0,PlanStatus.OK,67.9418740037363,60.58931350708008,17,0.1,51,28.203996658325195,28.654836654663086,0.11986537694315738,5.0,35.67296870531584,30.8219989285469,0.7078997850271564,5.0,,0,[],False,0,False,0,
442,22.1,28.42060661315918,28.696001052856445,0.130904163016779,4.41580599681168,0.13878026604652405,0.23367759585380554,0.0,PlanStatus.OK,69.19528700382216,64.56136703491211,21,0.1,51,28.42060661315918,28.696001052856445,0.130904163016779,5.0,37.27262920443287,32.36262308441758,0.9053380093137331,5.0,,0,[],False,0,False,0,
443,22.150000000000002,28.636886596679688,28.739566802978516,0.14195241163464883,4.419072047177156,0.13871106505393982,0.23237118124961853,0.0,PlanStatus.OK,67.08151000202633,60.875654220581055,21,0.1,51,28.636886596679688,28.739566802978516,0.14195241163464883,5.0,37.447860010033736,32.50376241265625,0.9163862579316029,5.0,,0,[],False,0,False,0,
444,22.200000000000003,28.85274887084961,28.785518646240234,0.1529913808005954,4.419566562040987,0.13870060443878174,0.2321733683347702,0.0,PlanStatus.OK,69.07739699818194,61.86532974243164,21,0.1,51,28.85274887084961,28.785518646240234,0.1529913808005954,5.0,37.621633446809646,32.64674699642095,0.9274252270975495,5.0,,0,[],False,0,False,0,
445,22.25,29.06815528869629,28.833866119384766,0.16403709109305123,4.421355357738786,0.13866275548934937,0.23145785927772522,0.0,PlanStatus.OK,68.74167299974943,62.445640563964844,21,0.1,51,29.06815528869629,28.833866119384766,0.16403709109305123,5.0,37.79385579184356,32.7917155111788,0.9384709373900053,5.0,,0,[],False,0,False,0,
446,22.3,29.28304672241211,28.884584426879883,0.17507587716667286,4.421104478043801,0.13866806030273438,0.2315582036972046,0.0,PlanStatus.OK,66.9957029967918,61.09499931335449,21,0.1,51,29.28304672241211,28.884584426879883,0.17507587716667286,5.0,37.96452663127187,32.93851186466335,0.9495097234636269,5.0,,0,[],False,0,False,0,
447,22.35,29.497386932373047,28.93767738342285,0.18611939035122937,4.422094043070231,0.13864712417125702,0.23116238415241241,0.0,PlanStatus.OK,65.95297799503896,61.18416786193848,21,0.1,51,29.497386932373047,28.93767738342285,0.18611939035122937,5.0,38.1335687624094,33.08722970593895,0.9605532366481835,5.0,,0,[],False,0,False,0,
448,22.400000000000002,29.711132049560547,28.99312973022461,0.19715762714787619,4.421474857859803,0.1386602222919464,0.23141005635261536,0.0,PlanStatus.OK,69.97225899976911,63.040971755981445,17,0.1,51,29.711132049560547,28.99312973022461,0.19715762714787619,5.0,36.878307358904195,31.846139601705186,1.0004275668899643,5.0,,0,[],False,0,False,0,
449,22.450000000000003,29.92425537109375,29.05094337463379,0.2082000084889694,4.422138340417644,0.1386461853981018,0.23114466667175293,0.0,PlanStatus.OK,66.43492999864975,62.270402908325195,17,0.1,51,29.92425537109375,29.05094337463379,0.2082000084889694,5.0,37.05949034029646,31.9829203827117,1.0114699482310574,5.0,,0,[],False,0,False,0,
450,22.5,30.13671875,29.111095428466797,0.21923774594291182,4.4213705091106705,0.1386624276638031,0.23145179450511932,0.0,PlanStatus.OK,66.21949499822222,61.85197830200195,17,0.1,51,30.13671875,29.111095428466797,0.21923774594291182,5.0,37.23915733958468,32.12164908565496,1.022507685685,5.0,,0,[],False,0,False,0,
451,22.55,30.348506927490234,29.17359733581543,0.23027961129654387,4.421936017958317,0.13865046203136444,0.23122559487819672,0.0,PlanStatus.OK,67.64120599837042,62.12615966796875,17,0.1,51,30.348506927490234,29.17359733581543,0.23027961129654387,5.0,37.238973145481395,32.49127282265845,0.8471501128256769,5.0,,0,[],False,0,False,0,
452,22.6,30.559581756591797,29.23842430114746,0.24131706578962045,4.421137903956283,0.13866734504699707,0.2315448373556137,0.0,PlanStatus.OK,67.49575599678792,61.90657615661621,21,0.1,51,30.559581756591797,29.23842430114746,0.24131706578962045,5.0,38.715154078303755,34.05785565819121,0.8581875673187533,5.0,,0,[],False,0,False,0,
453,22.650000000000002,30.769926071166992,29.305585861206055,0.2523587147614139,4.42170001545724,0.13865545392036438,0.23131999373435974,0.0,PlanStatus.OK,68.18650400236947,64.06354904174805,21,0.1,51,30.769926071166992,29.305585861206055,0.2523587147614139,5.0,38.764847607694946,34.38647400467681,1.0556286545035019,5.0,,0,[],False,0,False,0,
454,22.700000000000003,30.97950553894043,29.37505340576172,0.2633960693859496,4.420920304058601,0.13867194950580597,0.23163187503814697,0.0,PlanStatus.OK,50.35653000231832,45.9132194519043,21,0.1,51,30.97950553894043,29.37505340576172,0.2633960693859496,5.0,38.91786167133904,34.54387305989065,1.0666660091280376,5.0,,0,[],False,0,False,0,
455,22.75,31.18830680847168,29.44683837890625,0.2744375685549318,4.421509323089782,0.1386594921350479,0.23139627277851105,0.0,PlanStatus.OK,56.74571300187381,52.29473114013672,25,0.1,51,31.18830680847168,29.44683837890625,0.2744375685549318,5.0,39.88933484658232,36.52408635038811,1.2641069465099743,5.0,,0,[],False,0,False,0,
456,22.8,31.39629554748535,29.520917892456055,0.2854746901528721,4.420762318214274,0.13867530226707458,0.23169507086277008,0.0,PlanStatus.OK,48.9819990034448,44.747114181518555,21,0.1,51,31.39629554748535,29.520917892456055,0.2854746901528721,5.0,39.218605783574056,34.863731502538485,1.08874462989496,5.0,,0,[],False,0,False,0,
457,22.85,31.60345458984375,29.597291946411133,0.2965159895847725,4.42138293037292,0.1386621594429016,0.23144683241844177,0.0,PlanStatus.OK,67.03329499578103,60.29367446899414,21,0.1,51,31.60345458984375,29.597291946411133,0.2965159895847725,5.0,39.172596157945854,35.15514597002264,0.9133864911139056,5.0,,0,[],False,0,False,0,
458,22.900000000000002,31.809749603271484,29.675941467285156,0.30755319440649687,4.420663896773274,0.13867737352848053,0.23173443973064423,0.0,PlanStatus.OK,67.10365699836984,60.720205307006836,21,0.1,51,31.809749603271484,29.675941467285156,0.30755319440649687,5.0,39.19546032449915,35.38572501920338,1.1108231341485846,5.0,,0,[],False,0,False,0,
459,22.950000000000003,32.01517105102539,29.756866455078125,0.3185946602859654,4.421308496723618,0.13866373896598816,0.23147660493850708,0.0,PlanStatus.OK,57.09715600096388,50.99844932556152,25,0.1,51,32.01517105102539,29.756866455078125,0.3185946602859654,5.0,40.07642702176983,37.403375087803106,1.3082640382410078,5.0,,0,[],False,0,False,0,
460,23.0,32.21967697143555,29.840049743652344,0.32963169866012165,4.420610030597413,0.13867852091789246,0.23175598680973053,0.0,PlanStatus.OK,67.33781199727673,61.06090545654297,21,0.1,51,32.21967697143555,29.840049743652344,0.32963169866012165,5.0,39.347981378856176,35.763770446303305,1.319301076615164,5.0,,0,[],False,0,False,0,
461,23.05,32.423255920410156,29.925495147705078,0.3406731312500766,4.421271152064193,0.13866452872753143,0.23149153590202332,0.0,PlanStatus.OK,56.22860600124113,51.004648208618164,25,0.1,51,32.423255920410156,29.925495147705078,0.3406731312500766,5.0,40.15789238646327,37.788788583021685,1.5455780408632078,5.0,,0,[],False,0,False,0,
462,23.1,32.62587356567383,30.013174057006836,0.35171020291374644,4.4205854552481005,0.2452288419008255,0.23176582157611847,0.0,PlanStatus.OK,69.78738799807616,63.07387351989746,21,0.1,51,32.62587356567383,30.013174057006836,0.35171020291374644,5.0,39.65420471515981,36.33229817698739,1.3125434874236548,5.0,,0,[],False,0,False,0,
463,23.150000000000002,32.82542419433594,30.105966567993164,0.3657503881806442,4.400097026667134,0.24557964503765106,0.2399611920118332,0.0,PlanStatus.OK,45.31146700173849,39.32976722717285,21,0.1,51,32.82542419433594,30.105966567993164,0.3657503881806442,5.0,39.764343860484495,36.523143693278996,1.3265836726905524,5.0,,0,[],False,0,False,0,
464,23.200000000000003,33.020328521728516,30.205846786499023,0.383729754884419,4.391546217833345,0.2457268387079239,0.24338151514530182,0.0,PlanStatus.OK,40.42899500200292,36.652326583862305,25,0.1,51,33.020328521728516,30.205846786499023,0.383729754884419,5.0,40.291372910858,38.69577382193871,1.344563039394327,5.0,,0,[],False,0,False,0,
465,23.25,33.21251678466797,30.31052017211914,0.4025693891993167,4.393253139747893,0.13926029205322266,0.24269874393939972,0.0,PlanStatus.OK,54.40074399666628,50.32086372375488,25,0.1,51,33.21251678466797,30.31052017211914,0.4025693891993167,5.0,40.24540962229094,38.70615404961212,1.3922387671543588,5.0,,0,[],False,0,False,0,
466,23.3,33.40555953979492,30.415138244628906,0.4173251991406324,4.405951122648975,0.24547913670539856,0.237619549036026,0.0,PlanStatus.OK,42.21449800388655,36.07940673828125,25,0.1,51,33.40555953979492,30.415138244628906,0.4173251991406324,5.0,40.24896266410824,39.1637586354607,1.564557921863495,5.0,,0,[],False,0,False,0,
467,23.35,33.59743881225586,30.521940231323242,0.4320424265356555,4.395249287741989,0.24566303193569183,0.2419002801179886,0.0,PlanStatus.OK,43.716109001252335,39.68405723571777,21,0.1,51,33.59743881225586,30.521940231323242,0.4320424265356555,5.0,40.09602081865755,37.3846802305238,1.3928757110455636,5.0,,0,[],False,0,False,0,
468,23.400000000000002,33.784942626953125,30.634855270385742,0.4501622084079048,4.390677042460426,0.1393153816461563,0.24372918903827667,0.0,PlanStatus.OK,54.30297100247117,49.86214637756348,25,0.1,51,33.784942626953125,30.634855270385742,0.4501622084079048,5.0,40.27115794687073,39.36626254169451,1.6262310245759015,5.0,,0,[],False,0,False,0,
469,23.450000000000003,33.97291564941406,30.748281478881836,0.4648084625598773,4.4063657979274415,0.2454720288515091,0.23745368421077728,0.0,PlanStatus.OK,44.45660099736415,37.42051124572754,21,0.1,51,33.97291564941406,30.748281478881836,0.4648084625598773,5.0,40.24318493456882,37.82023251676379,1.4256417470697853,5.0,,0,[],False,0,False,0,
470,23.5,34.159523010253906,30.86397361755371,0.47948104871712793,4.394201150498141,0.4169006049633026,0.24231953918933868,0.0,PlanStatus.OK,65.1938790033455,60.526371002197266,17,0.1,51,34.159523010253906,30.86397361755371,0.47948104871712793,5.0,39.538651938733665,36.39608287223549,1.2539148950140813,5.0,,0,[],False,0,False,0,
471,23.55,34.338741302490234,30.987667083740234,0.5003931882818389,4.356896710672299,0.2454720288515091,0.25724130868911743,0.0,PlanStatus.OK,67.92429999768501,61.34772300720215,17,0.1,51,34.338741302490234,30.987667083740234,0.5003931882818389,5.0,39.810647498497964,36.122825377935996,1.5188986596820153,5.0,,0,[],False,0,False,0,
472,23.6,34.51365280151367,31.11662483215332,0.5222263488200402,4.374603929387184,0.2460198551416397,0.250158429145813,0.0,PlanStatus.OK,66.66269899869803,60.43887138366699,21,0.1,51,34.51365280151367,31.11662483215332,0.5222263488200402,5.0,40.207535260623615,38.55325076556663,1.6982951649880373,5.0,,0,[],False,0,False,0,
473,23.650000000000002,34.68819046020508,31.247709274291992,0.5416990165260497,4.386952423190946,0.24580609798431396,0.24521903693675995,0.0,PlanStatus.OK,61.02437699883012,53.56597900390625,25,0.1,51,34.68819046020508,31.247709274291992,0.5416990165260497,5.0,40.393435793250866,40.77769882069226,1.6889317392489125,5.0,,0,[],False,0,False,0,
474,23.700000000000003,34.86091613769531,31.38191795349121,0.5607723099370882,4.3932206215364396,0.0,0.0,1.0,PlanStatus.FAIL,4.180647003522608,0.051021575927734375,,,0,,,,,,,,,,0,[],False,0,False,0,no_path
475,23.75,35.035404205322266,31.513593673706055,0.5736711309398052,4.353950583204705,0.246379554271698,0.2584197521209717,0.0,PlanStatus.OK,65.38413299858803,60.1201057434082,17,0.1,51,35.035404205322266,31.513593673706055,0.5736711309398052,5.0,40.03967784820683,37.28882162472272,1.5633405088948478,5.0,,0,[],False,0,False,0,
476,23.8,35.21151351928711,31.638620376586914,0.579855989676378,4.305722383142596,0.4178081452846527,0.27771103382110596,0.0,PlanStatus.OK,68.98502699914388,61.784982681274414,21,0.1,51,35.21151351928711,31.638620376586914,0.579855989676378,5.0,40.300982084910444,39.657768853240654,1.5406892741862857,5.0,,0,[],False,0,False,0,
477,23.85,35.381431579589844,31.768339157104492,0.5917587218523781,4.265382766650857,0.0,0.0,1.0,PlanStatus.FAIL,5.2478580037131906,0.049591064453125,,,0,,,,,,,,,,0,[],False,0,False,0,no_path
478,23.900000000000002,35.54838180541992,31.89906120300293,0.6028995236405066,4.220905916488573,0.0,0.0,1.0,PlanStatus.FAIL,4.382188002637122,0.05173683166503906,,,0,,,,,,,,,,0,[],False,0,False,0,no_path
479,23.950000000000003,35.716712951660156,32.02042007446289,0.6053548915865324,4.098443274838671,0.0,0.0,1.0,PlanStatus.FAIL,4.4699380014208145,0.061511993408203125,,,0,,,,,,,,,,0,[],False,0,False,0,no_path
480,24.0,35.88015365600586,32.1348762512207,0.6057076938519407,3.913774562639614,0.0,0.0,1.0,PlanStatus.FAIL,7.319535005080979,0.05841255187988281,,,0,,,,,,,,,,0,[],False,0,False,0,no_path
481,24.05,36.03532028198242,32.24271011352539,0.6057468423199648,3.689701693375565,0.5571295619010925,0.5241193175315857,0.0,PlanStatus.OK,67.20175100053893,60.756683349609375,21,0.1,51,36.03532028198242,32.24271011352539,0.6057468423199648,5.0,40.42771037631252,40.528609212348734,1.5954162202750068,5.0,,0,[],False,0,False,0,
482,24.1,36.1801872253418,32.347049713134766,0.608542895148439,3.505318452717391,0.0,0.0,1.0,PlanStatus.FAIL,3.859807002299931,0.05078315734863281,,,0,,,,,,,,,,0,[],False,0,False,0,no_path
483,24.150000000000002,36.318294525146484,32.448055267333984,0.6113988691014399,3.3605136022101667,0.0,0.0,1.0,PlanStatus.FAIL,4.997303003619891,0.05841255187988281,,,0,,,,,,,,,,0,[],False,0,False,0,no_path
484,24.200000000000003,36.450618743896484,32.54191207885742,0.6118518062238352,3.162933920895927,0.6853739619255066,0.6000000238418579,0.0,PlanStatus.OK,68.07392200425966,63.716888427734375,21,0.1,51,36.450618743896484,32.54191207885742,0.6118518062238352,5.0,40.355287199971414,41.11077461569102,1.5726850907337435,5.0,,0,[],False,0,False,0,
485,24.25,36.573795318603516,32.63203048706055,0.6143130997032864,2.99118035195037,0.8568025231361389,0.6000000238418579,0.0,PlanStatus.OK,66.37716499972157,62.31880187988281,17,0.1,51,36.573795318603516,32.63203048706055,0.6143130997032864,5.0,40.22499064042582,39.38845532531626,1.3887469460002397,5.0,,0,[],False,0,False,0,
486,24.3,36.68762969970703,32.72471237182617,0.6225724277709764,2.9231865371834713,1.0,0.6000000238418579,0.0,PlanStatus.OK,69.31481799983885,63.11988830566406,17,0.1,51,36.68762969970703,32.72471237182617,0.6225724277709764,5.0,40.14419007264318,39.527707599974306,1.5834057122808844,5.0,,0,[],False,0,False,0,
487,24.35,36.794490814208984,32.82425308227539,0.6371829955643419,2.9473955499099858,0.0,0.0,1.0,PlanStatus.FAIL,4.540239002380986,0.04982948303222656,,,0,,,,,,,,,,0,[],False,0,False,0,no_path
488,24.400000000000002,36.901424407958984,32.9280891418457,0.6515946918033056,3.017271699821685,0.0,0.0,1.0,PlanStatus.FAIL,4.112166003324091,0.05340576171875,,,0,,,,,,,,,,0,[],False,0,False,0,no_path
489,24.450000000000003,37.01530838012695,33.02539825439453,0.6563802591241236,2.9720714142627087,1.0,0.6000000238418579,0.0,PlanStatus.OK,67.2338000003947,62.368154525756836,21,0.1,51,37.01530838012695,33.02539825439453,0.6563802591241236,5.0,40.51899388452775,41.92177954923431,1.6172135436340316,5.0,,0,[],False,0,False,0,
490,24.5,37.12858963012695,33.11871337890625,0.6594685273032067,2.919898312322325,1.0,0.6000000238418579,0.0,PlanStatus.OK,45.36728400125867,41.063547134399414,21,0.1,51,37.12858963012695,33.11871337890625,0.6594685273032067,5.0,40.37258092700207,42.041454484286334,1.43390237360016,5.0,,0,[],False,0,False,0,
491,24.55,37.23690414428711,33.216285705566406,0.6678724650180881,2.9254775289685955,1.0,0.6000000238418579,0.0,PlanStatus.OK,70.59306200244464,63.727617263793945,21,0.1,51,37.23690414428711,33.216285705566406,0.6678724650180881,5.0,40.40579560866295,42.16597370319218,1.4423063113150416,5.0,,0,[],False,0,False,0,
492,24.6,37.33956527709961,33.321311950683594,0.6826067366440877,2.9723942223771505,1.0,0.6000000238418579,0.0,PlanStatus.OK,66.18072700075572,59.2496395111084,25,0.1,51,37.33956527709961,33.321311950683594,0.6826067366440877,5.0,40.46381523714734,44.31208424666425,1.6434400211539955,5.0,,0,[],False,0,False,0,
493,24.650000000000002,37.43598556518555,33.43543243408203,0.7039196819528555,3.0477843000868488,1.0,0.6000000238418579,0.0,PlanStatus.OK,55.69268199906219,51.33175849914551,21,0.1,51,37.43598556518555,33.43543243408203,0.7039196819528555,5.0,40.2802769384505,42.49351142202487,1.478353528249809,5.0,,0,[],False,0,False,0,
494,24.700000000000003,37.52473449707031,33.559349060058594,0.7320692280959659,3.129980175908784,0.9955794215202332,0.6000000238418579,0.0,PlanStatus.OK,64.35575099749258,59.94892120361328,25,0.1,51,37.52473449707031,33.559349060058594,0.7320692280959659,5.0,40.47417154749709,44.691064647220244,1.6929025126058739,5.0,,0,[],False,0,False,0,
495,24.75,37.603538513183594,33.69296646118164,0.7674635710895005,3.210175289313936,0.9889058470726013,0.6000000238418579,0.0,PlanStatus.OK,65.11353600217262,60.46247482299805,17,0.1,51,37.603538513183594,33.69296646118164,0.7674635710895005,5.0,40.38986320153504,40.88902044801443,1.7571329490445429,5.0,,0,[],False,0,False,0,
496,24.8,37.66960525512695,33.83526611328125,0.8102003157874107,3.2709831855615286,0.8174772262573242,0.6000000238418579,0.0,PlanStatus.OK,68.51364199974341,62.68453598022461,13,0.1,51,37.66960525512695,33.83526611328125,0.8102003157874107,5.0,40.53138900406453,39.02064524360107,1.3693986304262749,5.0,,0,[],False,0,False,0,
497,24.85,37.725589752197266,33.98638916015625,0.8574150327002348,3.413747582962017,0.6460486650466919,0.6000000238418579,0.0,PlanStatus.OK,67.45432399475249,63.41981887817383,17,0.1,51,37.725589752197266,33.98638916015625,0.8574150327002348,5.0,40.37365962936979,41.13818058957303,1.4742855342293675,5.0,,0,[],False,0,False,0,
498,24.900000000000002,37.78186798095703,34.14784622192383,0.9024815772987737,3.622849024089739,0.5603887438774109,0.5508604049682617,0.0,PlanStatus.OK,68.59299600182567,62.02054023742676,21,0.1,51,37.78186798095703,34.14784622192383,0.9024815772987737,5.0,40.34364135313777,43.39646302837405,1.490515985382772,5.0,,0,[],False,0,False,0,
499,24.950000000000003,37.84556198120117,34.31941223144531,0.9419560828193915,3.8219749749404333,0.0,0.0,1.0,PlanStatus.FAIL,7.810791001247708,0.07796287536621094,,,0,,,,,,,,,,0,[],False,0,False,0,no_path
500,25.0,37.91725158691406,34.49852752685547,0.9745904588172224,3.9644776835070656,0.21753159165382385,0.41420891880989075,0.0,PlanStatus.OK,7.742023000901099,0.3314018249511719,1,0.1,1,37.91725158691406,34.49852752685547,0.9745904588172224,5.0,37.91725158691406,34.49852752685547,0.9745904588172224,5.0,,0,[],False,0,False,0,
501,25.05,38.00156784057617,34.67893981933594,0.995522039457891,4.038077189896136,0.3889601528644562,0.38476911187171936,0.0,PlanStatus.OK,69.29377999767894,62.808990478515625,13,0.1,51,38.00156784057617,34.67893981933594,0.995522039457891,5.0,40.11536461350814,40.154468451232894,1.583556447541889,5.0,,0,[],False,0,False,0,
502,25.1,38.08760070800781,34.8620719909668,1.0150412791934633,4.080002347740559,0.25142642855644226,0.36799904704093933,0.0,PlanStatus.OK,70.04864200280281,62.66021728515625,17,0.1,51,38.08760070800781,34.8620719909668,1.0150412791934633,5.0,40.30298135362679,42.25415954018739,1.7894751254904162,5.0,,0,[],False,0,False,0,
503,25.150000000000002,38.17137145996094,35.0494270324707,1.0351177188081073,4.152679670864388,0.2500354051589966,0.33892813324928284,0.0,PlanStatus.OK,65.48845900397282,61.33604049682617,13,0.1,51,38.17137145996094,35.0494270324707,1.0351177188081073,5.0,40.48148045436899,40.50211985578284,1.6231521268921054,5.0,,0,[],False,0,False,0,
504,25.200000000000003,38.25479507446289,35.240623474121094,1.053895401338147,4.2116354032949035,0.24893540143966675,0.3153458535671234,0.0,PlanStatus.OK,67.36121999711031,63.54117393493652,13,0.1,51,38.25479507446289,35.240623474121094,1.053895401338147,5.0,40.462113889253494,40.73573095635616,1.641929809422145,5.0,,0,[],False,0,False,0,
505,25.25,38.33628463745117,35.43567657470703,1.0726170243272406,4.264080908062011,0.39169469475746155,0.29436764121055603,0.0,PlanStatus.OK,67.40109900420066,61.67459487915039,17,0.1,51,38.33628463745117,35.43567657470703,1.0726170243272406,5.0,40.368437468791655,43.089507385986046,1.6318153389661043,5.0,,0,[],False,0,False,0,
506,25.3,38.41167449951172,35.634517669677734,1.0943030785047285,4.275538490491345,0.247770756483078,0.28978461027145386,0.0,PlanStatus.OK,66.87125799362548,62.81733512878418,17,0.1,51,38.41167449951172,35.634517669677734,1.0943030785047285,5.0,40.312061700892826,43.20986313872329,1.495938048375772,5.0,,0,[],False,0,False,0,
507,25.35,38.48246383666992,35.83661651611328,1.1163050501665273,4.324656711129723,0.14074523746967316,0.27013731002807617,0.0,PlanStatus.OK,64.32693500391906,60.32705307006836,17,0.1,51,38.48246383666992,35.83661651611328,1.1163050501665273,5.0,40.409789654558864,43.287199432298515,1.546776113482705,5.0,,0,[],False,0,False,0,
508,25.400000000000002,38.55754470825195,36.04009246826172,1.1316116351107848,4.363535870054479,0.13989895582199097,0.2545856535434723,0.0,PlanStatus.OK,54.85129300359404,49.375057220458984,21,0.1,51,38.55754470825195,36.04009246826172,1.1316116351107848,5.0,40.52745807321363,45.51042028772168,1.375683260214008,5.0,,0,[],False,0,False,0,
509,25.450000000000003,38.635128021240234,36.24456024169922,1.1433698907976482,4.3903507952249505,0.13932237029075623,0.2438596785068512,0.0,PlanStatus.OK,68.54015400313074,61.017751693725586,21,0.1,51,38.635128021240234,36.24456024169922,1.1433698907976482,5.0,40.49355324099042,45.737395612445304,1.3874415159008717,5.0,,0,[],False,0,False,0,
510,25.5,38.711910247802734,36.450416564941406,1.1545341284033694,4.405485220026233,0.24548712372779846,0.23780591785907745,0.0,PlanStatus.OK,68.22219300374854,63.43579292297363,21,0.1,51,38.711910247802734,36.450416564941406,1.1545341284033694,5.0,40.479228731023106,46.114042268386676,1.3120974731711894,5.0,,0,[],False,0,False,0,
511,25.55,38.78342819213867,36.65810775756836,1.1686311721595404,4.396098946259232,0.24564839899539948,0.2415604144334793,0.0,PlanStatus.OK,65.88275099784369,61.007022857666016,21,0.1,51,38.78342819213867,36.65810775756836,1.1686311721595404,5.0,40.48583038065666,46.35744575428531,1.727829486798404,5.0,,0,[],False,0,False,0,
512,25.6,38.846885681152344,36.86772155761719,1.1866385353442745,4.394134554428011,0.0,0.0,1.0,PlanStatus.FAIL,4.525101998297032,0.05340576171875,,,0,,,,,,,,,,0,[],False,0,False,0,no_path
513,25.650000000000002,38.911865234375,37.07651138305664,1.1993141168686157,4.3555349570853,0.0,0.0,1.0,PlanStatus.FAIL,5.55946499662241,0.05626678466796875,,,0,,,,,,,,,,0,[],False,0,False,0,no_path
514,25.700000000000003,38.98457717895508,37.277992248535156,1.2021419944721163,4.230386693109166,0.24859072268009186,0.3078453242778778,0.0,PlanStatus.OK,69.18216399935773,64.14127349853516,21,0.1,51,38.98457717895508,37.277992248535156,1.2021419944721163,5.0,40.50051520913529,47.037091790862725,1.5749408708980255,5.0,,0,[],False,0,False,0,
515,25.75,39.05466079711914,37.473690032958984,1.2058553731380683,4.1227921148898234,0.25060269236564636,0.3508831560611725,0.0,PlanStatus.OK,64.38803600030951,60.307979583740234,21,0.1,51,39.05466079711914,37.473690032958984,1.2058553731380683,5.0,40.53434922678476,47.238351529371315,1.5786542495639775,5.0,,0,[],False,0,False,0,
516,25.8,39.11447525024414,37.66903305053711,1.2169122853518592,4.075166372693373,0.25152039527893066,0.36993345618247986,0.0,PlanStatus.OK,63.545317003445234,55.63807487487793,25,0.1,51,39.11447525024414,37.66903305053711,1.2169122853518592,5.0,40.44828101161604,49.449100353573805,1.5897111617777684,5.0,,0,[],False,0,False,0,
517,25.85,39.1643180847168,37.86592102050781,1.233639866474756,4.080776503289374,0.25141140818595886,0.3676894009113312,0.0,PlanStatus.OK,67.11701300082495,62.55984306335449,21,0.1,51,39.1643180847168,37.86592102050781,1.233639866474756,5.0,40.51184229049073,47.66530577069798,1.4200393046877107,5.0,,0,[],False,0,False,0,
518,25.900000000000002,39.20882797241211,38.065216064453125,1.251637908595675,4.113264352701189,0.4228399693965912,0.3546942472457886,0.0,PlanStatus.OK,66.19600500562228,62.23297119140625,13,0.1,51,39.20882797241211,38.065216064453125,1.251637908595675,5.0,40.14463091211646,43.92060154122175,1.4668734402537642,5.0,,0,[],False,0,False,0,
519,25.950000000000003,39.24615478515625,38.267059326171875,1.272813767687331,4.129498835652792,0.25141140818595886,0.3482004702091217,0.0,PlanStatus.OK,64.88879099924816,60.27722358703613,21,0.1,51,39.24615478515625,38.267059326171875,1.272813767687331,5.0,40.58326585938016,48.1154792849497,1.4592132059002856,5.0,,0,[],False,0,False,0,
520,26.0,39.27851486206055,38.47175216674805,1.294318260857503,4.190546288334047,0.24932602047920227,0.32378149032592773,0.0,PlanStatus.OK,67.8038479964016,63.5218620300293,21,0.1,51,39.27851486206055,38.47175216674805,1.294318260857503,5.0,40.4015706035739,48.33597972616802,1.4807176990704576,5.0,,0,[],False,0,False,0,
521,26.05,39.3101692199707,38.67969512939453,1.313445882754779,4.243870376452523,0.07789744436740875,0.30245184898376465,0.0,PlanStatus.OK,67.88051400508266,61.16533279418945,17,0.1,51,39.3101692199707,38.67969512939453,1.313445882754779,5.0,40.39154440691497,46.51583845236693,1.5286814144128682,5.0,,0,[],False,0,False,0,
522,26.1,39.345394134521484,38.8900032043457,1.326854099895001,4.291683751197115,0.0,0.0,1.0,PlanStatus.FAIL,5.436491999716964,0.0591278076171875,,,0,,,,,,,,,,0,[],False,0,False,0,no_path
523,26.150000000000002,39.39009475708008,39.099708557128906,1.3309774722107706,4.277162122019566,0.0,0.0,1.0,PlanStatus.FAIL,6.748220999725163,0.06794929504394531,,,0,,,,,,,,,,0,[],False,0,False,0,no_path
524,26.200000000000003,39.43845748901367,39.30512619018555,1.3315922629484154,4.172736153435223,0.24965837597846985,0.3309055268764496,0.0,PlanStatus.OK,67.95577699813293,63.31038475036621,21,0.1,51,39.43845748901367,39.30512619018555,1.3315922629484154,5.0,40.56553290335785,49.20854670958188,1.51799170116137,5.0,,0,[],False,0,False,0,
525,26.25,39.48299789428711,39.50551986694336,1.3348984442836944,4.072462341149457,0.25157302618026733,0.3710150718688965,0.0,PlanStatus.OK,68.74978500127327,61.57088279724121,21,0.1,51,39.48299789428711,39.50551986694336,1.3348984442836944,5.0,40.57732470427299,49.412612568970815,1.521297882496649,5.0,,0,[],False,0,False,0,
526,26.3,39.51704788208008,39.70463943481445,1.34577692470445,4.032098474271343,0.25236520171165466,0.38716059923171997,0.0,PlanStatus.OK,57.26546900405083,53.389787673950195,25,0.1,51,39.51704788208008,39.70463943481445,1.34577692470445,5.0,40.58075868095401,51.621558995067254,1.5321763629174046,5.0,,0,[],False,0,False,0,
527,26.35,39.54094314575195,39.90435028076172,1.3623716140889517,4.0439257676192915,0.08093661814928055,0.38242968916893005,0.0,PlanStatus.OK,67.72506699780934,61.63477897644043,13,0.1,51,39.54094314575195,39.90435028076172,1.3623716140889517,5.0,40.64440895591192,45.79593669906161,1.5487710523019063,5.0,,0,[],False,0,False,0,
528,26.400000000000002,39.565574645996094,40.106170654296875,1.374978752373278,4.094943023242107,0.14600755274295807,0.3620227873325348,0.0,PlanStatus.OK,69.84894200286362,62.88957595825195,17,0.1,51,39.565574645996094,40.106170654296875,1.374978752373278,5.0,40.468588217317226,47.966961288965926,1.5902142840313669,5.0,,0,[],False,0,False,0,
529,26.450000000000003,39.59231948852539,40.310550689697266,1.384649356081628,4.1470155223363925,0.1447737216949463,0.3411937952041626,0.0,PlanStatus.OK,66.83882999641355,60.60075759887695,21,0.1,51,39.59231948852539,40.310550689697266,1.384649356081628,5.0,40.36110451095423,50.178860219958324,1.5998848877397172,5.0,,0,[],False,0,False,0,
530,26.5,39.61643981933594,40.51781463623047,1.395422242165162,4.198970548344662,0.14356717467308044,0.3204117715358734,0.0,PlanStatus.OK,65.30619299883256,60.75024604797363,17,0.1,51,39.61643981933594,40.51781463623047,1.395422242165162,5.0,40.49826183589036,48.393396423849246,1.4242583356102965,5.0,,0,[],False,0,False,0,
531,26.55,39.63851547241211,40.72785949707031,1.4063947321723975,4.2487428897000745,0.14243359863758087,0.30050283670425415,0.0,PlanStatus.OK,67.89648800622672,63.707590103149414,17,0.1,51,39.63851547241211,40.72785949707031,1.4063947321723975,5.0,40.433871397296826,48.612642786108985,1.435230825617532,5.0,,0,[],False,0,False,0,
532,26.6,39.65859603881836,40.94038391113281,1.417415824869527,4.291112727123789,0.141485333442688,0.28355491161346436,0.0,PlanStatus.OK,69.91142499464331,63.57264518737793,17,0.1,51,39.65859603881836,40.94038391113281,1.417415824869527,5.0,40.36700649209637,48.833453858373815,1.4462519183146614,5.0,,0,[],False,0,False,0,
533,26.650000000000002,39.67660903930664,41.15502166748047,1.4284540949556874,4.327366522798568,0.14068585634231567,0.2690533995628357,0.0,PlanStatus.OK,67.66886599507416,63.32683563232422,17,0.1,51,39.67660903930664,41.15502166748047,1.4284540949556874,5.0,40.53057657247073,49.056129248516534,1.6436896266137766,5.0,,0,[],False,0,False,0,
534,26.700000000000003,39.69247055053711,41.37141036987305,1.4394998218929,4.3552782350319745,0.14007768034934998,0.25788870453834534,0.0,PlanStatus.OK,69.43450799735729,62.75010108947754,17,0.1,51,39.69247055053711,41.37141036987305,1.4394998218929,5.0,40.59865534713194,49.27475159081277,1.4683359153380344,5.0,,0,[],False,0,False,0,
535,26.75,39.70610427856445,41.58917236328125,1.45055167410062,4.377888720553883,0.13958962261676788,0.24884450435638428,0.0,PlanStatus.OK,68.82234699878609,64.178466796875,17,0.1,51,39.70610427856445,41.58917236328125,1.45055167410062,5.0,40.524888952462646,49.50204573507068,1.4793877675457545,5.0,,0,[],False,0,False,0,
536,26.8,39.71745681762695,41.80800247192383,1.4616020615697403,4.393651334228005,-0.031838949769735336,0.24253946542739868,0.0,PlanStatus.OK,68.61443399975542,63.95864486694336,21,0.1,51,39.71745681762695,41.80800247192383,1.4616020615697403,5.0,40.42982240544377,51.7069973141146,1.4616020615697403,5.0,,0,[],False,0,False,0,
537,26.85,39.7331657409668,42.02718734741211,1.4669235900599364,4.396155664724137,-0.14409101009368896,0.24153773486614227,0.0,PlanStatus.OK,69.8205250009778,64.07761573791504,21,0.1,51,39.7331657409668,42.02718734741211,1.4669235900599364,5.0,40.39284370773609,51.929832882650864,1.4669235900599364,5.0,,0,[],False,0,False,0,
538,26.900000000000002,39.75983428955078,42.24491500854492,1.462725782391699,4.381346312709008,-0.1440676748752594,0.2474614679813385,0.0,PlanStatus.OK,64.3868580009439,60.14823913574219,17,0.1,51,39.75983428955078,42.24491500854492,1.462725782391699,5.0,40.6175733666347,50.15083637994459,1.462725782391699,5.0,,0,[],False,0,False,0,
539,26.950000000000003,39.79549789428711,42.4608154296875,1.4528017789056278,4.381952511891156,0.02736089751124382,0.2472189962863922,0.0,PlanStatus.OK,67.83561799966265,60.124874114990234,17,0.1,51,39.79549789428711,42.4608154296875,1.4528017789056278,5.0,40.59647571607331,50.37551111993303,1.4816378723507624,5.0,,0,[],False,0,False,0,
540,27.0,39.828975677490234,42.67735290527344,1.447430449303047,4.383144763246015,5.2668792416309725e-15,0.2467420995235443,0.0,PlanStatus.OK,68.6613030047738,62.04938888549805,13,0.1,51,39.828975677490234,42.67735290527344,1.447430449303047,5.0,40.427924687845525,48.641385718855396,1.6338298875160016,5.0,,0,[],False,0,False,0,
541,27.05,39.85736083984375,42.89491271972656,1.4469333702855838,4.3911982063687445,-4.996060785537144e-15,0.24352072179317474,0.0,PlanStatus.OK,68.04217899480136,63.065528869628906,17,0.1,51,39.85736083984375,42.89491271972656,1.4469333702855838,5.0,40.4739808742132,50.85587950020052,1.4469333702855838,5.0,,0,[],False,0,False,0,
542,27.1,39.88489532470703,43.11301803588867,1.4468343006930329,4.3997949678128165,-7.068167542921588e-16,0.2400820106267929,0.0,PlanStatus.OK,68.33010300033493,62.8509521484375,17,0.1,51,39.88489532470703,43.11301803588867,1.4468343006930329,5.0,40.502304045784456,51.07392368899959,1.4468343006930329,5.0,,0,[],False,0,False,0,
543,27.150000000000002,39.912235260009766,43.331478118896484,1.446857337036462,4.405684619461976,6.576320603802078e-15,0.2377261519432068,0.0,PlanStatus.OK,65.15810400014743,61.1875057220459,17,0.1,51,39.912235260009766,43.331478118896484,1.446857337036462,5.0,40.52946059076679,51.29239799273444,1.446857337036462,5.0,,0,[],False,0,False,0,
544,27.200000000000003,39.93951416015625,43.55022048950195,1.4468196533070374,4.410578715593711,5.64326436685317e-16,0.23576851189136505,0.0,PlanStatus.OK,69.95793300302466,62.9422664642334,21,0.1,51,39.93951416015625,43.55022048950195,1.4468196533070374,5.0,40.43227502126081,53.50722176190674,1.4468196533070374,5.0,,0,[],False,0,False,0,
545,27.25,39.966819763183594,43.769168853759766,1.446855739139808,4.414454756296813,4.12871768227358e-15,0.23421809077262878,0.0,PlanStatus.OK,69.55787100014277,62.64972686767578,21,0.1,51,39.966819763183594,43.769168853759766,1.446855739139808,5.0,40.459221317284616,53.726187901367666,1.446855739139808,5.0,,0,[],False,0,False,0,
546,27.3,39.994110107421875,43.988285064697266,1.4468195201489829,4.417426561116761,-6.682840926149937e-15,0.23302938044071198,0.0,PlanStatus.OK,70.36240700108465,61.4778995513916,17,0.1,51,39.994110107421875,43.988285064697266,1.4468195201489829,5.0,40.61163649494852,51.94918159130179,1.4468195201489829,5.0,,0,[],False,0,False,0,
547,27.35,40.02143859863281,44.207523345947266,1.44685520650759,4.419631421360528,2.2535351795765655e-15,0.2321474254131317,0.0,PlanStatus.OK,66.07056700158864,60.88566780090332,17,0.1,51,40.02143859863281,44.207523345947266,1.44685520650759,5.0,40.49898284241419,52.1673108582173,1.6332546447205445,5.0,,0,[],False,0,False,0,
548,27.400000000000002,40.04875946044922,44.42686080932617,1.4468196533070374,4.42120872596877,5.632198940188477e-16,0.2315165102481842,0.0,PlanStatus.OK,66.40160700044362,60.771942138671875,17,0.1,51,40.04875946044922,44.42686080932617,1.4468196533070374,5.0,40.526586699850505,52.386631338339214,1.633219091519992,5.0,,0,[],False,0,False,0,
549,27.450000000000003,40.07611083984375,44.64625549316406,1.44685520650759,4.422291655473,2.252429589822162e-15,0.23108333349227905,0.0,PlanStatus.OK,67.267885999172,60.99057197570801,17,0.1,51,40.07611083984375,44.64625549316406,1.44685520650759,5.0,40.41490463551083,52.589759977040686,1.819654082933499,5.0,,0,[],False,0,False,0,
550,27.5,40.10344314575195,44.86569595336914,1.4468196533070374,4.422997381664769,0.17142857611179352,0.2308010458946228,0.0,PlanStatus.OK,66.63814000057755,60.667991638183594,17,0.1,51,40.10344314575195,44.86569595336914,1.4468196533070374,5.0,40.581604222358386,52.8363100437202,1.633219091519992,5.0,,0,[],False,0,False,0,
551,27.55,40.12688064575195,45.085296630859375,1.4502107894810898,4.410889099858835,0.2453945279121399,0.2356443554162979,0.0,PlanStatus.OK,70.86534499831032,64.26048278808594,17,0.1,51,40.12688064575195,45.085296630859375,1.4502107894810898,5.0,40.578009587015885,53.05748639721833,1.6366102276940444,5.0,,0,[],False,0,False,0,
552,27.6,40.13931655883789,45.304256439208984,1.461640011615274,4.377875477906393,0.07396595925092697,0.2488498091697693,0.0,PlanStatus.OK,65.68407899612794,60.6231689453125,17,0.1,51,40.13931655883789,45.304256439208984,1.461640011615274,5.0,40.49912899057711,53.27023414186573,1.6480394498282285,5.0,,0,[],False,0,False,0,
553,27.650000000000002,40.14754104614258,45.52289581298828,1.4733758967489805,4.386321836988098,6.154564688155796e-15,0.2454712688922882,0.0,PlanStatus.OK,69.49127899861196,62.220096588134766,17,0.1,51,40.14754104614258,45.52289581298828,1.4733758967489805,5.0,40.553461976322914,53.49738266450654,1.4733758967489805,5.0,,0,[],False,0,False,0,
554,27.700000000000003,40.16284942626953,45.741615295410156,1.4770332158739863,4.387069211261115,2.4493389155538954e-15,0.24517232179641724,0.0,PlanStatus.OK,68.43193900567712,62.825918197631836,17,0.1,51,40.16284942626953,45.741615295410156,1.4770332158739863,5.0,40.539602463401856,53.71753339275843,1.4770332158739863,5.0,,0,[],False,0,False,0,
555,27.75,40.18193435668945,45.960350036621094,1.477626568164856,4.394288511890684,3.780275856343947e-15,0.2422845959663391,0.0,PlanStatus.OK,66.06219700188376,61.626434326171875,17,0.1,51,40.18193435668945,45.960350036621094,1.477626568164856,5.0,40.553954798503504,53.93649027720541,1.477626568164856,5.0,,0,[],False,0,False,0,
556,27.8,40.20198440551758,46.1793098449707,1.4776786329641671,4.399865074475695,-3.675399624946708e-15,0.2400539666414261,0.0,PlanStatus.OK,68.85532899468672,64.13483619689941,17,0.1,51,40.20198440551758,46.1793098449707,1.4776786329641671,5.0,40.573589570686636,54.155469443914015,1.4776786329641671,5.0,,0,[],False,0,False,0,
557,27.85,40.222347259521484,46.39852523803711,1.4777276351282245,4.405069073248677,-3.349059853226255e-15,0.23797236382961273,0.0,PlanStatus.OK,68.2271830009995,64.14413452148438,17,0.1,51,40.222347259521484,46.39852523803711,1.4777276351282245,5.0,40.59356157516334,54.37470303686149,1.4777276351282245,5.0,,0,[],False,0,False,0,
558,27.900000000000002,40.2427864074707,46.61796951293945,1.477693413508217,4.409550293188497,0.17142857611179352,0.2361798882484436,0.0,PlanStatus.OK,72.62698499835096,64.48531150817871,17,0.1,51,40.2427864074707,46.61796951293945,1.477693413508217,5.0,40.61427368062091,54.59413460353804,1.477693413508217,5.0,,0,[],False,0,False,0,
559,27.950000000000003,40.25783920288086,46.83747482299805,1.4823610027927443,4.392708502754817,3.478064029884269e-15,0.24291659891605377,0.0,PlanStatus.OK,69.72232400585199,63.374996185302734,17,0.1,51,40.25783920288086,46.83747482299805,1.4823610027927443,5.0,40.592093101829114,54.815286971553164,1.4823610027927443,5.0,,0,[],False,0,False,0,
560,28.0,40.27014923095703,47.056785583496094,1.4876240748970135,4.3954378615102465,-9.196038714388518e-16,0.24182485044002533,0.0,PlanStatus.OK,66.97336599609116,63.04645538330078,17,0.1,51,40.27014923095703,47.056785583496094,1.4876240748970135,5.0,40.562410893782236,55.036246434144985,1.4876240748970135,5.0,,0,[],False,0,False,0,
561,28.05,40.28670120239258,47.27605438232422,1.4885663012906836,4.400019417044662,6.300504653319449e-15,0.23999223113059998,0.0,PlanStatus.OK,69.48081600421574,60.2571964263916,17,0.1,51,40.28670120239258,47.27605438232422,1.4885663012906836,5.0,40.57144427797598,55.255787067540155,1.4885663012906836,5.0,,0,[],False,0,False,0,
562,28.1,40.3043327331543,47.49550247192383,1.4886717624698507,4.404829055970128,-1.513196619940785e-15,0.2380683720111847,0.0,PlanStatus.OK,65.99610400007805,61.83290481567383,17,0.1,51,40.3043327331543,47.49550247192383,1.4886717624698507,5.0,40.58823425513733,55.47526514210465,1.4886717624698507,5.0,,0,[],False,0,False,0,
563,28.150000000000002,40.32229232788086,47.71514129638672,1.4887300856977232,4.409055510024507,0.17142857611179352,0.2363777905702591,0.0,PlanStatus.OK,65.04140199831454,61.176300048828125,17,0.1,51,40.32229232788086,47.71514129638672,1.4887300856977232,5.0,40.605728443864706,55.69492051104872,1.4887300856977232,5.0,,0,[],False,0,False,0,
564,28.200000000000003,40.33488082885742,47.934783935546875,1.4933478738698662,4.392810478972021,-1.718778213093643e-16,0.2428758144378662,0.0,PlanStatus.OK,66.00653000350576,61.612844467163086,17,0.1,51,40.33488082885742,47.934783935546875,1.4933478738698662,5.0,40.58146512374236,55.91578691337565,1.4933478738698662,5.0,,0,[],False,0,False,0,
565,28.25,40.34477615356445,48.15419006347656,1.4986587497157022,4.394548638546429,1.7081172181914839e-15,0.24218054115772247,0.0,PlanStatus.OK,69.11925000167685,61.104536056518555,17,0.1,51,40.34477615356445,48.15419006347656,1.4986587497157022,5.0,40.548971054265095,56.13639006028972,1.4986587497157022,5.0,,0,[],False,0,False,0,
566,28.3,40.35889434814453,48.37360763549805,1.499540921826791,4.3995827958984375,-4.241067232424884e-16,0.24016688764095306,0.0,PlanStatus.OK,67.72953099425649,61.71154975891113,17,0.1,51,40.35889434814453,48.37360763549805,1.499540921826791,5.0,40.55604749608112,56.35598466135034,1.499540921826791,5.0,,0,[],False,0,False,0,
567,28.35,40.3741340637207,48.59320068359375,1.4997176225651176,4.404320949828772,-2.956055412183336e-15,0.23827162384986877,0.0,PlanStatus.OK,66.7567179989419,60.532569885253906,17,0.1,51,40.3741340637207,48.59320068359375,1.4997176225651176,5.0,40.56987671667269,56.575612421935176,1.4997176225651176,5.0,,0,[],False,0,False,0,
568,28.400000000000002,40.389644622802734,48.81300354003906,1.4997035078113403,4.408643553539333,0.17142857611179352,0.23654258251190186,0.0,PlanStatus.OK,66.65389499539742,62.8817081451416,17,0.1,51,40.389644622802734,48.81300354003906,1.4997035078113403,5.0,40.724104627336374,56.77793206731174,1.3133040695983857,5.0,,0,[],False,0,False,0,
569,28.450000000000003,40.39982986450195,49.03274917602539,1.504375358153612,4.391849976718775,4.762875156256877e-15,0.24326001107692719,0.0,PlanStatus.OK,66.26261800556676,62.36124038696289,21,0.1,51,40.39982986450195,49.03274917602539,1.504375358153612,5.0,40.829819681711186,58.99474319949865,1.3179759199406573,5.0,,0,[],False,0,False,0,
570,28.5,40.40729522705078,49.25223922729492,1.5096388297320444,4.394624517927941,4.800853572512918e-15,0.2421501874923706,0.0,PlanStatus.OK,68.16553100361489,60.981035232543945,17,0.1,51,40.40729522705078,49.25223922729492,1.5096388297320444,5.0,40.5238343852198,57.236200084614396,1.5096388297320444,5.0,,0,[],False,0,False,0,
571,28.55,40.41901779174805,49.4717903137207,1.5105807898096055,4.399292152418534,6.563909771179789e-16,0.24028313159942627,0.0,PlanStatus.OK,68.90220199420583,62.17336654663086,13,0.1,51,40.41901779174805,49.4717903137207,1.5105807898096055,5.0,40.780092717068186,55.460915867447625,1.5105807898096055,5.0,,0,[],False,0,False,0,
572,28.6,40.43181228637695,49.691532135009766,1.5106865173048816,4.404213557658562,2.895579377331747e-15,0.23831458389759064,0.0,PlanStatus.OK,67.1667360002175,61.11645698547363,13,0.1,51,40.43181228637695,49.691532135009766,1.5106865173048816,5.0,40.79225399443649,55.68069583080995,1.5106865173048816,5.0,,0,[],False,0,False,0,
573,28.650000000000002,40.4449348449707,49.9114875793457,1.510745240006918,4.408555695831898,7.19785305170655e-15,0.23657771944999695,0.0,PlanStatus.OK,69.23936700331978,60.67705154418945,13,0.1,51,40.4449348449707,49.9114875793457,1.510745240006918,5.0,40.80502485253385,55.90067243093051,1.510745240006918,5.0,,0,[],False,0,False,0,
574,28.700000000000003,40.458126068115234,50.13164138793945,1.5107124831255099,4.412282441611989,-7.172748689215826e-15,0.23508702218532562,0.0,PlanStatus.OK,67.89320000098087,61.32245063781738,13,0.1,51,40.458126068115234,50.13164138793945,1.5107124831255099,5.0,40.81841226250299,56.1208144408854,1.5107124831255099,5.0,,0,[],False,0,False,0,
575,28.75,40.47137451171875,50.35194778442383,1.5107491015904986,4.415337452282565,5.84974167087797e-15,0.23386502265930176,0.0,PlanStatus.OK,67.14139100222383,61.50531768798828,13,0.1,51,40.47137451171875,50.35194778442383,1.5107491015904986,5.0,40.83144139154132,56.341134026481654,1.5107491015904986,5.0,,0,[],False,0,False,0,
576,28.8,40.484619140625,50.57238006591797,1.5107134152318915,4.417757279348498,3.582750314143086e-15,0.232897087931633,0.0,PlanStatus.OK,67.79540499701397,61.83123588562012,13,0.1,51,40.484619140625,50.57238006591797,1.5107134152318915,5.0,40.84489975246623,56.56155345468633,1.5107134152318915,5.0,,0,[],False,0,False,0,
577,28.85,40.49789810180664,50.79292678833008,1.5107491015904986,4.41961056887182,5.8451291529636965e-15,0.23215577006340027,0.0,PlanStatus.OK,68.08789600472664,63.00187110900879,13,0.1,51,40.49789810180664,50.79292678833008,1.5107491015904986,5.0,40.85796498162921,56.782113030387904,1.5107491015904986,5.0,,0,[],False,0,False,0,
578,28.900000000000002,40.51115036010742,51.013553619384766,1.5107134152318915,4.420982507556491,3.58061875573132e-15,0.23160699009895325,0.0,PlanStatus.OK,68.32318799570203,63.00830841064453,13,0.1,51,40.51115036010742,51.013553619384766,1.5107134152318915,5.0,40.871430971948655,57.00272700815313,1.5107134152318915,5.0,,0,[],False,0,False,0,
579,28.950000000000003,40.52443313598633,51.23423385620117,1.5107491015904986,4.4219632310719605,5.842593136319617e-15,0.231214702129364,0.0,PlanStatus.OK,69.74347699724603,63.1861686706543,13,0.1,51,40.52443313598633,51.23423385620117,1.5107491015904986,5.0,40.8845000158089,57.223420098259,1.5107491015904986,5.0,,0,[],False,0,False,0,
580,29.0,40.53770065307617,51.45494842529297,1.5107134152318915,4.422634394240209,3.579527777295257e-15,0.23094624280929565,0.0,PlanStatus.OK,68.09500500094146,63.358306884765625,13,0.1,51,40.53770065307617,51.45494842529297,1.5107134152318915,5.0,40.897981264917405,57.44412181406133,1.5107134152318915,5.0,,0,[],False,0,False,0,
581,29.05,40.55099105834961,51.67569351196289,1.5107491015904986,4.423070389046192,0.17142857611179352,0.23077183961868286,0.0,PlanStatus.OK,68.64115800271975,63.575029373168945,13,0.1,51,40.55099105834961,51.67569351196289,1.5107491015904986,5.0,40.69954712826478,57.65611299322369,1.2955135699324094,5.0,,0,[],False,0,False,0,
582,29.1,40.56033706665039,51.89634704589844,1.5140808492722422,4.41132181629317,3.58046925441613e-15,0.23547127842903137,0.0,PlanStatus.OK,69.71564600098645,63.76290321350098,13,0.1,51,40.56033706665039,51.89634704589844,1.5140808492722422,5.0,40.900447527545936,57.88669969615117,1.5140808492722422,5.0,,0,[],False,0,False,0,
583,29.150000000000002,40.5679931640625,52.11673355102539,1.51769063097179,4.41090917235956,6.973036107945155e-15,0.23563632369041443,0.0,PlanStatus.OK,67.27467700693524,63.309669494628906,13,0.1,51,40.5679931640625,52.11673355102539,1.51769063097179,5.0,40.8864775906427,58.10827489445495,1.51769063097179,5.0,,0,[],False,0,False,0,
584,29.200000000000003,40.57855987548828,52.33707809448242,1.5182448347946356,4.4126829866049,-2.1859146335731234e-15,0.23492680490016937,0.0,PlanStatus.OK,68.0406489991583,63.0955696105957,13,0.1,51,40.57855987548828,52.33707809448242,1.5182448347946356,5.0,40.89372371821119,58.328795023063094,1.5182448347946356,5.0,,0,[],False,0,False,0,
585,29.25,40.589866638183594,52.55746841430664,1.5183724002108503,4.414413624696847,-6.8577515356920554e-15,0.23423455655574799,0.0,PlanStatus.OK,67.98327800061088,63.033342361450195,13,0.1,51,40.589866638183594,52.55746841430664,1.5183724002108503,5.0,40.904266142480395,58.54922549814256,1.5183724002108503,5.0,,0,[],False,0,False,0,
586,29.3,40.601341247558594,52.7779426574707,1.5183505622899116,4.416158903955856,-1.0670887188191785e-15,0.23353643715381622,0.0,PlanStatus.OK,71.10569399810629,62.422752380371094,13,0.1,51,40.601341247558594,52.7779426574707,1.5183505622899116,5.0,40.91587159929793,58.76969287404637,1.5183505622899116,5.0,,0,[],False,0,False,0,
587,29.35,40.61289978027344,52.99850082397461,1.5183890449676634,4.417734817345846,1.4290804249269206e-15,0.23290607333183289,0.0,PlanStatus.OK,65.24081899988232,61.176300048828125,13,0.1,51,40.61289978027344,52.99850082397461,1.5183890449676634,5.0,40.927199553187194,58.99026314008381,1.5183890449676634,5.0,,0,[],False,0,False,0,
588,29.400000000000002,40.62445831298828,53.21913146972656,1.5183533586090563,4.419093538038775,7.284470640892774e-15,0.23236258327960968,0.0,PlanStatus.OK,65.01171499985503,61.16175651550293,13,0.1,51,40.62445831298828,53.21913146972656,1.5183533586090563,5.0,40.93897190988059,59.21088256580606,1.5183533586090563,5.0,,0,[],False,0,False,0,
589,29.450000000000003,40.636051177978516,53.4398078918457,1.5183894444418269,4.420216296259408,5.7539422445435084e-15,0.2319134771823883,0.0,PlanStatus.OK,65.93182800133945,61.43665313720703,13,0.1,51,40.636051177978516,53.4398078918457,1.5183894444418269,5.0,40.95034855733803,59.431570333509086,1.5183894444418269,5.0,,0,[],False,0,False,0,
590,29.5,40.647621154785156,53.66054916381836,1.5183533586090563,4.421110611831253,7.28176013546156e-15,0.2315557599067688,0.0,PlanStatus.OK,67.7616670000134,62.08300590515137,13,0.1,51,40.647621154785156,53.66054916381836,1.5183533586090563,5.0,40.96213475167747,59.65230025989786,1.5183533586090563,5.0,,0,[],False,0,False,0,
591,29.55,40.65921401977539,53.88132095336914,1.5183890449676634,4.421798783878362,1.4280092458859991e-15,0.23128049075603485,0.0,PlanStatus.OK,68.28057900565909,60.956478118896484,13,0.1,51,40.65921401977539,53.88132095336914,1.5183890449676634,5.0,40.97351379268915,59.87308326947834,1.5183890449676634,5.0,,0,[],False,0,False,0,
592,29.6,40.67078399658203,54.10212326049805,1.5183533586090563,4.422311217202347,7.280148231762935e-15,0.23107551038265228,0.0,PlanStatus.OK,66.85347000166075,61.64693832397461,13,0.1,51,40.67078399658203,54.10212326049805,1.5183533586090563,5.0,40.98529759347434,60.093874356577544,1.5183533586090563,5.0,,0,[],False,0,False,0,
593,29.650000000000002,40.68238067626953,54.32294845581055,1.5183890449676634,4.422679866889183,1.4277772647375698e-15,0.23092804849147797,0.0,PlanStatus.OK,67.55736599734519,61.10548973083496,13,0.1,51,40.68238067626953,54.32294845581055,1.5183890449676634,5.0,40.99668044918329,60.31471077191975,1.5183890449676634,5.0,,0,[],False,0,False,0,
594,29.700000000000003,40.69395446777344,54.54378890991211,1.5183533586090563,4.422934097859126,7.279311363211048e-15,0.23082636296749115,0.0,PlanStatus.OK,68.47835199732799,60.77289581298828,13,0.1,51,40.69395446777344,54.54378890991211,1.5183533586090563,5.0,41.14737463149948,60.520647405276925,1.3319539203961017,5.0,,0,[],False,0,False,0,
595,29.75,40.70554733276367,54.76463317871094,1.5183890449676634,4.4231009157127135,1.427666409300598e-15,0.2307596355676651,0.0,PlanStatus.OK,68.59535400144523,61.85412406921387,13,0.1,51,40.70554733276367,54.76463317871094,1.5183890449676634,5.0,41.15875420388541,60.7415078511845,1.3319896067547088,5.0,,0,[],False,0,False,0,
596,29.8,40.71712112426758,54.98548889160156,1.5183533586090563,4.423202967475795,-0.1386236846446991,0.23071880638599396,0.0,PlanStatus.OK,66.29473900102312,62.49690055847168,13,0.1,51,40.71712112426758,54.98548889160156,1.5183533586090563,5.0,41.37686620431476,60.85417348737735,1.1167183887380125,5.0,,0,[],False,0,False,0,
597,29.85,40.73400115966797,55.205467224121094,1.5138325095005922,4.405690771114578,-0.13899506628513336,0.2377236932516098,0.0,PlanStatus.OK,70.2624960031244,63.12441825866699,13,0.1,51,40.73400115966797,55.205467224121094,1.5138325095005922,5.0,41.565741978540785,61.001964543016335,0.8969620079714595,5.0,,0,[],False,0,False,0,
598,29.900000000000002,40.75871658325195,55.42390823364258,1.5040637683060725,4.39889839259009,-0.13913975656032562,0.24044063687324524,0.0,PlanStatus.OK,66.57181899936404,62.0570182800293,13,0.1,51,40.75871658325195,55.42390823364258,1.5040637683060725,5.0,41.64704129818322,61.21200404820726,0.8871932667769398,5.0,,0,[],False,0,False,0,
599,29.950000000000003,40.78752899169922,55.641780853271484,1.4932671800888369,4.401722526824619,-0.13907955586910248,0.23931099474430084,0.0,PlanStatus.OK,66.61634099873481,62.70289421081543,13,0.1,51,40.78752899169922,55.641780853271484,1.4932671800888369,5.0,41.73829240577106,61.41994863278439,0.8763966785597039,5.0,,0,[],False,0,False,0,
600,30.0,40.819183349609375,55.85932922363281,1.4822318394798755,4.402437458089852,-0.13906432688236237,0.23902501165866852,0.0,PlanStatus.OK,72.7387250008178,64.06021118164062,13,0.1,51,40.819183349609375,55.85932922363281,1.4822318394798755,5.0,41.83365162824852,61.626653392549784,0.8653613379507428,5.0,,0,[],False,0,False,0,
601,30.05,40.85342025756836,56.07666015625,1.47123657944532,4.407437305568192,-0.1389579176902771,0.23702508211135864,0.0,PlanStatus.OK,69.26021999970544,63.063859939575195,13,0.1,51,40.85342025756836,56.07666015625,1.47123657944532,5.0,41.93123916559401,61.83248158843857,0.8543660779161872,5.0,,0,[],False,0,False,0,
602,30.1,40.89008331298828,56.29372024536133,1.4601656856358058,4.408406743062386,-0.138937309384346,0.23663730919361115,0.0,PlanStatus.OK,67.5111119999201,63.291311264038086,13,0.1,51,40.89008331298828,56.29372024536133,1.4601656856358058,5.0,42.031556956609144,62.037256775989285,0.8432951841066731,5.0,,0,[],False,0,False,0,
603,30.150000000000002,40.929195404052734,56.51050567626953,1.4491615040115986,4.413020144374337,-0.13883933424949646,0.23479194939136505,0.0,PlanStatus.OK,70.88232599926414,63.7812614440918,13,0.1,51,40.929195404052734,56.51050567626953,1.4491615040115986,5.0,42.13380158029478,62.241133732416465,0.8322910024824657,5.0,,0,[],False,0,False,0,
604,30.200000000000003,40.97068786621094,56.72696304321289,1.438086748618504,4.413317422805955,-0.13883303105831146,0.23467303812503815,0.0,PlanStatus.OK,68.28653899719939,63.324928283691406,13,0.1,51,40.97068786621094,56.72696304321289,1.438086748618504,5.0,42.238684177249404,62.44389922555145,0.8212162470893711,5.0,,0,[],False,0,False,0,
605,30.25,41.014610290527344,56.94306182861328,1.4270804364654246,4.417125299523918,-0.1387522965669632,0.23314988613128662,0.0,PlanStatus.OK,67.15962900489103,63.23742866516113,13,0.1,51,41.014610290527344,56.94306182861328,1.4270804364654246,5.0,42.34545091429565,62.645696061304946,0.8102099349362917,5.0,,0,[],False,0,False,0,
606,30.3,41.0609016418457,57.15872573852539,1.4160052815981665,4.416633179236104,0.032676272094249725,0.23334673047065735,0.0,PlanStatus.OK,68.96253699960653,63.10582160949707,17,0.1,51,41.0609016418457,57.15872573852539,1.4160052815981665,5.0,43.075038339892856,64.6582698549629,0.8279708735141678,5.0,,0,[],False,0,False,0,
607,30.35,41.10300827026367,57.37526321411133,1.4107482016063502,4.409058399312935,-0.1387522965669632,0.23637664318084717,0.0,PlanStatus.OK,69.00347900227644,62.64543533325195,13,0.1,51,41.10300827026367,57.37526321411133,1.4107482016063502,5.0,42.52680402358166,63.055402262635816,0.7938777000772174,5.0,,0,[],False,0,False,0,
608,30.400000000000002,41.14319610595703,57.59186935424805,1.4070803629950386,4.401870209901063,-0.13907641172409058,0.23925191164016724,0.0,PlanStatus.OK,67.60796700109495,61.96188926696777,13,0.1,51,41.14319610595703,57.59186935424805,1.4070803629950386,5.0,42.58781606870184,63.26674795391677,0.7902098614659058,5.0,,0,[],False,0,False,0,
609,30.450000000000003,41.19061279296875,57.80634689331055,1.3978631624622742,4.396089378794352,-0.13919970393180847,0.24156424403190613,0.0,PlanStatus.OK,66.3756909998483,62.02077865600586,13,0.1,51,41.19061279296875,57.80634689331055,1.3978631624622742,5.0,42.687477144437196,63.467669271610674,0.7809926609331411,5.0,,0,[],False,0,False,0,
610,30.5,41.24222946166992,58.01976776123047,1.3870842842662876,4.396578621667714,-0.13918925821781158,0.24136854708194733,0.0,PlanStatus.OK,65.36819400207605,60.575008392333984,13,0.1,51,41.24222946166992,58.01976776123047,1.3870842842662876,5.0,42.80002838068027,63.6646270584733,0.7702137827371548,5.0,,0,[],False,0,False,0,
611,30.55,41.29674530029297,58.23263168334961,1.3761308358608462,4.4021061668772665,-0.13907139003276825,0.2391575276851654,0.0,PlanStatus.OK,69.57319700450171,63.074350357055664,13,0.1,51,41.29674530029297,58.23263168334961,1.3761308358608462,5.0,42.91628020810203,63.860089425538945,0.7592603343317134,5.0,,0,[],False,0,False,0,
612,30.6,41.35375213623047,58.44501495361328,1.3650671325862755,4.403907435781526,-0.1390330195426941,0.23843702673912048,0.0,PlanStatus.OK,66.9049839998479,62.91937828063965,13,0.1,51,41.35375213623047,58.44501495361328,1.3650671325862755,5.0,43.0354471775216,64.05421059522142,0.7481966310571427,5.0,,0,[],False,0,False,0,
613,30.650000000000002,41.41322326660156,58.65692138671875,1.3540652146489947,4.409392411758919,-0.13891637325286865,0.23624303936958313,0.0,PlanStatus.OK,69.65770699753193,62.3931884765625,13,0.1,51,41.41322326660156,58.65692138671875,1.3540652146489947,5.0,43.15652719608009,64.24727605947464,0.7371947131198616,5.0,,0,[],False,0,False,0,
614,30.700000000000003,41.47504425048828,58.868309020996094,1.342991524520336,4.4104884193950085,-0.13889308273792267,0.23580463230609894,0.0,PlanStatus.OK,68.07663500512717,62.368154525756836,13,0.1,51,41.47504425048828,58.868309020996094,1.342991524520336,5.0,43.280145883476465,64.43901652115461,0.7261210229912033,5.0,,0,[],False,0,False,0,
615,30.75,41.53926086425781,59.079139709472656,1.3319857449994748,4.41499909279662,-0.13879737257957458,0.23400036990642548,0.0,PlanStatus.OK,70.98246899840888,64.12982940673828,13,0.1,51,41.53926086425781,59.079139709472656,1.3319857449994748,5.0,43.40556191572364,64.62964368145902,0.7151152434703417,5.0,,0,[],False,0,False,0,
616,30.8,41.605796813964844,59.28935241699219,1.3209108564483256,4.415085997392758,-0.13879552483558655,0.23396560549736023,0.0,PlanStatus.OK,67.82562199805398,63.16995620727539,13,0.1,51,41.605796813964844,59.28935241699219,1.3209108564483256,5.0,43.533453369036906,64.81884734541255,0.7040403549191928,5.0,,0,[],False,0,False,0,
617,30.85,41.67470169067383,59.4989128112793,1.3099037453469191,4.418622972105179,-0.1387205719947815,0.23255081474781036,0.0,PlanStatus.OK,66.98874200083083,62.73078918457031,13,0.1,51,41.67470169067383,59.4989128112793,1.3099037453469191,5.0,43.663104008881675,65.00685527454854,0.6930332438177862,5.0,,0,[],False,0,False,0,
618,30.900000000000002,41.74590301513672,59.70775604248047,1.298828590479661,4.417856383580451,-0.1387368142604828,0.23285745084285736,0.0,PlanStatus.OK,68.89082700217841,62.752723693847656,13,0.1,51,41.74590301513672,59.70775604248047,1.298828590479661,5.0,43.795183455543764,65.19333929627439,0.6819580889505281,5.0,,0,[],False,0,False,0,
619,30.950000000000003,41.81945037841797,59.91585159301758,1.2878217456943637,4.420662587312252,-0.13867740333080292,0.231734961271286,0.0,PlanStatus.OK,66.92536199989263,62.743186950683594,13,0.1,51,41.81945037841797,59.91585159301758,1.2878217456943637,5.0,43.92898442854834,65.37854690294284,0.6709512441652308,5.0,,0,[],False,0,False,0,
620,31.0,41.895263671875,60.12314987182617,1.2767463245109967,4.4193080228066135,-0.13870607316493988,0.2322767972946167,0.0,PlanStatus.OK,70.73640000453452,62.79563903808594,13,0.1,51,41.895263671875,60.12314987182617,1.2767463245109967,5.0,44.06516875483494,65.56214664408881,0.6598758229818635,5.0,,0,[],False,0,False,0,
621,31.05,41.97340393066406,60.32963180541992,1.2657390802515356,4.42164845991964,-0.13865655660629272,0.23134061694145203,0.0,PlanStatus.OK,67.72102499962784,62.60538101196289,13,0.1,51,41.97340393066406,60.32963180541992,1.2657390802515356,5.0,44.203044719793745,65.74441489518335,0.6488685787224027,5.0,,0,[],False,0,False,0,
622,31.1,42.05378341674805,60.53524398803711,1.25466459117455,4.419943407077489,-0.13869263231754303,0.23202264308929443,0.0,PlanStatus.OK,67.3269370017806,62.480926513671875,13,0.1,51,42.05378341674805,60.53524398803711,1.25466459117455,5.0,44.343252211341074,65.92500340718782,0.6377940896454168,5.0,,0,[],False,0,False,0,
623,31.150000000000002,42.1364631652832,60.73997116088867,1.2436581458634162,4.422025733613255,-0.13864856958389282,0.23118971288204193,0.0,PlanStatus.OK,66.77843799843686,62.31975555419922,13,0.1,51,42.1364631652832,60.73997116088867,1.2436581458634162,5.0,44.485114180609884,66.10420571634424,0.626787644334283,5.0,,0,[],False,0,False,0,
624,31.200000000000003,42.221370697021484,60.943763732910156,1.232584322576703,4.420139714188162,-0.13868847489356995,0.23194411396980286,0.0,PlanStatus.OK,68.31363800301915,62.28470802307129,13,0.1,51,42.221370697021484,60.943763732910156,1.232584322576703,5.0,44.62927907825447,66.28166137011966,0.6157138210475699,5.0,,0,[],False,0,False,0,
625,31.25,42.30855941772461,61.14662551879883,1.2215778772655692,4.422099452289089,-0.13864700496196747,0.2311602234840393,0.0,PlanStatus.OK,68.1009680047282,62.57963180541992,13,0.1,51,42.30855941772461,61.14662551879883,1.2215778772655692,5.0,44.775072043427215,66.4576978610842,0.6047073757364361,5.0,,0,[],False,0,False,0,
626,31.3,42.39794921875,61.34850311279297,1.210503255030529,4.420134312383679,-0.1386885792016983,0.23194627463817596,0.0,PlanStatus.OK,68.13073699595407,62.40582466125488,13,0.1,51,42.39794921875,61.34850311279297,1.210503255030529,5.0,44.92312750804142,66.63193462697298,0.5936327535013958,5.0,,0,[],False,0,False,0,
627,31.35,42.489593505859375,61.54938507080078,1.1994972091935587,4.422049691334695,-0.13864806294441223,0.2311801165342331,0.0,PlanStatus.OK,67.26735299889697,62.59870529174805,13,0.1,51,42.489593505859375,61.54938507080078,1.1994972091935587,5.0,45.07276737088084,66.80470492222838,0.5826267076644255,5.0,,0,[],False,0,False,0,
628,31.400000000000002,42.58341598510742,61.74923324584961,1.1884225869585188,4.420061800572211,-0.13869011402130127,0.23197528719902039,0.0,PlanStatus.OK,67.38016299641458,62.39199638366699,13,0.1,51,42.58341598510742,61.74923324584961,1.1884225869585188,5.0,45.22463093454647,66.97562373533646,0.5715520854293857,5.0,,0,[],False,0,False,0,
629,31.450000000000003,42.67947006225586,61.948036193847656,1.1774165411215483,4.421968693356795,-0.13864977657794952,0.2312125265598297,0.0,PlanStatus.OK,65.13139299931936,60.39857864379883,13,0.1,51,42.67947006225586,61.948036193847656,1.1774165411215483,5.0,45.37804577610096,67.1450413963065,0.560546039592415,5.0,,0,[],False,0,False,0,
630,31.5,42.77768325805664,62.1457633972168,1.1663421852026172,4.419983051872182,-0.13869178295135498,0.23200677335262299,0.0,PlanStatus.OK,70.87270799820544,62.54315376281738,17,0.1,51,42.77768325805664,62.1457633972168,1.1663421852026172,5.0,47.30562353554911,68.23411237982968,0.36307224546052896,5.0,,0,[],False,0,False,0,
631,31.55,42.87810516357422,62.34239196777344,1.1553356067334286,4.421898091019232,-0.1386512666940689,0.23124076426029205,0.0,PlanStatus.OK,66.23998600116465,60.212135314941406,17,0.1,51,42.87810516357422,62.34239196777344,1.1553356067334286,5.0,47.472781713504475,68.38053604456913,0.35206566699134034,5.0,,0,[],False,0,False,0,
632,31.6,42.98065948486328,62.53788757324219,1.1442621829208792,4.419921012050138,-0.13869309425354004,0.23203159868717194,0.0,PlanStatus.OK,68.89488600427285,61.69724464416504,17,0.1,51,42.98065948486328,62.53788757324219,1.1442621829208792,5.0,47.64191589835896,68.52478369212277,0.3409922431787912,5.0,,0,[],False,0,False,0,
633,31.650000000000002,43.08539581298828,62.73225784301758,1.1332561370839087,4.421846514318272,-0.13865235447883606,0.23126138746738434,0.0,PlanStatus.OK,66.56142399879172,62.02816963195801,17,0.1,51,43.08539581298828,62.73225784301758,1.1332561370839087,5.0,47.86671491536727,68.51590684391498,0.11475066568373149,5.0,,0,[],False,0,False,0,
634,31.700000000000003,43.19224166870117,62.92545700073242,1.1221813816908142,4.419880114579883,-0.13869395852088928,0.23204796016216278,0.0,PlanStatus.OK,70.15833599871257,62.1640682220459,17,0.1,51,43.19224166870117,62.92545700073242,1.1221813816908142,5.0,48.03731874781864,68.65580046528721,0.10367591029063694,5.0,,0,[],False,0,False,0,
635,31.75,43.301239013671875,63.11746597290039,1.1111750029587075,4.421815912623026,-0.1386530101299286,0.23127363622188568,0.0,PlanStatus.OK,65.84958000166807,60.74357032775879,21,0.1,51,43.301239013671875,63.11746597290039,1.1111750029587075,5.0,50.098980997386455,69.41777506140647,0.12150562500366421,5.0,,0,[],False,0,False,0,
636,31.8,43.41231918334961,63.308250427246094,1.1001007136188037,4.419857677354152,-0.13869443535804749,0.23205693066120148,0.0,PlanStatus.OK,65.59860600100365,59.945106506347656,25,0.1,51,43.41231918334961,63.308250427246094,1.1001007136188037,5.0,52.267231662235275,69.75330860089137,0.11043133566376037,5.0,,0,[],False,0,False,0,
637,31.85,43.525535583496094,63.497802734375,1.089094334886697,4.421799131322625,-0.13865336775779724,0.2312803417444229,0.0,PlanStatus.OK,67.83438699494582,60.476064682006836,17,0.1,51,43.525535583496094,63.497802734375,1.089094334886697,5.0,48.557526374125935,69.0647297868315,0.07058886348651972,5.0,,0,[],False,0,False,0,
638,31.900000000000002,43.64080047607422,63.68608856201172,1.07801964607263,4.419846274807741,-0.13869468867778778,0.2320614904165268,0.0,PlanStatus.OK,67.80863599851727,61.93065643310547,17,0.1,51,43.64080047607422,63.68608856201172,1.07801964607263,5.0,48.73413341072021,69.19694763671194,0.05951417467245279,5.0,,0,[],False,0,False,0,
639,31.950000000000003,43.7581672668457,63.87309265136719,1.0670134670776048,4.421791195370383,-0.13865353167057037,0.2312835156917572,0.0,PlanStatus.OK,69.73457600543043,63.31896781921387,21,0.1,51,43.7581672668457,63.87309265136719,1.0670134670776048,5.0,50.89514553093219,69.56350298782098,0.2349074338903826,5.0,,0,[],False,0,False,0,
640,32.0,43.877567291259766,64.05879211425781,1.055938911421592,4.419841633414628,-0.13869477808475494,0.23206335306167603,0.0,PlanStatus.OK,65.36183600110235,60.55140495300293,17,0.1,51,43.877567291259766,64.05879211425781,1.055938911421592,5.0,49.09133255576269,69.45585241510847,0.03743344002141469,5.0,,0,[],False,0,False,0,
641,32.050000000000004,43.99903869628906,64.24315643310547,1.0449327990055943,4.421789666896258,-0.24520830810070038,0.23128412663936615,0.0,PlanStatus.OK,70.29386200156296,61.58900260925293,17,0.1,51,43.99903869628906,64.24315643310547,1.0449327990055943,5.0,49.52851686453203,69.5177070078936,0.055263421050551376,5.0,,0,[],False,0,False,0,
642,32.1,44.12498092651367,64.42361450195312,1.0308651166004414,4.399153111656239,-0.4166368842124939,0.2403387576341629,0.0,PlanStatus.OK,66.63306599511998,62.06464767456055,17,0.1,51,44.12498092651367,64.42361450195312,1.0308651166004414,5.0,50.01512406173098,69.303529448101,0.041195738645398494,5.0,,0,[],False,0,False,0,
643,32.15,44.25897979736328,64.595458984375,1.01014705490017,4.358895562646092,-0.5289129614830017,0.25644177198410034,0.0,PlanStatus.OK,60.671040999295656,56.76889419555664,21,0.1,51,44.25897979736328,64.595458984375,1.01014705490017,5.0,52.17890321911388,69.83800088355834,0.04931377039026122,5.0,,0,[],False,0,False,0,
644,32.2,44.4022216796875,64.75493621826172,0.9815556903322157,4.296754047461001,-0.5312376022338867,0.28129836916923523,0.0,PlanStatus.OK,60.553691000677645,55.94158172607422,21,0.1,51,44.4022216796875,64.75493621826172,0.9815556903322157,5.0,52.46877919306279,69.76892489540235,0.020722405822306805,5.0,,0,[],False,0,False,0,
645,32.25,44.5544319152832,64.90061950683594,0.9462371808507211,4.258245529816352,-0.3598090410232544,0.2967017889022827,0.0,PlanStatus.OK,60.36086300446186,54.67414855957031,25,0.1,51,44.5544319152832,64.90061950683594,0.9462371808507211,5.0,54.32035031788563,69.77800774946485,-0.07226829054945616,5.0,,0,[],False,0,False,0,
646,32.300000000000004,44.71173095703125,65.04257202148438,0.9133111221344992,4.309057656284783,-0.18838046491146088,0.2763769328594208,0.0,PlanStatus.OK,62.772253004368395,57.32893943786621,25,0.1,51,44.71173095703125,65.04257202148438,0.9133111221344992,5.0,54.609497964067884,69.7311174403551,-0.07635825582054379,5.0,,0,[],False,0,False,0,
647,32.35,44.86797332763672,65.19100189208984,0.8903936222689586,4.351611923622966,-0.14015720784664154,0.25935521721839905,0.0,PlanStatus.OK,59.62144600198371,53.318023681640625,25,0.1,51,44.86797332763672,65.19100189208984,0.8903936222689586,5.0,54.876854012348886,69.79106565019934,0.08712368252687053,5.0,,0,[],False,0,False,0,
648,32.4,45.02067184448242,65.34646606445312,0.8763481772589079,4.378690094529885,-0.1395723968744278,0.24852396547794342,0.0,PlanStatus.OK,50.93290600052569,45.79353332519531,25,0.1,51,45.02067184448242,65.34646606445312,0.8763481772589079,5.0,55.093173115092554,69.80550153112459,0.07307823751681986,5.0,,0,[],False,0,False,0,
649,32.45,45.1732177734375,65.5038070678711,0.8648283410686338,4.3947246440938,-0.13922885060310364,0.24211014807224274,0.0,PlanStatus.OK,56.78666499443352,52.12712287902832,25,0.1,51,45.1732177734375,65.5038070678711,0.8648283410686338,5.0,55.29428915680138,69.84973097113478,0.21912174609436663,5.0,,0,[],False,0,False,0,
650,32.5,45.32725143432617,65.66071319580078,0.8536908016528407,4.407742364130405,-0.13895143568515778,0.23690305650234222,0.0,PlanStatus.OK,60.234390999539755,52.66571044921875,25,0.1,51,45.32725143432617,65.66071319580078,0.8536908016528407,5.0,55.49609698920993,69.89364605624479,0.20798420667857354,5.0,,0,[],False,0,False,0,
651,32.550000000000004,45.48308563232422,65.81646728515625,0.8426318254892049,4.414179305074292,-0.1388147473335266,0.2343282848596573,0.0,PlanStatus.OK,56.76139800198143,49.64566230773926,25,0.1,51,45.48308563232422,65.81646728515625,0.8426318254892049,5.0,55.698120313212,69.93668657402492,0.19692523051493782,5.0,,0,[],False,0,False,0,
652,32.6,45.640785217285156,65.97078704833984,0.8315733153787599,4.420448942444407,-0.3102433383464813,0.23182041943073273,0.0,PlanStatus.OK,65.08665299770655,60.858964920043945,21,0.1,51,45.640785217285156,65.97078704833984,0.8315733153787599,5.0,54.36597895448995,69.7231765296342,-0.12925996913114887,5.0,,0,[],False,0,False,0,
653,32.65,45.80219650268555,66.12039947509766,0.8174519036986148,4.399712486172933,-0.48167189955711365,0.2401150017976761,0.0,PlanStatus.OK,50.410568001098,46.03147506713867,21,0.1,51,45.80219650268555,66.12039947509766,0.8174519036986148,5.0,54.57950756582558,69.7492068648561,-0.143381380811294,5.0,,0,[],False,0,False,0,
654,32.7,45.97001266479492,66.25895690917969,0.795831163546861,4.35186066608627,-0.5291734337806702,0.2592557370662689,0.0,PlanStatus.OK,55.20014600188006,49.32260513305664,25,0.1,51,45.97001266479492,66.25895690917969,0.795831163546861,5.0,56.827870300920274,69.87957709680254,0.02139731724990715,5.0,,0,[],False,0,False,0,
655,32.75,46.14435958862305,66.38285064697266,0.7661775305991012,4.290450180879189,-0.5314764380455017,0.28381991386413574,0.0,PlanStatus.OK,54.22011900373036,47.17087745666504,21,0.1,51,46.14435958862305,66.38285064697266,0.7661775305991012,5.0,55.098421864221216,69.83601794782511,0.17814312251510228,5.0,,0,[],False,0,False,0,
656,32.800000000000004,46.324485778808594,66.49163055419922,0.7301763197721648,4.257665243438815,-0.3600478768348694,0.2969338893890381,0.0,PlanStatus.OK,61.8798740033526,56.95319175720215,25,0.1,51,46.324485778808594,66.49163055419922,0.7301763197721648,5.0,56.98996015330788,69.80495547202784,-0.07309361996992303,5.0,,0,[],False,0,False,0,
657,32.85,46.50877380371094,66.59630584716797,0.6971345467065789,4.310785817518397,-0.18861928582191467,0.2756856679916382,0.0,PlanStatus.OK,60.01944599847775,53.29442024230957,25,0.1,51,46.50877380371094,66.59630584716797,0.6971345467065789,5.0,57.27459280211432,69.85571941004383,0.29549957683553507,5.0,,0,[],False,0,False,0,
658,32.9,46.693382263183594,66.70772552490234,0.6741187096177871,4.354229491002151,-0.1401004195213318,0.25830820202827454,0.0,PlanStatus.OK,43.93517899734434,39.80445861816406,21,0.1,51,46.693382263183594,66.70772552490234,0.6741187096177871,5.0,55.55483831314672,69.81517497747868,0.05724820808865416,5.0,,0,[],False,0,False,0,
659,32.95,46.87602615356445,66.82683563232422,0.6600775922445078,4.3801831376711045,-0.13954032957553864,0.2479267418384552,0.0,PlanStatus.OK,50.42767000122694,45.3033447265625,25,0.1,51,46.87602615356445,66.82683563232422,0.6600775922445078,5.0,57.77837275319118,69.89594540924256,0.043207090715374874,5.0,,0,[],False,0,False,0,
660,33.0,47.05891036987305,66.9478530883789,0.6485333215512323,4.398943807470573,-0.13913878798484802,0.24042247235774994,0.0,PlanStatus.OK,64.25815299735405,57.176828384399414,25,0.1,51,47.05891036987305,66.9478530883789,0.6485333215512323,5.0,57.99596034577201,69.89090151235298,0.031662820022099414,5.0,,0,[],False,0,False,0,
661,33.050000000000004,47.24311447143555,67.06812286376953,0.6374089647828352,4.408779826254913,-0.13892938196659088,0.23648807406425476,0.0,PlanStatus.OK,68.81449800130213,63.237667083740234,21,0.1,51,47.24311447143555,67.06812286376953,0.6374089647828352,5.0,56.2126483762073,69.8482500113826,0.020538463253702233,5.0,,0,[],False,0,False,0,
662,33.1,47.42884063720703,67.1868667602539,0.6263374051830487,4.4174869289707095,-0.24528172612190247,0.23300522565841675,0.0,PlanStatus.OK,64.21768199652433,58.6850643157959,21,0.1,51,47.42884063720703,67.1868667602539,0.6263374051830487,5.0,56.6374688984605,69.76202718277618,0.03830299709904972,5.0,,0,[],False,0,False,0,
663,33.15,47.61726760864258,67.30044555664062,0.6122931585954886,4.400532632061274,-0.4167102873325348,0.23978695273399353,0.0,PlanStatus.OK,66.03415400604717,62.06345558166504,21,0.1,51,47.61726760864258,67.30044555664062,0.6122931585954886,5.0,57.00963542971995,69.7124712063686,0.024258750511489735,5.0,,0,[],False,0,False,0,
664,33.2,47.80965042114258,67.40301513671875,0.5915289576293316,4.3605972512189854,-0.5288500785827637,0.2557610869407654,0.0,PlanStatus.OK,66.33365400193725,62.07847595214844,17,0.1,51,47.80965042114258,67.40301513671875,0.5915289576293316,5.0,55.24200772266927,69.75198961813942,0.18989398775828759,5.0,,0,[],False,0,False,0,
665,33.25,48.00554656982422,67.4906005859375,0.5629696841525126,4.302688169057773,-0.35742148756980896,0.27892473340034485,0.0,PlanStatus.OK,66.22845500533003,61.74945831298828,17,0.1,51,48.00554656982422,67.4906005859375,0.5629696841525126,5.0,55.392543186375796,69.89851653023793,-0.0250647239314864,5.0,,0,[],False,0,False,0,
666,33.300000000000004,48.20442199707031,67.56903076171875,0.5329854863344466,4.328652799364281,-0.18599289655685425,0.2685388922691345,0.0,PlanStatus.OK,56.4752860009321,51.41878128051758,25,0.1,51,48.20442199707031,67.56903076171875,0.5329854863344466,5.0,59.466870151217186,69.7395027372491,0.10251442301826863,5.0,,0,[],False,0,False,0,
667,33.35,48.40472412109375,67.65087127685547,0.5108234586911342,4.364307551922568,-0.13988229632377625,0.25427699089050293,0.0,PlanStatus.OK,67.8768739962834,60.90188026428223,21,0.1,51,48.40472412109375,67.65087127685547,0.5108234586911342,5.0,57.72374014427195,69.78292877375353,0.0803523953749562,5.0,,0,[],False,0,False,0,
668,33.4,48.60438919067383,67.73946380615234,0.4969810131351749,4.386976908013259,-0.1393945962190628,0.2452092319726944,0.0,PlanStatus.OK,67.86388799810084,60.3947639465332,21,0.1,51,48.60438919067383,67.73946380615234,0.4969810131351749,5.0,57.9520243517283,69.74232318867249,0.06650994981899683,5.0,,0,[],False,0,False,0,
669,33.45,48.80455780029297,67.82941436767578,0.4854966968559398,4.39929906652301,-0.13913121819496155,0.2402803748846054,0.0,PlanStatus.OK,62.7705440056161,57.40690231323242,25,0.1,51,48.80455780029297,67.82941436767578,0.4854966968559398,5.0,60.17155044912065,69.8347885742231,0.055025633539761754,5.0,,0,[],False,0,False,0,
670,33.5,49.00585174560547,67.91824340820312,0.47436847850396197,4.409789509834003,-0.13890792429447174,0.2360841929912567,0.0,PlanStatus.OK,67.66334800340701,62.819719314575195,21,0.1,51,49.00585174560547,67.91824340820312,0.47436847850396197,5.0,58.396383028272275,69.70923504402595,0.043897415187783895,5.0,,0,[],False,0,False,0,
671,33.550000000000004,49.20832824707031,68.00525665283203,0.4633136302400158,4.414614113436034,-0.245330810546875,0.2341543585062027,0.0,PlanStatus.OK,69.11496200336842,61.28644943237305,21,0.1,51,49.20832824707031,68.00525665283203,0.4633136302400158,5.0,58.80425839915156,69.92892065805009,0.06167866036897174,5.0,,0,[],False,0,False,0,
672,33.6,49.41260528564453,68.08670806884766,0.44925523560916464,4.398460664233725,-0.24560777842998505,0.24061574041843414,0.0,PlanStatus.OK,65.77705300151138,60.22334098815918,21,0.1,51,49.41260528564453,68.08670806884766,0.44925523560916464,5.0,59.034629927837756,69.87528305291168,0.047620265738120615,5.0,,0,[],False,0,False,0,
673,33.65,49.61897659301758,68.16001892089844,0.43126644797303365,4.392369412861191,-0.13927918672561646,0.24305222928524017,0.0,PlanStatus.OK,67.5470049973228,61.00916862487793,17,0.1,51,49.61897659301758,68.16001892089844,0.43126644797303365,5.0,57.112307992590615,69.91380201336607,0.00079538465685558,5.0,,0,[],False,0,False,0,
674,33.7,49.82609939575195,68.23307800292969,0.416644595034549,4.407805965258691,-0.2454473376274109,0.23687762022018433,0.0,PlanStatus.OK,65.57198100199457,61.52606010437012,17,0.1,51,49.82609939575195,68.23307800292969,0.416644595034549,5.0,57.501530930214614,69.83802695405262,0.230245156821594,5.0,,0,[],False,0,False,0,
675,33.75,50.03410720825195,68.3035659790039,0.4019772353309376,4.395268955991322,-0.24566268920898438,0.24189241230487823,0.0,PlanStatus.OK,65.76084900007118,61.064720153808594,21,0.1,51,50.03410720825195,68.3035659790039,0.4019772353309376,5.0,59.72429301187505,69.77161292326527,0.029178358905027763,5.0,,0,[],False,0,False,0,
676,33.800000000000004,50.24373245239258,68.36660766601562,0.3838383119883534,4.392118144162906,-0.24571697413921356,0.24315273761749268,0.0,PlanStatus.OK,68.21791300171753,62.25085258483887,21,0.1,51,50.24373245239258,68.36660766601562,0.3838383119883534,5.0,59.959572169054525,69.81971982877349,0.22627496722053259,5.0,,0,[],False,0,False,0,
677,33.85,50.454769134521484,68.42462921142578,0.36499288529808477,4.39347030182391,-0.24569366872310638,0.24261188507080078,0.0,PlanStatus.OK,44.08165499626193,38.2845401763916,21,0.1,51,50.454769134521484,68.42462921142578,0.36499288529808477,5.0,60.21935377511802,69.9048247339938,-0.0078059911278250405,5.0,,0,[],False,0,False,0,
678,33.9,50.6671028137207,68.4783706665039,0.34599455987173205,4.398319078120208,-0.24561020731925964,0.24067236483097076,0.0,PlanStatus.OK,58.873744994343724,51.29122734069824,25,0.1,51,50.6671028137207,68.4783706665039,0.34599455987173205,5.0,62.45732642668742,69.71919725768687,-0.026804316554177754,5.0,,0,[],False,0,False,0,
679,33.95,50.8806037902832,68.52803802490234,0.3269870798291321,4.400916509031291,-0.13909673690795898,0.23963339626789093,0.0,PlanStatus.OK,66.96395800099708,60.21308898925781,21,0.1,51,50.8806037902832,68.52803802490234,0.3269870798291321,5.0,60.565107701568095,69.79061102604508,-0.07464789004191175,5.0,,0,[],False,0,False,0,
680,34.0,51.09473419189453,68.57866668701172,0.3121622940155834,4.416226428554118,-0.13877135515213013,0.23350942134857178,0.0,PlanStatus.OK,68.57062500057509,63.675880432128906,21,0.1,51,51.09473419189453,68.57866668701172,0.3121622940155834,5.0,60.801794636911985,69.83715203892257,0.09692676235749442,5.0,,0,[],False,0,False,0,
681,34.050000000000004,51.3091926574707,68.6306381225586,0.3005117964843274,4.420891776445016,-0.24522361159324646,0.23164328932762146,0.0,PlanStatus.OK,66.56707899674075,60.58382987976074,17,0.1,51,51.3091926574707,68.6306381225586,0.3005117964843274,5.0,59.156590350945706,69.7626911652948,0.11411235827137253,5.0,,0,[],False,0,False,0,
682,34.1,51.52432632446289,68.67761993408203,0.2863406835603386,4.40398789546912,-0.24551281332969666,0.23840484023094177,0.0,PlanStatus.OK,67.36265400104458,63.32206726074219,17,0.1,51,51.52432632446289,68.67761993408203,0.2863406835603386,5.0,59.37998527454076,69.93097694869677,-0.08645819286557122,5.0,,0,[],False,0,False,0,
683,34.15,51.74010467529297,68.71642303466797,0.2683209699660491,4.3965669090906605,-0.13918951153755188,0.2413732409477234,0.0,PlanStatus.OK,65.58367099933093,61.0196590423584,21,0.1,51,51.74010467529297,68.71642303466797,0.2683209699660491,5.0,61.507922735142955,69.92022500928336,0.05308543830796009,5.0,,0,[],False,0,False,0,
684,34.2,51.95650863647461,68.75492858886719,0.25368989583229,4.41070094686805,-0.13888856768608093,0.23571962118148804,0.0,PlanStatus.OK,53.172120002273005,47.63388633728027,25,0.1,51,51.95650863647461,68.75492858886719,0.25368989583229,5.0,63.73941495635789,69.89258292161524,0.038454364174201006,5.0,,0,[],False,0,False,0,
685,34.25,52.1733283996582,68.79437255859375,0.24207774782073113,4.414968615769336,-0.13879801332950592,0.23401255905628204,0.0,PlanStatus.OK,65.59854399529286,60.85348129272461,21,0.1,51,52.1733283996582,68.79437255859375,0.24207774782073113,5.0,61.969371088168515,69.74145042725254,0.026842216162642152,5.0,,0,[],False,0,False,0,
686,34.300000000000004,52.39065933227539,68.832275390625,0.23093516504362369,4.419154663515263,-0.13870932161808014,0.23233813047409058,0.0,PlanStatus.OK,69.1876790006063,60.988426208496094,17,0.1,51,52.39065933227539,68.832275390625,0.23093516504362369,5.0,60.21489818073759,70.01072749160572,0.015699633385534706,5.0,,0,[],False,0,False,0,
687,34.35,52.60845184326172,68.86802673339844,0.21988276355892902,4.4195486615243045,-0.13870097696781158,0.23218053579330444,0.0,PlanStatus.OK,65.10576399887213,60.64200401306152,21,0.1,51,52.60845184326172,68.86802673339844,0.21988276355892902,5.0,62.44521567322972,69.96922641973367,0.004647231900840043,5.0,,0,[],False,0,False,0,
688,34.4,52.82668685913086,68.90144348144531,0.20883156049672488,4.42179063888191,-0.13865354657173157,0.2312837392091751,0.0,PlanStatus.OK,50.78468899591826,44.43979263305664,25,0.1,51,52.82668685913086,68.90144348144531,0.20883156049672488,5.0,64.67497834063978,69.88106220759171,-0.0064039711613641526,5.0,,0,[],False,0,False,0,
689,34.45,53.04530334472656,68.93248748779297,0.1977941060036483,4.421176109057905,-0.1386665403842926,0.23152956366539001,0.0,PlanStatus.OK,48.606019001454115,42.15049743652344,25,0.1,51,53.04530334472656,68.93248748779297,0.1977941060036483,5.0,64.90368539970007,69.78127422054442,-0.017441425654440734,5.0,,0,[],False,0,False,0,
690,34.5,53.26426696777344,68.96111297607422,0.18674681445929522,4.422559381373904,-0.13863728940486908,0.23097625374794006,0.0,PlanStatus.OK,61.59353600378381,56.93173408508301,25,0.1,51,53.26426696777344,68.96111297607422,0.18674681445929522,5.0,65.12768783940601,69.81850344445509,0.15791072101416115,5.0,,0,[],False,0,False,0,
691,34.550000000000004,53.48353958129883,68.98733520507812,0.1757094431900027,4.421599744444531,-0.1386575847864151,0.23136010766029358,0.0,PlanStatus.OK,68.09479599905899,63.39263916015625,21,0.1,51,53.48353958129883,68.98733520507812,0.1757094431900027,5.0,63.35726309121748,69.79276672124439,0.14687334974486854,5.0,,0,[],False,0,False,0,
692,34.6,53.70309829711914,69.01113891601562,0.16466433210879214,4.42246050626162,-0.13863937556743622,0.23101580142974854,0.0,PlanStatus.OK,66.51603499631165,61.2027645111084,21,0.1,51,53.70309829711914,69.01113891601562,0.16466433210879214,5.0,63.58061982600075,69.94014907787084,-0.0505711995492969,5.0,,0,[],False,0,False,0,
693,34.65,53.92288589477539,69.03250885009766,0.15362662794436335,4.421503272470024,-0.13865962624549866,0.23139868676662445,0.0,PlanStatus.OK,70.33307300298475,63.10606002807617,21,0.1,51,53.92288589477539,69.03250885009766,0.15362662794436335,5.0,63.81005966715328,69.85243947469462,-0.06160890371372574,5.0,,0,[],False,0,False,0,
694,34.7,54.14289855957031,69.05144500732422,0.1425837139710521,4.422093753643918,-0.1386471390724182,0.23116250336170197,0.0,PlanStatus.OK,66.85628900595475,60.912132263183594,17,0.1,51,54.14289855957031,69.05144500732422,0.1425837139710521,5.0,62.04379969233687,69.9073204918734,-0.07265181768703699,5.0,,0,[],False,0,False,0,
695,34.75,54.363094329833984,69.06795501708984,0.1315461013527858,4.421210221123979,-0.1386658251285553,0.23151591420173645,0.0,PlanStatus.OK,68.29059900337597,62.55030632019043,17,0.1,51,54.363094329833984,69.06795501708984,0.1315461013527858,5.0,62.27296081870314,69.83657305166149,-0.08368943030530329,5.0,,0,[],False,0,False,0,
696,34.800000000000004,54.58345413208008,69.08204650878906,0.12050411948585607,4.421752906910452,-0.13865433633327484,0.23129883408546448,0.0,PlanStatus.OK,67.59869599773083,60.43195724487305,17,0.1,51,54.58345413208008,69.08204650878906,0.12050411948585607,5.0,62.4961147900803,69.90288428296863,0.09166802604072188,5.0,,0,[],False,0,False,0,
697,34.85,54.80394744873047,69.09370422363281,0.10946666499277947,4.420937550830941,0.03277423232793808,0.23162497580051422,0.0,PlanStatus.OK,66.42977199953748,61.30051612854004,21,0.1,51,54.80394744873047,69.09370422363281,0.10946666499277947,5.0,64.70274787544226,69.80876626888166,0.10946666499277946,5.0,,0,[],False,0,False,0,
698,34.9,55.02410888671875,69.1096420288086,0.1041813222038946,4.411457449182112,0.14411498606204987,0.23541702330112457,0.0,PlanStatus.OK,67.39195700356504,62.1640682220459,21,0.1,51,55.02410888671875,69.1096420288086,0.1041813222038946,5.0,64.92655038343636,69.77237577663668,0.10418132220389464,5.0,,0,[],False,0,False,0,
699,34.95,55.24232482910156,69.13650512695312,0.1084372866524366,4.388329296999994,0.14407870173454285,0.24466827511787415,0.0,PlanStatus.OK,67.60960500105284,62.54172325134277,21,0.1,51,55.24232482910156,69.13650512695312,0.1084372866524366,5.0,65.13855940145275,69.70171346050469,-0.07796215156051833,5.0,,0,[],False,0,False,0,
700,35.0,55.45838928222656,69.17230224609375,0.11838197957122643,4.383652679118441,-0.02734987810254097,0.2465389221906662,0.0,PlanStatus.OK,68.96275900362525,62.26086616516113,17,0.1,51,55.45838928222656,69.17230224609375,0.11838197957122643,5.0,63.37768830356325,69.83673024479606,-0.09685355208686264,5.0,,0,[],False,0,False,0,
701,35.050000000000004,55.67489242553711,69.20587158203125,0.1237585189826897,4.381577252020149,6.200517072577289e-15,0.24736909568309784,0.0,PlanStatus.OK,64.58125900098821,60.37282943725586,17,0.1,51,55.67489242553711,69.20587158203125,0.1237585189826897,5.0,63.6359235608663,69.82166018935932,0.1237585189826897,5.0,,0,[],False,0,False,0,
702,35.1,55.89231491088867,69.23432922363281,0.12425592257291085,4.387811147573175,1.7608524306963525e-15,0.24487553536891937,0.0,PlanStatus.OK,68.3182749999105,63.00640106201172,17,0.1,51,55.89231491088867,69.23432922363281,0.12425592257291085,5.0,63.85303876594576,69.85407760008998,0.12425592257291085,5.0,,0,[],False,0,False,0,
703,35.15,56.11021041870117,69.26192474365234,0.1243560158180058,4.395566352282474,3.0315888870404686e-16,0.24177345633506775,0.0,PlanStatus.OK,65.3048590029357,57.03997611999512,21,0.1,51,56.11021041870117,69.26192474365234,0.1243560158180058,5.0,66.067024049648,69.75846268127597,0.1243560158180058,5.0,,0,[],False,0,False,0,
704,35.2,56.328460693359375,69.28933715820312,0.12433183930873493,4.4013531804299015,1.95832704504126e-15,0.23945872485637665,0.0,PlanStatus.OK,68.73572200129274,63.6744499206543,21,0.1,51,56.328460693359375,69.28933715820312,0.12433183930873493,5.0,66.28528632595031,69.78563437468456,0.12433183930873493,5.0,,0,[],False,0,False,0,
705,35.25,56.5469856262207,69.31668090820312,0.12436994747945827,4.406523704710829,1.1194145179489919e-14,0.23739051818847656,0.0,PlanStatus.OK,65.58374800079037,60.545921325683594,21,0.1,51,56.5469856262207,69.31668090820312,0.12436994747945827,5.0,66.50379233860276,69.81335756073517,0.12436994747945827,5.0,,0,[],False,0,False,0,
706,35.300000000000004,56.7657470703125,69.34405517578125,0.12433395319285018,4.410886252563207,-1.2898156087832232e-15,0.23564550280570984,0.0,PlanStatus.OK,66.56920399836963,61.60616874694824,21,0.1,51,56.7657470703125,69.34405517578125,0.12433395319285018,5.0,66.72257165376638,69.8403734398372,0.12433395319285018,5.0,,0,[],False,0,False,0,
707,35.35,56.98469543457031,69.37140655517578,0.12437003902562074,4.414430083371461,-9.425603913093984e-15,0.2342279702425003,0.0,PlanStatus.OK,68.61649699567351,62.1185302734375,21,0.1,51,56.98469543457031,69.37140655517578,0.12437003902562074,5.0,66.94043097416268,69.72838559899462,-0.06202939918733416,5.0,,0,[],False,0,False,0,
708,35.4,57.20379638671875,69.39881134033203,0.12433416957468875,4.41721084446125,1.0205828830699495e-14,0.23311565816402435,0.0,PlanStatus.OK,69.90568999754032,61.31553649902344,17,0.1,51,57.20379638671875,69.39881134033203,0.12433416957468875,5.0,65.16339558572409,69.87948413595485,-0.062065268638266155,5.0,,0,[],False,0,False,0,
709,35.45,57.42301559448242,69.42620086669922,0.12436994747945827,4.4193202727325716,-0.17142857611179352,0.23227189481258392,0.0,PlanStatus.OK,65.01361999835353,61.12980842590332,17,0.1,51,57.42301559448242,69.42620086669922,0.12436994747945827,5.0,65.39344102013786,69.90749654146637,-0.06202949073349663,5.0,,0,[],False,0,False,0,
710,35.5,57.642372131347656,69.44817352294922,0.119699678389084,4.400257793176042,-0.245576873421669,0.23989687860012054,0.0,PlanStatus.OK,66.4339069990092,61.042070388793945,17,0.1,51,57.642372131347656,69.44817352294922,0.119699678389084,5.0,65.61495840618119,69.89224005267191,-0.0666997598238709,5.0,,0,[],False,0,False,0,
711,35.550000000000004,57.86071014404297,69.45775604248047,0.10625149718775406,4.367216236946666,-0.07414830476045609,0.2531135082244873,0.0,PlanStatus.OK,70.08409399713855,63.713788986206055,21,0.1,51,57.86071014404297,69.45775604248047,0.10625149718775406,5.0,67.8248811185215,69.77395913586618,0.10625149718775406,5.0,,0,[],False,0,False,0,
712,35.6,58.0789680480957,69.46434783935547,0.09394461367157758,4.3788916769942325,-6.892903403003109e-15,0.2484433352947235,0.0,PlanStatus.OK,63.3890059980331,59.481143951416016,21,0.1,51,58.0789680480957,69.46434783935547,0.09394461367157758,5.0,68.05152686416368,69.89056829871362,-0.09245482454137732,5.0,,0,[],False,0,False,0,
713,35.65,58.29740524291992,69.47859191894531,0.09016235067955501,4.380513671596872,2.1888504497683068e-15,0.24779453873634338,0.0,PlanStatus.OK,66.42987499799347,59.69691276550293,21,0.1,51,58.29740524291992,69.47859191894531,0.09016235067955501,5.0,68.27150480181255,69.86709057944121,-0.09623708753339989,5.0,,0,[],False,0,False,0,
714,35.7,58.51594543457031,69.49678802490234,0.08955441758171717,4.389897399150343,-5.968395316678773e-15,0.24404104053974152,0.0,PlanStatus.OK,67.49329000012949,60.47701835632324,17,0.1,51,58.51594543457031,69.49678802490234,0.08955441758171717,5.0,66.49337852622372,69.83996963103668,0.08955441758171717,5.0,,0,[],False,0,False,0,
715,35.75,58.734779357910156,69.5160140991211,0.08948683986905642,4.395539753077825,-9.701131872374546e-15,0.24178409576416016,0.0,PlanStatus.OK,65.90922999748727,59.571027755737305,21,0.1,51,58.734779357910156,69.5160140991211,0.08948683986905642,5.0,68.70913907616308,69.89777505941358,-0.09691259834389848,5.0,,0,[],False,0,False,0,
716,35.800000000000004,58.95395278930664,69.53556823730469,0.0894570956886316,4.404396759724635,9.4834571104244e-16,0.2382412999868393,0.0,PlanStatus.OK,68.04009000188671,61.751365661621094,17,0.1,51,58.95395278930664,69.53556823730469,0.0894570956886316,5.0,66.93141924226428,69.87797346292454,0.0894570956886316,5.0,,0,[],False,0,False,0,
717,35.85,59.173397064208984,69.55520629882812,0.08947543821063951,4.407855283291165,-5.74692965877319e-15,0.23685789108276367,0.0,PlanStatus.OK,67.49888299964368,62.018394470214844,17,0.1,51,59.173397064208984,69.55520629882812,0.08947543821063951,5.0,67.15085723524925,69.89775785124439,0.08947543821063951,5.0,,0,[],False,0,False,0,
718,35.9,59.39310073852539,69.57492065429688,0.08945157795174809,4.413676403343632,-0.17142857611179352,0.23452943563461304,0.0,PlanStatus.OK,69.07997799862642,61.85770034790039,17,0.1,51,59.39310073852539,69.57492065429688,0.08945157795174809,5.0,67.37056908066349,69.91728186235066,0.08945157795174809,5.0,,0,[],False,0,False,0,
719,35.95,59.612972259521484,69.5906982421875,0.086106697556879,4.404166861894939,-0.24550974369049072,0.23833325505256653,0.0,PlanStatus.OK,66.56645999464672,61.02299690246582,17,0.1,51,59.612972259521484,69.5906982421875,0.086106697556879,5.0,67.59154113000382,69.90637390733478,0.086106697556879,5.0,,0,[],False,0,False,0,
720,36.0,59.83192825317383,69.59556579589844,0.07463598836633856,4.371739946124141,-0.0740811750292778,0.251304030418396,0.0,PlanStatus.OK,68.20048599911388,61.88058853149414,21,0.1,51,59.83192825317383,69.59556579589844,0.07463598836633856,5.0,69.80802522966609,69.9688362850935,0.07463598836633856,5.0,,0,[],False,0,False,0,
721,36.050000000000004,60.05052947998047,69.59622192382812,0.06293861919989714,4.382523763093705,8.590055885571504e-15,0.24699050188064575,0.0,PlanStatus.OK,69.9662890037871,63.18235397338867,17,0.1,51,60.05052947998047,69.59622192382812,0.06293861919989714,5.0,68.03588777424633,69.9597010322069,-0.12346081901305776,5.0,,0,[],False,0,False,0,
722,36.1,60.26950454711914,69.60396575927734,0.05924615467088068,4.385454789009083,7.85643302665803e-15,0.24581807851791382,0.0,PlanStatus.OK,69.0959040002781,63.24028968811035,21,0.1,51,60.26950454711914,69.60396575927734,0.05924615467088068,5.0,70.2501644866932,69.82366763241902,0.05924615467088068,5.0,,0,[],False,0,False,0,
723,36.15,60.48867416381836,69.615478515625,0.058691555535060884,4.3915906546425125,1.3561193997185111e-14,0.24336373805999756,0.0,PlanStatus.OK,69.79871400108095,62.46304512023926,17,0.1,51,60.48867416381836,69.615478515625,0.058691555535060884,5.0,68.47550415431698,69.94504012276526,-0.127707882677894,5.0,,0,[],False,0,False,0,
724,36.2,60.70817184448242,69.62798309326172,0.05859097959201836,4.400527785708091,1.3871920410588826e-14,0.23978888988494873,0.0,PlanStatus.OK,65.90284700359916,61.98740005493164,17,0.1,51,60.70817184448242,69.62798309326172,0.05859097959201836,5.0,68.69503494055493,69.95674141577828,-0.12780845862093654,5.0,,0,[],False,0,False,0,
725,36.25,60.92796325683594,69.64075469970703,0.05860379189357517,4.404978049547393,6.65788172393055e-16,0.2380087822675705,0.0,PlanStatus.OK,71.53975599794649,64.59736824035645,17,0.1,51,60.92796325683594,69.64075469970703,0.05860379189357517,5.0,68.91482214010209,69.96961535229518,-0.12779564631937973,5.0,,0,[],False,0,False,0,
726,36.300000000000004,61.14801025390625,69.65364074707031,0.05857158428914202,4.410230791000421,1.2597382099800518e-15,0.2359076887369156,0.0,PlanStatus.OK,65.68391800101381,60.51445007324219,17,0.1,51,61.14801025390625,69.65364074707031,0.05857158428914202,5.0,69.13224577684939,69.74953371223788,0.058571584289142026,5.0,,0,[],False,0,False,0,
727,36.35,61.368255615234375,69.66654205322266,0.05860686285120716,4.413777673956457,5.579501738287116e-15,0.23448893427848816,0.0,PlanStatus.OK,66.37304500327446,61.19132041931152,21,0.1,51,61.368255615234375,69.66654205322266,0.05860686285120716,5.0,71.34905396889117,69.87986332764922,0.05860686285120717,5.0,,0,[],False,0,False,0,
728,36.4,61.58865737915039,69.67948150634766,0.05857085608103145,4.416616726784632,-4.871955635687812e-15,0.23335330188274384,0.0,PlanStatus.OK,68.9872570001171,62.3631477355957,17,0.1,51,61.58865737915039,69.67948150634766,0.05857085608103145,5.0,69.57289297192149,69.77536865733016,0.058570856081031464,5.0,,0,[],False,0,False,0,
729,36.45,61.80917739868164,69.69239807128906,0.058606692242449826,4.418805783523757,7.294919639330103e-15,0.23247767984867096,0.0,PlanStatus.OK,68.04395600192947,60.77122688293457,17,0.1,51,61.80917739868164,69.69239807128906,0.058606692242449826,5.0,69.79340955009849,69.7885713465654,0.058606692242449826,5.0,,0,[],False,0,False,0,
730,36.5,62.02979278564453,69.7053451538086,0.05857090601530189,4.420438793248567,2.2230227234758607e-15,0.23182448744773865,0.0,PlanStatus.OK,65.33823999779997,61.559200286865234,17,0.1,51,62.02979278564453,69.7053451538086,0.05857090601530189,5.0,70.01402837362753,69.80123270347806,0.058570906015301905,5.0,,0,[],False,0,False,0,
731,36.550000000000004,62.2504768371582,69.71826934814453,0.05860660485747656,4.421616179507362,-1.5115282614962255e-14,0.2313535213470459,0.0,PlanStatus.OK,66.3199379996513,61.08379364013672,17,0.1,51,62.2504768371582,69.71826934814453,0.05860660485747656,5.0,70.23470899697914,69.81444192571904,0.05860660485747657,5.0,,0,[],False,0,False,0,
732,36.6,62.4712028503418,69.73123168945312,0.0585709184988695,4.422431008832363,1.1764620175399795e-14,0.23102760314941406,0.0,PlanStatus.OK,66.42003399610985,61.33294105529785,13,0.1,51,62.4712028503418,69.73123168945312,0.0585709184988695,5.0,68.46150211194023,69.94275491508402,-0.1278285197140854,5.0,,0,[],False,0,False,0,
733,36.65,62.69196701049805,69.74417877197266,0.05860656740677373,4.422968075886342,1.039607920691639e-14,0.23081277310848236,0.0,PlanStatus.OK,67.37876799888909,62.02244758605957,13,0.1,51,62.69196701049805,69.74417877197266,0.05860656740677373,5.0,68.68225872771808,69.9559155450958,-0.12779287080618118,5.0,,0,[],False,0,False,0,
734,36.7,62.912742614746094,69.75714874267578,0.058570914337680295,4.4232987060931,-0.17142857611179352,0.23068051040172577,0.0,PlanStatus.OK,69.31332800013479,61.991214752197266,21,0.1,51,62.912742614746094,69.75714874267578,0.058570914337680295,5.0,72.89354863053649,69.97011122210006,0.0585709143376803,5.0,,0,[],False,0,False,0,
735,36.75,63.13322067260742,69.76464080810547,0.053953209389321466,4.403465573191468,-0.24552178382873535,0.2386137694120407,0.0,PlanStatus.OK,69.99231800000416,62.59775161743164,17,0.1,51,63.13322067260742,69.76464080810547,0.053953209389321466,5.0,71.1178139143674,69.82365868875621,0.053953209389321466,5.0,,0,[],False,0,False,0,
736,36.800000000000004,63.351810455322266,69.75987243652344,0.04046245506125309,4.367907827110023,-0.07409320771694183,0.2528368830680847,0.0,PlanStatus.OK,66.08217900065938,62.17598915100098,17,0.1,51,63.351810455322266,69.75987243652344,0.04046245506125309,5.0,71.34332074928173,69.94379462541688,-0.1459369831517018,5.0,,0,[],False,0,False,0,
737,36.85,63.5700798034668,69.75210571289062,0.028191103939683142,4.379248852788374,-6.593435328017825e-15,0.2483004629611969,0.0,PlanStatus.OK,53.29251300281612,48.1414794921875,21,0.1,51,63.5700798034668,69.75210571289062,0.028191103939683142,5.0,73.56245063136531,69.89432462630877,-0.15820833427327174,5.0,,0,[],False,0,False,0,
738,36.9,63.78902053833008,69.7519760131836,0.024380201562969214,4.3817527132351755,-4.680629951144379e-15,0.24729891121387482,0.0,PlanStatus.OK,48.63179499807302,43.2887077331543,21,0.1,51,63.78902053833008,69.7519760131836,0.024380201562969214,5.0,73.78604871439597,69.99575387711263,0.024380201562969214,5.0,,0,[],False,0,False,0,
739,36.95,64.0082778930664,69.7557601928711,0.0238023954749629,4.388118216086784,-1.3691365173486205e-14,0.24475271999835968,0.0,PlanStatus.OK,63.38167500507552,58.46261978149414,25,0.1,51,64.0082778930664,69.7557601928711,0.0238023954749629,5.0,76.00061011884456,69.90172457097256,-0.162597042737992,5.0,,0,[],False,0,False,0,
740,37.0,64.22792053222656,69.76057434082031,0.0237022356508407,4.397749409999535,1.0656775619290529e-15,0.24090023338794708,0.0,PlanStatus.OK,70.34058299905155,62.65735626220703,21,0.1,51,64.22792053222656,69.76057434082031,0.0237022356508407,5.0,74.22082908729173,69.85793753548543,-0.1626972025621142,5.0,,0,[],False,0,False,0,
741,37.050000000000004,64.44788360595703,69.76565551757812,0.023706725573991005,4.4019698010751664,-1.2985052350858103e-14,0.23921208083629608,0.0,PlanStatus.OK,68.95859799988102,62.75820732116699,21,0.1,51,64.44788360595703,69.76565551757812,0.023706725573991005,5.0,74.44079172376811,69.86306357963385,-0.1626927126389639,5.0,,0,[],False,0,False,0,
742,37.1,64.66815948486328,69.7708511352539,0.023688638965119083,4.409758518270757,3.1798567634409728e-15,0.23609659075737,0.0,PlanStatus.OK,46.89842199877603,40.71235656738281,21,0.1,51,64.66815948486328,69.7708511352539,0.023688638965119083,5.0,74.6610693628216,69.86807845947297,-0.16271079924783582,5.0,,0,[],False,0,False,0,
743,37.15,64.88866424560547,69.77605438232422,0.023705622858852145,4.4119224198001685,9.812811472404131e-15,0.23523102700710297,0.0,PlanStatus.OK,68.44202400679933,62.85405158996582,21,0.1,51,64.88866424560547,69.77605438232422,0.023705622858852145,5.0,74.88157247082383,69.87345142504864,-0.16269381535410277,5.0,,0,[],False,0,False,0,
744,37.2,65.10936737060547,69.78129577636719,0.023688102171711866,4.417506500710682,-2.440610029274203e-15,0.23299740254878998,0.0,PlanStatus.OK,50.3319509953144,43.004751205444336,21,0.1,51,65.10936737060547,69.78129577636719,0.023688102171711866,5.0,75.10227730075329,69.87851773645812,-0.16271133604124305,5.0,,0,[],False,0,False,0,
745,37.25,65.3302001953125,69.78652954101562,0.02370700437366762,4.4180557003707195,-7.451911266873057e-15,0.23277771472930908,0.0,PlanStatus.OK,66.63199399918085,60.75334548950195,21,0.1,51,65.3302001953125,69.78652954101562,0.02370700437366762,5.0,75.3231082859659,69.88394038909085,-0.16269243383928728,5.0,,0,[],False,0,False,0,
746,37.300000000000004,65.55115509033203,69.79177856445312,0.023685118599053135,4.421540267051244,1.256104629218744e-14,0.23138388991355896,0.0,PlanStatus.OK,68.72763900173595,62.01052665710449,21,0.1,51,65.55115509033203,69.79177856445312,0.023685118599053135,5.0,75.54406531050402,69.88897070997066,-0.16271431961390176,5.0,,0,[],False,0,False,0,
747,37.35,65.77217102050781,69.79701232910156,0.023714565254449926,4.421896949520117,8.220960431772496e-15,0.23124122619628906,0.0,PlanStatus.OK,49.20179199689301,42.52743721008301,21,0.1,51,65.77217102050781,69.79701232910156,0.023714565254449926,5.0,75.76507837436371,69.89449873236063,-0.16268487295850498,5.0,,0,[],False,0,False,0,
748,37.4,65.99321746826172,69.80227661132812,0.023679711133683515,4.4224428361463906,3.438881344535469e-15,0.23102286458015442,0.0,PlanStatus.OK,66.87177099956898,61.16819381713867,21,0.1,51,65.99321746826172,69.80227661132812,0.023679711133683515,5.0,75.98612821385072,69.89941472052837,-0.1627197270792714,5.0,,0,[],False,0,False,0,
749,37.45,66.21428680419922,69.80751037597656,0.023715303865533503,4.422760549083808,3.805673715750893e-15,0.2308957874774933,0.0,PlanStatus.OK,53.92986699735047,49.32069778442383,21,0.1,51,66.21428680419922,69.80751037597656,0.023715303865533503,5.0,76.20719408604803,69.90500416010775,-0.1626841343474214,5.0,,0,[],False,0,False,0,
750,37.5,66.43537139892578,69.8127670288086,0.023679634151683254,4.422977595972602,3.5541659167885684e-15,0.23080895841121674,0.0,PlanStatus.OK,69.1276569996262,61.87891960144043,21,0.1,51,66.43537139892578,69.8127670288086,0.023679634151683254,5.0,76.42828215199268,69.90990436873457,-0.16271980406127165,5.0,,0,[],False,0,False,0,
751,37.550000000000004,66.6564712524414,69.81800079345703,0.023715285140182087,4.423119029166602,-1.0777839497342744e-14,0.2307523936033249,0.0,PlanStatus.OK,62.49012400076026,57.78217315673828,21,0.1,51,66.6564712524414,69.81800079345703,0.023715285140182087,5.0,76.6493785361158,69.91549439046764,-0.1626841530727728,5.0,,0,[],False,0,False,0,
752,37.6,66.87755584716797,69.82325744628906,0.02367963207108865,4.423204594446189,6.922038795289815e-15,0.23071816563606262,0.0,PlanStatus.OK,67.66000200150302,62.461137771606445,21,0.1,51,66.87755584716797,69.82325744628906,0.02367963207108865,5.0,76.87046660043713,69.92039476542381,-0.16271980614186626,5.0,,0,[],False,0,False,0,
753,37.65,67.09864807128906,69.82849884033203,0.023715280978992885,4.4232507660602165,-2.613964851050452e-16,0.23069968819618225,0.0,PlanStatus.OK,66.2395600011223,60.143470764160156,17,0.1,51,67.09864807128906,69.82849884033203,0.023715280978992885,5.0,75.09639851851625,70.01820330490523,0.023715280978992885,5.0,,0,[],False,0,False,0,
754,37.7,67.31974792480469,69.83375549316406,0.023679621668115644,4.423270124127863,-7.223565583853401e-15,0.23069195449352264,0.0,PlanStatus.OK,68.28827400022419,62.00575828552246,17,0.1,51,67.31974792480469,69.83375549316406,0.023679621668115644,5.0,75.31750513167731,70.02317476334724,0.023679621668115644,5.0,,0,[],False,0,False,0,
755,37.75,67.54084014892578,69.8389892578125,0.02371527473720908,4.423272480420793,-1.5412276083192136e-14,0.23069100081920624,0.0,PlanStatus.OK,66.03650499891955,61.95235252380371,17,0.1,51,67.54084014892578,69.8389892578125,0.02371527473720908,5.0,75.5385905973369,70.02869367246558,0.02371527473720908,5.0,,0,[],False,0,False,0,
756,37.800000000000004,67.76193237304688,69.84425354003906,0.023679617506926442,4.423263271760216,-6.032212367111688e-16,0.2306946963071823,0.0,PlanStatus.OK,68.69200900109718,61.92827224731445,17,0.1,51,67.76193237304688,69.84425354003906,0.023679617506926442,5.0,75.7596895807078,70.03367277694201,0.023679617506926442,5.0,,0,[],False,0,False,0,
757,37.85,67.98302459716797,69.8494873046875,0.023715268495425275,4.423248974368313,4.3733655731543293e-16,0.23070040345191956,0.0,PlanStatus.OK,65.19311400188599,60.11557579040527,17,0.1,51,67.98302459716797,69.8494873046875,0.023715268495425275,5.0,75.98077504676326,70.03919166942023,0.023715268495425275,5.0,,0,[],False,0,False,0,
758,37.9,68.20411682128906,69.85475158691406,0.02367960502335883,4.423232172691569,-1.1496458014628556e-14,0.23070712387561798,0.0,PlanStatus.OK,67.48956700175768,60.98628044128418,17,0.1,51,68.20411682128906,69.85475158691406,0.02367960502335883,5.0,76.19758827467903,69.90453385149779,-0.16271983318959607,5.0,,0,[],False,0,False,0,
759,37.95,68.42521667480469,69.8599853515625,0.02371526225364147,4.423216469393145,-1.4718725505980315e-14,0.23071341216564178,0.0,PlanStatus.OK,72.2896250008489,64.38994407653809,17,0.1,51,68.42521667480469,69.8599853515625,0.02371526225364147,5.0,76.41868634801553,69.91005264116691,-0.16268417595931345,5.0,,0,[],False,0,False,0,
760,38.0,68.64630889892578,69.86524963378906,0.023679598781575027,4.423201106643699,-1.3823978981048943e-15,0.23071955144405365,0.0,PlanStatus.OK,69.8944030009443,64.13745880126953,17,0.1,51,68.64630889892578,69.86524963378906,0.023679598781575027,5.0,76.6397803526265,69.9150318484792,-0.16271983943137988,5.0,,0,[],False,0,False,0,
761,38.050000000000004,68.86740112304688,69.8704833984375,0.023715253931263062,4.4231897134576945,6.2032093668001366e-15,0.23072411119937897,0.0,PlanStatus.OK,66.26627899822779,61.72609329223633,17,0.1,51,68.86740112304688,69.8704833984375,0.023715253931263062,5.0,76.86087079667429,69.92055062151711,-0.16268418428169185,5.0,,0,[],False,0,False,0,
762,38.1,69.08849334716797,69.87574768066406,0.023679586298007416,4.423178660452087,-1.227574441972851e-14,0.23072853684425354,0.0,PlanStatus.OK,72.11444399581524,63.727378845214844,17,0.1,51,69.08849334716797,69.87574768066406,0.023679586298007416,5.0,77.08196480149019,69.92552979556724,-0.16271985191494748,5.0,,0,[],False,0,False,0,
763,38.15,69.30958557128906,69.8809814453125,0.02371524977007386,4.423170130668092,-1.4150808549571146e-14,0.23073194921016693,0.0,PlanStatus.OK,68.66474800335709,62.70480155944824,17,0.1,51,69.30958557128906,69.8809814453125,0.02371524977007386,5.0,77.30305524512485,69.9310486351299,-0.16268418844288104,5.0,,0,[],False,0,False,0,
764,38.2,69.53068542480469,69.88624572753906,0.023679582136818214,4.423163852636206,-5.539683566469639e-15,0.2307344526052475,0.0,PlanStatus.OK,68.27947099372977,62.64376640319824,17,0.1,51,69.53068542480469,69.88624572753906,0.023679582136818214,5.0,77.52415687933414,69.93602780917983,-0.1627198560761367,5.0,,0,[],False,0,False,0,
765,38.25,69.75177764892578,69.8914794921875,0.023715243528290054,4.423159150781155,1.5734323091935905e-15,0.23073634505271912,0.0,PlanStatus.OK,68.78162200155202,63.86518478393555,17,0.1,51,69.75177764892578,69.8914794921875,0.023715243528290054,5.0,77.74524732307412,69.94154663211127,-0.16268419468466486,5.0,,0,[],False,0,False,0,
766,38.300000000000004,69.97286987304688,69.89674377441406,0.02367957797562901,4.423155734026533,1.0757659360890884e-15,0.23073770105838776,0.0,PlanStatus.OK,67.8659469995182,62.28923797607422,17,0.1,51,69.97286987304688,69.89674377441406,0.02367957797562901,5.0,77.9555908959648,69.71404890075934,0.023679577975629,5.0,,0,[],False,0,False,0,
767,38.35,70.19396209716797,69.9019775390625,0.023715233125317047,4.423154369272695,-0.17142857611179352,0.23073825240135193,0.0,PlanStatus.OK,67.35851099801948,61.10119819641113,17,0.1,51,70.19396209716797,69.9019775390625,0.023715233125317047,5.0,78.16579309538578,69.85884431465817,0.21011467133827194,5.0,,0,[],False,0,False,0,
768,38.400000000000006,70.41455078125,69.90179443359375,0.019044354420724503,4.402532392170714,1.0824674490095276e-15,0.2389870434999466,0.0,PlanStatus.OK,69.69927700265544,63.27939033508301,17,0.1,51,70.41455078125,69.90179443359375,0.019044354420724503,5.0,78.41310007535571,70.05414005959574,0.019044354420724503,5.0,,0,[],False,0,False,0,
769,38.45,70.63459014892578,69.89887237548828,0.013772645768264065,4.40225760765585,-1.4543694617759687e-14,0.23909695446491241,0.0,PlanStatus.OK,67.67339799989713,62.65854835510254,21,0.1,51,70.63459014892578,69.89887237548828,0.013772645768264065,5.0,80.62797283456494,69.8970069172033,-0.17262679244469084,5.0,,0,[],False,0,False,0,
770,38.5,70.85475158691406,69.90018463134766,0.012827702118044309,4.404564594213871,-1.3137711404875851e-14,0.23817415535449982,0.0,PlanStatus.OK,69.04722699982813,63.62414360046387,21,0.1,51,70.85475158691406,69.90018463134766,0.012827702118044309,5.0,80.84812804816285,69.88887599178783,-0.17357173609491058,5.0,,0,[],False,0,False,0,
771,38.550000000000004,71.07506561279297,69.9025650024414,0.012721604276929074,4.407669233289788,-4.832123911343179e-15,0.23693230748176575,0.0,PlanStatus.OK,69.70677999925101,63.120126724243164,21,0.1,51,71.07506561279297,69.9025650024414,0.012721604276929074,5.0,81.06844081797291,69.89019608727918,-0.17367783393602584,5.0,,0,[],False,0,False,0,
772,38.6,71.29552459716797,69.90523529052734,0.012663069868704274,4.410662921104932,-1.0860595463322437e-14,0.23573483526706696,0.0,PlanStatus.OK,66.90430999879027,60.35470962524414,21,0.1,51,71.29552459716797,69.90523529052734,0.012663069868704274,5.0,81.28889906122083,69.89228141908288,-0.17373636834425063,5.0,,0,[],False,0,False,0,
773,38.650000000000006,71.51612854003906,69.90798950195312,0.01269580490386893,4.413428901492313,3.9381331515589944e-15,0.23462843894958496,0.0,PlanStatus.OK,65.8579250011826,61.1569881439209,17,0.1,51,71.51612854003906,69.90798950195312,0.01269580490386893,5.0,79.51548381485031,70.00955321273432,0.01269580490386893,5.0,,0,[],False,0,False,0,
774,38.7,71.73686218261719,69.9107894897461,0.012659202043339854,4.415826983967968,1.1655639222340163e-14,0.2336692065000534,0.0,PlanStatus.OK,68.51336600084323,61.10572814941406,17,0.1,51,71.73686218261719,69.9107894897461,0.012659202043339854,5.0,79.73622116959223,70.01206040117381,0.012659202043339854,5.0,,0,[],False,0,False,0,
775,38.75,71.95769500732422,69.91357421875,0.01269503404356903,4.417820767962844,5.318711305255831e-15,0.23287169635295868,0.0,PlanStatus.OK,69.56119999813382,62.456607818603516,17,0.1,51,71.95769500732422,69.91357421875,0.01269503404356903,5.0,79.95705036042455,70.01513176314575,0.01269503404356903,5.0,,0,[],False,0,False,0,
776,38.800000000000004,72.17861938476562,69.91639709472656,0.012659188519474944,4.4194182104767865,-5.900671220897529e-15,0.2322327196598053,0.0,PlanStatus.OK,69.30016599653754,62.38126754760742,17,0.1,51,72.17861938476562,69.91639709472656,0.012659188519474944,5.0,80.17797837311036,70.01766789797216,0.012659188519474944,5.0,,0,[],False,0,False,0,
777,38.85,72.39961242675781,69.919189453125,0.012694938336217355,4.4206549075479415,1.3762576927427769e-14,0.23173803091049194,0.0,PlanStatus.OK,68.44163899950217,62.15047836303711,17,0.1,51,72.39961242675781,69.919189453125,0.012694938336217355,5.0,80.39896778957791,70.02074623192357,0.012694938336217355,5.0,,0,[],False,0,False,0,
778,38.900000000000006,72.62065887451172,69.92200469970703,0.012659229091069675,4.42158154546994,-1.4987155329162886e-14,0.23136737942695618,0.0,PlanStatus.OK,68.47449199995026,62.37602233886719,17,0.1,51,72.62065887451172,69.92200469970703,0.012659229091069675,5.0,80.62001785874759,70.02327582749945,0.012659229091069675,5.0,,0,[],False,0,False,0,
779,38.95,72.84174346923828,69.92479705810547,0.012694894643730721,4.422251679424665,-1.1953550874284867e-14,0.23109932243824005,0.0,PlanStatus.OK,67.98094599798787,62.135934829711914,17,0.1,51,72.84174346923828,69.92479705810547,0.012694894643730721,5.0,80.8410988364958,70.0263534873925,0.012694894643730721,5.0,,0,[],False,0,False,0,
780,39.0,73.06285095214844,69.92761993408203,0.012659239494042683,4.422717218153016,7.996000339443015e-15,0.23091311752796173,0.0,PlanStatus.OK,66.14850200276123,61.795711517333984,17,0.1,51,73.06285095214844,69.92761993408203,0.012659239494042683,5.0,81.06220993533088,70.0288911450914,0.012659239494042683,5.0,,0,[],False,0,False,0,
781,39.050000000000004,73.28398132324219,69.93041229248047,0.012694875918379306,4.423025933191139,-9.30006812459674e-16,0.23078963160514832,0.0,PlanStatus.OK,66.67262900009518,62.140703201293945,17,0.1,51,73.28398132324219,69.93041229248047,0.012694875918379306,5.0,81.28333669240124,70.03196857197668,0.012694875918379306,5.0,,0,[],False,0,False,0,
782,39.1,73.50511932373047,69.9332275390625,0.012659238453745383,4.42321731021156,-4.850945512826761e-16,0.23071306943893433,0.0,PlanStatus.OK,67.23071399756009,62.54768371582031,17,0.1,51,73.50511932373047,69.9332275390625,0.012659238453745383,5.0,81.50447830701819,70.03449874175021,0.012659238453745383,5.0,,0,[],False,0,False,0,
783,39.150000000000006,73.72626495361328,69.93602752685547,0.012694865515406297,4.423324338790201,1.2061775426922602e-14,0.2306702584028244,0.0,PlanStatus.OK,69.11090700305067,62.99853324890137,17,0.1,51,73.72626495361328,69.93602752685547,0.012694865515406297,5.0,81.72562032382893,70.0375837231345,0.012694865515406297,5.0,,0,[],False,0,False,0,
784,39.2,73.94740295410156,69.9388427734375,0.012659231171664276,4.423373159268546,1.9780228904055274e-15,0.23065073788166046,0.0,PlanStatus.OK,69.00684299762361,62.42060661315918,17,0.1,51,73.94740295410156,69.9388427734375,0.012659231171664276,5.0,81.94676193812666,70.04011391787321,0.012659231171664276,5.0,,0,[],False,0,False,0,
785,39.25,74.16854858398438,69.94164276123047,0.012694862394514396,4.423384358301537,-1.1878166636045129e-14,0.2306462526321411,0.0,PlanStatus.OK,67.06375499925343,62.39604949951172,17,0.1,51,74.16854858398438,69.94164276123047,0.012694862394514396,5.0,82.16790395451699,70.04319893254456,0.012694862394514396,5.0,,0,[],False,0,False,0,
786,39.300000000000004,74.38969421386719,69.9444580078125,0.01265922076869127,4.423371678610797,9.81722959625701e-15,0.23065133392810822,0.0,PlanStatus.OK,66.7659049940994,62.43109703063965,17,0.1,51,74.38969421386719,69.9444580078125,0.01265922076869127,5.0,82.38905319894593,70.04572906903104,0.01265922076869127,5.0,,0,[],False,0,False,0,
787,39.35,74.61083221435547,69.94725799560547,0.012694859273622494,4.423347122563944,-4.873449801806769e-15,0.23066115379333496,0.0,PlanStatus.OK,67.94787500257371,62.76416778564453,17,0.1,51,74.61083221435547,69.94725799560547,0.012694859273622494,5.0,82.61018758520504,70.04881414195438,0.012694859273622494,5.0,,0,[],False,0,False,0,
788,39.400000000000006,74.83197021484375,69.9500732421875,0.012659211406015562,4.423316330836416,-4.679945972039471e-15,0.23067346215248108,0.0,PlanStatus.OK,67.55853800132172,63.28892707824707,17,0.1,51,74.83197021484375,69.9500732421875,0.012659211406015562,5.0,82.82550488233348,69.91176306509976,-0.17374022680693935,5.0,,0,[],False,0,False,0,
789,39.45,75.05311584472656,69.95287322998047,0.012694854072135988,4.423286061995897,-1.378354776913589e-14,0.23068557679653168,0.0,PlanStatus.OK,68.69497799925739,63.234567642211914,13,0.1,51,75.05311584472656,69.95287322998047,0.012694854072135988,5.0,81.05263237325988,70.0290403085358,0.012694854072135988,5.0,,0,[],False,0,False,0,
790,39.5,75.27425384521484,69.9556884765625,0.012659203083637155,4.423256705335055,-1.0757459037598859e-14,0.23069731891155243,0.0,PlanStatus.OK,68.30920100037474,63.3695125579834,13,0.1,51,75.27425384521484,69.9556884765625,0.012659203083637155,5.0,81.27377308536717,70.0316416663747,0.012659203083637155,5.0,,0,[],False,0,False,0,
791,39.550000000000004,75.49539947509766,69.95848846435547,0.012694853031838689,4.423231683411816,9.073505869447527e-15,0.2307073324918747,0.0,PlanStatus.OK,71.39399999869056,63.10439109802246,13,0.1,51,75.49539947509766,69.95848846435547,0.012694853031838689,5.0,81.49491600371027,70.03465553666939,0.012694853031838689,5.0,,0,[],False,0,False,0,
792,39.6,75.71653747558594,69.9613037109375,0.012659195801556049,4.423210435585702,-8.296886771098477e-15,0.2307158261537552,0.0,PlanStatus.OK,68.1752590026008,63.33756446838379,13,0.1,51,75.71653747558594,69.9613037109375,0.012659195801556049,5.0,81.71605671629129,70.0372568570607,0.012659195801556049,5.0,,0,[],False,0,False,0,
793,39.650000000000006,75.93768310546875,69.96410369873047,0.012694844709460282,4.423193522882958,7.168371222944416e-15,0.2307225912809372,0.0,PlanStatus.OK,68.31915100337937,62.85452842712402,13,0.1,51,75.93768310546875,69.96410369873047,0.012694844709460282,5.0,81.93719963471523,70.04027072111415,0.012694844709460282,5.0,,0,[],False,0,False,0,
794,39.7,76.15882873535156,69.9669189453125,0.012659188519474944,4.423179908510761,-5.896578357696396e-15,0.23072803020477295,0.0,PlanStatus.OK,69.39809800678631,62.93678283691406,17,0.1,51,76.15882873535156,69.9669189453125,0.012659188519474944,5.0,84.15236340196459,69.92860858528041,-0.17374024969347995,5.0,,0,[],False,0,False,0,
795,39.75,76.37996673583984,69.96971893310547,0.012694840548271078,4.423170152325897,6.150448955065087e-15,0.23073193430900574,0.0,PlanStatus.OK,68.49191600485938,62.59655952453613,13,0.1,51,76.37996673583984,69.96971893310547,0.012694840548271078,5.0,82.37948326540317,70.04588593052404,0.012694840548271078,5.0,,0,[],False,0,False,0,
796,39.800000000000004,76.60111236572266,69.9725341796875,0.01265918435828574,4.42316273789615,-0.17142857611179352,0.2307348996400833,0.0,PlanStatus.OK,68.32753000344383,62.19124794006348,17,0.1,51,76.60111236572266,69.9725341796875,0.01265918435828574,5.0,84.5719792723651,69.84126843477547,0.19905862257124066,5.0,,0,[],False,0,False,0,
797,39.85,76.82170104980469,69.96990203857422,0.008041790978968504,4.4031458241577255,2.0497587459832045e-15,0.2387416660785675,0.0,PlanStatus.OK,70.37410500197439,63.62128257751465,17,0.1,51,76.82170104980469,69.96990203857422,0.008041790978968504,5.0,84.82144236959016,70.03423567298705,0.008041790978968504,5.0,,0,[],False,0,False,0,
798,39.900000000000006,77.04167938232422,69.96456146240234,0.002723716275810866,4.401930488602018,-2.7308930907376985e-15,0.2392278015613556,0.0,PlanStatus.OK,70.20521799859125,62.27231025695801,21,0.1,51,77.04167938232422,69.96456146240234,0.002723716275810866,5.0,87.0416422891953,69.99179859148342,0.002723716275810866,5.0,,0,[],False,0,False,0,
799,39.95,77.26185607910156,69.96342468261719,0.001837717691175406,4.404640183088102,3.693905177261847e-15,0.2381439208984375,0.0,PlanStatus.OK,67.21567600470735,60.7142448425293,21,0.1,51,77.26185607910156,69.96342468261719,0.001837717691175406,5.0,87.26183919307476,69.98180184918499,0.001837717691175406,5.0,,0,[],False,0,False,0,
800,40.0,77.482177734375,69.96339416503906,0.0016607410139896082,4.4076187892604075,-1.5339993679605243e-14,0.23695248365402222,0.0,PlanStatus.OK,67.91354300366947,60.32109260559082,21,0.1,51,77.482177734375,69.96339416503906,0.0016607410139896082,5.0,87.48216394407461,69.98000156754506,0.0016607410139896082,5.0,,0,[],False,0,False,0,
801,40.050000000000004,77.70265197753906,69.963623046875,0.001674895949250272,4.410639605945821,-1.9515018653105216e-15,0.2357441633939743,0.0,PlanStatus.OK,65.52295199799119,60.49466133117676,21,0.1,51,77.70265197753906,69.963623046875,0.001674895949250272,5.0,87.70263795116,69.98037199853661,0.001674895949250272,5.0,,0,[],False,0,False,0,
802,40.1,77.92327117919922,69.9639663696289,0.0016351880613525954,4.413399869255492,-5.758669111905661e-15,0.23464004695415497,0.0,PlanStatus.OK,67.21372200263431,60.585737228393555,21,0.1,51,77.92327117919922,69.9639663696289,0.0016351880613525954,5.0,87.92325781000227,69.98031824295543,0.0016351880613525954,5.0,,0,[],False,0,False,0,
803,40.150000000000006,78.1440200805664,69.96430969238281,0.001670694968675267,4.415802235855636,1.56770446064602e-15,0.23367910087108612,0.0,PlanStatus.OK,66.5047379952739,60.456037521362305,21,0.1,51,78.1440200805664,69.96430969238281,0.001670694968675267,5.0,88.14400612446116,69.98101663429742,0.001670694968675267,5.0,,0,[],False,0,False,0,
804,40.2,78.36487579345703,69.96468353271484,0.001634679095898173,4.417799887321913,-5.600833416030768e-15,0.23288004100322723,0.0,PlanStatus.OK,69.70876199920895,64.3622875213623,21,0.1,51,78.36487579345703,69.96468353271484,0.001634679095898173,5.0,88.36486243258139,69.98103031639363,0.001634679095898173,5.0,,0,[],False,0,False,0,
805,40.25,78.5858154296875,69.96503448486328,0.0016704905502556574,4.419401578421603,1.0813214981351873e-14,0.23223936557769775,0.0,PlanStatus.OK,69.56651899963617,61.95402145385742,21,0.1,51,78.5858154296875,69.96503448486328,0.0016704905502556574,5.0,88.5858014769974,69.98173938259646,0.0016704905502556574,5.0,,0,[],False,0,False,0,
806,40.300000000000004,78.80681610107422,69.96540832519531,0.0016347290301686119,4.420642803068292,1.30475083252239e-14,0.23174287378787994,0.0,PlanStatus.OK,70.86533300025621,63.521623611450195,21,0.1,51,78.80681610107422,69.96540832519531,0.0016347290301686119,5.0,88.8068027393823,69.98175560821596,0.0016347290301686119,5.0,,0,[],False,0,False,0,
807,40.35,79.02787780761719,69.96576690673828,0.0016704319034953241,4.421573065801138,-6.446423019142947e-15,0.23137077689170837,0.0,PlanStatus.OK,67.02372300060233,63.097238540649414,21,0.1,51,79.02787780761719,69.96576690673828,0.0016704319034953241,5.0,89.02786385590679,69.98247121800483,0.0016704319034953241,5.0,,0,[],False,0,False,0,
808,40.400000000000006,79.24898529052734,69.96614074707031,0.0016347568581214086,4.422245894770437,4.936029866499337e-15,0.2311016470193863,0.0,PlanStatus.OK,49.33315199741628,43.84899139404297,21,0.1,51,79.24898529052734,69.96614074707031,0.0016347568581214086,5.0,89.2489719283804,69.9824883083702,0.0016347568581214086,5.0,,0,[],False,0,False,0,
809,40.45,79.47010803222656,69.96649169921875,0.0016704057660256412,4.4227145834823824,-1.1874292307344388e-14,0.2309141606092453,0.0,PlanStatus.OK,58.57896600355161,54.2142391204834,25,0.1,51,79.47010803222656,69.96649169921875,0.0016704057660256412,5.0,91.47009129069795,69.98653655908947,0.0016704057660256412,5.0,,0,[],False,0,False,0,
810,40.5,79.69125366210938,69.96686553955078,0.0016347653105369777,4.423025021951562,-9.363222477627546e-15,0.23078998923301697,0.0,PlanStatus.OK,49.246926995692775,44.759511947631836,21,0.1,51,79.69125366210938,69.96686553955078,0.0016347653105369777,5.0,89.6912402998243,69.98321318537484,0.0016347653105369777,5.0,,0,[],False,0,False,0,
811,40.550000000000004,79.91240692138672,69.96722412109375,0.0016703961432756088,4.423217627616328,-1.0177873355308314e-14,0.23071295022964478,0.0,PlanStatus.OK,67.23233599768719,60.76526641845703,21,0.1,51,79.91240692138672,69.96722412109375,0.0016703961432756088,5.0,89.91239297027346,69.98392807475864,0.0016703961432756088,5.0,,0,[],False,0,False,0,
812,40.6,80.13357543945312,69.96759796142578,0.001634764270239677,4.423325414802251,-1.4255022401203632e-14,0.23066984117031097,0.0,PlanStatus.OK,53.67524600296747,47.35398292541504,21,0.1,51,80.13357543945312,69.96759796142578,0.001634764270239677,5.0,90.1335620771851,69.98394559684692,0.001634764270239677,5.0,,0,[],False,0,False,0,
813,40.650000000000006,80.35474395751953,69.96794891357422,0.0016703951029783078,4.423375449390205,-1.5001990264201098e-14,0.23064981400966644,0.0,PlanStatus.OK,67.26300299487775,61.39326095581055,21,0.1,51,80.35474395751953,69.96794891357422,0.0016703951029783078,5.0,90.35473000642389,69.98465285683619,0.0016703951029783078,5.0,,0,[],False,0,False,0,
814,40.7,80.57591247558594,69.96833038330078,0.0016347601090504738,4.423385964392163,-2.9403228339792715e-15,0.23064561188220978,0.0,PlanStatus.OK,66.99802299408475,60.98294258117676,21,0.1,51,80.57591247558594,69.96833038330078,0.0016347601090504738,5.0,90.57589911338584,69.98467797710998,0.0016347601090504738,5.0,,0,[],False,0,False,0,
815,40.75,80.79708099365234,69.96868133544922,0.0016703961432756088,4.4233740121005525,-1.0177580281908565e-14,0.230650395154953,0.0,PlanStatus.OK,65.61109899485018,60.422420501708984,21,0.1,51,80.79708099365234,69.96868133544922,0.0016703961432756088,5.0,90.79706704253908,69.9853852891141,0.0016703961432756088,5.0,,0,[],False,0,False,0,
816,40.800000000000004,81.01824188232422,69.96906280517578,0.0016347550376011322,4.423349719664915,1.1813522775576575e-14,0.2306601107120514,0.0,PlanStatus.OK,68.02109699492576,62.23154067993164,21,0.1,51,81.01824188232422,69.96906280517578,0.0016347550376011322,5.0,91.01822852020712,69.98541034827042,0.0016347550376011322,5.0,,0,[],False,0,False,0,
817,40.85,81.23941040039062,69.96941375732422,0.0016703984839445355,4.423319648851658,-1.476745700550175e-14,0.23067213594913483,0.0,PlanStatus.OK,65.43536500248592,60.616254806518555,21,0.1,51,81.23941040039062,69.96941375732422,0.0016703984839445355,5.0,91.23939644923843,69.9861177343958,0.0016703984839445355,5.0,,0,[],False,0,False,0,
818,40.900000000000006,81.46057891845703,69.96979522705078,0.0016347519167092298,4.423288204282642,-2.8637169624713557e-15,0.23068471252918243,0.0,PlanStatus.OK,67.42557500547264,60.21523475646973,21,0.1,51,81.46057891845703,69.96979522705078,0.0016347519167092298,5.0,91.45274673275853,70.12562639340052,0.18803419012966413,5.0,,0,[],False,0,False,0,
819,40.95,81.6817398071289,69.97014617919922,0.0016703995242418363,4.423258611292715,-9.943419717706008e-15,0.23069655895233154,0.0,PlanStatus.OK,65.24167799943825,60.43434143066406,21,0.1,51,81.6817398071289,69.97014617919922,0.0016703995242418363,5.0,91.67390206007347,70.12633354232656,0.18806983773719674,5.0,,0,[],False,0,False,0,
820,41.0,81.90287780761719,69.97052764892578,0.0016347493159659778,4.4232324130975975,-1.509098462783732e-14,0.23070703446865082,0.0,PlanStatus.OK,70.2921860065544,63.9796257019043,21,0.1,51,81.90287780761719,69.97052764892578,0.0016347493159659778,5.0,91.89504562232406,70.12635878928855,0.1880341875289209,5.0,,0,[],False,0,False,0,
821,41.050000000000004,82.1240234375,69.97087860107422,0.0016703997843161616,4.423210926291911,6.712158007003829e-15,0.23071563243865967,0.0,PlanStatus.OK,67.45052000042051,62.660932540893555,21,0.1,51,82.1240234375,69.97087860107422,0.0016703997843161616,5.0,92.11618569040377,70.12706596680015,0.18806983799727106,5.0,,0,[],False,0,False,0,
822,41.1,82.34516143798828,69.97126007080078,0.001634746585185563,4.423193311313633,-4.773049716019296e-15,0.23072268068790436,0.0,PlanStatus.OK,67.66201899881708,63.225507736206055,17,0.1,51,82.34516143798828,69.97126007080078,0.001634746585185563,5.0,90.33733192551645,70.1238216921629,0.18803418479814046,5.0,,0,[],False,0,False,0,
823,41.150000000000006,82.5663070678711,69.97161102294922,0.0016703991341303485,4.423180407769047,-4.0281342138530265e-15,0.23072783648967743,0.0,PlanStatus.OK,67.08079799864208,62.19053268432617,17,0.1,51,82.5663070678711,69.97161102294922,0.0016703991341303485,5.0,90.5584721111092,70.12445758546382,0.18806983734708524,5.0,,0,[],False,0,False,0,
824,41.2,82.7874526977539,69.97199249267578,0.0016347442445166364,4.423169945460383,-3.36490138104316e-16,0.2307320237159729,0.0,PlanStatus.OK,70.679623997421,63.893795013427734,17,0.1,51,82.7874526977539,69.97199249267578,0.0016347442445166364,5.0,90.77962318563905,70.12455409533085,0.18803418245747153,5.0,,0,[],False,0,False,0,
825,41.25,83.00859069824219,69.97234344482422,0.001670397313610072,4.4231627645676435,2.9696629964809764e-15,0.2307348996400833,0.0,PlanStatus.OK,64.68846899952041,60.167551040649414,17,0.1,51,83.00859069824219,69.97234344482422,0.001670397313610072,5.0,91.00075574175855,70.12518999278886,0.18806983552656498,5.0,,0,[],False,0,False,0,
826,41.300000000000004,83.229736328125,69.97272491455078,0.0016347416437733843,4.42315802459324,-1.257238044005465e-14,0.23073679208755493,0.0,PlanStatus.OK,65.20384000032209,60.533761978149414,17,0.1,51,83.229736328125,69.97272491455078,0.0016347416437733843,5.0,91.221906816407,70.12528649642034,0.1880341798567283,5.0,,0,[],False,0,False,0,
827,41.35,83.45087432861328,69.97307586669922,0.0016703961432756088,4.42315513532419,-1.0177991092887983e-14,0.23073793947696686,0.0,PlanStatus.OK,69.19085700064898,61.11717224121094,17,0.1,51,83.45087432861328,69.97307586669922,0.0016703961432756088,5.0,91.44303937230838,70.12592240531045,0.1880698343562305,5.0,,0,[],False,0,False,0,
828,41.400000000000006,83.6720199584961,69.97345733642578,0.0016347408635504087,4.423152779477922,-7.923723759207634e-16,0.23073889315128326,0.0,PlanStatus.OK,65.77474499499658,60.894012451171875,17,0.1,51,83.6720199584961,69.97345733642578,0.0016347408635504087,5.0,91.66419044689717,70.1260189120596,0.1880341790765053,5.0,,0,[],False,0,False,0,
829,41.45,83.8931655883789,69.97380828857422,0.00167039471286682,4.423151320194739,-9.095632911128651e-15,0.23073947429656982,0.0,PlanStatus.OK,67.94943900604267,61.998605728149414,17,0.1,51,83.8931655883789,69.97380828857422,0.00167039471286682,5.0,91.85757661990047,70.28531343040551,0.4033053645839108,5.0,,0,[],False,0,False,0,
830,41.5,84.11430358886719,69.97418975830078,0.0016347393031044574,4.423149917861763,-8.135488031130959e-15,0.230740025639534,0.0,PlanStatus.OK,68.9536970021436,64.00156021118164,17,0.1,51,84.11430358886719,69.97418975830078,0.0016347393031044574,5.0,92.07872572216957,70.28541092559529,0.4032697091741484,5.0,,0,[],False,0,False,0,
831,41.550000000000004,84.33544921875,69.97454071044922,0.0016703928923465436,4.423149889297043,-2.0981228449637674e-15,0.2307400405406952,0.0,PlanStatus.OK,69.24679900112096,63.53473663330078,17,0.1,51,84.33544921875,69.97454071044922,0.0016703928923465436,5.0,92.29986025083866,70.2860458377811,0.4033053627633905,5.0,,0,[],False,0,False,0,
832,41.6,84.55658721923828,69.97492218017578,0.0016347370924726932,4.423149440618554,4.632962325004696e-15,0.23074021935462952,0.0,PlanStatus.OK,67.50031499541365,62.07919120788574,17,0.1,51,84.55658721923828,69.97492218017578,0.0016347370924726932,5.0,92.52100935322862,70.2861433298638,0.40326970696351666,5.0,,0,[],False,0,False,0,
833,41.650000000000006,84.7777328491211,69.97527313232422,0.0016703909417891047,4.423150365868449,-3.42366609170394e-15,0.23073984682559967,0.0,PlanStatus.OK,72.69179599825293,63.81726264953613,17,0.1,51,84.7777328491211,69.97527313232422,0.0016703909417891047,5.0,92.74214388181724,70.28677824412107,0.4033053608128331,5.0,,0,[],False,0,False,0,
834,41.7,84.9988784790039,69.97565460205078,0.00163473592213823,4.423150394473329,-8.59168303586318e-15,0.23073984682559967,0.0,PlanStatus.OK,66.36721300310455,61.14387512207031,17,0.1,51,84.9988784790039,69.97565460205078,0.00163473592213823,5.0,92.92226608252646,70.63442133291595,0.37443361234804806,5.0,,0,[],False,0,False,0,
835,41.75,85.22001647949219,69.97600555419922,0.0016703896414174786,4.423151319681356,5.981753449773447e-15,0.23073947429656982,0.0,PlanStatus.OK,65.47649399726652,61.13028526306152,17,0.1,51,85.22001647949219,69.97600555419922,0.0016703896414174786,5.0,93.1433805904947,70.63505478288292,0.37446926606732733,5.0,,0,[],False,0,False,0,
836,41.800000000000004,85.441162109375,69.97638702392578,0.001634733581469303,4.4231518249142745,-4.154771568698175e-15,0.2307392656803131,0.0,PlanStatus.OK,56.49596000148449,52.03700065612793,21,0.1,51,85.441162109375,69.97638702392578,0.001634733581469303,5.0,95.16789458508185,71.49369956084283,0.5608330482203342,5.0,,0,[],False,0,False,0,
837,41.85,85.66230010986328,69.97673797607422,0.0016703873007485519,4.423152750141613,1.0571668289849259e-14,0.23073889315128326,0.0,PlanStatus.OK,70.17869999981485,62.169551849365234,17,0.1,51,85.66230010986328,69.97673797607422,0.0016703873007485519,5.0,93.52898805209978,70.78655406893611,0.5897047953847474,5.0,,0,[],False,0,False,0,
838,41.900000000000006,85.8834457397461,69.97711944580078,0.0016347326712091647,4.4231532552226795,-7.153971980478448e-16,0.23073869943618774,0.0,PlanStatus.OK,67.64217199815903,60.95147132873535,17,0.1,51,85.8834457397461,69.97711944580078,0.0016347326712091647,5.0,93.75016255067509,70.78665505430376,0.589669140755208,5.0,,0,[],False,0,False,0,
839,41.95,86.1045913696289,69.97747039794922,0.0016703863904884136,4.42315370373008,1.4070734289902461e-14,0.23073852062225342,0.0,PlanStatus.OK,66.17415900109336,61.235666275024414,17,0.1,51,86.1045913696289,69.97747039794922,0.0016703863904884136,5.0,93.97127931260263,70.78728648365038,0.5897047944744873,5.0,,0,[],False,0,False,0,
840,42.0,86.32572937011719,69.97785186767578,0.0016347317609490266,4.42315325517192,0.17142857611179352,0.23073869943618774,0.0,PlanStatus.OK,67.22909300151514,60.82606315612793,13,0.1,51,86.32572937011719,69.97785186767578,0.0016347317609490266,5.0,92.28265240838877,70.49773060220346,0.18803416997390393,5.0,,0,[],False,0,False,0,
841,42.050000000000004,86.54652404785156,69.98210906982422,0.005025740758656401,4.410616765469399,1.4758039693194176e-14,0.23575329780578613,0.0,PlanStatus.OK,67.54964999709046,62.89815902709961,17,0.1,51,86.54652404785156,69.98210906982422,0.005025740758656401,5.0,94.28461513252003,71.22649086747639,0.5930601488426553,5.0,,0,[],False,0,False,0,
842,42.1,86.76696014404297,69.98809051513672,0.00857797009063147,4.4109523783648354,-1.2736773441490712e-14,0.23561905324459076,0.0,PlanStatus.OK,67.45260999741731,62.06703186035156,17,0.1,51,86.76696014404297,69.98809051513672,0.00857797009063147,5.0,94.41208154444139,71.3945271175122,0.8118479098327194,5.0,,0,[],False,0,False,0,
843,42.150000000000006,86.98751831054688,69.99110412597656,0.009196905372722698,4.412258845722919,-1.2945256201897255e-14,0.23509645462036133,0.0,PlanStatus.OK,69.4900750022498,63.48299980163574,17,0.1,51,86.98751831054688,69.99110412597656,0.009196905372722698,5.0,94.63176775341574,71.40227229403105,0.8124668451148106,5.0,,0,[],False,0,False,0,
844,42.2,87.20817565917969,69.99344635009766,0.009252711081127468,4.414077585286348,-1.4702028792524038e-14,0.2343689650297165,0.0,PlanStatus.OK,67.86166399979265,62.05034255981445,17,0.1,51,87.20817565917969,69.99344635009766,0.009252711081127468,5.0,94.85234633890613,71.40504110870991,0.8125226508232154,5.0,,0,[],False,0,False,0,
845,42.25,87.42892456054688,69.99556732177734,0.00930319358824398,4.415830734830757,0.17142857611179352,0.23366770148277283,0.0,PlanStatus.OK,68.35565200162819,63.09986114501953,17,0.1,51,87.42892456054688,69.99556732177734,0.00930319358824398,5.0,95.059139209201,71.70582702552562,0.7837370398851978,5.0,,0,[],False,0,False,0,
846,42.300000000000004,87.64909362792969,70.00306701660156,0.013921148207955007,4.397535028326547,0.24562369287014008,0.24098598957061768,0.0,PlanStatus.OK,69.54581900208723,62.44635581970215,17,0.1,51,87.64909362792969,70.00306701660156,0.013921148207955007,5.0,95.2713290440099,71.74854434405525,0.7883549945049089,5.0,,0,[],False,0,False,0,
847,42.35,87.86659240722656,70.02265167236328,0.027406497151248366,4.363353474623657,0.13990290462970734,0.25465860962867737,0.0,PlanStatus.OK,64.80192200251622,60.801029205322266,17,0.1,51,87.86659240722656,70.02265167236328,0.027406497151248366,5.0,95.28420679934413,71.88396627960378,0.6442769986803815,5.0,,0,[],False,0,False,0,
848,42.400000000000006,88.08345794677734,70.0467529296875,0.041059710547595385,4.3768368445767045,0.13961224257946014,0.24926526844501495,0.0,PlanStatus.OK,68.2228289952036,61.678409576416016,17,0.1,51,88.08345794677734,70.0467529296875,0.041059710547595385,5.0,95.6070332126156,71.75083111477682,0.8443296502896834,5.0,,0,[],False,0,False,0,
849,42.45,88.30095672607422,70.07136535644531,0.05251793617052609,4.387798973259182,0.2457914799451828,0.24488040804862976,0.0,PlanStatus.OK,68.7194440033636,61.72823905944824,17,0.1,51,88.30095672607422,70.07136535644531,0.05251793617052609,5.0,95.85016228638716,72.1096634815835,0.8269517824674799,5.0,,0,[],False,0,False,0,
850,42.5,88.5174789428711,70.10134887695312,0.06660788093791628,4.373742330639634,0.13967882096767426,0.2505030632019043,0.0,PlanStatus.OK,69.84236000425881,61.8443489074707,17,0.1,51,88.5174789428711,70.10134887695312,0.06660788093791628,5.0,95.64093486136223,72.46100645839772,1.0851133523380931,5.0,,0,[],False,0,False,0,
851,42.550000000000004,88.73368835449219,70.13452911376953,0.08037654028692363,4.389788772902822,0.13933439552783966,0.24408449232578278,0.0,PlanStatus.OK,66.46640099643264,61.185359954833984,21,0.1,51,88.73368835449219,70.13452911376953,0.08037654028692363,5.0,97.35720635291584,73.87625971085414,1.0988820116871008,5.0,,0,[],False,0,False,0,
852,42.6,88.9505844116211,70.16789245605469,0.09183854426965089,4.397525521621819,0.13916905224323273,0.2409897893667221,0.0,PlanStatus.OK,67.17674600076862,62.46495246887207,17,0.1,51,88.9505844116211,70.16789245605469,0.09183854426965089,5.0,96.01224369329833,72.70650946416299,1.1103440156698277,5.0,,0,[],False,0,False,0,
853,42.650000000000006,89.16758728027344,70.2031478881836,0.10295486162050745,4.405473133706715,0.13899970054626465,0.23781074583530426,0.0,PlanStatus.OK,68.06854599562939,61.879873275756836,21,0.1,51,89.16758728027344,70.2031478881836,0.10295486162050745,5.0,97.55933072594684,74.29325705658131,0.9062248013625955,5.0,,0,[],False,0,False,0,
854,42.7,89.38448333740234,70.24066925048828,0.1140017453683186,4.409129360020816,0.13892196118831635,0.2363482564687729,0.0,PlanStatus.OK,61.265230004210025,55.006980895996094,25,0.1,51,89.38448333740234,70.24066925048828,0.1140017453683186,5.0,98.51580781393972,76.28774814649958,1.1036711233233614,5.0,,0,[],False,0,False,0,
855,42.75,89.60118865966797,70.28056335449219,0.12505222438360136,4.4142208503353215,0.13881386816501617,0.23431165516376495,0.0,PlanStatus.OK,69.00231700274162,62.23654747009277,21,0.1,51,89.60118865966797,70.28056335449219,0.12505222438360136,5.0,97.78427897047796,74.63260007917587,1.1147216023386441,5.0,,0,[],False,0,False,0,
856,42.800000000000004,89.81759643554688,70.32283782958984,0.13608946249483939,4.415782849396944,0.13878074288368225,0.23368686437606812,0.0,PlanStatus.OK,69.28981900273357,61.85197830200195,21,0.1,51,89.81759643554688,70.32283782958984,0.13608946249483939,5.0,97.95215482648791,74.76492635552435,1.1257588404498822,5.0,,0,[],False,0,False,0,
857,42.85,90.03365325927734,70.3675308227539,0.1471378193036285,4.419007170123691,0.24525576829910278,0.2323971390724182,0.0,PlanStatus.OK,69.19882700458402,64.14198875427246,17,0.1,51,90.03365325927734,70.3675308227539,0.1471378193036285,5.0,96.97888239044255,73.55497570771851,1.1368071972586713,5.0,,0,[],False,0,False,0,
858,42.900000000000006,90.24778747558594,70.4178466796875,0.16116562087145736,4.398844215666628,0.13914091885089874,0.2404623180627823,0.0,PlanStatus.OK,69.10734600387514,63.22622299194336,17,0.1,51,90.24778747558594,70.4178466796875,0.16116562087145736,5.0,97.11662957522329,73.4395376524054,1.1796710922716342,5.0,,0,[],False,0,False,0,
859,42.95,90.46099090576172,70.47142791748047,0.17493526226111666,4.409403003885806,0.24541997909545898,0.23623879253864288,0.0,PlanStatus.OK,67.14390699926298,61.135292053222656,13,0.1,51,90.46099090576172,70.47142791748047,0.17493526226111666,5.0,96.10080484946872,72.2772411059949,0.7629696703451155,5.0,,0,[],False,0,False,0,
860,43.0,90.6730728149414,70.52850341796875,0.18943918709758129,4.393980641157234,0.13924475014209747,0.24240773916244507,0.0,PlanStatus.OK,65.41986000229372,60.901641845703125,17,0.1,51,90.6730728149414,70.52850341796875,0.18943918709758129,5.0,97.45374704229538,73.74316749790827,1.207944658497758,5.0,,0,[],False,0,False,0,
861,43.050000000000004,90.8843994140625,70.58831024169922,0.20330147320366174,4.405988576271274,0.310673326253891,0.23760457336902618,0.0,PlanStatus.OK,68.13181500183418,62.23750114440918,13,0.1,51,90.8843994140625,70.58831024169922,0.20330147320366174,5.0,96.2669554126052,72.92874642295531,0.7913358812876607,5.0,,0,[],False,0,False,0,
862,43.1,91.09455108642578,70.65151977539062,0.21791094244307754,4.389586479978011,0.13933871686458588,0.24416540563106537,0.0,PlanStatus.OK,68.70572699699551,60.349225997924805,13,0.1,51,91.09455108642578,70.65151977539062,0.21791094244307754,5.0,96.68284506598057,72.40141815981484,0.8347814439722105,5.0,,0,[],False,0,False,0,
863,43.150000000000006,91.30360412597656,70.71797943115234,0.23235524576063799,4.40243875650172,0.3107672929763794,0.23902449011802673,0.0,PlanStatus.OK,68.59074100066209,63.74669075012207,13,0.1,51,91.30360412597656,70.71797943115234,0.23235524576063799,5.0,96.61589958376291,73.21378943296813,0.820389653844637,5.0,,0,[],False,0,False,0,
864,43.2,91.51163482666016,70.78742980957031,0.24708445738056647,4.387763753089136,0.4821958541870117,0.24489450454711914,0.0,PlanStatus.OK,65.44907700299518,61.388254165649414,13,0.1,51,91.51163482666016,70.78742980957031,0.24708445738056647,5.0,96.66880517555471,73.47106944908525,1.0503543971226543,5.0,,0,[],False,0,False,0,
865,43.25,91.71355438232422,70.86726379394531,0.2688592780461382,4.343857476339552,0.5294706225395203,0.262457013130188,0.0,PlanStatus.OK,67.13053999555996,60.80222129821777,13,0.1,51,91.71355438232422,70.86726379394531,0.2688592780461382,5.0,96.81107100771855,73.6625548299774,1.072129217788226,5.0,,0,[],False,0,False,0,
866,43.300000000000004,91.90603637695312,70.95974731445312,0.29856412691061157,4.284860150192047,0.35804206132888794,0.28605595231056213,0.0,PlanStatus.OK,69.76465100160567,63.04478645324707,13,0.1,51,91.90603637695312,70.95974731445312,0.29856412691061157,5.0,97.33518254451198,73.15418251491354,0.9154346284397447,5.0,,0,[],False,0,False,0,
867,43.35,92.09364318847656,71.0604019165039,0.32938289283528105,4.316357313835194,0.18661348521709442,0.2734570801258087,0.0,PlanStatus.OK,66.86708999768598,61.730146408081055,13,0.1,51,92.09364318847656,71.0604019165039,0.32938289283528105,5.0,97.45259218900433,73.4210881657715,0.9462533943644141,5.0,,0,[],False,0,False,0,
868,43.400000000000006,92.28540802001953,71.15943908691406,0.3517232856926015,4.35486737756782,0.1400865912437439,0.2580530345439911,0.0,PlanStatus.OK,66.55538899940439,61.82384490966797,13,0.1,51,92.28540802001953,71.15943908691406,0.3517232856926015,5.0,97.59028549737592,73.63924732707615,0.9685937872217345,5.0,,0,[],False,0,False,0,
869,43.45,92.48212432861328,71.25341796875,0.365605412348803,4.379776626620936,0.3115151524543762,0.24808934330940247,0.0,PlanStatus.OK,68.37834799807752,61.17582321166992,9,0.1,51,92.48212432861328,71.25341796875,0.365605412348803,5.0,96.07838178759481,72.94942762919528,0.767240382219847,5.0,,0,[],False,0,False,0,
870,43.5,92.67813873291016,71.34988403320312,0.38024780491719495,4.374246176057864,0.48294374346733093,0.2503015398979187,0.0,PlanStatus.OK,35.5221089994302,31.399011611938477,21,0.1,51,92.67813873291016,71.34988403320312,0.38024780491719495,5.0,98.64218430335679,78.71455659807093,1.5563166210851924,5.0,,0,[],False,0,False,0,
871,43.550000000000004,92.8671646118164,71.45579528808594,0.40204211659299466,4.337045794106361,0.3115151524543762,0.26518169045448303,0.0,PlanStatus.OK,10.66538599843625,1.9564628601074219,5,0.1,51,92.8671646118164,71.45579528808594,0.40204211659299466,5.0,94.64612208770335,72.36379526297158,0.5884415548059496,5.0,,0,[],False,0,False,0,
872,43.6,93.05107879638672,71.56909942626953,0.4264407334987828,4.352000261072931,0.14014877378940582,0.2591998875141144,0.0,PlanStatus.OK,71.01729299756698,63.8887882232666,13,0.1,51,93.05107879638672,71.56909942626953,0.4264407334987828,5.0,98.1560428070047,74.43798708667626,1.043311235027916,5.0,,0,[],False,0,False,0,
873,43.650000000000006,93.23717498779297,71.68209075927734,0.44487543416993397,4.380633186492549,0.31157734990119934,0.24774672091007233,0.0,PlanStatus.OK,66.26593900000444,61.33246421813965,13,0.1,51,93.23717498779297,71.68209075927734,0.44487543416993397,5.0,97.90353044690255,75.2422420657837,1.032909842253933,5.0,,0,[],False,0,False,0,
874,43.7,93.42431640625,71.79511260986328,0.46043695020953945,4.3799333484792475,0.14014877378940582,0.24802665412425995,0.0,PlanStatus.OK,4.748997998831328,0.23245811462402344,1,0.1,1,93.42431640625,71.79511260986328,0.46043695020953945,5.0,93.42431640625,71.79511260986328,0.46043695020953945,5.0,,0,[],False,0,False,0,
875,43.75,93.61070251464844,71.91026306152344,0.47511236597544837,4.399185187731585,0.0,0.240325927734375,0.0,PlanStatus.OK,6.642729000304826,1.177072525024414,5,0.1,51,93.61070251464844,71.91026306152344,0.47511236597544837,5.0,95.22158222947603,73.07426563779151,0.8767473358464923,5.0,,0,[],False,0,False,0,
876,43.800000000000004,93.8013916015625,72.01985931396484,0.4817106138922287,4.399845295723209,0.0,0.24006187915802002,0.0,PlanStatus.OK,8.130869995511603,1.1670589447021484,5,0.1,51,93.8013916015625,72.01985931396484,0.4817106138922287,5.0,95.4045559283383,73.19446545840445,0.8833455837632727,5.0,,0,[],False,0,False,0,
877,43.85,93.99561309814453,72.124267578125,0.4829065396692424,4.4062566233529035,0.17142857611179352,0.23749734461307526,0.0,PlanStatus.OK,67.58168800297426,60.64748764038086,21,0.1,51,93.99561309814453,72.124267578125,0.4829065396692424,5.0,98.8651608930458,79.88647136826056,1.658975355837239,5.0,,0,[],False,0,False,0,
878,43.900000000000006,94.18838500976562,72.23091888427734,0.4864819998802419,4.40070076385985,0.34285715222358704,0.2397196888923645,0.0,PlanStatus.OK,66.60977499996079,60.64796447753906,17,0.1,51,94.18838500976562,72.23091888427734,0.4864819998802419,5.0,98.82062766434478,78.03141655137432,1.6913869094933731,5.0,,0,[],False,0,False,0,
879,43.95,94.37434387207031,72.345947265625,0.49804737612515626,4.371539228272905,0.0,0.0,1.0,PlanStatus.FAIL,7.176945997343864,0.05507469177246094,,,0,,,,,,,,,,0,[],False,0,False,0,no_path
880,44.0,94.55772399902344,72.4627456665039,0.5093200043872437,4.332448585892565,0.0,0.0,1.0,PlanStatus.FAIL,4.339960003562737,0.05125999450683594,,,0,,,,,,,,,,0,[],False,0,False,0,no_path
881,44.050000000000004,94.7416000366211,72.57039642333984,0.5118187818590377,4.210003965829478,0.0,0.0,1.0,PlanStatus.FAIL,6.12608999654185,0.05030632019042969,,,0,,,,,,,,,,0,[],False,0,False,0,no_path
882,44.1,94.91988372802734,72.67174530029297,0.5121613309542492,4.022180758341244,0.0,0.0,1.0,PlanStatus.FAIL,7.057964998239186,0.0553131103515625,,,0,,,,,,,,,,0,[],False,0,False,0,no_path
883,44.150000000000006,95.08916473388672,72.7672348022461,0.5122028429777408,3.796953551080206,0.0,0.0,1.0,PlanStatus.FAIL,6.867393996799365,0.054836273193359375,,,0,,,,,,,,,,0,[],False,0,False,0,no_path
884,44.2,95.24860382080078,72.85694885253906,0.5122329366980587,3.568573954100051,0.0,0.0,1.0,PlanStatus.FAIL,5.906294005399104,0.06008148193359375,,,0,,,,,,,,,,0,[],False,0,False,0,no_path
885,44.25,95.39810943603516,72.94105529785156,0.5122173904951953,3.340538971853169,0.0,0.0,1.0,PlanStatus.FAIL,7.550977999926545,0.05459785461425781,,,0,,,,,,,,,,0,[],False,0,False,0,no_path
886,44.300000000000004,95.5377426147461,73.01956939697266,0.5122370978872619,3.1141590047943453,0.9969252943992615,0.6000000238418579,0.0,PlanStatus.OK,67.05367100221338,63.30442428588867,13,0.1,51,95.5377426147461,73.01956939697266,0.5122370978872619,5.0,99.2977683890954,77.44895855462187,1.2866709441842155,5.0,,0,[],False,0,False,0,
887,44.35,95.6669692993164,73.09538269042969,0.5145940620310093,2.9308552879564815,1.0,0.6000000238418579,0.0,PlanStatus.OK,72.66465399879962,65.09089469909668,13,0.1,51,95.6669692993164,73.09538269042969,0.5145940620310093,5.0,98.82400391305949,77.95651336406065,1.1314645635601424,5.0,,0,[],False,0,False,0,
888,44.400000000000006,95.78679656982422,73.17445373535156,0.522684845291211,2.856078416985013,1.0,0.6000000238418579,0.0,PlanStatus.OK,67.26328800141346,63.13204765319824,13,0.1,51,95.78679656982422,73.17445373535156,0.522684845291211,5.0,98.90439792758461,78.06096790729235,1.139555346820344,5.0,,0,[],False,0,False,0,
889,44.45,95.90026092529297,73.26077270507812,0.5369880510052676,2.87637715892883,0.0,0.0,1.0,PlanStatus.FAIL,4.3371779975132085,0.04839897155761719,,,0,,,,,,,,,,0,[],False,0,False,0,no_path
890,44.5,96.01419830322266,73.3511734008789,0.5510768056725457,2.943688640228274,0.0,0.0,1.0,PlanStatus.FAIL,6.175926006108057,0.05030632019042969,,,0,,,,,,,,,,0,[],False,0,False,0,no_path
891,44.550000000000004,96.1342544555664,73.43444061279297,0.5557267515148513,2.8980015914292583,0.0,0.0,1.0,PlanStatus.FAIL,4.887471994152293,0.04982948303222656,,,0,,,,,,,,,,0,[],False,0,False,0,no_path
892,44.6,96.25353240966797,73.51024627685547,0.5565852214922383,2.7798774546578775,0.0,0.0,1.0,PlanStatus.FAIL,6.525703996885568,0.06270408630371094,,,0,,,,,,,,,,0,[],False,0,False,0,no_path
893,44.650000000000006,96.3665542602539,73.58147430419922,0.5565914799208,2.601466594181773,0.0,0.0,1.0,PlanStatus.FAIL,4.836266998609062,0.05221366882324219,,,0,,,,,,,,,,0,[],False,0,False,0,no_path
894,44.7,96.47183990478516,73.6473388671875,0.5565799617490854,2.4071503018013263,1.0,0.6000000238418579,0.0,PlanStatus.OK,66.88908000069205,61.94949150085449,13,0.1,51,96.47183990478516,73.6473388671875,0.5565799617490854,5.0,99.42205330660911,78.63669752959954,1.1734504632782183,5.0,,0,[],False,0,False,0,
895,44.75,96.568359375,73.7100601196289,0.5583843865456686,2.244161055969814,1.0,0.6000000238418579,0.0,PlanStatus.OK,69.59964300040156,62.779903411865234,13,0.1,51,96.568359375,73.7100601196289,0.5583843865456686,5.0,99.50956505634927,78.70473409482352,1.1752548880748015,5.0,,0,[],False,0,False,0,
896,44.800000000000004,96.65689849853516,73.77462005615234,0.5647252399430928,2.179619529506786,0.0,0.0,1.0,PlanStatus.FAIL,4.077126999618486,0.04935264587402344,,,0,,,,,,,,,,0,[],False,0,False,0,no_path
897,44.85,96.74456024169922,73.84012603759766,0.5704763363171189,2.1783983097360418,0.0,0.0,1.0,PlanStatus.FAIL,5.321144002664369,0.051021575927734375,,,0,,,,,,,,,,0,[],False,0,False,0,no_path
898,44.900000000000006,96.83513641357422,73.90071868896484,0.5713478557838473,2.159005340731276,0.0,0.0,1.0,PlanStatus.FAIL,4.72010399971623,0.052928924560546875,,,0,,,,,,,,,,0,[],False,0,False,0,no_path
899,44.95,96.92216491699219,73.95713806152344,0.5710756807204412,2.0061469337798403,0.0,0.0,1.0,PlanStatus.FAIL,7.196880003903061,0.05054473876953125,,,0,,,,,,,,,,0,[],False,0,False,0,no_path
900,45.0,96.98731231689453,73.9993667602539,0.5702008323023502,1.0662161727905743,1.0,0.6000000238418579,0.0,PlanStatus.OK,69.63412999903085,63.20762634277344,13,0.1,51,96.98731231689453,73.9993667602539,0.5702008323023502,5.0,99.73399365598507,79.06323720675272,1.373470772044438,5.0,,0,[],False,0,False,0,
901,45.050000000000004,97.00212860107422,74.00907897949219,0.570143707496968,0.00735833464240237,1.0,0.6000000238418579,0.0,PlanStatus.OK,67.77696100471076,63.90857696533203,13,0.1,51,97.00212860107422,74.00907897949219,0.570143707496968,5.0,99.74909920829678,79.07279251409184,1.3734136472390555,5.0,,0,[],False,0,False,0,
902,45.1,97.00209045410156,74.00904083251953,0.570143441180859,0.0002845877485686506,1.0,0.6000000238418579,0.0,PlanStatus.OK,67.99753499944927,64.06545639038086,13,0.1,51,97.00209045410156,74.00904083251953,0.570143441180859,5.0,99.7490624098725,79.07275363555645,1.3734133809229467,5.0,,0,[],False,0,False,0,
903,45.150000000000006,97.00659942626953,74.01304626464844,0.570856036509537,0.16445494702638708,1.0,0.6000000238418579,0.0,PlanStatus.OK,69.4781790007255,63.726186752319336,13,0.1,51,97.00659942626953,74.01304626464844,0.570856036509537,5.0,99.74996230681137,79.0787152612468,1.3741259762516247,5.0,,0,[],False,0,False,0,
904,45.2,97.01764678955078,74.0240707397461,0.5731785127171678,0.3491395570387227,1.0,0.6000000238418579,0.0,PlanStatus.OK,67.19108499964932,63.3244514465332,13,0.1,51,97.01764678955078,74.0240707397461,0.5731785127171678,5.0,99.74923738624534,79.09609746379654,1.3764484524592553,5.0,,0,[],False,0,False,0,
905,45.25,97.03376007080078,74.04203033447266,0.5781868534631708,0.5545750128310648,1.0,0.6000000238418579,0.0,PlanStatus.OK,66.9654029989033,63.17496299743652,13,0.1,51,97.03376007080078,74.04203033447266,0.5781868534631708,5.0,99.73991407676189,79.12767412591666,1.3814567932052584,5.0,,0,[],False,0,False,0,
906,45.300000000000004,97.05342864990234,74.06819915771484,0.5868859360058601,0.7313410916180169,1.0,0.6000000238418579,0.0,PlanStatus.OK,68.11329400079558,63.95459175109863,13,0.1,51,97.05342864990234,74.06819915771484,0.5868859360058601,5.0,99.71524038655865,79.1771912849383,1.390155875747948,5.0,,0,[],False,0,False,0,
907,45.35,97.0743637084961,74.10163879394531,0.598980948412564,0.8984049504663068,1.0,0.6000000238418579,0.0,PlanStatus.OK,67.24391599709634,63.38191032409668,13,0.1,51,97.0743637084961,74.10163879394531,0.598980948412564,5.0,99.67418893364633,79.24245109124861,1.4022508881546516,5.0,,0,[],False,0,False,0,
908,45.400000000000006,97.09510803222656,74.14218139648438,0.6155480075007562,1.030793696875363,1.0,0.6000000238418579,0.0,PlanStatus.OK,67.40804900618969,63.42267990112305,13,0.1,51,97.09510803222656,74.14218139648438,0.6155480075007562,5.0,99.6094122366775,79.3253577049764,1.418817947242844,5.0,,0,[],False,0,False,0,
909,45.45,97.11526489257812,74.18949890136719,0.6354038042190872,1.1491701472607883,1.0,0.6000000238418579,0.0,PlanStatus.OK,67.55311799497576,63.23122978210449,13,0.1,51,97.11526489257812,74.18949890136719,0.6354038042190872,5.0,99.52616414496889,79.42157373571867,1.4386737439611745,5.0,,0,[],False,0,False,0,
910,45.5,97.13629913330078,74.24394989013672,0.6585769009702481,1.3126690499993792,1.0,0.6000000238418579,0.0,PlanStatus.OK,66.00008399982471,62.053680419921875,13,0.1,51,97.13629913330078,74.24394989013672,0.6585769009702481,5.0,99.42531857184632,79.53048299675709,1.4618468407123357,5.0,,0,[],False,0,False,0,
911,45.550000000000004,97.15836334228516,74.30570983886719,0.6844284719877564,1.47012819528636,1.0,0.6000000238418579,0.0,PlanStatus.OK,65.91322099848185,61.888933181762695,13,0.1,51,97.15836334228516,74.30570983886719,0.6844284719877564,5.0,99.44835282359759,79.63050158634108,1.3012989735168894,5.0,,0,[],False,0,False,0,
912,45.6,97.18115234375,74.37493896484375,0.7128025226107604,1.6226447103659287,1.0,0.6000000238418579,0.0,PlanStatus.OK,64.59499400079949,60.73260307312012,13,0.1,51,97.18115234375,74.37493896484375,0.7128025226107604,5.0,99.31915442827471,79.76255495571168,1.3296730241398933,5.0,,0,[],False,0,False,0,
913,45.650000000000006,97.2037582397461,74.45133209228516,0.7436820751873109,1.7746937885416358,1.0,0.6000000238418579,0.0,PlanStatus.OK,64.32092199975159,60.1038932800293,13,0.1,51,97.2037582397461,74.45133209228516,0.7436820751873109,5.0,99.17440033007956,79.90238967135124,1.3605525767164437,5.0,,0,[],False,0,False,0,
914,45.7,97.22593688964844,74.53514862060547,0.777212471733899,1.9175056600817304,1.0,0.6000000238418579,0.0,PlanStatus.OK,65.3874710042146,61.4774227142334,13,0.1,51,97.22593688964844,74.53514862060547,0.777212471733899,5.0,99.17169298909428,80.02325578064138,1.178847441604943,5.0,,0,[],False,0,False,0,
915,45.75,97.24703979492188,74.62638854980469,0.8132803281671146,2.0734127448605917,1.0,0.6000000238418579,0.0,PlanStatus.OK,69.28974999755155,62.75820732116699,13,0.1,51,97.24703979492188,74.62638854980469,0.8132803281671146,5.0,99.14251436189006,80.16245023575419,1.5877141744640677,5.0,,0,[],False,0,False,0,
916,45.800000000000004,97.266357421875,74.72518920898438,0.8519714648530856,2.220021315815742,1.0,0.6000000238418579,0.0,PlanStatus.OK,66.66344800032675,62.463998794555664,13,0.1,51,97.266357421875,74.72518920898438,0.8519714648530856,5.0,98.94627031805,80.33042742746589,1.6264053111500387,5.0,,0,[],False,0,False,0,
917,45.85,97.28303527832031,74.8317642211914,0.8933474673920199,2.3747134890064405,0.8285714387893677,0.6000000238418579,0.0,PlanStatus.OK,66.51780399988638,62.1030330657959,9,0.1,51,97.28303527832031,74.8317642211914,0.8933474673920199,5.0,98.95912797848906,78.42880901301179,1.108582999050109,5.0,,0,[],False,0,False,0,
918,45.900000000000006,97.30184173583984,74.94801330566406,0.9343749287232901,2.577578147672922,0.7220240235328674,0.6000000238418579,0.0,PlanStatus.OK,68.2071250048466,64.26119804382324,9,0.1,51,97.30184173583984,74.94801330566406,0.9343749287232901,5.0,99.11484716774729,78.48798853444362,1.3071738051491995,5.0,,0,[],False,0,False,0,
919,45.95,97.32859802246094,75.07489013671875,0.9718145794340056,2.7845666206474515,0.8934525847434998,0.6000000238418579,0.0,PlanStatus.OK,69.21619700005976,62.25705146789551,13,0.1,51,97.32859802246094,75.07489013671875,0.9718145794340056,5.0,99.01271748631483,80.70946431816282,1.3734495493050494,5.0,,0,[],False,0,False,0,
920,46.0,97.35552215576172,75.21004486083984,1.0108317536164295,2.910173838229173,0.7220240235328674,0.6000000238418579,0.0,PlanStatus.OK,66.6179510008078,62.872886657714844,13,0.1,51,97.35552215576172,75.21004486083984,1.0108317536164295,5.0,99.12651662505615,80.86172970171408,1.5700300682552932,5.0,,0,[],False,0,False,0,
921,46.050000000000004,97.37918853759766,75.35386657714844,1.0512596708072957,3.104161115314886,0.5505954623222351,0.6000000238418579,0.0,PlanStatus.OK,72.0819029957056,64.19801712036133,13,0.1,51,97.37918853759766,75.35386657714844,1.0512596708072957,5.0,99.55532370290331,80.93271722279358,1.2376591090202502,5.0,,0,[],False,0,False,0,
922,46.1,97.4075927734375,75.50857543945312,1.0877844591045416,3.316599848057189,0.41064533591270447,0.6000000238418579,0.0,PlanStatus.OK,67.71933700656518,63.91096115112305,13,0.1,51,97.4075927734375,75.50857543945312,1.0877844591045416,5.0,99.65348152267065,81.04246369831627,0.8725489274464524,5.0,,0,[],False,0,False,0,
923,46.150000000000006,97.4454116821289,75.67388153076172,1.1172597268382933,3.528367988156438,0.23921675980091095,0.5886527895927429,0.0,PlanStatus.OK,70.87916300224606,62.20388412475586,9,0.1,51,97.4454116821289,75.67388153076172,1.1172597268382933,5.0,99.19800099606698,79.26949423191161,1.1172597268382933,5.0,,0,[],False,0,False,0,
924,46.2,97.493896484375,75.8479995727539,1.1392371974180633,3.71968507104976,0.41064533591270447,0.5121259689331055,0.0,PlanStatus.OK,67.40280099620577,63.535213470458984,13,0.1,51,97.493896484375,75.8479995727539,1.1392371974180633,5.0,99.08055874780445,81.56147216701052,1.3544727290761522,5.0,,0,[],False,0,False,0,
925,46.25,97.5465316772461,76.03022003173828,1.1592496545875182,3.8693693127477666,0.23921675980091095,0.45225226879119873,0.0,PlanStatus.OK,68.01644900406245,63.083648681640625,9,0.1,51,97.5465316772461,76.03022003173828,1.1592496545875182,5.0,99.14664102096935,79.69623286424849,1.1592496545875182,5.0,,0,[],False,0,False,0,
926,46.300000000000004,97.59905242919922,76.22013854980469,1.1791758253376545,4.0187884810315895,0.41064533591270447,0.3924846053123474,0.0,PlanStatus.OK,69.20651299878955,62.84689903259277,13,0.1,51,97.59905242919922,76.22013854980469,1.1791758253376545,5.0,98.95632182580995,81.99240725530825,1.3944113569957435,5.0,,0,[],False,0,False,0,
927,46.35,97.64981842041016,76.41674041748047,1.1998459501383045,4.1144925633981435,0.25076138973236084,0.3542029857635498,0.0,PlanStatus.OK,65.57525099924533,61.772823333740234,13,0.1,51,97.64981842041016,76.41674041748047,1.1998459501383045,5.0,99.19555375510207,82.17234041174774,1.5726448265642137,5.0,,0,[],False,0,False,0,
928,46.400000000000006,97.69754028320312,76.61898803710938,1.220952700199673,4.215500229442839,0.24886415898799896,0.3137999176979065,0.0,PlanStatus.OK,65.83518499974161,62.10207939147949,13,0.1,51,97.69754028320312,76.61898803710938,1.220952700199673,5.0,99.12145833127724,82.40592906076715,1.593751576625582,5.0,,0,[],False,0,False,0,
929,46.45,97.74495697021484,76.82594299316406,1.2400759278811506,4.292497064159921,0.24746640026569366,0.283001184463501,0.0,PlanStatus.OK,65.22108700301033,61.35892868041992,13,0.1,51,97.74495697021484,76.82594299316406,1.2400759278811506,5.0,99.05795641844155,82.63905416257079,1.6128748043070598,5.0,,0,[],False,0,False,0,
930,46.5,97.78990936279297,77.03653717041016,1.2590719896205766,4.341487040369016,0.24659796059131622,0.2634051740169525,0.0,PlanStatus.OK,68.09649199567502,64.1791820526123,13,0.1,51,97.78990936279297,77.03653717041016,1.2590719896205766,5.0,99.1316033652605,82.863634491225,1.4454714278335312,5.0,,0,[],False,0,False,0,
931,46.550000000000004,97.83157348632812,77.25,1.2780436834360287,4.381029629408062,0.24590849876403809,0.2475881427526474,0.0,PlanStatus.OK,66.79620099748718,62.83903121948242,13,0.1,51,97.83157348632812,77.25,1.2780436834360287,5.0,99.20038505450856,83.07914554986634,1.2780436834360287,5.0,,0,[],False,0,False,0,
932,46.6,97.86961364746094,77.465576171875,1.297129094230027,4.402227154910098,0.07447993010282516,0.23910914361476898,0.0,PlanStatus.OK,65.80039099935675,61.4161491394043,13,0.1,51,97.86961364746094,77.465576171875,1.297129094230027,5.0,99.62345124436648,83.19728455613257,1.1107296560170725,5.0,,0,[],False,0,False,0,
933,46.650000000000006,97.91026306152344,77.6822509765625,1.3106626130995371,4.42609674486108,4.622281239539819e-15,0.22956129908561707,0.0,PlanStatus.OK,69.33027500053868,62.34407424926758,13,0.1,51,97.91026306152344,77.6822509765625,1.3106626130995371,5.0,99.73266703165389,83.3697848248714,0.9090276432284935,5.0,,0,[],False,0,False,0,
934,46.7,97.96013641357422,77.8978042602539,1.314843110220689,4.428635905427087,2.450671933654637e-15,0.2285456359386444,0.0,PlanStatus.OK,69.18130100530107,64.30959701538086,13,0.1,51,97.96013641357422,77.8978042602539,1.314843110220689,5.0,99.75874780943167,83.59290694174248,0.9132081403496451,5.0,,0,[],False,0,False,0,
935,46.75,98.01445770263672,78.11261749267578,1.3154890599430877,4.434085897665888,-7.063699973520413e-15,0.22636564075946808,0.0,PlanStatus.OK,64.28611799492501,60.52374839782715,13,0.1,51,98.01445770263672,78.11261749267578,1.3154890599430877,5.0,99.80938997351755,83.8088807984716,0.9138540900720441,5.0,,0,[],False,0,False,0,
936,46.800000000000004,98.06998443603516,78.32732391357422,1.3156212858912102,4.436561763316186,-6.0575734864645476e-15,0.22537529468536377,0.0,PlanStatus.OK,64.27126000198768,60.450077056884766,13,0.1,51,98.06998443603516,78.32732391357422,1.3156212858912102,5.0,99.8641634974108,84.02382450619481,0.9139863160201663,5.0,,0,[],False,0,False,0,
937,46.85,98.1258316040039,78.54200744628906,1.3156026437635797,4.436858152895926,1.2034257867565151e-14,0.22525674104690552,0.0,PlanStatus.OK,66.40950799919665,62.575578689575195,13,0.1,51,98.1258316040039,78.54200744628906,1.3156026437635797,5.0,99.92011685995897,84.23847459060478,0.9139676738925359,5.0,,0,[],False,0,False,0,
938,46.900000000000006,98.18179321289062,78.75663757324219,1.3156401943349498,4.435930190989614,-0.17142857611179352,0.22562792897224426,0.0,PlanStatus.OK,67.45250899984967,63.536643981933594,13,0.1,51,98.18179321289062,78.75663757324219,1.3156401943349498,5.0,100.30200888131999,84.32627980037593,0.9428413179090405,5.0,,0,[],False,0,False,0,
939,46.95,98.24283599853516,78.96920776367188,1.3109646155671522,4.413731805658507,-0.24534589052200317,0.23450727760791779,0.0,PlanStatus.OK,64.81279600120615,61.02871894836426,13,0.1,51,98.24283599853516,78.96920776367188,1.3109646155671522,5.0,100.38906969801029,84.528875912596,0.9381657391412428,5.0,,0,[],False,0,False,0,
940,47.0,98.31499481201172,79.17610931396484,1.297499007305439,4.377751861732611,-0.24596527218818665,0.24889925122261047,0.0,PlanStatus.OK,68.20837200211827,63.86423110961914,13,0.1,51,98.31499481201172,79.17610931396484,1.297499007305439,5.0,100.53589598503036,84.70637395488473,0.9247001308795297,5.0,,0,[],False,0,False,0,
941,47.050000000000004,98.39571380615234,79.3785171508789,1.2795595547285017,4.370932600923364,-0.13973933458328247,0.25162696838378906,0.0,PlanStatus.OK,68.3376960005262,64.01371955871582,13,0.1,51,98.39571380615234,79.3785171508789,1.2795595547285017,5.0,100.55030917262707,84.82359683482335,0.6626890531993688,5.0,,0,[],False,0,False,0,
942,47.1,98.47736358642578,79.58120727539062,1.2650060451614913,4.385328067695468,9.800523565438313e-15,0.2458687722682953,0.0,PlanStatus.OK,66.94969599629985,62.64066696166992,9,0.1,51,98.47736358642578,79.58120727539062,1.2650060451614913,5.0,99.68155114276658,83.39564462959561,1.2650060451614913,5.0,,0,[],False,0,False,0,
943,47.150000000000006,98.55303192138672,79.78692626953125,1.2584509404543702,4.38661750548203,1.7409984019291854e-15,0.24535299837589264,0.0,PlanStatus.OK,67.21735699829878,63.30108642578125,9,0.1,51,98.55303192138672,79.78692626953125,1.2584509404543702,5.0,99.78219746340096,83.59338815300316,1.2584509404543702,5.0,,0,[],False,0,False,0,
944,47.2,98.62297821044922,79.99497985839844,1.2573362743801175,4.392237969529261,3.923274923114733e-15,0.24310481548309326,0.0,PlanStatus.OK,64.18871899950318,60.347795486450195,9,0.1,51,98.62297821044922,79.99497985839844,1.2573362743801175,5.0,99.8563859219023,83.80006926829776,1.2573362743801175,5.0,,0,[],False,0,False,0,
945,47.25,98.69142150878906,80.20394134521484,1.2571606389062269,4.401080735944447,0.0,0.23956771194934845,0.0,PlanStatus.OK,64.28335799864726,60.37259101867676,9,0.1,51,98.69142150878906,80.20394134521484,1.2571606389062269,5.0,99.92549750989645,84.00881406627809,1.2571606389062269,5.0,,0,[],False,0,False,0,
946,47.300000000000004,98.75955963134766,80.41332244873047,1.257149586787703,4.405035698915456,1.0289343738199928e-14,0.23798571527004242,0.0,PlanStatus.OK,64.38085099944146,60.63127517700195,9,0.1,51,98.75955963134766,80.41332244873047,1.257149586787703,5.0,99.99367768428397,84.21818153040704,1.257149586787703,5.0,,0,[],False,0,False,0,
947,47.35,98.82762145996094,80.6230239868164,1.257133208346999,4.412265331642655,8.462258095588617e-15,0.2350938618183136,0.0,PlanStatus.OK,64.26131699845428,60.39786338806152,9,0.1,51,98.82762145996094,80.6230239868164,1.257133208346999,5.0,100.06180183039055,84.42786285505326,1.257133208346999,5.0,,0,[],False,0,False,0,
948,47.400000000000006,98.8957290649414,80.83292388916016,1.2571481220491034,4.413807031415343,-6.445598856085269e-16,0.2344771921634674,0.0,PlanStatus.OK,63.86020599893527,60.1198673248291,9,0.1,51,98.8957290649414,80.83292388916016,1.2571481220491034,5.0,100.12985269100034,84.63778116317235,1.2571481220491034,5.0,,0,[],False,0,False,0,
949,47.45,98.96387481689453,81.04299926757812,1.257132409398672,4.419059519300717,1.2516488971030075e-14,0.23237618803977966,0.0,PlanStatus.OK,65.39173600322101,61.58089637756348,9,0.1,51,98.96387481689453,81.04299926757812,1.257132409398672,5.0,100.19805822719343,84.84783714976743,1.257132409398672,5.0,,0,[],False,0,False,0,
950,47.5,99.03205871582031,81.25316619873047,1.2571481220491034,4.41899732950754,-6.439425044690969e-16,0.2324010729789734,0.0,PlanStatus.OK,65.62918800045736,61.29622459411621,9,0.1,51,99.03205871582031,81.25316619873047,1.2571481220491034,5.0,100.26618234187924,85.05802347274266,1.2571481220491034,5.0,,0,[],False,0,False,0,
951,47.550000000000004,99.10025024414062,81.46344757080078,1.25713294203089,4.422784267248481,8.325188682965085e-15,0.2308862954378128,0.0,PlanStatus.OK,64.77393199747894,60.89448928833008,9,0.1,51,99.10025024414062,81.46344757080078,1.25713294203089,5.0,100.33443162786011,85.26828611035546,1.25713294203089,5.0,,0,[],False,0,False,0,
952,47.6,99.16847229003906,81.67375946044922,1.257148255207158,4.421645981488675,-0.17142857611179352,0.23134160041809082,0.0,PlanStatus.OK,64.93318399589043,61.12408638000488,9,0.1,51,99.16847229003906,81.67375946044922,1.257148255207158,5.0,100.53294425246831,85.42835754156143,1.0707488169942034,5.0,,0,[],False,0,False,0,
953,47.650000000000006,99.24169921875,81.88185119628906,1.252475472758505,4.402702214467002,8.326672684688674e-15,0.23891910910606384,0.0,PlanStatus.OK,64.97822899837047,61.04135513305664,9,0.1,51,99.24169921875,81.88185119628906,1.252475472758505,5.0,100.68689996824655,85.59462061256362,1.4677110044165942,5.0,,0,[],False,0,False,0,
954,47.7,99.3172836303711,82.0885009765625,1.2471962885296408,4.401939970790471,-0.14410008490085602,0.23922401666641235,0.0,PlanStatus.OK,65.23483299679356,61.510324478149414,9,0.1,51,99.3172836303711,82.0885009765625,1.2471962885296408,5.0,100.93399275436192,85.7401040715375,1.2471962885296408,5.0,,0,[],False,0,False,0,
955,47.75,99.39261627197266,82.29518127441406,1.2428345632963091,4.397013293642256,-0.1440923511981964,0.2411946803331375,0.0,PlanStatus.OK,65.05681099952199,61.1872673034668,9,0.1,51,99.39261627197266,82.29518127441406,1.2428345632963091,5.0,101.02523725618731,85.93969801559227,1.2428345632963091,5.0,,0,[],False,0,False,0,
956,47.800000000000004,99.4747543334961,82.49861145019531,1.233247449688133,4.390151332788368,-0.3155209422111511,0.24393947422504425,0.0,PlanStatus.OK,64.77816899860045,60.95123291015625,13,0.1,51,99.4747543334961,82.49861145019531,1.233247449688133,5.0,102.42393682368863,87.64914667412731,1.419646887901088,5.0,,0,[],False,0,False,0,
957,47.85,99.56391143798828,82.69813537597656,1.219083560588601,4.367930545089212,-0.3104017376899719,0.25282779335975647,0.0,PlanStatus.OK,64.90312999812886,60.80150604248047,13,0.1,51,99.56391143798828,82.69813537597656,1.219083560588601,5.0,102.04442868874183,88.02461995028578,1.6207185304596443,5.0,,0,[],False,0,False,0,
958,47.900000000000006,99.66287231445312,82.89087677001953,1.1984432631921598,4.345253102022141,-0.31032392382621765,0.2618987560272217,0.0,PlanStatus.OK,65.33693600067636,61.34486198425293,17,0.1,51,99.66287231445312,82.89087677001953,1.1984432631921598,5.0,102.194238182525,90.16417443781879,1.6000782330632033,5.0,,0,[],False,0,False,0,
959,47.95,99.76895141601562,83.0792007446289,1.1754280918936406,4.3482931307269075,-0.31033438444137573,0.26068276166915894,0.0,PlanStatus.OK,65.53040799917653,61.56754493713379,17,0.1,51,99.76895141601562,83.0792007446289,1.1754280918936406,5.0,102.16905298381313,90.25536970658683,1.9786980316357274,5.0,,0,[],False,0,False,0,
960,48.0,99.88037872314453,83.26473236083984,1.1520047911580666,4.355816161737917,-0.14402714371681213,0.2576735317707062,0.0,PlanStatus.OK,65.01169200055301,61.069488525390625,9,0.1,51,99.88037872314453,83.26473236083984,1.1520047911580666,5.0,101.83684537895675,86.74613894145077,1.1520047911580666,5.0,,0,[],False,0,False,0,
961,48.050000000000004,99.99178314208984,83.45194244384766,1.133755612946353,4.3824780518348,0.027401424944400787,0.2470087856054306,0.0,PlanStatus.OK,64.85988799977349,60.910940170288086,13,0.1,51,99.99178314208984,83.45194244384766,1.133755612946353,5.0,102.00792500195875,88.94979165591444,1.7506261144754856,5.0,,0,[],False,0,False,0,
962,48.1,100.09487915039062,83.64498901367188,1.1266357849300808,4.377204332455979,0.1396043300628662,0.24911826848983765,0.0,PlanStatus.OK,65.05008000385715,61.25330924987793,17,0.1,51,100.09487915039062,83.64498901367188,1.1266357849300808,5.0,102.25624836830387,91.11563951171624,1.7146701930140789,5.0,,0,[],False,0,False,0,
963,48.150000000000006,100.18643951416016,83.84324645996094,1.1300671348365934,4.361539633051021,0.13994212448596954,0.2553841471672058,0.0,PlanStatus.OK,64.98304499837104,61.16604804992676,17,0.1,51,100.18643951416016,83.84324645996094,1.1300671348365934,5.0,102.32216164234589,91.32126937723328,1.7181015429205915,5.0,,0,[],False,0,False,0,
964,48.2,100.26897430419922,84.044921875,1.1395886015238992,4.363645308548678,0.13989660143852234,0.25454187393188477,0.0,PlanStatus.OK,57.11923300259514,53.23958396911621,17,0.1,51,100.26897430419922,84.044921875,1.1395886015238992,5.0,102.33339895235783,91.54294072214546,1.727623009607897,5.0,,0,[],False,0,False,0,
965,48.25,100.34728240966797,84.24861145019531,1.1503721402517935,4.373506527658657,0.13968390226364136,0.25059738755226135,0.0,PlanStatus.OK,62.2628910059575,58.29119682312012,17,0.1,51,100.34728240966797,84.24861145019531,1.1503721402517935,5.0,102.33073341888849,91.7684557207966,1.7384065483357918,5.0,,0,[],False,0,False,0,
966,48.300000000000004,100.4229507446289,84.45384216308594,1.1614021545385746,4.385031480129613,0.1394362896680832,0.2459874153137207,0.0,PlanStatus.OK,56.4741749985842,52.5660514831543,17,0.1,51,100.4229507446289,84.45384216308594,1.1614021545385746,5.0,102.32333879263776,91.99510605099346,1.7494365626225727,5.0,,0,[],False,0,False,0,
967,48.35,100.49634552001953,84.660400390625,1.1724281740837208,4.392069773623531,0.1392855942249298,0.24317209422588348,0.0,PlanStatus.OK,65.28593199618626,61.35916709899902,17,0.1,51,100.49634552001953,84.660400390625,1.1724281740837208,5.0,102.16359625690967,92.2149299474419,1.3876637057418097,5.0,,0,[],False,0,False,0,
968,48.400000000000006,100.56754302978516,84.86814880371094,1.183475365759533,4.401209644883475,0.13909049332141876,0.23951613903045654,0.0,PlanStatus.OK,64.68647499423241,60.76931953430176,17,0.1,51,100.56754302978516,84.86814880371094,1.183475365759533,5.0,102.15123739316292,92.4406354499776,1.398710897417622,5.0,,0,[],False,0,False,0,
969,48.45,100.6365737915039,85.07695770263672,1.1945073774171318,4.405724968716835,0.13899433612823486,0.23771001398563385,0.0,PlanStatus.OK,65.23415700212354,60.78648567199707,17,0.1,51,100.6365737915039,85.07695770263672,1.1945073774171318,5.0,102.13663371744451,92.66645452805723,1.409742909075221,5.0,,0,[],False,0,False,0,
970,48.5,100.70337677001953,85.28678894042969,1.2055529711962898,4.411895734481864,0.138863205909729,0.23524171113967896,0.0,PlanStatus.OK,65.63195500348229,61.171770095825195,17,0.1,51,100.70337677001953,85.28678894042969,1.2055529711962898,5.0,102.26906811153631,92.90458037779344,1.793587379280288,5.0,,0,[],False,0,False,0,
971,48.550000000000004,100.76793670654297,85.49750518798828,1.2165853823280521,4.41402635800547,0.13881799578666687,0.23438945412635803,0.0,PlanStatus.OK,64.83914500131505,60.81080436706543,17,0.1,51,100.76793670654297,85.49750518798828,1.2165853823280521,5.0,102.24949186347185,93.13210603394288,1.8046197904120502,5.0,,0,[],False,0,False,0,
972,48.6,100.83023834228516,85.70909118652344,1.2276299108427742,4.417977999042915,0.13873423635959625,0.23280879855155945,0.0,PlanStatus.OK,65.61946599686053,61.699628829956055,17,0.1,51,100.83023834228516,85.70909118652344,1.2276299108427742,5.0,102.22738428639842,93.35958914227251,1.8156643189267725,5.0,,0,[],False,0,False,0,
973,48.650000000000006,100.8902359008789,85.92142486572266,1.2386615230262095,4.4184647831615385,0.1387239247560501,0.23261408507823944,0.0,PlanStatus.OK,66.03393700061133,61.53154373168945,17,0.1,51,100.8902359008789,85.92142486572266,1.2386615230262095,5.0,102.20290121733244,93.58686976651298,1.8266959311102076,5.0,,0,[],False,0,False,0,
974,48.7,100.9478988647461,86.13449096679688,1.249703787854005,4.420907042510293,0.13867223262786865,0.23163717985153198,0.0,PlanStatus.OK,69.35610899381572,62.670230865478516,17,0.1,51,100.9478988647461,86.13449096679688,1.249703787854005,5.0,102.17584200181285,93.813963045801,1.837738195938003,5.0,,0,[],False,0,False,0,
975,48.75,101.00321960449219,86.34821319580078,1.2607352668793856,4.420464070809202,0.13868160545825958,0.23181436955928802,0.0,PlanStatus.OK,64.94194499828154,60.85920333862305,17,0.1,51,101.00321960449219,86.34821319580078,1.2607352668793856,5.0,102.14637380900366,94.04076376273113,1.8487696749633837,5.0,,0,[],False,0,False,0,
976,48.800000000000004,101.05619049072266,86.56255340576172,1.2717758006524726,4.422023701478899,0.24520431458950043,0.2311905175447464,0.0,PlanStatus.OK,64.79379799566232,60.779571533203125,13,0.1,51,101.05619049072266,86.56255340576172,1.2717758006524726,5.0,102.18428626586969,92.4143590195035,1.6445746770783818,5.0,,0,[],False,0,False,0,
977,48.85,101.10324096679688,86.77755737304688,1.285793881682323,4.4009141234509865,0.13909678161144257,0.23963434994220734,0.0,PlanStatus.OK,64.63409000571119,60.723304748535156,17,0.1,51,101.10324096679688,86.77755737304688,1.285793881682323,5.0,102.05329178907004,94.49633572166987,1.8738282897663212,5.0,,0,[],False,0,False,0,
978,48.900000000000006,101.14691925048828,86.99309539794922,1.2995555002991983,4.410537496719349,0.1388920396566391,0.23578500747680664,0.0,PlanStatus.OK,64.96587600122439,61.104536056518555,17,0.1,51,101.14691925048828,86.99309539794922,1.2995555002991983,5.0,101.99066058178161,94.72421668311482,1.8875899083831964,5.0,,0,[],False,0,False,0,
979,48.95,101.19056701660156,87.20903015136719,1.3110182782631172,4.412966151662849,0.1388404816389084,0.23481354117393494,0.0,PlanStatus.OK,64.66325699875597,60.761213302612305,17,0.1,51,101.19056701660156,87.20903015136719,1.3110182782631172,5.0,102.08265656574882,94.97655168396862,1.7126532481341608,5.0,,0,[],False,0,False,0,
980,49.0,101.23239135742188,87.42552185058594,1.3221336468628355,4.416621166398021,0.24529650807380676,0.23335152864456177,0.0,PlanStatus.OK,65.00167400372447,61.10429763793945,13,0.1,51,101.23239135742188,87.42552185058594,1.3221336468628355,5.0,102.06449726464406,93.32669366456413,1.6949325232887447,5.0,,0,[],False,0,False,0,
981,49.050000000000004,101.2684326171875,87.64240264892578,1.3361703700203162,4.396594730597864,0.13918891549110413,0.24136210978031158,0.0,PlanStatus.OK,65.15024899999844,61.23042106628418,17,0.1,51,101.2684326171875,87.64240264892578,1.3361703700203162,5.0,101.96489118530761,95.4299028887984,1.7378053398913598,5.0,,0,[],False,0,False,0,
982,49.1,101.3011474609375,87.85967254638672,1.349940244436571,4.407405855069407,0.13895858824253082,0.23703765869140625,0.0,PlanStatus.OK,65.20499299949734,61.17510795593262,17,0.1,51,101.3011474609375,87.85967254638672,1.349940244436571,5.0,102.0288982957484,95.67363810091187,1.56517577609466,5.0,,0,[],False,0,False,0,
983,49.150000000000006,101.33381652832031,88.07743072509766,1.361404620297144,4.410752513950422,0.13888747990131378,0.23569899797439575,0.0,PlanStatus.OK,64.99185700522503,61.05470657348633,17,0.1,51,101.33381652832031,88.07743072509766,1.361404620297144,5.0,101.97193926304851,95.89922580936677,1.576640151955233,5.0,,0,[],False,0,False,0,
984,49.2,101.36465454101562,88.295654296875,1.3725210541612982,4.415027967235434,0.13879674673080444,0.23398880660533905,0.0,PlanStatus.OK,64.99510999856284,60.958147048950195,17,0.1,51,101.36465454101562,88.295654296875,1.3725210541612982,5.0,101.91578917116334,96.12405959963786,1.5877565858193874,5.0,,0,[],False,0,False,0,
985,49.25,101.39327239990234,88.5143051147461,1.383567313730729,4.415769061679915,0.13878104090690613,0.23369237780570984,0.0,PlanStatus.OK,64.8052819960867,60.79864501953125,17,0.1,51,101.39327239990234,88.5143051147461,1.383567313730729,5.0,101.85790056731253,96.34832066431726,1.5988028453888181,5.0,,0,[],False,0,False,0,
986,49.300000000000004,101.41950988769531,88.73334503173828,1.3946169022515222,4.418639321008874,0.13872022926807404,0.23254427313804626,0.0,PlanStatus.OK,64.89518799935468,60.962677001953125,17,0.1,51,101.41950988769531,88.73334503173828,1.3946169022515222,5.0,102.02889439579953,96.59732050803696,1.796251872122566,5.0,,0,[],False,0,False,0,
987,49.35,101.44336700439453,88.95271301269531,1.405652908650756,4.4185013174688565,0.13872314989566803,0.23259946703910828,0.0,PlanStatus.OK,64.76896600361215,60.845375061035156,17,0.1,51,101.44336700439453,88.95271301269531,1.405652908650756,5.0,101.96592928134677,96.82293463837081,1.8072878785217998,5.0,,0,[],False,0,False,0,
988,49.400000000000006,101.4648208618164,89.17240142822266,1.4167008992748953,4.420589713714841,0.13867895305156708,0.23176410794258118,0.0,PlanStatus.OK,64.79439300164813,60.988426208496094,17,0.1,51,101.4648208618164,89.17240142822266,1.4167008992748953,5.0,101.90040288170137,97.04791589233848,1.818335869145939,5.0,,0,[],False,0,False,0,
989,49.45,101.48385620117188,89.3923110961914,1.4277359735677475,4.419906721909653,0.1386934071779251,0.23203730583190918,0.0,PlanStatus.OK,64.99783100298373,60.98508834838867,21,0.1,51,101.48385620117188,89.3923110961914,1.4277359735677475,5.0,101.68828151372645,99.26694564018007,1.829370943438791,5.0,,0,[],False,0,False,0,
990,49.5,101.50045776367188,89.61246490478516,1.4387828989274507,4.421484725289541,0.1386600136756897,0.231406107544899,0.0,PlanStatus.OK,65.08408200170379,61.01393699645996,21,0.1,51,101.50045776367188,89.61246490478516,1.4387828989274507,5.0,101.59578847077825,99.48875515679919,1.8404178687984944,5.0,,0,[],False,0,False,0,
991,49.550000000000004,101.51463317871094,89.83277130126953,1.4498186390105756,4.420540314792013,0.13867999613285065,0.23178386688232422,0.0,PlanStatus.OK,64.86754200159339,60.8823299407959,21,0.1,51,101.51463317871094,89.83277130126953,1.4498186390105756,5.0,101.500968120924,99.70951217829679,1.8514536088816191,5.0,,0,[],False,0,False,0,
992,49.6,101.52637481689453,90.05326080322266,1.4608647654219518,4.421744898731394,0.13865451514720917,0.23130203783512115,0.0,PlanStatus.OK,64.95518899464514,60.99057197570801,21,0.1,51,101.52637481689453,90.05326080322266,1.4608647654219518,5.0,101.54153875167208,99.95145929844554,1.676100297080041,5.0,,0,[],False,0,False,0,
993,49.650000000000006,101.53568267822266,90.27385711669922,1.4719010381372946,4.420795191946317,0.13867460191249847,0.2316819280385971,0.0,PlanStatus.OK,64.87311900127679,60.88876724243164,21,0.1,51,101.53568267822266,90.27385711669922,1.4719010381372946,5.0,101.44160868907744,100.17162017106239,1.6871365697953835,5.0,,0,[],False,0,False,0,
994,49.7,101.54254913330078,90.49454498291016,1.4829446345456352,4.421666551863666,-0.032753974199295044,0.23133337497711182,0.0,PlanStatus.OK,65.49412899767049,61.621665954589844,17,0.1,51,101.54254913330078,90.49454498291016,1.4829446345456352,5.0,101.65469013544681,98.34444826935324,1.6981801662037244,5.0,,0,[],False,0,False,0,
995,49.75,101.55372619628906,90.71500396728516,1.4882187587684281,4.411226774217539,0.13867460191249847,0.23550929129123688,0.0,PlanStatus.OK,64.82348999998067,60.82749366760254,17,0.1,51,101.55372619628906,90.71500396728516,1.4882187587684281,5.0,101.56270140036861,98.62748665970243,1.7034542904265173,5.0,,0,[],False,0,False,0,
996,49.800000000000004,101.56675720214844,90.93502044677734,1.4918783415803605,4.403731156876545,0.13903677463531494,0.23850753903388977,0.0,PlanStatus.OK,64.83147000108147,61.03324890136719,17,0.1,51,101.56675720214844,90.93502044677734,1.4918783415803605,5.0,101.54677602509997,98.84748300053732,1.7071138732384497,5.0,,0,[],False,0,False,0,
997,49.85,101.5722427368164,91.1546401977539,1.5011100563410658,4.395903241905128,0.13920368254184723,0.24163870513439178,0.0,PlanStatus.OK,65.4197780022514,60.50539016723633,13,0.1,51,101.5722427368164,91.1546401977539,1.5011100563410658,5.0,101.76928966158212,97.08772834288293,1.7163455879991547,5.0,,0,[],False,0,False,0,
998,49.900000000000006,101.57340240478516,91.37425231933594,1.511875885047711,4.398826233241979,0.13914130628108978,0.24046950042247772,0.0,PlanStatus.OK,65.1784020010382,61.1569881439209,13,0.1,51,101.57340240478516,91.37425231933594,1.511875885047711,5.0,101.70656453368782,97.3091179686877,1.7271114167058,5.0,,0,[],False,0,False,0,
999,49.95,101.57164001464844,91.59396362304688,1.5228591608573614,4.400604483604232,-0.032287273555994034,0.2397582083940506,0.0,PlanStatus.OK,64.51226100034546,60.61196327209473,17,0.1,51,101.57164001464844,91.59396362304688,1.5228591608573614,5.0,101.67638308296802,99.498636353312,1.8956580372832705,5.0,,0,[],False,0,False,0,
1000,50.0,101.57402038574219,91.8138198852539,1.528142206669806,4.395617234664975,-0.14409016072750092,0.24175310134887695,0.0,PlanStatus.OK,64.59665399597725,60.697317123413086,17,0.1,51,101.57402038574219,91.8138198852539,1.528142206669806,5.0,101.63700143844008,99.71893566365709,1.9009410830957152,5.0,,0,[],False,0,False,0,
1001,50.050000000000004,101.5873794555664,92.0325927734375,1.5239113758040517,4.376064584779604,0.027338409796357155,0.24957416951656342,0.0,PlanStatus.OK,64.66718199953903,60.72545051574707,13,0.1,51,101.5873794555664,92.0325927734375,1.5239113758040517,5.0,101.6491046438924,97.96863121919881,1.7391469074621408,5.0,,0,[],False,0,False,0,
1002,50.1,101.60296630859375,92.25090789794922,1.519856180412188,4.378271468905026,0.13958139717578888,0.2486914098262787,0.0,PlanStatus.OK,64.7197829966899,60.75716018676758,21,0.1,51,101.60296630859375,92.25090789794922,1.519856180412188,5.0,101.03453373766895,102.13278260915989,1.7350917120702771,5.0,,0,[],False,0,False,0,
1003,50.150000000000006,101.60952758789062,92.46934509277344,1.524057317031788,4.366105510985565,0.13984346389770508,0.25355780124664307,0.0,PlanStatus.OK,65.2592500046012,61.1574649810791,21,0.1,51,101.60952758789062,92.46934509277344,1.524057317031788,5.0,100.99958504964859,102.34874454293202,1.7392928486898769,5.0,,0,[],False,0,False,0,
1004,50.2,101.60770416259766,92.68741607666016,1.5337613434118187,4.366855995770175,0.13982726633548737,0.2532576024532318,0.0,PlanStatus.OK,65.03184099710779,61.09476089477539,17,0.1,51,101.60770416259766,92.68741607666016,1.5337613434118187,5.0,101.2564397050624,100.59210305293972,1.7489968750699076,5.0,,0,[],False,0,False,0,
1005,50.25,101.60160827636719,92.90570068359375,1.5445555347840734,4.376430350760156,0.13962097465991974,0.24942785501480103,0.0,PlanStatus.OK,64.50368399964646,60.56356430053711,17,0.1,51,101.60160827636719,92.90570068359375,1.5445555347840734,5.0,101.16504123530547,100.8061356166053,1.7597910664421623,5.0,,0,[],False,0,False,0,
1006,50.300000000000004,101.59263610839844,93.12428283691406,1.5555911417091437,4.383233504421125,0.13947485387325287,0.24670660495758057,0.0,PlanStatus.OK,64.78753299597884,60.84156036376953,13,0.1,51,101.59263610839844,93.12428283691406,1.5555911417091437,5.0,101.46630947055799,99.05929791768699,1.7708266733672327,5.0,,0,[],False,0,False,0,
1007,50.35,101.58108520507812,93.34319305419922,1.5665857359534268,4.393352421115202,-0.03195372596383095,0.24265903234481812,0.0,PlanStatus.OK,64.55278499925043,60.620784759521484,17,0.1,51,101.58108520507812,93.34319305419922,1.5665857359534268,5.0,101.34019402407509,101.24488866475481,1.939384612379336,5.0,,0,[],False,0,False,0,
1008,50.400000000000006,101.57379913330078,93.56257629394531,1.5719165855074384,4.389641266346428,-0.1440807580947876,0.24414348602294922,0.0,PlanStatus.OK,64.8418330019922,60.929298400878906,17,0.1,51,101.57379913330078,93.56257629394531,1.5719165855074384,5.0,101.29078882409254,101.46287548118119,1.9447154619333475,5.0,,0,[],False,0,False,0,
1009,50.45,101.57750701904297,93.78152465820312,1.5677071930884592,4.372902935049186,0.027347812429070473,0.2508388161659241,0.0,PlanStatus.OK,64.90197699895361,61.11311912536621,13,0.1,51,101.57750701904297,93.78152465820312,1.5677071930884592,5.0,101.37928246507035,99.71457357546586,1.7829427247465484,5.0,,0,[],False,0,False,0,
1010,50.5,101.58351135253906,94.00019073486328,1.563662384024847,4.376922502021059,0.1396103948354721,0.2492309957742691,0.0,PlanStatus.OK,64.48079400433926,60.613393783569336,17,0.1,51,101.58351135253906,94.00019073486328,1.563662384024847,5.0,100.99608076355956,101.89084268607888,1.7788979156829359,5.0,,0,[],False,0,False,0,
1011,50.550000000000004,101.58051300048828,94.21866607666016,1.5678639201186104,4.365870717033538,0.139848530292511,0.2536517083644867,0.0,PlanStatus.OK,64.70933500531828,60.681819915771484,21,0.1,51,101.58051300048828,94.21866607666016,1.5678639201186104,5.0,100.53851109016982,104.0618767019919,1.7830994517766996,5.0,,0,[],False,0,False,0,
1012,50.6,101.56912231445312,94.43647003173828,1.5775692780791861,4.367220011895371,0.13981939852237701,0.25311198830604553,0.0,PlanStatus.OK,64.51738600298995,60.75787544250488,17,0.1,51,101.56912231445312,94.43647003173828,1.5775692780791861,5.0,100.87201760599518,102.31818989085124,1.7928048097372753,5.0,,0,[],False,0,False,0,
1013,50.650000000000006,101.55348205566406,94.65431213378906,1.5883621378708956,4.37725681327052,0.13960321247577667,0.24909727275371552,0.0,PlanStatus.OK,64.75027199485339,60.80746650695801,13,0.1,51,101.55348205566406,94.65431213378906,1.5883621378708956,5.0,101.23276169979634,100.5820014712765,1.8035976695289846,5.0,,0,[],False,0,False,0,
1014,50.7,101.53494262695312,94.87234497070312,1.5993977447959662,4.38421693675646,0.13945375382900238,0.24631322920322418,0.0,PlanStatus.OK,64.49453099776292,60.67681312561035,13,0.1,51,101.53494262695312,94.87234497070312,1.5993977447959662,5.0,101.14882747855006,100.79613408921537,1.8146332764540554,5.0,,0,[],False,0,False,0,
1015,50.75,101.5138168334961,95.090576171875,1.6103927385144128,4.394370398824651,-0.03197481855750084,0.24225184321403503,0.0,PlanStatus.OK,64.82846899598371,60.79721450805664,17,0.1,51,101.5138168334961,95.090576171875,1.6103927385144128,5.0,100.92711785985463,102.97414176095245,1.983191614940322,5.0,,0,[],False,0,False,0,
1016,50.800000000000004,101.4969253540039,95.30948638916016,1.6157238543845334,4.3905942899341435,-0.14408226311206818,0.2437622845172882,0.0,PlanStatus.OK,64.92215899925213,61.03968620300293,17,0.1,51,101.4969253540039,95.30948638916016,1.6157238543845334,5.0,100.86820671502248,103.1898122045028,1.9885227308104425,5.0,,0,[],False,0,False,0,
1017,50.85,101.49103546142578,95.52842712402344,1.611512597752791,4.373736280967767,0.027346311137080193,0.2505054771900177,0.0,PlanStatus.OK,64.41735300177243,60.495615005493164,13,0.1,51,101.49103546142578,95.52842712402344,1.611512597752791,5.0,101.17005815038198,101.47507616469724,1.6403486911979255,5.0,,0,[],False,0,False,0,
1018,50.900000000000006,101.4874496459961,95.74720764160156,1.6074672560569607,4.377622172808378,0.13959535956382751,0.24895113706588745,0.0,PlanStatus.OK,65.29102300555678,61.31601333618164,17,0.1,51,101.4874496459961,95.74720764160156,1.6074672560569607,5.0,100.55504410025137,103.60456615514514,1.8227027877150497,5.0,,0,[],False,0,False,0,
1019,50.95,101.47489929199219,95.96538543701172,1.6116679932023972,4.366436133613254,0.13983632624149323,0.2534255385398865,0.0,PlanStatus.OK,64.86789899645373,60.93454360961914,17,0.1,51,101.47489929199219,95.96538543701172,1.6116679932023972,5.0,100.50949537224,103.8187578453353,1.8269035248604863,5.0,,0,[],False,0,False,0,
1020,51.0,101.4539794921875,96.1825180053711,1.621373084846864,4.367665241304758,0.13980980217456818,0.25293388962745667,0.0,PlanStatus.OK,64.9348699953407,60.955047607421875,13,0.1,51,101.4539794921875,96.1825180053711,1.621373084846864,5.0,100.93779076745835,102.0963925076659,1.8366086165049529,5.0,,0,[],False,0,False,0,
1021,51.050000000000004,101.42881774902344,96.39948272705078,1.6321655451644101,4.377592035717143,0.13959600031375885,0.24896319210529327,0.0,PlanStatus.OK,65.36555100319674,60.747385025024414,13,0.1,51,101.42881774902344,96.39948272705078,1.6321655451644101,5.0,100.84883506924608,102.30744197873732,1.847401076822499,5.0,,0,[],False,0,False,0,
1022,51.1,101.40074920654297,96.61650085449219,1.643201817879753,4.38446245653964,-0.03183257207274437,0.24621501564979553,0.0,PlanStatus.OK,65.60901199554792,61.00058555603027,17,0.1,51,101.40074920654297,96.61650085449219,1.643201817879753,5.0,100.55575984864457,104.47657814851392,2.0160006943056623,5.0,,0,[],False,0,False,0,
1023,51.150000000000006,101.37675476074219,96.83440399169922,1.6484671536709485,4.3842590502830685,-0.1440722793340683,0.24629637598991394,0.0,PlanStatus.OK,64.74140999489464,60.94479560852051,17,0.1,51,101.37675476074219,96.83440399169922,1.6484671536709485,5.0,100.4903913608892,104.68992319836909,2.0212660300968577,5.0,,0,[],False,0,False,0,
1024,51.2,101.3637466430664,97.05274200439453,1.6443026355163373,4.368855316956751,0.02735629677772522,0.2524578869342804,0.0,PlanStatus.OK,64.5346560049802,60.67061424255371,13,0.1,51,101.3637466430664,97.05274200439453,1.6443026355163373,5.0,100.71210300631732,102.95322698438676,1.8595381671744264,5.0,,0,[],False,0,False,0,
1025,51.25,101.35299682617188,97.27104187011719,1.6402212079877363,4.373398777082556,0.1396862119436264,0.25064048171043396,0.0,PlanStatus.OK,64.78804699872853,60.87970733642578,17,0.1,51,101.35299682617188,97.27104187011719,1.6402212079877363,5.0,100.16377785928934,105.09365148334075,1.8554567396458252,5.0,,0,[],False,0,False,0,
1026,51.300000000000004,101.33332061767578,97.48851013183594,1.6444652215008866,4.362750906955822,0.13991592824459076,0.25489965081214905,0.0,PlanStatus.OK,64.60830900323344,60.76669692993164,17,0.1,51,101.33332061767578,97.48851013183594,1.6444652215008866,5.0,100.11091319943105,105.3060022498947,1.8597007531589758,5.0,,0,[],False,0,False,0,
1027,51.35,101.30529022216797,97.70470428466797,1.6541238409843313,4.366306218368484,0.13983912765979767,0.2534775137901306,0.0,PlanStatus.OK,64.56998700014083,60.63437461853027,17,0.1,51,101.30529022216797,97.70470428466797,1.6541238409843313,5.0,100.00743481431331,105.51002517828881,1.8693593726424202,5.0,,0,[],False,0,False,0,
1028,51.400000000000006,101.27305603027344,97.92062377929688,1.6649788855874943,4.373993199108099,0.1396734118461609,0.2504027187824249,0.0,PlanStatus.OK,64.77139000344323,60.79363822937012,13,0.1,51,101.27305603027344,97.92062377929688,1.6649788855874943,5.0,100.49956046924211,103.8063749671653,1.8802144172455835,5.0,,0,[],False,0,False,0,
1029,51.45,101.23786926269531,98.13655853271484,1.6759444513758956,4.385335342818901,0.13942977786064148,0.2458658665418625,0.0,PlanStatus.OK,65.47965299978387,60.80031394958496,13,0.1,51,101.23786926269531,98.13655853271484,1.6759444513758956,5.0,100.39988090671623,104.01347421559423,1.8911799830339846,5.0,,0,[],False,0,False,0,
1030,51.5,101.20013427734375,98.35247802734375,1.6870113504437745,4.391844927638485,-0.03199879825115204,0.24326202273368835,0.0,PlanStatus.OK,65.0195049965987,60.643672943115234,17,0.1,51,101.20013427734375,98.35247802734375,1.6870113504437745,5.0,100.01171949977838,106.16800695374546,2.059810226869684,5.0,,0,[],False,0,False,0,
1031,51.550000000000004,101.16653442382812,98.56944274902344,1.6922825451893682,4.3906188539613575,-0.14408230781555176,0.24375246465206146,0.0,PlanStatus.OK,65.38631199509837,61.01036071777344,17,0.1,51,101.16653442382812,98.56944274902344,1.6922825451893682,5.0,99.93693917233995,106.37859875978897,2.0650814216152775,5.0,,0,[],False,0,False,0,
1032,51.6,101.1439437866211,98.78729248046875,1.688109638077323,4.374107850909659,0.02734627202153206,0.25035685300827026,0.0,PlanStatus.OK,65.2379929961171,61.29121780395508,13,0.1,51,101.1439437866211,98.78729248046875,1.688109638077323,5.0,100.23452542445753,104.65357926778063,1.9033451697354122,5.0,,0,[],False,0,False,0,
1033,51.650000000000006,101.12361145019531,99.00514221191406,1.6840224847523784,4.377641726160769,0.1395949274301529,0.24894331395626068,0.0,PlanStatus.OK,64.91623900365084,61.01274490356445,17,0.1,51,101.12361145019531,99.00514221191406,1.6840224847523784,5.0,99.59300235305099,106.76817632905085,1.8992580164104673,5.0,,0,[],False,0,False,0,
1034,51.7,101.09439849853516,99.22172546386719,1.6882651666849837,4.366048076714466,0.13984470069408417,0.253580778837204,0.0,PlanStatus.OK,65.66099799965741,61.20753288269043,17,0.1,51,101.09439849853516,99.22172546386719,1.6882651666849837,5.0,99.5308671913391,106.978195844363,1.903500698343073,5.0,,0,[],False,0,False,0,
1035,51.75,101.05692291259766,99.4366226196289,1.697922854062047,4.368773554404605,0.13978588581085205,0.2524905800819397,0.0,PlanStatus.OK,64.33138600550592,60.50753593444824,13,0.1,51,101.05692291259766,99.4366226196289,1.697922854062047,5.0,100.089982122885,105.29370277424685,1.913158385720136,5.0,,0,[],False,0,False,0,
1036,51.800000000000004,101.0152587890625,99.6510009765625,1.708777366032992,4.375815741805864,0.13963419198989868,0.24967370927333832,0.0,PlanStatus.OK,65.24850300047547,61.289310455322266,13,0.1,51,101.0152587890625,99.6510009765625,1.708777366032992,5.0,99.98480046324029,105.497240628439,1.9240128976910809,5.0,,0,[],False,0,False,0,
1037,51.85,100.97064208984375,99.86526489257812,1.7197431981375022,4.386610346598632,-0.03179437294602394,0.24535585939884186,0.0,PlanStatus.OK,64.69406600081129,60.73880195617676,17,0.1,51,100.97064208984375,99.86526489257812,1.7197431981375022,5.0,99.5270928480115,107.63771545011554,2.092542074563412,5.0,,0,[],False,0,False,0,
1038,51.900000000000006,100.93004608154297,100.08068084716797,1.7250701861079332,4.38408972655387,-0.1440720111131668,0.24636411666870117,0.0,PlanStatus.OK,64.75547500303946,60.94932556152344,17,0.1,51,100.93004608154297,100.08068084716797,1.7250701861079332,5.0,99.44511376651359,107.84533139324792,2.0978690625338428,5.0,,0,[],False,0,False,0,
1039,51.95,100.90036010742188,100.29740142822266,1.7208674515916793,4.368496995296268,0.02735656499862671,0.2526012063026428,0.0,PlanStatus.OK,64.91409199952614,60.49823760986328,13,0.1,51,100.90036010742188,100.29740142822266,1.7208674515916793,5.0,99.79929727613774,106.13075578656523,1.9361029832497683,5.0,,0,[],False,0,False,0,
1040,52.0,100.87295532226562,100.5142593383789,1.7168289009566287,4.3734960314791005,0.13968412578105927,0.250601589679718,0.0,PlanStatus.OK,64.84704299509758,60.959815979003906,17,0.1,51,100.87295532226562,100.5142593383789,1.7168289009566287,5.0,99.08853817114402,108.22291151258382,1.9320644326147178,5.0,,0,[],False,0,False,0,
1041,52.050000000000004,100.836669921875,100.72957611083984,1.7210311028406646,4.363296022497084,0.13990414142608643,0.2546815872192383,0.0,PlanStatus.OK,64.49766700097825,60.62769889831543,17,0.1,51,100.836669921875,100.72957611083984,1.7210311028406646,5.0,99.01987530844231,108.4306617644794,1.9362666344987538,5.0,,0,[],False,0,False,0,
1042,52.1,100.79220581054688,100.94298553466797,1.7307377923817855,4.3653349986198124,0.1398600935935974,0.2538659870624542,0.0,PlanStatus.OK,64.80985099915415,60.984134674072266,17,0.1,51,100.79220581054688,100.94298553466797,1.7307377923817855,5.0,98.90074591175366,108.62607360935176,1.9459733240398744,5.0,,0,[],False,0,False,0,
1043,52.150000000000006,100.74352264404297,101.15580749511719,1.7415294537510044,4.375942038730914,0.1396314799785614,0.24962317943572998,0.0,PlanStatus.OK,64.36092000512872,60.482025146484375,13,0.1,51,100.74352264404297,101.15580749511719,1.7415294537510044,5.0,99.52217463181141,106.96516817091002,1.9567649854090936,5.0,,0,[],False,0,False,0,
1044,52.2,100.69194793701172,101.36841583251953,1.7525651938341293,4.38333414331658,-0.03179709240794182,0.2466663420200348,0.0,PlanStatus.OK,64.97811000008369,61.058759689331055,17,0.1,51,100.69194793701172,101.36841583251953,1.7525651938341293,5.0,98.99411464379483,109.08930853941571,2.125364070260039,5.0,,0,[],False,0,False,0,
1045,52.25,100.64430236816406,101.58234405517578,1.7578322606800336,4.383537430120881,-0.14407113194465637,0.24658502638339996,0.0,PlanStatus.OK,65.53682500089053,61.66791915893555,17,0.1,51,100.64430236816406,101.58234405517578,1.7578322606800336,5.0,98.9058263555631,109.29418710574222,2.130631137105943,5.0,,0,[],False,0,False,0,
1046,52.300000000000004,100.6075439453125,101.79792785644531,1.7536696067381852,4.368431769255648,0.02735743671655655,0.25262728333473206,0.0,PlanStatus.OK,64.95022700255504,61.04016304016113,13,0.1,51,100.6075439453125,101.79792785644531,1.7536696067381852,5.0,99.31576114016565,107.59203344857572,1.9689051383962743,5.0,,0,[],False,0,False,0,
1047,52.35,100.57302856445312,102.01374053955078,1.7495896439481837,4.373183488403856,0.1396908462047577,0.2507266104221344,0.0,PlanStatus.OK,65.2903320005862,61.377763748168945,17,0.1,51,100.57302856445312,102.01374053955078,1.7495896439481837,5.0,98.5370729039431,109.65980799024251,1.964825175606273,5.0,,0,[],False,0,False,0,
1048,52.400000000000006,100.52972412109375,102.22772979736328,1.7538341900935521,4.362675210820496,0.13991756737232208,0.25492992997169495,0.0,PlanStatus.OK,64.70638499740744,60.796260833740234,17,0.1,51,100.52972412109375,102.22772979736328,1.7538341900935521,5.0,98.46133281194435,109.86508668992273,1.9690697217516413,5.0,,0,[],False,0,False,0,
1049,52.45,100.478271484375,102.43955993652344,1.763492809576997,4.36631904678751,0.13983884453773499,0.25347238779067993,0.0,PlanStatus.OK,66.84120499994606,61.01536750793457,17,0.1,51,100.478271484375,102.43955993652344,1.763492809576997,5.0,98.33621147632233,110.05658309744354,1.9787283412350862,5.0,,0,[],False,0,False,0,
1050,52.5,100.42265319824219,102.65067291259766,1.7743469220737784,4.374058294010045,0.13967201113700867,0.2503766715526581,0.0,PlanStatus.OK,65.24314300622791,60.76693534851074,13,0.1,51,100.42265319824219,102.65067291259766,1.7743469220737784,5.0,99.01134852365368,108.41683121287998,1.9895824537318676,5.0,,0,[],False,0,False,0,
1051,52.550000000000004,100.36412048339844,102.8614730834961,1.7853128873363433,4.385425947842418,0.13942784070968628,0.24582962691783905,0.0,PlanStatus.OK,64.55600100161973,60.67228317260742,13,0.1,51,100.36412048339844,102.8614730834961,1.7853128873363433,5.0,99.01964483479958,108.6630286057225,1.8141489807814777,5.0,,0,[],False,0,False,0,
1052,52.6,100.30304718017578,103.07199096679688,1.7963788542978405,4.391944720532315,-0.03200073912739754,0.24322211742401123,0.0,PlanStatus.OK,68.38618899928406,61.533451080322266,17,0.1,51,100.30304718017578,103.07199096679688,1.7963788542978405,5.0,98.26867088534246,110.71110971007992,2.1691777307237503,5.0,,0,[],False,0,False,0,
1053,52.650000000000006,100.2459487915039,103.28400421142578,1.8016507148337069,4.390713922870586,-0.1440824568271637,0.24371443688869476,0.0,PlanStatus.OK,64.7940050039324,60.921669006347656,17,0.1,51,100.2459487915039,103.28400421142578,1.8016507148337069,5.0,98.17132858473379,110.91229190137422,2.174449591259617,5.0,,0,[],False,0,False,0,
1054,52.7,100.19971466064453,103.49809265136719,1.7974778077216615,4.374192572797908,0.02734612300992012,0.25032296776771545,0.0,PlanStatus.OK,64.77904000348644,60.94241142272949,13,0.1,51,100.19971466064453,103.49809265136719,1.7974778077216615,5.0,98.65542306492341,109.23006664780289,2.0127133393797507,5.0,,0,[],False,0,False,0,
1055,52.75,100.15572357177734,103.71241760253906,1.7933907875547714,4.377714387682071,0.13959337770938873,0.24891424179077148,0.0,PlanStatus.OK,64.25529999978608,60.4093074798584,17,0.1,51,100.15572357177734,103.71241760253906,1.7933907875547714,5.0,97.7869212103008,111.26200290799493,2.0086263192128606,5.0,,0,[],False,0,False,0,
1056,52.800000000000004,100.10305786132812,103.92452239990234,1.7976332031712678,4.366108191762291,0.1398434042930603,0.2535567283630371,0.0,PlanStatus.OK,64.55909999931464,60.721397399902344,17,0.1,51,100.10305786132812,103.92452239990234,1.7976332031712678,5.0,97.70224843425619,111.46399035241554,2.012868734829357,5.0,,0,[],False,0,False,0,
1057,52.85,100.0423355102539,104.13406372070312,1.8072912900224947,4.368820769681837,0.13978487253189087,0.2524716854095459,0.0,PlanStatus.OK,64.70511899533449,60.87040901184082,13,0.1,51,100.0423355102539,104.13406372070312,1.8072912900224947,5.0,98.44186855249762,109.85060707709958,2.0225268216805836,5.0,,0,[],False,0,False,0,
1058,52.900000000000006,99.9775161743164,104.34262084960938,1.8181458019934396,4.375852582600862,0.1396334022283554,0.2496589720249176,0.0,PlanStatus.OK,64.75187100295443,61.01536750793457,13,0.1,51,99.9775161743164,104.34262084960938,1.8181458019934396,5.0,98.31509442965078,110.04145549989475,2.0333813336515285,5.0,,0,[],False,0,False,0,
1059,52.95,99.90978240966797,104.55072784423828,1.8291107019915684,4.386637952568657,-0.03179516643285751,0.24534481763839722,0.0,PlanStatus.OK,64.74468599481042,60.84871292114258,17,0.1,51,99.90978240966797,104.55072784423828,1.8291107019915684,5.0,97.62649798087557,112.11917777141574,2.2019095784174785,5.0,,0,[],False,0,False,0,
1060,53.0,99.84593200683594,104.76042938232422,1.834438089436163,4.384108908996406,-0.1440720409154892,0.24635644257068634,0.0,PlanStatus.OK,65.69711399788503,61.87272071838379,17,0.1,51,99.84593200683594,104.76042938232422,1.834438089436163,5.0,97.52236010458336,112.31660802619045,2.207236965862073,5.0,,0,[],False,0,False,0,
1061,53.050000000000004,99.79276275634766,104.97260284423828,1.8302348222876907,4.368510693379587,0.02735653519630432,0.2525957226753235,0.0,PlanStatus.OK,65.1249779984937,61.30385398864746,13,0.1,51,99.79276275634766,104.97260284423828,1.8302348222876907,5.0,98.06157083733584,110.65092451247604,2.0454703539457797,5.0,,0,[],False,0,False,0,
1062,53.1,99.74185180664062,105.18516540527344,1.82619627165264,4.373504719860689,0.13968393206596375,0.25059810280799866,0.0,PlanStatus.OK,64.65308299812023,60.71162223815918,17,0.1,51,99.74185180664062,105.18516540527344,1.82619627165264,5.0,97.2544729298991,112.70948231020857,1.8550323650977747,5.0,,0,[],False,0,False,0,
1063,53.150000000000006,99.68228912353516,105.3952407836914,1.8303988730108396,4.363300996357708,0.13990403711795807,0.2546795904636383,0.0,PlanStatus.OK,64.13260300178081,60.23764610290527,17,0.1,51,99.68228912353516,105.3952407836914,1.8303988730108396,5.0,97.03577680501495,112.85201189859175,2.0456344046689288,5.0,,0,[],False,0,False,0,
1064,53.2,99.61479187011719,105.60252380371094,1.840105163077797,4.365338313773102,0.13986001908779144,0.25386467576026917,0.0,PlanStatus.OK,65.02347999776248,61.254262924194336,17,0.1,51,99.61479187011719,105.60252380371094,1.840105163077797,5.0,97.02300205771215,113.09151733626697,1.868941256522931,5.0,,0,[],False,0,False,0,
1065,53.25,99.54317474365234,105.80875396728516,1.850896291814798,4.375944375943444,0.13963143527507782,0.24962225556373596,0.0,PlanStatus.OK,65.06504700519145,61.196327209472656,13,0.1,51,99.54317474365234,105.80875396728516,1.850896291814798,5.0,97.69503820835777,111.4500972271249,2.066131823472887,5.0,,0,[],False,0,False,0,
1066,53.300000000000004,99.46871185302734,106.01445007324219,1.861932564530141,4.383335982579864,-0.0317971408367157,0.2466656118631363,0.0,PlanStatus.OK,64.55096799618332,60.814619064331055,17,0.1,51,99.46871185302734,106.01445007324219,1.861932564530141,5.0,96.93829115159566,113.50389552378954,2.2347314409560513,5.0,,0,[],False,0,False,0,
1067,53.35,99.39800262451172,106.2219009399414,1.8671994982179907,4.383539510037571,-0.14407114684581757,0.2465841919183731,0.0,PlanStatus.OK,64.86239700461738,60.953617095947266,17,0.1,51,99.39800262451172,106.2219009399414,1.8671994982179907,5.0,96.82817079051186,113.6979150134915,2.239998374643901,5.0,,0,[],False,0,False,0,
1068,53.400000000000006,99.33794403076172,106.43220520019531,1.8630372437503058,4.368433220192924,0.02735743299126625,0.2526267170906067,0.0,PlanStatus.OK,64.7823960025562,61.09309196472168,13,0.1,51,99.33794403076172,106.43220520019531,1.8630372437503058,5.0,97.42145410921607,112.05069510488,2.078272775408395,5.0,,0,[],False,0,False,0,
1069,53.45,99.28008270263672,106.6429672241211,1.8589567483280864,4.373183584134386,0.1396908462047577,0.250726580619812,0.0,PlanStatus.OK,64.4740530042327,60.62626838684082,17,0.1,51,99.28008270263672,106.6429672241211,1.8589567483280864,5.0,96.42172889959944,114.02112935630237,2.0741922799861756,5.0,,0,[],False,0,False,0,
1070,53.5,99.21366882324219,106.8509750366211,1.8632016939476181,4.362676419223181,0.1399175375699997,0.25492942333221436,0.0,PlanStatus.OK,65.14482000056887,61.21373176574707,17,0.1,51,99.21366882324219,106.8509750366211,1.8632016939476181,5.0,96.32402097034839,114.21693717325721,2.078437225605707,5.0,,0,[],False,0,False,0,
1071,53.550000000000004,99.13941192626953,107.05592346191406,1.8728601802730085,4.366318959596651,0.13983884453773499,0.2534724175930023,0.0,PlanStatus.OK,64.53729799977737,60.76645851135254,13,0.1,51,99.13941192626953,107.05592346191406,1.8728601802730085,5.0,97.16782528297277,112.65531704840214,2.0880957119310977,5.0,,0,[],False,0,False,0,
1072,53.6,99.06108093261719,107.25970458984375,1.88371429276979,4.374056985639864,0.13967204093933105,0.25037720799446106,0.0,PlanStatus.OK,64.86837699776515,61.01560592651367,13,0.1,51,99.06108093261719,107.25970458984375,1.88371429276979,5.0,97.02883517167939,112.83736893933452,2.098949824427879,5.0,,0,[],False,0,False,0,
1073,53.650000000000006,98.9798812866211,107.46286010742188,1.8946798585581912,4.385424132252319,-0.031756527721881866,0.24583034217357635,0.0,PlanStatus.OK,64.61882199801039,60.73927879333496,17,0.1,51,98.9798812866211,107.46286010742188,1.8946798585581912,5.0,96.20560201762484,114.86544051026628,2.2674787349841017,5.0,,0,[],False,0,False,0,
1074,53.7,98.9024429321289,107.6678695678711,1.9000076454769492,4.383337459429544,-0.1440708190202713,0.24666501581668854,0.0,PlanStatus.OK,65.22729500284186,61.238765716552734,17,0.1,51,98.9024429321289,107.6678695678711,1.9000076454769492,5.0,96.08876385298038,115.05556420980915,2.2728065219028597,5.0,,0,[],False,0,False,0,
1075,53.75,98.83549499511719,107.87606811523438,1.8958078404378944,4.368063771637057,0.02735775150358677,0.2527744770050049,0.0,PlanStatus.OK,65.07405699812807,61.34533882141113,13,0.1,51,98.83549499511719,107.87606811523438,1.8958078404378944,5.0,96.73594573882714,113.42874813022188,2.1110433720959834,5.0,,0,[],False,0,False,0,
1076,53.800000000000004,98.77075958251953,108.08483123779297,1.8917707545414433,4.373282297064226,-1.607317184622141e-14,0.2506870925426483,0.0,PlanStatus.OK,65.28319299832219,61.51127815246582,13,0.1,51,98.77075958251953,108.08483123779297,1.8917707545414433,5.0,96.8778113477764,113.77840190834604,1.8917707545414433,5.0,,0,[],False,0,False,0,
1077,53.85,98.70233917236328,108.2928466796875,1.8914624936452664,4.383374650290121,0.13947181403636932,0.24665014445781708,0.0,PlanStatus.OK,64.58274800388608,60.61983108520508,17,0.1,51,98.70233917236328,108.2928466796875,1.8914624936452664,5.0,95.60570491229343,115.57421462612808,2.1066980253033556,5.0,,0,[],False,0,False,0,
1078,53.900000000000006,98.62979125976562,108.49961853027344,1.8947970376461547,4.37936023247362,0.13955800235271454,0.2482559084892273,0.0,PlanStatus.OK,64.54995500098448,60.70232391357422,17,0.1,51,98.62979125976562,108.49961853027344,1.8947970376461547,5.0,95.508894218894,115.77062015125865,2.1100325693042437,5.0,,0,[],False,0,False,0,
1079,53.95,98.54949951171875,108.70303344726562,1.9039319465012354,4.378209203592807,1.030011545619016e-14,0.2487163245677948,0.0,PlanStatus.OK,64.61749300069641,60.697078704833984,13,0.1,51,98.54949951171875,108.70303344726562,1.9039319465012354,5.0,96.45810763128068,114.32037332668591,2.09033138471419,5.0,,0,[],False,0,False,0,
1080,54.0,98.47049713134766,108.90727233886719,1.9094793110518706,4.383203282025704,-2.106728699707871e-15,0.24671868979930878,0.0,PlanStatus.OK,64.70775799971307,60.83536148071289,13,0.1,51,98.47049713134766,108.90727233886719,1.9094793110518706,5.0,96.47702604809734,114.56643067206869,1.9094793110518706,5.0,,0,[],False,0,False,0,
1081,54.050000000000004,98.39576721191406,109.11357116699219,1.9103799921325353,4.391439195399727,0.13929907977581024,0.24342432618141174,0.0,PlanStatus.OK,64.4031490010093,60.58692932128906,17,0.1,51,98.39576721191406,109.11357116699219,1.9103799921325353,5.0,95.16194998287656,116.3350591744095,2.1256155237906245,5.0,,0,[],False,0,False,0,
1082,54.1,98.31722259521484,109.3183364868164,1.9151249462467295,4.382055238118261,0.13950012624263763,0.24717789888381958,0.0,PlanStatus.OK,64.84810300025856,60.91785430908203,17,0.1,51,98.31722259521484,109.3183364868164,1.9151249462467295,5.0,95.04917626949073,116.52439894317992,2.1303604779048184,5.0,,0,[],False,0,False,0,
1083,54.150000000000006,98.23176574707031,109.51985931396484,1.924880637951908,4.383829199580063,0.13946206867694855,0.24646832048892975,0.0,PlanStatus.OK,64.69858899799874,60.74213981628418,17,0.1,51,98.23176574707031,109.51985931396484,1.924880637951908,5.0,94.89357592723063,116.69369731316782,2.140116169609997,5.0,,0,[],False,0,False,0,
1084,54.2,98.14258575439453,109.719970703125,1.9357487320444122,4.388204404547436,0.13936831057071686,0.24471823871135712,0.0,PlanStatus.OK,65.42800999886822,61.10334396362305,13,0.1,51,98.14258575439453,109.719970703125,1.9357487320444122,5.0,95.82299092561767,115.18438670657328,2.1509842637025014,5.0,,0,[],False,0,False,0,
1085,54.25,98.05067443847656,109.91919708251953,1.946717094151958,4.3966701525964345,0.1391873061656952,0.24133193492889404,0.0,PlanStatus.OK,65.14541400247253,61.376333236694336,13,0.1,51,98.05067443847656,109.91919708251953,1.946717094151958,5.0,95.67128464601191,115.35784274517715,2.161952625810047,5.0,,0,[],False,0,False,0,
1086,54.300000000000004,97.95637512207031,110.11762237548828,1.957784792168164,4.400593715326947,-0.03224126622080803,0.23976251482963562,0.0,PlanStatus.OK,64.71817100100452,60.700416564941406,17,0.1,51,97.95637512207031,110.11762237548828,1.957784792168164,5.0,94.72078856926244,117.33051373348387,2.3305836685940746,5.0,,0,[],False,0,False,0,
1087,54.35,97.8658218383789,110.31803131103516,1.963050527433523,4.397070343706391,-0.14409244060516357,0.24117186665534973,0.0,PlanStatus.OK,64.50017300085165,60.5778694152832,17,0.1,51,97.8658218383789,110.31803131103516,1.963050527433523,5.0,94.59229914272163,117.51378500637345,2.335849403859434,5.0,,0,[],False,0,False,0,
1088,54.400000000000006,97.78569793701172,110.52214813232422,1.9588621739871555,4.378680212428074,0.027336126193404198,0.2485279142856598,0.0,PlanStatus.OK,65.85725900367834,61.4933967590332,13,0.1,51,97.78569793701172,110.52214813232422,1.9588621739871555,5.0,95.34043246396368,115.93149552316072,2.1740977056452446,5.0,,0,[],False,0,False,0,
1089,54.45,97.70777893066406,110.726806640625,1.954767430653104,4.380769386595578,0.13952773809432983,0.24769224226474762,0.0,PlanStatus.OK,65.4862730007153,60.99700927734375,17,0.1,51,97.70777893066406,110.726806640625,1.954767430653104,5.0,94.15670877705085,117.79768803379014,2.170002962311193,5.0,,0,[],False,0,False,0,
1090,54.5,97.62166595458984,110.92781066894531,1.9590074494246192,4.368067402562349,0.13980111479759216,0.2527730464935303,0.0,PlanStatus.OK,68.2702159974724,60.89973449707031,17,0.1,51,97.62166595458984,110.92781066894531,1.9590074494246192,5.0,94.04064714106345,117.98357194390789,2.1742429810827084,5.0,,0,[],False,0,False,0,
1091,54.550000000000004,97.5280532836914,111.12491607666016,1.9686638052211376,4.369977886610449,-1.1209407019133547e-14,0.252008855342865,0.0,PlanStatus.OK,64.58085600024788,60.70280075073242,13,0.1,51,97.5280532836914,111.12491607666016,1.9686638052211376,5.0,95.07767459957726,116.59520597966595,2.155063243434093,5.0,,0,[],False,0,False,0,
1092,54.6,97.43598175048828,111.32320404052734,1.9743023830391078,4.375830903147199,-1.5010743502678024e-14,0.24966764450073242,0.0,PlanStatus.OK,64.51510299666552,60.64319610595703,13,0.1,51,97.43598175048828,111.32320404052734,1.9743023830391078,5.0,94.9547975275399,116.77959040608832,2.1607018212520632,5.0,,0,[],False,0,False,0,
1093,54.650000000000006,97.34815979003906,111.52388763427734,1.97521717887355,4.385041236309216,-1.0611049392665953e-14,0.24598351120948792,0.0,PlanStatus.OK,64.63767500099493,60.75239181518555,13,0.1,51,97.34815979003906,111.52388763427734,1.97521717887355,5.0,94.86198512645976,116.97800194007112,2.1616166170865054,5.0,,0,[],False,0,False,0,
1094,54.7,97.26131439208984,111.7254867553711,1.9753981406696208,4.3934580435309805,-1.7145281776351912e-14,0.24261678755283356,0.0,PlanStatus.OK,65.1726400028565,61.35821342468262,13,0.1,51,97.26131439208984,111.7254867553711,1.9753981406696208,5.0,94.77415278290275,117.17915106923142,2.161797578882576,5.0,,0,[],False,0,False,0,
1095,54.75,97.17459869384766,111.92756652832031,1.975384425390007,4.400814117332103,1.0176241122818955e-14,0.23967435956001282,0.0,PlanStatus.OK,64.8056110003381,60.912132263183594,17,0.1,51,97.17459869384766,111.92756652832031,1.975384425390007,5.0,93.46154225000181,118.95801861664042,2.3481833018159177,5.0,,0,[],False,0,False,0,
1096,54.800000000000004,97.08787536621094,112.1300048828125,1.9754242396483037,4.406910524161712,2.3395098707558242e-15,0.23723578453063965,0.0,PlanStatus.OK,64.89976999728242,61.07521057128906,17,0.1,51,97.08787536621094,112.1300048828125,1.9754242396483037,5.0,93.37453901307263,119.16030913297216,2.3482231160742146,5.0,,0,[],False,0,False,0,
1097,54.85,97.00106048583984,112.33267974853516,1.9753885532896966,4.4117935851542995,7.898796532482006e-15,0.23528257012367249,0.0,PlanStatus.OK,64.75312200200278,60.98651885986328,17,0.1,51,97.00106048583984,112.33267974853516,1.9753885532896966,5.0,93.28797502102458,119.36311650967087,2.3481874297156073,5.0,,0,[],False,0,False,0,
1098,54.900000000000006,96.91417694091797,112.53557586669922,1.9754246391224672,4.41557203170203,1.183992818067428e-14,0.2337711900472641,0.0,PlanStatus.OK,65.06600399734452,61.11311912536621,17,0.1,51,96.91417694091797,112.53557586669922,1.9754246391224672,5.0,93.2008377793551,119.56587863347633,2.348223515548378,5.0,,0,[],False,0,False,0,
1099,54.95,96.82721710205078,112.73860168457031,1.975388686447751,4.41839875748026,0.17142857611179352,0.23264048993587494,0.0,PlanStatus.OK,64.81380299373996,60.950517654418945,13,0.1,51,96.82721710205078,112.73860168457031,1.975388686447751,5.0,94.01302543330688,118.01454058054672,2.1617881246607062,5.0,,0,[],False,0,False,0,
1100,55.0,96.73678588867188,112.93990325927734,1.9787792899895855,4.407908417067117,0.24544557929039001,0.23683662712574005,0.0,PlanStatus.OK,64.67234600131633,60.846805572509766,13,0.1,51,96.73678588867188,112.93990325927734,1.9787792899895855,5.0,93.79340075827325,118.12186360195393,2.3515781664154964,5.0,,0,[],False,0,False,0,
1101,55.050000000000004,96.63714599609375,113.1351318359375,1.9902058489626795,4.3760894005676505,0.0740170106291771,0.2495642453432083,0.0,PlanStatus.OK,65.35094400169328,60.971736907958984,17,0.1,51,96.63714599609375,113.1351318359375,1.9902058489626795,5.0,92.82029988358364,120.10978096508842,2.36300472538859,5.0,,0,[],False,0,False,0,
1102,55.1,96.53401184082031,113.32804107666016,2.001942000412495,4.3853789034274016,-8.909482174376468e-16,0.24584843218326569,0.0,PlanStatus.OK,64.96573899494251,61.03682518005371,17,0.1,51,96.53401184082031,113.32804107666016,2.001942000412495,5.0,92.6355749268291,120.25741582110722,2.374740876838406,5.0,,0,[],False,0,False,0,
1103,55.150000000000006,96.43694305419922,113.52459716796875,2.005600118485828,4.386704876220883,4.129743439172705e-15,0.24531805515289307,0.0,PlanStatus.OK,64.43442599993432,60.564279556274414,17,0.1,51,96.43694305419922,113.52459716796875,2.005600118485828,5.0,92.51318380982994,120.439664637891,2.378398994911739,5.0,,0,[],False,0,False,0,
1104,55.2,96.34312438964844,113.72310638427734,2.0061945360411335,4.3942729774283364,-2.1509226013792168e-14,0.24229080975055695,0.0,PlanStatus.OK,64.5190060022287,60.68062782287598,17,0.1,51,96.34312438964844,113.72310638427734,2.0061945360411335,5.0,92.41525540121619,120.63584028130116,2.3789934124670444,5.0,,0,[],False,0,False,0,
1105,55.25,96.25001525878906,113.92229461669922,2.0062455355760087,4.400073080519893,0.17142857611179352,0.23997077345848083,0.0,PlanStatus.OK,64.95004799944581,61.093807220458984,13,0.1,51,96.25001525878906,113.92229461669922,2.0062455355760087,5.0,93.16542919489444,119.02146688613193,2.3790444120019196,5.0,,0,[],False,0,False,0,
1106,55.300000000000004,96.15238952636719,114.1190185546875,2.01092950330124,4.3851355199787205,0.2458374947309494,0.2459457963705063,0.0,PlanStatus.OK,65.40736599708907,60.96053123474121,13,0.1,51,96.15238952636719,114.1190185546875,2.01092950330124,5.0,93.04395302863126,119.20368683870248,2.383728379727151,5.0,,0,[],False,0,False,0,
1107,55.35,96.0447998046875,114.30850982666016,2.024367015213453,4.355729795963062,0.07440891861915588,0.2577080726623535,0.0,PlanStatus.OK,66.41296300222166,60.433149337768555,17,0.1,51,96.0447998046875,114.30850982666016,2.024367015213453,5.0,91.99196476747446,121.1487271391794,2.397165891639364,5.0,,0,[],False,0,False,0,
1108,55.400000000000006,95.93468475341797,114.49652099609375,2.036668422604638,4.370329606620264,-6.254114776380699e-15,0.2518681585788727,0.0,PlanStatus.OK,65.312239996274,60.89639663696289,17,0.1,51,95.93468475341797,114.49652099609375,2.036668422604638,5.0,91.79801418156916,121.2863664509882,2.409467299030549,5.0,,0,[],False,0,False,0,
1109,55.45,95.83092498779297,114.6888656616211,2.040449978194496,4.374353702940134,6.33059338118829e-15,0.25025850534439087,0.0,PlanStatus.OK,64.73661599738989,60.92476844787598,17,0.1,51,95.83092498779297,114.6888656616211,2.040449978194496,5.0,91.66860787660134,121.4630195561847,2.4132488546204067,5.0,,0,[],False,0,False,0,
1110,55.5,95.73040771484375,114.88347625732422,2.0410565131327614,4.385653098228839,1.4416427917434728e-14,0.24573875963687897,0.0,PlanStatus.OK,65.25050599884707,60.916900634765625,17,0.1,51,95.73040771484375,114.88347625732422,2.0410565131327614,5.0,91.56398260851607,121.65510431523707,2.4138553895586723,5.0,,0,[],False,0,False,0,
1111,55.550000000000004,95.63056182861328,115.07897186279297,2.041123225318068,4.392751295100421,0.17142857611179352,0.24289947748184204,0.0,PlanStatus.OK,65.76410499837948,61.45668029785156,13,0.1,51,95.63056182861328,115.07897186279297,2.041123225318068,5.0,92.4758863729142,120.15865972246647,2.2275226635310235,5.0,,0,[],False,0,False,0,
1112,55.6,95.52745056152344,115.27288818359375,2.044529807826443,4.3893727795611746,0.24576431512832642,0.24425089359283447,0.0,PlanStatus.OK,64.82809499721043,60.86230278015137,13,0.1,51,95.52745056152344,115.27288818359375,2.044529807826443,5.0,92.3554890681607,120.34179992746229,2.2309292460393984,5.0,,0,[],False,0,False,0,
1113,55.650000000000006,95.41552734375,115.46043395996094,2.055958896802572,4.361773933713485,0.0743357464671135,0.2552904188632965,0.0,PlanStatus.OK,64.66620399442036,60.72711944580078,17,0.1,51,95.41552734375,115.46043395996094,2.055958896802572,5.0,91.14865520659764,122.16922273935653,2.428757773228483,5.0,,0,[],False,0,False,0,
1114,55.7,95.30020141601562,115.64562225341797,2.067690787194644,4.3752251060820635,-6.248418903326888e-15,0.24990995228290558,0.0,PlanStatus.OK,64.4523719965946,60.504913330078125,17,0.1,51,95.30020141601562,115.64562225341797,2.067690787194644,5.0,90.95491794663498,122.30389202056303,2.440489663620555,5.0,,0,[],False,0,False,0,
1115,55.75,95.19063568115234,115.83499145507812,2.0713575605415193,4.37908260278037,1.159588443604316e-14,0.24836695194244385,0.0,PlanStatus.OK,65.22367599973222,60.710906982421875,17,0.1,51,95.19063568115234,115.83499145507812,2.0713575605415193,5.0,90.82096711199081,122.47728332739389,2.4441564369674302,5.0,,0,[],False,0,False,0,
1116,55.800000000000004,95.0841064453125,116.02662658691406,2.0719446544038274,4.38976865360261,-1.3757985585337177e-15,0.24409253895282745,0.0,PlanStatus.OK,65.7279080041917,61.300039291381836,17,0.1,51,95.0841064453125,116.02662658691406,2.0719446544038274,5.0,90.71053898065198,122.66635190905001,2.4447435308297383,5.0,,0,[],False,0,False,0,
1117,55.85,94.97821807861328,116.21910095214844,2.072011899221352,4.396072676435825,0.17142857611179352,0.24157093465328217,0.0,PlanStatus.OK,65.12353400466964,60.79459190368652,13,0.1,51,94.97821807861328,116.21910095214844,2.072011899221352,5.0,91.66816758496635,121.19893746673525,2.2584113374343073,5.0,,0,[],False,0,False,0,
1118,55.900000000000006,94.8678970336914,116.40889739990234,2.076697731159346,4.383846464121776,0.2458597719669342,0.246461421251297,0.0,PlanStatus.OK,64.92230800358811,60.96839904785156,13,0.1,51,94.8678970336914,116.40889739990234,2.076697731159346,5.0,91.53454828780919,121.37316895984249,2.2630971693723017,5.0,,0,[],False,0,False,0,
1119,55.95,94.74811553955078,116.59085845947266,2.0901424336065024,4.354823651303876,0.07443120330572128,0.25807052850723267,0.0,PlanStatus.OK,65.00362199585652,61.1882209777832,17,0.1,51,94.74811553955078,116.59085845947266,2.0901424336065024,5.0,90.25445064179534,123.14989958665204,2.4629413100324133,5.0,,0,[],False,0,False,0,
1120,56.0,94.62589263916016,116.77118682861328,2.1024459715265595,4.370189684476589,1.462038900421059e-15,0.2519241273403168,0.0,PlanStatus.OK,64.67459399573272,60.82344055175781,17,0.1,51,94.62589263916016,116.77118682861328,2.1024459715265595,5.0,90.05187048073522,123.27444493633034,2.4752448479524705,5.0,,0,[],False,0,False,0,
1121,56.050000000000004,94.50970458984375,116.9562759399414,2.106234850809415,4.374351116279119,5.43781980774931e-15,0.25025954842567444,0.0,PlanStatus.OK,65.59671300055925,61.03825569152832,17,0.1,51,94.50970458984375,116.9562759399414,2.106234850809415,5.0,89.91107526184842,123.4421569922774,2.479033727235326,5.0,,0,[],False,0,False,0,
1122,56.1,94.39659881591797,117.14387512207031,2.1068404536412992,4.385871039956218,-5.021249427806119e-15,0.24565158784389496,0.0,PlanStatus.OK,64.97322300128872,61.11431121826172,17,0.1,51,94.39659881591797,117.14387512207031,2.1068404536412992,5.0,89.79404246351483,123.62697004226877,2.47963933006721,5.0,,0,[],False,0,False,0,
1123,56.150000000000006,94.28412628173828,117.3323974609375,2.1069119595165677,4.39308350863681,0.17142857611179352,0.2427666038274765,0.0,PlanStatus.OK,64.88087400066433,60.95242500305176,13,0.1,51,94.28412628173828,117.3323974609375,2.1069119595165677,5.0,90.80233011210761,122.19370401531664,2.293311397729523,5.0,,0,[],False,0,False,0,
1124,56.2,94.16732025146484,117.51810455322266,2.1115961935579084,4.381593938747477,0.24589873850345612,0.247362419962883,0.0,PlanStatus.OK,65.22840999969048,60.791969299316406,13,0.1,51,94.16732025146484,117.51810455322266,2.1115961935579084,5.0,90.66279086626265,122.36304828568842,2.297995631770864,5.0,,0,[],False,0,False,0,
1125,56.25,94.04133605957031,117.69569396972656,2.1250399638986828,4.353175179307315,0.0744701623916626,0.2587299346923828,0.0,PlanStatus.OK,64.78474899631692,61.026811599731445,17,0.1,51,94.04133605957031,117.69569396972656,2.1250399638986828,5.0,89.3215592813175,124.09395559963951,2.4978388403245937,5.0,,0,[],False,0,False,0,
1126,56.300000000000004,93.91291809082031,117.8716049194336,2.13734203708014,4.3690400056845125,-1.7629466137793204e-14,0.2523840069770813,0.0,PlanStatus.OK,65.66153700259747,61.20634078979492,17,0.1,51,93.91291809082031,117.8716049194336,2.13734203708014,5.0,89.11478855851166,124.21132082099712,2.510140913506051,5.0,,0,[],False,0,False,0,
1127,56.35,93.79035949707031,118.052490234375,2.1411310495210505,4.373572990525427,4.38335526797601e-15,0.25057080388069153,0.0,PlanStatus.OK,65.10578100278508,61.07616424560547,17,0.1,51,93.79035949707031,118.052490234375,2.1411310495210505,5.0,88.9682432022248,124.37398049857188,2.5139299259469614,5.0,,0,[],False,0,False,0,
1128,56.400000000000006,93.6707763671875,118.23600006103516,2.1417361197207163,4.3853760024324835,5.669673795357375e-16,0.2458495944738388,0.0,PlanStatus.OK,64.59407800139161,60.848236083984375,17,0.1,51,93.6707763671875,118.23600006103516,2.1417361197207163,5.0,88.84483600991136,124.55457144936052,2.5145349961466272,5.0,,0,[],False,0,False,0,
1129,56.45,93.55179595947266,118.42046356201172,2.141807891912094,4.392805417094209,2.9926989045145043e-15,0.24287782609462738,0.0,PlanStatus.OK,65.06861699745059,61.23518943786621,17,0.1,51,93.55179595947266,118.42046356201172,2.141807891912094,5.0,88.72540211691181,124.7386885657482,2.514606768338005,5.0,,0,[],False,0,False,0,
1130,56.5,93.43280792236328,118.60546875,2.1418341240488314,4.403029407581898,0.17142857611179352,0.23878823220729828,0.0,PlanStatus.OK,65.71123800677015,61.773061752319336,13,0.1,51,93.43280792236328,118.60546875,2.1418341240488314,5.0,89.78340181982081,123.34224413851386,2.328233562261787,5.0,,0,[],False,0,False,0,
1131,56.550000000000004,93.31061553955078,118.78836822509766,2.145192503341476,4.3955667055983385,0.2456575632095337,0.241773322224617,0.0,PlanStatus.OK,65.06585099850781,61.19656562805176,13,0.1,51,93.31061553955078,118.78836822509766,2.145192503341476,5.0,89.54952058099401,123.41118054355093,2.5179913797673867,5.0,,0,[],False,0,False,0,
1132,56.6,93.18029022216797,118.96395874023438,2.1566556807795583,4.366041788025136,0.24616864323616028,0.25358328223228455,0.0,PlanStatus.OK,64.62649500463158,60.709238052368164,13,0.1,51,93.18029022216797,118.96395874023438,2.1566556807795583,5.0,89.46108114569978,123.64612595510623,2.3430551189925137,5.0,,0,[],False,0,False,0,
1133,56.650000000000006,93.04234313964844,119.13191223144531,2.173941460466936,4.357997232015502,0.07474006712436676,0.2568010985851288,0.0,PlanStatus.OK,66.30656099878252,61.72919273376465,17,0.1,51,93.04234313964844,119.13191223144531,2.173941460466936,5.0,88.01544869004401,125.2918129541751,2.5467403368928467,5.0,,0,[],False,0,False,0,
1134,56.7,92.90409851074219,119.3005142211914,2.1870611241030478,4.3745281365082525,-5.275323313082151e-15,0.2501887381076813,0.0,PlanStatus.OK,65.60588200227357,61.0659122467041,17,0.1,51,92.90409851074219,119.3005142211914,2.1870611241030478,5.0,87.7968231763561,125.39393554095268,2.5598600005289587,5.0,,0,[],False,0,False,0,
1135,56.75,92.77215576171875,119.47494506835938,2.191051870996531,4.377627798356983,-4.78561036759413e-15,0.24894888699054718,0.0,PlanStatus.OK,65.6372149969684,61.03348731994629,17,0.1,51,92.77215576171875,119.47494506835938,2.191051870996531,5.0,87.64060385901124,125.54793607701149,2.563850747422442,5.0,,0,[],False,0,False,0,
1136,56.800000000000004,92.64337921142578,119.65232849121094,2.1916939591353493,4.388678622171046,-5.4233618023726265e-15,0.24452854692935944,0.0,PlanStatus.OK,64.93596699874615,61.055898666381836,17,0.1,51,92.64337921142578,119.65232849121094,2.1916939591353493,5.0,87.50792897130323,125.72202333960122,2.56449283556126,5.0,,0,[],False,0,False,0,
1137,56.85,92.51522064208984,119.8307113647461,2.191771856597234,4.395600349597869,1.3662273826912756e-14,0.24175986647605896,0.0,PlanStatus.OK,64.69089099846315,60.832977294921875,17,0.1,51,92.51522064208984,119.8307113647461,2.191771856597234,5.0,87.37929760372577,125.90000615618197,2.564570733023145,5.0,,0,[],False,0,False,0,
1138,56.900000000000006,92.38706970214844,120.00961303710938,2.1917975561017533,4.405203354141387,6.455858542658887e-16,0.2379186600446701,0.0,PlanStatus.OK,64.51568599732127,60.63270568847656,17,0.1,51,92.38706970214844,120.00961303710938,2.1917975561017533,5.0,87.25099068761136,126.0787758358637,2.5645964325276642,5.0,,0,[],False,0,False,0,
1139,56.95,92.2587890625,120.18883514404297,2.191784240296303,4.4086934052165665,0.17142857611179352,0.2365226447582245,0.0,PlanStatus.OK,64.65688800381031,60.5618953704834,13,0.1,51,92.2587890625,120.18883514404297,2.191784240296303,5.0,88.28646870097948,124.6314582390595,2.564583116722214,5.0,,0,[],False,0,False,0,
1140,57.0,92.1274185180664,120.36570739746094,2.1951743112059194,4.402005704968697,0.2455468475818634,0.2391977161169052,0.0,PlanStatus.OK,65.05730299977586,61.034440994262695,13,0.1,51,92.1274185180664,120.36570739746094,2.1951743112059194,5.0,88.1400602041614,124.79483854199226,2.5679731876318304,5.0,,0,[],False,0,False,0,
1141,57.050000000000004,91.98831939697266,120.53478240966797,2.206608193872011,4.371290235991735,0.07411827892065048,0.2514839172363281,0.0,PlanStatus.OK,64.96672600042075,61.12790107727051,17,0.1,51,91.98831939697266,120.53478240966797,2.206608193872011,5.0,86.76291879884138,126.52721374514446,2.579407070297922,5.0,,0,[],False,0,False,0,
1142,57.1,91.8462905883789,120.70087432861328,2.218340750054355,4.382311366759436,-4.0520730590083275e-15,0.24707545340061188,0.0,PlanStatus.OK,65.1084479977726,61.246395111083984,17,0.1,51,91.8462905883789,120.70087432861328,2.218340750054355,5.0,86.55094470748818,126.6315873315399,2.591139626480266,5.0,,0,[],False,0,False,0,
1143,57.150000000000006,91.7093505859375,120.87189483642578,2.2220080560334488,4.3841594235136565,1.806604216540112e-14,0.24633623659610748,0.0,PlanStatus.OK,65.87131600099383,61.300039291381836,17,0.1,51,91.7093505859375,120.87189483642578,2.2220080560334488,5.0,86.39229062340937,126.78314834784199,2.5948069324593597,5.0,,0,[],False,0,False,0,
1144,57.2,91.57513427734375,121.0455551147461,2.2225958156860295,4.393244384704174,0.17142857611179352,0.24270224571228027,0.0,PlanStatus.OK,65.60623199766269,61.75112724304199,13,0.1,51,91.57513427734375,121.0455551147461,2.2225958156860295,5.0,87.55548897492305,125.4724792868131,2.408995253898985,5.0,,0,[],False,0,False,0,
1145,57.25,91.43854522705078,121.2174072265625,2.2260516666745707,4.387650078458041,0.24579405784606934,0.24493996798992157,0.0,PlanStatus.OK,64.49272099416703,60.6534481048584,13,0.1,51,91.43854522705078,121.2174072265625,2.2260516666745707,5.0,87.31634943152127,125.5213276303622,2.5988505431004816,5.0,,0,[],False,0,False,0,
1146,57.300000000000004,91.2945785522461,121.38153839111328,2.2375381467721915,4.35972879166132,0.24627864360809326,0.25610849261283875,0.0,PlanStatus.OK,64.76781500532525,61.00296974182129,13,0.1,51,91.2945785522461,121.38153839111328,2.2375381467721915,5.0,87.2092358759626,125.74790772957299,2.423937584985147,5.0,,0,[],False,0,False,0,
1147,57.35,91.1436538696289,121.53755950927734,2.25482366014346,4.352910245068561,0.07485006749629974,0.25883591175079346,0.0,PlanStatus.OK,65.09713199920952,60.686588287353516,17,0.1,51,91.1436538696289,121.53755950927734,2.25482366014346,5.0,85.63550998344489,127.27117927783931,2.627622536569371,5.0,,0,[],False,0,False,0,
1148,57.400000000000006,90.99237823486328,121.69425201416016,2.2679413264087542,4.370538592464229,2.0142338453621803e-14,0.2517845630645752,0.0,PlanStatus.OK,65.31137799902353,61.34343147277832,17,0.1,51,90.99237823486328,121.69425201416016,2.2679413264087542,5.0,85.40949869012033,127.35512656764048,2.640740202834665,5.0,,0,[],False,0,False,0,
1149,57.45,90.84688568115234,121.8573226928711,2.2719320733022377,4.374574948896285,0.13966089487075806,0.2501700222492218,0.0,PlanStatus.OK,64.75206600589445,60.83846092224121,21,0.1,51,90.84688568115234,121.8573226928711,2.2719320733022377,5.0,83.68091117278969,128.68545367735345,2.4871676049603257,5.0,,0,[],False,0,False,0,
1150,57.5,90.7013931274414,122.02082824707031,2.2760043129250778,4.377202037367158,-1.2978953501879636e-15,0.24911919236183167,0.0,PlanStatus.OK,64.84567100415006,61.04135513305664,17,0.1,51,90.7013931274414,122.02082824707031,2.2760043129250778,5.0,85.07305199746848,127.63650459511658,2.6488031893509887,5.0,,0,[],False,0,False,0,
1151,57.550000000000004,90.55571746826172,122.18437194824219,2.2796120972538083,4.362468636648732,0.13992203772068024,0.25501254200935364,0.0,PlanStatus.OK,65.15196100372123,61.26999855041504,17,0.1,51,90.55571746826172,122.18437194824219,2.2796120972538083,5.0,84.93361348875138,127.75208330531379,2.4948476289118964,5.0,,0,[],False,0,False,0,
1152,57.6,90.4095458984375,122.34630584716797,2.283026003455181,4.359058443882727,0.13999579846858978,0.25637662410736084,0.0,PlanStatus.OK,65.59676500182832,61.04612350463867,17,0.1,51,90.4095458984375,122.34630584716797,2.283026003455181,5.0,84.76846707361132,127.8947914607555,2.498261535113269,5.0,,0,[],False,0,False,0,
1153,57.650000000000006,90.25872039794922,122.50298309326172,2.292104453295152,4.359808572949893,0.13997957110404968,0.2560765743255615,0.0,PlanStatus.OK,67.99833999684779,63.03095817565918,17,0.1,51,90.25872039794922,122.50298309326172,2.292104453295152,5.0,84.56750307904332,128.0000285124916,2.50733998495324,5.0,,0,[],False,0,False,0,
1154,57.7,90.10464477539062,122.65717315673828,2.3028487103969675,4.3704347150253335,0.13975006341934204,0.25182610750198364,0.0,PlanStatus.OK,65.88532400201075,61.45071983337402,21,0.1,51,90.10464477539062,122.65717315673828,2.3028487103969675,5.0,82.73102553197121,129.26052856507624,2.5180842420550555,5.0,,0,[],False,0,False,0,
1155,57.75,89.94805145263672,122.8095932006836,2.3138339835774353,4.37996278833504,0.13954505324363708,0.2480148822069168,0.0,PlanStatus.OK,65.0773660017876,61.15555763244629,17,0.1,51,89.94805145263672,122.8095932006836,2.3138339835774353,5.0,84.13873888388369,128.1816831469353,2.5290695152355234,5.0,,0,[],False,0,False,0,
1156,57.800000000000004,89.78927612304688,122.9604721069336,2.3248647968125438,4.3901042895919336,0.13932764530181885,0.2439582794904709,0.0,PlanStatus.OK,65.76944099651882,61.38253211975098,13,0.1,51,89.78927612304688,122.9604721069336,2.3248647968125438,5.0,85.57004379888564,127.13640805270471,2.540100328470632,5.0,,0,[],False,0,False,0,
1157,57.85,89.62849426269531,123.10986328125,2.335899604789287,4.397476552749456,0.1391700953245163,0.24100938439369202,0.0,PlanStatus.OK,64.55325899878517,60.72735786437988,13,0.1,51,89.62849426269531,123.10986328125,2.335899604789287,5.0,85.36343910142462,127.23898751039935,2.551135136447375,5.0,,0,[],False,0,False,0,
1158,57.900000000000006,89.4657974243164,123.2577133178711,2.3469410706687555,4.4047126730953945,0.13901588320732117,0.23811493813991547,0.0,PlanStatus.OK,64.83013000251958,60.98127365112305,13,0.1,51,89.4657974243164,123.2577133178711,2.3469410706687555,5.0,85.23814256347113,127.45206614336428,2.375777164113888,5.0,,0,[],False,0,False,0,
1159,57.95,89.30128479003906,123.40394592285156,2.357982802864333,4.409245775127179,-0.03241269290447235,0.23630169034004211,0.0,PlanStatus.OK,64.65611699968576,60.7914924621582,17,0.1,51,89.30128479003906,123.40394592285156,2.357982802864333,5.0,83.51121414736257,128.78631566449644,2.730781679290244,5.0,,0,[],False,0,False,0,
1160,58.0,89.1395492553711,123.5534896850586,2.363281161853046,4.403839640914903,-0.1441030651330948,0.2384641468524933,0.0,PlanStatus.OK,66.11015000089537,62.04986572265625,17,0.1,51,89.1395492553711,123.5534896850586,2.363281161853046,5.0,83.32104229002256,128.90510614900185,2.7360800382789567,5.0,,0,[],False,0,False,0,
1161,58.050000000000004,88.98602294921875,123.71048736572266,2.3590485999325828,4.383727407826551,0.027325507253408432,0.24650903046131134,0.0,PlanStatus.OK,64.37034799455432,60.53328514099121,13,0.1,51,88.98602294921875,123.71048736572266,2.3590485999325828,5.0,84.70789594649074,127.85334756076671,2.3878846933777154,5.0,,0,[],False,0,False,0,
1162,58.1,88.83436584472656,123.8687973022461,2.3549835508446857,4.385029886179094,0.13943631947040558,0.24598804116249084,0.0,PlanStatus.OK,65.57247299497249,61.163902282714844,17,0.1,51,88.83436584472656,123.8687973022461,2.3549835508446857,5.0,82.80897420259414,128.99735640505574,2.5702190825027738,5.0,,0,[],False,0,False,0,
1163,58.150000000000006,88.67659759521484,124.02049255371094,2.359184953780395,4.371834525629182,0.1397199034690857,0.2512661814689636,0.0,PlanStatus.OK,65.23920399922645,61.301469802856445,17,0.1,51,88.67659759521484,124.02049255371094,2.359184953780395,5.0,82.62971205258846,129.12369136881372,2.574420485438483,5.0,,0,[],False,0,False,0,
1164,58.2,88.51351165771484,124.1656723022461,2.3688879148959896,4.371570465188835,0.13972559571266174,0.2513718008995056,0.0,PlanStatus.OK,65.0983770028688,61.12098693847656,13,0.1,51,88.51351165771484,124.1656723022461,2.3688879148959896,5.0,84.11458883674285,128.15187857432505,2.5841234465540777,5.0,,0,[],False,0,False,0,
1165,58.25,88.34745788574219,124.30776977539062,2.3796827720585165,4.380105150825277,0.13954199850559235,0.24795794486999512,0.0,PlanStatus.OK,67.73298499319935,62.300682067871094,13,0.1,51,88.34745788574219,124.30776977539062,2.3796827720585165,5.0,83.90576167157519,128.24625897424403,2.5949183037166046,5.0,,0,[],False,0,False,0,
1166,58.300000000000004,88.17927551269531,124.44791412353516,2.390718911615805,4.386057189001531,-0.03188657388091087,0.2455771267414093,0.0,PlanStatus.OK,67.77583399525611,63.080787658691406,17,0.1,51,88.17927551269531,124.44791412353516,2.390718911615805,5.0,82.21614069331548,129.63788957712424,2.763517788041716,5.0,,0,[],False,0,False,0,
1167,58.35,88.01350402832031,124.59144592285156,2.3959829158264556,4.3851242187002635,-0.14407363533973694,0.24595031142234802,0.0,PlanStatus.OK,67.19351100036874,60.614824295043945,17,0.1,51,88.01350402832031,124.59144592285156,2.3959829158264556,5.0,82.02313190073929,129.74995964834056,2.7687817922523665,5.0,,0,[],False,0,False,0,
1168,58.400000000000006,87.85552215576172,124.74275207519531,2.3918153350365907,4.369221815981114,0.027354931458830833,0.25231125950813293,0.0,PlanStatus.OK,65.71626199729508,61.45286560058594,13,0.1,51,87.85552215576172,124.74275207519531,2.3918153350365907,5.0,83.36637004843331,128.62706356961726,2.607050866694679,5.0,,0,[],False,0,False,0,
1169,58.45,87.69922637939453,124.89555358886719,2.3877327090854994,4.373445888160723,0.13968519866466522,0.25062164664268494,0.0,PlanStatus.OK,64.77756299864268,60.97245216369629,21,0.1,51,87.69922637939453,124.89555358886719,2.3877327090854994,5.0,79.79230939704833,130.8499827999702,2.6029682407435875,5.0,,0,[],False,0,False,0,
1170,58.5,87.53694915771484,125.04166412353516,2.3919761899664316,4.362605984555048,0.13991905748844147,0.2549576163291931,0.0,PlanStatus.OK,65.32978900213493,61.46502494812012,21,0.1,51,87.53694915771484,125.04166412353516,2.3919761899664316,5.0,79.60483593502109,130.9624869732849,2.6072117216245196,5.0,,0,[],False,0,False,0,
1171,58.550000000000004,87.36943817138672,125.18115234375,2.401634143659604,4.366061101736212,0.13984441757202148,0.25357556343078613,0.0,PlanStatus.OK,65.80508399929386,61.67125701904297,21,0.1,51,87.36943817138672,125.18115234375,2.401634143659604,5.0,79.3805127400454,131.0250922688535,2.616869675317692,5.0,,0,[],False,0,False,0,
1172,58.6,87.19904327392578,125.31758880615234,2.41248838931444,4.373703866275465,0.13967964053153992,0.25051844120025635,0.0,PlanStatus.OK,64.9643200013088,60.936689376831055,13,0.1,51,87.19904327392578,125.31758880615234,2.41248838931444,5.0,82.63055554578064,129.10827242605745,2.627723920972528,5.0,,0,[],False,0,False,0,
1173,58.650000000000006,87.0264663696289,125.45201873779297,2.4234542214189503,4.385046975604612,0.13943596184253693,0.24598121643066406,0.0,PlanStatus.OK,69.64161599898944,63.028573989868164,13,0.1,51,87.0264663696289,125.45201873779297,2.4234542214189503,5.0,82.41668615079999,129.19237818075072,2.6386897530770383,5.0,,0,[],False,0,False,0,
1174,58.7,86.85201263427734,125.584716796875,2.4345209873287743,4.3915800449688,0.13929606974124908,0.2433679848909378,0.0,PlanStatus.OK,64.83460100571392,60.53042411804199,13,0.1,51,86.85201263427734,125.584716796875,2.4345209873287743,5.0,82.20112186264086,129.27383287782678,2.6497565189868624,5.0,,0,[],False,0,False,0,
1175,58.75,86.67574310302734,125.71569061279297,2.4455249026368726,4.400860987475116,-0.032132506370544434,0.23965559899806976,0.0,PlanStatus.OK,65.0075290031964,60.91928482055664,17,0.1,51,86.67574310302734,125.71569061279297,2.4455249026368726,5.0,80.43726239285554,130.57122153245285,2.8183237790627835,5.0,,0,[],False,0,False,0,
1176,58.800000000000004,86.50187683105469,125.85023498535156,2.4508541542942304,4.395975442319818,-0.14409072697162628,0.2416098266839981,0.0,PlanStatus.OK,65.12063500122167,61.1572265625,21,0.1,51,86.50187683105469,125.85023498535156,2.4508541542942304,5.0,78.38866372060735,131.4278028535533,2.637253592507186,5.0,,0,[],False,0,False,0,
1177,58.85,86.33544921875,125.99295806884766,2.446634641863109,4.3780186134680195,0.027337847277522087,0.24879255890846252,0.0,PlanStatus.OK,65.2263860029052,61.34629249572754,13,0.1,51,86.33544921875,125.99295806884766,2.446634641863109,5.0,81.64021209544383,129.62546557528964,2.661870173521197,5.0,,0,[],False,0,False,0,
1178,58.900000000000006,86.17070770263672,126.13724517822266,2.442582375948444,4.380938164114969,0.13952411711215973,0.2476247400045395,0.0,PlanStatus.OK,65.62834099895554,61.71822547912598,21,0.1,51,86.17070770263672,126.13724517822266,2.442582375948444,5.0,77.9492469409679,131.649245390495,2.6578179076065322,5.0,,0,[],False,0,False,0,
1179,58.95,86.00041961669922,126.27442932128906,2.4467819146713903,4.3689172978000785,0.13978278636932373,0.25243309140205383,0.0,PlanStatus.OK,65.44029100041371,61.40947341918945,21,0.1,51,86.00041961669922,126.27442932128906,2.4467819146713903,5.0,77.75588356198807,131.75185468712638,2.6620174463294783,5.0,,0,[],False,0,False,0,
1180,59.0,85.82536315917969,126.40469360351562,2.456487006315857,4.3694758438519825,0.1397707462310791,0.2522096633911133,0.0,PlanStatus.OK,65.86789999710163,61.96022033691406,17,0.1,51,85.82536315917969,126.40469360351562,2.456487006315857,5.0,79.31131149931831,130.89630733187076,2.671722537973945,5.0,,0,[],False,0,False,0,
1181,59.050000000000004,85.64756774902344,126.53170013427734,2.467279466633403,4.378848643775432,0.1395689994096756,0.2484605461359024,0.0,PlanStatus.OK,65.43807699927129,61.60163879394531,13,0.1,51,85.64756774902344,126.53170013427734,2.467279466633403,5.0,80.8233350850369,129.93809142992555,2.8689144365044466,5.0,,0,[],False,0,False,0,
1182,59.1,85.46780395507812,126.65656280517578,2.4783153398745825,4.3853018846925895,0.13943049311637878,0.24587924778461456,0.0,PlanStatus.OK,66.38848900183802,62.49642372131348,13,0.1,51,85.46780395507812,126.65656280517578,2.4783153398745825,5.0,80.65986173719482,130.1385240424564,2.6935508715326706,5.0,,0,[],False,0,False,0,
1183,59.150000000000006,85.2862319946289,126.77954864501953,2.4893096678027566,4.395065467740662,-0.031998079270124435,0.24197381734848022,0.0,PlanStatus.OK,66.05631799902767,61.85722351074219,17,0.1,51,85.2862319946289,126.77954864501953,2.4893096678027566,5.0,78.84119988382663,131.3573628804036,2.8621085442286676,5.0,,0,[],False,0,False,0,
1184,59.2,85.10685729980469,126.90621185302734,2.494639718408441,4.391002270516792,-0.1440829038619995,0.2435990869998932,0.0,PlanStatus.OK,65.62013999791816,61.68341636657715,17,0.1,51,85.10685729980469,126.90621185302734,2.494639718408441,5.0,78.63751687265386,131.44960887734626,2.867438594834352,5.0,,0,[],False,0,False,0,
1185,59.25,84.93450164794922,127.0413818359375,2.49042819546059,4.3739416155339015,0.027345668524503708,0.2504233419895172,0.0,PlanStatus.OK,65.43785199755803,61.48719787597656,13,0.1,51,84.93450164794922,127.0413818359375,2.49042819546059,5.0,80.08473667718253,130.464851151815,2.705663727118678,5.0,,0,[],False,0,False,0,
1186,59.300000000000004,84.76374053955078,127.17819213867188,2.4863817885003234,4.377691914307934,0.13959385454654694,0.24892322719097137,0.0,PlanStatus.OK,65.35641300433781,61.50460243225098,21,0.1,51,84.76374053955078,127.17819213867188,2.4863817885003234,5.0,76.30881930694954,132.32492608810614,2.7016173201584115,5.0,,0,[],False,0,False,0,
1187,59.35,84.58771514892578,127.30772399902344,2.4905823924877053,4.366420695134244,0.1398366540670395,0.2534317076206207,0.0,PlanStatus.OK,65.87249400035944,61.9816780090332,21,0.1,51,84.58771514892578,127.30772399902344,2.4905823924877053,5.0,76.05924740402493,132.28923330945668,2.892217362358749,5.0,,0,[],False,0,False,0,
1188,59.400000000000006,84.40718841552734,127.43013763427734,2.500287750448281,4.36760101045661,0.1398111879825592,0.25295960903167725,0.0,PlanStatus.OK,65.71903899748577,61.78545951843262,21,0.1,51,84.40718841552734,127.43013763427734,2.500287750448281,5.0,75.88151667841753,132.45880394124183,2.715523282106369,5.0,,0,[],False,0,False,0,
1189,59.45,84.22406005859375,127.54915618896484,2.511078612869173,4.3775043432399645,-0.03161739185452461,0.2489982694387436,0.0,PlanStatus.OK,65.50928200158523,61.44070625305176,17,0.1,51,84.22406005859375,127.54915618896484,2.511078612869173,5.0,77.55981032754977,131.6990155520219,2.726314144527261,5.0,,0,[],False,0,False,0,
1190,59.5,84.042724609375,127.6716079711914,2.5163684497423975,4.376338210855331,-0.14405976235866547,0.2494647204875946,0.0,PlanStatus.OK,65.68718500057003,61.8739128112793,17,0.1,51,84.042724609375,127.6716079711914,2.5163684497423975,5.0,77.3566161421793,131.78615664337474,2.7316039814004855,5.0,,0,[],False,0,False,0,
1191,59.550000000000004,83.86800384521484,127.80266571044922,2.5121638510133804,4.362104708580228,0.02736881747841835,0.25515812635421753,0.0,PlanStatus.OK,65.69605899858288,61.82575225830078,21,0.1,51,83.86800384521484,127.80266571044922,2.5121638510133804,5.0,75.23402223875527,132.59897248807138,2.913798820884424,5.0,,0,[],False,0,False,0,
1192,59.6,83.69474792480469,127.93544006347656,2.5081307598585645,4.368271851481393,0.13979670405387878,0.25269126892089844,0.0,PlanStatus.OK,65.30213900259696,61.40875816345215,17,0.1,51,83.69474792480469,127.93544006347656,2.5081307598585645,5.0,76.90780187395222,131.95424872691942,2.909765729729608,5.0,,0,[],False,0,False,0,
1193,59.650000000000006,83.51626586914062,128.06088256835938,2.5123332280587096,4.359171484555371,0.139993354678154,0.2563314139842987,0.0,PlanStatus.OK,66.04219300061231,62.04700469970703,17,0.1,51,83.51626586914062,128.06088256835938,2.5123332280587096,5.0,76.71249088354249,132.0511339032871,2.913968197929753,5.0,,0,[],False,0,False,0,
1194,59.7,83.3333740234375,128.1791534423828,2.522041249180375,4.362164702730283,0.13992859423160553,0.25513410568237305,0.0,PlanStatus.OK,66.38375300099142,61.737775802612305,17,0.1,51,83.3333740234375,128.1791534423828,2.522041249180375,5.0,76.49118281273095,132.10316659305832,2.9236762190514187,5.0,,0,[],False,0,False,0,
1195,59.75,83.14789581298828,128.29405212402344,2.5328318452851586,4.373614461276563,0.13968157768249512,0.2505542039871216,0.0,PlanStatus.OK,69.25859799957834,61.72537803649902,17,0.1,51,83.14789581298828,128.29405212402344,2.5328318452851586,5.0,76.26376132108406,132.14400693777375,2.934466815156202,5.0,,0,[],False,0,False,0,
1196,59.800000000000004,82.96051788330078,128.40673828125,2.5438677185263376,4.3816748383803805,0.13950829207897186,0.24733006954193115,0.0,PlanStatus.OK,65.72610599687323,61.72442436218262,21,0.1,51,82.96051788330078,128.40673828125,2.5438677185263376,5.0,74.17883907069466,132.92695003712728,2.945502688397381,5.0,,0,[],False,0,False,0,
1197,59.85,82.77141571044922,128.51747131347656,2.554862845402839,4.392691812289483,0.1392723023891449,0.24292327463626862,0.0,PlanStatus.OK,65.5611050024163,61.5229606628418,21,0.1,51,82.77141571044922,128.51747131347656,2.554862845402839,5.0,73.98413369977064,133.073592279886,2.770098377060927,5.0,,0,[],False,0,False,0,
1198,59.900000000000006,82.58074951171875,128.62632751464844,2.5659362692153884,4.398357941142609,0.13915129005908966,0.24065682291984558,0.0,PlanStatus.OK,65.46754100418184,61.73992156982422,21,0.1,51,82.58074951171875,128.62632751464844,2.5659362692153884,5.0,73.74355541960149,133.084865837238,2.7811718008734765,5.0,,0,[],False,0,False,0,
1199,59.95,82.38858032226562,128.7332305908203,2.576942847684577,4.4065576949671295,0.13897663354873657,0.23737692832946777,0.0,PlanStatus.OK,68.16492499638116,60.46581268310547,13,0.1,51,82.38858032226562,128.7332305908203,2.576942847684577,5.0,77.26114283668132,131.72484340999577,2.792178379342665,5.0,,0,[],False,0,False,0,
1200,60.0,82.19503784179688,128.83815002441406,2.5880192009743253,4.409475674896003,0.13891460001468658,0.23620973527431488,0.0,PlanStatus.OK,65.3480219989433,61.51747703552246,13,0.1,51,82.19503784179688,128.83815002441406,2.5880192009743253,5.0,77.03477940143422,131.77278718377397,2.8032547326324133,5.0,,0,[],False,0,False,0,
1201,60.050000000000004,82.0001449584961,128.94100952148438,2.599027377340168,4.415137320033811,-0.032513976097106934,0.2339450716972351,0.0,PlanStatus.OK,67.39423499675468,62.29686737060547,17,0.1,51,82.0001449584961,128.94100952148438,2.599027377340168,5.0,75.09260633283861,132.78558130752344,2.971826253766079,5.0,,0,[],False,0,False,0,
1202,60.1,81.80723571777344,129.0477294921875,2.604348639514255,4.406924494653267,-0.1441078931093216,0.23723019659519196,0.0,PlanStatus.OK,66.17515799734974,62.203168869018555,17,0.1,51,81.80723571777344,129.0477294921875,2.604348639514255,5.0,74.87933701036049,132.85549019669392,2.977147515940166,5.0,,0,[],False,0,False,0,
1203,60.150000000000006,81.62055206298828,129.16360473632812,2.60010595758165,4.386092346178975,0.027320675551891327,0.2455630600452423,0.0,PlanStatus.OK,65.96375800290843,62.16788291931152,13,0.1,51,81.62055206298828,129.16360473632812,2.60010595758165,5.0,76.42520116685981,132.0356582689989,2.815341489239738,5.0,,0,[],False,0,False,0,
1204,60.2,81.43540954589844,129.2811737060547,2.596041174809862,4.386706847999728,0.13940037786960602,0.2453172653913498,0.0,PlanStatus.OK,65.47989600221626,61.57064437866211,21,0.1,51,81.43540954589844,129.2811737060547,2.596041174809862,5.0,72.42995210076876,133.3372719900837,2.9976761446809057,5.0,,0,[],False,0,False,0,
1205,60.25,81.24595642089844,129.390869140625,2.600235919842846,4.372864684689136,0.13969771564006805,0.25085413455963135,0.0,PlanStatus.OK,65.67614999949001,61.77186965942383,21,0.1,51,81.24595642089844,129.390869140625,2.600235919842846,5.0,72.22356395692003,133.40915625227976,3.0018708897138895,5.0,,0,[],False,0,False,0,
1206,60.300000000000004,81.05290222167969,129.492919921875,2.6099383483262226,4.3720612312792095,0.1397150158882141,0.25117549300193787,0.0,PlanStatus.OK,66.19781799963675,62.22367286682129,21,0.1,51,81.05290222167969,129.492919921875,2.6099383483262226,5.0,71.99194789374414,133.42348015583832,3.011573318197266,5.0,,0,[],False,0,False,0,
1207,60.35,80.85770416259766,129.59130859375,2.6207305423276597,4.380408501030655,0.13953548669815063,0.24783660471439362,0.0,PlanStatus.OK,66.06496500171488,62.13688850402832,21,0.1,51,80.85770416259766,129.59130859375,2.6207305423276597,5.0,71.78959306647143,133.5591700510169,2.8359660739857477,5.0,,0,[],False,0,False,0,
1208,60.400000000000006,80.66091918945312,129.687255859375,2.631765350304403,4.386145480487381,-0.03189308941364288,0.24554181098937988,0.0,PlanStatus.OK,65.77689500409178,61.89537048339844,17,0.1,51,80.66091918945312,129.687255859375,2.631765350304403,5.0,73.54552586247232,133.00459440303143,2.847000881962491,5.0,,0,[],False,0,False,0,
1209,60.45,80.4656753540039,129.7870635986328,2.6370285555667268,4.385126781436964,-0.14407365024089813,0.24594928324222565,0.0,PlanStatus.OK,65.01052800012985,61.187744140625,17,0.1,51,80.4656753540039,129.7870635986328,2.6370285555667268,5.0,73.3329208266537,133.06690659235025,2.852264087224815,5.0,,0,[],False,0,False,0,
1210,60.5,80.27613830566406,129.89630126953125,2.6328596431963165,4.3691732819078215,0.027354927733540535,0.2523306906223297,0.0,PlanStatus.OK,65.82239099952858,61.884164810180664,21,0.1,51,80.27613830566406,129.89630126953125,2.6328596431963165,5.0,71.12747848034103,133.61815839820565,3.03449461306736,5.0,,0,[],False,0,False,0,
1211,60.550000000000004,80.087890625,130.00735473632812,2.628777017245225,4.373368117976046,0.13968688249588013,0.2506527602672577,0.0,PlanStatus.OK,66.56562400166877,62.630653381347656,17,0.1,51,80.087890625,130.00735473632812,2.628777017245225,5.0,72.8665995904701,133.18011624094245,3.0304119871162687,5.0,,0,[],False,0,False,0,
1212,60.6,79.89543151855469,130.11050415039062,2.6330212970744844,4.362516432641479,0.13992099463939667,0.2549934387207031,0.0,PlanStatus.OK,65.29920000320999,61.472177505493164,17,0.1,51,79.89543151855469,130.11050415039062,2.6330212970744844,5.0,72.66073947854746,133.25258799026523,3.034656266945528,5.0,,0,[],False,0,False,0,
1213,60.650000000000006,79.69947052001953,130.20594787597656,2.6426787181354388,4.3659721012557515,0.1398463398218155,0.25361114740371704,0.0,PlanStatus.OK,65.19083300372586,61.33270263671875,17,0.1,51,79.69947052001953,130.20594787597656,2.6426787181354388,5.0,72.43477189702396,133.27801781131186,3.0443136880064823,5.0,,0,[],False,0,False,0,
1214,60.7,79.50142669677734,130.29776000976562,2.6535332301063836,4.373621391169892,0.13968142867088318,0.2505514323711395,0.0,PlanStatus.OK,66.87640600284794,62.25419044494629,17,0.1,51,79.50142669677734,130.29776000976562,2.6535332301063836,5.0,72.20381086944874,133.2907957608497,3.055168199977427,5.0,,0,[],False,0,False,0,
1215,60.75,79.3017349243164,130.38710021972656,2.664499062210894,4.384976405888391,0.1394374668598175,0.2460094392299652,0.0,PlanStatus.OK,66.00341900048079,62.14165687561035,21,0.1,51,79.3017349243164,130.38710021972656,2.664499062210894,5.0,70.03991611164494,133.81768462577048,3.0661340320819375,5.0,,0,[],False,0,False,0,
1216,60.800000000000004,79.10065460205078,130.4743194580078,2.675564762856282,4.39152180542068,0.13929730653762817,0.2433912754058838,0.0,PlanStatus.OK,66.07841500226641,62.17312812805176,21,0.1,51,79.10065460205078,130.4743194580078,2.675564762856282,5.0,69.80144179185815,133.80220740631592,3.0771997327273257,5.0,,0,[],False,0,False,0,
1217,60.85,78.89823150634766,130.55941772460938,2.6865684118482718,4.400814052464122,0.1390989124774933,0.239674374461174,0.0,PlanStatus.OK,66.75548099883599,61.97977066040039,21,0.1,51,78.89823150634766,130.55941772460938,2.6865684118482718,5.0,69.58871988343353,133.92208879662635,2.90180394350636,5.0,,0,[],False,0,False,0,
1218,60.900000000000006,78.69461059570312,130.64242553710938,2.697644232505802,4.404820331432351,0.13901358842849731,0.23807187378406525,0.0,PlanStatus.OK,65.36091800080612,61.43474578857422,13,0.1,51,78.69461059570312,130.64242553710938,2.697644232505802,5.0,73.2442624860725,132.99488550749695,2.91287976416389,5.0,,0,[],False,0,False,0,
1219,60.95,78.48980712890625,130.72328186035156,2.7086508109749907,4.411507852405663,0.138871431350708,0.2353968620300293,0.0,PlanStatus.OK,66.40661699930206,61.27429008483887,13,0.1,51,78.48980712890625,130.72328186035156,2.7086508109749907,5.0,73.01389714405376,133.0156108651462,2.923886342633079,5.0,,0,[],False,0,False,0,
1220,61.0,78.28397369384766,130.8019561767578,2.719728229529175,4.413152500161111,-0.03255713731050491,0.2347390055656433,0.0,PlanStatus.OK,65.64205799804768,61.579227447509766,17,0.1,51,78.28397369384766,130.8019561767578,2.719728229529175,5.0,70.96377376347539,133.7868339066381,3.092527105955086,5.0,,0,[],False,0,False,0,
1221,61.050000000000004,78.07960510253906,130.88467407226562,2.7249903695270628,4.407133712215443,-0.14410822093486786,0.2371465116739273,0.0,PlanStatus.OK,65.38770900078816,61.54036521911621,17,0.1,51,78.07960510253906,130.88467407226562,2.7249903695270628,5.0,70.74379974852657,133.83099073735772,3.0977892459529737,5.0,,0,[],False,0,False,0,
1222,61.1,77.8803482055664,130.9772491455078,2.7207831076369557,4.386462493577217,0.02732034958899021,0.24541500210762024,0.0,PlanStatus.OK,65.70572599594016,61.80930137634277,13,0.1,51,77.8803482055664,130.9772491455078,2.7207831076369557,5.0,72.37703068927526,133.20297571076992,2.936018639295044,5.0,,0,[],False,0,False,0,
1223,61.150000000000006,77.68240356445312,131.07168579101562,2.7166765132360533,4.386628143519774,0.13940207660198212,0.2453487366437912,0.0,PlanStatus.OK,67.09770499583101,62.33501434326172,21,0.1,51,77.68240356445312,131.07168579101562,2.7166765132360533,5.0,68.25427153913549,134.01456254666232,3.118311483107097,5.0,,0,[],False,0,False,0,
1224,61.2,77.48113250732422,131.15777587890625,2.7209128035820425,4.372308458785249,0.1397096961736679,0.2510766088962555,0.0,PlanStatus.OK,66.00609100132715,61.93280220031738,21,0.1,51,77.48113250732422,131.15777587890625,2.7209128035820425,5.0,68.04061823814301,134.06068604271263,3.122547773453086,5.0,,0,[],False,0,False,0,
1225,61.25,77.27718353271484,131.23583984375,2.7305678277980157,4.37292007814524,0.13969652354717255,0.2508319616317749,0.0,PlanStatus.OK,65.44448199565522,61.40947341918945,21,0.1,51,77.27718353271484,131.23583984375,2.7305678277980157,5.0,67.82877399535427,134.18577553967054,2.9458033594561037,5.0,,0,[],False,0,False,0,
1226,61.300000000000004,77.07159423828125,131.31002807617188,2.741420741872307,4.378454900145633,0.1395774483680725,0.24861803650856018,0.0,PlanStatus.OK,65.22237999888603,61.11860275268555,17,0.1,51,77.07159423828125,131.31002807617188,2.741420741872307,5.0,69.55762227190577,133.78948128214583,2.956656273530395,5.0,,0,[],False,0,False,0,
1227,61.35,76.86466979980469,131.38156127929688,2.752384976080163,4.388118626126002,0.1393701434135437,0.24475255608558655,0.0,PlanStatus.OK,64.54087699967204,60.58049201965332,13,0.1,51,76.86466979980469,131.38156127929688,2.752384976080163,5.0,71.29377466479849,133.43229037481245,2.967620507738251,5.0,,0,[],False,0,False,0,
1228,61.400000000000006,76.65660095214844,131.45083618164062,2.7634498777772243,4.3934240909234745,0.13925664126873016,0.24263036251068115,0.0,PlanStatus.OK,65.56334500055527,61.18607521057129,13,0.1,51,76.65660095214844,131.45083618164062,2.7634498777772243,5.0,71.06335618888544,133.43979959172663,2.9786854094353123,5.0,,0,[],False,0,False,0,
1229,61.45,76.44742584228516,131.51788330078125,2.7744519288725593,4.40183222548717,0.13907721638679504,0.23926711082458496,0.0,PlanStatus.OK,64.82688799587777,60.77432632446289,13,0.1,51,76.44742584228516,131.51788330078125,2.7744519288725593,5.0,70.8326373575206,133.44519041169664,2.9896874605306474,5.0,,0,[],False,0,False,0,
1230,61.5,76.23726654052734,131.5827178955078,2.785526950581763,4.405236845504699,-0.03235135227441788,0.23790526390075684,0.0,PlanStatus.OK,65.36308200156782,61.23709678649902,17,0.1,51,76.23726654052734,131.5827178955078,2.785526950581763,5.0,68.73664774405532,134.07982417137376,-3.1248594801719123,5.0,,0,[],False,0,False,0,
1231,61.550000000000004,76.0282211303711,131.65167236328125,2.7907920200568497,4.4009501268764994,-0.14409853518009186,0.23961995542049408,0.0,PlanStatus.OK,65.27687799825799,61.18035316467285,17,0.1,51,76.0282211303711,131.65167236328125,2.7907920200568497,5.0,68.51455891853702,134.10925293152607,-3.1195944106968256,5.0,,0,[],False,0,False,0,
1232,61.6,75.82354736328125,131.73085021972656,2.7865983402883017,4.381803431882141,0.02733003720641136,0.24727863073349,0.0,PlanStatus.OK,65.63760499557247,61.12051010131836,13,0.1,51,75.82354736328125,131.73085021972656,2.7865983402883017,5.0,70.1857637737374,133.58981730547612,3.0018338719463897,5.0,,0,[],False,0,False,0,
1233,61.650000000000006,75.62000274658203,131.8119659423828,2.7824989364223427,4.383216388116184,0.13947521150112152,0.24671344459056854,0.0,PlanStatus.OK,66.46659199759597,61.30623817443848,21,0.1,51,75.62000274658203,131.8119659423828,2.7824989364223427,5.0,66.03120618684903,134.2674789095248,2.9977344680804308,5.0,,0,[],False,0,False,0,
1234,61.7,75.41363525390625,131.88458251953125,2.786737889929422,4.369911793165879,0.13976134359836578,0.2520352900028229,0.0,PlanStatus.OK,67.55154399434105,60.70423126220703,21,0.1,51,75.41363525390625,131.88458251953125,2.786737889929422,5.0,65.81451606914563,134.2994270844075,3.0019734215875102,5.0,,0,[],False,0,False,0,
1235,61.75,75.20508575439453,131.94903564453125,2.7963931804615045,4.371315548726508,0.13973109424114227,0.2514737844467163,0.0,PlanStatus.OK,67.96625199785922,62.19148635864258,17,0.1,51,75.20508575439453,131.94903564453125,2.7963931804615045,5.0,67.56623147472976,134.01189002769505,3.0116287121195926,5.0,,0,[],False,0,False,0,
1236,61.800000000000004,74.99510955810547,132.00950622558594,2.8072468934841224,4.377417971418835,0.1395997405052185,0.24903281033039093,0.0,PlanStatus.OK,65.988133996143,61.629295349121094,13,0.1,51,74.99510955810547,132.00950622558594,2.8072468934841224,5.0,69.3201455431513,133.75167322602104,3.0224824251422104,5.0,,0,[],False,0,False,0,
1237,61.85,74.78396606445312,132.06727600097656,2.8182116603241965,4.387511577787067,0.13938315212726593,0.2449953705072403,0.0,PlanStatus.OK,65.6555380046484,61.19203567504883,13,0.1,51,74.78396606445312,132.06727600097656,2.8182116603241965,5.0,69.09024111332077,133.7471148650594,3.0334471919822845,5.0,,0,[],False,0,False,0,
1238,61.900000000000006,74.5718002319336,132.12269592285156,2.829276828337367,4.39311712985654,0.13926319777965546,0.24275314807891846,0.0,PlanStatus.OK,65.36797599983402,61.19036674499512,13,0.1,51,74.5718002319336,132.12269592285156,2.829276828337367,5.0,68.85983652126892,133.73943121240268,3.044512359995455,5.0,,0,[],False,0,False,0,
1239,61.95,74.35867309570312,132.17584228515625,2.840278879432702,4.401725342547229,-0.032165370881557465,0.2393098622560501,0.0,PlanStatus.OK,64.7065980010666,60.58979034423828,17,0.1,51,74.35867309570312,132.17584228515625,2.840278879432702,5.0,66.73264098445686,134.25873842303716,-3.0701075513209735,5.0,,0,[],False,0,False,0,
1240,62.0,74.14640045166016,132.23318481445312,2.8456070658256234,4.396374829091961,-0.14409135282039642,0.24145007133483887,0.0,PlanStatus.OK,65.54491499991855,61.498165130615234,17,0.1,51,74.14640045166016,132.23318481445312,2.8456070658256234,5.0,66.50937858369664,134.27541865787197,-3.064779364928052,5.0,,0,[],False,0,False,0,
1241,62.050000000000004,73.93785858154297,132.30093383789062,2.841386221813957,4.378111239284967,0.027337219566106796,0.24875549972057343,0.0,PlanStatus.OK,64.68604099791264,60.82773208618164,13,0.1,51,73.93785858154297,132.30093383789062,2.841386221813957,5.0,68.20673645424206,133.8483838662896,3.056621753472045,5.0,,0,[],False,0,False,0,
1242,62.1,73.73030853271484,132.3707733154297,2.8373334232670744,4.3808435853046594,0.1395261436700821,0.24766255915164948,0.0,PlanStatus.OK,65.40187200153014,61.32197380065918,21,0.1,51,73.73030853271484,132.3707733154297,2.8373334232670744,5.0,64.02134493118297,134.29706228126048,3.0525689549251624,5.0,,0,[],False,0,False,0,
1243,62.150000000000006,73.52035522460938,132.43191528320312,2.8415321630416934,4.368720126084838,0.13978703320026398,0.2525119483470917,0.0,PlanStatus.OK,71.54716300283326,64.59522247314453,21,0.1,51,73.52035522460938,132.43191528320312,2.8415321630416934,5.0,63.79913416309465,134.17778416685596,-3.0400181742668493,5.0,,0,[],False,0,False,0,
1244,62.2,73.30866241455078,132.48483276367188,2.851236722053942,4.369230573551192,0.13977603614330292,0.2523077726364136,0.0,PlanStatus.OK,65.13089399959426,60.922861099243164,21,0.1,51,73.30866241455078,132.48483276367188,2.851236722053942,5.0,63.57385626934803,134.27595328197188,3.06647225371203,5.0,,0,[],False,0,False,0,
1245,62.25,73.09571075439453,132.53367614746094,2.862028117107052,4.378597965812957,0.13957437872886658,0.2485608160495758,0.0,PlanStatus.OK,65.28023899591062,61.242103576660156,13,0.1,51,73.09571075439453,132.53367614746094,2.862028117107052,5.0,67.3338695313334,133.9625036908207,3.07726364876514,5.0,,0,[],False,0,False,0,
1246,62.300000000000004,72.88176727294922,132.57980346679688,2.8730637240321224,4.385067656566409,0.1394355148077011,0.24597293138504028,0.0,PlanStatus.OK,65.08336599654285,61.055898666381836,13,0.1,51,72.88176727294922,132.57980346679688,2.8730637240321224,5.0,67.10450923906531,133.94495988214052,3.0882992556902105,5.0,,0,[],False,0,False,0,
1247,62.35,72.66688537597656,132.62350463867188,2.8840588509086236,4.394859995257837,0.13922595977783203,0.2420559972524643,0.0,PlanStatus.OK,65.3047730011167,61.19036674499512,13,0.1,51,72.66688537597656,132.62350463867188,2.8840588509086236,5.0,66.87496678750804,133.9250581308431,3.0992943825667116,5.0,,0,[],False,0,False,0,
1248,62.400000000000006,72.45120239257812,132.66488647460938,2.8951317420889553,4.3996335887994995,-0.03220261260867119,0.24014656245708466,0.0,PlanStatus.OK,65.30196200037608,61.142683029174805,17,0.1,51,72.45120239257812,132.66488647460938,2.8951317420889553,5.0,64.72244461730556,134.32654989844767,-3.01525468866472,5.0,,0,[],False,0,False,0,
1249,62.45,72.23609924316406,132.71051025390625,2.900400539989568,4.396654930556822,-0.14409179985523224,0.24133802950382233,0.0,PlanStatus.OK,64.773685997352,60.82963943481445,17,0.1,51,72.23609924316406,132.71051025390625,2.900400539989568,5.0,64.49869381544275,134.33142953938187,-3.0099858907641073,5.0,,0,[],False,0,False,0,
1250,62.5,72.02416229248047,132.76673889160156,2.8962153823365084,4.378626449527735,0.02733677811920643,0.2485494166612625,0.0,PlanStatus.OK,65.55352499708533,61.32197380065918,13,0.1,51,72.02416229248047,132.76673889160156,2.8962153823365084,5.0,66.2168496810173,133.99778830619485,3.1114509139945965,5.0,,0,[],False,0,False,0,
1251,62.550000000000004,71.8130874633789,132.82508850097656,2.8921210384766205,4.380936141049163,0.1395241618156433,0.24762554466724396,0.0,PlanStatus.OK,64.50575600320008,60.56952476501465,21,0.1,51,71.8130874633789,132.82508850097656,2.8921210384766205,5.0,62.01320784311616,134.21682224854166,3.1073565701347086,5.0,,0,[],False,0,False,0,
1252,62.6,71.60010528564453,132.87466430664062,2.896361323564245,4.368348032599051,0.13979506492614746,0.2526607811450958,0.0,PlanStatus.OK,50.98075199930463,47.005653381347656,21,0.1,51,71.60010528564453,132.87466430664062,2.896361323564245,5.0,61.79441243608263,134.22483138363563,3.111596855222333,5.0,,0,[],False,0,False,0,
1253,62.650000000000006,71.38581085205078,132.9158935546875,2.906018211992981,4.370301902100994,0.13975293934345245,0.2518792450428009,0.0,PlanStatus.OK,65.51457499881508,61.3093376159668,21,0.1,51,71.38581085205078,132.9158935546875,2.906018211992981,5.0,61.56753700612856,134.17130666686708,3.121253743651069,5.0,,0,[],False,0,False,0,
1254,62.7,71.17051696777344,132.95301818847656,2.916872191331708,4.376791800200963,0.13961321115493774,0.24928328394889832,0.0,PlanStatus.OK,65.20967799588107,61.01226806640625,13,0.1,51,71.17051696777344,132.95301818847656,2.916872191331708,5.0,65.3390155691323,134.0638529494005,3.132107722989796,5.0,,0,[],False,0,False,0,
1255,62.75,70.95433807373047,132.98733520507812,2.927837757120109,4.387172095619876,0.13939042389392853,0.24513116478919983,0.0,PlanStatus.OK,64.96602499828441,60.8515739440918,13,0.1,51,70.95433807373047,132.98733520507812,2.927837757120109,5.0,65.11100658449423,134.03415875053864,-3.140112018401389,5.0,,0,[],False,0,False,0,
1256,62.800000000000004,70.7374038696289,133.0192108154297,2.9389037240816065,4.392972143906651,0.13926629722118378,0.2428111433982849,0.0,PlanStatus.OK,65.19200399634428,61.154842376708984,13,0.1,51,70.7374038696289,133.0192108154297,2.9389037240816065,5.0,64.88284627279927,134.00130947332212,-3.1290460514398917,5.0,,0,[],False,0,False,0,
1257,62.85,70.51973724365234,133.04869079589844,2.9499060414930507,4.401707303414341,-0.032162271440029144,0.23931707441806793,0.0,PlanStatus.OK,65.17996300681261,61.170339584350586,17,0.1,51,70.51973724365234,133.04869079589844,2.9499060414930507,5.0,62.71159962666255,134.28473652203766,-2.9604803892606246,5.0,,0,[],False,0,False,0,
1258,62.900000000000006,70.30245971679688,133.0824737548828,2.9552342278859722,4.396431784283039,-0.1440914422273636,0.24142728745937347,0.0,PlanStatus.OK,65.458471995953,61.41471862792969,17,0.1,51,70.30245971679688,133.0824737548828,2.9552342278859722,5.0,62.487847083523185,134.27689891990445,-2.955152202867703,5.0,,0,[],False,0,False,0,
1259,62.95,70.08776092529297,133.12701416015625,2.9510125849259787,4.378207925508826,0.027337130159139633,0.2487168312072754,0.0,PlanStatus.OK,65.46076799713774,61.326026916503906,13,0.1,51,70.08776092529297,133.12701416015625,2.9510125849259787,5.0,64.2217407286673,134.03815052822068,-3.1169371905955194,5.0,,0,[],False,0,False,0,
1260,63.0,69.8738021850586,133.17372131347656,2.946960585327423,4.380957492777886,0.1395236998796463,0.24761700630187988,0.0,PlanStatus.OK,65.8816389986896,61.1269474029541,17,0.1,51,69.8738021850586,133.17372131347656,2.946960585327423,5.0,62.0119465463642,134.06741523670792,-3.120989190194075,5.0,,0,[],False,0,False,0,
1261,63.050000000000004,69.65841674804688,133.21153259277344,2.95115985773426,4.368834891210912,0.1397845596075058,0.2524660527706146,0.0,PlanStatus.OK,64.73708400153555,60.57262420654297,17,0.1,51,69.65841674804688,133.21153259277344,2.95115985773426,5.0,61.792877573592065,134.0722046599443,-3.116789917787238,5.0,,0,[],False,0,False,0,
1262,63.1,69.44219207763672,133.240966796875,2.9608636177981817,4.369338680983928,0.13977369666099548,0.25226452946662903,0.0,PlanStatus.OK,64.97273599961773,61.02466583251953,17,0.1,51,69.44219207763672,133.240966796875,2.9608636177981817,5.0,61.5686715973358,134.02527423555756,-3.1070861577233164,5.0,,0,[],False,0,False,0,
1263,63.150000000000006,69.22517395019531,133.2662353515625,2.971655811799619,4.378692651468735,0.1395723521709442,0.24852293729782104,0.0,PlanStatus.OK,64.93908799893688,60.76645851135254,13,0.1,51,69.22517395019531,133.2662353515625,2.971655811799619,5.0,63.34159613145145,134.05609260399174,-3.0962939637218794,5.0,,0,[],False,0,False,0,
1264,63.2,69.00746154785156,133.28868103027344,2.9826919513569075,4.3851460704720955,0.1394338309764862,0.24594156444072723,0.0,PlanStatus.OK,65.69539600604912,61.473846435546875,13,0.1,51,69.00746154785156,133.28868103027344,2.9826919513569075,5.0,63.11524963549627,134.15326186920603,3.01152804480204,5.0,,0,[],False,0,False,0,
1265,63.25,68.78909301757812,133.30860900878906,2.9936870782334086,4.394922912283062,-0.031994741410017014,0.24203082919120789,0.0,PlanStatus.OK,65.00123000296298,61.01059913635254,17,0.1,51,68.78909301757812,133.30860900878906,2.9936870782334086,5.0,60.934339366018314,134.20173114840145,-2.9166993525202667,5.0,,0,[],False,0,False,0,
1266,63.300000000000004,68.57084655761719,133.33282470703125,2.999017395155202,4.390878960504047,-0.144082710146904,0.24364840984344482,0.0,PlanStatus.OK,64.91641300090123,60.94002723693848,17,0.1,51,68.57084655761719,133.33282470703125,2.999017395155202,5.0,60.711443890006585,134.18406603081291,-2.911369035598473,5.0,,0,[],False,0,False,0,
1267,63.35,68.3546371459961,133.3678741455078,2.994804806942915,4.37384168803142,0.027345862239599228,0.2504633367061615,0.0,PlanStatus.OK,64.79673600551905,60.79745292663574,13,0.1,51,68.3546371459961,133.3678741455078,2.994804806942915,5.0,62.452385198009,134.16102179231362,3.0236409003880476,5.0,,0,[],False,0,False,0,
1268,63.400000000000006,68.13903045654297,133.40512084960938,2.9907583999826484,4.377613530234762,0.13959553837776184,0.24895459413528442,0.0,PlanStatus.OK,64.5585679958458,60.53352355957031,17,0.1,51,68.13903045654297,133.40512084960938,2.9907583999826484,5.0,60.24418230919988,134.0934313120794,3.019594493427781,5.0,,0,[],False,0,False,0,
1269,63.45,67.92232513427734,133.43344116210938,2.9949595366022486,4.3663612062376735,0.13983793556690216,0.2534555196762085,0.0,PlanStatus.OK,64.84678600099869,60.7607364654541,17,0.1,51,67.92232513427734,133.43344116210938,2.9949595366022486,5.0,60.024654979302575,134.08857831231046,3.023795630047381,5.0,,0,[],False,0,False,0,
1270,63.5,67.70513153076172,133.453369140625,3.0046648945628243,4.367556335345767,0.1398121416568756,0.2529774606227875,0.0,PlanStatus.OK,65.21341900224797,61.01226806640625,13,0.1,51,67.70513153076172,133.453369140625,3.0046648945628243,5.0,61.795346114262365,134.1882824539366,3.033500988007957,5.0,,0,[],False,0,False,0,
1271,63.550000000000004,67.4872817993164,133.46908569335938,3.01545735488037,4.377472980812649,0.1395985633134842,0.24901080131530762,0.0,PlanStatus.OK,64.64704500103835,60.60957908630371,13,0.1,51,67.4872817993164,133.46908569335938,3.01545735488037,5.0,61.56990918830637,134.14017632033853,3.0442934483255026,5.0,,0,[],False,0,False,0,
1272,63.6,67.26883697509766,133.48196411132812,3.0264924291732225,4.384347590497515,-0.031830012798309326,0.24626097083091736,0.0,PlanStatus.OK,65.03986199822975,60.90950965881348,17,0.1,51,67.26883697509766,133.48196411132812,3.0264924291732225,5.0,59.389015622037924,134.11697397489084,-2.883894001580453,5.0,,0,[],False,0,False,0,
1273,63.650000000000006,67.05029296875,133.49899291992188,3.031758297596636,4.3841563241419585,-0.14407211542129517,0.24633747339248657,0.0,PlanStatus.OK,64.50720199791249,60.423851013183594,17,0.1,51,67.05029296875,133.49899291992188,3.031758297596636,5.0,59.16723700374454,134.09250006861524,-2.878628133157039,5.0,,0,[],False,0,False,0,
1274,63.7,66.8333511352539,133.52691650390625,3.027593379967861,4.36876846510395,0.027356458827853203,0.25249260663986206,0.0,PlanStatus.OK,64.81697900017025,60.820579528808594,13,0.1,51,66.8333511352539,133.52691650390625,3.027593379967861,5.0,60.908270110635996,134.1261460916805,3.0564294734129938,5.0,,0,[],False,0,False,0,
1275,63.75,66.61688232421875,133.55703735351562,3.023512351913424,4.373328246436194,0.13968773186206818,0.2506687045097351,0.0,PlanStatus.OK,64.77560400526272,60.86301803588867,13,0.1,51,66.61688232421875,133.55703735351562,3.023512351913424,5.0,60.69429610599304,134.18044230604167,3.0523484453585565,5.0,,0,[],False,0,False,0,
1276,63.800000000000004,66.3995590209961,133.57823181152344,3.027756631742683,4.362695087915567,-8.337134600378449e-16,0.25492197275161743,0.0,PlanStatus.OK,65.4029930010438,60.767412185668945,13,0.1,51,66.3995590209961,133.57823181152344,3.027756631742683,5.0,60.430089215362855,134.12031811288227,-3.0690292372239476,5.0,,0,[],False,0,False,0,
1277,63.85,66.18199157714844,133.59719848632812,3.032145521219134,4.372500709433681,1.899833067286246e-14,0.25099971890449524,0.0,PlanStatus.OK,65.21277900174027,61.00940704345703,13,0.1,51,66.18199157714844,133.59719848632812,3.032145521219134,5.0,60.21020011520845,134.11308030766727,-3.064640347747497,5.0,,0,[],False,0,False,0,
1278,63.900000000000006,65.9642333984375,133.6197509765625,3.0329055873942425,4.382533934062065,1.7848642689158832e-14,0.24698641896247864,0.0,PlanStatus.OK,65.0644449997344,61.034202575683594,13,0.1,51,65.9642333984375,133.6197509765625,3.0329055873942425,5.0,59.992051557166114,134.13109369263105,-3.0638802815723882,5.0,,0,[],False,0,False,0,
1279,63.95,65.74608612060547,133.6431884765625,3.0329822864336364,4.391765648536812,-3.640470950817256e-15,0.24329374730587006,0.0,PlanStatus.OK,65.28863700077636,61.322689056396484,13,0.1,51,65.74608612060547,133.6431884765625,3.0329822864336364,5.0,59.77386507740543,134.15407313051705,-3.0638035825329943,5.0,,0,[],False,0,False,0,
1280,64.0,65.52752685546875,133.66693115234375,3.033036614919874,4.399648322439465,1.9064375525825773e-14,0.24014067649841309,0.0,PlanStatus.OK,65.5146969947964,61.4163875579834,13,0.1,51,65.52752685546875,133.66693115234375,3.033036614919874,5.0,59.55527806549256,134.17749134381586,-3.0637492540467566,5.0,,0,[],False,0,False,0,
1281,64.05,65.30863952636719,133.69073486328125,3.03300279277403,4.406167794377027,1.5249244263702312e-14,0.23753288388252258,0.0,PlanStatus.OK,65.14402200264158,61.128854751586914,17,0.1,51,65.30863952636719,133.69073486328125,3.03300279277403,5.0,57.34245928442299,134.04603487470322,-3.0637830761926006,5.0,,0,[],False,0,False,0,
1282,64.10000000000001,65.08946990966797,133.71463012695312,3.0330392780809645,4.411355201298266,-2.0715867850339478e-14,0.2354579120874405,0.0,PlanStatus.OK,65.36639799742261,61.334848403930664,17,0.1,51,65.08946990966797,133.71463012695312,3.0330392780809645,5.0,57.123276709796016,134.0696394896073,-3.0637465908856663,5.0,,0,[],False,0,False,0,
1283,64.15,64.87007904052734,133.73854064941406,3.03300279277403,4.41534764424764,1.5223394512218005e-14,0.23386093974113464,0.0,PlanStatus.OK,65.54732899530791,61.47503852844238,17,0.1,51,64.87007904052734,133.73854064941406,3.03300279277403,5.0,56.90062342856712,134.23350488609378,3.03300279277403,5.0,,0,[],False,0,False,0,
1284,64.2,64.65052795410156,133.76248168945312,3.0330392780809645,4.418318526390731,-2.0689245604807276e-14,0.2326725870370865,0.0,PlanStatus.OK,65.42269900091924,61.292409896850586,17,0.1,51,64.65052795410156,133.76248168945312,3.0330392780809645,5.0,56.6843347542296,134.1174910521073,-3.0637465908856663,5.0,,0,[],False,0,False,0,
1285,64.25,64.43084716796875,133.78640747070312,3.0330030590901393,4.420451550198191,1.8890618575157815e-14,0.23181937634944916,0.0,PlanStatus.OK,65.0781750009628,61.120033264160156,17,0.1,51,64.43084716796875,133.78640747070312,3.0330030590901393,5.0,56.464666831402745,134.14170536060297,-3.0637828098764914,5.0,,0,[],False,0,False,0,
1286,64.3,64.2110824584961,133.81039428710938,3.0330392780809645,4.421922040051345,0.17142857611179352,0.2312311828136444,0.0,PlanStatus.OK,65.6405170011567,61.52009963989258,13,0.1,51,64.2110824584961,133.81039428710938,3.0330392780809645,5.0,58.22983652460412,134.08838714495246,3.0330392780809645,5.0,,0,[],False,0,False,0,
1287,64.35000000000001,63.991180419921875,133.83041381835938,3.0363714252368714,4.410874659918237,0.2453947812318802,0.23565013706684113,0.0,PlanStatus.OK,65.15206799667794,61.01632118225098,13,0.1,51,63.991180419921875,133.83041381835938,3.0363714252368714,5.0,58.00904138010161,134.08847477815254,3.0363714252368714,5.0,,0,[],False,0,False,0,
1288,64.4,63.7720832824707,133.8394775390625,3.047842991632388,4.376696995490929,0.07396620512008667,0.24932120740413666,0.0,PlanStatus.OK,60.784543995396234,56.7622184753418,17,0.1,51,63.7720832824707,133.8394775390625,3.047842991632388,5.0,55.79616011890596,134.21612330832926,3.047842991632388,5.0,,0,[],False,0,False,0,
1289,64.45,63.5533332824707,133.84432983398438,3.059540926720561,4.386209119957161,1.7866833568734065e-14,0.2455163449048996,0.0,PlanStatus.OK,56.00162100017769,51.92065238952637,17,0.1,51,63.5533332824707,133.84432983398438,3.059540926720561,5.0,55.57354995479283,134.1276501296041,3.059540926720561,5.0,,0,[],False,0,False,0,
1290,64.5,63.33439254760742,133.85626220703125,3.063233399571956,4.387973183559404,-2.2283221004070625e-14,0.24481073021888733,0.0,PlanStatus.OK,56.19063100311905,52.048444747924805,17,0.1,51,63.33439254760742,133.85626220703125,3.063233399571956,5.0,55.35361746934753,134.11011550486688,3.063233399571956,5.0,,0,[],False,0,False,0,
1291,64.55,63.11539077758789,133.87196350097656,3.063786538130365,4.3933645457942605,-1.557861810743983e-14,0.24265417456626892,0.0,PlanStatus.OK,56.200751998403575,52.145957946777344,17,0.1,51,63.11539077758789,133.87196350097656,3.063786538130365,5.0,55.13447650419592,134.12140228578085,3.063786538130365,5.0,,0,[],False,0,False,0,
1292,64.60000000000001,62.8961067199707,133.888671875,3.0638906677289874,4.401161658151159,-9.186292541539173e-15,0.23953533172607422,0.0,PlanStatus.OK,56.27059600374196,52.268028259277344,17,0.1,51,62.8961067199707,133.888671875,3.0638906677289874,5.0,54.91516651588669,134.13727960905354,3.0638906677289874,5.0,,0,[],False,0,False,0,
1293,64.65,62.676570892333984,133.9056396484375,3.0638709603369207,4.405814167992584,-8.674079859873236e-15,0.23767432570457458,0.0,PlanStatus.OK,55.76283000118565,51.74875259399414,17,0.1,51,62.676570892333984,133.9056396484375,3.0638709603369207,5.0,54.69563558920987,134.1544046659604,3.0638709603369207,5.0,,0,[],False,0,False,0,
1294,64.7,62.456809997558594,133.92271423339844,3.0639087772244,4.410103891847914,-5.039071001016349e-16,0.23595844209194183,0.0,PlanStatus.OK,56.18053199577844,52.11782455444336,17,0.1,51,62.456809997558594,133.92271423339844,3.0639087772244,5.0,54.47586529262265,134.17117743661123,3.0639087772244,5.0,,0,[],False,0,False,0,
1295,64.75,62.23686218261719,133.93983459472656,3.063872558233575,4.413631497052506,-2.7273823932812136e-14,0.23454740643501282,0.0,PlanStatus.OK,61.078543003532104,56.78844451904297,17,0.1,51,62.23686218261719,133.93983459472656,3.063872558233575,5.0,54.263511008679345,134.04909026882586,-3.032913310733056,5.0,,0,[],False,0,False,0,
1296,64.8,62.016761779785156,133.9569854736328,3.0639087772244,4.4164644145653345,-5.033153417088594e-16,0.23341423273086548,0.0,PlanStatus.OK,65.06490399624454,61.136722564697266,13,0.1,51,62.016761779785156,133.9569854736328,3.0639087772244,5.0,56.031599216848505,134.2829554319257,-3.0328770917422307,5.0,,0,[],False,0,False,0,
1297,64.85000000000001,61.796531677246094,133.97410583496094,3.063872558233575,4.418663082160324,0.17142857611179352,0.2325347661972046,0.0,PlanStatus.OK,65.35509200330125,61.21945381164551,13,0.1,51,61.796531677246094,133.97410583496094,3.063872558233575,5.0,55.80955860334638,134.0675743489696,3.063872558233575,5.0,,0,[],False,0,False,0,
1298,64.9,61.57643508911133,133.98582458496094,3.0685426775211377,4.399702893289929,1.9730621148949905e-14,0.2401188462972641,0.0,PlanStatus.OK,32.32672600279329,28.402090072631836,13,0.1,51,61.57643508911133,133.98582458496094,3.0685426775211377,5.0,55.58982627897262,134.28405649615982,-3.028243191445493,5.0,,0,[],False,0,False,0,
1299,64.95,61.35666275024414,133.9947509765625,3.0738125406861867,4.400638587914501,2.7581739043863913e-14,0.23974455893039703,0.0,PlanStatus.OK,32.57824300089851,28.64551544189453,13,0.1,51,61.35666275024414,133.9947509765625,3.0738125406861867,5.0,55.36856543425091,134.26143028337637,-3.022973328280444,5.0,,0,[],False,0,False,0,
1300,65.0,61.13694381713867,134.0079345703125,3.0747560986604014,4.403777422365042,1.5134911756481927e-14,0.238489031791687,0.0,PlanStatus.OK,32.4286570030381,28.51724624633789,13,0.1,51,61.13694381713867,134.0079345703125,3.0747560986604014,5.0,55.14859753940257,134.2689636422793,-3.0220297703062293,5.0,,0,[],False,0,False,0,
1301,65.05,60.91709899902344,134.02220153808594,3.074863157736223,4.40743345081201,-3.0491353121856954e-14,0.2370266169309616,0.0,PlanStatus.OK,38.6541460029548,33.692121505737305,13,0.1,51,60.91709899902344,134.02220153808594,3.074863157736223,5.0,54.928724810074335,134.28258950173966,-3.021922711230408,5.0,,0,[],False,0,False,0,
1302,65.10000000000001,60.69710922241211,134.03677368164062,3.0749212146479863,4.410774001251124,0.17142857611179352,0.2356904000043869,0.0,PlanStatus.OK,37.494584001251496,33.49137306213379,13,0.1,51,60.69710922241211,134.03677368164062,3.0749212146479863,5.0,54.70946888761786,134.0640898280735,3.0749212146479863,5.0,,0,[],False,0,False,0,
1303,65.15,60.477230072021484,134.0459747314453,3.0795388696620747,4.3938668020668254,-1.3464495021860666e-14,0.24245327711105347,0.0,PlanStatus.OK,36.68078299961053,32.674551010131836,13,0.1,51,60.477230072021484,134.0459747314453,3.0795388696620747,5.0,54.48770384804499,134.2783600381786,-3.017246999304556,5.0,,0,[],False,0,False,0,
1304,65.2,60.257659912109375,134.052490234375,3.084850278140129,4.3951301913038705,-3.040929256992696e-14,0.24194791913032532,0.0,PlanStatus.OK,32.667956998921,28.767824172973633,13,0.1,51,60.257659912109375,134.052490234375,3.084850278140129,5.0,54.26698388589124,134.25305959241112,-3.0119355908265018,5.0,,0,[],False,0,False,0,
1305,65.25,60.03802490234375,134.06321716308594,3.085733914989817,4.3998394740649225,2.8302730100434985e-14,0.24006420373916626,0.0,PlanStatus.OK,37.02769799565431,33.05387496948242,13,0.1,51,60.03802490234375,134.06321716308594,3.085733914989817,5.0,54.04717398447493,134.2584928614162,-3.0110519539768137,5.0,,0,[],False,0,False,0,
1306,65.3,59.81821823120117,134.07505798339844,3.0859107488861985,4.404368197893026,-2.893478777974204e-14,0.23825271427631378,0.0,PlanStatus.OK,46.751474001212046,42.307376861572266,13,0.1,51,59.81821823120117,134.07505798339844,3.0859107488861985,5.0,53.845946806343576,134.1092856598526,-2.795639588422344,5.0,,0,[],False,0,False,0,
1307,65.35000000000001,59.59819793701172,134.08718872070312,3.085896367816312,4.4085628324041135,-4.113053501980006e-15,0.23657487332820892,0.0,PlanStatus.OK,14.103787994827144,9.521961212158203,9,0.1,51,59.59819793701172,134.08718872070312,3.085896367816312,5.0,55.60440048586264,134.30985869891083,3.085896367816312,5.0,,0,[],False,0,False,0,
1308,65.4,59.37800216674805,134.0994415283203,3.085935782600445,4.4121800603930685,0.17142857611179352,0.23512797057628632,0.0,PlanStatus.OK,18.080848996760324,14.116525650024414,9,0.1,51,59.37800216674805,134.0994415283203,3.085935782600445,5.0,55.38401506337402,134.18225158223424,-3.010850086366186,5.0,,0,[],False,0,False,0,
1309,65.45,59.1579704284668,134.10626220703125,3.0905502418212256,4.395238641340691,0.24566321074962616,0.24190454185009003,0.0,PlanStatus.OK,17.82173800165765,13.990640640258789,9,0.1,51,59.1579704284668,134.10626220703125,3.0905502418212256,5.0,55.1636437252074,134.17064135408893,-3.006235627145405,5.0,,0,[],False,0,False,0,
1310,65.5,58.93973922729492,134.10084533691406,3.10403302747197,4.362046774924023,0.07423464208841324,0.25518128275871277,0.0,PlanStatus.OK,17.079384000680875,8.653640747070312,9,0.1,51,58.93973922729492,134.10084533691406,3.10403302747197,5.0,54.94256034664767,134.2510485196617,3.10403302747197,5.0,,0,[],False,0,False,0,
1311,65.55,58.72172546386719,134.09243774414062,3.1163014116656376,4.375240783463436,-1.3277851311933181e-14,0.24990369379520416,0.0,PlanStatus.OK,15.464328003872652,9.9945068359375,9,0.1,51,58.72172546386719,134.09243774414062,3.1163014116656376,5.0,54.7230046895134,134.1935919272055,3.1163014116656376,5.0,,0,[],False,0,False,0,
1312,65.60000000000001,58.50295639038086,134.09165954589844,3.120112395185541,4.379139268743097,1.9765504559756238e-16,0.248344287276268,0.0,PlanStatus.OK,16.868865001015365,11.847734451293945,9,0.1,51,58.50295639038086,134.09165954589844,3.120112395185541,5.0,54.503879157901736,134.1775739723189,3.120112395185541,5.0,,0,[],False,0,False,0,
1313,65.65,58.28378677368164,134.09481811523438,3.1206903011420883,4.386533394477102,2.6793574886443787e-14,0.24538664519786835,0.0,PlanStatus.OK,15.720030998636503,8.78000259399414,9,0.1,51,58.28378677368164,134.09481811523438,3.1206903011420883,5.0,54.28466055854301,134.17842143688358,3.1206903011420883,5.0,,0,[],False,0,False,0,
1314,65.7,58.06418991088867,134.09898376464844,3.1207904359990755,4.396895372070625,-2.1152752197940196e-14,0.24124185740947723,0.0,PlanStatus.OK,12.403576998622157,8.612871170043945,9,0.1,51,58.06418991088867,134.09898376464844,3.1207904359990755,5.0,54.065055344192956,134.18218663394737,3.1207904359990755,5.0,,0,[],False,0,False,0,
1315,65.75,57.84423828125,134.1034393310547,3.120785642309113,4.401614177625095,1.6856949855282416e-15,0.23935432732105255,0.0,PlanStatus.OK,13.639518001582474,8.975505828857422,9,0.1,51,57.84423828125,134.1034393310547,3.120785642309113,5.0,53.845104113449,134.18666137096398,3.120785642309113,5.0,,0,[],False,0,False,0,
1316,65.8,57.62395477294922,134.10800170898438,3.1208037518045257,4.409713280386389,0.0,0.23611468076705933,0.0,PlanStatus.OK,10.534503999224398,4.419565200805664,5,0.1,51,57.62395477294922,134.10800170898438,3.1208037518045257,5.0,55.62438693582203,134.14957651778127,3.1208037518045257,5.0,,0,[],False,0,False,0,
1317,65.85000000000001,57.40343475341797,134.11256408691406,3.120786174941331,4.412079778273427,0.0,0.23516808450222015,0.0,PlanStatus.OK,8.577988999604713,4.481315612792969,5,0.1,51,57.40343475341797,134.11256408691406,3.120786174941331,5.0,55.40386764735439,134.15417404183484,3.120786174941331,5.0,,0,[],False,0,False,0,
1318,65.9,57.18270492553711,134.1171417236328,3.1208040181206345,4.4177438756611975,0.0,0.23290245234966278,0.0,PlanStatus.OK,8.700803999090567,4.509210586547852,5,0.1,51,57.18270492553711,134.1171417236328,3.1208040181206345,5.0,55.18313707733796,134.1587159999126,3.1208040181206345,5.0,,0,[],False,0,False,0,
1319,65.95,56.96183776855469,134.12171936035156,3.120784843360786,4.418375574649596,0.0,0.2326497733592987,0.0,PlanStatus.OK,11.225625006773043,4.786014556884766,5,0.1,51,56.96183776855469,134.12171936035156,3.120784843360786,5.0,54.962270717899884,134.16333197785696,3.120784843360786,5.0,,0,[],False,0,False,0,
