{
  "num_samples": 623,
  "cte_rmse_m": 0.2455166671843349,
  "cte_max_abs_m": 1.1162835284352055,
  "heading_rmse_rad": 0.1333575075423463,
  "heading_max_abs_rad": 0.618589574131743,
  "speed_err_rmse_mps": 1.0222626154297376,
  "d_steer_rmse": 0.08243648870741142,
  "steer_saturation_count": 0,
  "throttle_saturation_count": 0,
  "brake_saturation_count": 0,
  "cte_mean_m": 0.03678976479071275
}