{
  "num_samples": 2000,
  "cte_rmse_m": 1.9418725043899513e-06,
  "cte_max_abs_m": 5.265975485519575e-06,
  "heading_rmse_rad": 2.909870188559197e-05,
  "heading_max_abs_rad": 0.0004688664018151173,
  "speed_err_rmse_mps": 4.822893589166583,
  "d_steer_rmse": 1.8774613938804993e-05,
  "steer_saturation_count": 0,
  "throttle_saturation_count": 0,
  "brake_saturation_count": 1854,
  "cte_mean_m": 1.7551627149873598e-06
}