{
  "reason": "reached_goal",
  "steps": 1346,
  "sim_time_s": 67.3,
  "wall_time_s": 36.48936057090759,
  "dist_to_goal": 3.929142088895542
}