step,t,ego_x,ego_y,ego_yaw,ego_speed,cte_m,heading_err_rad,ref_idx,ref_x,ref_y,ref_yaw,v_ref,speed_err_mps,steer,throttle,brake,steer_sat,throttle_sat,brake_sat,d_steer,d_throttle,d_brake
0,0.0,-64.6448974609375,24.47089958190918,0.0027785688118137667,0.0,0.000922149333777357,0.0006049157049274377,25,-62.47824029968084,24.477308306229784,0.0033834845167412045,4.0,4.0,0.0035241625737398863,0.5,0.0,0,0,0,,,
1,0.05,-64.6448974609375,24.47089958190918,0.0027785688118137667,0.0026824189521766906,0.0002301223373277969,0.0002597816895820479,24,-62.63980944551477,24.476761637433466,0.0030383505013958146,4.0,3.9973175810478234,0.0035930529702454805,0.5,0.0,0,0,0,6.889039650559425e-05,0.0,0.0
2,0.1,-64.6448974609375,24.47089958190918,0.0027785688118137667,0.00048476329293039894,0.00021297086368479712,0.0002504896703490224,24,-62.643984967366606,24.47674750956584,0.003029058482162789,4.0,3.9995152367070697,0.0035366176161915064,0.5,0.0,0,0,0,-5.643535405397415e-05,0.0,0.0
3,0.15000000000000002,-64.6448974609375,24.470897674560547,0.0027785688118137667,0.00044883813915985087,0.00021078353814368758,0.00025033764616999967,24,-62.644053224768065,24.476747278617093,0.0030289064579837664,4.0,3.99955116186084,0.0035335365682840347,0.5,0.0,0,0,0,-3.081047907471657e-06,0.0,0.0
4,0.2,-64.6448974609375,24.470897674560547,0.0027785688118137667,0.0007545092817902606,0.00021316621251540793,0.0002516310213743706,24,-62.64347245292141,24.47674924365717,0.0030301998331881373,4.0,3.99924549071821,0.0035413894802331924,0.5,0.0,0,0,0,7.852911949157715e-06,0.0,0.0
5,0.25,-64.64490509033203,24.470897674560547,0.0027785688118137667,0.0007719708954465517,0.00021332547049541465,0.0002517048971023314,24,-62.64343927604537,24.476749355911046,0.003030273708916098,4.0,3.9992280291045534,0.0035418691113591194,0.5,0.0,0,0,0,4.796311259269714e-07,0.0,0.0
6,0.30000000000000004,-64.64490509033203,24.470897674560547,0.0027785688118137667,0.0006708909016848901,0.00021253744152885737,0.0002512772393894929,24,-62.64363132693421,24.476748706107347,0.0030298460512032596,4.0,3.999329109098315,0.0035392725840210915,0.5,0.0,0,0,0,-2.596527338027954e-06,0.0,0.0
7,0.35000000000000003,-64.64490509033203,24.470897674560547,0.0027785688118137667,0.0005389405087117444,0.00021150889371703355,0.0002507189238606295,24,-62.64388203124583,24.476747857849944,0.0030292877356743963,4.0,3.999461059491288,0.003535882569849491,0.5,0.0,0,0,0,-3.390014171600342e-06,0.0,0.0
8,0.4,-64.64490509033203,24.470897674560547,0.0027785688118137667,0.000411615413357106,0.00021051656054509125,0.00025018012677801215,24,-62.64412394754227,24.476747039326767,0.003028748938591779,4.0,3.9995883845866427,0.0035326112993061543,0.5,0.0,0,0,0,-3.2712705433368683e-06,0.0,0.0
9,0.45,-64.64490509033203,24.470897674560547,0.0027785688118137667,0.00013900760112779773,0.00020839246839463813,0.0002490263689422772,24,-62.64464189942074,24.476745286837897,0.003027595180756044,4.0,3.9998609923988724,0.003525607055053115,0.5,0.0,0,0,0,-7.00424425303936e-06,0.0,0.0
10,0.5,-64.64490509033203,24.470897674560547,0.0027785688118137667,0.0001891518102190174,0.00020878312526033567,0.00024923861192951546,24,-62.644546625968815,24.47674560919538,0.003027807423743282,4.0,3.999810848189781,0.0035268955398350954,0.5,0.0,0,0,0,1.2884847819805145e-06,0.0,0.0
11,0.55,-64.64490509033203,24.470897674560547,0.0027785688118137667,0.000181884794619989,0.0002087265088455718,0.00024920785367915036,24,-62.644560433219425,24.476745562478584,0.003027776665492917,4.0,3.99981811520538,0.003526708809658885,0.5,0.0,0,0,0,-1.8673017621040344e-07,0.0,0.0
12,0.6000000000000001,-64.64490509033203,24.470897674560547,0.0027785688118137667,0.0001544189641738673,0.00020851253059551902,0.0002490916007278142,24,-62.64461261799856,24.476745385911514,0.003027660412541581,4.0,3.999845581035826,0.0035260028671473265,0.5,0.0,0,0,0,-7.059425115585327e-07,0.0,0.0
13,0.65,-64.64490509033203,24.470897674560547,0.0027785688118137667,0.0001231384273542431,0.0002082688420331569,0.0002489591985887305,24,-62.64467205067833,24.476745184821194,0.0030275280104024973,4.0,3.9998768615726457,0.0035251991357654333,0.5,0.0,0,0,0,-8.03731381893158e-07,0.0,0.0
14,0.7000000000000001,-64.64490509033203,24.470897674560547,0.0027785688118137667,9.30118662911465e-05,0.0002080341523591593,0.000248831677944537,24,-62.644729290816706,24.476744991149328,0.0030274004897583038,4.0,3.999906988133709,0.003524425206705928,0.5,0.0,0,0,0,-7.739290595054626e-07,0.0,0.0
15,0.75,-64.6448745727539,24.470897674560547,0.002775639594689005,0.0031121705542535125,0.00023159915950199741,0.00026457709595399583,24,-62.638970039557414,24.4767644775614,0.003040216690643001,4.0,3.9968878294457464,0.003608331549912691,0.5,0.0,0,0,0,8.390634320676327e-05,0.0,0.0
16,0.8,-64.615234375,24.47103500366211,0.0028171373140927288,0.8603697701704006,0.0009572060026004289,0.0005663472454834079,17,-62.352010021228054,24.47773540605769,0.0033834845595761367,4.0,3.1396302298295993,0.0037764543667435646,0.5,0.0,0,0,0,0.0001681228168308735,0.0,0.0
17,0.8500000000000001,-64.55355072021484,24.4713134765625,0.0029624863525905838,1.4364644245222675,0.0010269720137115008,0.00042099820699702814,14,-62.09389270196837,24.47860874535462,0.003383484559587612,4.0,2.5635355754777325,0.0031718453392386436,0.5,0.0,0,0,0,-0.000604609027504921,0.0,0.0
18,0.9,-64.47089385986328,24.47169303894043,0.0030786233227329813,1.7717232756356025,0.0011268645418804606,0.00030486123684754203,12,-62.055160337047035,24.478739796213375,0.0033834845595805234,4.0,2.2282767243643975,0.002821068512275815,0.5,0.0,0,0,0,-0.00035077682696282864,0.0,0.0
19,0.9500000000000001,-64.37358856201172,24.472143173217773,0.003176082535062272,2.038849814406073,0.0012477658979890656,0.00020740202451801585,11,-61.915137547268245,24.47921356296847,0.003383484559580288,4.0,1.9611501855939268,0.002558413427323103,0.5,0.0,0,0,0,-0.00026265508495271206,0.0,0.0
20,1.0,-64.2652359008789,24.472591400146484,0.003462925790409822,2.2489864280765133,0.0015210726879830222,1.1537697706736835e-07,11,-61.59875069045658,24.480304503307686,0.0034630411673868895,4.0,1.7510135719234867,0.0025799234863370657,0.5,0.0,0,0,0,2.1510059013962746e-05,0.0,0.0
21,1.05,-64.14735412597656,24.473201751708984,0.0034337800410072917,2.4289660804388467,0.0018083386098914755,6.57946152891743e-05,10,-61.57438688278653,24.48039772974017,0.003499574656296466,4.0,1.5710339195611533,0.003723850939422846,0.47131016850471497,0.0,0,0,0,0.0011439274530857801,-0.028689831495285034,0.0
22,1.1,-64.02100372314453,24.473819732666016,0.003736773391801301,2.5915877443714934,0.002783793424742243,8.963907859594038e-05,10,-61.30032256850441,24.481446417968133,0.0038264124703972415,4.0,1.4084122556285066,0.003037126734852791,0.4225236773490906,0.0,0,0,0,-0.000686724204570055,-0.04878649115562439,0.0
23,1.1500000000000001,-63.88705825805664,24.474586486816406,0.003770050681934007,2.735815610974349,0.0030380126146511985,5.636178845155144e-05,9,-61.330019579296355,24.48133278440112,0.0038264124703855586,4.0,1.264184389025651,0.0029803805518895388,0.3792553246021271,0.0,0,0,0,-5.674618296325207e-05,-0.0432683527469635,0.0
24,1.2000000000000002,-63.74650192260742,24.475309371948242,0.00406159217996635,2.8600774178610595,0.003223067252150081,-0.00023517970957056926,9,-61.0869475536986,24.4822628827704,0.003826412470395781,4.0,1.1399225821389405,0.002354993484914303,0.34197676181793213,0.0,0,0,0,-0.0006253870669752359,-0.037278562784194946,0.0
25,1.25,-63.60031509399414,24.476137161254883,0.004080142241285783,2.9648241399378157,0.003491480759757336,-0.00025372977089661896,9,-60.85434415107869,24.483152923674666,0.003826412470389164,4.0,1.0351758600621843,0.0026370184496045113,0.3105527460575104,0.0,0,0,0,0.00028202496469020844,-0.03142401576042175,0.0
26,1.3,-63.44945526123047,24.476924896240234,0.0043508832548627115,3.0513894962461237,0.0037502320841974,-0.0005051464669798482,9,-60.63206785836025,24.484009620219823,0.0038457367878828633,4.0,0.9486105037538763,0.0033439495600759983,0.2845831513404846,0.0,0,0,0,0.000706931110471487,-0.025969594717025757,0.0
27,1.35,-63.29474639892578,24.47787857055664,0.004414713816645947,3.121903827644509,0.004913382421205443,-0.0002550991086107887,9,-60.41918446889027,24.48492644431298,0.004159614708035158,4.0,0.878096172355491,0.0033513393718749285,0.26342883706092834,0.0,0,0,0,7.389811798930168e-06,-0.021154314279556274,0.0
28,1.4000000000000001,-63.13694381713867,24.478816986083984,0.004732835690937017,3.178425436894822,0.005595053852194346,-0.00042616607619914114,9,-60.21475133770615,24.48580687571054,0.004306669614737876,4.0,0.8215745631051781,0.0027121163439005613,0.24647237360477448,0.0,0,0,0,-0.0006392230279743671,-0.01695646345615387,0.0
29,1.4500000000000002,-62.97666931152344,24.4798583984375,0.004796601754287602,3.2233119053401085,0.005946209338344681,-0.0004899321395507548,9,-60.01744490731985,24.486656614572567,0.004306669614736847,4.0,0.7766880946598915,0.0026511219330132008,0.23300643265247345,0.0,0,0,0,-6.099441088736057e-05,-0.013465940952301025,0.0
30,1.5,-62.814453125,24.480838775634766,0.005078629993578343,3.2584043356486463,0.006227968081964659,-0.0007719603788359777,9,-59.8262770142099,24.487479916619183,0.0043066696147423655,4.0,0.7415956643513537,0.0021061813458800316,0.2224787026643753,0.0,0,0,0,-0.0005449405871331692,-0.010527729988098145,0.0
31,1.55,-62.650184631347656,24.482519149780273,0.0050939998660491925,3.285317040215548,0.007200878700836995,-0.0007873302513032318,8,-59.979051736990485,24.486821962294897,0.004306669614745961,4.0,0.7146829597844522,0.002501998096704483,0.2144048810005188,0.0,0,0,0,0.00039581675082445145,-0.008073821663856506,0.0
32,1.6,-62.48495864868164,24.482589721679688,0.005074906769538736,3.3093598540739912,0.0065598784262831415,-0.0007682371548053558,8,-59.79603441170892,24.487610162321683,0.0043066696147333805,4.0,0.6906401459260088,0.0030705484095960855,0.2071920484304428,0.0,0,0,0,0.0005685503128916025,-0.007212832570075989,0.0
33,1.6500000000000001,-62.31902313232422,24.483089447021484,0.0048556422671492475,3.3250345755048403,0.006430405781720046,-0.0005127567723423754,8,-59.61850056306155,24.488387114626427,0.004342885494806872,4.0,0.6749654244951597,0.003932769410312176,0.20248962938785553,0.0,0,0,0,0.0008622210007160902,-0.00470241904258728,0.0
34,1.7000000000000002,-62.15241241455078,24.484296798706055,0.005097669514777808,3.327741119288059,0.007465376479305728,-0.0005238856065909615,8,-59.449885793542165,24.489192203105162,0.004573783908186847,4.0,0.672258880711941,0.0035376199521124363,0.20167766511440277,0.0,0,0,0,-0.00039514945819973946,-0.0008119642734527588,0.0
35,1.75,-61.98634719848633,24.48470687866211,0.005346073264711697,3.332270805908876,0.0076254841374926545,-0.0005713885618920484,8,-59.280470103590574,24.490001115755494,0.004774684702819648,4.0,0.6677291940911241,0.002848409814760089,0.20031875371932983,0.0,0,0,0,-0.0006892101373523474,-0.001358911395072937,0.0
36,1.8,-61.81916046142578,24.48630142211914,0.005535065635796201,3.359125354044185,0.008421748495794832,-0.000760380932975078,8,-59.09340869507744,24.49089428178857,0.004774684702821123,4.0,0.6408746459558148,0.0026835312601178885,0.19226239621639252,0.0,0,0,0,-0.00016487855464220047,-0.008056357502937317,0.0
37,1.85,-61.65160369873047,24.48772430419922,0.0055924276289629855,3.347981907875011,0.009044586684826245,-0.0008177429261484884,8,-58.93409604333968,24.49165495525031,0.004774684702814497,4.0,0.652018092124989,0.0030844234861433506,0.19560542702674866,0.0,0,0,0,0.00040089222602546215,0.00334303081035614,0.0
38,1.9000000000000001,-61.48356628417969,24.4890079498291,0.0057613615076418795,3.3698003772355185,0.009525895058488127,-0.0009866768048192682,8,-58.74990800407752,24.492534401746923,0.004774684702822611,4.0,0.6301996227644815,0.003491391893476248,0.18905988335609436,0.0,0,0,0,0.0004069684073328972,-0.006545543670654297,0.0
39,1.9500000000000002,-61.31550598144531,24.490325927734375,0.005860469591192957,3.355597706880551,0.010193827577775563,-0.0010217232055219332,8,-58.59235577042598,24.493308716898074,0.0048387463856710234,4.0,0.6444022931194491,0.0036454135552048683,0.19332069158554077,0.0,0,0,0,0.00015402166172862053,0.004260808229446411,0.0
40,2.0,-61.147151947021484,24.491640090942383,0.006072355784976435,3.3748334911736064,0.011233669137224171,-0.0010125295884168542,8,-58.40976592250906,24.494257093721572,0.005059826196559581,4.0,0.6251665088263936,0.0033118610735982656,0.18754994869232178,0.0,0,0,0,-0.00033355248160660267,-0.005770742893218994,0.0
41,2.0500000000000003,-60.9788818359375,24.493000030517578,0.00617860654979489,3.3589837432974696,0.012086834323338097,-0.0009846250330663364,8,-58.253222764623466,24.495070183301905,0.0051939815167285535,4.0,0.6410162567025304,0.0032507136929780245,0.19230487942695618,0.0,0,0,0,-6.114738062024117e-05,0.004754930734634399,0.0
42,2.1,-60.810394287109375,24.494340896606445,0.006372608472531455,3.3769437909524584,0.012552565046019702,-0.0011786269558007661,8,-58.071443335284215,24.49601435078844,0.005193981516730689,4.0,0.6230562090475416,0.0029642025474458933,0.18691685795783997,0.0,0,0,0,-0.0002865111455321312,-0.005388021469116211,0.0
43,2.15,-60.64204406738281,24.49571990966797,0.006456795051748333,3.360251847711777,0.0005448391353107228,-0.0033205938689095673,8,-57.915469478399764,24.503726182339843,0.0031362011828387653,4.0,0.6397481522882229,-0.00570393493399024,0.19192445278167725,0.0,0,0,0,-0.008668137481436133,0.00500759482383728,0.0
44,2.2,-60.473514556884766,24.496639251708984,0.006261158301803541,3.377604696487934,0.0009356350714061499,-0.003124957118956759,8,-57.73409783738408,24.504295002159857,0.0031362011828467815,4.0,0.6223953035120662,-0.004648122470825911,0.18671859800815582,0.0,0,0,0,0.0010558124631643295,-0.005205854773521423,0.0
45,2.25,-60.305145263671875,24.49735450744629,0.005849219296033324,3.3605092532696816,0.0012379053208500662,-0.0026647194036055026,8,-57.57837864915256,24.50480001319218,0.0031844998924278212,4.0,0.6394907467303184,-0.0035994562786072493,0.19184722006320953,0.0,0,0,0,0.0010486661922186613,0.005128622055053711,0.0
46,2.3000000000000003,-60.1366081237793,24.498004913330078,0.005577078042289502,3.3776975810560645,0.0016874172312899803,-0.002255898759963745,8,-57.397122032042994,24.505415844696895,0.003321179282325757,4.0,0.6223024189439355,-0.003015092806890607,0.18669073283672333,0.0,0,0,0,0.0005843634717166424,-0.005156487226486206,0.0
47,2.35,-59.9682502746582,24.498687744140625,0.0052542290570635405,3.3604304573650694,0.0020074683822460153,-0.001856675108743031,8,-57.241541500046495,24.505944439981587,0.0033975539483205096,4.0,0.6395695426349306,-0.0023044352419674397,0.19187086820602417,0.0,0,0,0,0.0007106575649231672,0.005180135369300842,0.0
48,2.4000000000000004,-59.79971694946289,24.499347686767578,0.0050710155374850486,3.377516318897431,0.0020948072374136952,-0.001673461589160531,8,-57.06036449546626,24.506560000997396,0.0033975539483245176,4.0,0.6224836811025689,-0.0019055503653362393,0.18674510717391968,0.0,0,0,0,0.0003988848766312003,-0.005125761032104492,0.0
49,2.45,-59.63188934326172,24.500308990478516,0.004872887275504811,3.363947828268001,0.002485903150925184,-0.0014753333271846553,8,-56.902576230910114,24.507096097201426,0.0033975539483201557,4.0,0.6360521717319991,-0.0010092966258525848,0.19081565737724304,0.0,0,0,0,0.0008962537394836545,0.004070550203323364,0.0
50,2.5,-59.463191986083984,24.50009536743164,0.00505338093779033,3.381721178743261,0.0016991240677768854,-0.0016558269894631807,8,-56.720728990887224,24.507713935387073,0.0033975539483271497,4.0,0.6182788212567392,-0.001178590813651681,0.1854836493730545,0.0,0,0,0,-0.0001692941877990961,-0.005332008004188538,0.0
51,2.5500000000000003,-59.29460906982422,24.500253677368164,0.005159657189892654,3.3638910487917686,0.0014355978052412455,-0.001698803192053215,8,-56.565341603234415,24.508263704900113,0.0034608539978394394,4.0,0.6361089512082314,-0.00148383853957057,0.1908326894044876,0.0,0,0,0,-0.00030524772591888905,0.0053490400314331055,0.0
52,2.6,-59.12607192993164,24.500707626342773,0.005181991332643791,3.3766950395175597,0.0016672778703132694,-0.0015749399998606162,8,-56.38733011012964,24.50891916280125,0.003607051332783175,4.0,0.6233049604824403,-0.0016082641668617725,0.18699148297309875,0.0,0,0,0,-0.00012442562729120255,-0.003841206431388855,0.0
53,2.6500000000000004,-58.957366943359375,24.501386642456055,0.004978526345510388,3.3563748417155153,0.0019306249238447912,-0.0012964329732792178,8,-56.233661847093934,24.509484986251206,0.0036820933722311704,4.0,0.6436251582844847,-0.0011684686178341508,0.19308754801750183,0.0,0,0,0,0.00043979554902762175,0.006096065044403076,0.0
54,2.7,-58.788909912109375,24.502399444580078,0.004874559033267217,3.372815819621145,0.0023231470655034024,-0.0011924656610378744,8,-56.05303747450179,24.510150065062064,0.0036820933722293424,4.0,0.6271841803788551,-0.0008306880481541157,0.18815524876117706,0.0,0,0,0,0.0003377805696800351,-0.004932299256324768,0.0
55,2.75,-58.62073516845703,24.503292083740234,0.004694787337308461,3.35576299717561,0.0025965464648038923,-0.0010126939650837176,8,-55.89748060733371,24.510722842560206,0.0036820933722247436,4.0,0.64423700282439,-4.344188346294686e-05,0.19327110052108765,0.0,0,0,0,0.0007872461646911688,0.0051158517599105835,0.0
56,2.8000000000000003,-58.45241165161133,24.504100799560547,0.004654401955793631,3.3734828149678573,0.0027854752976357996,-0.0009723085835658314,8,-55.71604394677337,24.511390912304726,0.0036820933722277994,4.0,0.6265171850321427,0.0005423017428256571,0.18795515596866608,0.0,0,0,0,0.000585743626288604,-0.00531594455242157,0.0
57,2.85,-58.28424835205078,24.50495147705078,0.004559481068878322,3.356731534712567,0.003173391098448425,-0.000811650967499339,8,-55.56027589611552,24.511987097430318,0.003747830101378983,4.0,0.643268465287433,0.0008763893856666982,0.1929805427789688,0.0,0,0,0,0.0003340876428410411,0.005025386810302734,0.0
58,2.9000000000000004,-58.11588668823242,24.50579071044922,0.004588765958044836,3.374423335999991,0.0037399433365417874,-0.0006960404290369,8,-55.37882191719061,24.512705434503047,0.003892725529007936,4.0,0.6255766640000089,0.000853975594509393,0.18767300248146057,0.0,0,0,0,-2.241379115730524e-05,-0.00530754029750824,0.0
59,2.95,-57.94768524169922,24.506671905517578,0.004529359260533305,3.357607507181993,0.00413601312574415,-0.0005705961381265046,8,-55.223063468091944,24.513322048528497,0.0039587631224068005,4.0,0.6423924928180069,0.0010464935330674052,0.1927177459001541,0.0,0,0,0,0.00019251793855801225,0.0050447434186935425,0.0
60,3.0,-57.7792854309082,24.50753402709961,0.004574754193700197,3.3751500840597184,0.004331474732774828,-0.0006159910712973705,8,-55.04168169609753,24.5140400997496,0.003958763122402826,4.0,0.6248499159402816,0.0009974691784009337,0.1874549686908722,0.0,0,0,0,-4.902435466647148e-05,-0.005262777209281921,0.0
61,3.0500000000000003,-57.61103820800781,24.508424758911133,0.004525982455494869,3.358225756562775,0.0045561504028575955,-0.0005672193330918309,8,-54.88595675231558,24.514656581134744,0.003958763122403038,4.0,0.6417742434372249,0.001456351368688047,0.1925322711467743,0.0,0,0,0,0.0004588821902871132,0.0050773024559021,0.0
62,3.1,-57.44261169433594,24.509305953979492,0.004592237430137647,3.3756433644820416,0.004770579636645457,-0.0006334743077426276,8,-54.70464060777046,24.515374372550962,0.003958763122395019,4.0,0.6243566355179584,0.0017366212559863925,0.1873069852590561,0.0,0,0,0,0.00028026988729834557,-0.005225285887718201,0.0
63,3.1500000000000004,-57.274349212646484,24.510255813598633,0.004583149913066402,3.3586291433384905,0.0052137749486543756,-0.0005574171015765165,8,-54.54896770770473,24.516013713420577,0.0040257328114898855,4.0,0.6413708566615095,0.0018743271939456463,0.19241125881671906,0.0,0,0,0,0.0001377059379592538,0.005104273557662964,0.0
64,3.2,-57.10589599609375,24.511198043823242,0.004682366707685414,3.3759563246021216,0.0057997611975805505,-0.0005271052013124302,8,-54.367691751811186,24.51677625273337,0.004155261506372984,4.0,0.6240436753978784,0.0017253784462809563,0.18721310794353485,0.0,0,0,0,-0.00014894874766469002,-0.005198150873184204,0.0
65,3.25,-56.9376106262207,24.512176513671875,0.0046828155959707145,3.3588842583920626,0.006210598151479705,-0.00047632934998253617,8,-54.2120387349387,24.51743100886986,0.004206486245988178,4.0,0.6411157416079374,0.0018152917036786675,0.19233472645282745,0.0,0,0,0,8.991325739771128e-05,0.0051216185092926025,0.0
66,3.3000000000000003,-56.7691535949707,24.513134002685547,0.004780547366192818,3.3761566608344995,0.006459468598786018,-0.0005740611201987865,8,-54.03079944853071,24.518193393932055,0.004206486245994031,4.0,0.6238433391655005,0.0016819071024656296,0.18715299665927887,0.0,0,0,0,-0.00013338460121303797,-0.005181729793548584,0.0
67,3.35,-56.60087203979492,24.514129638671875,0.004778161964482055,3.359044771883514,0.00034688696800094614,-0.0017716720637083972,8,-53.875190216062165,24.521977509702666,0.003006489900773658,4.0,0.6409552281164861,-0.0029064645059406757,0.19228656589984894,0.0,0,0,0,-0.004588371608406305,0.005133569240570068,0.0
68,3.4000000000000004,-56.432411193847656,24.514862060546875,0.0046732719085330636,3.3762946977828303,0.0005728304638122671,-0.001666782007761586,8,-53.69396385525461,24.522522366567838,0.0030064899007714776,4.0,0.6237053022171697,-0.002282846486195922,0.18711158633232117,0.0,0,0,0,0.0006236180197447538,-0.005174979567527771,0.0
69,3.45,-56.26409912109375,24.5154972076416,0.004411628815000388,3.359149187595325,0.0007738600326859472,-0.00137493994440577,8,-53.53833907794676,24.523000654670803,0.003036688870594618,4.0,0.640850812404675,-0.0016102042282000184,0.19225524365901947,0.0,0,0,0,0.0006726422579959035,0.005143657326698303,0.0
70,3.5,-56.09562301635742,24.516090393066406,0.004275442455053762,3.3763998198233693,0.001069018171366315,-0.001151752983929767,8,-53.357097417903255,24.523575701080674,0.003123689471123995,4.0,0.6236001801766307,-0.0013136976631358266,0.18708005547523499,0.0,0,0,0,0.0002965065650641918,-0.005175188183784485,0.0
71,3.5500000000000003,-55.92731475830078,24.516714096069336,0.004069181928998751,3.3592288608199743,0.0012932147695330284,-0.0008963767354993254,8,-53.20149536708738,24.524069397732255,0.0031728051934994256,4.0,0.6407711391800257,-0.0008530952618457377,0.19223134219646454,0.0,0,0,0,0.0004606024012900889,0.005151286721229553,0.0
72,3.6,-55.75883102416992,24.517316818237305,0.003985650216932734,3.3764513768047366,0.00136136873400961,-0.0008128450234340303,8,-53.020266856990844,24.524644402419764,0.003172805193498704,4.0,0.6235486231952634,-0.0006651179865002632,0.18706458806991577,0.0,0,0,0,0.00018797727534547448,-0.005166754126548767,0.0
73,3.6500000000000004,-55.59052276611328,24.517953872680664,0.0038240210458258188,3.359269850838376,0.0014644115515195823,-0.0006512158523335749,8,-52.86467250946086,24.525138074630235,0.003172805193492244,4.0,0.640730149161624,-7.753070531180128e-05,0.19221904873847961,0.0,0,0,0,0.0005875872811884619,0.005154460668563843,0.0
74,3.7,-55.42203903198242,24.51858139038086,0.003788045224494806,3.3764729633834776,0.001557360923445719,-0.0006152400309918883,8,-52.68345827672872,24.5257130340183,0.0031728051935029176,4.0,0.6235270366165224,0.0003409991622902453,0.18705810606479645,0.0,0,0,0,0.0004185298676020466,-0.0051609426736831665,0.0
75,3.75,-55.25373458862305,24.51926612854004,0.003685811307629113,3.359286340091385,0.0017999009489735006,-0.00047445667610643847,8,-52.527871488532156,24.526219961493275,0.0032113546315226745,4.0,0.6407136599086152,0.0006618917104788125,0.19221410155296326,0.0,0,0,0,0.00032089254818856716,0.005155995488166809,0.0
76,3.8000000000000003,-55.08524703979492,24.519941329956055,0.0037026308343886447,3.3764769836081623,0.0021684702942858227,-0.00039618604931746003,8,-52.346662638759526,24.526827858917738,0.0033064447850711847,4.0,0.6235230163918377,0.0006506509962491691,0.18705689907073975,0.0,0,0,0,-1.1240714229643345e-05,-0.005157202482223511,0.0
77,3.85,-54.91694259643555,24.520654678344727,0.0036304401834217574,3.3592923197101965,0.0024492684464106984,-0.0002757743111798591,8,-52.191074367446724,24.5273498075396,0.0033546658722418982,4.0,0.6407076802898035,0.0008490274776704609,0.1922122985124588,0.0,0,0,0,0.00019837648142129183,0.005155399441719055,0.0
78,3.9000000000000004,-54.74845504760742,24.521345138549805,0.0036632014860932603,3.376478709787608,0.0025745063965365213,-0.0003085356138524042,8,-52.009868621371545,24.527957694552157,0.003354665872240856,4.0,0.6235212902123921,0.0008090247283689678,0.18705639243125916,0.0,0,0,0,-4.000274930149317e-05,-0.005155906081199646,0.0
79,3.95,-54.58015060424805,24.522071838378906,0.0036023058630699416,3.3592936710234325,0.0027365980232898837,-0.0002476399908284176,8,-51.854280292211314,24.528479643368076,0.003354665872241524,4.0,0.6407063289765675,0.0011984987650066614,0.19221189618110657,0.0,0,0,0,0.00038947403663769364,0.005155503749847412,0.0
80,4.0,-54.41166305541992,24.522783279418945,0.003653571453979642,3.376478029163637,0.0028828166903186424,-0.00029890558173849844,8,-51.67307596052161,24.529087525635827,0.0033546658722411436,4.0,0.6235219708363631,0.0014149731723591685,0.18705658614635468,0.0,0,0,0,0.00021647440735250711,-0.005155310034751892,0.0
81,4.05,-54.24335861206055,24.52354621887207,0.0036255081339186066,3.3592943432955096,0.0031828397930359874,-0.00022813970851225888,8,-51.51748683771927,24.529624187038312,0.0033973684254063477,4.0,0.6407056567044904,0.0015740793896839023,0.19221170246601105,0.0,0,0,0,0.00015910621732473373,0.005155116319656372,0.0
82,4.1000000000000005,-54.07487106323242,24.52429962158203,0.0037052029694649028,3.3764740667790956,0.003592067459378393,-0.00021564794481712928,8,-51.33628591952098,24.53026401459069,0.0034895550246477735,4.0,0.6235259332209044,0.0014458055375143886,0.18705777823925018,0.0,0,0,0,-0.0001282738521695137,-0.005153924226760864,0.0
83,4.15,-53.90656661987305,24.52508544921875,0.003687256280579941,3.359293239979677,0.0038971723419605623,-0.00015623171633182996,8,-51.18069465603513,24.53081341344737,0.003531024564248111,4.0,0.6407067600203229,0.0015467680059373379,0.1922120302915573,0.0,0,0,0,0.00010096246842294931,0.005154252052307129,0.0
84,4.2,-53.73807907104492,24.525854110717773,0.0037674538397968545,3.3764738939036074,0.004070896611695429,-0.00023642927555225313,8,-50.99949300344024,24.531453243592928,0.0035310245642446014,4.0,0.6235261060963926,0.001422373577952385,0.18705783784389496,0.0,0,0,0,-0.00012439442798495293,-0.0051541924476623535,0.0
85,4.25,-53.56977462768555,24.526655197143555,0.003748189354306089,3.359293080357791,0.004277692154641692,-0.00021716479005377256,8,-50.84390105945389,24.532002644852483,0.0035310245642523165,4.0,0.6407069196422088,0.0017147826729342341,0.1922120749950409,0.0,0,0,0,0.0002924090949818492,0.005154237151145935,0.0
86,4.3,-53.40128707885742,24.527441024780273,0.003835061200930688,3.3764729505406983,0.004468582455065251,-0.00030403663667769336,8,-50.662699891098214,24.532642473288178,0.003531024564252995,4.0,0.6235270494593017,0.001815160852856934,0.18705812096595764,0.0,0,0,0,0.00010037817992269993,-0.005153954029083252,0.0
87,4.3500000000000005,-53.23298263549805,24.528276443481445,0.0038355878514392244,3.35929213569988,0.004811965169799248,-0.0002616242583245074,8,-50.5071084706059,24.53320666408393,0.003573963593114717,4.0,0.6407078643001198,0.0019110816065222025,0.19221235811710358,0.0,0,0,0,9.592075366526842e-05,0.005154237151145935,0.0
88,4.4,-53.06449508666992,24.529098510742188,0.00393870264004438,3.3764689134758683,0.00523675950868125,-0.0002823262833964459,8,-50.325909578790466,24.533875060152763,0.003656376356647934,4.0,0.6235310865241317,0.001747731352224946,0.18705932796001434,0.0,0,0,0,-0.00016335025429725647,-0.005153030157089233,0.0
89,4.45,-52.89619064331055,24.52995491027832,0.003941152020039143,3.3592907669487064,0.005560917513988658,-0.00025242616426893053,8,-50.170316152373125,24.53444900425094,0.0036887258557702124,4.0,0.6407092330512936,0.0018244321690872312,0.192212775349617,0.0,0,0,0,7.670081686228514e-05,0.005153447389602661,0.0
90,4.5,-52.72770309448242,24.530792236328125,0.004039876754034871,3.376469225814237,0.005776734898893078,-0.0003511508982584721,8,-49.98911596814713,24.535117405087146,0.0036887258557763993,4.0,0.6235307741857632,0.0016806625062599778,0.18705923855304718,0.0,0,0,0,-0.00014376966282725334,-0.005153536796569824,0.0
91,4.55,-52.55939865112305,24.531660079956055,0.004037720477804613,3.35929053389922,0.00017317550329424853,-0.0011450545851308443,8,-49.83353456737998,24.539371939784075,0.0028926658926737682,4.0,0.64070946610078,-0.0020029209554195404,0.19221283495426178,0.0,0,0,0,-0.0036835834616795182,0.0051535964012146,0.0
92,4.6000000000000005,-52.390869140625,24.53244400024414,0.00417798818413665,3.3730672610272716,0.00046959362457337384,-0.0012853222914672121,8,-49.654809496493336,24.539888933142777,0.002892665892669438,4.0,0.6269327389727284,-0.0020376050379127264,0.1880798190832138,0.0,0,0,0,-3.4684082493186e-05,-0.004133015871047974,0.0
93,4.65,-52.22237777709961,24.53325080871582,0.004060722751497196,3.3693457591770644,0.0008293538505968904,-0.0011511623297095572,8,-49.4890711608866,24.54037419454733,0.002909560421787639,4.0,0.6306542408229356,-0.001638696063309908,0.18919627368450165,0.0,0,0,0,0.0003989089746028185,0.0011164546012878418,0.0
94,4.7,-52.053977966308594,24.53382682800293,0.004071802697973822,3.3672197716482892,0.0010139249748862145,-0.0011221425166197943,8,-49.32224436815269,24.54087060780645,0.002949660181354028,4.0,0.6327802283517108,-0.0016412596451118588,0.18983407318592072,0.0,0,0,0,-2.5635818019509315e-06,0.0006377995014190674,0.0
95,4.75,-51.88565444946289,24.534414291381836,0.00385749755289163,3.365744441090812,0.0011714145106026,-0.0008818856271300998,8,-49.15501235281612,24.541368226854342,0.0029756119257615303,4.0,0.6342555589091878,-0.0011615167604759336,0.19027666747570038,0.0,0,0,0,0.0004797428846359253,0.0004425942897796631,0.0
96,4.800000000000001,-51.71738815307617,24.534915924072266,0.0038810048909237583,3.3648136847106116,0.0011723505208844943,-0.0009053929651639866,8,-48.98743481350763,24.541866874050516,0.0029756119257597718,4.0,0.6351863152893884,-0.0012163635110482574,0.1905559003353119,0.0,0,0,0,-5.48467505723238e-05,0.00027923285961151123,0.0
97,4.8500000000000005,-51.54916000366211,24.53548812866211,0.003692965172092473,3.3641681205687632,0.0012439716285659813,-0.0007173532463356268,8,-48.81968414289795,24.542366036419775,0.002975611925756846,4.0,0.6358318794312368,-0.000684645667206496,0.19074957072734833,0.0,0,0,0,0.0005317178438417614,0.000193670392036438,0.0
98,4.9,-51.38095474243164,24.53599739074707,0.0037459745613526597,3.3638157338636647,0.001252718616289057,-0.0007703626355913895,8,-48.651739623844435,24.54286577560848,0.00297561192576127,4.0,0.6361842661363353,-0.0006534127169288695,0.19085527956485748,0.0,0,0,0,3.1232950277626514e-05,0.00010570883750915527,0.0
99,4.95,-51.2127685546875,24.536590576171875,0.003592125253609868,3.363587616234776,0.0013934644843748194,-0.000596372841369922,8,-48.483722003241574,24.543372677681567,0.002995752412239946,4.0,0.636412383765224,-0.00025883401394821703,0.19092372059822083,0.0,0,0,0,0.00039457870298065245,6.844103336334229e-05,0.0
100,5.0,-51.044593811035156,24.53712272644043,0.003675416396925072,3.3635002264031866,0.001514126530434621,-0.0006417927084909508,8,-48.345611745489336,24.543796313988377,0.0030336236884341214,4.0,0.6364997735968134,-0.0004350694071035832,0.1909499317407608,0.0,0,0,0,-0.00017623539315536618,2.6211142539978027e-05,0.0
101,5.050000000000001,-50.87642288208008,24.537736892700195,0.003540716101672656,3.36346322427913,0.0017035240119305309,-0.0004733481517875428,8,-48.17746792504294,24.544312074571742,0.0030673679498851134,4.0,0.6365367757208702,-0.00012008677003905177,0.19096103310585022,0.0,0,0,0,0.00031498263706453145,1.1101365089416504e-05,0.0
102,5.1000000000000005,-50.70825958251953,24.538280487060547,0.003635511892837542,3.3634892415082613,0.0017312979084733804,-0.0005681439429480496,8,-48.00928529924515,24.54482795418577,0.0030673679498894922,4.0,0.6365107584917387,-0.0003167442628182471,0.19095322489738464,0.0,0,0,0,-0.0001966574927791953,-7.808208465576172e-06,0.0
103,5.15,-50.54009246826172,24.53889274597168,0.0035092874198434936,3.363525201301212,0.0018277243317105377,-0.0004419194699504061,8,-47.84109120265808,24.54534386898504,0.0030673679498930875,4.0,0.6364747986987882,3.7736757803941146e-05,0.1909424364566803,0.0,0,0,0,0.0003544810206221882,-1.0788440704345703e-05,0.0
104,5.2,-50.37190628051758,24.539445877075195,0.003613478135932014,3.3635872387659997,0.0018649647201443766,-0.0005461101860491447,8,-47.6728590022487,24.545859900663118,0.0030673679498828695,4.0,0.6364127612340003,-4.205097502563149e-05,0.19092382490634918,0.0,0,0,0,-7.978773282957263e-05,-1.8611550331115723e-05,0.0
105,5.25,-50.20372009277344,24.540077209472656,0.003502202995224962,3.3636454699916882,0.0020141970346539305,-0.00042052237239266965,8,-47.504629407294914,24.546380764669102,0.0030816806228322925,4.0,0.6363545300083118,0.00030464050360023975,0.19090636074543,0.0,0,0,0,0.00034669147862587124,-1.7464160919189453e-05,0.0
106,5.300000000000001,-50.03553009033203,24.540651321411133,0.0036234036124790634,3.363706447300038,0.0021761627733664236,-0.0004977764644021236,8,-47.33639416228849,24.546911668014378,0.0031256271480769398,4.0,0.636293552699962,5.7945049775298685e-05,0.19088806211948395,0.0,0,0,0,-0.00024669545382494107,-1.8298625946044922e-05,0.0
107,5.3500000000000005,-49.86734390258789,24.541297912597656,0.0035223545942389954,3.363763830596166,0.0023732017502576166,-0.00036664496324310004,8,-47.16816518184327,24.547442551590454,0.0031557096309958953,4.0,0.6362361694038339,0.0003081807808484882,0.19087085127830505,0.0,0,0,0,0.0002502357310731895,-1.7210841178894043e-05,0.0
108,5.4,-49.699153900146484,24.54188346862793,0.0036464904103273386,3.363813847438866,0.002427996935292876,-0.000490780779329424,8,-46.99993801443732,24.547973429445083,0.0031557096309979145,4.0,0.6361861525611339,5.925228833802976e-05,0.19085584580898285,0.0,0,0,0,-0.00024892849251045845,-1.500546932220459e-05,0.0
109,5.45,-49.53096389770508,24.54253578186035,0.0035459500974673675,3.363860781309938,0.002549548990097057,-0.00039024046645918945,8,-46.831712745582976,24.548504301308416,0.003155709631008178,4.0,0.6361392186900621,0.0,0.0,1.0,0,0,1,-5.925228833802976e-05,-0.19085584580898285,1.0
110,5.5,-49.3636474609375,24.54310417175293,0.003662260797259001,3.324534634744928,0.0025899348378951173,-0.0005065511662688798,8,-46.69349739491173,24.548940470269542,0.0031557096309901213,4.0,0.675465365255072,0.0,0.0,1.0,0,0,1,0.0,0.0,0.0
111,5.550000000000001,-49.20049285888672,24.543737411499023,0.003538918988085503,3.214726401513645,0.0028794206655247435,-0.0003171128957954873,9,-46.28585007793728,24.550248422248778,0.0032218060922900157,4.0,0.7852735984863548,0.0006218607304617763,0.23558208346366882,0.0,0,0,0,0.0006218607304617763,0.23558208346366882,-1.0
112,5.6000000000000005,-49.0429573059082,24.544286727905273,0.003690092131021955,3.1217569463645325,0.0029559415455771565,-0.00045568029414043247,9,-46.20501381117002,24.550509880938602,0.0032344118368815224,4.0,0.8782430536354675,0.000334795331582427,0.26347291469573975,0.0,0,0,0,-0.00028706539887934923,0.027890831232070923,0.0
113,5.65,-48.88752746582031,24.544923782348633,0.00359055830580052,3.1040093929809562,0.0030902694186519574,-0.000356146468915118,9,-46.0642252315351,24.55096525077501,0.003234411836885402,4.0,0.8959906070190438,0.0005964030278846622,0.2687971889972687,0.0,0,0,0,0.0002616076963022351,0.005324274301528931,0.0
114,5.7,-48.73227310180664,24.545490264892578,0.0037445358301856366,3.107689185247753,0.0031545933223494464,-0.0005101239932986585,9,-45.905934868577425,24.551477228783966,0.003234411836886978,4.0,0.8923108147522472,0.0,0.0,1.0,0,0,1,-0.0005964030278846622,-0.2687971889972687,1.0
115,5.75,-48.577327728271484,24.546125411987305,0.0036284971681381653,3.0823988778319547,0.00328858081835478,-0.0003940853312601072,9,-45.77185349601894,24.551910904674763,0.003234411836878058,4.0,0.9176011221680453,0.0,0.0,1.0,0,0,1,0.0,0.0,0.0
116,5.800000000000001,-48.42591857910156,24.546640396118164,0.003767276729181391,2.983831447452624,7.639540863749097e-05,-0.0009379603242486005,9,-45.70176832383328,24.554271503976764,0.0028293164049327905,4.0,1.0161685525473758,-0.0018405345035716891,0.30485057830810547,0.0,0,0,0,-0.0018405345035716891,0.30485057830810547,-1.0
117,5.8500000000000005,-48.27967071533203,24.54715347290039,0.0035618419391089,2.8982076064749793,0.00017568920916594035,-0.000732525534178317,9,-45.62615957003237,24.554485425635068,0.002829316404930583,4.0,1.1017923935250207,-0.0012169544352218509,0.33053770661354065,0.0,0,0,0,0.0006235800683498383,0.02568712830543518,0.0
118,5.9,-48.13508224487305,24.54753303527832,0.0036202962444415376,2.8927136524865533,0.00014616408223866798,-0.0007909798395159132,9,-45.48610367577957,24.55488168913165,0.0028293164049256244,4.0,1.1072863475134467,0.0,0.0,1.0,0,0,1,0.0012169544352218509,-0.33053770661354065,1.0
119,5.95,-47.990760803222656,24.548053741455078,0.0034577180621219563,2.8724957041714676,0.00027825882035415004,-0.0006199581189555033,9,-45.35846166936594,24.55524533460611,0.002837759943166453,4.0,1.1275042958285324,0.0,0.0,1.0,0,0,1,0.0,0.0,0.0
120,6.0,-47.84964370727539,24.548492431640625,0.0036023409731038443,2.780162229627363,0.0003365542960928102,-0.0007560033490703866,9,-45.293519282359334,24.555431488751694,0.0028463376240334577,4.0,1.2198377703726369,-0.001263116835616529,0.3659513294696808,0.0,0,0,0,-0.001263116835616529,0.3659513294696808,-1.0
121,6.050000000000001,-47.71345138549805,24.54897117614746,0.0034101392848463344,2.698696627925462,0.00047630131963302246,-0.0005436965142384515,10,-44.94131200508914,24.556441073520464,0.002866442770607883,4.0,1.3013033720745382,-0.00081773562123999,0.3903910219669342,0.0,0,0,0,0.000445381214376539,0.024439692497253418,0.0
122,6.1000000000000005,-47.57866287231445,24.54932975769043,0.003504169937346473,2.699766728318569,0.00044851835935755865,-0.0006377271667468505,10,-44.80555156581909,24.55683022411596,0.0028664427705996226,4.0,1.300233271681431,-0.0010308331111446023,0.39006999135017395,0.0,0,0,0,-0.0002130974899046123,-0.0003210306167602539,0.0
123,6.15,-47.44266128540039,24.549774169921875,0.0033138012529329943,2.7363364035546605,0.0005030885332966452,-0.0004473584823355952,10,-44.63633250901624,24.557315282186472,0.002866442770597399,4.0,1.2636635964453395,0.0,0.0,1.0,0,0,1,0.0010308331111446023,-0.39006999135017395,1.0
124,6.2,-47.305091857910156,24.550161361694336,0.0034389006443962147,2.750145492701894,0.0004959443641918337,-0.0005724578738023813,10,-44.4862198903549,24.557745572595504,0.0028664427705938334,4.0,1.2498545072981062,0.0,0.0,1.0,0,0,1,0.0,0.0,0.0
125,6.25,-47.16937255859375,24.550662994384766,0.0032836620196081885,2.679961793482588,0.0006128084581045806,-0.0004154951372978208,10,-44.41425020902399,24.557952355754576,0.0028681668823103677,4.0,1.3200382065174119,0.0,0.0,1.0,0,0,1,0.0,0.0,0.0
126,6.300000000000001,-47.03932571411133,24.551044464111328,0.0034464318767054446,2.5410642256831766,0.0006228911745635481,-0.0005775937215940757,10,-44.41036811337752,24.55796364493766,0.002868838155111369,4.0,1.4589357743168234,0.0,0.0,1.0,0,0,1,0.0,0.0,0.0
127,6.3500000000000005,-46.91777801513672,24.5515079498291,0.003274119112393513,2.3564672186564146,0.00082242814629178,-0.00037106440774615796,11,-44.19988460828864,24.558575733624217,0.002903054704647355,4.0,1.6435327813435854,-0.0002643671177793294,0.49305984377861023,0.0,0,0,0,-0.0002643671177793294,0.49305984377861023,-1.0
128,6.4,-46.80491256713867,24.551820755004883,0.003444519030043576,2.204096102154273,0.0007959593670865866,-0.0005460635740900379,11,-44.23786597161141,24.55846528334081,0.0028984554559535382,4.0,1.7959038978457271,-0.0006174381705932319,0.5,0.0,0,0,0,-0.0003530710528139025,0.0069401562213897705,0.0
129,6.45,-46.69655990600586,24.552215576171875,0.0032566070077059655,2.1600482248682455,0.0009002019849728964,-0.00034860259700079683,11,-44.17312030200212,24.558653564564338,0.0029080044107051687,4.0,1.8399517751317545,-0.00017841896624304354,0.5,0.0,0,0,0,0.0004390192043501884,0.0,0.0
130,6.5,-46.58735275268555,24.552509307861328,0.0034008874008015612,2.205532126248236,0.0008763579965269308,-0.0004928829900914542,11,-44.01888434410881,24.559102084674485,0.002908004410710107,4.0,1.7944678737517639,-0.0005033533088862896,0.5,0.0,0,0,0,-0.00032493434264324605,0.0,0.0
131,6.550000000000001,-46.47462463378906,24.552907943725586,0.003229457588823694,2.2896656144618954,0.0009471787703155951,-0.00032145317811543015,11,-43.82286422642385,24.559672113648116,0.002908004410708264,4.0,1.7103343855381046,-0.00012002189760096371,0.5,0.0,0,0,0,0.0003833314112853259,0.0,0.0
132,6.6000000000000005,-46.35691833496094,24.553232192993164,0.003367008818828986,2.3977054859597517,0.0009291367131424493,-0.0004590044081271634,10,-43.85817711642269,24.559569423318777,0.0029080044107018224,4.0,1.6022945140402483,0.0,0.0,1.0,0,0,1,0.00012002189760096371,-0.5,1.0
133,6.65,-46.23435974121094,24.553680419921875,0.0032128076305241947,2.4730688476676397,0.00102096131779149,-0.0003048032198103663,10,-43.6671634991448,24.560124893326105,0.0029080044107138285,4.0,1.5269311523323603,0.0,0.0,1.0,0,0,1,0.0,0.0,0.0
134,6.7,-46.11114501953125,24.55402946472168,0.003374777498997126,2.445082716533479,0.0010116961926096395,-0.0004667730882987461,10,-43.569369432355685,24.560409279705304,0.00290800441069838,4.0,1.554917283466521,0.0,0.0,1.0,0,0,1,0.0,0.0,0.0
135,6.75,-45.991981506347656,24.554479598999023,0.0032003755576308383,2.3336226909545377,0.0011642239782649446,-0.00027232520022546156,11,-43.29670329388218,24.56120730291712,0.0029280503574053767,4.0,1.6663773090454623,0.0,0.0,1.0,0,0,1,0.0,0.0,0.0
136,6.800000000000001,-45.88018798828125,24.554784774780273,0.0033844787914758504,2.168874090479013,0.0011246154946494228,-0.0004637127437819807,11,-43.34801025142911,24.561056074280387,0.0029207660476938697,4.0,1.831125909520987,0.0,0.0,1.0,0,0,1,0.0,0.0,0.0
137,6.8500000000000005,-45.78865432739258,24.555421829223633,0.0024394097854313463,1.391693285024783,0.0014845890436273176,0.00047691162309222886,14,-43.38383607427228,24.560950476704395,0.002916321408523575,4.0,2.608306714975217,0.002061553066596389,0.5,0.0,0,0,0,0.002061553066596389,0.5,-1.0
138,6.9,-45.75821304321289,24.555742263793945,0.002133496710225445,0.16464140356952642,0.0016981617254529617,0.0007745077004707363,23,-43.61527711344848,24.560275779589887,0.0029080044106961815,4.0,3.8353585964304737,0.00355323008261621,0.5,0.0,0,0,0,0.0014916770160198212,0.0,0.0
139,6.95,-45.75830078125,24.555744171142578,0.0021299283604464966,2.819775144610715e-05,0.0017003242082879646,0.0007780760502623051,24,-43.75825084804803,24.55986001016707,0.0029080044107088017,4.0,3.9999718022485538,0.0037636193446815014,0.5,0.0,0,0,0,0.0002103892620652914,0.0,0.0
140,7.0,-45.75151824951172,24.555770874023438,0.0021400024694703994,0.17146007244236044,0.0017073033718107448,0.0007680019412302417,23,-43.59603599622645,24.56033173300136,0.002908004410700641,4.0,3.8285399275576397,0.003540992271155119,0.5,0.0,0,0,0,-0.00022262707352638245,0.0,0.0
141,7.050000000000001,-45.73463821411133,24.555789947509766,0.0023094397220057234,0.404344536961752,0.0016772896292866542,0.0005985646886994115,21,-43.50119202785323,24.560607540457173,0.002908004410705135,4.0,3.595655463038248,0.0029306109063327312,0.5,0.0,0,0,0,-0.0006103813648223877,0.0,0.0
142,7.1000000000000005,-45.71028518676758,24.556047439575195,0.0018784436400190898,0.5440979406257331,0.0018639619948606313,0.0010295607706860138,19,-43.58213383544624,24.560372160660187,0.0029080044107051037,4.0,3.455902059374267,0.003891659202054143,0.5,0.0,0,0,0,0.0009610482957214117,0.0,0.0
143,7.15,-45.67835998535156,24.55622673034668,0.0018075441280396732,0.655674335305393,0.00195041351259011,0.0011004602826708342,18,-43.54501686615155,24.560480097274862,0.0029080044107105073,4.0,3.344325664694607,0.004025196190923452,0.5,0.0,0,0,0,0.00013353698886930943,0.0,0.0
144,7.2,-45.63812255859375,24.55654525756836,0.001328844173026995,0.8638212439085104,0.002178373544734347,0.0015917951382900795,17,-43.36990436667498,24.560991540787086,0.0029206393113170746,4.0,3.1361787560914896,0.005196759477257729,0.5,0.0,0,0,0,0.0011715632863342762,0.0,0.0
145,7.25,-45.59028625488281,24.5567569732666,0.0013302323197377664,1.0148934479647573,0.0022874753731308073,0.0016074695375534612,16,-43.28983603214178,24.56122754435572,0.0029377018572912276,4.0,2.9851065520352424,0.005139016080647707,0.5,0.0,0,0,0,-5.774339661002159e-05,0.0,0.0
146,7.300000000000001,-45.53607177734375,24.55714225769043,0.001048053107301245,1.1260009461777065,0.0025206134751070263,0.0018928705390269284,15,-43.27227319630607,24.561279311286516,0.0029409236463281735,4.0,2.8739990538222937,0.005813262425363064,0.5,0.0,0,0,0,0.0006742463447153568,0.0,0.0
147,7.3500000000000005,-45.47361373901367,24.557443618774414,0.001094054663831673,1.3309101196147435,0.0026528063958437377,0.0018534636847719142,14,-43.143251449287085,24.561659606354542,0.002947518348603587,4.0,2.6690898803852567,0.005660972557961941,0.5,0.0,0,0,0,-0.00015228986740112305,0.0,0.0
148,7.4,-45.4036865234375,24.557695388793945,0.0014134186530999134,1.4448416535912603,0.0026984638692033715,0.0015340996955169482,14,-42.93375848637528,24.562277092494842,0.0029475183486168616,4.0,2.5551583464087395,0.004944184795022011,0.5,0.0,0,0,0,-0.00071678776293993,0.0,0.0
149,7.45,-45.32469940185547,24.55803108215332,0.0015765591161105838,1.6667031957265157,0.0028013401172657434,0.001370959232494381,13,-42.87993781673135,24.56243573036556,0.002947518348604965,4.0,2.333296804273484,0.004538515117019415,0.5,0.0,0,0,0,-0.0004056696780025959,0.0,0.0
150,7.5,-45.23809814453125,24.558385848999023,0.0017399583530748313,1.775219463186936,0.0029008469965219694,0.0012075599955304749,13,-42.668723968637025,24.5630582888612,0.002947518348605306,4.0,2.224780536813064,0.004190248902887106,0.5,0.0,0,0,0,-0.00034826621413230896,0.0,0.0
151,7.550000000000001,-45.1430549621582,24.55877685546875,0.001897839463044083,1.9826784691590293,0.0030117106494250154,0.001049678885560188,12,-42.56659155447918,24.56335932689771,0.002947518348604271,4.0,2.0173215308409707,0.0,0.0,1.0,0,0,1,-0.004190248902887106,-0.5,1.0
152,7.6000000000000005,-45.04189682006836,24.55904769897461,0.0019411964537986836,2.0322712185607186,0.00298923844883367,0.0010083455172284973,12,-42.41236948108363,24.56381437126481,0.002949541971027181,4.0,1.9677287814392814,0.0,0.0,1.0,0,0,1,0.0,0.0,0.0
153,7.65,-44.93875503540039,24.559261322021484,0.00194471720997612,2.0726942331406737,0.002893998186867491,0.0010028011386260078,11,-42.501790031026964,24.563550331130244,0.0029475183486021277,4.0,1.9273057668593263,0.0,0.0,1.0,0,0,1,0.0,0.0,0.0
154,7.7,-44.84004592895508,24.559457778930664,0.0019451237061464122,1.8987656248022275,0.002825191357718415,0.0010137350913963002,12,-42.353369491433995,24.563990321131634,0.0029588587975427124,4.0,2.1012343751977722,0.0,0.0,1.0,0,0,1,0.0,0.0,0.0
155,7.75,-44.74884033203125,24.559635162353516,0.0019452770199611194,1.7202378749100116,0.0027773626551900223,0.0010324296821208818,13,-42.2426036454781,24.564320647220846,0.002977706702082001,4.0,2.2797621250899884,0.003780596423894167,0.5,0.0,0,0,0,0.003780596423894167,0.5,-1.0
156,7.800000000000001,-44.703163146972656,24.55974578857422,0.0019618935587098303,0.3936865036704224,0.0026840522266921405,0.0009856247898968142,21,-42.48799271872381,24.563590999079192,0.0029475183486066445,4.0,3.6063134963295775,0.004642128478735685,0.5,0.0,0,0,0,0.0008615320548415184,0.0,0.0
157,7.8500000000000005,-44.70193862915039,24.55974578857422,0.0019585461420701415,0.00018596386135097162,0.002680442943169092,0.0009889722065366023,24,-42.70158630055097,24.562961426254397,0.002947518348606744,4.0,3.999814036138649,0.005294815171509981,0.5,0.0,0,0,0,0.0006526866927742958,0.0,0.0
158,7.9,-44.6951789855957,24.559789657592773,0.0019549179751963963,0.22995522351361924,0.002704387626614747,0.0009926003734171281,22,-42.59957662766491,24.56326210250771,0.0029475183486135244,4.0,3.770044776486381,0.004911048803478479,0.5,0.0,0,0,0,-0.00038376636803150177,0.0,0.0
159,7.95,-44.67649841308594,24.559833526611328,0.0021401114406126597,0.4429389948513491,0.0026931952040701824,0.00080740690798713,20,-42.545650604713806,24.563421050910133,0.0029475183485997898,4.0,3.557061005148651,0.0042083291336894035,0.5,0.0,0,0,0,-0.0007027196697890759,0.0,0.0
160,8.0,-44.649681091308594,24.559932708740234,0.0022303401965898173,0.6059103557977732,0.0027143025303916013,0.0007176495239712396,19,-42.42365825046397,24.563780705878074,0.002947989720561057,4.0,3.394089644202227,0.003929896280169487,0.5,0.0,0,0,0,-0.00027843285351991653,0.0,0.0
161,8.05,-44.61488723754883,24.560049057006836,0.0024126509981855296,0.7703770320204879,0.0027773824268717533,0.0005584271193563584,18,-42.30776824797704,24.564126313235377,0.002971078117541888,4.0,3.229622967979512,0.003347291611135006,0.5,0.0,0,0,0,-0.000582604669034481,0.0,0.0
162,8.1,-44.57246780395508,24.560354232788086,0.002185898435824795,0.9189418766889477,0.0029816970594963316,0.0007962943792285586,17,-42.22459867541506,24.56437434167238,0.0029821928150533536,4.0,3.0810581233110526,0.003886590478941798,0.5,0.0,0,0,0,0.0005392988678067923,0.0,0.0
163,8.15,-44.52334213256836,24.560590744018555,0.0021752597054408764,0.9998885058423483,0.003071705231165921,0.0008069331096104745,16,-42.24349657432803,24.56431798432695,0.002982192815051351,4.0,3.0001114941576517,0.003918415401130915,0.5,0.0,0,0,0,3.182492218911648e-05,0.0,0.0
164,8.200000000000001,-44.46702575683594,24.56087875366211,0.0021440555977915265,1.215686481597098,0.003191767551889997,0.0008381372172659544,15,-42.186634312528064,24.564487559058243,0.002982192815057481,4.0,2.784313518402902,0.003888178151100874,0.5,0.0,0,0,0,-3.023725003004074e-05,0.0,0.0
165,8.25,-44.40291213989258,24.56111717224121,0.00235930455259988,1.321064264843311,-1.4546690054761426e-05,0.00041042253508325,15,-41.98553790827522,24.567827202998668,0.00276972708768313,4.0,2.678935735156689,0.0008365787216462195,0.5,0.0,0,0,0,-0.0030515994294546545,0.0,0.0
166,8.3,-44.33018112182617,24.561357498168945,0.0024035153673641224,1.5410001007809333,2.4333502556423206e-05,0.000366211720313152,14,-41.829965520782984,24.568258097156253,0.0027697270876772743,4.0,2.4589998992190667,0.0007662148564122617,0.5,0.0,0,0,0,-7.036386523395777e-05,0.0,0.0
167,8.35,-44.25001525878906,24.561588287353516,0.002427427120971941,1.645261377418213,3.308452344226269e-05,0.00034229996671454816,13,-41.829882634647724,24.568258326728813,0.002769727087686489,4.0,2.3547386225817872,0.0,0.0,1.0,0,0,1,-0.0007662148564122617,-0.5,1.0
168,8.4,-44.162513732910156,24.56181526184082,0.0024351430060520654,1.8071401704035668,1.7703103569162784e-05,0.00033458408163466796,12,-41.773882863414336,24.568413431208725,0.0027697270876867333,4.0,2.192859829596433,0.0,0.0,1.0,0,0,1,0.0,0.0,0.0
169,8.450000000000001,-44.074031829833984,24.56203269958496,0.0024356938434728454,1.7283202838060985,-9.930396697296548e-06,0.00033403324421322437,13,-41.558520380225,24.569009928037406,0.00276972708768607,4.0,2.2716797161939013,0.0,0.0,1.0,0,0,1,0.0,0.0,0.0
170,8.5,-43.989261627197266,24.562238693237305,0.0024357866900069428,1.6125949722878505,-3.872756078874412e-05,0.0003339403976662259,13,-41.60664098060042,24.568876646766252,0.0027697270876731687,4.0,2.3874050277121492,0.0,0.0,1.0,0,0,1,0.0,0.0,0.0
171,8.55,-43.94889450073242,24.562335968017578,0.002436003591994162,0.29013011818480455,-5.325893426887281e-05,0.00033372349569394137,22,-41.746288370367935,24.568489860619028,0.0027697270876881033,4.0,3.7098698818151954,0.0006280923844315112,0.5,0.0,0,0,0,0.0006280923844315112,0.5,-1.0
172,8.6,-43.94709396362305,24.56234359741211,0.002432221071008409,0.00019508316543694109,-5.061655902092316e-05,0.0003375060166847304,24,-41.94673111899532,24.567934687488975,0.0027697270876931392,4.0,3.999804916834563,0.0006263182731345296,0.5,0.0,0,0,0,-1.774111296981573e-06,0.0,0.0
173,8.65,-43.94709014892578,24.56234359741211,0.0024322143090759534,0.00010154641346138188,-5.062712470893776e-05,0.00033751277860114394,24,-41.94690502347448,24.567934205819796,0.0027697270876770974,4.0,3.9998984535865385,0.000626315944828093,0.5,0.0,0,0,0,-2.3283064365386963e-09,0.0,0.0
174,8.700000000000001,-43.94169998168945,24.56235694885254,0.0024339071328587005,0.13591392662065435,-5.2205008582099054e-05,0.0003358199548302277,23,-41.85162651861131,24.568198101950408,0.002769727087688928,4.0,3.8640860733793456,0.000627438013907522,0.5,0.0,0,0,0,1.1220690794289112e-06,0.0,0.0
175,8.75,-43.930259704589844,24.562389373779297,0.0024365279018337713,0.24634584402889345,-5.14666110456221e-05,0.0003331991858594283,22,-41.805516304794835,24.56832581498521,0.0027697270876931995,4.0,3.7536541559711067,0.0006271791644394398,0.5,0.0,0,0,0,-2.5884946808218956e-07,0.0,0.0
176,8.8,-43.90932083129883,24.56243324279785,0.002461073196497785,0.4936961295545602,-6.559265114235331e-05,0.00030865389119829863,20,-41.69473089424476,24.56863266112238,0.0027697270876960835,4.0,3.5063038704454397,0.000571375188883394,0.5,0.0,0,0,0,-5.580397555604577e-05,0.0,0.0
177,8.85,-43.88071060180664,24.562406539916992,0.0027140617967106786,0.6369234322228824,-0.00017153785591716205,5.5665290963515315e-05,19,-41.60559103737246,24.568879554829888,0.002769727087674194,4.0,3.3630765677771177,-4.482558142626658e-05,0.5,0.0,0,0,0,-0.0006162007703096606,0.0,0.0
178,8.9,-43.84455108642578,24.56256103515625,0.0025239617690751347,0.7626433346076422,-0.00011719507043011536,0.00024576531860090846,18,-41.54915556453117,24.569035866087432,0.002769727087676043,4.0,3.237356665392358,0.00040781451389193535,0.5,0.0,0,0,0,0.00045264009531820193,0.0,0.0
179,8.950000000000001,-43.80234909057617,24.56255531311035,0.0029026799208412154,0.8821818908281819,-0.00023980495595497722,-0.00013295283314980954,17,-41.507605726534074,24.5691509480935,0.002769727087691406,4.0,3.117818109171818,-0.0004856661253143102,0.5,0.0,0,0,0,-0.0008934806392062455,0.0,0.0
180,9.0,-43.75220489501953,24.56281852722168,0.002598451997225467,1.0838838438901897,-0.00011547741342281086,0.00017127509044864275,16,-41.47034682275169,24.569254145352453,0.0027697270876741098,4.0,2.91611615610981,0.00025717736571095884,0.5,0.0,0,0,0,0.000742843491025269,0.0,0.0
181,9.05,-43.694847106933594,24.56295394897461,0.002672910496308125,1.1854562518747065,-0.00013892139613128768,9.681659137972427e-05,15,-41.45376296158173,24.56930007823941,0.002769727087687849,4.0,2.8145437481252937,8.405239350395277e-05,0.5,0.0,0,0,0,-0.00017312497220700607,0.0,0.0
182,9.1,-43.62895584106445,24.563079833984375,0.0028591364567954443,1.4014940834578782,-0.00020316018008831663,-9.297102893056786e-05,14,-41.29963506480907,24.56972629797743,0.0027661654278648765,4.0,2.5985059165421216,0.0,0.0,1.0,0,0,1,-8.405239350395277e-05,-0.5,1.0
183,9.15,-43.557796478271484,24.563261032104492,0.002970674012496626,1.4077650820722536,-0.0002248840449574534,-0.00020721131044232864,14,-41.220793800921406,24.569944153181535,0.0027634627020542975,4.0,2.5922349179277466,0.0,0.0,1.0,0,0,1,0.0,0.0,0.0
184,9.200000000000001,-43.51893615722656,24.563785552978516,0.002080036222048194,0.25908306283484095,0.00020296449254417637,0.0006884359185417464,22,-41.37154110914005,24.56952760626205,0.0027684721405899404,4.0,3.740916937165159,0.001614729524590075,0.5,0.0,0,0,0,0.001614729524590075,0.5,-1.0
185,9.25,-43.51744079589844,24.56380271911621,0.0020698037277602425,0.00022725262266894388,0.00021847905291546774,0.0006999233599390155,24,-41.5170160818802,24.569124883910746,0.002769727087699258,4.0,3.9997727473773312,0.0017030717572197318,0.5,0.0,0,0,0,8.834223262965679e-05,0.0,0.0
186,9.3,-43.513145446777344,24.563812255859375,0.002072487564759175,0.14413199762256043,0.00021611882985554404,0.000697239522918607,23,-41.40795004554424,24.5694269678384,0.002769727087677782,4.0,3.8558680023774397,0.0016596068162471056,0.5,0.0,0,0,0,-4.346494097262621e-05,0.0,0.0
187,9.35,-43.50155258178711,24.563825607299805,0.0021507037477295292,0.30631264488504,0.0001973611879805652,0.0006190233399680613,21,-41.436233769364875,24.56934862944207,0.0027697270876975905,4.0,3.69368735511496,0.0014646585332229733,0.5,0.0,0,0,0,-0.00019494828302413225,0.0,0.0
188,9.4,-43.480018615722656,24.56393814086914,0.001894637167877858,0.5063776208841371,0.00023746263774181067,0.0008689071882628976,20,-41.24450341783204,24.569878638460224,0.0027635443561407555,4.0,3.493622379115863,0.002032702090218663,0.5,0.0,0,0,0,0.0005680435569956899,0.0,0.0
189,9.450000000000001,-43.45205307006836,24.563995361328125,0.0019883107383294927,0.6284711842286235,0.00021665190428763175,0.0007748952137350273,19,-41.1903150607746,24.570028372432066,0.00276320595206452,4.0,3.3715288157713763,0.001798631506972015,0.5,0.0,0,0,0,-0.0002340705832466483,0.0,0.0
190,9.5,-43.41643524169922,24.5640811920166,0.0021473854594142635,0.7600122780027576,0.00020406299500707204,0.0006158204926597385,18,-41.12502482118807,24.57020878326987,0.002763205952074002,4.0,3.2399877219972426,0.0014355089515447617,0.5,0.0,0,0,0,-0.00036312255542725325,0.0,0.0
191,9.55,-43.374778747558594,24.564315795898438,0.001663992983351947,0.8812384678715718,0.0003235606551646973,0.0010992129687368835,18,-41.04221047551066,24.57043761694517,0.0027632059520888304,4.0,3.118761532128428,0.0025395017582923174,0.5,0.0,0,0,0,0.0011039928067475557,0.0,0.0
192,9.600000000000001,-43.32540512084961,24.564550399780273,0.0013226577850533902,1.0638461902126446,0.0004217343157711731,0.001440548167030586,16,-41.07106378860962,24.57035788909576,0.0027632059520839762,4.0,2.9361538097873554,0.0033134431578218937,0.5,0.0,0,0,0,0.0007739413995295763,0.0,0.0
193,9.65,-43.26824951171875,24.56479835510254,0.001046348060025214,1.2073784734028452,0.0005117561730817212,0.0017168578920683803,15,-40.99866474028655,24.570557943086172,0.0027632059520935944,4.0,2.792621526597155,0.0039422097615897655,0.5,0.0,0,0,0,0.0006287666037678719,0.0,0.0
194,9.700000000000001,-43.20449447631836,24.56501579284668,0.0010403746729239502,1.3180928752052863,0.0005530250179886613,0.0017228312791591747,15,-40.7909814174746,24.57113181634048,0.002763205952083125,4.0,2.681907124794714,0.0,0.0,1.0,0,0,1,-0.0039422097615897655,-0.5,1.0
195,9.75,-43.145057678222656,24.565433502197266,0.00015372656891594089,0.8282056443852333,0.0008064968686472846,0.0026094793831739245,18,-40.8928324866423,24.570850380143646,0.002763205952089865,4.0,3.1717943556147667,0.0061024511232972145,0.5,0.0,0,0,0,0.0061024511232972145,0.5,-1.0
196,9.8,-43.1298713684082,24.56550407409668,0.0002549805582335596,0.2636098189456218,0.0008351056503346794,0.00250822539383781,22,-40.97442448450896,24.570624924075688,0.0027632059520713696,4.0,3.7363901810543783,0.0060998788103461266,0.5,0.0,0,0,0,-2.5723129510879517e-06,0.0,0.0
197,9.850000000000001,-43.11074447631836,24.565658569335938,6.598748413564529e-05,0.47020978175304173,0.0009367488249922579,0.0026972184679460416,20,-40.93490404296076,24.57073412747294,0.002763205952081687,4.0,3.5297902182469585,0.006505856290459633,0.5,0.0,0,0,0,0.0004059774801135063,0.0,0.0
198,9.9,-43.08107376098633,24.56562614440918,0.0006137016113894231,0.6448617291494708,0.0008223378291251195,0.002149504340682291,19,-40.793382474264945,24.571125181709178,0.002763205952071714,4.0,3.3551382708505293,0.005188486538827419,0.5,0.0,0,0,0,-0.0013173697516322136,0.0,0.0
199,9.950000000000001,-43.043094635009766,24.565711975097656,0.0007502394617865612,0.8439139202031547,0.0008032241765527628,0.0020129664902988993,18,-40.76707150550906,24.571197884519687,0.0027632059520854603,4.0,3.1560860797968453,0.004830789286643267,0.5,0.0,0,0,0,-0.0003576972521841526,0.0,0.0
200,10.0,-42.99684524536133,24.56573486328125,0.001200730780208997,1.004807703456759,0.0006983158466079145,0.0015624751718626372,17,-40.65240512584734,24.57151473214888,0.002763205952071634,4.0,2.995192296543241,0.003767210291698575,0.5,0.0,0,0,0,-0.0010635789949446917,0.0,0.0
201,10.05,-42.94334030151367,24.56573486328125,0.0017184403235561813,1.1232501110369006,0.000550470855463601,0.0010447656285250883,16,-40.60741753884131,24.57163904243345,0.0027632059520812696,4.0,2.8767498889630994,0.002552187303081155,0.5,0.0,0,0,0,-0.0012150229886174202,0.0,0.0
202,10.100000000000001,-42.882080078125,24.565786361694336,0.0022376898970200556,1.285908396790336,0.00043269467345455597,0.0005255160550564982,15,-40.5104070154957,24.571907103171213,0.002763205952076554,4.0,2.7140916032096642,0.0,0.0,1.0,0,0,1,-0.002552187303081155,-0.5,1.0
203,10.15,-42.82426834106445,24.565160751342773,0.0047678989114608925,0.9991442668763517,-0.0003526588223945965,-0.0020046929593777628,17,-40.48801477319071,24.57196897770591,0.0027632059520831297,4.0,3.0008557331236485,-0.004518699832260609,0.5,0.0,0,0,0,-0.004518699832260609,0.5,-1.0
204,10.200000000000001,-42.796024322509766,24.564428329467773,0.006442223087307205,0.48268710027437656,-0.0011631218421423234,-0.00367901713523113,20,-40.599602220464305,24.571660637822667,0.0027632059520760754,4.0,3.5173128997256233,-0.00882641226053238,0.5,0.0,0,0,0,-0.0043077124282717705,0.0,0.0
205,10.25,-42.76620101928711,24.564428329467773,0.006266262520509976,0.6729930784232645,-0.0012455296662431826,-0.003503056568430775,19,-40.592307067914376,24.57168079588292,0.002763205952079201,4.0,3.3270069215767357,-0.008429036475718021,0.5,0.0,0,0,0,0.00039737578481435776,0.0,0.0
206,10.3,-42.728694915771484,24.564571380615234,0.006033919400454676,0.8273978414096741,-0.0012061160214778101,-0.0032707134483689637,18,-40.47769912712435,24.571997482033066,0.0027632059520857123,4.0,3.172602158590326,-0.007841844111680984,0.5,0.0,0,0,0,0.0005871923640370369,0.0,0.0
207,10.350000000000001,-42.68392562866211,24.564632415771484,0.006059890942718103,0.9568348283566015,-0.0012687877014366158,-0.003296684990636827,17,-40.40881150880221,24.5721878331945,0.002763205952081276,4.0,3.0431651716433983,-0.007906378246843815,0.5,0.0,0,0,0,-6.453413516283035e-05,0.0,0.0
208,10.4,-42.63235855102539,24.56472396850586,0.005862182960847394,1.0623752124863137,-0.001321284911802145,-0.0030997262903302764,16,-40.38004218698857,24.57226720065,0.002762456670517118,4.0,2.9376247875136863,0.0,0.0,1.0,0,0,1,0.007906378246843815,-0.5,1.0
209,10.450000000000001,-42.58562088012695,24.564701080322266,0.006447846414366746,0.543320370008867,-0.0014717593333903175,-0.0036846404622849147,20,-40.46415445351548,24.572034908851055,0.0027632059520818313,4.0,3.456679629991133,-0.009088259190320969,0.5,0.0,0,0,0,-0.009088259190320969,0.5,-1.0
210,10.5,-42.57990264892578,24.564680099487305,0.00649519034452671,0.10559783218501068,-0.0015085407186364317,-0.0037319843924432184,23,-40.54561459087928,24.571809817141755,0.0027632059520834914,4.0,3.8944021678149894,-0.009539349935948849,0.5,0.0,0,0,0,-0.0004510907456278801,0.0,0.0
211,10.55,-42.567298889160156,24.564733505249023,0.006446252158753251,0.36212264697282165,-0.0014899619004708244,-0.0036830462066629486,21,-40.40627093506095,24.572194853340854,0.0027632059520903028,4.0,3.637877353027178,-0.009213985875248909,0.5,0.0,0,0,0,0.00032536406069993973,0.0,0.0
212,10.600000000000001,-42.544925689697266,24.5645751953125,0.0068821825008748,0.5105710284087296,-0.00171613229874773,-0.004121897736593708,21,-40.321809608195856,24.572427783182913,0.0027602847642810915,4.0,3.4894289715912703,-0.010226724669337273,0.5,0.0,0,0,0,-0.0010127387940883636,0.0,0.0
213,10.65,-42.513919830322266,24.56461524963379,0.006809147388573978,0.6769284611678299,-0.0017607056589839729,-0.004048408729797956,19,-40.33379629503985,24.572394728618363,0.0027607386587760224,4.0,3.32307153883217,-0.009993622079491615,0.5,0.0,0,0,0,0.00023310258984565735,0.0,0.0
214,10.700000000000001,-42.4766845703125,24.56473731994629,0.006443854273474879,0.8212122928834229,-0.0017481595679720626,-0.003686254847135306,18,-40.2350613215158,24.572667000814864,0.002757599426339573,4.0,3.178787707116577,-0.009129700250923634,0.5,0.0,0,0,0,0.0008639218285679817,0.0,0.0
215,10.75,-42.43278884887695,24.564889907836914,0.006015490533770788,0.9100121301130133,-0.0017166189203730187,-0.0032578911074429865,17,-40.22533447833352,24.572693823620032,0.0027575994263278015,4.0,3.0899878698869867,-0.008150610141456127,0.5,0.0,0,0,0,0.0009790901094675064,0.0,0.0
216,10.8,-42.381004333496094,24.56503677368164,0.005592115539772742,1.121138879289198,-0.0017125544029770344,-0.002834516113443838,16,-40.04798721970782,24.573182877558327,0.002757599426328904,4.0,2.878861120710802,0.0,0.0,1.0,0,0,1,0.008150610141456127,-0.5,1.0
217,10.850000000000001,-42.34499740600586,24.5645694732666,0.006879009073958672,0.27455327736679147,-0.002279145597998542,-0.004121409647626062,22,-40.170098076306644,24.572846143876674,0.0027575994263326097,4.0,3.7254467226332086,-0.010950337164103985,0.5,0.0,0,0,0,-0.010950337164103985,0.5,-1.0
218,10.9,-42.342124938964844,24.56454086303711,0.0068939477431983354,0.1100854554190861,-0.0023116163045664795,-0.004134360359052849,23,-40.29958188081684,24.572489078506553,0.0027595873841454862,4.0,3.889914544580914,-0.011253489181399345,0.5,0.0,0,0,0,-0.00030315201729536057,0.0,0.0
219,10.950000000000001,-42.33171463012695,24.564525604248047,0.006901108109519826,0.2723150913606761,-0.0023596429784786214,-0.004143508683188446,22,-40.16079574903151,24.572871796034054,0.0027575994263313803,4.0,3.727684908639324,-0.011078527197241783,0.5,0.0,0,0,0,0.00017496198415756226,0.0,0.0
220,11.0,-42.31296920776367,24.564611434936523,0.0066944988237947175,0.38896264670060166,-0.0023255049167771333,-0.003936899397459325,21,-40.10591310122837,24.573023140775778,0.0027575994263353922,4.0,3.6110373532993982,-0.01047543529421091,0.5,0.0,0,0,0,0.0006030919030308723,0.0,0.0
221,11.05,-42.284637451171875,24.56461524963379,0.006624655863761438,0.6394489540887753,-0.002399817770732812,-0.0038670564374317417,20,-40.00456199294395,24.573302627242278,0.0027575994263296967,4.0,3.3605510459112247,-0.010139338672161102,0.5,0.0,0,0,0,0.0003360966220498085,0.0,0.0
222,11.100000000000001,-42.2496223449707,24.56462287902832,0.006659155243148273,0.7630519471220875,-0.002488745919617407,-0.003901555816823459,18,-40.0961137261781,24.57305016359529,0.0027575994263248143,4.0,3.2369480528779127,-0.010174261406064034,0.5,0.0,0,0,0,-3.492273390293121e-05,0.0,0.0
223,11.15,-42.20734405517578,24.56461524963379,0.0068608246771404745,0.8966024357475938,-0.002612961725064575,-0.004103225250815134,17,-40.019269092093516,24.5732620708513,0.002757599426325341,4.0,3.1033975642524063,0.0,0.0,1.0,0,0,1,0.010174261406064034,-0.5,1.0
224,11.200000000000001,-42.18899154663086,24.56458854675293,0.007030065963671758,0.005067441669252596,-0.0026902733072735477,-0.004272466537339852,24,-40.17937849962017,24.572820552121797,0.0027575994263319054,4.0,3.9949325583307473,-0.0121355215087533,0.5,0.0,0,0,0,-0.0121355215087533,0.5,-1.0
225,11.25,-42.18799591064453,24.56458854675293,0.007024187763773519,0.1030206894762004,-0.0026930188690198606,-0.004266588337441401,23,-40.158453017550805,24.572878256365417,0.002757599426332118,4.0,3.8969793105237995,-0.011939262971282005,0.5,0.0,0,0,0,0.0001962585374712944,0.0,0.0
226,11.3,-42.17856216430664,24.56464385986328,0.006834107761861016,0.21820798580852224,-0.002663720429477489,-0.004076508335519553,22,-40.103864228959466,24.573028790759093,0.0027575994263414638,4.0,3.7817920141914776,-0.011314398609101772,0.5,0.0,0,0,0,0.000624864362180233,0.0,0.0
227,11.350000000000001,-42.16138458251953,24.56456184387207,0.007104776474775538,0.4245966316411969,-0.0027931049385033846,-0.004347177048438728,22,-39.93049312423921,24.573506880029864,0.00275759942633681,4.0,3.575403368358803,-0.01171864103525877,0.5,0.0,0,0,0,-0.0004042424261569977,0.0,0.0
228,11.4,-42.13725662231445,24.564594268798828,0.006919984824191714,0.5699207519018733,-0.002827215299960304,-0.0041623853978709335,20,-39.97190344528742,24.573392686662842,0.0027575994263207802,4.0,3.4300792480981266,-0.011180251836776733,0.5,0.0,0,0,0,0.0005383891984820366,0.0,0.0
229,11.450000000000001,-42.10486602783203,24.564632415771484,0.006727923055921163,0.721180896640925,-0.0028783886438752265,-0.0039703236295866575,19,-39.854679469386475,24.573715944250928,0.0027575994263345054,4.0,3.278819103359075,-0.010652726516127586,0.5,0.0,0,0,0,0.000527525320649147,0.0,0.0
230,11.5,-42.06532287597656,24.5645694732666,0.006776528346558361,0.8571336900861631,-0.0030503749441299034,-0.004018928920233169,18,-39.76928251410267,24.573951435442748,0.002757599426325193,4.0,3.142866309913837,0.0,0.0,1.0,0,0,1,0.010652726516127586,-0.5,1.0
231,11.55,-42.04568862915039,24.564786911010742,0.006393200117303732,0.005947613526575555,-0.002887081345878427,-0.003635600690974377,24,-40.034403807083656,24.573220335264132,0.002757599426329355,4.0,3.9940523864734243,-0.01100306585431099,0.5,0.0,0,0,0,-0.01100306585431099,0.5,-1.0
232,11.600000000000001,-42.044700622558594,24.564788818359375,0.0063878389451639955,0.10306438363808569,-0.002887898527480991,-0.0036302395188473535,23,-40.015077872286,24.57327362858593,0.002757599426316642,4.0,3.8969356163619144,-0.010794192552566528,0.5,0.0,0,0,0,0.00020887330174446106,0.0,0.0
233,11.65,-42.0355224609375,24.564794540405273,0.006338650047741042,0.24139589089500998,-0.002907486164434492,-0.0035810506213999477,22,-39.91958953300488,24.573536947843014,0.0027575994263410947,4.0,3.75860410910499,-0.010464447550475597,0.5,0.0,0,0,0,0.00032974500209093094,0.0,0.0
234,11.700000000000001,-42.019256591796875,24.56471824645996,0.006467692165974341,0.3912338671565678,-0.0030286345142437505,-0.003710092739642161,22,-39.84769567647051,24.573735202803082,0.00275759942633218,4.0,3.6087661328434324,-0.010621033608913422,0.5,0.0,0,0,0,-0.00015658605843782425,0.0,0.0
235,11.75,-41.99525451660156,24.56473159790039,0.006396089543056737,0.5184008488157378,-0.003081471149507543,-0.0036384901167369325,21,-39.75871409939253,24.57398057897096,0.002757599426319805,4.0,3.481599151184262,-0.010341141372919083,0.5,0.0,0,0,0,0.000279892235994339,0.0,0.0
236,11.8,-41.96469497680664,24.564823150634766,0.005791552495757401,0.6713137574461634,-0.003074189625777893,-0.0030339530694103267,19,-39.79346496420535,24.573884749763184,0.002757599426347074,4.0,3.328686242553837,-0.00886889174580574,0.5,0.0,0,0,0,0.0014722496271133423,0.0,0.0
237,11.850000000000001,-41.926239013671875,24.564882278442383,0.005423149932026174,0.8396029858073426,-0.0031211080505053534,-0.0026655505057039657,18,-39.656757763719746,24.574261734416392,0.002757599426322208,4.0,3.1603970141926574,0.0,0.0,1.0,0,0,1,0.00886889174580574,-0.5,1.0
238,11.9,-41.910400390625,24.564559936523438,0.0062219911084279616,0.0050870138090904704,-0.003487125266343042,-0.003464391682117147,24,-39.900752363770124,24.573588893341757,0.0027575994263108147,4.0,3.9949129861909096,-0.01131743285804987,0.5,0.0,0,0,0,-0.01131743285804987,0.5,-1.0
239,11.950000000000001,-41.90940856933594,24.564559936523438,0.006216559196071771,0.10259645787476261,-0.0034898603086957504,-0.003458959769761597,23,-39.88064846647192,24.57364433197794,0.0027575994263101737,4.0,3.8974035421252373,-0.01106834877282381,0.5,0.0,0,0,0,0.00024908408522605896,0.0,0.0
240,12.0,-41.90013122558594,24.5645694732666,0.006161633579183488,0.26866360690522256,-0.003505906767179343,-0.0034040341528763208,22,-39.73570905118968,24.57404401783949,0.0027575994263071674,4.0,3.7313363930947774,-0.010618387721478939,0.5,0.0,0,0,0,0.0004499610513448715,0.0,0.0
241,12.05,-41.88425827026367,24.564533233642578,0.006270527739443306,0.33448737742440915,-0.003585917450375114,-0.0035129283131094553,22,-39.813612689013915,24.57382919026798,0.0027575994263338505,4.0,3.6655126225755907,-0.010802105069160461,0.5,0.0,0,0,0,-0.00018371734768152237,0.0,0.0
242,12.100000000000001,-41.86156463623047,24.564565658569336,0.006124846065883516,0.5288439090005705,-0.0036160725197983837,-0.003367246639558813,21,-39.60711591960866,24.57439862708423,0.0027575994263247033,4.0,3.4711560909994295,-0.010198727250099182,0.5,0.0,0,0,0,0.0006033778190612793,0.0,0.0
243,12.15,-41.8305549621582,24.564645767211914,0.005814545146699952,0.689694172414683,-0.0036214763328373803,-0.0030569457203636612,19,-39.63022425235162,24.574334903397588,0.0027575994263362904,4.0,3.310305827585317,-0.009321021847426891,0.5,0.0,0,0,0,0.0008777054026722908,0.0,0.0
244,12.200000000000001,-41.79176712036133,24.56473731994629,0.005350313516509808,0.8485418607120905,-0.003636885141295093,-0.002592714090177439,18,-39.5087449549889,24.57466989548744,0.0027575994263323686,4.0,3.1514581392879095,0.0,0.0,1.0,0,0,1,0.009321021847426891,-0.5,1.0
245,12.25,-41.774131774902344,24.564559936523438,0.005837590332656194,0.00545028491792764,-0.003862899046579555,-0.0030799909063179225,24,-39.76379457636451,24.573966569015067,0.002757599426338272,4.0,3.9945497150820723,-0.010923494584858418,0.5,0.0,0,0,0,-0.010923494584858418,0.5,-1.0
246,12.3,-41.77314376831055,24.564559936523438,0.005832297299989662,0.10290305680024572,-0.0038656235695589793,-0.0030746978736630273,23,-39.74382056633898,24.57402164947327,0.0027575994263266345,4.0,3.897096943199754,-0.010649235919117928,0.5,0.0,0,0,0,0.00027425866574048996,0.0,0.0
247,12.350000000000001,-41.76388931274414,24.56456756591797,0.005780201811908239,0.2673502703663334,-0.0038835142530633466,-0.0030226023855862124,23,-39.661983563336676,24.574247323717838,0.0027575994263220266,4.0,3.7326497296336667,-0.010173332877457142,0.5,0.0,0,0,0,0.0004759030416607857,0.0,0.0
248,12.4,-41.74714660644531,24.564523696899414,0.005807735360568835,0.39759078595331,-0.003973552723586321,-0.003050135934244824,22,-39.56428363069015,24.574516741678973,0.0027575994263240107,4.0,3.60240921404669,-0.010055161081254482,0.5,0.0,0,0,0,0.00011817179620265961,0.0,0.0
249,12.450000000000001,-41.72407150268555,24.56451416015625,0.005700430774584658,0.5518633829880701,-0.004046721242704137,-0.002942831348246611,20,-39.5885162488065,24.574449917655773,0.002757599426338047,4.0,3.44813661701193,-0.009623968042433262,0.5,0.0,0,0,0,0.0004311930388212204,0.0,0.0
250,12.5,-41.69305419921875,24.56452178955078,0.005695517970581572,0.6427251951244282,-0.004124625067090597,-0.002937918544274586,20,-39.40757774111867,24.57494887484552,0.002757599426306986,4.0,3.357274804875572,-0.009536792524158955,0.5,0.0,0,0,0,8.717551827430725e-05,0.0,0.0
251,12.55,-41.655330657958984,24.564579010009766,0.005484113954597021,0.8379469104393935,-0.004172660123993691,-0.0027270988457980157,18,-39.38836126151085,24.575001770705388,0.002757015108799005,4.0,3.1620530895606063,0.0,0.0,1.0,0,0,1,0.009536792524158955,-0.5,1.0
252,12.600000000000001,-41.63621139526367,24.564577102661133,0.005604821731004862,0.005897011031039342,-0.0042260616519174945,-0.00284722230467625,24,-39.625026426208294,24.574349236956312,0.002757599426328612,4.0,3.9941029889689608,-0.010836631059646606,0.5,0.0,0,0,0,-0.010836631059646606,0.5,-1.0
253,12.65,-41.63521957397461,24.564577102661133,0.005599551064730297,0.10299797388767534,-0.004228796694271527,-0.0028419516384040507,23,-39.60572273112551,24.574402468949728,0.0027575994263262463,4.0,3.897002026112325,-0.010538747534155846,0.5,0.0,0,0,0,0.0002978835254907608,0.0,0.0
254,12.700000000000001,-41.62570571899414,24.56459617614746,0.005508011144042629,0.2778821854375002,-0.004235958648262994,-0.0027504117177224764,23,-39.50442229572073,24.57468181568037,0.0027575994263201523,4.0,3.7221178145625,-0.00990921352058649,0.5,0.0,0,0,0,0.000629534013569355,0.0,0.0
255,12.75,-41.60877990722656,24.564498901367188,0.005767269356013192,0.3754887596580688,-0.004379907608338975,-0.0030096699296903377,22,-39.4652226776237,24.57478991279875,0.0027575994263228545,4.0,3.6245112403419313,-0.010378345847129822,0.5,0.0,0,0,0,-0.00046913232654333115,0.0,0.0
256,12.8,-41.58503723144531,24.564533233642578,0.005513473745169193,0.5407950623466312,-0.004411048169621521,-0.0027558743188463275,20,-39.46774564628164,24.574782955444192,0.002757599426322866,4.0,3.459204937653369,-0.009567399509251118,0.5,0.0,0,0,0,0.0008109463378787041,0.0,0.0
257,12.850000000000001,-41.553382873535156,24.56453514099121,0.005309759606832246,0.6978004898820144,-0.004501765783350756,-0.002554756720364794,19,-39.34021963214148,24.575134210403398,0.002755002886467452,4.0,3.3021995101179855,0.0,0.0,1.0,0,0,1,0.009567399509251118,-0.5,1.0
258,12.9,-41.54049301147461,24.56495475769043,0.004151562812175744,0.0019918907833426512,-0.004112360684220446,-0.0013939633858461621,24,-39.53672742776554,24.574592730840966,0.002757599426329582,4.0,3.9980081092166575,-0.00763592729344964,0.5,0.0,0,0,0,-0.00763592729344964,0.5,-1.0
259,12.950000000000001,-41.53950119018555,24.564958572387695,0.004147858053413227,0.10164283615458662,-0.004111281043793013,-0.0013902586270745495,23,-39.51249746580596,24.574659547539532,0.0027575994263386774,4.0,3.8983571638454135,-0.007336735725402832,0.5,0.0,0,0,0,0.00029919156804680824,0.0,0.0
260,13.0,-41.531005859375,24.56492805480957,0.004247063924910581,0.161649851812335,-0.004165225195545116,-0.0014894644985624017,24,-39.473890498978136,24.57476601035897,0.0027575994263481793,4.0,3.838350148187665,-0.007444406393915415,0.5,0.0,0,0,0,-0.00010767066851258278,0.0,0.0
261,13.05,-41.51559829711914,24.5649356842041,0.004258765188950116,0.35490106916888975,-0.004200083661028195,-0.0015011657626108907,22,-39.40865220650939,24.57494591189287,0.0027575994263392255,4.0,3.6450989308311104,-0.007057838141918182,0.5,0.0,0,0,0,0.00038656825199723244,0.0,0.0
262,13.100000000000001,-41.49406814575195,24.56488800048828,0.004222998987525217,0.5172869685750521,-0.004319676652148542,-0.0014714317273827869,21,-39.25944141809548,24.575356434752972,0.0027515672601424305,4.0,3.482713031424948,-0.006791180931031704,0.5,0.0,0,0,0,0.0002666572108864784,0.0,0.0
263,13.15,-41.46568298339844,24.564788818359375,0.004355398665296887,0.6075237068387696,-0.004498133704457101,-0.0016043624907006791,20,-39.23828975418827,24.57541462389233,0.002751036174596208,4.0,3.3924762931612307,-0.007058580406010151,0.5,0.0,0,0,0,-0.00026739947497844696,0.0,0.0
264,13.200000000000001,-41.42927169799805,24.564857482910156,0.0041225593234291,0.7838110056160352,-0.004529525589594869,-0.001371471678706881,18,-39.24431883822947,24.57539803762219,0.002751087644722219,4.0,3.2161889943839648,0.0,0.0,1.0,0,0,1,0.007058580406010151,-0.5,1.0
265,13.25,-41.41542053222656,24.56441307067871,0.00525831430456383,0.002194593893289915,-0.004998944996222638,-0.002500714878219021,24,-39.41127226967559,24.57493868678987,0.0027575994263448088,4.0,3.99780540610671,-0.011001587845385075,0.5,0.0,0,0,0,-0.011001587845385075,0.5,-1.0
266,13.3,-41.414432525634766,24.564411163330078,0.005253202803776289,0.10221353673078647,-0.005004848218799793,-0.0024962838171172885,23,-39.38638118731034,24.575007217974886,0.0027569189866590003,4.0,3.8977864632692136,-0.01064483355730772,0.5,0.0,0,0,0,0.00035675428807735443,0.0,0.0
267,13.350000000000001,-41.4056396484375,24.564374923706055,0.005312307815070584,0.24752499076477594,-0.005069341392786581,-0.0025574629825239866,23,-39.340215543487005,24.575134221651464,0.002754844832546598,4.0,3.752475009235224,-0.010380747728049755,0.5,0.0,0,0,0,0.0002640858292579651,0.0,0.0
268,13.4,-41.3912239074707,24.56431007385254,0.005268822867747984,0.3313389770725837,-0.005181715752674497,-0.0025177866931373185,23,-39.17158290707943,24.575598137304777,0.0027510361746106654,4.0,3.668661022927416,-0.010179066099226475,0.5,0.0,0,0,0,0.00020168162882328033,0.0,0.0
269,13.450000000000001,-41.36881637573242,24.564401626586914,0.004945559324047649,0.4989106982173512,-0.005151807217343073,-0.0021945231494177636,21,-39.16570710051206,24.57561430190198,0.0027510361746298857,4.0,3.501089301782649,-0.00906331930309534,0.5,0.0,0,0,0,0.001115746796131134,0.0,0.0
270,13.5,-41.33818817138672,24.564510345458984,0.004567939726231226,0.6717258433142438,-0.005127347948542715,-0.00181690355161526,19,-39.16631130592406,24.57561263970684,0.0027510361746159663,4.0,3.3282741566857563,0.0,0.0,1.0,0,0,1,0.00906331930309534,-0.5,1.0
271,13.55,-41.32639694213867,24.564191818237305,0.005340355790746433,0.0005430058163924385,-0.0054715424653884745,-0.0025859365827978864,24,-39.32538794074529,24.575175013025895,0.002754419207948547,4.0,3.999456994183608,-0.01172473095357418,0.5,0.0,0,0,0,-0.01172473095357418,0.5,-1.0
272,13.600000000000001,-41.325401306152344,24.564193725585938,0.0053348937097685185,0.10139881486359056,-0.005479143707958178,-0.00258385753517313,25,-39.231018359004565,24.575434627813983,0.0027510361745953886,4.0,3.8986011851364095,-0.01132647879421711,0.5,0.0,0,0,0,0.0003982521593570709,0.0,0.0
273,13.65,-41.31635284423828,24.56414031982422,0.00543813073330652,0.21082932467784857,-0.005557441882208208,-0.002687094558697212,24,-39.16580062154981,24.57561404462157,0.002751036174609308,4.0,3.7891706753221515,-0.011250336654484272,0.5,0.0,0,0,0,7.614213973283768e-05,0.0,0.0
274,13.700000000000001,-41.30121612548828,24.564210891723633,0.005088654298368969,0.34498454423388913,-0.005528511858180702,-0.0023376181237670757,22,-39.2119084601635,24.575487199969615,0.0027510361746018934,4.0,3.6550154557661108,-0.010079620406031609,0.5,0.0,0,0,0,0.0011707162484526634,0.0,0.0
275,13.75,-41.279232025146484,24.56416130065918,0.005122696467092097,0.5074602820420636,-0.005638581713980991,-0.0023716602924818827,21,-39.061461614214316,24.575901085729303,0.0027510361746102144,4.0,3.4925397179579365,-0.009831653907895088,0.5,0.0,0,0,0,0.0002479664981365204,0.0,0.0
276,13.8,-41.2513427734375,24.56412696838379,0.005084600259787704,0.6300626086895325,-0.005749638103029593,-0.002333564085185703,20,-38.986763925872616,24.576106582290503,0.0027510361746020014,4.0,3.3699373913104678,0.0,0.0,1.0,0,0,1,0.009831653907895088,-0.5,1.0
277,13.850000000000001,-41.23996353149414,24.564010620117188,0.005405133543222058,0.0004981501067110862,-0.005897290596088193,-0.0026540973686168794,24,-39.239040913355666,24.575412557421075,0.0027510361746051785,4.0,3.999501849893289,-0.012339948676526546,0.5,0.0,0,0,0,-0.012339948676526546,0.5,-1.0
278,13.9,-41.23896789550781,24.564010620117188,0.005399394223013477,0.10123215467269113,-0.005900029623230842,-0.002648358048399375,25,-39.14491248633156,24.575671508782143,0.0027510361746141015,4.0,3.898767845327309,-0.011909573338925838,0.5,0.0,0,0,0,0.000430375337600708,0.0,0.0
279,13.950000000000001,-41.22993087768555,24.56395149230957,0.005508962495924221,0.20434377997319708,-0.005984018338684801,-0.002757926321311306,24,-39.09170232202975,24.57581789223828,0.002751036174612915,4.0,3.795656220026803,-0.011846027337014675,0.5,0.0,0,0,0,6.354600191116333e-05,0.0,0.0
280,14.0,-41.21538543701172,24.563886642456055,0.005612636444328563,0.3451100227418007,-0.006088882929772643,-0.002861600269702832,22,-39.12585617834316,24.575723933507028,0.0027510361746257315,4.0,3.6548899772581995,-0.01170625351369381,0.5,0.0,0,0,0,0.00013977382332086563,0.0,0.0
281,14.05,-41.1939582824707,24.563879013061523,0.005500242723948813,0.4692893899663215,-0.0061554590984003186,-0.002749206549351908,21,-39.04165213197291,24.575955582469028,0.002751036174596905,4.0,3.5307106100336787,-0.011170659214258194,0.5,0.0,0,0,0,0.0005355942994356155,0.0,0.0
282,14.100000000000001,-41.16446304321289,24.563879013061523,0.005398505288969933,0.6328646135029051,-0.006236601466223428,-0.002647469114370763,20,-38.89526225078578,24.57635830734374,0.00275103617459917,4.0,3.367135386497095,0.0,0.0,1.0,0,0,1,0.011170659214258194,-0.5,1.0
283,14.15,-41.154624938964844,24.563676834106445,0.005878358023429073,0.0004971820380799229,-0.006465844602748715,-0.0031273218488182325,24,-39.153705731185944,24.57564731818643,0.0027510361746108406,4.0,3.99950281796192,-0.013986772857606411,0.5,0.0,0,0,0,-0.013986772857606411,0.5,-1.0
284,14.200000000000001,-41.15362548828125,24.56367301940918,0.005871881652582867,0.10111743476712987,-0.006472408807090692,-0.003120845477969578,25,-39.0597963196758,24.575905667026376,0.0027510361746132888,4.0,3.8988825652328702,-0.013518950901925564,0.5,0.0,0,0,0,0.00046782195568084717,0.0,0.0
285,14.25,-41.145565032958984,24.563610076904297,0.00600742354835164,0.17957019610788733,-0.006557525650037375,-0.0032563873737577144,24,-39.054407693253566,24.575920491369992,0.0027510361745939254,4.0,3.8204298038921127,-0.013571095652878284,0.5,0.0,0,0,0,-5.214475095272064e-05,0.0,0.0
286,14.3,-41.130393981933594,24.563720703125,0.005601180170303369,0.3686401598329713,-0.00648863590543132,-0.002850143995681459,22,-38.999021559085996,24.57607286101305,0.0027510361746219104,4.0,3.6313598401670286,-0.011973836459219456,0.5,0.0,0,0,0,0.0015972591936588287,0.0,0.0
287,14.350000000000001,-41.10797882080078,24.563793182373047,0.005204133020394278,0.49434434561178725,-0.0064778217729883954,-0.0024530968457637746,21,-38.91270447473054,24.576310323033653,0.0027510361746305033,4.0,3.505655654388213,-0.010749343782663345,0.5,0.0,0,0,0,0.0012244926765561104,0.0,0.0
288,14.4,-41.07854461669922,24.563764572143555,0.005104892819085998,0.6485984447228339,-0.006587406352382977,-0.0023538566444792543,19,-38.94329002822826,24.57622618085729,0.0027510361746067432,4.0,3.351401555277166,0.0,0.0,1.0,0,0,1,0.010749343782663345,-0.5,1.0
289,14.450000000000001,-41.06813430786133,24.56378936767578,0.005037899753508293,0.0005202757786998454,-0.006591250014062002,-0.002286863578902049,26,-39.019611916924724,24.576016216050885,0.0027510361746062445,4.0,3.9994797242213003,-0.012344376184046268,0.5,0.0,0,0,0,-0.012344376184046268,0.5,-1.0
290,14.5,-41.067138671875,24.56378936767578,0.005032213488462054,0.10103096663057573,-0.006593989041209339,-0.0022811773138498924,25,-38.973479172020056,24.57614312922112,0.002751036174612161,4.0,3.8989690333694242,-0.011865794658660889,0.5,0.0,0,0,0,0.0004785815253853798,0.0,0.0
291,14.55,-41.058719635009766,24.563732147216797,0.005137075456383924,0.1996776919076183,-0.006674370329407259,-0.002386039281763492,24,-38.92935852072537,24.576264507035084,0.0027510361746204324,4.0,3.800322308092382,-0.011761653237044811,0.5,0.0,0,0,0,0.00010414142161607742,0.0,0.0
292,14.600000000000001,-41.04433059692383,24.563745498657227,0.004958051214035802,0.3101419341792763,-0.006700603653876173,-0.0022070150394226575,23,-38.86369620488719,24.57644514689697,0.0027510361746131444,4.0,3.6898580658207236,-0.010998367331922054,0.5,0.0,0,0,0,0.000763285905122757,0.0,0.0
293,14.65,-41.02410888671875,24.563720703125,0.005121189596451871,0.4402259884434566,-0.006781029678361782,-0.002370153421823826,21,-38.92164800980984,24.57628571898305,0.002751036174628045,4.0,3.5597740115565433,-0.010992373339831829,0.5,0.0,0,0,0,5.99399209022522e-06,0.0,0.0
294,14.700000000000001,-40.99665832519531,24.56365203857422,0.005175902472542138,0.5666551009822195,-0.006925211361817635,-0.0024248662979140614,20,-38.83670471781192,24.576519401641647,0.0027510361746280764,4.0,3.4333448990177806,0.0,0.0,1.0,0,0,1,0.010992373339831829,-0.5,1.0
295,14.75,-40.98672866821289,24.563419342041016,0.005693149733776274,0.00047638629523939595,-0.007185223825602485,-0.0029421135591599632,26,-38.93829635552672,24.576239918666193,0.0027510361746163107,4.0,3.9995236137047607,-0.014406481757760048,0.5,0.0,0,0,0,-0.014406481757760048,0.5,-1.0
296,14.8,-40.98573684692383,24.563417434692383,0.005686499113132181,0.10101641006314561,-0.007189859699803589,-0.0029354629385070917,25,-38.892107500089516,24.576366986198924,0.0027510361746250892,4.0,3.8989835899368543,-0.013885547406971455,0.5,0.0,0,0,0,0.0005209343507885933,0.0,0.0
297,14.850000000000001,-40.97755813598633,24.563434600830078,0.005522228887252829,0.18225297704704926,-0.007195193528342049,-0.002771192712631019,24,-38.881305293802995,24.57639670353415,0.00275103617462181,4.0,3.817747022952951,-0.013173245824873447,0.5,0.0,0,0,0,0.0007123015820980072,0.0,0.0
298,14.9,-40.96348571777344,24.563297271728516,0.005724036160637388,0.34078498196091506,-0.007371235792991241,-0.002972999986024078,22,-38.88165133760789,24.576395751552724,0.00275103617461331,4.0,3.659215018039085,-0.01313693355768919,0.5,0.0,0,0,0,3.631226718425751e-05,0.0,0.0
299,14.950000000000001,-40.94136428833008,24.563302993774414,0.005530715632632854,0.46368985990416817,-0.007426370544591452,-0.002779679458007725,21,-38.79866480735376,24.5766240510754,0.0027510361746251296,4.0,3.5363101400958317,0.0,0.0,1.0,0,0,1,0.01313693355768919,-0.5,1.0
300,15.0,-40.935935974121094,24.563289642333984,0.005573508782250415,0.00020520982120296536,-0.007454655404466664,-0.0028224726076497195,26,-38.88805082446015,24.57637814628848,0.0027510361746006956,4.0,3.999794790178797,-0.014458571560680866,0.5,0.0,0,0,0,-0.014458571560680866,0.5,-1.0
301,15.05,-40.93494415283203,24.56328773498535,0.005566925780930875,0.09972606777696054,-0.007459291278645111,-0.0028158896063093693,25,-38.84384246124381,24.576499765401724,0.0027510361746215057,4.0,3.9002739322230395,-0.013923529535531998,0.5,0.0,0,0,0,0.0005350420251488686,0.0,0.0
302,15.100000000000001,-40.9293212890625,24.563261032104492,0.005562238721442066,0.18375233643058797,-0.007501462740599185,-0.0028112025468300453,24,-38.83022052111792,24.576537239946315,0.002751036174612021,4.0,3.816247663569412,-0.013560136780142784,0.5,0.0,0,0,0,0.00036339275538921356,0.0,0.0
303,15.15,-40.91823959350586,24.563188552856445,0.005441184526033054,0.27342977712371436,-0.007604427821231655,-0.0026901483513993305,23,-38.80515781229274,24.576606188538868,0.0027510361746337234,4.0,3.7265702228762856,-0.013018428348004818,0.5,0.0,0,0,0,0.0005417084321379662,0.0,0.0
304,15.200000000000001,-40.90032196044922,24.563173294067383,0.005335674973041428,0.4200969095155584,-0.0076689785471040035,-0.002584638798420236,22,-38.67744589223116,24.576957529537225,0.002751036174621192,4.0,3.5799030904844416,-0.012294226326048374,0.5,0.0,0,0,0,0.0007242020219564438,0.0,0.0
305,15.25,-40.87546157836914,24.563161849975586,0.0052302387610095105,0.5434655333156341,-0.007748814319773452,-0.0024792025864016393,20,-38.75377288863617,24.576747550679293,0.0027510361746078712,4.0,3.456534466684366,0.0,0.0,1.0,0,0,1,0.012294226326048374,-0.5,1.0
306,15.3,-40.86650466918945,24.563249588012695,0.005030266572063583,0.0004228151734131671,-0.007685717364725203,-0.002279230397438379,26,-38.81818168487915,24.57657035930386,0.0027510361746252046,4.0,3.999577184826587,-0.013565455563366413,0.5,0.0,0,0,0,-0.013565455563366413,0.5,-1.0
307,15.350000000000001,-40.86550521850586,24.56324577331543,0.005024006062907296,0.10083549027482047,-0.007692281569112178,-0.0022729698883019894,25,-38.77223155988521,24.576696770078847,0.0027510361746053064,4.0,3.8991645097251797,-0.013012506067752838,0.5,0.0,0,0,0,0.000552949495613575,0.0,0.0
308,15.4,-40.85820388793945,24.56324577331543,0.0049584278016586965,0.16101081529850197,-0.007712367768291558,-0.0022073916270560277,24,-38.80231242941773,24.576614016309833,0.002751036174602669,4.0,3.838989184701498,-0.012597664259374142,0.5,0.0,0,0,0,0.00041484180837869644,0.0,0.0
309,15.450000000000001,-40.84422302246094,24.56324577331543,0.004902022361860008,0.34172563368496345,-0.007750829586436369,-0.0021509861872454367,22,-38.760716905212796,24.576728447390302,0.002751036174614571,4.0,3.6582743663150366,-0.011738246306777,0.5,0.0,0,0,0,0.0008594179525971413,0.0,0.0
310,15.5,-40.8232307434082,24.563135147094727,0.004960912551761686,0.4452416341386036,-0.007919205834721641,-0.0022098763771400062,21,-38.712171211708295,24.57686199868617,0.00275103617462168,4.0,3.5547583658613964,0.0,0.0,1.0,0,0,1,0.011738246306777,-0.5,1.0
311,15.55,-40.81841278076172,24.563087463378906,0.004978534667888794,0.00020452685711321258,-0.007980143742943117,-0.0022274984932827216,26,-38.77053045930757,24.576701449879877,0.0027510361746060728,4.0,3.999795473142887,-0.013789752498269081,0.5,0.0,0,0,0,-0.013789752498269081,0.5,-1.0
312,15.600000000000001,-40.81741714477539,24.563085556030273,0.004972271557989255,0.09972672165286513,-0.007984790111475636,-0.0022212353833613555,25,-38.72631562475339,24.57682308679605,0.0027510361746278995,4.0,3.900273278347135,-0.013218455947935581,0.5,0.0,0,0,0,0.0005712965503334999,0.0,0.0
313,15.65,-40.81167984008789,24.563066482543945,0.004955734992095544,0.18390213385159956,-0.008019647038482635,-0.002204698817479126,24,-38.71229588997723,24.576861655690877,0.002751036174616418,4.0,3.8160978661484006,-0.012794037349522114,0.5,0.0,0,0,0,0.0004244185984134674,0.0,0.0
314,15.700000000000001,-40.7991943359375,24.56294822692871,0.005091846450636511,0.3214066622414498,-0.008172250236486826,-0.0023408102760242525,23,-38.597836989175406,24.577176537061852,0.002751036174612259,4.0,3.6785933377585502,-0.012613436207175255,0.5,0.0,0,0,0,0.00018060114234685898,0.0,0.0
315,15.75,-40.779266357421875,24.56294059753418,0.0049098277125080025,0.44214868641850824,-0.00823470212278808,-0.002158791537900866,21,-38.67351208277291,24.57696835161665,0.0027510361746071366,4.0,3.5578513135814918,0.0,0.0,1.0,0,0,1,0.012613436207175255,-0.5,1.0
316,15.8,-40.773643493652344,24.562894821166992,0.005032301393583972,0.0001993499928499024,-0.00829594699887648,-0.0022812652189773837,26,-38.725772476171855,24.576824581021214,0.0027510361746065884,4.0,3.99980065000715,-0.014260903000831604,0.5,0.0,0,0,0,-0.014260903000831604,0.5,-1.0
317,15.850000000000001,-40.77265167236328,24.56289291381836,0.005025819821251262,0.09966087757406968,-0.008300582873080602,-0.0022747836466364365,25,-38.6816799691103,24.57694588140918,0.0027510361746148257,4.0,3.9003391224259305,-0.013667252846062183,0.5,0.0,0,0,0,0.0005936501547694206,0.0,0.0
318,15.9,-40.76740646362305,24.562917709350586,0.004919691811514303,0.18371869106633903,-0.00829021717547659,-0.002168655636903562,24,-38.66837180112881,24.576982492753075,0.0027510361746107413,4.0,3.816281308933661,-0.012990940362215042,0.5,0.0,0,0,0,0.0006763124838471413,0.0,0.0
319,15.950000000000001,-40.7562370300293,24.56290626525879,0.004815521641297474,0.24651310138931076,-0.008332388701071568,-0.002064485466684581,23,-38.69268375626895,24.57691560951628,0.002751036174612893,4.0,3.753486898610689,-0.012509699910879135,0.5,0.0,0,0,0,0.000481240451335907,0.0,0.0
320,16.0,-40.7374153137207,24.562902450561523,0.004690343187239392,0.4152998966885681,-0.008387982541025837,-0.0019393070126284308,22,-38.52307188779801,24.57738221907922,0.002751036174610961,4.0,3.584700103311432,0.0,0.0,1.0,0,0,1,0.012509699910879135,-0.5,1.0
321,16.05,-40.73274230957031,24.562801361083984,0.005024642724855393,0.00017828582047819984,-0.008501927223258331,-0.0022736065502339986,26,-38.684914305404625,24.576936983610587,0.0027510361746213943,4.0,3.9998217141795216,-0.014477563090622425,0.5,0.0,0,0,0,-0.014477563090622425,0.5,-1.0
322,16.1,-40.731746673583984,24.56279945373535,0.005018076888441317,0.09956561859284756,-0.008506573591824908,-0.002267040713815746,25,-38.64096208766039,24.57705789805659,0.0027510361746255706,4.0,3.9004343814071523,-0.013869674876332283,0.5,0.0,0,0,0,0.0006078882142901421,0.0,0.0
323,16.150000000000002,-40.72640609741211,24.56278419494629,0.005026153236536172,0.15990660170901347,-0.008536524422904115,-0.002275117061934205,24,-38.67261491409279,24.57697081976637,0.002751036174601967,4.0,3.8400933982909864,-0.013588620349764824,0.5,0.0,0,0,0,0.0002810545265674591,0.0,0.0
324,16.2,-40.7150764465332,24.562685012817383,0.005134567299591665,0.24663632620851447,-0.00866687441654447,-0.0023835311249646644,23,-38.651297364218294,24.577029465265177,0.002751036174627001,4.0,3.7533636737914855,-0.013510996475815773,0.5,0.0,0,0,0,7.76238739490509e-05,0.0,0.0
325,16.25,-40.696834564208984,24.56268310546875,0.004830386449428779,0.40889979823431377,-0.008718965772863135,-0.0020793502748196464,22,-38.49387351821205,24.577462545052832,0.0027510361746091324,4.0,3.5911002017656863,0.0,0.0,1.0,0,0,1,0.013510996475815773,-0.5,1.0
326,16.3,-40.69243240356445,24.562673568725586,0.004867340410296881,0.0001785795356280738,-0.008740612967824659,-0.0021163042356784215,26,-38.64460446710499,24.5770478777137,0.0027510361746184596,4.0,3.999821420464372,-0.014413549564778805,0.5,0.0,0,0,0,-0.014413549564778805,0.5,-1.0
327,16.35,-40.691436767578125,24.56266975402832,0.004860823467855943,0.09959851969147233,-0.00874716667786227,-0.0021097872932613333,25,-38.60058841539059,24.577168967769705,0.0027510361745946093,4.0,3.9004014803085276,-0.013790837489068508,0.5,0.0,0,0,0,0.0006227120757102966,0.0,0.0
328,16.400000000000002,-40.686073303222656,24.56267738342285,0.004766276567820276,0.16473763075704864,-0.008754292378004454,-0.0020152403932016923,24,-38.62310380118606,24.577107026972637,0.0027510361746185836,4.0,3.8352623692429515,-0.013233557343482971,0.5,0.0,0,0,0,0.000557280145585537,0.0,0.0
329,16.45,-40.67368698120117,24.562702178955078,0.004687569234486776,0.2961863801785706,-0.008763572116581242,-0.001936533059871085,23,-38.51873641178387,24.577394146160657,0.0027510361746156914,4.0,3.7038136198214295,-0.012420774437487125,0.5,0.0,0,0,0,0.0008127829059958458,0.0,0.0
330,16.5,-40.65411376953125,24.562604904174805,0.0049144029400369745,0.43515950985638835,-0.008914693074209576,-0.0021633667654287693,21,-38.56034776629039,24.577279671530345,0.002751036174608205,4.0,3.5648404901436117,0.0,0.0,1.0,0,0,1,0.012420774437487125,-0.5,1.0
331,16.55,-40.64968490600586,24.562652587890625,0.004852297711327136,0.00018294557785915167,-0.008879193487231238,-0.0021012615367186353,26,-38.60184855493379,24.57716550107149,0.002751036174608501,4.0,3.9998170544221407,-0.014538094401359558,0.5,0.0,0,0,0,-0.014538094401359558,0.5,-1.0
332,16.6,-40.64868927001953,24.56264877319336,0.004845737596548215,0.0995052740879862,-0.008885747197216937,-0.002094701421936701,25,-38.55802390604369,24.577286064570078,0.0027510361746115137,4.0,3.9004947259120137,-0.01390614453703165,0.5,0.0,0,0,0,0.0006319498643279076,0.0,0.0
333,16.650000000000002,-40.64316177368164,24.562667846679688,0.0047947796735652295,0.14573164620296994,-0.008881880106247745,-0.0020437434989461155,25,-38.46197009619047,24.57755031274232,0.002751036174619114,4.0,3.85426835379703,-0.013528634794056416,0.5,0.0,0,0,0,0.000377509742975235,0.0,0.0
334,16.7,-40.631412506103516,24.56258773803711,0.004946236037441828,0.26980329346938126,-0.008994311065083938,-0.0021951998628396605,23,-38.525007270114116,24.577376894759023,0.0027510361746021675,4.0,3.7301967065306187,-0.013314426876604557,0.5,0.0,0,0,0,0.00021420791745185852,0.0,0.0
335,16.75,-40.6125373840332,24.56261444091797,0.004476112163339883,0.42637664317492635,-0.00902172090857787,-0.0017261278516817928,22,-38.378497629814476,24.577779785702166,0.0027499843116580904,4.0,3.5736233568250735,0.0,0.0,1.0,0,0,1,0.013314426876604557,-0.5,1.0
336,16.8,-40.60829162597656,24.56251335144043,0.00469433636842856,0.00019258209702144777,-0.00913230367765779,-0.0019433001938234606,26,-38.56043655678962,24.577279427263854,0.002751036174605099,4.0,3.9998074179029786,-0.014488930813968182,0.5,0.0,0,0,0,-0.014488930813968182,0.5,-1.0
337,16.85,-40.6072998046875,24.562511444091797,0.004687800180487556,0.0994187584278183,-0.00913693955188285,-0.0019367640058853726,25,-38.51680456067008,24.57739946076636,0.0027510361746021835,4.0,3.9005812415721817,-0.013837822712957859,0.5,0.0,0,0,0,0.0006511081010103226,0.0,0.0
338,16.900000000000002,-40.60114288330078,24.56240463256836,0.004909084420086572,0.19276273866042656,-0.009260688563206639,-0.002158048245472799,24,-38.48492727702375,24.577487156548056,0.0027510361746137728,4.0,3.8072372613395733,-0.013895830139517784,0.5,0.0,0,0,0,-5.800742655992508e-05,0.0,0.0
339,16.95,-40.58958053588867,24.562355041503906,0.004887864435744605,0.2525257722615045,-0.009342087835845418,-0.0021368282611161186,23,-38.5149667796036,24.577404516581314,0.0027510361746284863,4.0,3.7474742277384956,-0.01361236535012722,0.5,0.0,0,0,0,0.00028346478939056396,0.0,0.0
340,17.0,-40.57156753540039,24.562328338623047,0.004430077447332992,0.4357101614152649,-0.009418344969106558,-0.0016790412727034961,21,-38.47685856000789,24.57750935393645,0.002751036174629496,4.0,3.564289838584735,0.0,0.0,1.0,0,0,1,0.01361236535012722,-0.5,1.0
341,17.05,-40.568031311035156,24.562286376953125,0.004504049347353194,0.00018066451282450834,-0.00947003474914573,-0.0017530131727365875,26,-38.5202011889118,24.577390116495625,0.002751036174616607,4.0,3.9998193354871754,-0.014467084780335426,0.5,0.0,0,0,0,-0.014467084780335426,0.5,-1.0
342,17.1,-40.567039489746094,24.562284469604492,0.004497519921344647,0.09936928683731978,-0.009474670623379814,-0.00174648374673508,25,-38.476642060449095,24.57750994953607,0.0027510361746095665,4.0,3.90063071316268,-0.013792527839541435,0.5,0.0,0,0,0,0.0006745569407939911,0.0,0.0
343,17.150000000000002,-40.561119079589844,24.562328338623047,0.004273797745021178,0.17131043605072452,-0.009447089012772539,-0.0015227615704019527,24,-38.48566320909893,24.577485131967187,0.002751036174619225,4.0,3.8286895639492755,-0.01285616960376501,0.5,0.0,0,0,0,0.0009363582357764244,0.0,0.0
344,17.2,-40.54848861694336,24.562320709228516,0.004257043236842947,0.29026512117270287,-0.009489465194271598,-0.0015060070622352761,23,-38.40443512866746,24.577708593918583,0.0027510361746076704,4.0,3.7097348788272972,-0.012225321494042873,0.5,0.0,0,0,0,0.0006308481097221375,0.0,0.0
345,17.25,-40.53014373779297,24.562274932861328,0.0042353634410940205,0.39758543452664996,-0.009590625683431293,-0.0014867501660089846,22,-38.34730571976075,24.57786538743582,0.002748613275085036,4.0,3.60241456547335,0.0,0.0,1.0,0,0,1,0.012225321494042873,-0.5,1.0
346,17.3,-40.52567672729492,24.562213897705078,0.0043802529282592415,0.00017903214301182477,-0.009659032567988207,-0.0016292167536467181,26,-38.47785041662666,24.577506625296124,0.0027510361746125233,4.0,3.999820967856988,-0.014417942613363266,0.5,0.0,0,0,0,-0.014417942613363266,0.5,-1.0
347,17.35,-40.52468490600586,24.562211990356445,0.004373755751467019,0.09942925587055067,-0.009663668442226223,-0.00162271957686349,25,-38.43417056003889,24.577626790464844,0.002751036174603529,4.0,3.9005707441294493,-0.013729813508689404,0.5,0.0,0,0,0,0.0006881291046738625,0.0,0.0
348,17.400000000000002,-40.518898010253906,24.562257766723633,0.0041563658648135935,0.16925569023072032,-0.009633812187691507,-0.0014053296901891926,24,-38.447346658004875,24.577590542451258,0.002751036174624401,4.0,3.8307443097692797,-0.012808410450816154,0.5,0.0,0,0,0,0.000921403057873249,0.0,0.0
349,17.45,-40.50637435913086,24.562257766723633,0.0041617559052034275,0.31012232746650104,-0.00967508742109922,-0.0014140848689074654,23,-38.32578424218117,24.577924450051366,0.002747671036295962,4.0,3.689877672533499,0.0,0.0,1.0,0,0,1,0.012808410450816154,-0.5,1.0
350,17.5,-40.50475311279297,24.56226348876953,0.004132989604241368,8.632676359716393e-05,-0.00966700323898165,-0.001381953429625795,26,-38.457113624783474,24.57756367310455,0.002751036174615573,4.0,3.999913673236403,-0.013902771286666393,0.5,0.0,0,0,0,-0.013902771286666393,0.5,-1.0
351,17.55,-40.50376510620117,24.562257766723633,0.004126820901321877,0.09825432480275569,-0.009675443301690756,-0.0013757847267155108,25,-38.41555169073965,24.577678011777035,0.0027510361746063664,4.0,3.9017456751972444,-0.013227978721261024,0.5,0.0,0,0,0,0.0006747925654053688,0.0,0.0
352,17.6,-40.49949645996094,24.562246322631836,0.0041001110080491985,0.16173654207639404,-0.009698630535571746,-0.0013490748334317928,24,-38.442231614251725,24.577604614157156,0.0027510361746174057,4.0,3.838263457923606,-0.012799516320228577,0.5,0.0,0,0,0,0.0004284624010324478,0.0,0.0
353,17.650000000000002,-40.48795700073242,24.562164306640625,0.004132152685062865,0.26919830774584774,-0.009814148471919658,-0.0013820153459791693,23,-38.38266719442249,24.577768342928756,0.0027501373390836957,4.0,3.7308016922541523,-0.012379108928143978,0.5,0.0,0,0,0,0.00042040739208459854,0.0,0.0
354,17.7,-40.47080612182617,24.56218719482422,0.003835793830304785,0.4027184315565815,-0.00984767885730006,-0.0010901510834615043,22,-38.27884065086566,24.578053280020214,0.0027456427468432808,4.0,3.5972815684434183,0.0,0.0,1.0,0,0,1,0.012379108928143978,-0.5,1.0
355,17.75,-40.46891403198242,24.56216049194336,0.003907160045660779,0.00013865617266384004,-0.009868594158834256,-0.0011561238710557993,26,-38.42116965765184,24.577662556507843,0.0027510361746049795,4.0,3.999861343827336,-0.013653120025992393,0.5,0.0,0,0,0,-0.013653120025992393,0.5,-1.0
356,17.8,-40.46792221069336,24.562158584594727,0.0039010425773833525,0.09899481804235286,-0.009875339160583658,-0.001151094653324161,25,-38.37825921419916,24.577780439999707,0.0027499479240591916,4.0,3.9010051819576472,-0.012959200888872147,0.5,0.0,0,0,0,0.0006939191371202469,0.0,0.0
357,17.85,-40.46273422241211,24.5621337890625,0.003922465159624653,0.17293647188765984,-0.00991390486968467,-0.0011722624412556734,24,-38.384190180650826,24.577764163310988,0.0027502027183689795,4.0,3.82706352811234,-0.01257793977856636,0.5,0.0,0,0,0,0.00038126111030578613,0.0,0.0
358,17.900000000000002,-40.452430725097656,24.562049865722656,0.004033846150582063,0.1989264639303815,-0.010031386125533406,-0.0012862613745357487,24,-38.32450619444193,24.5779279574705,0.0027475847760463144,4.0,3.8010735360696186,-0.012781817466020584,0.5,0.0,0,0,0,-0.00020387768745422363,0.0,0.0
359,17.95,-40.435672760009766,24.562074661254883,0.003957685204966626,0.37083635683413124,-0.01005482872490696,-0.0012111645067234321,22,-38.300404609139704,24.577994100822483,0.002746520698243194,4.0,3.6291636431658687,0.0,0.0,1.0,0,0,1,0.012781817466020584,-0.5,1.0
360,18.0,-40.4310302734375,24.562164306640625,0.003744951949105961,0.0001640964596414979,-0.00997064560103267,-0.0009947841985910163,26,-38.38323491420225,24.57776678490306,0.002750167750514945,4.0,3.9998359035403586,-0.013427616097033024,0.5,0.0,0,0,0,-0.013427616097033024,0.5,-1.0
361,18.05,-40.43003463745117,24.562162399291992,0.003738865169598909,0.09952777051727023,-0.009979083714848253,-0.0009906335972154874,25,-38.339328223065024,24.577887280533943,0.0027482315723834218,4.0,3.90047222948273,-0.012723454274237156,0.5,0.0,0,0,0,0.0007041618227958679,0.0,0.0
362,18.1,-40.424503326416016,24.562108993530273,0.003810145040278935,0.18922942005809962,-0.010049874182093698,-0.0010629933369026294,24,-38.31500315813855,24.577954037193773,0.0027471517033763057,4.0,3.8107705799419005,-0.012383206747472286,0.5,0.0,0,0,0,0.0003402475267648697,0.0,0.0
363,18.150000000000002,-40.41346740722656,24.56204605102539,0.003793545536398525,0.27243987974254646,-0.010144314801264091,-0.0010469701998500613,23,-38.30221402254794,24.577989135146307,0.002746575336548464,4.0,3.7275601202574533,-0.01196354441344738,0.5,0.0,0,0,0,0.00041966233402490616,0.0,0.0
364,18.2,-40.39541244506836,24.561918258666992,0.003865861283115835,0.3613315144966908,0.000222138586829259,-0.0009322234005214023,22,-38.277019712781424,24.56791073412207,0.0029336378825944327,4.0,3.638668485503309,0.0,0.0,1.0,0,0,1,0.01196354441344738,-0.5,1.0
365,18.25,-40.39054489135742,24.561840057373047,0.0040620629144949676,0.0001829567560682049,3.8224057376553926e-05,-0.0011737987145583944,26,-38.342684661380424,24.567716610992125,0.002888264199936573,4.0,3.9998170432439317,-0.0018239901401102543,0.5,0.0,0,0,0,-0.0018239901401102543,0.5,-1.0
366,18.3,-40.389549255371094,24.561845779418945,0.004061234057620546,0.09957797816317664,0.00010128803977819609,-0.001142739361825493,25,-38.29871765605538,24.567846589205313,0.002918494695795053,4.0,3.9004220218368233,-0.0016913653817027807,0.5,0.0,0,0,0,0.00013262475840747356,0.0,0.0
367,18.35,-40.38429641723633,24.5618839263916,0.004026412186070459,0.17273963483062396,0.00011492220827044337,-0.0011124700024689087,24,-38.30609960072555,24.567824766204836,0.00291394218360155,4.0,3.827260365169376,-0.0016754174139350653,0.5,0.0,0,0,0,1.5947967767715454e-05,0.0,0.0
368,18.400000000000002,-40.373573303222656,24.561935424804688,0.0038387667399161812,0.27154463475458074,0.00019434898120923323,-0.0008959290736720977,23,-38.26393974721466,24.567949401994497,0.0029428376662440836,4.0,3.728455365245419,0.0,0.0,1.0,0,0,1,0.0016754174139350653,-0.5,1.0
369,18.45,-40.3717041015625,24.561914443969727,0.003857174280505403,8.100444751512058e-05,8.315375224888198e-05,-0.0009561015196609887,26,-38.32404925270068,24.56777170223849,0.002901072760844414,4.0,3.999918995552485,-0.0012978457380086184,0.5,0.0,0,0,0,-0.0012978457380086184,0.5,-1.0
370,18.5,-40.3707160949707,24.561918258666992,0.0038565870326790945,0.09835225662590201,0.0001418488985618846,-0.0009267600065340303,25,-38.282284809880245,24.567895169088516,0.0029298270261450643,4.0,3.901647743374098,-0.0011799200437963009,0.5,0.0,0,0,0,0.00011792569421231747,0.0,0.0
371,18.55,-40.366355895996094,24.56192970275879,0.0038546211308548846,0.16550473129970455,0.0001146333230034732,-0.000937583707558648,24,-38.301905356633185,24.567837165510834,0.0029170374232962365,4.0,3.8344952687002953,-0.0013101884396746755,0.5,0.0,0,0,0,-0.00013026839587837458,0.0,0.0
372,18.6,-40.35580062866211,24.561986923217773,0.003733067852815808,0.25323179554015685,0.00017217684335968982,-0.0008006264111802904,23,-38.27986255272087,24.567902329927765,0.0029324414416355177,4.0,3.746768204459843,-0.0009818424005061388,0.5,0.0,0,0,0,0.00032834603916853666,0.0,0.0
373,18.650000000000002,-40.33890151977539,24.561979293823242,0.003861286055586863,0.3700408220649494,0.00016403242176471315,-0.0009050275253311328,22,-38.20502109984284,24.568123581255794,0.00295625853025573,4.0,3.6299591779350506,0.0,0.0,1.0,0,0,1,0.0009818424005061388,-0.5,1.0
374,18.7,-40.3337287902832,24.562063217163086,0.0036741116040355285,0.00017406190105968359,0.00017335583705599747,-0.0007468140003378042,26,-38.28588633012123,24.567884522032564,0.0029272976036977243,4.0,3.9998259380989403,-0.0007239996921271086,0.5,0.0,0,0,0,-0.0007239996921271086,0.5,-1.0
375,18.75,-40.33273696899414,24.56206512451172,0.0036737813096425205,0.09945468810505756,0.00023163875588141317,-0.0007175227793947293,25,-38.24214666902746,24.568013828155472,0.0029562585302477912,4.0,3.9005453118949425,-0.0006065170164220035,0.5,0.0,0,0,0,0.00011748267570510507,0.0,0.0
376,18.8,-40.32786178588867,24.562042236328125,0.003788688128226708,0.1386121678173852,0.000194338391641102,-0.0008324295979845304,25,-38.16058852738886,24.568254935809787,0.0029562585302421777,4.0,3.861387832182615,-0.0008917468367144465,0.5,0.0,0,0,0,-0.00028522982029244304,0.0,0.0
377,18.85,-40.31647872924805,24.56204605102539,0.0038427440565715117,0.30422665506653196,0.00016450186296893508,-0.0008864855263253945,23,-38.14671068171681,24.56829596242895,0.002956258530246117,4.0,3.695773344933468,0.0,0.0,1.0,0,0,1,0.0008917468367144465,-0.5,1.0
378,18.900000000000002,-40.31496810913086,24.562007904052734,0.003935037412579293,7.950581969127793e-05,8.87250877996456e-05,-0.0009949750226647806,26,-38.26731648800615,24.567939419446645,0.002940062389914513,4.0,3.9999204941803086,-0.0013330904766917229,0.5,0.0,0,0,0,-0.0013330904766917229,0.5,-1.0
379,18.95,-40.3139762878418,24.56201171875,0.003934408812935278,0.09835724719788948,0.00012277188462613345,-0.000978150282687591,25,-38.22553543763733,24.568062935393023,0.0029562585302476867,4.0,3.9016427528021107,-0.0012638570042327046,0.5,0.0,0,0,0,6.923347245901823e-05,0.0,0.0
380,19.0,-40.30963897705078,24.562023162841797,0.003935513348594415,0.1641960257279531,0.0001183732895794435,-0.0009807196504700928,24,-38.24767517526632,24.567997484414132,0.0029547936981243225,4.0,3.835803974272047,-0.0013628052547574043,0.5,0.0,0,0,0,-9.894825052469969e-05,0.0,0.0
381,19.05,-40.29951477050781,24.562074661254883,0.0038900333711231823,0.21789293284711234,0.0001429621927532751,-0.0009337748408786567,24,-38.1355272309686,24.568329023696936,0.0029562585302445256,4.0,3.7821070671528876,-0.0011888231383636594,0.5,0.0,0,0,0,0.00017398211639374495,0.0,0.0
382,19.1,-40.28166961669922,24.562185287475586,0.003733042625606263,0.41037996505973784,0.00020083311869736106,-0.0007767840953725861,22,-38.07605296570676,24.568504845513143,0.002956258530233677,4.0,3.5896200349402623,0.0,0.0,1.0,0,0,1,0.0011888231383636594,-0.5,1.0
383,19.150000000000002,-40.27981948852539,24.56215476989746,0.003811901842345682,0.00013491823806095638,0.000164846224730523,-0.0008556433120961338,26,-38.23205609248037,24.568043658595364,0.002956258530249548,4.0,3.9998650817619392,-0.0009262949461117387,0.5,0.0,0,0,0,-0.0009262949461117387,0.5,-1.0
384,19.200000000000003,-40.278831481933594,24.56216049194336,0.003811490664837536,0.0990645886178637,0.0001676474469489873,-0.0008552321345957291,25,-38.18900530276231,24.568170928230458,0.002956258530241807,4.0,3.9009354113821364,-0.0009604799561202526,0.5,0.0,0,0,0,-3.418501000851393e-05,0.0,0.0
385,19.25,-40.27381896972656,24.56219482421875,0.003736728659017366,0.1782420323942766,0.00018716131196762353,-0.0007804701287570264,24,-38.185167688865356,24.56818227324233,0.0029562585302603398,4.0,3.8217579676057234,-0.000809995923191309,0.5,0.0,0,0,0,0.00015048403292894363,0.0,0.0
386,19.3,-40.26185607910156,24.562347412109375,0.0034307314497672614,0.28319879445530854,0.00030438318982582615,-0.0004744729195339239,23,-38.130778736446246,24.568343061515268,0.0029562585302333375,4.0,3.7168012055446913,0.0,0.0,1.0,0,0,1,0.000809995923191309,-0.5,1.0
387,19.35,-40.25999450683594,24.562355041503906,0.0034224335183473333,8.773408488910543e-05,0.0003065092701722656,-0.0004661749881000369,26,-38.21232579141553,24.568101986636112,0.0029562585302472964,4.0,3.999912265915111,5.7594246754888445e-05,0.5,0.0,0,0,0,5.7594246754888445e-05,0.5,-1.0
388,19.400000000000002,-40.259010314941406,24.56235694885254,0.003422479551502894,0.0982293563828699,0.00030550708902875486,-0.00046622102125416266,25,-38.1708194073341,24.568224690595567,0.0029562585302487314,4.0,3.90177064361713,9.017134289024398e-06,0.5,0.0,0,0,0,-4.857711246586405e-05,0.0,0.0
389,19.450000000000003,-40.25478744506836,24.56237030029297,0.003422255367434569,0.1603589329683272,0.00030637459422408996,-0.0004659968371817872,24,-38.200113572247346,24.568138089218372,0.0029562585302527816,4.0,3.839641067031673,-1.7179689166368917e-05,0.5,0.0,0,0,0,-2.6196823455393314e-05,0.0,0.0
390,19.5,-40.24372100830078,24.562442779541016,0.0033799514176227155,0.250710575926345,0.00034613832509387387,-0.0004236928873806384,23,-38.17242161025814,24.568219954055706,0.002956258530242077,4.0,3.749289424073655,0.0,0.0,1.0,0,0,1,1.7179689166368917e-05,-0.5,1.0
391,19.55,-40.24201965332031,24.56241798400879,0.0034802613046305566,7.899058371987745e-05,0.0003163132633890089,-0.0005240027743780643,26,-38.19436852886752,24.568155073101348,0.0029562585302524923,4.0,3.9999210094162803,-5.6674984080018476e-05,0.5,0.0,0,0,0,-5.6674984080018476e-05,0.5,-1.0
392,19.6,-40.24103546142578,24.562421798706055,0.003480209289765516,0.09809394360438219,0.000317218422532242,-0.0005239507595177434,25,-38.15310970358501,24.56827704521086,0.0029562585302477726,4.0,3.901906056395618,-0.00010347890929551795,0.5,0.0,0,0,0,-4.6803925215499476e-05,0.0,0.0
393,19.650000000000002,-40.23686599731445,24.56243324279785,0.003479863390912996,0.15804161628924435,0.00031633646838306016,-0.0005236048606879077,24,-38.18659497939267,24.568178053790238,0.0029562585302250885,4.0,3.8419583837107556,-0.00013065138773526996,0.5,0.0,0,0,0,-2.7172478439752012e-05,0.0,0.0
394,19.700000000000003,-40.225677490234375,24.5625,0.0034433760033843086,0.23393081000613528,0.0003500173075532088,-0.0004871174731336126,24,-38.03121754048914,24.568637391007528,0.002956258530250696,4.0,3.7660691899938645,0.0,0.0,1.0,0,0,1,0.00013065138773526996,-0.5,1.0
395,19.75,-40.22297668457031,24.562807083129883,0.002623247483390326,0.00010237417451291644,0.0006491148274063831,0.000333011046856953,26,-38.17527751398955,24.568211511241344,0.002956258530247279,4.0,3.9998976258254872,0.0021357687655836344,0.5,0.0,0,0,0,0.0021357687655836344,0.5,-1.0
396,19.8,-40.22199249267578,24.56281280517578,0.002624186351704309,0.0981333434130378,0.0006519273268795148,0.000332072178554914,25,-38.13398864349283,24.568333572172538,0.002956258530259223,4.0,3.901866656586962,0.002065952168777585,0.5,0.0,0,0,0,-6.981659680604935e-05,0.0,0.0
397,19.85,-40.217872619628906,24.562829971313477,0.0026270320849706807,0.1555871038808135,0.000656913997452312,0.0003292264452831083,24,-38.172264204807185,24.568220419388272,0.002956258530253789,4.0,3.8444128961191866,0.00202684523537755,0.5,0.0,0,0,0,-3.9106933400034904e-05,0.0,0.0
398,19.900000000000002,-40.20722198486328,24.562824249267578,0.0028036974531892105,0.2523880032743187,0.0006197059925342023,0.00015256107705979328,23,-38.132835371117146,24.568336981553767,0.002956258530249004,4.0,3.747611996725681,0.0,0.0,1.0,0,0,1,-0.00202684523537755,-0.5,1.0
399,19.950000000000003,-40.20556640625,24.56281280517578,0.0028569065795311533,8.206189795646834e-05,0.0006033676394968622,9.935195072953169e-05,26,-38.15790829262144,24.568262859299765,0.002956258530260685,4.0,3.9999179381020435,0.0015856007812544703,0.5,0.0,0,0,0,0.0015856007812544703,0.5,-1.0
400,20.0,-40.20458221435547,24.562816619873047,0.0028575923955267138,0.09804852346050383,0.0006042727986530459,9.866613473614311e-05,25,-38.11674460340316,24.568384550161657,0.002956258530262857,4.0,3.9019514765394963,0.00151766836643219,0.5,0.0,0,0,0,-6.793241482228041e-05,0.0,0.0
401,20.05,-40.20048141479492,24.56283187866211,0.002859835276507265,0.15488777751471128,0.0006074085149685134,9.642325373274705e-05,24,-38.15620185264345,24.5682679039922,0.002956258530240012,4.0,3.8451122224852887,0.0014801528304815292,0.5,0.0,0,0,0,-3.7515535950660706e-05,0.0,0.0
402,20.1,-40.18952560424805,24.562891006469727,0.00297155644468204,0.2885692657636376,0.0006341479029822157,-1.52979144526816e-05,23,-38.04856571837395,24.568586105159266,0.0029562585302293585,4.0,3.7114307342363624,0.0,0.0,1.0,0,0,1,-0.0014801528304815292,-0.5,1.0
403,20.150000000000002,-40.187950134277344,24.562938690185547,0.002864007388832172,8.616061641216624e-05,0.0006771739207074978,9.225114140912595e-05,26,-38.14028355605796,24.568314962729357,0.002956258530241298,4.0,3.999913839383588,0.0016514546005055308,0.5,0.0,0,0,0,0.0016514546005055308,0.5,-1.0
404,20.200000000000003,-40.18696594238281,24.562944412231445,0.002864718171962952,0.09804269679956314,0.0006799864201609638,9.154035828134706e-05,25,-38.09913953089345,24.568436595459055,0.0029562585302442992,4.0,3.9019573032004367,0.0015805416041985154,0.5,0.0,0,0,0,-7.091299630701542e-05,0.0,0.0
405,20.25,-40.182861328125,24.562957763671875,0.0028680133136632746,0.15458540996196354,0.00068120351903479,8.824521659305147e-05,24,-38.13915605613563,24.56831829592033,0.002956258530256326,4.0,3.8454145900380365,0.00153633754234761,0.5,0.0,0,0,0,-4.420406185090542e-05,0.0,0.0
406,20.3,-40.17262268066406,24.563013076782227,0.0028667579348955197,0.20341666953705886,0.0007062483428463403,8.950059534610895e-05,24,-38.03613835115771,24.568622843776634,0.0029562585302416286,4.0,3.796583330462941,0.0,0.0,1.0,0,0,1,-0.00153633754234761,-0.5,1.0
407,20.35,-40.170963287353516,24.56304931640625,0.002792281750758748,7.670654896435295e-05,0.0007375822200528142,0.00016397677949539806,26,-38.12331559066507,24.568365124567922,0.002956258530254146,4.0,3.999923293451036,0.001869524479843676,0.5,0.0,0,0,0,0.001869524479843676,0.5,-1.0
408,20.400000000000002,-40.16997528076172,24.563053131103516,0.0027930687356668123,0.09802909584554616,0.0007384761019765731,0.00016318979458129247,25,-38.08217534137968,24.56848674613511,0.0029562585302481048,4.0,3.901970904154454,0.0017923763953149319,0.5,0.0,0,0,0,-7.714808452874422e-05,0.0,0.0
409,20.450000000000003,-40.16585922241211,24.56307029724121,0.0027951001762209736,0.15563810320222227,0.0007434740498091039,0.0001611583540428018,24,-38.12015366847828,24.56837447205459,0.0029562585302637754,4.0,3.8443618967977775,0.0017519580433145165,0.5,0.0,0,0,0,-4.0418352000415325e-05,0.0,0.0
410,20.5,-40.15511703491211,24.563079833984375,0.0028244607470161213,0.23721217623743182,0.000721254114096505,0.000131797783231928,24,-37.95442148162983,24.56886442067299,0.0029562585302480493,4.0,3.7627878237625683,0.0,0.0,1.0,0,0,1,-0.0017519580433145165,-0.5,1.0
411,20.55,-40.15346145629883,24.563087463378906,0.002828973556707045,8.143849822238718e-05,0.0007239891640514725,0.0001272849735574678,26,-38.10580426294542,24.568416892730678,0.0029562585302645127,4.0,3.9999185615017776,0.0017736899899318814,0.5,0.0,0,0,0,0.0017736899899318814,0.5,-1.0
412,20.6,-40.1524772644043,24.563093185424805,0.0028297516990880523,0.09802673739620522,0.0007268016634572909,0.00012650683115444494,25,-38.06468197644934,24.56853846119506,0.0029562585302424973,4.0,3.9019732626037946,0.0016997064230963588,0.5,0.0,0,0,0,-7.398356683552265e-05,0.0,0.0
413,20.650000000000002,-40.14838409423828,24.563106536865234,0.002833837466736992,0.15437118721976434,0.0007280525939593668,0.00012242106350949123,24,-38.10508571342535,24.568419016955012,0.0029562585302464832,4.0,3.8456288127802356,0.0016524576349183917,0.5,0.0,0,0,0,-4.724878817796707e-05,0.0,0.0
414,20.700000000000003,-40.13837432861328,24.56314468383789,0.00284128261444458,0.2197804898900895,0.0007366079880352198,0.00011497591581361615,24,-37.97079879205088,24.568816004968316,0.002956258530258196,4.0,3.7802195101099105,0.0,0.0,1.0,0,0,1,-0.0016524576349183917,-0.5,1.0
415,20.75,-40.137088775634766,24.56315040588379,0.0028326359233545543,7.184271623150625e-05,0.0007385295875083128,0.0001236226069055539,26,-38.08945087734861,24.568465237707183,0.002956258530260108,4.0,3.9999281572837684,0.0017799637280404568,0.5,0.0,0,0,0,0.0017799637280404568,0.5,-1.0
416,20.8,-40.13610076904297,24.563156127929688,0.00283341198514096,0.09808482288111259,0.0007413308097415977,0.0001228465451179727,25,-38.04819169052635,24.568587210885504,0.002956258530258933,4.0,3.9019151771188874,0.0017050611786544323,0.5,0.0,0,0,0,-7.490254938602448e-05,0.0,0.0
417,20.85,-40.131927490234375,24.563175201416016,0.002836338861596795,0.15842215559662148,0.0007480669395918561,0.00011991966865056245,24,-38.0809322475161,24.568490421052655,0.0029562585302473575,4.0,3.8415778444033784,0.0016627134755253792,0.5,0.0,0,0,0,-4.2347703129053116e-05,0.0,0.0
418,20.900000000000002,-40.12132263183594,24.56324577331543,0.002739124899356171,0.2629266790489293,0.0007872878731893769,0.00021713363089177285,23,-38.02754447295375,24.568648249576395,0.002956258530247944,4.0,3.7370733209510707,0.0,0.0,1.0,0,0,1,-0.0016627134755253792,-0.5,1.0
419,20.950000000000003,-40.11952209472656,24.56324005126953,0.002786341393096785,8.04755352465305e-05,0.000776243006827413,0.00016991713713456315,26,-38.07186669639088,24.56851722124357,0.002956258530231348,4.0,3.9999195244647536,0.001918282825499773,0.5,0.0,0,0,0,0.001918282825499773,0.5,-1.0
420,21.0,-40.11853790283203,24.563241958618164,0.0027871614074441503,0.09803908857656281,0.0007752408257333879,0.00016909712281361951,25,-38.03071829255499,24.56863886691779,0.00295625853025777,4.0,3.901960911423437,0.0018368304008617997,0.5,0.0,0,0,0,-8.145242463797331e-05,0.0,0.0
421,21.05,-40.11442947387695,24.563261032104492,0.002789974891494197,0.15492831496755435,0.0007821686682245805,0.00016628363874458905,24,-38.07007240442836,24.568522525649943,0.002956258530238786,4.0,3.845071685032446,0.0017961290432140231,0.5,0.0,0,0,0,-4.0701357647776604e-05,0.0,0.0
422,21.1,-40.10466384887695,24.56328582763672,0.0027170500507072617,0.18319117121567335,0.0007780944219800958,0.00023920847955055755,24,-38.00660759871205,24.568710144569778,0.0029562585302578192,4.0,3.8168088287843265,0.0,0.0,1.0,0,0,1,-0.0017961290432140231,-0.5,1.0
423,21.150000000000002,-40.1031494140625,24.563234329223633,0.002854830406193057,7.174241643207053e-05,0.0007221191795886619,0.00010142812405384422,26,-38.05551176413831,24.568565570792405,0.0029562585302469013,4.0,3.999928257583568,0.0017092813504859805,0.5,0.0,0,0,0,0.0017092813504859805,0.5,-1.0
424,21.200000000000003,-40.1021614074707,24.56324005126953,0.0028555736986144876,0.09812239194050573,0.0007249204018370077,0.00010068483163898877,25,-38.01417880279302,24.568687762067924,0.0029562585302534763,4.0,3.901877608059494,0.0016358678694814444,0.5,0.0,0,0,0,-7.341348100453615e-05,0.0,0.0
425,21.25,-40.09796142578125,24.56325912475586,0.002858077954291868,0.15961072700482523,0.0007315775911666302,9.818057594169864e-05,24,-38.044707953734886,24.568597509742112,0.0029562585302335665,4.0,3.840389272995175,0.0015943701146170497,0.5,0.0,0,0,0,-4.1497754864394665e-05,0.0,0.0
426,21.3,-40.08675765991211,24.56327247619629,0.002918450827921528,0.2806311168041947,0.0007118077930916072,3.78077023201525e-05,23,-37.960403689006526,24.568846735669887,0.0029562585302416807,4.0,3.719368883195805,0.0,0.0,1.0,0,0,1,-0.0015943701146170497,-0.5,1.0
427,21.35,-40.08525466918945,24.56329345703125,0.002861349689302922,8.369313842359916e-05,0.00072834531374416,9.490884096087287e-05,26,-38.03759292153809,24.568618543678014,0.002956258530263795,4.0,3.9999163068615764,0.001699840766377747,0.5,0.0,0,0,0,0.001699840766377747,0.5,-1.0
428,21.400000000000002,-40.08427429199219,24.563297271728516,0.00286208986083245,0.0980364779956331,0.0007292617501075543,9.416866942969088e-05,25,-37.99645992285303,24.56874014381049,0.002956258530262141,4.0,3.9019635220043667,0.0016242340207099915,0.5,0.0,0,0,0,-7.56067456677556e-05,0.0,0.0
429,21.450000000000003,-40.08018112182617,24.56331443786621,0.002867338680863698,0.15426303925640653,0.0007343273611842187,8.891984939266148e-05,24,-38.037088204674106,24.568620035755895,0.0029562585302563595,4.0,3.8457369607435936,0.0015787443844601512,0.5,0.0,0,0,0,-4.548963624984026e-05,0.0,0.0
430,21.5,-40.070098876953125,24.563323974609375,0.0029517169348582503,0.2575725666428192,0.0007140583836574175,4.541595386311267e-06,23,-37.98617244689569,24.56877055633764,0.0029562585302445616,4.0,3.742427433357181,0.0,0.0,1.0,0,0,1,-0.0015787443844601512,-0.5,1.0
431,21.55,-40.06829071044922,24.563358306884766,0.0028739518508049612,8.012094103624312e-05,0.0007430451091885414,8.230667945388539e-05,26,-38.02063611995859,24.56866867251336,0.0029562585302588466,4.0,3.9999198790589636,0.001687231590040028,0.5,0.0,0,0,0,0.001687231590040028,0.5,-1.0
432,21.6,-40.06731033325195,24.56336212158203,0.0028746821395101312,0.09804198168752255,0.0007439615455455094,8.157639074398131e-05,25,-37.97948514531105,24.568790325787585,0.0029562585302541126,4.0,3.9019580183124773,0.0016107726842164993,0.5,0.0,0,0,0,-7.645890582352877e-05,0.0,0.0
433,21.650000000000002,-40.06320571899414,24.56338119506836,0.0028771671496874464,0.15490114538964628,0.0007509006653156737,7.909138058071006e-05,24,-38.01890035947349,24.56867380388505,0.0029562585302681564,4.0,3.8450988546103537,0.0015721875242888927,0.5,0.0,0,0,0,-3.858515992760658e-05,0.0,0.0
434,21.700000000000003,-40.053123474121094,24.56339454650879,0.0029659227146494917,0.24506571915267278,0.0007344463683509562,-9.66418440957479e-06,23,-37.992209486228795,24.568752709236623,0.002956258530239917,4.0,3.754934280847327,0.0,0.0,1.0,0,0,1,-0.0015721875242888927,-0.5,1.0
435,21.75,-40.05150604248047,24.56336784362793,0.003087861422838519,7.565044318357313e-05,0.0007029620650636816,-0.00013160289259517679,26,-38.00386057208343,24.568718265514338,0.002956258530243342,4.0,3.9999243495568164,0.0011854638578370214,0.5,0.0,0,0,0,0.0011854638578370214,0.5,-1.0
436,21.8,-40.0505256652832,24.563373565673828,0.00308838781327273,0.09807184173988409,0.000705785841739406,-0.00013212928302418605,25,-37.96264210841944,24.568840118304124,0.002956258530248544,4.0,3.901928158260116,0.0011143721640110016,0.5,0.0,0,0,0,-7.109169382601976e-05,0.0,0.0
437,21.85,-40.0463752746582,24.563390731811523,0.003090004175203867,0.1571946665696458,0.000710682294634243,-0.00013374564494044675,24,-37.99771235639552,24.56873644128236,0.00295625853026342,4.0,3.8428053334303542,0.0,0.0,1.0,0,0,1,-0.0011143721640110016,-0.5,1.0
438,21.900000000000002,-40.045040130615234,24.56339454650879,0.0030883142122386975,3.353095107162723e-05,0.0007105499499725949,-0.0001320556819955302,26,-37.99747950953936,24.56873712963987,0.0029562585302431673,4.0,3.9999664690489283,0.0011921689147129655,0.5,0.0,0,0,0,0.0011921689147129655,0.5,-1.0
439,21.950000000000003,-40.0440673828125,24.563400268554688,0.003088814855314713,0.09686752560379903,0.0007133962811146496,-0.0001325563250477134,25,-37.958542246928474,24.56885223858994,0.002956258530267,4.0,3.903132474396201,0.0011215037666261196,0.5,0.0,0,0,0,-7.066514808684587e-05,0.0,0.0
440,22.0,-40.04111099243164,24.563417434692383,0.0030769978582004622,0.05443893137498945,0.0007218225022358497,-0.00012073932793952918,26,-37.88392393714007,24.569072830247382,0.002956258530260933,4.0,3.9455610686250107,0.001186092384159565,0.5,0.0,0,0,0,6.458861753344536e-05,0.0,0.0
441,22.05,-40.032615661621094,24.563405990600586,0.0032465192447799895,0.24448962985146266,0.0006852641028087057,-0.0002902607145399468,23,-37.97276181093283,24.568810201760094,0.0029562585302400426,4.0,3.7555103701485373,0.0,0.0,1.0,0,0,1,-0.001186092384159565,-0.5,1.0
442,22.1,-40.03084182739258,24.563398361206055,0.0032827619023686606,6.990606004131348e-05,0.0006723908366847468,-0.00032650337212898964,26,-37.983208017468044,24.56877931998295,0.002956258530239671,4.0,3.999930093939959,0.0007342270109802485,0.5,0.0,0,0,0,0.0007342270109802485,0.5,-1.0
443,22.150000000000002,-40.02986526489258,24.56340217590332,0.003283064888957522,0.09774556319067777,0.0006733185502562807,-0.00032680635872190875,25,-37.942620758277414,24.568899306763694,0.0029562585302356135,4.0,3.902254436809322,0.0006641207146458328,0.5,0.0,0,0,0,-7.010629633441567e-05,0.0,0.0
444,22.200000000000003,-40.02643966674805,24.56341552734375,0.0032839023282846764,0.1004643559903806,0.000676542993368022,-0.00032764379804429587,25,-37.933870871882064,24.568925173765344,0.0029562585302403805,4.0,3.8995356440096196,0.0006634538294747472,0.5,0.0,0,0,0,-6.668851710855961e-07,0.0,0.0
445,22.25,-40.01773452758789,24.563451766967773,0.0032859524941902516,0.23611436992605267,0.000687047854647624,-0.00032969396393652895,24,-37.81912489452178,24.569264393527927,0.0029562585302537227,4.0,3.7638856300739474,0.0,0.0,1.0,0,0,1,-0.0006634538294747472,-0.5,1.0
446,22.3,-40.01632308959961,24.563451766967773,0.0033071792404646746,6.992089749044959e-05,0.0006828752851190476,-0.0003509207102162025,26,-37.96868922072122,24.568822241424723,0.002956258530248472,4.0,3.9999300791025094,0.0006921329768374562,0.5,0.0,0,0,0,0.0006921329768374562,0.5,-1.0
447,22.35,-40.01533889770508,24.56345558166504,0.0033074726043035036,0.0980342848152177,0.0006837804442824747,-0.0003512140740499362,25,-37.92752895138573,24.568943922176526,0.0029562585302535674,4.0,3.901965715184782,0.0006212309235706925,0.5,0.0,0,0,0,-7.090205326676369e-05,0.0,0.0
448,22.400000000000002,-40.011199951171875,24.56346893310547,0.00330854411052334,0.15672781722579252,0.0006848960482128347,-0.00035228558026096637,24,-37.96342411522488,24.568837806483103,0.0029562585302623737,4.0,3.8432721827742076,0.0,0.0,1.0,0,0,1,-0.0006212309235706925,-0.5,1.0
449,22.450000000000003,-40.009864807128906,24.563472747802734,0.0033059933015417483,3.5392854622562717e-05,0.0006847637035874449,-0.00034973477128258205,26,-37.96230050677216,24.56884112816985,0.0029562585302591662,4.0,3.9999646071453774,0.000695859722327441,0.5,0.0,0,0,0,0.000695859722327441,0.5,-1.0
450,22.5,-40.00889205932617,24.5634765625,0.0033062804235967727,0.0968826748219454,0.0006857026943665138,-0.00035002189334537104,25,-37.923337334113604,24.568956313716942,0.0029562585302514016,4.0,3.9031173251780547,0.0006256957422010601,0.5,0.0,0,0,0,-7.016398012638092e-05,0.0,0.0
451,22.55,-40.00611877441406,24.563486099243164,0.0033090197864641363,0.037952860097520115,0.000687040860629041,-0.0003527612562096694,26,-37.882151105123576,24.56907807121242,0.002956258530254467,4.0,3.96204713990248,0.0006627850234508514,0.5,0.0,0,0,0,3.7089281249791384e-05,0.0,0.0
452,22.6,-39.99779510498047,24.5634708404541,0.003476789572463421,0.22109824921771964,0.0006471752553020467,-0.0005205310422161762,24,-37.827716088124994,24.569238995664566,0.002956258530247245,4.0,3.77890175078228,0.0,0.0,1.0,0,0,1,-0.0006627850234508514,-0.5,1.0
453,22.650000000000002,-39.99616622924805,24.563488006591797,0.0034469751719707936,6.882329958862652e-05,0.0006595259472275457,-0.0004907166417218527,26,-37.94853463745164,24.568881823757007,0.002956258530248941,4.0,3.9999311767004113,0.00036607595393434167,0.5,0.0,0,0,0,0.00036607595393434167,0.5,-1.0
454,22.700000000000003,-39.99518585205078,24.56348991394043,0.0034471236744104848,0.0978142785420262,0.000658535043250523,-0.0004908651441829165,25,-37.90780682018975,24.569002226064956,0.0029562585302275683,4.0,3.9021857214579736,0.0002954151132144034,0.5,0.0,0,0,0,-7.066084071993828e-05,0.0,0.0
455,22.75,-39.9913215637207,24.56350326538086,0.0034471671068227938,0.13854995347783938,0.0006604626066786193,-0.0004909085765746821,25,-37.82416884504233,24.569249482262737,0.0029562585302481117,4.0,3.861450046522161,0.0,0.0,1.0,0,0,1,-0.0002954151132144034,-0.5,1.0
456,22.8,-39.990047454833984,24.563507080078125,0.0034444571323541777,3.315088562251155e-05,0.0006605106974982896,-0.0004881986021056596,26,-37.94248773997386,24.568899700001335,0.002956258530248518,4.0,3.9999668491143776,0.0003716571081895381,0.5,0.0,0,0,0,0.0003716571081895381,0.5,-1.0
457,22.85,-39.989078521728516,24.56351089477539,0.0034445858691451534,0.09674384835067945,0.0006614609655185583,-0.000488327338891864,25,-37.9037957317515,24.569014083913913,0.0029562585302532894,4.0,3.9032561516493205,0.0003037746646441519,0.5,0.0,0,0,0,-6.78824435453862e-05,0.0,0.0
458,22.900000000000002,-39.985984802246094,24.563520431518555,0.00344262178784122,0.09366591273495266,0.0006618518457007115,-0.00048636325759765335,25,-37.906729608795935,24.569005410589607,0.0029562585302435667,4.0,3.9063340872650474,0.00030998216243460774,0.5,0.0,0,0,0,6.207497790455818e-06,0.0,0.0
459,22.950000000000003,-39.97873306274414,24.56353759765625,0.0035070588429508285,0.1894836501310341,0.000657579922843635,-0.000550800312709823,24,-37.86872149290218,24.569117772733765,0.0029562585302410054,4.0,3.810516349868966,0.0,0.0,1.0,0,0,1,-0.00030998216243460774,-0.5,1.0
460,23.0,-39.97694396972656,24.56353187561035,0.003477870441358965,6.561965145389183e-05,0.0006465688882025204,-0.0005216119110963164,26,-37.929318869673004,24.568938630699908,0.0029562585302626487,4.0,3.999934380348546,0.0002830140001606196,0.5,0.0,0,0,0,0.0002830140001606196,0.5,-1.0
461,23.05,-39.9759635925293,24.563533782958984,0.0034779723904944447,0.09788956532077214,0.000645577984275377,-0.0005217138602292338,25,-37.88843716112422,24.569059487951613,0.002956258530265211,4.0,3.9021104346792277,0.00021347108122427016,0.5,0.0,0,0,0,-6.954291893634945e-05,0.0,0.0
462,23.1,-39.972198486328125,24.563547134399414,0.0034846159891317565,0.12435212665600981,0.0006477987551886995,-0.0005283574588970819,25,-37.83284975928008,24.56922381916121,0.0029562585302346745,4.0,3.8756478733439903,0.0001841779740061611,0.5,0.0,0,0,0,-2.929310721810907e-05,0.0,0.0
463,23.150000000000002,-39.9633674621582,24.563549041748047,0.0035603504128538604,0.2212434561437595,0.0006235993430092355,-0.0006040918826056502,24,-37.79301261960915,24.569341588388262,0.00295625853024821,4.0,3.7787565438562405,0.0,0.0,1.0,0,0,1,-0.0001841779740061611,-0.5,1.0
464,23.200000000000003,-39.96176528930664,24.563568115234375,0.0035178558285616332,7.073433335378868e-05,0.0006379363157336298,-0.0005615972983116224,26,-37.91412990751139,24.56898353332967,0.002956258530250011,4.0,3.9999292656666463,0.0001861472992459312,0.5,0.0,0,0,0,0.0001861472992459312,0.5,-1.0
465,23.25,-39.96078109741211,24.56357192993164,0.003517926568778088,0.09807323255836176,0.0006388414748759825,-0.0005616680385322316,25,-37.87289500491164,24.569105434717343,0.0029562585302458566,4.0,3.9019267674416382,0.00011930473556276411,0.5,0.0,0,0,0,-6.68425636831671e-05,0.0,0.0
466,23.3,-39.956626892089844,24.563583374023438,0.003517921887440235,0.15758200052255456,0.0006380046296548822,-0.0005616633571829972,24,-37.90722824656848,24.569003936483146,0.0029562585302572377,4.0,3.8424179994774454,0.0,0.0,1.0,0,0,1,-0.00011930473556276411,-0.5,1.0
467,23.35,-39.955291748046875,24.563589096069336,0.003515474327965749,3.574383994259993e-05,0.000639779625337975,-0.0005592157977067067,26,-37.90772686673312,24.569002462428735,0.002956258530259042,4.0,3.9999642561600575,0.00019235676154494286,0.5,0.0,0,0,0,0.00019235676154494286,0.5,-1.0
468,23.400000000000002,-39.95431900024414,24.56359100341797,0.003515541947290302,0.096895757062728,0.0006388112758242614,-0.0005592834170368593,25,-37.86873878735295,24.569117721606748,0.0029562585302534425,4.0,3.903104242937272,0.00012419909762684256,0.5,0.0,0,0,0,-6.81576639181003e-05,0.0,0.0
469,23.450000000000003,-39.95134735107422,24.5635986328125,0.0035272221453094958,0.05540045618096843,0.0006376556865920358,-0.0005709636150623629,26,-37.79222306786075,24.569343922514154,0.002956258530247133,4.0,3.9445995438190318,0.0001253167138202116,0.5,0.0,0,0,0,1.117616193369031e-06,0.0,0.0
470,23.5,-39.94229507446289,24.563716888427734,0.0033029517323084987,0.18885830613089324,0.0007291499541164266,-0.0003466932020586536,24,-37.83347145381894,24.56922198126607,0.002956258530249845,4.0,3.8111416938691067,0.0,0.0,1.0,0,0,1,-0.0001253167138202116,-0.5,1.0
471,23.55,-39.94078063964844,24.563705444335938,0.0033545049654218734,7.018263937134474e-05,0.0007132288580095434,-0.00039824643517149616,26,-37.893146159701466,24.569045566893845,0.0029562585302503773,4.0,3.999929817360629,0.0006148995598778129,0.5,0.0,0,0,0,0.0006148995598778129,0.5,-1.0
472,23.6,-39.93980026245117,24.563711166381836,0.003354759318111922,0.09778077503207175,0.0007160526346795849,-0.0003985007878585323,25,-37.852486681606294,24.56916576717296,0.0029562585302533896,4.0,3.9022192249679284,0.0005448739393614233,0.5,0.0,0,0,0,-7.002562051638961e-05,0.0,0.0
473,23.650000000000002,-39.93604278564453,24.563724517822266,0.0033526748223954195,0.12941884458963887,0.0007182959600745111,-0.000396416292147522,25,-37.78677158311374,24.569360038559388,0.0029562585302478975,4.0,3.870581155410361,0.0,0.0,1.0,0,0,1,-0.0005448739393614233,-0.5,1.0
474,23.700000000000003,-39.93485641479492,24.563730239868164,0.0033498400122507063,3.103433575295887e-05,0.0007205107671175246,-0.0003935814820103579,26,-37.88730079809682,24.56906284734429,0.0029562585302403484,4.0,3.999968965664247,0.0006321960827335715,0.5,0.0,0,0,0,0.0006321960827335715,0.5,-1.0
475,23.75,-39.93388748168945,24.563732147216797,0.0033500943649407548,0.09678549671925606,0.0007195536948439822,-0.0003938358346937433,25,-37.84852296933534,24.56917748496531,0.0029562585302470115,4.0,3.903214503280744,0.0005583692691288888,0.5,0.0,0,0,0,-7.382681360468268e-05,0.0,0.0
476,23.8,-39.93124008178711,24.56374168395996,0.0033515617042835506,0.042065970828999905,0.0007212640091884904,-0.0003953031740370127,26,-37.79898443612075,24.56932393410333,0.002956258530246538,4.0,3.957934029171,0.000596401107031852,0.5,0.0,0,0,0,3.803183790296316e-05,0.0,0.0
477,23.85,-39.92281723022461,24.56373405456543,0.003512718320341572,0.21690825298575794,0.000688734557502485,-0.0005564597900867534,24,-37.7606990564849,24.56943711591318,0.0029562585302548186,4.0,3.7830917470142422,0.0,0.0,1.0,0,0,1,-0.000596401107031852,-0.5,1.0
478,23.900000000000002,-39.92121124267578,24.563772201538086,0.003428205867995215,6.834860647182277e-05,0.0007221336559416003,-0.0004719473377650294,26,-37.87358043370977,24.569103408406708,0.0029562585302301855,4.0,3.999931651393528,0.00046569042024202645,0.5,0.0,0,0,0,0.00046569042024202645,0.5,-1.0
479,23.950000000000003,-39.92023468017578,24.56377601623535,0.0034283814181647267,0.09781697266107421,0.0007230613695568709,-0.00047212288791640593,25,-37.832850193328795,24.569223817878047,0.0029562585302483207,4.0,3.9021830273389257,0.0003933516563847661,0.5,0.0,0,0,0,-7.233876385726035e-05,0.0,0.0
480,24.0,-39.91649627685547,24.56378936767578,0.0034294643676548724,0.12754825093505678,0.0007253610810224465,-0.00047320583741351395,25,-37.77088828477817,24.56940699383237,0.0029562585302413584,4.0,3.8724517490649433,0.0,0.0,1.0,0,0,1,-0.0003933516563847661,-0.5,1.0
481,24.05,-39.91532516479492,24.563793182373047,0.0034270987315928253,3.141864668513795e-05,0.0007257136566235049,-0.00047084020136205955,26,-37.867768759463885,24.569120589268323,0.0029562585302307658,4.0,3.999968581353315,0.0004712514637503773,0.5,0.0,0,0,0,0.0004712514637503773,0.5,-1.0
482,24.1,-39.91435623168945,24.56379508972168,0.003427289366073199,0.0967541097840045,0.0007247565843619885,-0.00047103083582850265,25,-37.829053170898504,24.569235042890696,0.0029562585302446965,4.0,3.9032458902159957,0.00039740020292811096,0.5,0.0,0,0,0,-7.385126082226634e-05,0.0,0.0
483,24.150000000000002,-39.91169357299805,24.563806533813477,0.0034279559365686945,0.04063661595000489,0.0007283291301225852,-0.00047169740633659077,26,-37.78231804538138,24.569373204406652,0.0029562585302321037,4.0,3.959363384049995,0.00044033664744347334,0.5,0.0,0,0,0,4.293644451536238e-05,0.0,0.0
484,24.200000000000003,-39.90324401855469,24.563833236694336,0.0034388070176391413,0.2529079948340488,0.0007300528633224475,-0.0004825484873866195,23,-37.82790032078333,24.56923845102361,0.002956258530252522,4.0,3.747092005165951,0.0,0.0,1.0,0,0,1,-0.00044033664744347334,-0.5,1.0
485,24.25,-39.90178298950195,24.5638370513916,0.003437550078425435,6.942978736655633e-05,0.0007295483706166355,-0.0004812915481697093,26,-37.85414998154281,24.56916085001401,0.002956258530255726,4.0,3.9999305702126335,0.0004513825988397002,0.5,0.0,0,0,0,0.0004513825988397002,0.5,-1.0
486,24.3,-39.90080642700195,24.563838958740234,0.0034377323905274027,0.09773974650713403,0.0007285687438540753,-0.000481473860293975,25,-37.813573158944735,24.569280805941396,0.0029562585302334277,4.0,3.902260253492866,0.00037672024336643517,0.5,0.0,0,0,0,-7.466235547326505e-05,0.0,0.0
487,24.35,-39.89726257324219,24.563852310180664,0.003438349286826784,0.11060781455415955,0.0007314435933097789,-0.00048209075658601965,25,-37.78482944073655,24.569365780051083,0.0029562585302407643,4.0,3.8893921854458404,0.0,0.0,1.0,0,0,1,-0.00037672024336643517,-0.5,1.0
488,24.400000000000002,-39.896263122558594,24.563854217529297,0.003436275454157615,2.828829460114116e-05,0.0007303963033510391,-0.00048001692389249787,26,-37.848713012054915,24.569176923148262,0.002956258530265117,4.0,3.999971711705399,0.0004542646638583392,0.5,0.0,0,0,0,0.0004542646638583392,0.5,-1.0
489,24.450000000000003,-39.89529037475586,24.56385612487793,0.0034364590666312086,0.09687904308218064,0.0007294279538242006,-0.0004802005363779764,25,-37.80974264121874,24.56929212997509,0.002956258530253232,4.0,3.9031209569178196,0.0003801749844569713,0.5,0.0,0,0,0,-7.40896794013679e-05,0.0,0.0
490,24.5,-39.89228057861328,24.563867568969727,0.0034342640393264946,0.057223542130980264,0.0007319742730597092,-0.00047800550907095953,26,-37.72948253088528,24.569529400302105,0.002956258530255535,4.0,3.94277645786902,0.00041575991781428456,0.5,0.0,0,0,0,3.5584933357313275e-05,0.0,0.0
491,24.55,-39.88431167602539,24.56393814086914,0.003314066008596051,0.18086593708416265,0.0007789877621610635,-0.0003578074783368557,24,-37.790673351941855,24.569348503888406,0.0029562585302591953,4.0,3.8191340629158375,0.0,0.0,1.0,0,0,1,-0.00041575991781428456,-0.5,1.0
492,24.6,-39.882774353027344,24.56391716003418,0.003377878625250847,6.366134257569717e-05,0.0007534623012387135,-0.00042162009500891105,26,-37.8351529019648,24.569217010456168,0.002956258530241936,4.0,3.9999363386574243,0.0006022705347277224,0.5,0.0,0,0,0,0.0006022705347277224,0.5,-1.0
493,24.650000000000002,-39.88179016113281,24.563922882080078,0.003378129076826018,0.09781297073402584,0.0007562748006977506,-0.0004218705465798469,25,-37.794413419207444,24.569337447250437,0.002956258530246171,4.0,3.902187029265974,0.0,0.0,1.0,0,0,1,-0.0006022705347277224,-0.5,1.0
494,24.700000000000003,-39.881858825683594,24.563922882080078,0.003378271597556229,5.118299355578846e-06,0.0007564777905352954,-0.0004220130673251799,26,-37.83435532993573,24.56921936829215,0.002956258530231049,4.0,3.9999948817006445,0.0006047618226148188,0.5,0.0,0,0,0,0.0006047618226148188,0.5,-1.0
495,24.75,-39.880924224853516,24.56392478942871,0.0033785028036313345,0.0944926739952926,0.000755622213181522,-0.0004222442733999472,25,-37.80004970412801,24.56932078488652,0.0029562585302313872,4.0,3.9055073260047073,0.0005307345418259501,0.5,0.0,0,0,0,-7.402728078886867e-05,0.0,0.0
496,24.8,-39.87908935546875,24.56393051147461,0.003378962094889643,0.009466341109938499,0.000755919893710039,-0.0004227035646570394,26,-37.812521580658526,24.56928391468773,0.0029562585302326037,4.0,3.9905336588900613,0.0005945945740677416,0.5,0.0,0,0,0,6.386003224179149e-05,0.0,0.0
497,24.85,-39.873416900634766,24.563949584960938,0.003380702512273902,0.12656596769618217,0.0007582240781389329,-0.0004244439820351065,25,-37.72973244705146,24.569528661483155,0.0029562585302387954,4.0,3.873434032303818,0.0,0.0,1.0,0,0,1,-0.0005945945740677416,-0.5,1.0
498,24.900000000000002,-39.872039794921875,24.563955307006836,0.0033778866875549284,4.7878024444099676e-05,0.0007598750244889032,-0.00042162815729774065,26,-37.82445012935971,24.569248650711152,0.002956258530257188,4.0,3.999952121975556,0.0006079383892938495,0.5,0.0,0,0,0,0.0006079383892938495,0.5,-1.0
499,24.950000000000003,-39.871063232421875,24.5639591217041,0.003378156124555839,0.0974192236233259,0.000760802738039708,-0.00042189759431409454,25,-37.784457562731426,24.56936687942181,0.0029562585302417444,4.0,3.902580776376674,0.0,0.0,1.0,0,0,1,-0.0006079383892938495,-0.5,1.0
500,25.0,-39.871131896972656,24.5639591217041,0.003378308788184733,5.87756935042367e-06,0.0007610057278934742,-0.00042205025795016057,26,-37.82362685881502,24.56925108451881,0.0029562585302345726,4.0,3.9999941224306497,0.000608222559094429,0.5,0.0,0,0,0,0.000608222559094429,0.5,-1.0
501,25.05,-39.87020492553711,24.563961029052734,0.003378575364368066,0.09414355875409096,0.0007601727050062469,-0.0004223168341159025,25,-37.790014073287644,24.569350452892227,0.0029562585302521636,4.0,3.905856441245909,0.0,0.0,1.0,0,0,1,-0.000608222559094429,-0.5,1.0
502,25.1,-39.870304107666016,24.563961029052734,0.0033787977279161148,2.7889041926196995e-06,0.000760465912593611,-0.00042253919766273036,26,-37.822805294659176,24.569253513281932,0.0029562585302533844,4.0,3.9999972110958075,0.0006064543267711997,0.5,0.0,0,0,0,0.0006064543267711997,0.5,-1.0
503,25.150000000000002,-39.869441986083984,24.56396484375,0.003378996684774895,0.09112716918617439,0.0007617319426258444,-0.00042273815452011955,25,-37.79515819991882,24.569335245479692,0.0029562585302547757,4.0,3.9088728308138254,0.0005370386643335223,0.5,0.0,0,0,0,-6.941566243767738e-05,0.0,0.0
504,25.200000000000003,-39.867950439453125,24.563968658447266,0.003379309034039464,0.010483412150651973,0.0007611372321648137,-0.00042305050379866285,26,-37.79933326104569,24.569322902883666,0.002956258530240801,4.0,3.989516587849348,0.0005972706130705774,0.5,0.0,0,0,0,6.023194873705506e-05,0.0,0.0
505,25.25,-39.863975524902344,24.56398582458496,0.0033804788483542273,0.10747192349573738,0.0007665524369485357,-0.000424220318098125,25,-37.75768338803989,24.569446031034715,0.0029562585302561023,4.0,3.8925280765042625,0.0,0.0,1.0,0,0,1,-0.0005972706130705774,-0.5,1.0
506,25.3,-39.86280059814453,24.56399154663086,0.0033780700399541966,3.8007188450726273e-05,0.0007688010756266529,-0.0004218115097103857,26,-37.815230797449466,24.569275905519152,0.002956258530243811,4.0,3.9999619928115493,0.0006162947975099087,0.5,0.0,0,0,0,0.0006162947975099087,0.5,-1.0
507,25.35,-39.86182403564453,24.563995361328125,0.0033780700399541966,0.09709373677605147,0.0007697287892212941,-0.00042181150970404917,25,-37.77585575013082,24.569392308677767,0.0029562585302501474,4.0,3.9029062632239486,0.0,0.0,1.0,0,0,1,-0.0006162947975099087,-0.5,1.0
508,25.400000000000002,-39.861900329589844,24.563995361328125,0.0033784978622191557,6.972927613893228e-06,0.0007699543335139402,-0.0004222393319707708,26,-37.8143930594514,24.56927838209647,0.002956258530248385,4.0,3.999993027072386,0.0006165847298689187,0.5,0.0,0,0,0,0.0006165847298689187,0.5,-1.0
509,25.450000000000003,-39.860984802246094,24.56399917602539,0.003378726467551009,0.09382541873848643,0.0007710624825575507,-0.00042246793729146855,25,-37.781416941210985,24.569375868311305,0.0029562585302595405,4.0,3.9061745812615136,0.0,0.0,1.0,0,0,1,-0.0006165847298689187,-0.5,1.0
510,25.5,-39.861083984375,24.56399917602539,0.0033789522120652856,4.225180775449181e-06,0.0007713556901441983,-0.0004226936818058028,26,-37.81358224702307,24.56928077907461,0.002956258530259483,4.0,3.9999957748192245,0.0006170882843434811,0.5,0.0,0,0,0,0.0006170882843434811,0.5,-1.0
511,25.55,-39.8602294921875,24.564001083374023,0.003379145187214586,0.09083051812981108,0.0007707369343227305,-0.0004228866569454563,25,-37.786526620134666,24.569360762735396,0.0029562585302691296,4.0,3.909169481870189,0.0,0.0,1.0,0,0,1,-0.0006170882843434811,-0.5,1.0
512,25.6,-39.86035919189453,24.564001083374023,0.0033794325693439356,4.321441844697643e-06,0.0007711203595650714,-0.0004231740391077237,26,-37.812857261244034,24.569282922326245,0.002956258530236212,4.0,3.999995678558155,0.0006156954332254827,0.5,0.0,0,0,0,0.0006156954332254827,0.5,-1.0
513,25.650000000000002,-39.85954666137695,24.564002990722656,0.003379618782560781,0.0886352029839968,0.0007706256530979469,-0.00042336025231925643,25,-37.79014292968509,24.569350071958294,0.0029562585302415245,4.0,3.9113647970160033,0.0005456578219309449,0.5,0.0,0,0,0,-7.003761129453778e-05,0.0,0.0
514,25.700000000000003,-39.85818099975586,24.564008712768555,0.003379885098669789,0.01301530929037868,0.0007723104310737019,-0.0004236265684198024,26,-37.7844620398615,24.56936686618622,0.0029562585302499865,4.0,3.986984690709621,0.0006051160162314773,0.5,0.0,0,0,0,5.945819430053234e-05,0.0,0.0
515,25.75,-39.85539245605469,24.56401824951172,0.003381491317702243,0.10263301545826661,0.0007736034884761834,-0.00042523278744818413,25,-37.75857645313306,24.569443390895724,0.0029562585302540588,4.0,3.8973669845417334,0.0,0.0,1.0,0,0,1,-0.0006051160162314773,-0.5,1.0
516,25.8,-39.8548583984375,24.56402015686035,0.0033795680680673663,2.3965928300162856e-05,0.000773932018687017,-0.0004233095378142226,26,-37.80731687654965,24.569299301183474,0.0029562585302531437,4.0,3.9999760340717,0.0006177613977342844,0.5,0.0,0,0,0,0.0006177613977342844,0.5,-1.0
517,25.85,-39.853878021240234,24.56402587890625,0.0033798114976357563,0.09708018468702323,0.0007767557953567913,-0.0004235529673792221,25,-37.7679362556191,24.569415720819176,0.0029562585302565342,4.0,3.902919815312977,0.0,0.0,1.0,0,0,1,-0.0006177613977342844,-0.5,1.0
518,25.900000000000002,-39.85395431518555,24.56402587890625,0.0033799701429741303,7.252500109129225e-06,0.0007769813396530656,-0.0004237116127182739,26,-37.806446462211845,24.569301874360782,0.0029562585302558564,4.0,3.999992747499891,0.0006202395306900144,0.5,0.0,0,0,0,0.0006202395306900144,0.5,-1.0
519,25.950000000000003,-39.85303497314453,24.564027786254883,0.0033802135725425203,0.09387295489978853,0.0007761708711304278,-0.00042395504230161593,25,-37.773374006721674,24.56939964537426,0.0029562585302409044,4.0,3.9061270451002112,0.0,0.0,1.0,0,0,1,-0.0006202395306900144,-0.5,1.0
520,26.0,-39.8531379699707,24.564027786254883,0.003380442437948699,5.394854440877954e-06,0.0007764753559414772,-0.0004241839077033611,26,-37.805633861559805,24.569304276625388,0.002956258530245338,4.0,3.999994605145559,0.0006185456295497715,0.5,0.0,0,0,0,0.0006185456295497715,0.5,-1.0
521,26.05,-39.8522834777832,24.564029693603516,0.003380667662314325,0.0908463362631717,0.0007758566001150324,-0.0004244091320618334,25,-37.778549614511064,24.569384344895013,0.0029562585302524915,4.0,3.9091536637368285,0.0,0.0,1.0,0,0,1,-0.0006185456295497715,-0.5,1.0
522,26.1,-39.8524169921875,24.564029693603516,0.0033809581653355767,5.100343179329696e-06,0.0007762513026242221,-0.00042469963508830286,26,-37.80491347784932,24.569306406272084,0.002956258530247274,4.0,3.9999948996568206,0.0006170914275571704,0.5,0.0,0,0,0,0.0006170914275571704,0.5,-1.0
523,26.150000000000002,-39.85160446166992,24.56403350830078,0.0033811527009308283,0.0886316185032076,0.0007776639364419228,-0.0004248941706861743,25,-37.782207730024936,24.569373530528317,0.002956258530244654,4.0,3.9113683814967923,0.0,0.0,1.0,0,0,1,-0.0006170914275571704,-0.5,1.0
524,26.200000000000003,-39.85176086425781,24.56403350830078,0.00338148767666169,4.971989280902595e-06,0.0007781263022714115,-0.0004252291464080654,26,-37.804257603328566,24.569308345212377,0.0029562585302536247,4.0,3.9999950280107193,0.0006179930060170591,0.5,0.0,0,0,0,0.0006179930060170591,0.5,-1.0
525,26.25,-39.850975036621094,24.564035415649414,0.0033816603660136247,0.08737467553995275,0.0007777105362676987,-0.0004254018357759907,25,-37.78403980740162,24.569368114418165,0.002956258530237634,4.0,3.912625324460047,0.0,0.0,1.0,0,0,1,-0.0006179930060170591,-0.5,1.0
526,26.3,-39.85114288330078,24.564035415649414,0.0033820226495486325,4.94816047040334e-06,0.000778206733735509,-0.000425764119304371,26,-37.80363967017043,24.56931017198787,0.0029562585302442615,4.0,3.9999950518395297,0.0006168575491756201,0.5,0.0,0,0,0,0.0006168575491756201,0.5,-1.0
527,26.35,-39.85036849975586,24.564037322998047,0.0033822049616506,0.08675668996328127,0.0007778247994269941,-0.00042594643139716405,25,-37.784643486691856,24.569366329780916,0.002956258530253436,4.0,3.9132433100367185,0.0,0.0,1.0,0,0,1,-0.0006168575491756201,-0.5,1.0
528,26.400000000000002,-39.850547790527344,24.564037322998047,0.0033825784283815917,5.003641720350789e-06,0.0007783548285026833,-0.00042631989813984167,26,-37.8030444651977,24.569311931572773,0.00295625853024175,4.0,3.9999949963582795,0.0006157578318379819,0.5,0.0,0,0,0,0.0006157578318379819,0.5,-1.0
529,26.450000000000003,-39.84977722167969,24.56403923034668,0.0033827857076187784,0.08647592636756998,0.0007779841714024432,-0.0004265271773707083,25,-37.78460203448476,24.569366452324715,0.00295625853024807,4.0,3.91352407363243,0.0,0.0,1.0,0,0,1,-0.0006157578318379819,-0.5,1.0
530,26.5,-39.84995651245117,24.564037322998047,0.0033831661963565503,5.051644969070779e-06,0.0007766068602172525,-0.0004269076661029829,26,-37.80245309528112,24.569313679820226,0.0029562585302535674,4.0,3.999994948355031,0.000612444884609431,0.5,0.0,0,0,0,0.000612444884609431,0.5,-1.0
531,26.55,-39.84918975830078,24.56403923034668,0.003383323021174648,0.08635550162689151,0.0007762474803057863,-0.0004270644909273717,25,-37.78425040671336,24.56936749183034,0.0029562585302472764,4.0,3.9136444983731087,0.0,0.0,1.0,0,0,1,-0.000612444884609431,-0.5,1.0
532,26.6,-39.849369049072266,24.56403923034668,0.0033837029897637694,5.131447148657806e-06,0.000776777509423978,-0.00042744445950819183,26,-37.801865470633416,24.569315416995664,0.0029562585302555775,4.0,3.9999948685528515,0.0006114120478741825,0.5,0.0,0,0,0,0.0006114120478741825,0.5,-1.0
533,26.650000000000002,-39.84860610961914,24.564043045043945,0.0033838897231292654,0.08629782651854674,0.0007783367470078966,-0.00042763119288935806,25,-37.783779698803414,24.569368883368668,0.0029562585302399073,4.0,3.9137021734814534,0.0,0.0,1.0,0,0,1,-0.0006114120478741825,-0.5,1.0
534,26.700000000000003,-39.848785400390625,24.564043045043945,0.0033842730726846145,5.185671031036087e-06,0.0007788667761007961,-0.00042801454244815887,26,-37.8012817068692,24.5693171427573,0.0029562585302364557,4.0,3.9999948143289688,0.0006124806241132319,0.5,0.0,0,0,0,0.0006124806241132319,0.5,-1.0
535,26.75,-39.8480224609375,24.564044952392578,0.0033844499232257527,0.08627505784810716,0.0007785186734567103,-0.00042819139296991623,25,-37.78324063807358,24.569370476976193,0.0029562585302558364,4.0,3.9137249421518927,0.0,0.0,1.0,0,0,1,-0.0006124806241132319,-0.5,1.0
536,26.8,-39.848201751708984,24.564044952392578,0.0033848327526324515,5.22107183692637e-06,0.0007790487025523983,-0.00042857422237857403,26,-37.800697986355615,24.569318868391075,0.0029562585302538775,4.0,3.999994778928163,0.0006114126299507916,0.5,0.0,0,0,0,0.0006114126299507916,0.5,-1.0
537,26.85,-39.84743881225586,24.56404685974121,0.0033849903576735245,0.08626125260084894,0.0007787005998533044,-0.00042873182742864373,25,-37.782684024050056,24.56937212247594,0.002956258530244881,4.0,3.913738747399151,0.0,0.0,1.0,0,0,1,-0.0006114126299507916,-0.5,1.0
538,26.900000000000002,-39.847618103027344,24.56404685974121,0.0033853729270058985,5.284518880027994e-06,0.0007792306289386127,-0.0004291143967687177,26,-37.80011420932912,24.569320594191915,0.002956258530237181,4.0,3.99999471548112,0.0006103859632275999,0.5,0.0,0,0,0,0.0006103859632275999,0.5,-1.0
539,26.950000000000003,-39.84685516357422,24.564050674438477,0.003385545616357833,0.08626366572591752,0.0007807898665834574,-0.00042928708610608145,25,-37.782095643863876,24.56937386188495,0.0029562585302517516,4.0,3.9137363342740823,0.0,0.0,1.0,0,0,1,-0.0006103859632275999,-0.5,1.0
540,27.0,-39.8470344543457,24.564050674438477,0.0033859263651699304,5.196713861069949e-06,0.0007813198956653084,-0.00042966783492656615,26,-37.79953073175188,24.569322319107506,0.002956258530243364,4.0,3.999994803286139,0.0006114899879321456,0.5,0.0,0,0,0,0.0006114899879321456,0.5,-1.0
541,27.05,-39.84627151489258,24.56405258178711,0.003386081889616402,0.08625573154962085,0.0007809717929849729,-0.00042982335937256965,25,-37.78152753237662,24.569375541374274,0.002956258530243832,4.0,3.913744268450379,0.0,0.0,1.0,0,0,1,-0.0006114899879321456,-0.5,1.0
542,27.1,-39.84645080566406,24.56405258178711,0.0033864644589487757,5.2310657867736485e-06,0.0007815018220924041,-0.0004302059287005391,26,-37.798947013351786,24.569324044735033,0.0029562585302482366,4.0,3.9999947689342132,0.0006104678031988442,0.5,0.0,0,0,0,0.0006104678031988442,0.5,-1.0
543,27.150000000000002,-39.84568786621094,24.564054489135742,0.0033866615952872796,0.08625467263684129,0.0007811537194234771,-0.00043040306503252385,25,-37.780945956890484,24.569377260666776,0.0029562585302547557,4.0,3.913745327363159,0.0,0.0,1.0,0,0,1,-0.0006104678031988442,-0.5,1.0
544,27.200000000000003,-39.84586715698242,24.564054489135742,0.0033870480657345312,5.331715873998499e-06,0.0007816837485132618,-0.000430789535485259,26,-37.79836316136147,24.569325770757487,0.0029562585302492722,4.0,3.999994668284126,0.0006093489355407655,0.5,0.0,0,0,0,0.0006093489355407655,0.5,-1.0
545,27.25,-39.8451042175293,24.564056396484375,0.00338722595657297,0.08625984469673424,0.0007813356457961659,-0.0004309674263410857,25,-37.78035217913619,24.56937901603244,0.0029562585302318842,4.0,3.9137401553032656,0.0,0.0,1.0,0,0,1,-0.0006093489355407655,-0.5,1.0
546,27.3,-39.84528350830078,24.564056396484375,0.003387610086351295,5.316144661864681e-06,0.0007818656748957153,-0.0004313515561200519,26,-37.79777954355606,24.569327496087627,0.0029562585302312433,4.0,3.999994683855338,0.0006082759937271476,0.5,0.0,0,0,0,0.0006082759937271476,0.5,-1.0
547,27.35,-39.844520568847656,24.56406021118164,0.003387806182392498,0.08625642465606007,0.0007834249125232545,-0.00043154765215507084,25,-37.779775222183,24.569380721671322,0.002956258530237427,4.0,3.91374357534394,0.0,0.0,1.0,0,0,1,-0.0006082759937271476,-0.5,1.0
548,27.400000000000002,-39.84469985961914,24.56406021118164,0.003388191092393799,5.327875209240363e-06,0.0007839549416506627,-0.00043193256214216257,26,-37.79719586541554,24.56932922159614,0.0029562585302516362,4.0,3.9999946721247905,0.0006093214033171535,0.5,0.0,0,0,0,0.0006093214033171535,0.5,-1.0
549,27.450000000000003,-39.843936920166016,24.564062118530273,0.00338837860598227,0.08625852604301176,0.0007836068389405221,-0.00043212007574474276,25,-37.779187457803594,24.569382459259845,0.0029562585302375273,4.0,3.9137414739569882,0.0,0.0,1.0,0,0,1,-0.0006093214033171535,-0.5,1.0
550,27.5,-39.8441162109375,24.564062118530273,0.003388762735760595,5.329711943145325e-06,0.0007841368680406224,-0.00043250420552331083,26,-37.79661221253326,24.569330947029975,0.002956258530237284,4.0,3.9999946702880567,0.0006082280306145549,0.5,0.0,0,0,0,0.0006082280306145549,0.5,-1.0
551,27.55,-39.843353271484375,24.564064025878906,0.00338895493068692,0.08625980046283463,0.0007837887653514815,-0.0004326964004526491,25,-37.77860131289441,24.56938419206078,0.002956258530234271,4.0,3.9137401995371652,0.0,0.0,1.0,0,0,1,-0.0006082280306145549,-0.5,1.0
552,27.6,-39.84353256225586,24.564064025878906,0.00338933932053957,5.342494511768953e-06,0.0007843187945170823,-0.000433080790272529,26,-37.796028537595234,24.56933267252902,0.002956258530267041,4.0,3.9999946575054883,0.0006071241805329919,0.5,0.0,0,0,0,0.0006071241805329919,0.5,-1.0
553,27.650000000000002,-39.842769622802734,24.56406593322754,0.0033895294348712936,0.08626006858565335,0.0007839706917863306,-0.0004332709046284272,25,-37.77801713864159,24.56938591903593,0.0029562585302428663,4.0,3.9137399314143466,0.0,0.0,1.0,0,0,1,-0.0006071241805329919,-0.5,1.0
554,27.700000000000003,-39.84294891357422,24.56406593322754,0.003389913044500968,5.354584462686082e-06,0.0007845007209311954,-0.00043365451423581615,26,-37.79544486405282,24.569334398023933,0.002956258530265152,4.0,3.9999946454155375,0.0006060263840481639,0.5,0.0,0,0,0,0.0006060263840481639,0.5,-1.0
555,27.75,-39.842185974121094,24.564069747924805,0.003390095876751586,0.08625901798866983,0.0007860599584940337,-0.00043383734651321207,25,-37.777435541548115,24.569387638392307,0.002956258530238374,4.0,3.9137409820113302,0.0,0.0,1.0,0,0,1,-0.0006060263840481639,-0.5,1.0
556,27.8,-39.842369079589844,24.56406593322754,0.0033904797464555853,5.359556014548776e-06,0.0007827865842466126,-0.00043422121620041417,26,-37.79486502484196,24.56933611218354,0.002956258530255171,4.0,3.9999946404439854,0.000602798187173903,0.5,0.0,0,0,0,0.000602798187173903,0.5,-1.0
557,27.85,-39.84160232543945,24.564069747924805,0.003390657377219699,0.08626263799559969,0.0007843345446346102,-0.0004343988469712209,25,-37.776844808539884,24.56938938475689,0.002956258530248478,4.0,3.9137373620044005,0.0,0.0,1.0,0,0,1,-0.000602798187173903,-0.5,1.0
558,27.900000000000002,-39.8417854309082,24.564069747924805,0.0033910409868493736,5.360728629537904e-06,0.0007848758509473551,-0.0004347824566010893,26,-37.79428136797558,24.569337837629156,0.0029562585302482843,4.0,3.9999946392713706,0.0006038855644874275,0.5,0.0,0,0,0,0.0006038855644874275,0.5,-1.0
559,27.950000000000003,-39.84101867675781,24.564071655273438,0.0033912214784310645,0.0862630325877547,0.0007845164710768154,-0.0004349629481693062,25,-37.77626038661902,24.569391112464213,0.0029562585302617584,4.0,3.9137369674122455,0.0,0.0,1.0,0,0,1,-0.0006038855644874275,-0.5,1.0
560,28.0,-39.84120178222656,24.564071655273438,0.0033916058682837147,5.356253520044034e-06,0.0007850577773672075,-0.0004353473380350006,26,-37.79369772781162,24.569339563025395,0.002956258530248714,4.0,3.99999464374648,0.0006028065108694136,0.5,0.0,0,0,0,0.0006028065108694136,0.5,-1.0
561,28.05,-39.84043502807617,24.56407356262207,0.003391775696818072,0.08626068646235166,0.0007846983974272642,-0.00043551716659022063,25,-37.77568133191326,24.56939282430461,0.0029562585302278514,4.0,3.9137393135376484,0.0,0.0,1.0,0,0,1,-0.0006028065108694136,-0.5,1.0
562,28.1,-39.84061813354492,24.56407356262207,0.0033921593064477466,5.352222779652134e-06,0.0007852397037859948,-0.0004359007761975259,26,-37.793114086752254,24.569341288424283,0.0029562585302502207,4.0,3.9999946477772204,0.0006017517880536616,0.5,0.0,0,0,0,0.0006017517880536616,0.5,-1.0
563,28.150000000000002,-39.83985137939453,24.564077377319336,0.003392349940928121,0.08625865248083292,0.0007867876641958196,-0.0004360914106733963,25,-37.77510166060609,24.569394537967852,0.0029562585302547245,4.0,3.913741347519167,0.0,0.0,1.0,0,0,1,-0.0006017517880536616,-0.5,1.0
564,28.200000000000003,-39.84003448486328,24.564077377319336,0.003392734590855096,5.359024731334507e-06,0.0007873289705160706,-0.00043647606059872036,26,-37.7925304185428,24.56934301390343,0.0029562585302563755,4.0,3.9999946409752685,0.0006028093630447984,0.5,0.0,0,0,0,0.0006028093630447984,0.5,-1.0
565,28.25,-39.83926773071289,24.56407928466797,0.0033929270458557463,0.08625932369082358,0.0007869695905936966,-0.00043666851561112224,25,-37.77451669697766,24.569396267276606,0.002956258530244624,4.0,3.9137406763091764,0.0,0.0,1.0,0,0,1,-0.0006028093630447984,-0.5,1.0
566,28.3,-39.83945083618164,24.56407928466797,0.0033933114357083964,5.35796983335107e-06,0.0007875108969215569,-0.0004370529054580608,26,-37.79194677148715,24.569344739320044,0.0029562585302503356,4.0,3.999994642030167,0.0006017049308866262,0.5,0.0,0,0,0,0.0006017049308866262,0.5,-1.0
567,28.35,-39.83868408203125,24.5640811920166,0.003393498169073892,0.08626008247057855,0.0007871515170081002,-0.00043723963883045324,25,-37.7739315618592,24.56939799709233,0.002956258530243439,4.0,3.9137399175294214,0.0,0.0,1.0,0,0,1,-0.0006017049308866262,-0.5,1.0
568,28.400000000000002,-39.8388671875,24.5640811920166,0.0033938828190008675,5.3581805316214295e-06,0.0007876928233427356,-0.0004376242887489637,26,-37.791363121881325,24.569346464744196,0.002956258530251904,4.0,3.9999946418194683,0.0006006121402606368,0.5,0.0,0,0,0,0.0006006121402606368,0.5,-1.0
569,28.450000000000003,-39.83810043334961,24.564083099365234,0.0033940370430757126,0.0862596293105629,0.0007873334434414748,-0.0004377785128247729,25,-37.773348800112416,24.569399719891734,0.0029562585302509397,4.0,3.913740370689437,0.0,0.0,1.0,0,0,1,-0.0006006121402606368,-0.5,1.0
570,28.5,-39.83828353881836,24.564083099365234,0.0033944185721107856,5.3527689420045045e-06,0.0007878747497213493,-0.00043816004187825037,26,-37.79077948360436,24.569348190134857,0.002956258530232535,4.0,3.999994647231058,0.000599594903178513,0.5,0.0,0,0,0,0.000599594903178513,0.5,-1.0
571,28.55,-39.83751678466797,24.5640869140625,0.0033946050454019563,0.08626020160232119,0.000789422710113361,-0.00043834651517349246,25,-37.77276402487571,24.56940144864355,0.002956258530228464,4.0,3.9137397983976787,0.0,0.0,1.0,0,0,1,-0.000599594903178513,-0.5,1.0
572,28.6,-39.83769989013672,24.5640869140625,0.003394988915105956,5.3466186504245e-06,0.0007899640164830872,-0.000438730384849905,26,-37.79019584149357,24.569349915536854,0.002956258530256051,4.0,3.9999946533813495,0.0006006630137562752,0.5,0.0,0,0,0,0.0006006630137562752,0.5,-1.0
573,28.650000000000002,-39.836936950683594,24.564088821411133,0.0033951740880255005,0.08625842231945402,0.0007896159137986214,-0.0004389155577709247,25,-37.77218767477391,24.56940315248842,0.0029562585302545757,4.0,3.913741577680546,0.0,0.0,1.0,0,0,1,-0.0006006630137562752,-0.5,1.0
574,28.700000000000003,-39.83711624145508,24.564088821411133,0.00339555743758085,5.348299173936336e-06,0.0007901459428909362,-0.0004392989073305543,26,-37.78961218892606,24.56935164096976,0.0029562585302502957,4.0,3.9999946517008262,0.0005995762185193598,0.5,0.0,0,0,0,0.0005995762185193598,0.5,-1.0
575,28.75,-39.83635330200195,24.564090728759766,0.0033957311672300856,0.0862592571093554,0.0007897978401893505,-0.0004394726369889852,25,-37.77160239080289,24.56940488274419,0.0029562585302411004,4.0,3.9137407428906448,0.0,0.0,1.0,0,0,1,-0.0005995762185193598,-0.5,1.0
576,28.8,-39.83653259277344,24.564090728759766,0.0033961142567111094,5.346925054853547e-06,0.0007903278692981339,-0.00043985572646560497,26,-37.78902854251363,24.569353366384473,0.0029562585302455044,4.0,3.9999946530749453,0.0005985143361613154,0.5,0.0,0,0,0,0.0005985143361613154,0.5,-1.0
577,28.85,-39.83576965332031,24.56409454345703,0.00339628772628602,0.08626013597928996,0.0007918871068941999,-0.0004400291960497721,25,-37.77101701518655,24.569406613270893,0.002956258530236248,4.0,3.91373986402071,0.0,0.0,1.0,0,0,1,-0.0005985143361613154,-0.5,1.0
578,28.900000000000002,-39.8359489440918,24.56409454345703,0.0033966700355440686,5.347434478709328e-06,0.0007924171360122597,-0.0004404115052989558,26,-37.78844488698357,24.56935509182614,0.002956258530245113,4.0,3.9999946525655212,0.0005996132967993617,0.5,0.0,0,0,0,0.0005996132967993617,0.5,-1.0
579,28.950000000000003,-39.83518600463867,24.564096450805664,0.003396846365936556,0.08625955442041353,0.0007920690333475819,-0.0004405878356820783,25,-37.77043450488644,24.569408335326955,0.0029562585302544777,4.0,3.9137404455795863,0.0,0.0,1.0,0,0,1,-0.0005996132967993617,-0.5,1.0
580,29.0,-39.835365295410156,24.564096450805664,0.003397229195343255,5.332077460320161e-06,0.0007925990624381759,-0.0004409706650951948,26,-37.78786126874655,24.569356817157555,0.00295625853024806,4.0,3.9999946679225395,0.0005985464085824788,0.5,0.0,0,0,0,0.0005985464085824788,0.5,-1.0
581,29.05,-39.83460235595703,24.564098358154297,0.0033974086466276453,0.0862580122482382,0.0007922509597564388,-0.00044115011637789686,25,-37.76985387577915,24.569410051821706,0.0029562585302497484,4.0,3.9137419877517616,0.0,0.0,1.0,0,0,1,-0.0005985464085824788,-0.5,1.0
582,29.1,-39.834781646728516,24.564096450805664,0.0033977925163316447,5.345226395963943e-06,0.0007908736485567735,-0.00044153398608386563,26,-37.7872775983926,24.569358542643045,0.002956258530247779,4.0,3.999994654773604,0.000595312041696161,0.5,0.0,0,0,0,0.000595312041696161,0.5,-1.0
583,29.150000000000002,-39.83401870727539,24.564098358154297,0.0033979750885079372,0.08625859338455294,0.0007905255459109894,-0.00044171655824084633,25,-37.76926909386654,24.56941178059326,0.002956258530267091,4.0,3.913741406615447,0.0,0.0,1.0,0,0,1,-0.000595312041696161,-0.5,1.0
584,29.200000000000003,-39.834197998046875,24.564098358154297,0.003398358958211937,5.350081468346356e-06,0.0007910555749755408,-0.00044210042796245796,26,-37.7866939394284,24.569360268094865,0.002956258530249479,4.0,3.9999946499185315,0.000594229728449136,0.5,0.0,0,0,0,0.000594229728449136,0.5,-1.0
585,29.25,-39.83343505859375,24.56410026550293,0.0033985451714287824,0.08626033674010951,0.0007907074723189659,-0.0004422866411665626,25,-37.76868203062889,24.56941351610902,0.00295625853026222,4.0,3.9137396632598906,0.0,0.0,1.0,0,0,1,-0.000594229728449136,-0.5,1.0
586,29.3,-39.833614349365234,24.56410026550293,0.0033989280008354813,5.349927060311438e-06,0.0007912375014062492,-0.0004426694705794822,26,-37.78611029055826,24.569361993516843,0.002956258530255999,4.0,3.9999946500729395,0.0005931418854743242,0.5,0.0,0,0,0,0.0005931418854743242,0.5,-1.0
587,29.35,-39.83285140991211,24.564104080200195,0.0033990993898157904,0.08625925674683613,0.000792796738973465,-0.000442840859584211,25,-37.7681004911029,24.56941523529521,0.0029562585302315794,4.0,3.9137407432531637,0.0,0.0,1.0,0,0,1,-0.0005931418854743242,-0.5,1.0
588,29.400000000000002,-39.833030700683594,24.564104080200195,0.003399481959148164,5.351960804865791e-06,0.000793326768081198,-0.0004432234289131389,26,-37.785526631956714,24.569363718967587,0.002956258530235025,4.0,3.9999946480391952,0.0005942446878179908,0.5,0.0,0,0,0,0.0005942446878179908,0.5,-1.0
589,29.450000000000003,-39.83226776123047,24.564105987548828,0.003399661410432554,0.0862591973047546,0.0007929786654059983,-0.0004434028801935156,25,-37.767516958328535,24.569416960373978,0.0029562585302390382,4.0,3.9137408026952456,0.0,0.0,1.0,0,0,1,-0.0005942446878179908,-0.5,1.0
590,29.5,-39.83244705200195,24.564105987548828,0.0034000439797649278,5.354611092532889e-06,0.0007935086945465436,-0.00044378544950585174,26,-37.784942977435136,24.569365444406273,0.002956258530259076,4.0,3.9999946453889073,0.0005931717460043728,0.5,0.0,0,0,0,0.0005931717460043728,0.5,-1.0
591,29.55,-39.83168411254883,24.56410789489746,0.003400217449339838,0.08626309322082036,0.0007931605918165396,-0.0004439589191043993,25,-37.76692567967831,24.569418708351623,0.0029562585302354387,4.0,3.91373690677918,0.0,0.0,1.0,0,0,1,-0.0005931717460043728,-0.5,1.0
592,29.6,-39.83186340332031,24.56410789489746,0.003400600538820862,5.214877086336216e-06,0.0007936906209589254,-0.0004443420085645756,26,-37.78435960981666,24.569367168996795,0.0029562585302562866,4.0,3.999994785122914,0.0005921105039305985,0.5,0.0,0,0,0,0.0005921105039305985,0.5,-1.0
593,29.650000000000002,-39.83110046386719,24.564111709594727,0.0034007914333755614,0.0862527132242558,0.0007952498585511924,-0.00044453290313078205,25,-37.76636235257918,24.569420373697017,0.0029562585302447793,4.0,3.9137472867757443,0.0,0.0,1.0,0,0,1,-0.0005921105039305985,-0.5,1.0
594,29.700000000000003,-39.83127975463867,24.564111709594727,0.003401176603451187,5.203819732853731e-06,0.0007957798876920691,-0.00044491807318588214,26,-37.78377597759356,24.56936889436956,0.002956258530265305,4.0,3.999994796180267,0.0005931663908995688,0.5,0.0,0,0,0,0.0005931663908995688,0.5,-1.0
595,29.75,-39.83051681518555,24.56411361694336,0.003401369058451837,0.08625599997905732,0.000795431784942526,-0.0004451105282201758,25,-37.76577226686455,24.569422118148026,0.0029562585302316613,4.0,3.9137440000209427,0.0,0.0,1.0,0,0,1,-0.0005931663908995688,-0.5,1.0
596,29.8,-39.83069610595703,24.56411361694336,0.0034017539684531375,5.221484929043281e-06,0.0007959618141116544,-0.00044549543818712175,26,-37.78319229281707,24.569370619897686,0.002956258530266016,4.0,3.999994778515071,0.0005920609110035002,0.5,0.0,0,0,0,0.0005920609110035002,0.5,-1.0
597,29.85,-39.829933166503906,24.564115524291992,0.003401936280555105,0.08625845188180632,0.0007956137114082272,-0.00044567775029931466,25,-37.76518381606138,24.569423857765802,0.0029562585302557905,4.0,3.913741548118194,0.0,0.0,1.0,0,0,1,-0.0005920609110035002,-0.5,1.0
598,29.900000000000002,-39.83011245727539,24.564115524291992,0.0034023201502591045,5.216286268262216e-06,0.0007961437404887155,-0.0004460616200132432,26,-37.78260865411106,24.569372345289615,0.0029562585302458613,4.0,3.9999947837137317,0.0005909791216254234,0.5,0.0,0,0,0,0.0005909791216254234,0.5,-1.0
599,29.950000000000003,-39.829349517822266,24.564117431640625,0.003402513645557056,0.08625717011351235,0.0007957956378172436,-0.00044625511530527705,25,-37.76460267699872,24.56942557576812,0.002956258530251779,4.0,3.9137428298864876,0.0,0.0,1.0,0,0,1,-0.0005909791216254234,-0.5,1.0
600,30.0,-39.82952880859375,24.564117431640625,0.003402898295484031,5.201561512829586e-06,0.0007963256669202782,-0.0004466397652309337,26,-37.78202503460004,24.5693740706248,0.0029562585302530973,4.0,3.9999947984384874,0.0005898719537071884,0.5,0.0,0,0,0,0.0005898719537071884,0.5,-1.0
601,30.05,-39.828765869140625,24.56412124633789,0.0034030868493698033,0.08625509168658103,0.0007978849045587114,-0.00044682831910581406,25,-37.7640230927301,24.569427289174048,0.002956258530263989,4.0,3.913744908313419,0.0,0.0,1.0,0,0,1,-0.0005898719537071884,-0.5,1.0
602,30.1,-39.82894515991211,24.56412124633789,0.0034034712392224534,5.191045567941021e-06,0.0007984149336310448,-0.0004472127089726217,26,-37.781441401286,24.569375796000788,0.0029562585302498317,4.0,3.999994808954432,0.0005909345345571637,0.5,0.0,0,0,0,0.0005909345345571637,0.5,-1.0
603,30.150000000000002,-39.828182220458984,24.564123153686523,0.003403648349837917,0.08625550907846453,0.0007980668309229173,-0.0004473898196007335,25,-37.76343862615996,24.569429017013363,0.0029562585302371834,4.0,3.9137444909215353,0.0,0.0,1.0,0,0,1,-0.0005909345345571637,-0.5,1.0
604,30.200000000000003,-39.82836151123047,24.564123153686523,0.003404031699393266,5.1909690980723e-06,0.0007985968600763577,-0.0004477731691292239,26,-37.78085775225882,24.56937752142323,0.002956258530264042,4.0,3.999994809030902,0.0005898648523725569,0.5,0.0,0,0,0,0.0005898648523725569,0.5,-1.0
605,30.25,-39.827598571777344,24.564125061035156,0.0034042246745425667,0.08625749810897784,0.0007982487573752759,-0.0004479661442871757,25,-37.76285108181096,24.56943075395142,0.002956258530255391,4.0,3.913742501891022,0.0,0.0,1.0,0,0,1,-0.0005898648523725569,-0.5,1.0
606,30.3,-39.827781677246094,24.564125061035156,0.003404609324469542,5.279480678796249e-06,0.0007987900636813542,-0.00044835079421924997,26,-37.780277739393235,24.569379236096207,0.002956258530250292,4.0,3.999994720519321,0.0005887720617465675,0.5,0.0,0,0,0,0.0005887720617465675,0.5,-1.0
607,30.35,-39.8270149230957,24.56412696838379,0.003404796577983688,0.08625774437006142,0.0007984306838187049,-0.00044853804771584176,25,-37.76226695037051,24.569432480800003,0.0029562585302678464,4.0,3.9137422556299386,0.0,0.0,1.0,0,0,1,-0.0005887720617465675,-0.5,1.0
608,30.400000000000002,-39.82719802856445,24.564125061035156,0.003405180707762013,5.236994274892158e-06,0.0007970646498177128,-0.0004489221775032478,26,-37.779694181144,24.569380961250285,0.002956258530258765,4.0,3.9999947630057253,0.0005855206400156021,0.5,0.0,0,0,0,0.0005855206400156021,0.5,-1.0
609,30.450000000000003,-39.82643127441406,24.56412696838379,0.003405360939269379,0.08625763177333108,0.0007967052698644008,-0.00044910240903867993,25,-37.76168352701251,24.569434205555304,0.002956258530230699,4.0,3.9137423682266688,0.0,0.0,1.0,0,0,1,-0.0005855206400156021,-0.5,1.0
610,30.5,-39.82661437988281,24.56412696838379,0.0034057450690477037,5.274789068801593e-06,0.0007972465761829101,-0.00044948653881546514,26,-37.77911045580656,24.56938268689832,0.0029562585302322386,4.0,3.9999947252109314,0.0005844426923431456,0.5,0.0,0,0,0,0.0005844426923431456,0.5,-1.0
611,30.55,-39.82584762573242,24.564130783081055,0.0034059198389942403,0.08625538926261561,0.0007987945365861768,-0.0004496613087608082,25,-37.761104264073225,24.569435918011298,0.002956258530233432,4.0,3.9137446107373846,0.0,0.0,1.0,0,0,1,-0.0005844426923431456,-0.5,1.0
612,30.6,-39.82603073120117,24.564130783081055,0.0034063031885495894,5.272989417745747e-06,0.0007993358428922664,-0.00045004465832070755,26,-37.778526804929264,24.56938441232623,0.002956258530228882,4.0,3.9999947270105825,0.0005855366471223533,0.5,0.0,0,0,0,0.0005855366471223533,0.5,-1.0
613,30.650000000000002,-39.82526397705078,24.564132690429688,0.0034064789987934265,0.08625549383559429,0.0007989764630057994,-0.00045022046855886606,25,-37.76052041010411,24.569437644039603,0.0029562585302345605,4.0,3.913744506164406,0.0,0.0,1.0,0,0,1,-0.0005855366471223533,-0.5,1.0
614,30.700000000000003,-39.82544708251953,24.564132690429688,0.0034068631285717518,5.304956079713397e-06,0.0007995177693404668,-0.00045060459832702926,26,-37.77794309133545,24.56938613793955,0.0029562585302447225,4.0,3.9999946950439202,0.0005844681290909648,0.5,0.0,0,0,0,0.0005844681290909648,0.5,-1.0
615,30.75,-39.82468032836914,24.56413459777832,0.0034070498619372474,0.08625873454828901,0.0007991583894846575,-0.00045079133167169995,25,-37.75993041455487,24.569439388224062,0.0029562585302655474,4.0,3.913741265451711,0.0,0.0,1.0,0,0,1,-0.0005844681290909648,-0.5,1.0
616,30.8,-39.82486343383789,24.56413459777832,0.003407432171195296,5.370765801698004e-06,0.0007996996957529839,-0.00045117364095358537,26,-37.777359309548174,24.569387863754464,0.0029562585302417106,4.0,3.999994629234198,0.0005833802279084921,0.5,0.0,0,0,0,0.0005833802279084921,0.5,-1.0
617,30.85,-39.8240966796875,24.564138412475586,0.003407607721364808,0.08625547154672322,0.0008012476561810701,-0.0004513491911092124,25,-37.75935315006811,24.569441094772095,0.0029562585302555957,4.0,3.9137445284532766,0.0,0.0,1.0,0,0,1,-0.0005833802279084921,-0.5,1.0
618,30.900000000000002,-39.82427978515625,24.564138412475586,0.003407990550771507,5.386302702093551e-06,0.0008017889624853348,-0.0004517320205206679,26,-37.77677562373788,24.56938958928565,0.002956258530250839,4.0,3.999994613697298,0.0005844736588187516,0.5,0.0,0,0,0,0.0005844736588187516,0.5,-1.0
619,30.950000000000003,-39.82351303100586,24.56414031982422,0.003408172602799149,0.08625658193423044,0.0008014295825964253,-0.00045191407254439615,25,-37.75876732638747,24.569442826623394,0.0029562585302547527,4.0,3.9137434180657698,0.0,0.0,1.0,0,0,1,-0.0005844736588187516,-0.5,1.0
620,31.0,-39.82369613647461,24.56414031982422,0.0034085559523544984,5.427796031476635e-06,0.0008019708888804752,-0.00045229742211617876,26,-37.77619189094792,24.569391314955713,0.0029562585302383196,4.0,3.9999945722039687,0.0005833934992551804,0.5,0.0,0,0,0,0.0005833934992551804,0.5,-1.0
621,31.05,-39.82292938232422,24.56414222717285,0.003408742425645669,0.08625873490998992,0.0008016115090107925,-0.00045248389539331423,25,-37.75817946098043,24.56944456451058,0.002956258530252355,4.0,3.9137412650900103,0.0,0.0,1.0,0,0,1,-0.0005833934992551804,-0.5,1.0
622,31.1,-39.82311248779297,24.56414222717285,0.0034091257752010182,5.356222828848791e-06,0.0008021528152915465,-0.00045286724496535966,26,-37.77560838598602,24.56939303995226,0.0029562585302356586,4.0,3.999994643777171,0.000582304026465863,0.5,0.0,0,0,0,0.000582304026465863,0.5,-1.0
623,31.150000000000002,-39.822349548339844,24.564144134521484,0.0034092581530325464,0.08625477991095719,0.0008018047126425853,-0.0004529996227794022,25,-37.757607371637505,24.56944625575951,0.002956258530253144,4.0,3.913745220089043,0.0,0.0,1.0,0,0,1,-0.000582304026465863,-0.5,1.0
624,31.200000000000003,-39.82252883911133,24.564144134521484,0.0034096389018446437,5.252550685937778e-06,0.0008023347417320387,-0.00045338037159821723,26,-37.77502494570321,24.569394764757597,0.0029562585302464264,4.0,3.999994747449314,0.0005813349271193147,0.5,0.0,0,0,0,0.0005813349271193147,0.5,-1.0
625,31.25,-39.8217658996582,24.56414794921875,0.0034097704994531966,0.08625479460575701,0.0008038939793465873,-0.0004535119692066986,25,-37.75702368835674,24.56944798128321,0.002956258530246498,4.0,3.913745205394243,0.0,0.0,1.0,0,0,1,-0.0005813349271193147,-0.5,1.0
626,31.3,-39.82194519042969,24.56414794921875,0.003410151248265294,5.184298019402491e-06,0.0008044240084148771,-0.0004538927180350147,26,-37.77444142872815,24.569396489789657,0.002956258530230279,4.0,3.9999948157019807,0.0005825260886922479,0.5,0.0,0,0,0,0.0005825260886922479,0.5,-1.0
627,31.35,-39.82118225097656,24.564149856567383,0.003410298970482009,0.08625574122332366,0.0008040759057325354,-0.00045404044025126357,25,-37.756438185390834,24.56944971218639,0.0029562585302307454,4.0,3.9137442587766764,0.0,0.0,1.0,0,0,1,-0.0005825260886922479,-0.5,1.0
628,31.400000000000002,-39.82136154174805,24.564149856567383,0.0034106807595914073,5.215909719707002e-06,0.0008046059348978977,-0.00045442222932799096,26,-37.77385771584959,24.569398215400863,0.0029562585302634163,4.0,3.9999947840902803,0.0005815221229568124,0.5,0.0,0,0,0,0.0005815221229568124,0.5,-1.0
629,31.450000000000003,-39.82059860229492,24.564151763916016,0.0034108167784634882,0.08625347599917714,0.0008042578321788944,-0.000454558248218133,25,-37.75585897225413,24.569451424495156,0.0029562585302453552,4.0,3.913746524000823,0.0,0.0,1.0,0,0,1,-0.0005815221229568124,-0.5,1.0
630,31.5,-39.820777893066406,24.564151763916016,0.003411197787349911,5.174141845056788e-06,0.0008047878612922176,-0.0004549392570986073,26,-37.77327415083022,24.569399940574954,0.0029562585302513036,4.0,3.999994825858155,0.0005805446999147534,0.5,0.0,0,0,0,0.0005805446999147534,0.5,-1.0
631,31.55,-39.82001495361328,24.56415557861328,0.0034113449894179757,0.08625577075383949,0.0008063470988943439,-0.0004550864591733638,25,-37.75527082387565,24.56945316321888,0.002956258530244612,4.0,3.9137442292461606,0.0,0.0,1.0,0,0,1,-0.0005805446999147534,-0.5,1.0
632,31.6,-39.820194244384766,24.56415557861328,0.0034117265184530486,5.235872007185816e-06,0.0008068771280188422,-0.0004554679881962234,26,-37.77269037194091,24.569401666381303,0.0029562585302568252,4.0,3.999994764127993,0.0005817009950987995,0.5,0.0,0,0,0,0.0005817009950987995,0.5,-1.0
633,31.650000000000002,-39.81943130493164,24.564157485961914,0.00341186253732513,0.08625346135095137,0.0008065290253148017,-0.00045560400707921793,25,-37.754691697255275,24.56945487527188,0.002956258530245912,4.0,3.9137465386490486,0.0,0.0,1.0,0,0,1,-0.0005817009950987995,-0.5,1.0
634,31.700000000000003,-39.819610595703125,24.56415557861328,0.0034122438062858776,5.176907113035729e-06,0.000805151714109437,-0.00045598527604368867,26,-37.77210684689569,24.56940339143722,0.002956258530242189,4.0,3.999994823092887,0.0005785643588751554,0.5,0.0,0,0,0,0.0005785643588751554,0.5,-1.0
635,31.75,-39.81884765625,24.564157485961914,0.003412386587090414,0.08625396745781393,0.0008048036114638281,-0.00045612805682918034,25,-37.7541070622747,24.569456603609066,0.0029562585302612336,4.0,3.913746032542186,0.0,0.0,1.0,0,0,1,-0.0005785643588751554,-0.5,1.0
636,31.8,-39.819026947021484,24.564157485961914,0.003412768636274137,5.2419284757413645e-06,0.0008053336405751798,-0.00045651010600750467,26,-37.77152306669694,24.56940511724744,0.0029562585302666325,4.0,3.9999947580715243,0.0005775702884420753,0.5,0.0,0,0,0,0.0005775702884420753,0.5,-1.0
637,31.85,-39.81826400756836,24.564159393310547,0.0034129184390854542,0.08625587428637224,0.0008049855378731759,-0.00045665990882796416,25,-37.75351967890382,24.569458340071225,0.00295625853025749,4.0,3.913744125713628,0.0,0.0,1.0,0,0,1,-0.0005775702884420753,-0.5,1.0
638,31.900000000000002,-39.818443298339844,24.564159393310547,0.003413300748343503,5.203197434447953e-06,0.0008055155669596682,-0.00045704221809356616,26,-37.77093949555838,24.569406842439623,0.0029562585302499366,4.0,3.9999947968025658,0.0005765608511865139,0.5,0.0,0,0,0,0.0005765608511865139,0.5,-1.0
639,31.950000000000003,-39.81768035888672,24.56416130065918,0.0034134528918237463,0.08625634425738632,0.0008051674642300813,-0.0004571943615973217,25,-37.75293510936667,24.569460068214937,0.0029562585302264246,4.0,3.9137436557426137,0.0,0.0,1.0,0,0,1,-0.0005765608511865139,-0.5,1.0
640,32.0,-39.8178596496582,24.56416130065918,0.00341383494100747,5.2007471219347756e-06,0.0008056974933563872,-0.00045757641076838275,26,-37.77035585131447,24.569408567847923,0.0029562585302390872,4.0,3.999994799252878,0.0005755469319410622,0.5,0.0,0,0,0,0.0005755469319410622,0.5,-1.0
641,32.050000000000004,-39.81709671020508,24.564165115356445,0.003413980322555258,0.0862561880254117,0.0008072567310158409,-0.00045772179229408485,25,-37.75235176081604,24.56946179274909,0.0029562585302611733,4.0,3.913743811974588,0.0,0.0,1.0,0,0,1,-0.0005755469319410622,-0.5,1.0
642,32.1,-39.81727600097656,24.564165115356445,0.0034143621116646565,5.209403514318526e-06,0.0008077867600630242,-0.0004581035814297321,26,-37.76977217936834,24.56941029333812,0.0029562585302349243,4.0,3.9999947905964857,0.0005767066031694412,0.5,0.0,0,0,0,0.0005767066031694412,0.5,-1.0
643,32.15,-39.81651306152344,24.564167022705078,0.003414511394327323,0.08625495857625919,0.0008074386574454849,-0.00045825286405974403,25,-37.75177051929551,24.569463511054302,0.0029562585302675788,4.0,3.913745041423741,0.0,0.0,1.0,0,0,1,-0.0005767066031694412,-0.5,1.0
644,32.2,-39.81669235229492,24.564167022705078,0.0034148937035853714,5.208518020522617e-06,0.0008079686865174731,-0.00045863517333263925,26,-37.76918853197134,24.56941201875574,0.002956258530252732,4.0,3.9999947914819796,0.0005756982136517763,0.5,0.0,0,0,0,0.0005756982136517763,0.5,-1.0
645,32.25,-39.8159294128418,24.56416893005371,0.003415042726173713,0.08625787200015338,0.0008076205838570211,-0.00045878419590934024,25,-37.75118116468405,24.569465253343974,0.0029562585302643726,4.0,3.9137421279998468,0.0,0.0,1.0,0,0,1,-0.0005756982136517763,-0.5,1.0
646,32.300000000000004,-39.81610870361328,24.56416893005371,0.0034154245152831107,5.228254894487699e-06,0.0008081506129509041,-0.000459165985022195,26,-37.76860484302044,24.56941374429621,0.0029562585302609157,4.0,3.9999947717451056,0.0005746915121562779,0.5,0.0,0,0,0,0.0005746915121562779,0.5,-1.0
647,32.35,-39.815345764160156,24.564172744750977,0.003415565735641696,0.08625740228535757,0.0008097098505668969,-0.00045930720538016724,25,-37.75059843003459,24.56946697606327,0.002956258530261529,4.0,3.9137425977146423,0.0,0.0,1.0,0,0,1,-0.0005746915121562779,-0.5,1.0
648,32.4,-39.81552505493164,24.564172744750977,0.0034159470046024438,5.18555451791605e-06,0.0008102398796391037,-0.0004596884743544461,26,-37.768021274557746,24.569415469480482,0.0029562585302479977,4.0,3.999994814445482,0.0005758611368946731,0.5,0.0,0,0,0,0.0005758611368946731,0.5,-1.0
649,32.45,-39.814762115478516,24.56417465209961,0.003416093166373208,0.0862562704284693,0.0008098917769445886,-0.00045983463613156724,25,-37.75001699739671,24.569468694933473,0.0029562585302416408,4.0,3.9137437295715305,0.0,0.0,1.0,0,0,1,-0.0005758611368946731,-0.5,1.0
650,32.5,-39.81494140625,24.56417465209961,0.003416474695408281,5.185225980638192e-06,0.0008104218060801206,-0.00046021616514878554,26,-37.76743762603848,24.569417194901423,0.0029562585302594954,4.0,3.9999948147740194,0.0005748610128648579,0.5,0.0,0,0,0,0.0005748610128648579,0.5,-1.0
651,32.550000000000004,-39.814178466796875,24.564176559448242,0.00341662059710472,0.08625630778094721,0.0008100737034053935,-0.0004603620668415212,25,-37.749433275067155,24.569470420572618,0.0029562585302631986,4.0,3.913743692219053,0.0,0.0,1.0,0,0,1,-0.0005748610128648579,-0.5,1.0
652,32.6,-39.81435775756836,24.564176559448242,0.0034170021261397928,5.185188798382696e-06,0.0008106037324877319,-0.0004607435958860124,26,-37.76685397693213,24.569418920324097,0.0029562585302537804,4.0,3.9999948148112017,0.0005738614709116518,0.5,0.0,0,0,0,0.0005738614709116518,0.5,-1.0
653,32.65,-39.813594818115234,24.564178466796875,0.003417153749471386,0.08625498871117296,0.0008102556297963914,-0.0004608952192214494,25,-37.748852209052906,24.569472138358982,0.0029562585302499366,4.0,3.9137450112888272,0.0,0.0,1.0,0,0,1,-0.0005738614709116518,-0.5,1.0
654,32.7,-39.81377410888672,24.564178466796875,0.0034175357986551093,5.1874439782145905e-06,0.000810785658889251,-0.0004612772684093598,26,-37.76627032320669,24.569420645760427,0.0029562585302457495,4.0,3.9999948125560216,0.0005728487158194184,0.5,0.0,0,0,0,0.0005728487158194184,0.5,-1.0
655,32.75,-39.813011169433594,24.56418228149414,0.0034176837809461497,0.08625799186963307,0.0008123448965204156,-0.00046142525069232986,25,-37.74826267338972,24.569473881183892,0.00295625853025382,4.0,3.913742008130367,0.0,0.0,1.0,0,0,1,-0.0005728487158194184,-0.5,1.0
656,32.800000000000004,-39.813194274902344,24.56418228149414,0.0034180653099812226,6.608558143462116e-06,0.0008128862028311951,-0.0004618067797302794,26,-37.765687619836335,24.569422368387254,0.002956258530250943,4.0,3.9999933914418566,0.0005740154883824289,0.5,0.0,0,0,0,0.0005740154883824289,0.5,-1.0
657,32.85,-39.81242752075195,24.564184188842773,0.0034182075706371087,0.08629192201111939,0.0008125268229513772,-0.000461949040376909,25,-37.74761257797172,24.569475803039616,0.0029562585302601997,4.0,3.9137080779888804,0.0,0.0,1.0,0,0,1,-0.0005740154883824289,-0.5,1.0
658,32.9,-39.8126106262207,24.564184188842773,0.0034185885795235313,5.673538387918902e-06,0.0008130681292461842,-0.00046233004927329156,26,-37.765105854711635,24.56942408824038,0.00295625853025024,4.0,3.999994326461612,0.0005730256089009345,0.5,0.0,0,0,0,0.0005730256089009345,0.5,-1.0
659,32.95,-39.81184387207031,24.564186096191406,0.0034187391625578236,0.0862891058904348,0.0008127087493235013,-0.00046248063231985525,25,-37.747034443669364,24.569477512159057,0.0029562585302379684,4.0,3.913710894109565,0.0,0.0,1.0,0,0,1,-0.0005730256089009345,-0.5,1.0
660,33.0,-39.81202697753906,24.564186096191406,0.003419120951667222,5.601894833005718e-06,0.0008132500556728567,-0.00046286242141208066,26,-37.7645223498915,24.569425813236506,0.0029562585302551412,4.0,3.999994398105167,0.000572015589568764,0.5,0.0,0,0,0,0.000572015589568764,0.5,-1.0
661,33.050000000000004,-39.81126022338867,24.56418800354004,0.003419274395519092,0.08629075271785218,0.0008128906758005216,-0.0004630158652515039,25,-37.74644756946516,24.569479247115986,0.002956258530267588,4.0,3.913709247282148,0.0,0.0,1.0,0,0,1,-0.000572015589568764,-0.5,1.0
662,33.1,-39.81144332885742,24.564186096191406,0.003419655404405514,5.5211976151092995e-06,0.0008115246417521966,-0.00046339687417103637,26,-37.76393886863672,24.569427538162966,0.0029562585302344777,4.0,3.999994478802385,0.000568842573557049,0.5,0.0,0,0,0,0.000568842573557049,0.5,-1.0
663,33.15,-39.81067657470703,24.56418800354004,0.0034198132695209124,0.08628698103977435,0.0008111652619033358,-0.0004635547392613875,25,-37.745871311776824,24.569480950687655,0.002956258530259525,4.0,3.913713018960226,0.0,0.0,1.0,0,0,1,-0.000568842573557049,-0.5,1.0
664,33.2,-39.81085968017578,24.56418800354004,0.0034201953187046356,5.969524335294217e-06,0.0008117065682182205,-0.0004639367884454932,26,-37.763354316081056,24.56942926625648,0.0029562585302591424,4.0,3.9999940304756647,0.000567816139664501,0.5,0.0,0,0,0,0.000567816139664501,0.5,-1.0
665,33.25,-39.81009292602539,24.564191818237305,0.00342032899690779,0.0862848505228583,0.0008132545285711515,-0.00046407046667288135,25,-37.745291829517306,24.569482663792016,0.0029562585302349087,4.0,3.9137151494771416,0.0,0.0,1.0,0,0,1,-0.000567816139664501,-0.5,1.0
666,33.300000000000004,-39.81027603149414,24.564191818237305,0.0034207087054225864,5.9729563738994264e-06,0.0008137958349427763,-0.0004644501751593696,26,-37.762770654661956,24.569430991715556,0.002956258530263217,4.0,3.999994027043626,0.0005690050893463194,0.5,0.0,0,0,0,0.0005690050893463194,0.5,-1.0
667,33.35,-39.80950927734375,24.564193725585938,0.003420863449646082,0.08628982050386477,0.0008134364550314507,-0.0004646049193898524,25,-37.7446984474991,24.56948441798778,0.00295625853025623,4.0,3.9137101794961353,0.0,0.0,1.0,0,0,1,-0.0005690050893463194,-0.5,1.0
668,33.4,-39.8096923828125,24.564193725585938,0.003421245758904131,5.548415829327704e-06,0.0008139777613317949,-0.00046498722865597484,26,-37.76218786092615,24.569432714609526,0.002956258530248156,4.0,3.9999944515841706,0.0005679854657500982,0.5,0.0,0,0,0,0.0005679854657500982,0.5,-1.0
669,33.45,-39.80892562866211,24.56419563293457,0.00342138619903974,0.08628941865819496,0.0008136183814274516,-0.000465127668794777,25,-37.74411558526216,24.56948614108426,0.002956258530244963,4.0,3.913710581341805,0.0,0.0,1.0,0,0,1,-0.0005679854657500982,-0.5,1.0
670,33.5,-39.80910873413086,24.56419563293457,0.003421765907554537,5.928840469127712e-06,0.0008141596877404445,-0.0004655073773101744,26,-37.76160344519258,24.569434442298558,0.0029562585302443625,4.0,3.9999940711595308,0.0005670010577887297,0.5,0.0,0,0,0,0.0005670010577887297,0.5,-1.0
671,33.550000000000004,-39.80834197998047,24.564199447631836,0.0034219271536361628,0.08628846453415949,0.0008157076481449498,-0.0004656686233903808,25,-37.74353379924332,24.56948786099915,0.002956258530245782,4.0,3.9137115354658407,0.0,0.0,1.0,0,0,1,-0.0005670010577887297,-0.5,1.0
672,33.6,-39.80852508544922,24.564199447631836,0.003422309202819886,5.516183624061135e-06,0.000816248954455907,-0.0004660506725754645,26,-37.76102062218891,24.569436165279054,0.0029562585302444215,4.0,3.999994483816376,0.000568126852158457,0.5,0.0,0,0,0,0.000568126852158457,0.5,-1.0
673,33.65,-39.807762145996094,24.56420135498047,0.0034224553645906502,0.086288457719033,0.0008159008517672432,-0.0004661968343494297,25,-37.742953978074034,24.569489575105422,0.0029562585302412205,4.0,3.913711542280967,0.0,0.0,1.0,0,0,1,-0.000568126852158457,-0.5,1.0
674,33.7,-39.80794143676758,24.56420135498047,0.003422834813031121,5.9612645798124574e-06,0.000816430880879326,-0.0004665762827842446,26,-37.760436076173434,24.569437893353232,0.0029562585302468766,4.0,3.9999940387354203,0.0005671308026649058,0.5,0.0,0,0,0,0.0005671308026649058,0.5,-1.0
675,33.75,-39.80717849731445,24.5642032623291,0.003422988256882991,0.08628904582002025,0.0008160827782170092,-0.0004667297266260032,25,-37.742369177200025,24.56949130393303,0.002956258530256988,4.0,3.91371095417998,0.0,0.0,1.0,0,0,1,-0.0005671308026649058,-0.5,1.0
676,33.800000000000004,-39.80735778808594,24.5642032623291,0.0034233705661410397,5.99392260649602e-06,0.0008166128072994213,-0.00046711203589241707,26,-37.75985236118653,24.56943961897067,0.0029562585302486226,4.0,3.9999940060773933,0.000566113565582782,0.5,0.0,0,0,0,0.000566113565582782,0.5,-1.0
677,33.85,-39.80659484863281,24.564205169677734,0.003423522189472633,0.08628976849941583,0.0008162647045996509,-0.0004672636592332269,25,-37.74178411277779,24.569493033539757,0.002956258530239406,4.0,3.913710231500584,0.0,0.0,1.0,0,0,1,-0.000566113565582782,-0.5,1.0
678,33.9,-39.8067741394043,24.564205169677734,0.0034239029382847302,6.038570573981761e-06,0.0008167947337042562,-0.0004676444080428518,26,-37.75926862204,24.569441344659527,0.0029562585302418784,4.0,3.999993961429426,0.0005651034880429506,0.5,0.0,0,0,0,0.0005651034880429506,0.5,-1.0
679,33.95,-39.80601119995117,24.564208984375,0.003424046499312242,0.0862892621261905,0.0008183539713744713,-0.00046778796904283155,25,-37.74120144991745,24.56949475604683,0.0029562585302694106,4.0,3.9137107378738096,0.0,0.0,1.0,0,0,1,-0.0005651034880429506,-0.5,1.0
680,34.0,-39.806190490722656,24.564208984375,0.0034244282884216405,5.530229798118098e-06,0.0008188840004106539,-0.00046816975818462494,26,-37.75868599183861,24.569443067070047,0.0029562585302370156,4.0,3.999994469770202,0.0005662674666382372,0.5,0.0,0,0,0,0.0005662674666382372,0.5,-1.0
681,34.050000000000004,-39.80542755126953,24.564210891723633,0.0034245734098951037,0.08628826395733045,0.0008185358977449665,-0.0004683148796500473,25,-37.740619755474995,24.569496475690993,0.0029562585302450564,4.0,3.9137117360426696,0.0,0.0,1.0,0,0,1,-0.0005662674666382372,-0.5,1.0
682,34.1,-39.805606842041016,24.564210891723633,0.0034249533784842254,5.9947361653547494e-06,0.0008190659268341189,-0.00046869484824418623,26,-37.7581014066811,24.56944479525994,0.002956258530240039,4.0,3.9999940052638348,0.0005652724648825824,0.5,0.0,0,0,0,0.0005652724648825824,0.5,-1.0
683,34.15,-39.80484390258789,24.564212799072266,0.0034250901775792824,0.08628985861268428,0.0008187178241935555,-0.0004688316473182362,25,-37.740032983440635,24.56949821034588,0.0029562585302610462,4.0,3.9137101413873157,0.0,0.0,1.0,0,0,1,-0.0005652724648825824,-0.5,1.0
684,34.2,-39.805023193359375,24.564212799072266,0.003425470406242729,5.561127196254767e-06,0.0008192478532966429,-0.0004692118759799858,26,-37.75751863121809,24.569446518099895,0.0029562585302627432,4.0,3.999994438872804,0.000564295391086489,0.5,0.0,0,0,0,0.000564295391086489,0.5,-1.0
685,34.25,-39.80426025390625,24.56421661376953,0.003425617868385119,0.08628806294875598,0.0008208070908729747,-0.0004693593381418712,25,-37.73945284543022,24.56949992538882,0.002956258530243248,4.0,3.913711937051244,0.0,0.0,1.0,0,0,1,-0.000564295391086489,-0.5,1.0
686,34.300000000000004,-39.804439544677734,24.56421661376953,0.003425999397420192,5.4975026568831316e-06,0.0008213371200166148,-0.0004697408671554596,26,-37.7569351049174,24.569448243159524,0.0029562585302647325,4.0,3.999994502497343,0.0005654512206092477,0.5,0.0,0,0,0,0.0005654512206092477,0.5,-1.0
687,34.35,-39.80367660522461,24.564218521118164,0.0034261377569612,0.08628711012564406,0.0008209890172854303,-0.0004698792267207072,25,-37.73887106218606,24.569501645295507,0.002956258530240493,4.0,3.913712889874356,0.0,0.0,1.0,0,0,1,-0.0005654512206092477,-0.5,1.0
688,34.4,-39.803855895996094,24.564218521118164,0.0034265172054016714,5.9276519810767965e-06,0.0008215190463954029,-0.0004702586751563951,26,-37.75635058898903,24.569449971144756,0.0029562585302452763,4.0,3.9999940723480187,0.0005644717602990568,0.5,0.0,0,0,0,0.0005644717602990568,0.5,-1.0
689,34.45,-39.80309295654297,24.564220428466797,0.00342666908880759,0.0862898958313318,0.0008211709437159296,-0.0004704105585603591,25,-37.73828195768832,24.569503386845778,0.002956258530247231,4.0,3.9137101041686684,0.0,0.0,1.0,0,0,1,-0.0005644717602990568,-0.5,1.0
690,34.5,-39.80327224731445,24.564218521118164,0.003427049577545362,5.961581870159782e-06,0.0008197936325214251,-0.0004707910472976566,26,-37.75576687676163,24.569451696754033,0.0029562585302477054,4.0,3.99999403841813,0.0005613030516542494,0.5,0.0,0,0,0,0.0005613030516542494,0.5,-1.0
691,34.550000000000004,-39.80250930786133,24.564220428466797,0.0034271923583498983,0.08628816680595848,0.0008194455298185235,-0.0004709338281117352,25,-37.73770169982258,24.56950510224304,0.002956258530238163,4.0,3.9137118331940415,0.0,0.0,1.0,0,0,1,-0.0005613030516542494,-0.5,1.0
692,34.6,-39.80268859863281,24.564220428466797,0.0034275728470876707,5.995581024876179e-06,0.0008199755589291284,-0.0004713143168437136,26,-37.75518315907237,24.56945342237946,0.002956258530243957,4.0,3.999994004418975,0.0005603122990578413,0.5,0.0,0,0,0,0.0005603122990578413,0.5,-1.0
693,34.65,-39.80192565917969,24.56422233581543,0.0034277093861084023,0.08628955268719744,0.0008196274562145833,-0.0004714508558809772,25,-37.737115336635746,24.56950683568926,0.002956258530227425,4.0,3.9137104473128024,0.0,0.0,1.0,0,0,1,-0.0005603122990578413,-0.5,1.0
694,34.7,-39.80210494995117,24.56422233581543,0.003428089354697524,6.034145928027177e-06,0.0008201574853280583,-0.00047183082446404295,26,-37.75459943218316,24.56945514803208,0.002956258530233481,4.0,3.999993965854072,0.0005593358655460179,0.5,0.0,0,0,0,0.0005593358655460179,0.5,-1.0
695,34.75,-39.80134201049805,24.564226150512695,0.0034282386373601904,0.08628968645610748,0.0008217167229730253,-0.00047198010711207777,25,-37.7365314201692,24.569508561902325,0.0029562585302481126,4.0,3.9137103135438926,0.0,0.0,1.0,0,0,1,-0.0005593358655460179,-0.5,1.0
696,34.800000000000004,-39.80152130126953,24.564226150512695,0.0034286191260979623,6.074026023774055e-06,0.0008222467520684253,-0.0004723605958520593,26,-37.75401569732154,24.569456873708273,0.002956258530245903,4.0,3.999993925973976,0.0005604900070466101,0.5,0.0,0,0,0,0.0005604900070466101,0.5,-1.0
697,34.85,-39.800758361816406,24.564228057861328,0.003428763207274125,0.08628827209546248,0.0008218986493822508,-0.0004725046770297338,25,-37.73595054076542,24.56951027913702,0.002956258530244391,4.0,3.9137117279045377,0.0,0.0,1.0,0,0,1,-0.0005604900070466101,-0.5,1.0
698,34.9,-39.80093765258789,24.564228057861328,0.003429144216160547,5.548132229607537e-06,0.0008224286784608717,-0.0004728856859271902,26,-37.75343310781164,24.569458595998498,0.002956258530233357,4.0,3.9999944518677704,0.000559495878405869,0.5,0.0,0,0,0,0.000559495878405869,0.5,-1.0
699,34.95,-39.800174713134766,24.56422996520996,0.003429280755181279,0.08628707257708923,0.0008220805758191261,-0.00047302222492656915,25,-37.7353692406307,24.56951199761551,0.0029562585302547097,4.0,3.9137129274229108,0.0,0.0,1.0,0,0,1,-0.000559495878405869,-0.5,1.0
700,35.0,-39.80035400390625,24.56422996520996,0.0034296607237704006,6.0082536891456225e-06,0.0008226106049204415,-0.00047340219351604774,26,-37.752848531489676,24.56946032416227,0.002956258530254353,4.0,3.9999939917463108,0.0005585190956480801,0.5,0.0,0,0,0,0.0005585190956480801,0.5,-1.0
701,35.050000000000004,-39.799591064453125,24.564233779907227,0.0034298040247235876,0.08628854021500502,0.0008241698424929908,-0.00047354549449039017,25,-37.73478271201544,24.56951373155078,0.0029562585302331974,4.0,3.913711459784995,0.0,0.0,1.0,0,0,1,-0.0005585190956480801,-0.5,1.0
702,35.1,-39.79977035522461,24.564233779907227,0.003430185293684335,5.51681667604035e-06,0.0008246998716221901,-0.00047392676343645593,26,-37.75226586722736,24.569462046673486,0.0029562585302478793,4.0,3.999994483183324,0.0005596847040578723,0.5,0.0,0,0,0,0.0005596847040578723,0.5,-1.0
703,35.15,-39.799007415771484,24.56423568725586,0.003430328334563197,0.08628836173141755,0.0008243517689362602,-0.0004740698043168212,25,-37.734199412363,24.56951545594038,0.0029562585302463757,4.0,3.9137116382685826,0.0,0.0,1.0,0,0,1,-0.0005596847040578723,-0.5,1.0
704,35.2,-39.79918670654297,24.56423568725586,0.0034307077830036683,5.950366632979084e-06,0.0008248817980320133,-0.00047444925275983265,26,-37.751681344446745,24.569463774678976,0.0029562585302438356,4.0,3.999994049633367,0.0005586952902376652,0.5,0.0,0,0,0,0.0005586952902376652,0.5,-1.0
705,35.25,-39.798423767089844,24.564237594604492,0.0034308500436595543,0.08629079026516194,0.0008245336953243637,-0.0004745915134283397,25,-37.73361100732393,24.56951719542286,0.0029562585302312146,4.0,3.9137092097348383,0.0,0.0,1.0,0,0,1,-0.0005586952902376652,-0.5,1.0
706,35.300000000000004,-39.798606872558594,24.564237594604492,0.003431230012248676,5.997754530076427e-06,0.0008250750016889725,-0.0004749714819927229,26,-37.751101414445024,24.569465489106985,0.002956258530255953,4.0,3.99999400224547,0.0005577200790867209,0.5,0.0,0,0,0,0.0005577200790867209,0.5,-1.0
707,35.35,-39.7978401184082,24.564239501953125,0.0034313790348370174,0.08628709468348647,0.00082471562178754,-0.00047512050458344045,25,-37.73303459529181,24.569518899450813,0.002956258530253577,4.0,3.9137129053165136,0.0,0.0,1.0,0,0,1,-0.0005577200790867209,-0.5,1.0
708,35.4,-39.79802322387695,24.564239501953125,0.0034317590034261387,6.029244486123527e-06,0.000825256928114703,-0.0004755004731665383,26,-37.75051770181177,24.569467214717463,0.0029562585302596004,4.0,3.9999939707555137,0.0005567171610891819,0.5,0.0,0,0,0,0.0005567171610891819,0.5,-1.0
709,35.45,-39.79725646972656,24.56424331665039,0.0034318989234130982,0.08628915904420302,0.0008268048885140674,-0.00047564039315337644,25,-37.732446898099504,24.569520636840714,0.002956258530259722,4.0,3.913710840955797,0.0,0.0,1.0,0,0,1,-0.0005567171610891819,-0.5,1.0
710,35.5,-39.79743957519531,24.56424331665039,0.0034322781117792443,5.533312604235306e-06,0.000827346194815436,-0.00047601958152736776,26,-37.74993504660657,24.5694689372019,0.0029562585302518765,4.0,3.999994466687396,0.0005578943528234959,0.5,0.0,0,0,0,0.0005578943528234959,0.5,-1.0
711,35.550000000000004,-39.79667282104492,24.564245223999023,0.003432420112360805,0.08629069357640194,0.0008269868148875438,-0.0004761615821235292,25,-37.73186024380581,24.569522371147524,0.0029562585302372758,4.0,3.913709306423598,0.0,0.0,1.0,0,0,1,-0.0005578943528234959,-0.5,1.0
712,35.6,-39.79685592651367,24.564245223999023,0.0034328000809499266,5.988963586936041e-06,0.0008275281212185891,-0.00047654155070517333,26,-37.74935047929259,24.569470665339043,0.0029562585302447533,4.0,3.999994011036413,0.0005569060449488461,0.5,0.0,0,0,0,0.0005569060449488461,0.5,-1.0
713,35.65,-39.79608917236328,24.564247131347656,0.0034329524845044955,0.08628880114374553,0.0008271687413227355,-0.00047669395425812763,25,-37.7312803006223,24.569524085614503,0.002956258530246368,4.0,3.9137111988562543,0.0,0.0,1.0,0,0,1,-0.0005569060449488461,-0.5,1.0
714,35.7,-39.79627227783203,24.564247131347656,0.0034333340135395685,6.015241103110501e-06,0.0008277100476790861,-0.00047707548327294074,26,-37.74876677716235,24.569472390918474,0.0029562585302666277,4.0,3.999993984758897,0.0005558926495723426,0.5,0.0,0,0,0,0.0005558926495723426,0.5,-1.0
715,35.75,-39.79550552368164,24.56424903869629,0.003433469512262999,0.08628693921354168,0.0008273506677305567,-0.0004772109820213688,25,-37.73070029770508,24.56952580025807,0.0029562585302416304,4.0,3.9137130607864585,0.0,0.0,1.0,0,0,1,-0.0005558926495723426,-0.5,1.0
716,35.800000000000004,-39.79568862915039,24.56424903869629,0.003433848700629145,5.8227436539619084e-06,0.0008278919740419702,-0.0004775901703899699,26,-37.74818351586175,24.56947411519469,0.0029562585302391753,4.0,3.999994177256346,0.0005549203488044441,0.5,0.0,0,0,0,0.0005549203488044441,0.5,-1.0
717,35.85,-39.794921875,24.564252853393555,0.003434000323960739,0.0862890468611305,0.0008294399344543884,-0.000477741793716336,25,-37.730112515743016,24.56952753789857,0.002956258530244403,4.0,3.9137109531388696,0.0,0.0,1.0,0,0,1,-0.0005549203488044441,-0.5,1.0
718,35.9,-39.79510498046875,24.56424903869629,0.003434381852995812,6.078258589411055e-06,0.0008261665601481056,-0.0004781233227634388,26,-37.747599357142434,24.569475842123918,0.002956258530232373,4.0,3.9999939217414107,0.0005517497775144875,0.5,0.0,0,0,0,0.0005517497775144875,0.5,-1.0
719,35.95,-39.79433822631836,24.564252853393555,0.0034345225532057466,0.08628826444143584,0.0008277145205978654,-0.0004782640229489708,25,-37.72953040411592,24.569529258776047,0.002956258530256776,4.0,3.913711735558564,0.0,0.0,1.0,0,0,1,-0.0005517497775144875,-0.5,1.0
720,36.0,-39.79452133178711,24.564252853393555,0.0034349020016462175,6.114767121613365e-06,0.0008282558268871837,-0.0004786434714018411,26,-37.74701562907449,24.569477567780027,0.0029562585302443764,4.0,3.9999938852328785,0.0005529242916963995,0.5,0.0,0,0,0,0.0005529242916963995,0.5,-1.0
721,36.050000000000004,-39.79375457763672,24.564254760742188,0.0034350447824507543,0.08629040354326525,0.0008278964469838612,-0.0004787862522096188,25,-37.72894256587854,24.569530996582913,0.0029562585302411355,4.0,3.9137095964567346,0.0,0.0,1.0,0,0,1,-0.0005529242916963995,-0.5,1.0
722,36.1,-39.7939338684082,24.564254760742188,0.0034354242308912253,5.318449716500829e-06,0.0008284264761258559,-0.0004791657006292991,26,-37.74642976980004,24.56947929973655,0.002956258530261926,4.0,3.9999946815502834,0.0005519231199286878,0.5,0.0,0,0,0,0.0005519231199286878,0.5,-1.0
723,36.15,-39.793174743652344,24.56425666809082,0.0034355867773444774,0.08624911752055331,0.000828089650619322,-0.000479328247102282,25,-37.72844358280419,24.56953247171018,0.0029562585302421954,4.0,3.9137508824794467,0.0,0.0,1.0,0,0,1,-0.0005519231199286878,-0.5,1.0
724,36.2,-39.79335021972656,24.56425666809082,0.0034359688265282007,5.3472399638157305e-06,0.0008286084025192399,-0.00047971029627909756,26,-37.745846062606674,24.569481025330944,0.002956258530249103,4.0,3.9999946527600363,0.0005508871399797499,0.5,0.0,0,0,0,0.0005508871399797499,0.5,-1.0
725,36.25,-39.7925910949707,24.564260482788086,0.003436156340116672,0.08625562990267843,0.0008301789173350092,-0.0004798978098745567,25,-37.72784717494135,24.569534234851147,0.002956258530242115,4.0,3.9137443700973216,0.0,0.0,1.0,0,0,1,-0.0005508871399797499,-0.5,1.0
726,36.300000000000004,-39.79276657104492,24.564260482788086,0.003436540729969322,5.567611685642707e-06,0.0008306976692259733,-0.0004802821997245384,26,-37.74526196405602,24.569482752082298,0.0029562585302447836,4.0,3.9999944323883145,0.0005519516998901963,0.5,0.0,0,0,0,0.0005519516998901963,0.5,-1.0
727,36.35,-39.79200744628906,24.56426239013672,0.0034367066573888017,0.08625968442577392,0.0008303608437548286,-0.000480448127144731,25,-37.72725558568705,24.569535983747024,0.0029562585302440707,4.0,3.913740315574226,0.0,0.0,1.0,0,0,1,-0.0005519516998901963,-0.5,1.0
728,36.4,-39.79218292236328,24.56426239013672,0.0034370889666468503,5.250037725798316e-06,0.0008308795956224486,-0.00048083043641243594,26,-37.74467895478348,24.569484475613454,0.0029562585302344143,4.0,3.999994749962274,0.0005509082693606615,0.5,0.0,0,0,0,0.0005509082693606615,0.5,-1.0
729,36.45,-39.79142379760742,24.56426429748535,0.003437254373917679,0.08625972885928439,0.0008305427701844389,-0.0004809958436687101,25,-37.726671849490536,24.56953770942716,0.002956258530248969,4.0,3.9137402711407154,0.0,0.0,1.0,0,0,1,-0.0005509082693606615,-0.5,1.0
730,36.5,-39.79159927368164,24.56426429748535,0.003437635902952752,5.357088675936757e-06,0.0008310615220500483,-0.00048137737271288037,26,-37.744095089895495,24.56948620167404,0.0029562585302398718,4.0,3.9999946429113242,0.0005498672253452241,0.5,0.0,0,0,0,0.0005498672253452241,0.5,-1.0
731,36.550000000000004,-39.79084014892578,24.564266204833984,0.0034377937680681505,0.08625945356882944,0.0008307246965796765,-0.00048153523782958844,25,-37.726088739417385,24.56953943325631,0.002956258530238562,4.0,3.9137405464311708,0.0,0.0,1.0,0,0,1,-0.0005498672253452241,-0.5,1.0
732,36.6,-39.791015625,24.564266204833984,0.003438174516880248,5.362746849839356e-06,0.0008312434484767954,-0.00048191598663576383,26,-37.74351142931305,24.56948792713064,0.002956258530244484,4.0,3.9999946372531503,0.0005488439928740263,0.5,0.0,0,0,0,0.0005488439928740263,0.5,-1.0
733,36.65,-39.79025650024414,24.56427001953125,0.003438333682367272,0.08625979586538154,0.0008328139633413927,-0.0004820751521057605,25,-37.72550441458599,24.56954116067661,0.0029562585302615116,4.0,3.9137402041346183,0.0,0.0,1.0,0,0,1,-0.0005488439928740263,-0.5,1.0
734,36.7,-39.79043197631836,24.56427001953125,0.0034387149513280197,5.368331577164729e-06,0.0008333327151785735,-0.0004824564210913233,26,-37.7429277635563,24.569489652602538,0.0029562585302366964,4.0,3.999994631668423,0.0005499754915945232,0.5,0.0,0,0,0,0.0005499754915945232,0.5,-1.0
735,36.75,-39.7896728515625,24.564271926879883,0.003438872816443418,0.0862594536995392,0.0008329958897426507,-0.0004826142861895505,25,-37.72492143547657,24.569542884118597,0.0029562585302538675,4.0,3.9137405463004606,0.0,0.0,1.0,0,0,1,-0.0005499754915945232,-0.5,1.0
736,36.800000000000004,-39.78984832763672,24.564271926879883,0.0034392538253298402,5.372856773540739e-06,0.0008335146416230789,-0.0004829952950786997,26,-37.7423441052568,24.569491378052394,0.0029562585302511405,4.0,3.9999946271432263,0.0005489516770467162,0.5,0.0,0,0,0,0.0005489516770467162,0.5,-1.0
737,36.85,-39.78908920288086,24.564273834228516,0.0034394051885871086,0.08625803086602249,0.0008331778161202738,-0.00048314665835401437,25,-37.724340572665426,24.569544601304237,0.002956258530233094,4.0,3.9137419691339774,0.0,0.0,1.0,0,0,1,-0.0005489516770467162,-0.5,1.0
738,36.9,-39.789268493652344,24.564273834228516,0.003439785937399206,5.376810354003328e-06,0.0008337078452366493,-0.000483527407157955,26,-37.74176426277484,24.56949309222167,0.002956258530241251,4.0,3.999994623189646,0.0005479555111378431,0.5,0.0,0,0,0,0.0005479555111378431,0.5,-1.0
739,36.95,-39.78850555419922,24.56427764892578,0.003439937040582149,0.08625812023444289,0.000835267082839937,-0.0004836785103473095,25,-37.723756743149465,24.56954632726025,0.0029562585302348393,4.0,3.913741879765557,0.0,0.0,1.0,0,0,1,-0.0005479555111378431,-0.5,1.0
740,37.0,-39.7886848449707,24.56427764892578,0.0034403172692455955,5.377289170043561e-06,0.0008357971119261742,-0.00048405873901793007,26,-37.74118060730646,24.569494817663152,0.0029562585302276654,4.0,3.99999462271083,0.0005491063348017633,0.5,0.0,0,0,0,0.0005491063348017633,0.5,-1.0
741,37.050000000000004,-39.78792190551758,24.564279556274414,0.003440466291833937,0.08625570725025496,0.0008354490092509327,-0.0004842077616022192,25,-37.72317781937491,24.569548038713585,0.0029562585302317177,4.0,3.9137442927497452,0.0,0.0,1.0,0,0,1,-0.0005491063348017633,-0.5,1.0
742,37.1,-39.78810119628906,24.564279556274414,0.0034408475607946845,5.381765121297125e-06,0.000835979038388281,-0.00048458903054471704,26,-37.74059694910619,24.569496543112713,0.0029562585302499674,4.0,3.999994618234879,0.0005481006810441613,0.5,0.0,0,0,0,0.0005481006810441613,0.5,-1.0
743,37.15,-39.78733825683594,24.564281463623047,0.0034410043856127823,0.08625982660085349,0.0008356309357326853,-0.000484745855348728,25,-37.7225861031673,24.56954978798477,0.0029562585302640543,4.0,3.9137401733991464,0.0,0.0,1.0,0,0,1,-0.0005481006810441613,-0.5,1.0
744,37.2,-39.78751754760742,24.564279556274414,0.0034413853944992045,5.385210515139201e-06,0.0008342536244855389,-0.00048512686425998194,26,-37.74001329830479,24.5694982685404,0.0029562585302392226,4.0,3.9999946147894847,0.0005449204472824931,0.5,0.0,0,0,0,0.0005449204472824931,0.5,-1.0
745,37.25,-39.7867546081543,24.564281463623047,0.0034415429995402775,0.08625997478256828,0.0008339055218202452,-0.0004852844692930891,25,-37.722002169120415,24.569551514249802,0.0029562585302471884,4.0,3.913740025217432,0.0,0.0,1.0,0,0,1,-0.0005449204472824931,-0.5,1.0
746,37.300000000000004,-39.78693389892578,24.564281463623047,0.0034419232282037245,5.392340731965858e-06,0.0008344355508931164,-0.0004856646979695678,26,-37.73942963475619,24.56949999400577,0.0029562585302341567,4.0,3.999994607659268,0.0005438987864181399,0.5,0.0,0,0,0,0.0005438987864181399,0.5,-1.0
747,37.35,-39.786170959472656,24.56428337097168,0.0034420743313866675,0.08625863393545175,0.00083408744821367,-0.00048581580115103495,25,-37.721421145753276,24.569553231910092,0.0029562585302356325,4.0,3.9137413660645484,0.0,0.0,1.0,0,0,1,-0.0005438987864181399,-0.5,1.0
748,37.4,-39.78635025024414,24.56428337097168,0.0034424545600501145,5.394253956222634e-06,0.0008346174773475167,-0.0004861960297975333,26,-37.73884598171979,24.569501719440066,0.0029562585302525812,4.0,3.9999946057460436,0.0005428909789770842,0.5,0.0,0,0,0,0.0005428909789770842,0.5,-1.0
749,37.45,-39.785587310791016,24.564287185668945,0.003442608003901984,0.08625680127630811,0.0008361767149753585,-0.00048634947364324145,25,-37.720841080191505,24.569554946738855,0.0029562585302587425,4.0,3.913743198723692,0.0,0.0,1.0,0,0,1,-0.0005428909789770842,-0.5,1.0
750,37.5,-39.7857666015625,24.564287185668945,0.0034429884926397564,5.394721847280987e-06,0.0008367067440605861,-0.00048672996238871124,26,-37.73826232627342,24.569503444881484,0.002956258530251045,4.0,3.9999946052781525,0.0005440362729132175,0.5,0.0,0,0,0,0.0005440362729132175,0.5,-1.0
751,37.550000000000004,-39.785003662109375,24.564289093017578,0.0034431424566402765,0.08625699565296872,0.0008363586413462701,-0.0004868839264053032,25,-37.72025705035761,24.56955667328706,0.0029562585302349734,4.0,3.9137430043470314,0.0,0.0,1.0,0,0,1,-0.0005440362729132175,-0.5,1.0
752,37.6,-39.78518295288086,24.564289093017578,0.0034435234655266988,5.3996242341498354e-06,0.0008368886704692748,-0.0004872649352794566,26,-37.737678667213885,24.569505170333585,0.002956258530247242,4.0,3.999994600375766,0.0005430207238532603,0.5,0.0,0,0,0,0.0005430207238532603,0.5,-1.0
753,37.65,-39.784420013427734,24.56429100036621,0.00344367898997317,0.08625981922253581,0.0008365405677819241,-0.00048742045972923007,25,-37.7196678717101,24.569558415056537,0.00295625853024394,4.0,3.9137401807774643,0.0,0.0,1.0,0,0,1,-0.0005430207238532603,-0.5,1.0
754,37.7,-39.78459930419922,24.56429100036621,0.003444059478710942,5.323014711123062e-06,0.0008370705969058144,-0.0004878009484549123,26,-37.73709517240013,24.56950689530013,0.00295625853025603,4.0,3.9999946769852888,0.0005420030211098492,0.5,0.0,0,0,0,0.0005420030211098492,0.5,-1.0
755,37.75,-39.783836364746094,24.564294815063477,0.0034442443915561616,0.08625270911607293,0.0008386298345170098,-0.0004879858613018183,25,-37.71909814110417,24.56956009933241,0.0029562585302543433,4.0,3.913747290883927,0.0,0.0,1.0,0,0,1,-0.0005420030211098492,-0.5,1.0
756,37.800000000000004,-39.78401565551758,24.564294815063477,0.003444628001185836,5.232781690106482e-06,0.000839159863611454,-0.000488369470935562,26,-37.7365116997153,24.569508620201255,0.002956258530250274,4.0,3.99999476721831,0.0005430750316008925,0.5,0.0,0,0,0,0.0005430750316008925,0.5,-1.0
757,37.85,-39.78325271606445,24.56429672241211,0.003444785606226909,0.08625492277514045,0.0008388117609513662,-0.0004885270759645913,25,-37.7185101568595,24.569561837570912,0.002956258530262318,4.0,3.9137450772248594,0.0,0.0,1.0,0,0,1,-0.0005430750316008925,-0.5,1.0
758,37.9,-39.78343200683594,24.56429672241211,0.003445166875187657,5.199042076519261e-06,0.0008393417900233267,-0.0004889083449392318,26,-37.735928118519055,24.569510345423172,0.0029562585302484253,4.0,3.9999948009579236,0.0005420512170530856,0.5,0.0,0,0,0,0.0005420512170530856,0.5,-1.0
759,37.95,-39.78266906738281,24.564298629760742,0.00344532448022873,0.08625516845523679,0.0008389936873569193,-0.0004890659499727302,25,-37.71792602655682,24.569563564416132,0.002956258530256,4.0,3.913744831544763,0.0,0.0,1.0,0,0,1,-0.0005420512170530856,-0.5,1.0
760,38.0,-39.7828483581543,24.564298629760742,0.003445706269338128,5.197363261140888e-06,0.0008395237164485593,-0.0004894477390858863,26,-37.735344472720584,24.56951207083607,0.0029562585302522417,4.0,3.999994802636739,0.0005410262965597212,0.5,0.0,0,0,0,0.0005410262965597212,0.5,-1.0
761,38.050000000000004,-39.78208541870117,24.564300537109375,0.0034458630941562253,0.08625528756942193,0.0008391756137834756,-0.0004896045638951504,25,-37.717342144111285,24.569565290528622,0.002956258530261075,4.0,3.913744712430578,0.0,0.0,1.0,0,0,1,-0.0005410262965597212,-0.5,1.0
762,38.1,-39.782264709472656,24.564300537109375,0.003446244103042648,5.184304550264588e-06,0.000839705642855207,-0.0004899855727961461,26,-37.7347608498525,24.569513796181177,0.002956258530246502,4.0,3.99999481569545,0.000540004693903029,0.5,0.0,0,0,0,0.000540004693903029,0.5,-1.0
763,38.15,-39.78150177001953,24.56430435180664,0.0034463944260026153,0.08625679290898666,0.0008412648804548718,-0.0004901358957638958,25,-37.71675554166394,24.56956702468216,0.0029562585302387195,4.0,3.9137432070910134,0.0,0.0,1.0,0,0,1,-0.000540004693903029,-0.5,1.0
764,38.2,-39.781681060791016,24.56430435180664,0.0034467746546660624,5.1832553374281346e-06,0.0008417949095472273,-0.0004905161244318328,26,-37.73417719746308,24.569515521613557,0.0029562585302342296,4.0,3.9999948167446626,0.0005411572055891156,0.5,0.0,0,0,0,0.0005411572055891156,0.5,-1.0
765,38.25,-39.78091812133789,24.564306259155273,0.00344692549777468,0.08625669654784275,0.0008414468068911217,-0.0004906669675275167,25,-37.71617208118909,24.56956874954719,0.0029562585302471633,4.0,3.9137433034521574,0.0,0.0,1.0,0,0,1,-0.0005411572055891156,-0.5,1.0
766,38.300000000000004,-39.781097412109375,24.564306259155273,0.003447305726438127,5.183521799091629e-06,0.0008419768359843255,-0.0004910471961936877,26,-37.733593547744896,24.569517247038043,0.0029562585302444393,4.0,3.999994816478201,0.0005401499220170081,0.5,0.0,0,0,0,0.0005401499220170081,0.5,-1.0
767,38.35,-39.78033447265625,24.564308166503906,0.0034474682728913787,0.08625736718258863,0.0008416287332836721,-0.0004912097426562237,25,-37.71558711868718,24.569570478852615,0.002956258530235155,4.0,3.9137426328174114,0.0,0.0,1.0,0,0,1,-0.0005401499220170081,-0.5,1.0
768,38.400000000000006,-39.780513763427734,24.564308166503906,0.0034478505821494273,5.18644599325682e-06,0.0008421587624068147,-0.0004915920519023226,26,-37.7330098926714,24.56951897247836,0.0029562585302471047,4.0,3.999994813554007,0.000539113418199122,0.5,0.0,0,0,0,0.000539113418199122,0.5,-1.0
769,38.45,-39.77975082397461,24.56431007385254,0.0034480019454066952,0.08625703184644126,0.0008418106597099699,-0.0004917434151676427,25,-37.715004126203,24.56957220233414,0.0029562585302390526,4.0,3.9137429681535587,0.0,0.0,1.0,0,0,1,-0.000539113418199122,-0.5,1.0
770,38.5,-39.779930114746094,24.56431007385254,0.0034483826942187925,5.191753234169186e-06,0.0008423406888140176,-0.0004921241639776358,26,-37.73242623279609,24.56952069793287,0.0029562585302411568,4.0,3.999994808246766,0.0005381039227358997,0.5,0.0,0,0,0,0.0005381039227358997,0.5,-1.0
771,38.550000000000004,-39.77916717529297,24.564313888549805,0.003448544720523394,0.0862573148805415,0.0008438999264511861,-0.0004922861902709116,25,-37.71441991742673,24.56957392941135,0.0029562585302524823,4.0,3.9137426851194586,0.0,0.0,1.0,0,0,1,-0.0005381039227358997,-0.5,1.0
772,38.6,-39.77934646606445,24.56431007385254,0.0034489267697071176,5.199665312171039e-06,0.0008406152749307885,-0.0004926682394677177,26,-37.73184257299435,24.569522423387163,0.0029562585302394,4.0,3.999994800334688,0.0005349103594198823,0.5,0.0,0,0,0,0.0005349103594198823,0.5,-1.0
773,38.650000000000006,-39.778587341308594,24.564313888549805,0.0034490588874643204,0.08626171101928069,0.0008421857897451101,-0.0004928003572325498,25,-37.7138314791661,24.569575668992044,0.0029562585302317706,4.0,3.9137382889807193,0.0,0.0,1.0,0,0,1,-0.0005349103594198823,-0.5,1.0
774,38.7,-39.77876281738281,24.564313888549805,0.0034494367754588405,5.208643545115173e-06,0.0008427045416755635,-0.0004931782452043364,26,-37.731258900399716,24.569524148879278,0.002956258530254504,4.0,3.999994791356455,0.0005361064686439931,0.5,0.0,0,0,0,0.0005361064686439931,0.5,-1.0
775,38.75,-39.77800369262695,24.564315795898438,0.0034495735745538976,0.08626204683000488,0.0008423677162009259,-0.0004933150443033048,25,-37.71324717235837,24.569577396359062,0.002956258530250593,4.0,3.913737953169995,0.0,0.0,1.0,0,0,1,-0.0005361064686439931,-0.5,1.0
776,38.800000000000004,-39.77817916870117,24.564315795898438,0.0034499517226227426,5.219444576741917e-06,0.0008428864680789395,-0.0004936931923751223,26,-37.73067522945447,24.569525874366516,0.0029562585302476204,4.0,3.9999947805554235,0.0005351334111765027,0.5,0.0,0,0,0,0.0005351334111765027,0.5,-1.0
777,38.85,-39.77742004394531,24.56431770324707,0.003450087741494824,0.08626037803098302,0.000842549642627856,-0.0004938292112384589,25,-37.712666791227576,24.56957911212073,0.002956258530256365,4.0,3.913739621969017,0.0,0.0,1.0,0,0,1,-0.0005351334111765027,-0.5,1.0
778,38.900000000000006,-39.77759552001953,24.56431770324707,0.003450467189935295,5.226130587685345e-06,0.0008430683944847302,-0.000494208659693956,26,-37.730091566800944,24.56952759982924,0.002956258530241339,4.0,3.999994773869412,0.0005341592477634549,0.5,0.0,0,0,0,0.0005341592477634549,0.5,-1.0
779,38.95,-39.77683639526367,24.564321517944336,0.003450602688658726,0.08626032581079746,0.0008446389093319162,-0.0004943441584082304,25,-37.71208323898808,24.569580837257043,0.0029562585302504957,4.0,3.9137396741892028,0.0,0.0,1.0,0,0,1,-0.0005341592477634549,-0.5,1.0
780,39.0,-39.77701187133789,24.564321517944336,0.003450980836727571,5.23411314556543e-06,0.0008451576612293872,-0.0004947223064721271,26,-37.72950789621259,24.569529325315422,0.002956258530255444,4.0,3.9999947658868544,0.0005353476153686643,0.5,0.0,0,0,0,0.0005353476153686643,0.5,-1.0
781,39.050000000000004,-39.77625274658203,24.56432342529297,0.003451128038795636,0.08625615357554506,0.0008448208357811158,-0.0004948695085300152,25,-37.711507760398476,24.569582538525488,0.0029562585302656207,4.0,3.913743846424455,0.0,0.0,1.0,0,0,1,-0.0005353476153686643,-0.5,1.0
782,39.1,-39.77642822265625,24.56432342529297,0.003451508787607733,5.213917121299234e-06,0.0008453395876137212,-0.0004952502573686316,26,-37.72892428772613,24.569531050618014,0.0029562585302391016,4.0,3.999994786082879,0.0005343469674699008,0.5,0.0,0,0,0,0.0005343469674699008,0.5,-1.0
783,39.150000000000006,-39.77566909790039,24.5643253326416,0.0034516554695271477,0.08625638436350722,0.000845002762133039,-0.0004953969392946784,25,-37.71092365925942,24.56958426528449,0.0029562585302324693,4.0,3.9137436156364926,0.0,0.0,1.0,0,0,1,-0.0005343469674699008,-0.5,1.0
784,39.2,-39.77584457397461,24.5643253326416,0.003452036218339245,5.188202972449204e-06,0.0008455215140543279,-0.0004957776880885429,26,-37.72834069035864,24.569532775887737,0.002956258530250702,4.0,3.9999948117970274,0.0005333474255166948,0.5,0.0,0,0,0,0.0005333474255166948,0.5,-1.0
785,39.25,-39.77508544921875,24.564327239990234,0.003452181859961359,0.08625648112087024,0.000845184688570642,-0.0004959233297191436,25,-37.71033982059581,24.569585991267548,0.0029562585302422154,4.0,3.9137435188791296,0.0,0.0,1.0,0,0,1,-0.0005333474255166948,-0.5,1.0
786,39.300000000000004,-39.77526092529297,24.564327239990234,0.003452562348699131,5.188055403987418e-06,0.0008457034404713926,-0.0004963038184493881,26,-37.72775704147472,24.569534501309754,0.002956258530249743,4.0,3.999994811944596,0.0005323506193235517,0.5,0.0,0,0,0,0.0005323506193235517,0.5,-1.0
787,39.35,-39.77450180053711,24.5643310546875,0.0034527079903212445,0.08625564694261197,0.0008472739552801119,-0.0004964494600818666,25,-37.70975779968419,24.569587711876846,0.002956258530239378,4.0,3.913744353057388,0.0,0.0,1.0,0,0,1,-0.0005323506193235517,-0.5,1.0
788,39.400000000000006,-39.774681091308594,24.5643310546875,0.003453087958910366,5.187494471993686e-06,0.0008478039844225169,-0.0004968294286500194,26,-37.727177202767166,24.569536215467874,0.0029562585302603467,4.0,3.999994812505528,0.0005335269379429519,0.5,0.0,0,0,0,0.0005335269379429519,0.5,-1.0
789,39.45,-39.77391815185547,24.564332962036133,0.0034532278788973257,0.08625812089084164,0.0008474558816941912,-0.000496969348659252,25,-37.70916930570881,24.56958945162225,0.0029562585302380737,4.0,3.9137418791091583,0.0,0.0,1.0,0,0,1,-0.0005335269379429519,-0.5,1.0
790,39.5,-39.77409744262695,24.564332962036133,0.003453607587412122,5.188088093040404e-06,0.0008479859107929132,-0.0004973490571751026,26,-37.72659355238975,24.569537940894307,0.0029562585302370195,4.0,3.999994811911907,0.0005325439851731062,0.5,0.0,0,0,0,0.0005325439851731062,0.5,-1.0
791,39.550000000000004,-39.77333450317383,24.564334869384766,0.0034537506282909837,0.08625872436627434,0.0008476378081325245,-0.0004974920980434592,25,-37.70858447472665,24.569591180538865,0.0029562585302475245,4.0,3.9137412756337255,0.0,0.0,1.0,0,0,1,-0.0005325439851731062,-0.5,1.0
792,39.6,-39.77351379394531,24.564334869384766,0.0034541308569544303,5.189559960563809e-06,0.0008481678372381958,-0.0004978723267033873,26,-37.72600990024269,24.569539666325973,0.002956258530251043,4.0,3.9999948104400396,0.0005315532325766981,0.5,0.0,0,0,0,0.0005315532325766981,0.5,-1.0
793,39.650000000000006,-39.77275085449219,24.56433868408203,0.003454276758650869,0.08625642170537791,0.0008497270748841126,-0.0004980182283847285,25,-37.708005329580956,24.569592892646632,0.0029562585302661407,4.0,3.913743578294622,0.0,0.0,1.0,0,0,1,-0.0005315532325766981,-0.5,1.0
794,39.7,-39.77293014526367,24.56433868408203,0.003454656727239991,5.189795347357287e-06,0.0008502571039500136,-0.0004983981969913778,26,-37.725426245264806,24.569541391766005,0.002956258530248613,4.0,3.9999948102046528,0.0005327156977728009,0.5,0.0,0,0,0,0.0005327156977728009,0.5,-1.0
795,39.75,-39.77216720581055,24.564340591430664,0.003454795346855324,0.08625458955638622,0.000849909001264428,-0.0004985368166072809,25,-37.707425268342455,24.569594607462612,0.002956258530248043,4.0,3.913745410443614,0.0,0.0,1.0,0,0,1,-0.0005327156977728009,-0.5,1.0
796,39.800000000000004,-39.77234649658203,24.564340591430664,0.003455175575518771,5.1899216846072866e-06,0.0008504390303686092,-0.0004989170452690786,26,-37.72484259582897,24.569543117189657,0.0029562585302496925,4.0,3.9999948100783156,0.0005317343166097999,0.5,0.0,0,0,0,0.0005317343166097999,0.5,-1.0
797,39.85,-39.771583557128906,24.564342498779297,0.003455324338032787,0.08625649706033861,0.0008500909276860542,-0.0004990658077835639,25,-37.70683788364893,24.56959634392868,0.0029562585302492232,4.0,3.9137435029396612,0.0,0.0,1.0,0,0,1,-0.0005317343166097999,-0.5,1.0
798,39.900000000000006,-39.77176284790039,24.564342498779297,0.00345570586706786,5.1901605115794005e-06,0.0008506209567745284,-0.0004994473368243372,26,-37.724258946166465,24.569544842613976,0.002956258530243523,4.0,3.9999948098394884,0.0005307287210598588,0.5,0.0,0,0,0,0.0005307287210598588,0.5,-1.0
799,39.95,-39.770999908447266,24.56434440612793,0.0034558548896562015,0.08625651195826091,0.0008502728540960734,-0.0004995963594102378,25,-37.706254205292694,24.569598069437827,0.0029562585302459637,4.0,3.913743488041739,0.0,0.0,1.0,0,0,1,-0.0005307287210598588,-0.5,1.0
800,40.0,-39.77117919921875,24.564342498779297,0.0034562353783939735,5.171358618328599e-06,0.0008488955429207662,-0.0004999768481370359,26,-37.723675340193154,24.56954656790914,0.0029562585302569376,4.0,3.999994828641382,0.0005275661242194474,0.5,0.0,0,0,0,0.0005275661242194474,0.5,-1.0
801,40.050000000000004,-39.770416259765625,24.56434440612793,0.0034563682763741523,0.08625604188342063,0.0008485474401867732,-0.000500109746143338,25,-37.70567148199293,24.56959979212357,0.0029562585302308144,4.0,3.913743958116579,0.0,0.0,1.0,0,0,1,-0.0005275661242194474,-0.5,1.0
802,40.1,-39.77059555053711,24.56434440612793,0.003456748244963274,5.191261493323431e-06,0.0008490774693153931,-0.0005004897147176911,26,-37.72309165090776,24.569548293450595,0.002956258530245583,4.0,3.999994808738507,0.0005265974905341864,0.5,0.0,0,0,0,0.0005265974905341864,0.5,-1.0
803,40.150000000000006,-39.769832611083984,24.564348220825195,0.0034568920660651113,0.0862558629244166,0.000850636706932458,-0.000500633535819175,25,-37.70508817794921,24.56960151652615,0.0029562585302459364,4.0,3.913744137075583,0.0,0.0,1.0,0,0,1,-0.0005265974905341864,-0.5,1.0
804,40.2,-39.77001190185547,24.564348220825195,0.0034572728148772086,5.1926897687812824e-06,0.0008511667360161096,-0.0005010142846396783,26,-37.72250799352623,24.569550018897733,0.0029562585302375303,4.0,3.999994807310231,0.0005277626332826912,0.5,0.0,0,0,0,0.0005277626332826912,0.5,-1.0
805,40.25,-39.769248962402344,24.564350128173828,0.0034574171561276962,0.08625583354668588,0.0008508186333506373,-0.0005011586258819732,25,-37.70450458629908,24.569603241778967,0.002956258530245723,4.0,3.913744166453314,0.0,0.0,1.0,0,0,1,-0.0005277626332826912,-0.5,1.0
806,40.300000000000004,-39.76942825317383,24.564350128173828,0.003457797124716818,5.194490396717219e-06,0.0008513486624381278,-0.0005015385944770385,26,-37.72192434071671,24.569551744331356,0.0029562585302397794,4.0,3.999994805509603,0.0005267697270028293,0.5,0.0,0,0,0,0.0005267697270028293,0.5,-1.0
807,40.35,-39.7686653137207,24.56435203552246,0.0034579440667105578,0.08625648912260273,0.0008510005597893808,-0.00050168553645422,25,-37.70391965328725,24.56960497099721,0.0029562585302563378,4.0,3.9137435108773975,0.0,0.0,1.0,0,0,1,-0.0005267697270028293,-0.5,1.0
808,40.400000000000006,-39.76884460449219,24.56435203552246,0.00345832507559698,5.197106197188112e-06,0.0008515305888861574,-0.0005020665453419112,26,-37.721340686264625,24.569553469769836,0.002956258530255069,4.0,3.9999948028938026,0.0005257690791040659,0.5,0.0,0,0,0,0.0005257690791040659,0.5,-1.0
809,40.45,-39.76808166503906,24.564355850219727,0.0034584639552866386,0.08625512534597196,0.0008530898264804713,-0.0005022054250420167,25,-37.70333866950124,24.56960668854049,0.002956258530244622,4.0,3.913744874654028,0.0,0.0,1.0,0,0,1,-0.0005257690791040659,-0.5,1.0
810,40.5,-39.76826095581055,24.564355850219727,0.003458844183950085,5.197327059492168e-06,0.0008536198555816514,-0.000502585653704805,26,-37.72075703131601,24.569555195209784,0.00295625853024528,4.0,3.9999948026729406,0.0005269458633847535,0.5,0.0,0,0,0,0.0005269458633847535,0.5,-1.0
811,40.550000000000004,-39.76749801635742,24.56435775756836,0.0034589848841600204,0.08625808426741599,0.000853271752917697,-0.0005027263539055088,25,-37.7027492257908,24.569608431093563,0.0029562585302545115,4.0,3.913741915732584,0.0,0.0,1.0,0,0,1,-0.0005269458633847535,-0.5,1.0
812,40.6,-39.767677307128906,24.56435775756836,0.0034593653728977923,5.198938256783153e-06,0.000853801782002124,-0.0005031068426516747,26,-37.7201733788882,24.569556920642277,0.0029562585302461176,4.0,3.999994801061743,0.0005259595345705748,0.5,0.0,0,0,0,0.0005259595345705748,0.5,-1.0
813,40.650000000000006,-39.76691436767578,24.564359664916992,0.003459512574965857,0.0862564597366642,0.0008534536793118183,-0.0005032540447239531,25,-37.702168757968344,24.56961014711151,0.002956258530241904,4.0,3.9137435402633356,0.0,0.0,1.0,0,0,1,-0.0005259595345705748,-0.5,1.0
814,40.7,-39.767093658447266,24.564359664916992,0.0034598933237779544,5.201734396176292e-06,0.0008539837084271286,-0.0005036347935284502,26,-37.719589724072726,24.56955864608183,0.0029562585302495043,4.0,3.999994798265604,0.0005249588866718113,0.5,0.0,0,0,0,0.0005249588866718113,0.5,-1.0
815,40.75,-39.76633071899414,24.564361572265625,0.003460040005697369,0.08625651173079031,0.0008536356057395004,-0.0005037814754504937,25,-37.70158500696569,24.56961187283542,0.0029562585302468753,4.0,3.9137434882692097,0.0,0.0,1.0,0,0,1,-0.0005249588866718113,-0.5,1.0
816,40.800000000000004,-39.766510009765625,24.564361572265625,0.0034604210145837916,5.201888094125757e-06,0.000854165634831686,-0.0005041624843398376,26,-37.71900607458176,24.569560371505645,0.002956258530243954,4.0,3.999994798111906,0.0005239588208496571,0.5,0.0,0,0,0,0.0005239588208496571,0.5,-1.0
817,40.85,-39.7657470703125,24.56436538696289,0.0034605609345707508,0.08625808417297731,0.0008557248724496711,-0.0005043024043260773,25,-37.700998273109626,24.56961360737744,0.0029562585302446735,4.0,3.9137419158270226,0.0,0.0,1.0,0,0,1,-0.0005239588208496571,-0.5,1.0
818,40.900000000000006,-39.765926361083984,24.56436538696289,0.0034609411632341974,5.202983765544686e-06,0.0008562549015179461,-0.0005046826330059291,26,-37.718422417870414,24.5695620969508,0.002956258530228268,4.0,3.9999947970162344,0.000525133335031569,0.5,0.0,0,0,0,0.000525133335031569,0.5,-1.0
819,40.95,-39.76516342163086,24.564367294311523,0.003461081603369807,0.08625798787065447,0.000855906798843795,-0.0005048230731368418,25,-37.70041481251958,24.56961533224281,0.0029562585302329654,4.0,3.9137420121293456,0.0,0.0,1.0,0,0,1,-0.000525133335031569,-0.5,1.0
820,41.0,-39.765342712402344,24.564367294311523,0.003461462092107579,5.205088980136279e-06,0.0008564368279692387,-0.0005052035618622452,26,-37.71783876444716,24.56956382238624,0.002956258530245334,4.0,3.9999947949110197,0.0005241475882939994,0.5,0.0,0,0,0,0.0005241475882939994,0.5,-1.0
821,41.050000000000004,-39.76457977294922,24.564369201660156,0.003461601491945888,0.08625695916771758,0.0008560887252653561,-0.0005053429617110743,25,-37.69983317787276,24.569617051710207,0.0029562585302348138,4.0,3.9137430408322826,0.0,0.0,1.0,0,0,1,-0.0005241475882939994,-0.5,1.0
822,41.1,-39.7647590637207,24.564369201660156,0.0034619809403863594,5.207512554582027e-06,0.0008566187543753902,-0.0005057224101473862,26,-37.71725511038241,24.569565547823572,0.002956258530238973,4.0,3.9999947924874455,0.0005231662653386593,0.5,0.0,0,0,0,0.0005231662653386593,0.5,-1.0
823,41.150000000000006,-39.763999938964844,24.56437110900879,0.0034621271021571236,0.08625644516064691,0.0008562819288897685,-0.0005058685719265816,25,-37.69925434995002,24.569618762880175,0.002956258530230542,4.0,3.913743554839353,0.0,0.0,1.0,0,0,1,-0.0005231662653386593,-0.5,1.0
824,41.2,-39.76417541503906,24.56437110900879,0.0034625078509692205,5.211847602121774e-06,0.0008568006808190379,-0.0005062493207165218,26,-37.71667145246606,24.569567273272295,0.0029562585302526988,4.0,3.999994788152398,0.0005221678293310106,0.5,0.0,0,0,0,0.0005221678293310106,0.5,-1.0
825,41.25,-39.7634162902832,24.564374923706055,0.00346265375266566,0.08625648961687818,0.0008583711956568025,-0.0005063952224091586,25,-37.698670608386706,24.56962048857618,0.0029562585302565013,4.0,3.9137435103831217,0.0,0.0,1.0,0,0,1,-0.0005221678293310106,-0.5,1.0
826,41.300000000000004,-39.76359176635742,24.564374923706055,0.0034630345014777567,5.21563735998009e-06,0.0008588899475491596,-0.0005067759712179026,26,-37.716087790326156,24.5695689987335,0.002956258530259854,4.0,3.99999478436264,0.000523328606504947,0.5,0.0,0,0,0,0.000523328606504947,0.5,-1.0
827,41.35,-39.76283264160156,24.564374923706055,0.0034631809233228463,0.0862565272743841,0.0008566457817812557,-0.0005069223930637438,25,-37.698086890782115,24.569622214201356,0.0029562585302591025,4.0,3.9137434727256157,0.0,0.0,1.0,0,0,1,-0.000523328606504947,-0.5,1.0
828,41.400000000000006,-39.76300811767578,24.564374923706055,0.0034635616721349436,5.219752789685509e-06,0.0008571645336194122,-0.0005073031418998089,26,-37.71550413817464,24.569570724165178,0.0029562585302351347,4.0,3.9999947802472104,0.0005201709573157132,0.5,0.0,0,0,0,0.0005201709573157132,0.5,-1.0
829,41.45,-39.76224899291992,24.564376831054688,0.0034637005518246018,0.0862579875204166,0.0008568277081951103,-0.0005074420215681222,25,-37.69750038196486,24.5696239480781,0.0029562585302564796,4.0,3.913742012479583,0.0,0.0,1.0,0,0,1,-0.0005201709573157132,-0.5,1.0
830,41.5,-39.76242446899414,24.564376831054688,0.0034640807804880488,5.2234283199860986e-06,0.0008573464600682458,-0.0005078222502369863,26,-37.7149204815872,24.56957244960997,0.0029562585302510625,4.0,3.99999477657168,0.0005191890522837639,0.5,0.0,0,0,0,0.0005191890522837639,0.5,-1.0
831,41.550000000000004,-39.76166534423828,24.56437873840332,0.003464225641887187,0.08625648229049791,0.0008570096345929604,-0.0005079671116396062,25,-37.69691968051263,24.569625664786724,0.002956258530247581,4.0,3.913743517709502,0.0,0.0,1.0,0,0,1,-0.0005191890522837639,-0.5,1.0
832,41.6,-39.7618408203125,24.56437873840332,0.003464606130624959,5.228028986204564e-06,0.0008575283864883905,-0.0005083476003722772,26,-37.71433682313563,24.569574175060275,0.002956258530252682,4.0,3.999994771971014,0.0005181939341127872,0.5,0.0,0,0,0,0.0005181939341127872,0.5,-1.0
833,41.650000000000006,-39.76108169555664,24.564382553100586,0.003464740328976764,0.08625482795501521,0.0008590989013182336,-0.0005084817987248288,25,-37.69633926573522,24.56962738064786,0.002956258530251935,4.0,3.913745172044985,0.0,0.0,1.0,0,0,1,-0.0005181939341127872,-0.5,1.0
834,41.7,-39.76125717163086,24.564382553100586,0.00346512003749156,5.231225485812515e-06,0.0008596176532181792,-0.0005088615072323739,26,-37.71375316219114,24.569575900517947,0.002956258530259186,4.0,3.9999947687745143,0.0005193817196413875,0.5,0.0,0,0,0,0.0005193817196413875,0.5,-1.0
835,41.75,-39.760498046875,24.56438446044922,0.0034652586571068933,0.08625808465588958,0.0008592808277471976,-0.0005090001268491079,25,-37.69574923887594,24.569629124924877,0.0029562585302577854,4.0,3.9137419153441106,0.0,0.0,1.0,0,0,1,-0.0005193817196413875,-0.5,1.0
836,41.800000000000004,-39.76067352294922,24.56438446044922,0.0034656388857703404,5.233603073209879e-06,0.0008597995796315377,-0.0005093803555138126,26,-37.71316950821905,24.569577625955006,0.0029562585302565277,4.0,3.999994766396927,0.0005184003966860473,0.5,0.0,0,0,0,0.0005184003966860473,0.5,-1.0
837,41.85,-39.75991439819336,24.56438636779785,0.0034657772453113482,0.08625792827747868,0.0008594627541448378,-0.0005095187150633953,25,-37.69516589593439,24.569630849442447,0.002956258530247953,4.0,3.9137420717225213,0.0,0.0,1.0,0,0,1,-0.0005184003966860473,-0.5,1.0
838,41.900000000000006,-39.760093688964844,24.56438636779785,0.00346615721390047,5.237234940105224e-06,0.0008599927832518492,-0.0005098986836498129,26,-37.71258966638535,24.569579340122367,0.002956258530250657,4.0,3.99999476276506,0.0005174335092306137,0.5,0.0,0,0,0,0.0005174335092306137,0.5,-1.0
839,41.95,-39.75933074951172,24.564388275146484,0.003466290632029299,0.08625465698657722,0.0008596446805619815,-0.0005100321017826861,25,-37.69458865300314,24.569632555926756,0.002956258530246613,4.0,3.9137453430134226,0.0,0.0,1.0,0,0,1,-0.0005174335092306137,-0.5,1.0
840,42.0,-39.7595100402832,24.564388275146484,0.0034666706006184207,5.239690098850777e-06,0.0008601747096340729,-0.0005104120703857402,26,-37.71200601225696,24.569581065559888,0.0029562585302326805,4.0,3.9999947603099013,0.0005164637695997953,0.5,0.0,0,0,0,0.0005164637695997953,0.5,-1.0
841,42.050000000000004,-39.75874710083008,24.56439208984375,0.003466810780679705,0.08625586391455885,0.0008617339472712544,-0.0005105522504351128,25,-37.6940026349426,24.569634288352695,0.0029562585302445924,4.0,3.913744136085441,0.0,0.0,1.0,0,0,1,-0.0005164637695997953,-0.5,1.0
842,42.1,-39.75892639160156,24.56439208984375,0.0034671904891945015,5.2446408089014145e-06,0.0008622639763746802,-0.000510931958948811,26,-37.71142234777774,24.56958279102801,0.0029562585302456905,4.0,3.9999947553591912,0.0005176388658583164,0.5,0.0,0,0,0,0.0005176388658583164,0.5,-1.0
843,42.150000000000006,-39.75816345214844,24.564393997192383,0.0034673348304449896,0.08625653512514181,0.0008619158737161884,-0.0005110763001876452,25,-37.693417671313014,24.569636017661452,0.0029562585302573443,4.0,3.9137434648748584,0.0,0.0,1.0,0,0,1,-0.0005176388658583164,-0.5,1.0
844,42.2,-39.75834274291992,24.564393997192383,0.0034677153191827615,5.2494393674589905e-06,0.0008624459027818596,-0.0005114567889431816,26,-37.710838688927424,24.56958451647949,0.00295625853023958,4.0,3.9999947505606324,0.0005166448536328971,0.5,0.0,0,0,0,0.0005166448536328971,0.5,-1.0
845,42.25,-39.7575798034668,24.564395904541016,0.0034678510779805175,0.08625516384375492,0.0008620978001219791,-0.0005115925477283626,25,-37.69283670754606,24.569637735145548,0.002956258530252155,4.0,3.913744836156245,0.0,0.0,1.0,0,0,1,-0.0005166448536328971,-0.5,1.0
846,42.300000000000004,-39.75775909423828,24.564395904541016,0.003468231046569639,5.252610194116157e-06,0.0008626278292204227,-0.0005119725163187259,26,-37.710255033356965,24.56958624192128,0.0029562585302509133,4.0,3.999994747389806,0.0005156701081432402,0.5,0.0,0,0,0,0.0005156701081432402,0.5,-1.0
847,42.35,-39.756996154785156,24.56439971923828,0.0034683701863336227,0.0862578533679155,0.0008641870668365708,-0.0005121116560832641,25,-37.692247786080685,24.569639476154723,0.0029562585302503586,4.0,3.9137421466320843,0.0,0.0,1.0,0,0,1,-0.0005156701081432402,-0.5,1.0
848,42.400000000000006,-39.75717544555664,24.56439971923828,0.0034687504149970697,5.260538670630903e-06,0.0008647170959442882,-0.0005124918847427703,26,-37.70967136287758,24.569587967407138,0.0029562585302542995,4.0,3.9999947394613296,0.0005168463103473186,0.5,0.0,0,0,0,0.0005168463103473186,0.5,-1.0
849,42.45,-39.756412506103516,24.564401626586914,0.003468887994315102,0.08625795837276692,0.000864368993257013,-0.0005126294640628104,25,-37.691663931265815,24.56964120218553,0.0029562585302522915,4.0,3.9137420416272333,0.0,0.0,1.0,0,0,1,-0.0005168463103473186,-0.5,1.0
850,42.5,-39.756591796875,24.564401626586914,0.0034692666625325977,5.267068912671649e-06,0.0008648990223661919,-0.0005130081322763979,26,-37.70908770053793,24.569589692868934,0.0029562585302562,4.0,3.9999947329310874,0.0005158705171197653,0.5,0.0,0,0,0,0.0005158705171197653,0.5,-1.0
851,42.550000000000004,-39.755828857421875,24.564403533935547,0.003469403981776305,0.08625787677333736,0.0008645509196669567,-0.0005131454515282866,25,-37.691080441882725,24.56964292713602,0.0029562585302480185,4.0,3.9137421232266627,0.0,0.0,1.0,0,0,1,-0.0005158705171197653,-0.5,1.0
852,42.6,-39.75600814819336,24.564403533935547,0.0034697836902911013,5.270503025570551e-06,0.0008650809487863974,-0.0005135251600333203,26,-37.70850404443695,24.56959141831229,0.002956258530257781,4.0,3.9999947294969744,0.0005148930358700454,0.5,0.0,0,0,0,0.0005148930358700454,0.5,-1.0
853,42.650000000000006,-39.755245208740234,24.56440544128418,0.0034699236102780605,0.08625564873404236,0.0008647328461150877,-0.0005136650800139503,25,-37.690501155926015,24.569644639660062,0.00295625853026411,4.0,3.9137443512659575,0.0,0.0,1.0,0,0,1,-0.0005148930358700454,-0.5,1.0
854,42.7,-39.75542449951172,24.56440544128418,0.0034703027986442065,5.308839732705291e-06,0.000865262875171943,-0.0005140442684023654,26,-37.70792031800756,24.56959314396355,0.002956258530241841,4.0,3.9999946911602673,0.0005139111308380961,0.5,0.0,0,0,0,0.0005139111308380961,0.5,-1.0
855,42.75,-39.754661560058594,24.56440544128418,0.003470425033577052,0.08625492645800213,0.0008630074321966568,-0.0005141665033326207,25,-37.68991892651811,24.569646360885727,0.002956258530244431,4.0,3.913745073541998,0.0,0.0,1.0,0,0,1,-0.0005139111308380961,-0.5,1.0
856,42.800000000000004,-39.75484085083008,24.56440544128418,0.003470804221943198,5.224821598787171e-06,0.0008635374613229201,-0.0005145456916849714,26,-37.70733684344439,24.569594868870233,0.0029562585302582265,4.0,3.999994775178401,0.000510808196850121,0.5,0.0,0,0,0,0.000510808196850121,0.5,-1.0
857,42.85,-39.75407791137695,24.564409255981445,0.0034709483031193605,0.08625777138251266,0.0008650966989017855,-0.0005146897728794727,25,-37.68932970072838,24.56964810279457,0.002956258530239888,4.0,3.913742228617487,0.0,0.0,1.0,0,0,1,-0.000510808196850121,-0.5,1.0
858,42.900000000000006,-39.75425720214844,24.564409255981445,0.0034713269713368563,5.224319142442552e-06,0.0008656267280243842,-0.0005150684410858554,26,-37.70675318995326,24.56959659430587,0.002956258530251001,4.0,3.9999947756808574,0.0005119772395119071,0.5,0.0,0,0,0,0.0005119772395119071,0.5,-1.0
859,42.95,-39.75349426269531,24.564411163330078,0.0034714684517697667,0.08625704171046553,0.0008652786253291614,-0.0005152099215257953,25,-37.688747480481965,24.569649823993153,0.0029562585302439714,4.0,3.9137429582895344,0.0,0.0,1.0,0,0,1,-0.0005119772395119071,-0.5,1.0
860,43.0,-39.7536735534668,24.564411163330078,0.0034718471199872624,5.228461244486527e-06,0.0008658086544745388,-0.000515588589720208,26,-37.70616953242569,24.569598319753442,0.0029562585302670545,4.0,3.9999947715387556,0.0005109931225888431,0.5,0.0,0,0,0,0.0005109931225888431,0.5,-1.0
861,43.050000000000004,-39.75291061401367,24.56441307067871,0.0034719781974471647,0.08625876301689443,0.000865460551749235,-0.0005157196672018641,25,-37.68816046042367,24.569651559381263,0.0029562585302453006,4.0,3.9137412369831055,0.0,0.0,1.0,0,0,1,-0.0005109931225888431,-0.5,1.0
862,43.1,-39.753089904785156,24.56441307067871,0.0034723560854416848,5.234671062151181e-06,0.0008659905808565014,-0.0005160975551935206,26,-37.705585870731696,24.569600045213328,0.002956258530248164,4.0,3.999994765328938,0.0005100327543914318,0.5,0.0,0,0,0,0.0005100327543914318,0.5,-1.0
863,43.150000000000006,-39.75232696533203,24.564416885375977,0.003472494705057018,0.08625973097601258,0.0008675498184371943,-0.0005162361748255249,25,-37.687574910341766,24.56965329042373,0.002956258530231493,4.0,3.9137402690239873,0.0,0.0,1.0,0,0,1,-0.0005100327543914318,-0.5,1.0
864,43.2,-39.752506256103516,24.564416885375977,0.0034728731132001884,5.238902854418056e-06,0.0008680798475465398,-0.0005166145829647228,26,-37.7050022077011,24.569601770677167,0.0029562585302354656,4.0,3.999994761097146,0.0005112139624543488,0.5,0.0,0,0,0,0.0005112139624543488,0.5,-1.0
865,43.25,-39.75174331665039,24.56441879272461,0.003473005751106042,0.08625813743721349,0.0008677317449085342,-0.0005167472208480162,25,-37.68699438182701,24.569655006621105,0.0029562585302580257,4.0,3.9137418625627864,0.0,0.0,1.0,0,0,1,-0.0005112139624543488,-0.5,1.0
866,43.300000000000004,-39.751922607421875,24.56441879272461,0.003473383639100562,5.249042858112516e-06,0.0008682617740042968,-0.0005171251088448305,26,-37.70441853808781,24.569603496160468,0.0029562585302557315,4.0,3.999994750957142,0.0005102502764202654,0.5,0.0,0,0,0,0.0005102502764202654,0.5,-1.0
867,43.35,-39.75115966796875,24.564420700073242,0.003473522258715895,0.08625961977401043,0.0008679136713051188,-0.0005172637284672132,25,-37.686407829748866,24.569656740625742,0.002956258530248682,4.0,3.9137403802259896,0.0,0.0,1.0,0,0,1,-0.0005102502764202654,-0.5,1.0
868,43.400000000000006,-39.751338958740234,24.564420700073242,0.0034739004067847403,5.25750404460528e-06,0.000868443700422594,-0.0005176418765282121,26,-37.703834871857325,24.56960522163377,0.002956258530256528,4.0,3.9999947424959554,0.0005092733772471547,0.5,0.0,0,0,0,0.0005092733772471547,0.5,-1.0
869,43.45,-39.75057601928711,24.564422607421875,0.0034740424073663014,0.08625886719172923,0.0008680955977336249,-0.0005177838771122855,25,-37.685825654368124,24.56965846169169,0.002956258530254016,4.0,3.913741132808271,0.0,0.0,1.0,0,0,1,-0.0005092733772471547,-0.5,1.0
870,43.5,-39.750755310058594,24.564422607421875,0.0034744215957324474,5.268364686664327e-06,0.0008686256268344381,-0.0005181630654785933,26,-37.703251200791954,24.56960694712136,0.002956258530253854,4.0,3.9999947316353133,0.000508287048432976,0.5,0.0,0,0,0,0.000508287048432976,0.5,-1.0
871,43.550000000000004,-39.74999237060547,24.56442642211914,0.0034745638563883335,0.08625544734699354,0.000870184864436783,-0.0005183053261408619,25,-37.68524869703123,24.56966016733171,0.0029562585302474716,4.0,3.9137445526530064,0.0,0.0,1.0,0,0,1,-0.000508287048432976,-0.5,1.0
872,43.6,-39.75017166137695,24.56442642211914,0.0034749430447544795,5.274112619561652e-06,0.0008707148935494288,-0.0005186845145013414,26,-37.70266753470635,24.56960867259423,0.002956258530253138,4.0,3.9999947258873805,0.000509458826854825,0.5,0.0,0,0,0,0.000509458826854825,0.5,-1.0
873,43.650000000000006,-39.749412536621094,24.564428329467773,0.0034750853054103656,0.0862565135501061,0.0008703780680556035,-0.0005188267751706421,25,-37.68466677454373,24.569661887650035,0.0029562585302397235,4.0,3.913743486449894,0.0,0.0,1.0,0,0,1,-0.000509458826854825,-0.5,1.0
874,43.7,-39.74958801269531,24.564428329467773,0.0034754631934048857,5.27478244427015e-06,0.0008708968199866865,-0.000519204663142021,26,-37.70208388417539,24.56961039802112,0.0029562585302628647,4.0,3.999994725217556,0.0005084747681394219,0.5,0.0,0,0,0,0.0005084747681394219,0.5,-1.0
875,43.75,-39.74882888793945,24.564430236816406,0.0034756210585202836,0.08625607228680003,0.0008705599945122216,-0.0005193625282606095,25,-37.68408398949932,24.569663610518315,0.002956258530259674,4.0,3.9137439277132,0.0,0.0,1.0,0,0,1,-0.0005084747681394219,-0.5,1.0
876,43.800000000000004,-39.74900436401367,24.564430236816406,0.0034760010271094053,5.257970993993699e-06,0.0008710787463903939,-0.0005197424968533051,26,-37.70150026886904,24.569612123343873,0.0029562585302561,4.0,3.999994742029006,0.0005074531654827297,0.5,0.0,0,0,0,0.0005074531654827297,0.5,-1.0
877,43.85,-39.74824523925781,24.56443214416504,0.0034761729362383646,0.08625642241182203,0.0008707419208831141,-0.0005199144060025265,25,-37.68349965465955,24.5696653379682,0.002956258530235838,4.0,3.913743577588178,0.0,0.0,1.0,0,0,1,-0.0005074531654827297,-0.5,1.0
878,43.900000000000006,-39.74842071533203,24.56443214416504,0.0034765531649018117,5.216046877615177e-06,0.0008712606728021296,-0.0005202946346493653,26,-37.7009167041645,24.569613848517033,0.0029562585302524464,4.0,3.9999947839531225,0.0005064011784270406,0.5,0.0,0,0,0,0.0005064011784270406,0.5,-1.0
879,43.95,-39.74766159057617,24.564435958862305,0.0034767084292739578,0.08625836029384866,0.0008728311876232938,-0.0005204498990260776,25,-37.68291220515359,24.569667074625873,0.00295625853024788,4.0,3.9137416397061515,0.0,0.0,1.0,0,0,1,-0.0005064011784270406,-0.5,1.0
880,44.0,-39.74783706665039,24.564435958862305,0.003477087877714429,5.196462190435223e-06,0.0008733499394924437,-0.0005208293474741935,26,-37.700333089123895,24.569615573839002,0.0029562585302402356,4.0,3.9999948035378097,0.0005075449007563293,0.5,0.0,0,0,0,0.0005075449007563293,0.5,-1.0
881,44.050000000000004,-39.74707794189453,24.564437866210938,0.0034772626476609653,0.08625840402267743,0.000873013114012818,-0.0005210041174270705,25,-37.68232847033707,24.56966880030193,0.002956258530233895,4.0,3.9137415959773225,0.0,0.0,1.0,0,0,1,-0.0005075449007563293,-0.5,1.0
882,44.1,-39.74725341796875,24.564435958862305,0.0034776433964730626,5.1958722051407e-06,0.0008716245256504655,-0.0005213848662136544,26,-37.699749446453744,24.56961729924265,0.0029562585302594082,4.0,3.999994804127795,0.000504327064845711,0.5,0.0,0,0,0,0.000504327064845711,0.5,-1.0
883,44.150000000000006,-39.74649429321289,24.564437866210938,0.003477784616831648,0.08626031232157777,0.0008712877002004576,-0.0005215260865631169,25,-37.68174108940909,24.56967053675687,0.002956258530268531,4.0,3.9137396876784223,0.0,0.0,1.0,0,0,1,-0.000504327064845711,-0.5,1.0
884,44.2,-39.74666976928711,24.564437866210938,0.0034781625048261678,5.207653761122864e-06,0.000871806452042441,-0.0005219039745793107,26,-37.69916577353274,24.56961902473573,0.002956258530246857,4.0,3.999994792346239,0.0005033451598137617,0.5,0.0,0,0,0,0.0005033451598137617,0.5,-1.0
885,44.25,-39.74591064453125,24.56443977355957,0.0034783102270428833,0.08626105737689853,0.0008714696265765534,-0.0005220516967946384,25,-37.68115598116753,24.56967226649314,0.002956258530248245,4.0,3.9137389426231013,0.0,0.0,1.0,0,0,1,-0.0005033451598137617,-0.5,1.0
886,44.300000000000004,-39.74608612060547,24.56443977355957,0.0034786886351860537,5.237356945008949e-06,0.0008719883784807153,-0.0005224301049296088,26,-37.698582064499824,24.569620750335563,0.002956258530256445,4.0,3.999994762643055,0.0005023483536206186,0.5,0.0,0,0,0,0.0005023483536206186,0.5,-1.0
887,44.35,-39.74532699584961,24.564443588256836,0.003478836357402769,0.08625862901037495,0.0008735588932705001,-0.0005225778271658278,25,-37.680577082194276,24.56967397787315,0.0029562585302369414,4.0,3.913741370989625,0.0,0.0,1.0,0,0,1,-0.0005023483536206186,-0.5,1.0
888,44.400000000000006,-39.745506286621094,24.564443588256836,0.0034792145054716142,5.259660460398439e-06,0.0008740889224252424,-0.0005229559752076784,26,-37.6980021797206,24.569622464629884,0.002956258530263936,4.0,3.9999947403395395,0.0005035240901634097,0.5,0.0,0,0,0,0.0005035240901634097,0.5,-1.0
889,44.45,-39.74474334716797,24.56444549560547,0.003479367949323484,0.08626056597574171,0.0008737408196897688,-0.000523109419086328,25,-37.67998963980574,24.56967571450978,0.002956258530237156,4.0,3.9137394340242584,0.0,0.0,1.0,0,0,1,-0.0005035240901634097,-0.5,1.0
890,44.5,-39.74492263793945,24.56444549560547,0.00347974661754098,5.292604867240141e-06,0.0008742708488220577,-0.000523488087286971,26,-37.69741846415665,24.569624190249026,0.002956258530254009,4.0,3.9999947073951327,0.0005025145947001874,0.5,0.0,0,0,0,0.0005025145947001874,0.5,-1.0
891,44.550000000000004,-39.74415969848633,24.5644474029541,0.0034798938196090447,0.08626082700038466,0.0008739227461031463,-0.0005236352893739603,25,-37.67940547945345,24.569677441443837,0.0029562585302350844,4.0,3.913739172999615,0.0,0.0,1.0,0,0,1,-0.0005025145947001874,-0.5,1.0
892,44.6,-39.74433898925781,24.5644474029541,0.0034802717076035648,5.332554660445814e-06,0.000874452775206337,-0.0005240131773672895,26,-37.696834734476894,24.569625915909896,0.0029562585302362753,4.0,3.9999946674453395,0.000501520000398159,0.5,0.0,0,0,0,0.000501520000398159,0.5,-1.0
893,44.650000000000006,-39.74357604980469,24.564449310302734,0.003480421510414882,0.08625880066468242,0.0008741046725202831,-0.0005241629801795294,25,-37.67882579849559,24.569679155135606,0.0029562585302353524,4.0,3.9137411993353175,0.0,0.0,1.0,0,0,1,-0.000501520000398159,-0.5,1.0
894,44.7,-39.74375534057617,24.564449310302734,0.0034807993984094015,5.378918294895987e-06,0.0008746347016152728,-0.0005245408681772792,26,-37.69625099187331,24.569627641608974,0.0029562585302321223,4.0,3.9999946210817052,0.0005005198181606829,0.5,0.0,0,0,0,0.0005005198181606829,0.5,-1.0
895,44.75,-39.74299240112305,24.564453125,0.003480939578470686,0.08625956841291252,0.0008761939392668812,-0.0005246810482206956,25,-37.67824064049163,24.569680885018986,0.0029562585302499904,4.0,3.9137404315870876,0.0,0.0,1.0,0,0,1,-0.0005005198181606829,-0.5,1.0
896,44.800000000000004,-39.74317169189453,24.564453125,0.0034813172063908808,5.223016583238361e-06,0.0008767239683878806,-0.0005250586761300557,26,-37.69566765151031,24.569629366118924,0.002956258530260825,4.0,3.9999947769834168,0.0005016995128244162,0.5,0.0,0,0,0,0.0005016995128244162,0.5,-1.0
897,44.85,-39.742408752441406,24.564455032348633,0.0034814482838507834,0.08625962834390273,0.0008763758656805121,-0.000525189753601823,25,-37.67765687394602,24.569682610788846,0.0029562585302489604,4.0,3.9137403716560972,0.0,0.0,1.0,0,0,1,-0.0005016995128244162,-0.5,1.0
898,44.900000000000006,-39.74258804321289,24.564455032348633,0.0034818261718453035,5.187544977143251e-06,0.000876905894787605,-0.0005255676415939227,26,-37.69508407380402,24.56963109133052,0.002956258530251381,4.0,3.999994812455023,0.0005007392028346658,0.5,0.0,0,0,0,0.0005007392028346658,0.5,-1.0
899,44.95,-39.741825103759766,24.564456939697266,0.003481946066109222,0.08626003109530463,0.0008765577921234936,-0.0005256875358481843,25,-37.6770724360467,24.569684338543404,0.0029562585302610376,4.0,3.913739968904695,0.0,0.0,1.0,0,0,1,-0.0005007392028346658,-0.5,1.0
900,45.0,-39.74200439453125,24.564456939697266,0.003482322653732116,5.232155676803555e-06,0.0008770878211790002,-0.0005260641234931941,26,-37.69450033473258,24.56963281701916,0.002956258530238922,4.0,3.9999947678443233,0.0004998052609153092,0.5,0.0,0,0,0,0.0004998052609153092,0.5,-1.0
901,45.050000000000004,-39.741241455078125,24.56446075439453,0.0034824734968407337,0.08625638736111706,0.000878647058852355,-0.0005262149665729776,25,-37.676495917158064,24.569686042887252,0.002956258530267756,4.0,3.913743612638883,0.0,0.0,1.0,0,0,1,-0.0004998052609153092,-0.5,1.0
902,45.1,-39.74142074584961,24.56446075439453,0.0034828526852068798,5.4300776385806744e-06,0.000879177087914614,-0.0005265941549588266,26,-37.693916281418,24.56963454363678,0.002956258530248053,4.0,3.9999945699223614,0.0005009587039239705,0.5,0.0,0,0,0,0.0005009587039239705,0.5,-1.0
903,45.150000000000006,-39.740657806396484,24.564462661743164,0.003482990264524912,0.08625944318299543,0.0008788289852646389,-0.0005267317342598265,25,-37.6759062836851,24.569687786001314,0.0029562585302650855,4.0,3.9137405568170047,0.0,0.0,1.0,0,0,1,-0.0005009587039239705,-0.5,1.0
904,45.2,-39.74083709716797,24.564462661743164,0.003483368672668083,5.2538093709649004e-06,0.0008793590143116939,-0.0005271101424299935,26,-37.69333298741574,24.569636268009674,0.0029562585302380893,4.0,3.999994746190629,0.0004999836091883481,0.5,0.0,0,0,0,0.0004999836091883481,0.5,-1.0
905,45.25,-39.740074157714844,24.564464569091797,0.003483510413175318,0.08625762468716136,0.0008790109116599823,-0.0005272518829219728,25,-37.675326195709275,24.569689500896335,0.0029562585302533454,4.0,3.9137423753128386,0.0,0.0,1.0,0,0,1,-0.0004999836091883481,-0.5,1.0
906,45.300000000000004,-39.74025344848633,24.564464569091797,0.003483889081392814,5.517778165006669e-06,0.0008795409407796649,-0.0005276305511294115,26,-37.692748806339665,24.569637995004996,0.0029562585302634024,4.0,3.999994482221835,0.0004989987355656922,0.5,0.0,0,0,0,0.0004989987355656922,0.5,-1.0
907,45.35,-39.7394905090332,24.56446647644043,0.0034840188584810902,0.08625950266085641,0.0008791928380523575,-0.0005277603282405705,25,-37.674738868845594,24.569691237191442,0.0029562585302405197,4.0,3.9137404973391434,0.0,0.0,1.0,0,0,1,-0.0004989987355656922,-0.5,1.0
908,45.400000000000006,-39.73966979980469,24.56446647644043,0.0034843972666242606,5.213121939919019e-06,0.0008797228671719674,-0.0005281387363736487,26,-37.69216577103801,24.5696397186131,0.002956258530250612,4.0,3.99999478687806,0.000498040288221091,0.5,0.0,0,0,0,0.000498040288221091,0.5,-1.0
909,45.45,-39.73890686035156,24.564470291137695,0.003484528344084163,0.08625915172954896,0.0008812821047747537,-0.000528269813840175,25,-37.67415590157949,24.569692960598417,0.002956258530243988,4.0,3.913740848270451,0.0,0.0,1.0,0,0,1,-0.000498040288221091,-0.5,1.0
910,45.5,-39.73908615112305,24.56446647644043,0.003484906232078683,5.256686447869003e-06,0.0008779974532814577,-0.0005286477018327019,26,-37.69158203939694,24.56964144427977,0.002956258530245981,4.0,3.999994743313552,0.0004949212307110429,0.5,0.0,0,0,0,0.0004949212307110429,0.5,-1.0
911,45.550000000000004,-39.73832321166992,24.564470291137695,0.0034850414707277887,0.08626061877804887,0.0008795566909268705,-0.0005287829404673821,25,-37.6735693847631,24.56969469449881,0.0029562585302604066,4.0,3.913739381221951,0.0,0.0,1.0,0,0,1,-0.0004949212307110429,-0.5,1.0
912,45.6,-39.738502502441406,24.564470291137695,0.0034854196187966337,5.259593027273634e-06,0.0008800867199950119,-0.0005291610885518839,26,-37.690998379036635,24.569643169735716,0.00295625853024475,4.0,3.9999947404069727,0.0004961101221852005,0.5,0.0,0,0,0,0.0004961101221852005,0.5,-1.0
913,45.650000000000006,-39.73773956298828,24.564472198486328,0.003485556938040341,0.08625734906322977,0.0008797386173171207,-0.0005292984077931023,25,-37.67299213874537,24.569696400992246,0.0029562585302472387,4.0,3.9137426509367703,0.0,0.0,1.0,0,0,1,-0.0004961101221852005,-0.5,1.0
914,45.7,-39.737918853759766,24.564472198486328,0.0034859358663321617,5.444839612415977e-06,0.0008802686464148175,-0.0005296773360857678,26,-37.69041435658513,24.5696448962621,0.002956258530246394,4.0,3.9999945551603875,0.0004951341543346643,0.5,0.0,0,0,0,0.0004951341543346643,0.5,-1.0
915,45.75,-39.73715591430664,24.56447410583496,0.003486072925501544,0.08625749080701438,0.000879920543771443,-0.0005298143952359616,25,-37.672408211983736,24.569698127235746,0.0029562585302655825,4.0,3.9137425091929856,0.0,0.0,1.0,0,0,1,-0.0004951341543346643,-0.5,1.0
916,45.800000000000004,-39.737335205078125,24.56447410583496,0.003486451853793365,5.2182682982124796e-06,0.0008804505728111645,-0.000530193323558404,26,-37.68983116394306,24.569646620335345,0.0029562585302349608,4.0,3.9999947817317016,0.0004941591178067029,0.5,0.0,0,0,0,0.0004941591178067029,0.5,-1.0
917,45.85,-39.736572265625,24.564477920532227,0.003486581630881641,0.08625924110479843,0.0008820098104323293,-0.0005303231006437053,25,-37.67182112982865,24.56969986280743,0.002956258530237936,4.0,3.9137407588952016,0.0,0.0,1.0,0,0,1,-0.0004941591178067029,-0.5,1.0
918,45.900000000000006,-39.736751556396484,24.564477920532227,0.003486959258801836,5.2626628022861675e-06,0.0008825398395595242,-0.0005307007285511069,26,-37.68924741998496,24.569648346038427,0.002956258530250729,4.0,3.9999947373371976,0.0004953606403432786,0.5,0.0,0,0,0,0.0004953606403432786,0.5,-1.0
919,45.95,-39.73598861694336,24.56447982788086,0.0034870851347752344,0.08625909295950199,0.0008821917368935783,-0.0005308266045151049,25,-37.67123777076398,24.569701587372666,0.0029562585302601294,4.0,3.913740907040498,0.0,0.0,1.0,0,0,1,-0.0004953606403432786,-0.5,1.0
920,46.0,-39.736167907714844,24.56447982788086,0.003487462762695429,5.515724804502841e-06,0.0008827217659470648,-0.0005312042324595815,26,-37.68866326088598,24.569650072968777,0.0029562585302358477,4.0,3.9999944842751955,0.0004944116808474064,0.5,0.0,0,0,0,0.0004944116808474064,0.5,-1.0
921,46.050000000000004,-39.73540496826172,24.564481735229492,0.0034876016423850873,0.08625772933253388,0.0008823736632777397,-0.0005313431121428108,25,-37.670656792007186,24.569703304901072,0.0029562585302422765,4.0,3.9137422706674663,0.0,0.0,1.0,0,0,1,-0.0004944116808474064,-0.5,1.0
922,46.1,-39.7355842590332,24.564481735229492,0.0034879810908255587,5.2152193804085715e-06,0.0008829036923994711,-0.0005317225605725802,26,-37.688080217220495,24.569651796601608,0.0029562585302529785,4.0,3.9999947847806196,0.0004934316966682673,0.5,0.0,0,0,0,0.0004934316966682673,0.5,-1.0
923,46.150000000000006,-39.734825134277344,24.564483642578125,0.0034881129485084365,0.08625956135964698,0.0008825668669424115,-0.0005318544182498436,25,-37.67007336978758,24.56970502965301,0.002956258530258593,4.0,3.913740438640353,0.0,0.0,1.0,0,0,1,-0.0004934316966682673,-0.5,1.0
924,46.2,-39.73500061035156,24.564483642578125,0.003488491356651607,5.212910940355255e-06,0.000883085618762808,-0.0005322328264255722,26,-37.68749657269071,24.569653522010753,0.0029562585302260348,4.0,3.9999947870890598,0.000492468592710793,0.5,0.0,0,0,0,0.000492468592710793,0.5,-1.0
925,46.25,-39.7342414855957,24.56448745727539,0.0034886211337398832,0.08625915898975682,0.0008846561336567152,-0.000532362603482018,25,-37.66949050325493,24.56970675276219,0.002956258530257865,4.0,3.913740841010243,0.0,0.0,1.0,0,0,1,-0.000492468592710793,-0.5,1.0
926,46.300000000000004,-39.73441696166992,24.56448745727539,0.0034889992818087287,5.28888997077274e-06,0.0008851748854961381,-0.0005327407515741465,26,-37.686912765090064,24.56965524790198,0.002956258530234582,4.0,3.999994711110029,0.0004936690093018115,0.5,0.0,0,0,0,0.0004936690093018115,0.5,-1.0
927,46.35,-39.73365783691406,24.564489364624023,0.0034891381614983873,0.08625774397092381,0.0008848380600651479,-0.0005328796312453893,25,-37.6689096251401,24.569708469993074,0.002956258530252998,4.0,3.913742256029076,0.0,0.0,1.0,0,0,1,-0.0004936690093018115,-0.5,1.0
928,46.400000000000006,-39.73383331298828,24.564489364624023,0.0034895168297158826,5.253655453192764e-06,0.0008853568119332068,-0.0005332582994716892,26,-37.686329186906036,24.56965697311499,0.0029562585302441934,4.0,3.9999947463445467,0.0004926904803141952,0.5,0.0,0,0,0,0.0004926904803141952,0.5,-1.0
929,46.45,-39.73307418823242,24.564491271972656,0.0034896445262095573,0.08626043398236961,0.0008850199864470932,-0.0005333859959738051,25,-37.66832070804277,24.56971021098934,0.0029562585302357522,4.0,3.91373956601763,0.0,0.0,1.0,0,0,1,-0.0004926904803141952,-0.5,1.0
930,46.5,-39.73324966430664,24.564491271972656,0.003490022154129752,5.511074583151684e-06,0.0008855387383458211,-0.0005337636238875276,26,-37.685745019027486,24.569658700071297,0.0029562585302422245,4.0,3.9999944889254166,0.0004917376209050417,0.5,0.0,0,0,0,0.0004917376209050417,0.5,-1.0
931,46.550000000000004,-39.73249053955078,24.56449317932129,0.003490150110697752,0.0862603520886636,0.0008852019128692407,-0.0005338915804594295,25,-37.667737219235974,24.569711935938127,0.0029562585302383227,4.0,3.913739647911336,0.0,0.0,1.0,0,0,1,-0.0004917376209050417,-0.5,1.0
932,46.6,-39.732666015625,24.56449317932129,0.0034905279986922723,5.300439374453012e-06,0.0008857206647664689,-0.0005342694684481262,26,-37.68516179427431,24.569660424239473,0.002956258530244146,4.0,3.9999946995606255,0.0004907840630039573,0.5,0.0,0,0,0,0.0004907840630039573,0.5,-1.0
933,46.650000000000006,-39.73190689086914,24.564496994018555,0.0034906549149629714,0.08625946509742809,0.0008872911796064592,-0.000534396384714936,25,-37.66715530174931,24.56971365624167,0.0029562585302480354,4.0,3.913740534902572,0.0,0.0,1.0,0,0,1,-0.0004907840630039573,-0.5,1.0
934,46.7,-39.73208236694336,24.564496994018555,0.0034910330630318165,5.260880518068948e-06,0.0008878099314976896,-0.0005347745327802709,26,-37.68457821948148,24.569662149442458,0.0029562585302515456,4.0,3.999994739119482,0.0004919907078146935,0.5,0.0,0,0,0,0.0004919907078146935,0.5,-1.0
935,46.75,-39.7313232421875,24.564498901367188,0.003491154257667361,0.08626050852035273,0.0008874731060428314,-0.0005348957274095441,25,-37.66656960920707,24.56971538770529,0.002956258530257817,4.0,3.9137394914796473,0.0,0.0,1.0,0,0,1,-0.0004919907078146935,-0.5,1.0
936,46.800000000000004,-39.73149871826172,24.564498901367188,0.0034915321456618813,5.259954559565058e-06,0.0008879918579001332,-0.0005352736154182049,26,-37.68399457216601,24.569663874859838,0.0029562585302436765,4.0,3.9999947400454405,0.000491051294375211,0.5,0.0,0,0,0,0.000491051294375211,0.5,-1.0
937,46.85,-39.73073959350586,24.56450080871582,0.0034916593220069053,0.08625946535072858,0.0008876550324740141,-0.000535400791742201,25,-37.66598800289073,24.569717107088934,0.0029562585302647043,4.0,3.9137405346492713,0.0,0.0,1.0,0,0,1,-0.000491051294375211,-0.5,1.0
938,46.900000000000006,-39.730918884277344,24.56450080871582,0.0034920372100014255,5.429372319898063e-06,0.0008881850615538363,-0.000535778679747329,26,-37.68341439627519,24.56966559001476,0.0029562585302540965,4.0,3.9999945706276803,0.0004901124048046768,0.5,0.0,0,0,0,0.0004901124048046768,0.5,-1.0
939,46.95,-39.73015594482422,24.564504623413086,0.0034921641262721246,0.08626041948766115,0.0008897442991584216,-0.000535905596022998,25,-37.66540247987716,24.56971883805138,0.0029562585302491265,4.0,3.9137395805123387,0.0,0.0,1.0,0,0,1,-0.0004901124048046768,-0.5,1.0
940,47.0,-39.7303352355957,24.56450080871582,0.0034925417541923193,5.520067381164838e-06,0.0008864596476469014,-0.0005362832239509175,26,-37.68283056966647,24.56966731596218,0.002956258530241402,4.0,3.999994479932619,0.0004870026605203748,0.5,0.0,0,0,0,0.0004870026605203748,0.5,-1.0
941,47.050000000000004,-39.72957229614258,24.564504623413086,0.0034926611283075874,0.08626047838746306,0.0008880188852798659,-0.0005364025980580441,25,-37.66481872067325,24.56972056379953,0.0029562585302495433,4.0,3.913739521612537,0.0,0.0,1.0,0,0,1,-0.0004870026605203748,-0.5,1.0
942,47.1,-39.72975158691406,24.564504623413086,0.0034930384961534573,5.301176331214234e-06,0.0008885489143798352,-0.0005367799659035458,26,-37.68224735622643,24.56966904009691,0.0029562585302499115,4.0,3.9999946988236688,0.00048822708777152,0.5,0.0,0,0,0,0.00048822708777152,0.5,-1.0
943,47.150000000000006,-39.72898864746094,24.56450653076172,0.003493168793390384,0.08625947974775298,0.0008882008116869898,-0.0005369102631452719,25,-37.66423702715287,24.569722283440974,0.002956258530245112,4.0,3.913740520252247,0.0,0.0,1.0,0,0,1,-0.00048822708777152,-0.5,1.0
944,47.2,-39.72916793823242,24.56450653076172,0.003493546421310579,5.428105387768143e-06,0.000888730840794924,-0.0005372878910625671,26,-37.68166345128424,24.569670766275905,0.002956258530248012,4.0,3.999994571894612,0.00048726884415373206,0.5,0.0,0,0,0,0.00048726884415373206,0.5,-1.0
945,47.25,-39.7284049987793,24.56450843811035,0.003493665795425847,0.08626051581202199,0.0008883827380863282,-0.0005374072651900745,25,-37.66365134902127,24.56972401486199,0.0029562585302357726,4.0,3.9137394841879782,0.0,0.0,1.0,0,0,1,-0.00048726884415373206,-0.5,1.0
946,47.300000000000004,-39.72858428955078,24.56450843811035,0.0034940429031973916,5.257387702061829e-06,0.0008889127672041296,-0.0005377843729528838,26,-37.6810801460976,24.569672490681864,0.002956258530244508,4.0,3.999994742612298,0.0004863351059611887,0.5,0.0,0,0,0,0.0004863351059611887,0.5,-1.0
947,47.35,-39.727821350097656,24.564510345458984,0.0034941711198397166,0.08625921895351649,0.0008885646645176879,-0.0005379125895966469,25,-37.66307023951015,24.569725732776945,0.0029562585302430697,4.0,3.9137407810464837,0.0,0.0,1.0,0,0,1,-0.0004863351059611887,-0.5,1.0
948,47.400000000000006,-39.72800064086914,24.564510345458984,0.0034945487477599114,5.253188976447461e-06,0.0008890946936201335,-0.0005382902175158437,26,-37.68049650537672,24.56967421607975,0.0029562585302440676,4.0,3.9999947468110237,0.0004853813734371215,0.5,0.0,0,0,0,0.0004853813734371215,0.5,-1.0
949,47.45,-39.727237701416016,24.56451416015625,0.003494673843510334,0.08625958422909737,0.0008906539312621177,-0.0005384153132535854,25,-37.66248586967835,24.569727460330277,0.0029562585302567485,4.0,3.913740415770903,0.0,0.0,1.0,0,0,1,-0.0004853813734371215,-0.5,1.0
950,47.5,-39.7274169921875,24.56451416015625,0.003495051731504854,5.250598975372765e-06,0.000891183960341612,-0.0005387932012578958,26,-37.67991285609198,24.569675941502954,0.002956258530246958,4.0,3.999994749401025,0.0004865923838224262,0.5,0.0,0,0,0,0.0004865923838224262,0.5,-1.0
951,47.550000000000004,-39.726654052734375,24.564516067504883,0.0034951778675525774,0.08625954753738951,0.000890835857679388,-0.0005389193372956156,25,-37.661902292351364,24.569729185540755,0.002956258530256962,4.0,3.9137404524626103,0.0,0.0,1.0,0,0,1,-0.0004865923838224262,-0.5,1.0
952,47.6,-39.72683334350586,24.564516067504883,0.003495555495472772,5.4863414820731724e-06,0.0008913658867626337,-0.0005392969652248912,26,-37.67932873189164,24.569677668330133,0.002956258530247881,4.0,3.999994513658518,0.0004856428422499448,0.5,0.0,0,0,0,0.0004856428422499448,0.5,-1.0
953,47.650000000000006,-39.726070404052734,24.564517974853516,0.0034956816315204957,0.0862595698759594,0.0008910177840842897,-0.0005394231012708691,25,-37.661318599423915,24.569730911092975,0.0029562585302496266,4.0,3.9137404301240406,0.0,0.0,1.0,0,0,1,-0.0004856428422499448,-0.5,1.0
954,47.7,-39.72624969482422,24.564517974853516,0.0034960589993663655,5.485196817071037e-06,0.0008915478131775031,-0.0005398004691190578,26,-37.67874508501686,24.569679393746213,0.0029562585302473077,4.0,3.999994514803183,0.0004846940573770553,0.5,0.0,0,0,0,0.0004846940573770553,0.5,-1.0
955,47.75,-39.725486755371094,24.56452178955078,0.0034961848753397636,0.08625959225355577,0.0008931070507901028,-0.0005399263450950684,25,-37.66073490109774,24.569732636661158,0.002956258530244695,4.0,3.9137404077464444,0.0,0.0,1.0,0,0,1,-0.0004846940573770553,-0.5,1.0
956,47.800000000000004,-39.72566604614258,24.56452178955078,0.003496561723036983,5.414005634453601e-06,0.0008936370799353588,-0.0005403031927691368,26,-37.67816157396289,24.56968111876077,0.0029562585302678464,4.0,3.9999945859943655,0.00048590567894279957,0.5,0.0,0,0,0,0.00048590567894279957,0.5,-1.0
957,47.85,-39.72490310668945,24.564523696899414,0.003496689679604983,0.08625619582054879,0.0008932889771753275,-0.0005404311493761335,25,-37.66015790323538,24.56973434242098,0.0029562585302288493,4.0,3.9137438041794512,0.0,0.0,1.0,0,0,1,-0.00048590567894279957,-0.5,1.0
958,47.900000000000006,-39.72508239746094,24.564523696899414,0.003497067567599503,5.512054552345801e-06,0.0008938190062938696,-0.0005408090373621144,26,-37.677577727213915,24.569682844767726,0.0029562585302373885,4.0,3.9999944879454477,0.00048495185910724103,0.5,0.0,0,0,0,0.00048495185910724103,0.5,-1.0
959,47.95,-39.72431945800781,24.564525604248047,0.003497188242086397,0.08626040480099861,0.0008934709036286662,-0.000540929711839814,25,-37.659566011503415,24.56973609221106,0.002956258530246583,4.0,3.9137395951990013,0.0,0.0,1.0,0,0,1,-0.00048495185910724103,-0.5,1.0
960,48.0,-39.7244987487793,24.564525604248047,0.003497565870006592,5.209493046760701e-06,0.0008940009327422166,-0.0005413073397532945,26,-37.67699468769141,24.56968456838831,0.0029562585302532977,4.0,3.9999947905069533,0.0004840143956243992,0.5,0.0,0,0,0,0.0004840143956243992,0.5,-1.0
961,48.050000000000004,-39.72373580932617,24.56452751159668,0.003497694866871893,0.08625958458890418,0.0008936528300434897,-0.0005414363366261091,25,-37.65898396856381,24.569737812885478,0.0029562585302457837,4.0,3.913740415411096,0.0,0.0,1.0,0,0,1,-0.0004840143956243992,-0.5,1.0
962,48.1,-39.723915100097656,24.56452751159668,0.0034980727548664125,5.25299222169647e-06,0.0008941828591545568,-0.0005418142246158618,26,-37.67641095085969,24.569686294070326,0.0029562585302505507,4.0,3.9999947470077784,0.00048305842210538685,0.5,0.0,0,0,0,0.00048305842210538685,0.5,-1.0
963,48.150000000000006,-39.72315216064453,24.564531326293945,0.003498201231583063,0.08625945013784785,0.0008957420967241692,-0.0005419427013553719,25,-37.658400577359075,24.569739537545725,0.002956258530227691,4.0,3.913740549862152,0.0,0.0,1.0,0,0,1,-0.00048305842210538685,-0.5,1.0
964,48.2,-39.723331451416016,24.564531326293945,0.0034985785994289327,5.408450251471322e-06,0.0008962721258547806,-0.0005423200691857069,26,-37.67582698310955,24.569688020435,0.002956258530243226,4.0,3.9999945915497483,0.00048426317516714334,0.5,0.0,0,0,0,0.00048426317516714334,0.5,-1.0
965,48.25,-39.72256851196289,24.564533233642578,0.0034987075962942334,0.08625966743330829,0.0008959240232119118,-0.0005424490660309402,25,-37.65781650264272,24.56974126422662,0.002956258530263293,4.0,3.9137403325666917,0.0,0.0,1.0,0,0,1,-0.00048426317516714334,-0.5,1.0
966,48.300000000000004,-39.722747802734375,24.564533233642578,0.0034990857443630784,5.495503323612677e-06,0.0008964540522821314,-0.0005428272141153197,26,-37.67524315851711,24.569689746376458,0.0029562585302477587,4.0,3.9999945044966765,0.0004833066195715219,0.5,0.0,0,0,0,0.0004833066195715219,0.5,-1.0
967,48.35,-39.72198486328125,24.56453514099121,0.0034992108401135013,0.08625954818735593,0.000896105949591019,-0.0005429523098694745,25,-37.65723308698375,24.569742988959163,0.002956258530244027,4.0,3.913740451812644,0.0,0.0,1.0,0,0,1,-0.0004833066195715219,-0.5,1.0
968,48.400000000000006,-39.722164154052734,24.564533233642578,0.0034995882079593707,5.5035977218463195e-06,0.0008947286384168749,-0.0005433296777040634,26,-37.67465949834801,24.569691471831838,0.0029562585302553073,4.0,3.999994496402278,0.0004802013863809407,0.5,0.0,0,0,0,0.0004802013863809407,0.5,-1.0
969,48.45,-39.72140121459961,24.56453514099121,0.0034997122634124926,0.0862595849259395,0.0008943805356982429,-0.0005434537331751861,25,-37.65664937117871,24.569744714579016,0.0029562585302373066,4.0,3.9137404150740607,0.0,0.0,1.0,0,0,1,-0.0004802013863809407,-0.5,1.0
970,48.5,-39.721580505371094,24.56453514099121,0.003500089371184037,5.506846723002391e-06,0.0008949105648264743,-0.000543830840933407,26,-37.67407584262003,24.569693197274088,0.00295625853025063,4.0,3.999994493153277,0.00047925757826305926,0.5,0.0,0,0,0,0.00047925757826305926,0.5,-1.0
971,48.550000000000004,-39.72081756591797,24.564538955688477,0.0035002131665628337,0.08625962227954298,0.0008964698024532501,-0.0005439546363052226,25,-37.65606564352465,24.569746440233903,0.002956258530257611,4.0,3.913740377720457,0.0,0.0,1.0,0,0,1,-0.00047925757826305926,-0.5,1.0
972,48.6,-39.72099685668945,24.564538955688477,0.003500590014260053,5.500879435809944e-06,0.0008969998315573489,-0.0005443314840007183,26,-37.67349220014048,24.569694922677176,0.0029562585302593345,4.0,3.999994499120564,0.0004804735362995416,0.5,0.0,0,0,0,0.0004804735362995416,0.5,-1.0
973,48.650000000000006,-39.720237731933594,24.56454086303711,0.0035007075678550447,0.08626064338834707,0.0008966630060638055,-0.0005444490376083026,25,-37.65548380934645,24.569748160291166,0.002956258530246742,4.0,3.9137393566116527,0.0,0.0,1.0,0,0,1,-0.0004804735362995416,-0.5,1.0
974,48.7,-39.72041320800781,24.56454086303711,0.0035010838954036136,5.254620468291482e-06,0.0008971817579685668,-0.000544825365147775,26,-37.672909047168865,24.569696646633144,0.0029562585302558386,4.0,3.999994745379532,0.00047954541514627635,0.5,0.0,0,0,0,0.00047954541514627635,0.5,-1.0
975,48.75,-39.71965408325195,24.564542770385742,0.003501211071748638,0.08625951776308588,0.0008968449325145829,-0.0005449525414859741,25,-37.65490236450502,24.569749879197445,0.002956258530262664,4.0,3.913740482236914,0.0,0.0,1.0,0,0,1,-0.00047954541514627635,-0.5,1.0
976,48.800000000000004,-39.71982955932617,24.564542770385742,0.0035015881795201825,5.251649082672954e-06,0.0008973636843459072,-0.0005453296492852074,26,-37.67232540397491,24.56969837203834,0.002956258530234975,4.0,3.9999947483509173,0.00047859500045888126,0.5,0.0,0,0,0,0.00047859500045888126,0.5,-1.0
977,48.85,-39.71907043457031,24.564544677734375,0.0035017036525205724,0.08625786463399177,0.0008970268589146057,-0.0005454451222668276,25,-37.65432195268741,24.56975159504983,0.002956258530253745,4.0,3.9137421353660082,0.0,0.0,1.0,0,0,1,-0.00047859500045888126,-0.5,1.0
978,48.900000000000006,-39.71924591064453,24.564544677734375,0.0035020802401434666,5.486536651866507e-06,0.0008975456107798993,-0.0005458217099004068,26,-37.671741281497255,24.569700098860427,0.0029562585302430598,4.0,3.9999945134633483,0.00047767028445377946,0.5,0.0,0,0,0,0.00047767028445377946,0.5,-1.0
979,48.95,-39.71848678588867,24.56454849243164,0.003502203515373613,0.08625963002609731,0.0008991161256359965,-0.0005459449851164598,25,-37.65373484097274,24.569753330708902,0.002956258530257153,4.0,3.913740369973903,0.0,0.0,1.0,0,0,1,-0.00047767028445377946,-0.5,1.0
980,49.0,-39.71866226196289,24.56454849243164,0.003502580363070832,5.409197832054484e-06,0.0008996348775292297,-0.0005463218328100503,26,-37.671157782830726,24.569701823838365,0.0029562585302607817,4.0,3.999994590802168,0.00047888740664348006,0.5,0.0,0,0,0,0.00047888740664348006,0.5,-1.0
981,49.050000000000004,-39.71790313720703,24.564550399780273,0.003502703898375303,0.08625960084639735,0.0008992980520719117,-0.0005464453681092683,25,-37.6531512489348,24.56975505596287,0.002956258530266035,4.0,3.913740399153603,0.0,0.0,1.0,0,0,1,-0.00047888740664348006,-0.5,1.0
982,49.1,-39.71807861328125,24.564550399780273,0.0035030810061468477,5.497943031284065e-06,0.0008998168039194183,-0.0005468224759000305,26,-37.67057395482866,24.569703549789903,0.002956258530246817,4.0,3.999994502056969,0.0004779446462634951,0.5,0.0,0,0,0,0.0004779446462634951,0.5,-1.0
983,49.150000000000006,-39.71731948852539,24.564552307128906,0.003503214164201352,0.08626228958066967,0.0008994799784565561,-0.0005469556339525901,25,-37.65256233433859,24.569756796951737,0.002956258530248762,4.0,3.9137377104193303,0.0,0.0,1.0,0,0,1,-0.0004779446462634951,-0.5,1.0
984,49.2,-39.71749496459961,24.564552307128906,0.0035035925723445223,5.252126444822104e-06,0.000899998730336189,-0.0005473340420980464,26,-37.66999080096565,24.569705273748507,0.002956258530246476,4.0,3.999994747873555,0.00047697898116894066,0.5,0.0,0,0,0,0.00047697898116894066,0.5,-1.0
985,49.25,-39.71673583984375,24.56455421447754,0.003503716627797644,0.08625909374484021,0.0008996619048907513,-0.0005474580975401572,25,-37.65198494364181,24.569758503872883,0.002956258530257487,4.0,3.9137409062551596,0.0,0.0,1.0,0,0,1,-0.00047697898116894066,-0.5,1.0
986,49.300000000000004,-39.71691131591797,24.56455421447754,0.0035040937355691887,5.220345796653214e-06,0.0009001806567803649,-0.0005478352053098399,26,-37.669407215822105,24.56970699898209,0.002956258530259349,4.0,3.9999947796542035,0.0004760352021548897,0.5,0.0,0,0,0,0.0004760352021548897,0.5,-1.0
987,49.35,-39.71615219116211,24.564558029174805,0.0035042050473803755,0.08624815624898999,0.0009017511716217499,-0.0005479465171153268,25,-37.65142270830734,24.56976016599073,0.0029562585302650487,4.0,3.91375184375101,0.0,0.0,1.0,0,0,1,-0.0004760352021548897,-0.5,1.0
988,49.400000000000006,-39.716331481933594,24.564558029174805,0.003504583455523546,5.216582842530141e-06,0.00090228120068325,-0.0005483249252774282,26,-37.668827383566594,24.569708713121138,0.0029562585302461176,4.0,3.9999947834171574,0.00047728768549859524,0.5,0.0,0,0,0,0.00047728768549859524,0.5,-1.0
989,49.45,-39.71556854248047,24.564559936523438,0.00350469112629418,0.08625411036513876,0.0009019330980457431,-0.0005484325960258239,25,-37.6508273990329,24.569761925883977,0.002956258530268356,4.0,3.9137458896348614,0.0,0.0,1.0,0,0,1,-0.00047728768549859524,-0.5,1.0
990,49.5,-39.71574783325195,24.564559936523438,0.0035050690142887,5.191696081331015e-06,0.0009024631271243345,-0.0005488104840312372,26,-37.66824378453193,24.569710438395788,0.0029562585302574627,4.0,3.9999948083039185,0.0004763769975397736,0.5,0.0,0,0,0,0.0004763769975397736,0.5,-1.0
991,49.550000000000004,-39.71498489379883,24.56456184387207,0.0035051839671404396,0.08625595824860181,0.0009021150244188413,-0.0005489254368949564,25,-37.65024013109566,24.56976366200488,0.002956258530245483,4.0,3.9137440417513982,0.0,0.0,1.0,0,0,1,-0.0004763769975397736,-0.5,1.0
992,49.6,-39.71516418457031,24.56456184387207,0.003505562115209285,5.259697074567796e-06,0.0009026450535218541,-0.000549303584962366,26,-37.667659998329256,24.569712164223755,0.002956258530246919,4.0,3.9999947403029252,0.0004754502442665398,0.5,0.0,0,0,0,0.0004754502442665398,0.5,-1.0
993,49.650000000000006,-39.71440124511719,24.564565658569336,0.0035056692658312688,0.08625487042757732,0.0009042042911175715,-0.0005494107355937458,25,-37.64965860689895,24.569765381145757,0.002956258530237523,4.0,3.9137451295724226,0.0,0.0,1.0,0,0,1,-0.0004754502442665398,-0.5,1.0
994,49.7,-39.71458053588867,24.564565658569336,0.0035060471538257885,5.339155473036083e-06,0.000904734320251812,-0.0005497886235717509,26,-37.66707618371771,24.56971389013571,0.0029562585302540375,4.0,3.999994660844527,0.000476699264254421,0.5,0.0,0,0,0,0.000476699264254421,0.5,-1.0
995,49.75,-39.71381759643555,24.56456756591797,0.003506155344745073,0.08625489324558,0.0009043862175552508,-0.0005498968144977356,25,-37.64907491303262,24.569767106700755,0.0029562585302473376,4.0,3.91374510675442,0.0,0.0,1.0,0,0,1,-0.000476699264254421,-0.5,1.0
996,49.800000000000004,-39.71399688720703,24.56456756591797,0.0035065332327395933,5.453729152391422e-06,0.0009049162466459142,-0.000550274702497161,26,-37.66649230367148,24.569715616241105,0.0029562585302424322,4.0,3.9999945462708477,0.00047578735393472016,0.5,0.0,0,0,0,0.00047578735393472016,0.5,-1.0
997,49.85,-39.713233947753906,24.5645694732666,0.003506642984104829,0.08625604031347536,0.0009045681439954576,-0.0005503844538455992,25,-37.64848901751987,24.56976883876441,0.0029562585302592296,4.0,3.9137439596865247,0.0,0.0,1.0,0,0,1,-0.00047578735393472016,-0.5,1.0
998,49.900000000000006,-39.71341323852539,24.56456756591797,0.0035070200918763733,5.33142168617807e-06,0.0009031908327714428,-0.0005507615616301273,26,-37.66590890626099,24.569717340919702,0.002956258530246246,4.0,3.9999946685783137,0.00047271535731852055,0.5,0.0,0,0,0,0.00047271535731852055,0.5,-1.0
999,49.95,-39.712650299072266,24.5645694732666,0.0035071558506741293,0.08625893731833752,0.0009028427300609163,-0.0005508973204422633,25,-37.64789970038451,24.569770580943292,0.002956258530231866,4.0,3.9137410626816624,0.0,0.0,1.0,0,0,1,-0.00047271535731852055,-0.5,1.0
