step,t,ego_x,ego_y,ego_yaw,ego_speed,ctrl_steer,ctrl_throttle,ctrl_brake,plan_status,num_candidates,ego_s0,ego_l0,best_valid,best_min_clearance_m,best_max_curvature,best_max_yaw_rate,best_cost_total,best_l_target,best_v_target,best_collision,timing_plan_total_ms,debug_num_candidates,debug_ego_s0,debug_ego_l0,traj_dt,traj_len,traj0_x,traj0_y,traj0_yaw,traj0_v,trajN_x,trajN_y,trajN_yaw,trajN_v,num_obstacles,obstacles
0,0.0,-64.64486694335938,24.47097396850586,0.002778525899550108,0.006590348299736224,0.0,0.0,1.0,PlanStatus.FAIL,20,0.18119746967757955,-0.03343023754279558,False,53.00146259863482,0.2960245381626912,0.03542435487010656,0.6150341118142302,0.0,4.5,False,7.821299834176898,20,0.18119746967757955,-0.03343023754279558,0.1,60,-64.64486694335938,24.47097396850586,0.004223618115419593,0.006590348299736224,-51.3505696386179,24.541343698738363,0.0027790104050907033,4.425109839138329,1,"[{""id"": 50, ""x"": -110.197998046875, ""y"": -9.778230667114258, ""vx"": -0.0024634667206555605, ""vy"": 0.8811593651771545, ""r"": 2.5906050205230713}]"
1,0.05,-64.64486694335938,24.470972061157227,0.0027785261596244334,0.0045231572853685394,0.0,0.0,1.0,PlanStatus.FAIL,20,0.18119746437704468,-0.033432144884063916,False,52.972541673454714,0.30348105581656976,0.03551227786978693,0.6299574206505648,0.0,4.5,False,7.445199880748987,20,0.18119746437704468,-0.033432144884063916,0.1,60,-64.64486694335938,24.470972061157227,0.004260664091528962,0.0045231572853685394,-51.35666783386288,24.5413267517467,0.0027790104050903846,4.425075385954754,1,"[{""id"": 50, ""x"": -110.1982421875, ""y"": -9.72976016998291, ""vx"": -0.002785902237519622, ""vy"": 0.990291953086853, ""r"": 2.5906050205230713}]"
2,0.1,-64.6448745727539,24.47096824645996,0.0027785264196987587,0.003080276744286028,0.0,0.0,1.0,PlanStatus.FAIL,20,0.18118982441090417,-0.03343593836445999,False,52.94028519709965,0.3088500864959207,0.03567353783808808,0.6407058118373555,0.0,4.5,False,6.42249989323318,20,0.18118982441090417,-0.03343593836445999,0.1,60,-64.6448745727539,24.47096824645996,0.004287776750923632,0.003080276744286028,-51.36093195495945,24.541314901679296,0.002779010405094306,4.425051337945744,1,"[{""id"": 50, ""x"": -110.19829559326172, ""y"": -9.67595100402832, ""vx"": -0.0005595560069195926, ""vy"": 1.1305967569351196, ""r"": 2.5906050205230713}]"
3,0.15000000000000002,-64.6448745727539,24.470966339111328,0.0027785264196987587,0.0020837627546189132,0.0,0.0,1.0,PlanStatus.FAIL,20,0.1811898191103693,-0.033437845705728365,False,52.90846513170507,0.31262103850215467,0.035805358599635455,0.6482562716114717,0.0,4.5,False,7.117600180208683,20,0.1811898191103693,-0.033437845705728365,0.1,60,-64.6448745727539,24.470966339111328,0.004307052291370329,0.0020837627546189132,-51.36387166517793,24.54130673217298,0.0027790104050922928,4.425034729379242,1,"[{""id"": 50, ""x"": -110.19844818115234, ""y"": -9.622671127319336, ""vx"": -0.002313747303560376, ""vy"": 1.0243562459945679, ""r"": 2.5906050205230713}]"
4,0.2,-64.6448745727539,24.470966339111328,0.0027785266797730837,0.0014015785004247018,0.0,0.0,1.0,PlanStatus.FAIL,20,0.1811898191103693,-0.033437845705728365,False,52.87619329881971,0.31522319417826067,0.03589372798584114,0.6534677906916392,0.0,4.5,False,6.945200031623244,20,0.1811898191103693,-0.033437845705728365,0.1,60,-64.6448745727539,24.470966339111328,0.00432047275454705,0.0014015785004247018,-51.36588410095686,24.541301139578614,0.0027790104050892488,4.425023359641673,1,"[{""id"": 50, ""x"": -110.19866943359375, ""y"": -9.568489074707031, ""vx"": -0.0015143228229135275, ""vy"": 1.1256498098373413, ""r"": 2.5906050205230713}]"
5,0.25,-64.6448745727539,24.470966339111328,0.0027785266797730837,0.0,0.0,0.0,1.0,PlanStatus.FAIL,20,0.1811898191103693,-0.033437845705728365,False,52.84448363025767,0.32065361153082345,0.03607389449163737,0.6643372606751553,0.0,4.5,False,8.040099870413542,20,0.1811898191103693,-0.033437845705728365,0.1,60,-64.6448745727539,24.470966339111328,0.004348799008236361,0.0,-51.37001874156735,24.541289649339756,0.0027790104050888476,4.425000000000005,1,"[{""id"": 50, ""x"": -110.19893646240234, ""y"": -9.515130043029785, ""vx"": -0.0032107073348015547, ""vy"": 1.0278493165969849, ""r"": 2.5906050205230713}]"
6,0.30000000000000004,-64.6448745727539,24.470966339111328,0.0027785266797730837,0.0,0.0,0.0,1.0,PlanStatus.FAIL,20,0.1811898191103693,-0.033437845705728365,False,52.81222620897527,0.32065361153082345,0.03607389449163737,0.6643430396269999,0.0,4.5,False,7.218200014904141,20,0.1811898191103693,-0.033437845705728365,0.1,60,-64.6448745727539,24.470966339111328,0.004348799008236361,0.0,-51.37001874156735,24.541289649339756,0.0027790104050888476,4.425000000000005,1,"[{""id"": 50, ""x"": -110.19912719726562, ""y"": -9.460902214050293, ""vx"": -0.0014568796614184976, ""vy"": 1.1243876218795776, ""r"": 2.5906050205230713}]"
7,0.35000000000000003,-64.6448745727539,24.470966339111328,0.0027785266797730837,0.0,0.0,0.0,1.0,PlanStatus.FAIL,20,0.1811898191103693,-0.033437845705728365,False,52.77870828601484,0.32065361153082345,0.03607389449163737,0.6643490518823724,0.0,4.5,False,6.841500056907535,20,0.1811898191103693,-0.033437845705728365,0.1,60,-64.6448745727539,24.470966339111328,0.004348799008236361,0.0,-51.37001874156735,24.541289649339756,0.0027790104050888476,4.425000000000005,1,"[{""id"": 50, ""x"": -110.19931030273438, ""y"": -9.404516220092773, ""vx"": -0.0041768550872802734, ""vy"": 1.182957649230957, ""r"": 2.5906050205230713}]"
8,0.4,-64.6448745727539,24.470966339111328,0.0027785266797730837,0.0,0.0,0.0,1.0,PlanStatus.FAIL,20,0.1811898191103693,-0.033437845705728365,False,52.738833097052385,0.32065361153082345,0.03607389449163737,0.6643562144217374,0.0,4.5,False,7.781400112435222,20,0.1811898191103693,-0.033437845705728365,0.1,60,-64.6448745727539,24.470966339111328,0.004348799008236361,0.0,-51.37001874156735,24.541289649339756,0.0027790104050888476,4.425000000000005,1,"[{""id"": 50, ""x"": -110.19960021972656, ""y"": -9.337259292602539, ""vx"": -0.0032051587477326393, ""vy"": 1.4505937099456787, ""r"": 2.5906050205230713}]"
9,0.45,-64.6448745727539,24.470966339111328,0.0027785266797730837,0.0,0.0,0.0,1.0,PlanStatus.FAIL,20,0.1811898191103693,-0.033437845705728365,False,52.69369054220503,0.32065361153082345,0.03607389449163737,0.6643643361887954,0.0,4.5,False,7.013099966570735,20,0.1811898191103693,-0.033437845705728365,0.1,60,-64.6448745727539,24.470966339111328,0.004348799008236361,0.0,-51.37001874156735,24.541289649339756,0.0027790104050888476,4.425000000000005,1,"[{""id"": 50, ""x"": -110.19992065429688, ""y"": -9.26102352142334, ""vx"": -0.004716943483799696, ""vy"": 1.5150431394577026, ""r"": 2.5906050205230713}]"
10,0.5,-64.6448745727539,24.470966339111328,0.0027785266797730837,0.0,0.0,0.0,1.0,PlanStatus.FAIL,20,0.1811898191103693,-0.033437845705728365,False,52.641318365651536,0.32065361153082345,0.03607389449163737,0.6643737761185344,0.0,4.5,False,6.573399994522333,20,0.1811898191103693,-0.033437845705728365,0.1,60,-64.6448745727539,24.470966339111328,0.004348799008236361,0.0,-51.37001874156735,24.541289649339756,0.0027790104050888476,4.425000000000005,1,"[{""id"": 50, ""x"": -110.20027923583984, ""y"": -9.172455787658691, ""vx"": -0.005109483376145363, ""vy"": 1.935797095298767, ""r"": 2.5906050205230713}]"
11,0.55,-64.6448745727539,24.470966339111328,0.0027785266797730837,0.0,0.0,0.0,1.0,PlanStatus.FAIL,20,0.1811898191103693,-0.033437845705728365,False,52.583951735902176,0.32065361153082345,0.03607389449163737,0.6643841378624198,0.0,4.5,False,6.822299910709262,20,0.1811898191103693,-0.033437845705728365,0.1,60,-64.6448745727539,24.470966339111328,0.004348799008236361,0.0,-51.37001874156735,24.541289649339756,0.0027790104050888476,4.425000000000005,1,"[{""id"": 50, ""x"": -110.20068359375, ""y"": -9.075251579284668, ""vx"": -0.006128458306193352, ""vy"": 2.0062451362609863, ""r"": 2.5906050205230713}]"
12,0.6000000000000001,-64.6448745727539,24.470966339111328,0.0027785266797730837,0.0,0.0,0.0,1.0,PlanStatus.FAIL,20,0.1811898191103693,-0.033437845705728365,False,52.519025751468675,0.32065361153082345,0.03607389449163737,0.6643958923076743,0.0,4.5,False,6.6188001073896885,20,0.1811898191103693,-0.033437845705728365,0.1,60,-64.6448745727539,24.470966339111328,0.004348799008236361,0.0,-51.37001874156735,24.541289649339756,0.0027790104050888476,4.425000000000005,1,"[{""id"": 50, ""x"": -110.20115661621094, ""y"": -8.964995384216309, ""vx"": -0.005619922187179327, ""vy"": 2.3498644828796387, ""r"": 2.5906050205230713}]"
13,0.65,-64.6448745727539,24.470966339111328,0.0027785266797730837,0.0,0.0,0.0,1.0,PlanStatus.FAIL,20,0.1811898191103693,-0.033437845705728365,False,52.44649895856265,0.32065361153082345,0.03607389449163737,0.6644090572440511,0.0,4.5,False,6.330600008368492,20,0.1811898191103693,-0.033437845705728365,0.1,60,-64.6448745727539,24.470966339111328,0.004348799008236361,0.0,-51.37001874156735,24.541289649339756,0.0027790104050888476,4.425000000000005,1,"[{""id"": 50, ""x"": -110.20185089111328, ""y"": -8.841322898864746, ""vx"": -0.011209470219910145, ""vy"": 2.683037757873535, ""r"": 2.5906050205230713}]"
14,0.7000000000000001,-64.6448745727539,24.470966339111328,0.0027785266797730837,0.0,0.0,0.0,1.0,PlanStatus.FAIL,20,0.1811898191103693,-0.033437845705728365,False,52.3578606784531,0.32065361153082345,0.03607389449163737,0.6644251962341137,0.0,4.5,False,7.272300077602267,20,0.1811898191103693,-0.033437845705728365,0.1,60,-64.6448745727539,24.470966339111328,0.004348799008236361,0.0,-51.37001874156735,24.541289649339756,0.0027790104050888476,4.425000000000005,1,"[{""id"": 50, ""x"": -110.20297241210938, ""y"": -8.689391136169434, ""vx"": -0.01206811424344778, ""vy"": 3.3126449584960938, ""r"": 2.5906050205230713}]"
15,0.75,-64.6448745727539,24.470966339111328,0.0027785266797730837,0.0,0.0,0.0,1.0,PlanStatus.FAIL,20,0.1811898191103693,-0.033437845705728365,False,52.25372379875292,0.32065361153082345,0.03607389449163737,0.6644442271119124,0.0,4.5,False,6.874699844047427,20,0.1811898191103693,-0.033437845705728365,0.1,60,-64.6448745727539,24.470966339111328,0.004348799008236361,0.0,-51.37001874156735,24.541289649339756,0.0027790104050888476,4.425000000000005,1,"[{""id"": 50, ""x"": -110.20431518554688, ""y"": -8.510269165039062, ""vx"": -0.014523729681968689, ""vy"": 3.691645622253418, ""r"": 2.5906050205230713}]"
16,0.8,-64.6448745727539,24.470966339111328,0.0027785266797730837,0.0,0.0,0.0,1.0,PlanStatus.FAIL,20,0.1811898191103693,-0.033437845705728365,False,52.142562577125226,0.32065361153082345,0.03607389449163737,0.6644646255567676,0.0,4.5,False,7.3130999226123095,20,0.1811898191103693,-0.033437845705728365,0.1,60,-64.6448745727539,24.470966339111328,0.004348799008236361,0.0,-51.37001874156735,24.541289649339756,0.0027790104050888476,4.425000000000005,1,"[{""id"": 50, ""x"": -110.20540618896484, ""y"": -8.318825721740723, ""vx"": -0.010469906032085419, ""vy"": 3.9327828884124756, ""r"": 2.5906050205230713}]"
17,0.8500000000000001,-64.6448745727539,24.470966339111328,0.0027785266797730837,0.0,0.0,0.0,1.0,PlanStatus.FAIL,20,0.1811898191103693,-0.033437845705728365,False,52.02616145983665,0.32065361153082345,0.03607389449163737,0.6644860789662094,0.0,4.5,False,7.15319998562336,20,0.1811898191103693,-0.033437845705728365,0.1,60,-64.6448745727539,24.470966339111328,0.004348799008236361,0.0,-51.37001874156735,24.541289649339756,0.0027790104050888476,4.425000000000005,1,"[{""id"": 50, ""x"": -110.20612335205078, ""y"": -8.11815357208252, ""vx"": -0.009503962472081184, ""vy"": 4.0271897315979, ""r"": 2.5906050205230713}]"
18,0.9,-64.6448745727539,24.470966339111328,0.0027785266797730837,0.0,0.0,0.0,1.0,PlanStatus.FAIL,20,0.1811898191103693,-0.033437845705728365,False,51.902344094983995,0.32065361153082345,0.03607389449163737,0.6645090048501356,0.0,4.5,False,6.610299926251173,20,0.1811898191103693,-0.033437845705728365,0.1,60,-64.6448745727539,24.470966339111328,0.004348799008236361,0.0,-51.37001874156735,24.541289649339756,0.0027790104050888476,4.425000000000005,1,"[{""id"": 50, ""x"": -110.20668029785156, ""y"": -7.904079914093018, ""vx"": -0.008650515228509903, ""vy"": 4.43974494934082, ""r"": 2.5906050205230713}]"
19,0.9500000000000001,-64.6448745727539,24.470966339111328,0.0027785266797730837,0.0,0.0,0.0,1.0,PlanStatus.FAIL,20,0.1811898191103693,-0.033437845705728365,False,51.77230400423484,0.32065361153082345,0.03607389449163737,0.664533200987817,0.0,4.5,False,7.282800041139126,20,0.1811898191103693,-0.033437845705728365,0.1,60,-64.6448745727539,24.470966339111328,0.004348799008236361,0.0,-51.37001874156735,24.541289649339756,0.0027790104050888476,4.425000000000005,1,"[{""id"": 50, ""x"": -110.2071762084961, ""y"": -7.678352355957031, ""vx"": -0.009157714433968067, ""vy"": 4.609628677368164, ""r"": 2.5906050205230713}]"
20,1.0,-64.6448745727539,24.470966339111328,0.0027785266797730837,0.0,0.0,0.0,1.0,PlanStatus.FAIL,20,0.1811898191103693,-0.033437845705728365,False,51.63501524574032,0.32065361153082345,0.03607389449163737,0.6645588781119445,0.0,4.5,False,7.678699912503362,20,0.1811898191103693,-0.033437845705728365,0.1,60,-64.6448745727539,24.470966339111328,0.004348799008236361,0.0,-51.37001874156735,24.541289649339756,0.0027790104050888476,4.425000000000005,1,"[{""id"": 50, ""x"": -110.2076416015625, ""y"": -7.438967704772949, ""vx"": -0.008822261355817318, ""vy"": 4.924929618835449, ""r"": 2.5906050205230713}]"
21,1.05,-64.6448745727539,24.470966339111328,0.0027785266797730837,0.0,0.0,0.0,1.0,PlanStatus.FAIL,20,0.1811898191103693,-0.033437845705728365,False,51.49139849981357,0.32065361153082345,0.03607389449163737,0.664585885292296,0.0,4.5,False,7.165999850258231,20,0.1811898191103693,-0.033437845705728365,0.1,60,-64.6448745727539,24.470966339111328,0.004348799008236361,0.0,-51.37001874156735,24.541289649339756,0.0027790104050888476,4.425000000000005,1,"[{""id"": 50, ""x"": -110.20804595947266, ""y"": -7.187367916107178, ""vx"": -0.008926444686949253, ""vy"": 5.084047794342041, ""r"": 2.5906050205230713}]"
22,1.1,-64.6448745727539,24.470966339111328,0.0027785266797730837,0.0,0.0,0.0,1.0,PlanStatus.FAIL,20,0.1811898191103693,-0.033437845705728365,False,51.34233281284457,0.32065361153082345,0.03607389449163737,0.6646140769434207,0.0,4.5,False,7.199699990451336,20,0.1811898191103693,-0.033437845705728365,0.1,60,-64.6448745727539,24.470966339111328,0.004348799008236361,0.0,-51.37001874156735,24.541289649339756,0.0027790104050888476,4.425000000000005,1,"[{""id"": 50, ""x"": -110.20902252197266, ""y"": -6.923976421356201, ""vx"": -0.031907565891742706, ""vy"": 5.374025821685791, ""r"": 2.5906050205230713}]"
23,1.1500000000000001,-64.6448745727539,24.470966339111328,0.0027785266797730837,0.0,0.0,0.0,1.0,PlanStatus.FAIL,20,0.1811898191103693,-0.033437845705728365,False,51.192806603903,0.32065361153082345,0.03607389449163737,0.664642520627544,0.0,4.5,False,7.8610999044030905,20,0.1811898191103693,-0.033437845705728365,0.1,60,-64.6448745727539,24.470966339111328,0.004348799008236361,0.0,-51.37001874156735,24.541289649339756,0.0027790104050888476,4.425000000000005,1,"[{""id"": 50, ""x"": -110.21025848388672, ""y"": -6.65787410736084, ""vx"": -0.03359423950314522, ""vy"": 5.275218486785889, ""r"": 2.5906050205230713}]"
24,1.2000000000000002,-64.6448745727539,24.470966339111328,0.0027785266797730837,0.0,0.0,0.0,1.0,PlanStatus.FAIL,20,0.1811898191103693,-0.033437845705728365,False,51.04581046524509,0.32065361153082345,0.03607389449163737,0.6646706454569022,0.0,4.5,False,6.914899917319417,20,0.1811898191103693,-0.033437845705728365,0.1,60,-64.6448745727539,24.470966339111328,0.004348799008236361,0.0,-51.37001874156735,24.541289649339756,0.0027790104050888476,4.425000000000005,1,"[{""id"": 50, ""x"": -110.21167755126953, ""y"": -6.394443035125732, ""vx"": -0.035151563584804535, ""vy"": 5.260228633880615, ""r"": 2.5906050205230713}]"
25,1.25,-64.6448745727539,24.470966339111328,0.0027785266797730837,0.0,0.0,0.0,1.0,PlanStatus.FAIL,20,0.1811898191103693,-0.033437845705728365,False,50.918224741893944,0.32065361153082345,0.03607389449163737,0.6646951881202567,0.0,4.5,False,7.150700083002448,20,0.1811898191103693,-0.033437845705728365,0.1,60,-64.6448745727539,24.470966339111328,0.004348799008236361,0.0,-51.37001874156735,24.541289649339756,0.0027790104050888476,4.425000000000005,1,"[{""id"": 50, ""x"": -110.21299743652344, ""y"": -6.164401531219482, ""vx"": -0.02757604792714119, ""vy"": 4.073221206665039, ""r"": 2.5906050205230713}]"
26,1.3,-64.6448745727539,24.470966339111328,0.0027785266797730837,0.0,0.0,0.0,1.0,PlanStatus.FAIL,20,0.1811898191103693,-0.033437845705728365,False,50.82750367155408,0.32065361153082345,0.03607389449163737,0.6647127143726732,0.0,4.5,False,7.228899979963899,20,0.1811898191103693,-0.033437845705728365,0.1,60,-64.6448745727539,24.470966339111328,0.004348799008236361,0.0,-51.37001874156735,24.541289649339756,0.0027790104050888476,4.425000000000005,1,"[{""id"": 50, ""x"": -110.21401977539062, ""y"": -5.999971389770508, ""vx"": -0.01951632834970951, ""vy"": 2.802109718322754, ""r"": 2.5906050205230713}]"
27,1.35,-64.6448745727539,24.470966339111328,0.0027785266797730837,0.0,0.0,0.0,1.0,PlanStatus.FAIL,20,0.1811898191103693,-0.033437845705728365,False,50.75938940574203,0.32065361153082345,0.03607389449163737,0.6647259144299069,0.0,4.5,False,7.006500149145722,20,0.1811898191103693,-0.033437845705728365,0.1,60,-64.6448745727539,24.470966339111328,0.004348799008236361,0.0,-51.37001874156735,24.541289649339756,0.0027790104050888476,4.425000000000005,1,"[{""id"": 50, ""x"": -110.2147445678711, ""y"": -5.8761725425720215, ""vx"": -0.017549632117152214, ""vy"": 2.5886147022247314, ""r"": 2.5906050205230713}]"
28,1.4000000000000001,-64.6448745727539,24.470966339111328,0.0027785266797730837,0.0,0.0,0.0,1.0,PlanStatus.FAIL,20,0.1811898191103693,-0.033437845705728365,False,50.68403159412965,0.32065361153082345,0.03607389449163737,0.6647405595728777,0.0,4.5,False,7.135800085961819,20,0.1811898191103693,-0.033437845705728365,0.1,60,-64.6448745727539,24.470966339111328,0.004348799008236361,0.0,-51.37001874156735,24.541289649339756,0.0027790104050888476,4.425000000000005,1,"[{""id"": 50, ""x"": -110.2159652709961, ""y"": -5.73816442489624, ""vx"": -0.022088808938860893, ""vy"": 2.796403646469116, ""r"": 2.5906050205230713}]"
29,1.4500000000000002,-64.6448745727539,24.470966339111328,0.0027785266797730837,0.0,0.0,0.0,1.0,PlanStatus.FAIL,20,0.1811898191103693,-0.033437845705728365,False,50.60298549295281,0.32065361153082345,0.03607389449163737,0.6647563588671301,0.0,4.5,False,7.223800057545304,20,0.1811898191103693,-0.033437845705728365,0.1,60,-64.6448745727539,24.470966339111328,0.004348799008236361,0.0,-51.37001874156735,24.541289649339756,0.0027790104050888476,4.425000000000005,1,"[{""id"": 50, ""x"": -110.2174301147461, ""y"": -5.589012145996094, ""vx"": -0.026499751955270767, ""vy"": 3.177960157394409, ""r"": 2.5906050205230713}]"
30,1.5,-64.6448745727539,24.470966339111328,0.0027785266797730837,0.0,0.0,0.0,1.0,PlanStatus.FAIL,20,0.1811898191103693,-0.033437845705728365,False,50.51679249011524,0.32065361153082345,0.03607389449163737,0.6647732171341463,0.0,4.5,False,7.591400062665343,20,0.1811898191103693,-0.033437845705728365,0.1,60,-64.6448745727539,24.470966339111328,0.004348799008236361,0.0,-51.37001874156735,24.541289649339756,0.0027790104050888476,4.425000000000005,1,"[{""id"": 50, ""x"": -110.21917724609375, ""y"": -5.429523944854736, ""vx"": -0.025820987299084663, ""vy"": 3.209418535232544, ""r"": 2.5906050205230713}]"
31,1.55,-64.6448745727539,24.470966339111328,0.0027785266797730837,0.0,0.0,0.0,1.0,PlanStatus.FAIL,20,0.1811898191103693,-0.033437845705728365,False,50.42543644691977,0.32065361153082345,0.03607389449163737,0.6647911481395945,0.0,4.5,False,7.419599918648601,20,0.1811898191103693,-0.033437845705728365,0.1,60,-64.6448745727539,24.470966339111328,0.004348799008236361,0.0,-51.37001874156735,24.541289649339756,0.0027790104050888476,4.425000000000005,1,"[{""id"": 50, ""x"": -110.22064208984375, ""y"": -5.260414123535156, ""vx"": -0.029226550832390785, ""vy"": 3.478912591934204, ""r"": 2.5906050205230713}]"
32,1.6,-64.6448745727539,24.470966339111328,0.0027785266797730837,0.0,0.0,0.0,1.0,PlanStatus.FAIL,20,0.1811898191103693,-0.033437845705728365,False,50.32733626255905,0.32065361153082345,0.03607389449163737,0.6648104753411453,0.0,4.5,False,6.8691999185830355,20,0.1811898191103693,-0.033437845705728365,0.1,60,-64.6448745727539,24.470966339111328,0.004348799008236361,0.0,-51.37001874156735,24.541289649339756,0.0027790104050888476,4.425000000000005,1,"[{""id"": 50, ""x"": -110.22174835205078, ""y"": -5.078776836395264, ""vx"": -0.0318218469619751, ""vy"": 3.6934382915496826, ""r"": 2.5906050205230713}]"
33,1.6500000000000001,-64.6448745727539,24.470966339111328,0.0027785266797730837,0.0,0.0,0.0,1.0,PlanStatus.FAIL,20,0.1811898191103693,-0.033437845705728365,False,50.2227382858837,0.32065361153082345,0.03607389449163737,0.6648311658741647,0.0,4.5,False,8.233000058680773,20,0.1811898191103693,-0.033437845705728365,0.1,60,-64.6448745727539,24.470966339111328,0.004348799008236361,0.0,-51.37001874156735,24.541289649339756,0.0027790104050888476,4.425000000000005,1,"[{""id"": 50, ""x"": -110.22306060791016, ""y"": -4.884025573730469, ""vx"": -0.02657691203057766, ""vy"": 4.0917067527771, ""r"": 2.5906050205230713}]"
34,1.7000000000000002,-64.6448745727539,24.470966339111328,0.0027785266797730837,0.0,0.0,0.0,1.0,PlanStatus.FAIL,20,0.1811898191103693,-0.033437845705728365,False,50.10548526233491,0.32065361153082345,0.03607389449163737,0.6648544623956604,0.0,4.5,False,7.9997999127954245,20,0.1811898191103693,-0.033437845705728365,0.1,60,-64.6448745727539,24.470966339111328,0.004348799008236361,0.0,-51.37001874156735,24.541289649339756,0.0027790104050888476,4.425000000000005,1,"[{""id"": 50, ""x"": -110.22396850585938, ""y"": -4.665491580963135, ""vx"": -0.027684543281793594, ""vy"": 4.504397392272949, ""r"": 2.5906050205230713}]"
35,1.75,-64.6448745727539,24.470966339111328,0.0027785266797730837,0.0,0.0,0.0,1.0,PlanStatus.FAIL,20,0.1811898191103693,-0.033437845705728365,False,49.981796746386685,0.32065361153082345,0.03607389449163737,0.6648791560230115,0.0,4.5,False,7.924200035631657,20,0.1811898191103693,-0.033437845705728365,0.1,60,-64.6448745727539,24.470966339111328,0.004348799008236361,0.0,-51.37001874156735,24.541289649339756,0.0027790104050888476,4.425000000000005,1,"[{""id"": 50, ""x"": -110.22528839111328, ""y"": -4.433116912841797, ""vx"": -0.03300962969660759, ""vy"": 4.786585807800293, ""r"": 2.5906050205230713}]"
36,1.8,-64.6448745727539,24.470966339111328,0.0027785266797730837,0.0,0.0,0.0,1.0,PlanStatus.FAIL,20,0.1811898191103693,-0.033437845705728365,False,49.85516764100653,0.32065361153082345,0.03607389449163737,0.6649045636495944,0.0,4.5,False,6.865800125524402,20,0.1811898191103693,-0.033437845705728365,0.1,60,-64.6448745727539,24.470966339111328,0.004348799008236361,0.0,-51.37001874156735,24.541289649339756,0.0027790104050888476,4.425000000000005,1,"[{""id"": 50, ""x"": -110.22710418701172, ""y"": -4.193080425262451, ""vx"": -0.03285757452249527, ""vy"": 4.80310583114624, ""r"": 2.5906050205230713}]"
37,1.85,-64.6448745727539,24.470966339111328,0.0027785266797730837,0.0,0.0,0.0,1.0,PlanStatus.FAIL,20,0.1811898191103693,-0.033437845705728365,False,49.72857662044493,0.32065361153082345,0.03607389449163737,0.6649300929698636,0.0,4.5,False,7.820499828085303,20,0.1811898191103693,-0.033437845705728365,0.1,60,-64.6448745727539,24.470966339111328,0.004348799008236361,0.0,-51.37001874156735,24.541289649339756,0.0027790104050888476,4.425000000000005,1,"[{""id"": 50, ""x"": -110.22837829589844, ""y"": -3.952521562576294, ""vx"": -0.03279230743646622, ""vy"": 4.682487487792969, ""r"": 2.5906050205230713}]"
38,1.9000000000000001,-64.6448745727539,24.470966339111328,0.0027785266797730837,0.0,0.0,0.0,1.0,PlanStatus.FAIL,20,0.1811898191103693,-0.033437845705728365,False,49.62231950757241,0.32065361153082345,0.03607389449163737,0.6649516221475099,0.0,4.5,False,6.883700145408511,20,0.1811898191103693,-0.033437845705728365,0.1,60,-64.6448745727539,24.470966339111328,0.004348799008236361,0.0,-51.37001874156735,24.541289649339756,0.0027790104050888476,4.425000000000005,1,"[{""id"": 50, ""x"": -110.22881317138672, ""y"": -3.750483274459839, ""vx"": -0.03596882149577141, ""vy"": 3.5446114540100098, ""r"": 2.5906050205230713}]"
39,1.9500000000000002,-64.6448745727539,24.470966339111328,0.0027785266797730837,0.0,0.0,0.0,1.0,PlanStatus.FAIL,20,0.1811898191103693,-0.033437845705728365,False,49.53854174745469,0.32065361153082345,0.03607389449163737,0.6649686618085608,0.0,4.5,False,7.370499894022942,20,0.1811898191103693,-0.033437845705728365,0.1,60,-64.6448745727539,24.470966339111328,0.004348799008236361,0.0,-51.37001874156735,24.541289649339756,0.0027790104050888476,4.425000000000005,1,"[{""id"": 50, ""x"": -110.2301254272461, ""y"": -3.5888707637786865, ""vx"": -0.029777418822050095, ""vy"": 3.273803949356079, ""r"": 2.5906050205230713}]"
40,2.0,-64.6448745727539,24.470966339111328,0.0027785266797730837,0.0,0.0,0.0,1.0,PlanStatus.FAIL,20,0.1811898191103693,-0.033437845705728365,False,49.45567987099204,0.32065361153082345,0.03607389449163737,0.6649855719727905,0.0,4.5,False,7.515799952670932,20,0.1811898191103693,-0.033437845705728365,0.1,60,-64.6448745727539,24.470966339111328,0.004348799008236361,0.0,-51.37001874156735,24.541289649339756,0.0027790104050888476,4.425000000000005,1,"[{""id"": 50, ""x"": -110.23147583007812, ""y"": -3.4282658100128174, ""vx"": -0.025043318048119545, ""vy"": 3.132709264755249, ""r"": 2.5906050205230713}]"
41,2.0500000000000003,-64.6448745727539,24.470966339111328,0.0027785266797730837,0.0,0.0,0.0,1.0,PlanStatus.FAIL,20,0.1811898191103693,-0.033437845705728365,False,49.3718826353255,0.32065361153082345,0.03607389449163737,0.6650027307468,0.0,4.5,False,8.01529991440475,20,0.1811898191103693,-0.033437845705728365,0.1,60,-64.6448745727539,24.470966339111328,0.004348799008236361,0.0,-51.37001874156735,24.541289649339756,0.0027790104050888476,4.425000000000005,1,"[{""id"": 50, ""x"": -110.23309326171875, ""y"": -3.264739990234375, ""vx"": -0.02201157808303833, ""vy"": 3.3593523502349854, ""r"": 2.5906050205230713}]"
42,2.1,-64.6448745727539,24.470966339111328,0.0027785266797730837,0.0,0.0,0.0,1.0,PlanStatus.FAIL,20,0.1811898191103693,-0.033437845705728365,False,49.285011672906705,0.32065361153082345,0.03607389449163737,0.66502058051076,0.0,4.5,False,7.685499964281917,20,0.1811898191103693,-0.033437845705728365,0.1,60,-64.6448745727539,24.470966339111328,0.004348799008236361,0.0,-51.37001874156735,24.541289649339756,0.0027790104050888476,4.425000000000005,1,"[{""id"": 50, ""x"": -110.234375, ""y"": -3.09511399269104, ""vx"": -0.024252133443951607, ""vy"": 3.3499815464019775, ""r"": 2.5906050205230713}]"
43,2.15,-64.6448745727539,24.470966339111328,0.0027785266797730837,0.0,0.0,0.0,1.0,PlanStatus.FAIL,20,0.1811898191103693,-0.033437845705728365,False,49.19330812127774,0.32065361153082345,0.03607389449163737,0.6650394916471926,0.0,4.5,False,7.615899899974465,20,0.1811898191103693,-0.033437845705728365,0.1,60,-64.6448745727539,24.470966339111328,0.004348799008236361,0.0,-51.37001874156735,24.541289649339756,0.0027790104050888476,4.425000000000005,1,"[{""id"": 50, ""x"": -110.23532104492188, ""y"": -2.9158883094787598, ""vx"": -0.02685217745602131, ""vy"": 3.700315237045288, ""r"": 2.5906050205230713}]"
44,2.2,-64.6448745727539,24.470966339111328,0.0027785266797730837,0.0,0.0,0.0,1.0,PlanStatus.FAIL,20,0.1811898191103693,-0.033437845705728365,False,49.09889926219553,0.32065361153082345,0.03607389449163737,0.6650590344700558,0.0,4.5,False,7.711400045081973,20,0.1811898191103693,-0.033437845705728365,0.1,60,-64.6448745727539,24.470966339111328,0.004348799008236361,0.0,-51.37001874156735,24.541289649339756,0.0027790104050888476,4.425000000000005,1,"[{""id"": 50, ""x"": -110.23641204833984, ""y"": -2.7302684783935547, ""vx"": -0.02574048936367035, ""vy"": 3.673738718032837, ""r"": 2.5906050205230713}]"
45,2.25,-64.6448745727539,24.470966339111328,0.0027785266797730837,0.0,0.0,0.0,1.0,PlanStatus.FAIL,20,0.1811898191103693,-0.033437845705728365,False,48.99911690560065,0.32065361153082345,0.03607389449163737,0.665079771475595,0.0,4.5,False,7.602799916639924,20,0.1811898191103693,-0.033437845705728365,0.1,60,-64.6448745727539,24.470966339111328,0.004348799008236361,0.0,-51.37001874156735,24.541289649339756,0.0027790104050888476,4.425000000000005,1,"[{""id"": 50, ""x"": -110.23766326904297, ""y"": -2.5328898429870605, ""vx"": -0.029511047527194023, ""vy"": 4.09928035736084, ""r"": 2.5906050205230713}]"
46,2.3000000000000003,-64.6448745727539,24.470966339111328,0.0027785266797730837,0.0,0.0,0.0,1.0,PlanStatus.FAIL,20,0.1811898191103693,-0.033437845705728365,False,48.89505305967937,0.32065361153082345,0.03607389449163737,0.6651014884318501,0.0,4.5,False,7.340600015595555,20,0.1811898191103693,-0.033437845705728365,0.1,60,-64.6448745727539,24.470966339111328,0.004348799008236361,0.0,-51.37001874156735,24.541289649339756,0.0027790104050888476,4.425000000000005,1,"[{""id"": 50, ""x"": -110.23921966552734, ""y"": -2.3254611492156982, ""vx"": -0.029931746423244476, ""vy"": 4.128468990325928, ""r"": 2.5906050205230713}]"
47,2.35,-64.6448745727539,24.470966339111328,0.0027785266797730837,0.0,0.0,0.0,1.0,PlanStatus.FAIL,20,0.1811898191103693,-0.033437845705728365,False,48.784893009625755,0.32065361153082345,0.03607389449163737,0.6651245785452629,0.0,4.5,False,7.141799898818135,20,0.1811898191103693,-0.033437845705728365,0.1,60,-64.6448745727539,24.470966339111328,0.004348799008236361,0.0,-51.37001874156735,24.541289649339756,0.0027790104050888476,4.425000000000005,1,"[{""id"": 50, ""x"": -110.24076843261719, ""y"": -2.1047303676605225, ""vx"": -0.03400830551981926, ""vy"": 4.556008338928223, ""r"": 2.5906050205230713}]"
48,2.4000000000000004,-64.6448745727539,24.470966339111328,0.0027785266797730837,0.0,0.0,0.0,1.0,PlanStatus.FAIL,20,0.1811898191103693,-0.033437845705728365,False,48.67075439586104,0.32065361153082345,0.03607389449163737,0.6651486128375317,0.0,4.5,False,8.534900145605206,20,0.1811898191103693,-0.033437845705728365,0.1,60,-64.6448745727539,24.470966339111328,0.004348799008236361,0.0,-51.37001874156735,24.541289649339756,0.0027790104050888476,4.425000000000005,1,"[{""id"": 50, ""x"": -110.24272155761719, ""y"": -1.8739596605300903, ""vx"": -0.03563447296619415, ""vy"": 4.689751625061035, ""r"": 2.5906050205230713}]"
49,2.45,-64.6448745727539,24.470966339111328,0.0027785266797730837,0.0,0.0,0.0,1.0,PlanStatus.FAIL,20,0.1811898191103693,-0.033437845705728365,False,48.55461781031286,0.32065361153082345,0.03607389449163737,0.6651731838228602,0.0,4.5,False,7.214399985969067,20,0.1811898191103693,-0.033437845705728365,0.1,60,-64.6448745727539,24.470966339111328,0.004348799008236361,0.0,-51.37001874156735,24.541289649339756,0.0027790104050888476,4.425000000000005,1,"[{""id"": 50, ""x"": -110.24484252929688, ""y"": -1.6373343467712402, ""vx"": -0.03472480550408363, ""vy"": 4.763214111328125, ""r"": 2.5906050205230713}]"
50,2.5,-64.6448745727539,24.470966339111328,0.0027785266797730837,0.0,0.0,0.0,1.0,PlanStatus.FAIL,20,0.1811898191103693,-0.033437845705728365,False,48.45352407383395,0.32065361153082345,0.03607389449163737,0.6651946680846821,0.0,4.5,False,7.982200011610985,20,0.1811898191103693,-0.033437845705728365,0.1,60,-64.6448745727539,24.470966339111328,0.004348799008236361,0.0,-51.37001874156735,24.541289649339756,0.0027790104050888476,4.425000000000005,1,"[{""id"": 50, ""x"": -110.24651336669922, ""y"": -1.4303312301635742, ""vx"": -0.025897208601236343, ""vy"": 3.655123710632324, ""r"": 2.5906050205230713}]"
51,2.5500000000000003,-64.6448745727539,24.470966339111328,0.0027785266797730837,0.0,0.0,0.0,1.0,PlanStatus.FAIL,20,0.1811898191103693,-0.033437845705728365,False,48.38275822231742,0.32065361153082345,0.03607389449163737,0.6652097605369033,0.0,4.5,False,8.01389990374446,20,0.1811898191103693,-0.033437845705728365,0.1,60,-64.6448745727539,24.470966339111328,0.004348799008236361,0.0,-51.37001874156735,24.541289649339756,0.0027790104050888476,4.425000000000005,1,"[{""id"": 50, ""x"": -110.24747467041016, ""y"": -1.285043478012085, ""vx"": -0.015617010183632374, ""vy"": 2.3738629817962646, ""r"": 2.5906050205230713}]"
52,2.6,-64.6448745727539,24.470966339111328,0.0027785266797730837,0.0,0.0,0.0,1.0,PlanStatus.FAIL,20,0.1811898191103693,-0.033437845705728365,False,48.33343051912644,0.32065361153082345,0.03607389449163737,0.6652203069479312,0.0,4.5,False,8.697199868038297,20,0.1811898191103693,-0.033437845705728365,0.1,60,-64.6448745727539,24.470966339111328,0.004348799008236361,0.0,-51.37001874156735,24.541289649339756,0.0027790104050888476,4.425000000000005,1,"[{""id"": 50, ""x"": -110.24807739257812, ""y"": -1.183518409729004, ""vx"": -0.015752462670207024, ""vy"": 2.2047133445739746, ""r"": 2.5906050205230713}]"
53,2.6500000000000004,-64.6448745727539,24.470966339111328,0.0027785266797730837,0.0,0.0,0.0,1.0,PlanStatus.FAIL,20,0.1811898191103693,-0.033437845705728365,False,48.28009666449148,0.32065361153082345,0.03607389449163737,0.6652317341325776,0.0,4.5,False,8.1751998513937,20,0.1811898191103693,-0.033437845705728365,0.1,60,-64.6448745727539,24.470966339111328,0.004348799008236361,0.0,-51.37001874156735,24.541289649339756,0.0027790104050888476,4.425000000000005,1,"[{""id"": 50, ""x"": -110.2489013671875, ""y"": -1.0730935335159302, ""vx"": -0.016681058332324028, ""vy"": 2.253458023071289, ""r"": 2.5906050205230713}]"
54,2.7,-64.6448745727539,24.470966339111328,0.0027785266797730837,0.0,0.0,0.0,1.0,PlanStatus.FAIL,20,0.1811898191103693,-0.033437845705728365,False,48.221841388802375,0.32065361153082345,0.03607389449163737,0.6652442446520646,0.0,4.5,False,7.715000072494149,20,0.1811898191103693,-0.033437845705728365,0.1,60,-64.6448745727539,24.470966339111328,0.004348799008236361,0.0,-51.37001874156735,24.541289649339756,0.0027790104050888476,4.425000000000005,1,"[{""id"": 50, ""x"": -110.25004577636719, ""y"": -0.9516204595565796, ""vx"": -0.02379518933594227, ""vy"": 2.565993547439575, ""r"": 2.5906050205230713}]"
55,2.75,-64.6448745727539,24.470966339111328,0.0027785266797730837,0.0,0.0,0.0,1.0,PlanStatus.FAIL,20,0.1811898191103693,-0.033437845705728365,False,48.15960412559571,0.32065361153082345,0.03607389449163737,0.6652576437564004,0.0,4.5,False,7.479199906811118,20,0.1811898191103693,-0.033437845705728365,0.1,60,-64.6448745727539,24.470966339111328,0.004348799008236361,0.0,-51.37001874156735,24.541289649339756,0.0027790104050888476,4.425000000000005,1,"[{""id"": 50, ""x"": -110.25150299072266, ""y"": -0.8209248185157776, ""vx"": -0.02487032115459442, ""vy"": 2.667043924331665, ""r"": 2.5906050205230713}]"
56,2.8000000000000003,-64.6448745727539,24.470966339111328,0.0027785266797730837,0.0,0.0,0.0,1.0,PlanStatus.FAIL,20,0.1811898191103693,-0.033437845705728365,False,48.09153404988698,0.32065361153082345,0.03607389449163737,0.6652723383185746,0.0,4.5,False,6.86129997484386,20,0.1811898191103693,-0.033437845705728365,0.1,60,-64.6448745727539,24.470966339111328,0.004348799008236361,0.0,-51.37001874156735,24.541289649339756,0.0027790104050888476,4.425000000000005,1,"[{""id"": 50, ""x"": -110.25293731689453, ""y"": -0.6776682734489441, ""vx"": -0.0288331788033247, ""vy"": 3.022228956222534, ""r"": 2.5906050205230713}]"
57,2.85,-64.6448745727539,24.470966339111328,0.0027785266797730837,0.0,0.0,0.0,1.0,PlanStatus.FAIL,20,0.1811898191103693,-0.033437845705728365,False,48.01861763367673,0.32065361153082345,0.03607389449163737,0.6652881252950155,0.0,4.5,False,7.806100184097886,20,0.1811898191103693,-0.033437845705728365,0.1,60,-64.6448745727539,24.470966339111328,0.004348799008236361,0.0,-51.37001874156735,24.541289649339756,0.0027790104050888476,4.425000000000005,1,"[{""id"": 50, ""x"": -110.25454711914062, ""y"": -0.5233732461929321, ""vx"": -0.032849762588739395, ""vy"": 3.190070390701294, ""r"": 2.5906050205230713}]"
58,2.9000000000000004,-64.6448745727539,24.470966339111328,0.0027785266797730837,0.0,0.0,0.0,1.0,PlanStatus.FAIL,20,0.1811898191103693,-0.033437845705728365,False,47.93707707096947,0.32065361153082345,0.03607389449163737,0.6653058363487889,0.0,4.5,False,7.931799860671163,20,0.1811898191103693,-0.033437845705728365,0.1,60,-64.6448745727539,24.470966339111328,0.004348799008236361,0.0,-51.37001874156735,24.541289649339756,0.0027790104050888476,4.425000000000005,1,"[{""id"": 50, ""x"": -110.25645446777344, ""y"": -0.34974974393844604, ""vx"": -0.03583728149533272, ""vy"": 3.623605966567993, ""r"": 2.5906050205230713}]"
59,2.95,-64.6448745727539,24.470966339111328,0.0027785266797730837,0.0,0.0,0.0,1.0,PlanStatus.FAIL,20,0.1811898191103693,-0.033437845705728365,False,47.851285970079985,0.32065361153082345,0.03607389449163737,0.6653245358036726,0.0,4.5,False,8.573699975386262,20,0.1811898191103693,-0.033437845705728365,0.1,60,-64.6448745727539,24.470966339111328,0.004348799008236361,0.0,-51.37001874156735,24.541289649339756,0.0027790104050888476,4.425000000000005,1,"[{""id"": 50, ""x"": -110.2590103149414, ""y"": -0.16502931714057922, ""vx"": -0.0363786555826664, ""vy"": 3.769761562347412, ""r"": 2.5906050205230713}]"
60,3.0,-64.6448745727539,24.470966339111328,0.0027785266797730837,0.0,0.0,0.0,1.0,PlanStatus.FAIL,20,0.1811898191103693,-0.033437845705728365,False,47.75844108103315,0.32065361153082345,0.03607389449163737,0.6653448484300689,0.0,4.5,False,8.28960002399981,20,0.1811898191103693,-0.033437845705728365,0.1,60,-64.6448745727539,24.470966339111328,0.004348799008236361,0.0,-51.37001874156735,24.541289649339756,0.0027790104050888476,4.425000000000005,1,"[{""id"": 50, ""x"": -110.26119995117188, ""y"": 0.03503723070025444, ""vx"": -0.042608316987752914, ""vy"": 4.178536891937256, ""r"": 2.5906050205230713}]"
61,3.0500000000000003,-64.6448745727539,24.470966339111328,0.0027785266797730837,0.0,0.0,0.0,1.0,PlanStatus.FAIL,20,0.1811898191103693,-0.033437845705728365,False,47.659544986245606,0.32065361153082345,0.03607389449163737,0.6653665719855305,0.0,4.5,False,9.005700005218387,20,0.1811898191103693,-0.033437845705728365,0.1,60,-64.6448745727539,24.470966339111328,0.004348799008236361,0.0,-51.37001874156735,24.541289649339756,0.0027790104050888476,4.425000000000005,1,"[{""id"": 50, ""x"": -110.26372528076172, ""y"": 0.24993300437927246, ""vx"": -0.041852422058582306, ""vy"": 4.3910675048828125, ""r"": 2.5906050205230713}]"
62,3.1,-64.6448745727539,24.470966339111328,0.0027785266797730837,0.0,0.0,0.0,1.0,PlanStatus.FAIL,20,0.1811898191103693,-0.033437845705728365,False,47.553401398872026,0.32065361153082345,0.03607389449163737,0.6653899880574079,0.0,4.5,False,9.152500191703439,20,0.1811898191103693,-0.033437845705728365,0.1,60,-64.6448745727539,24.470966339111328,0.004348799008236361,0.0,-51.37001874156735,24.541289649339756,0.0027790104050888476,4.425000000000005,1,"[{""id"": 50, ""x"": -110.26594543457031, ""y"": 0.48133334517478943, ""vx"": -0.047039225697517395, ""vy"": 4.801023006439209, ""r"": 2.5906050205230713}]"
63,3.1500000000000004,-64.6448745727539,24.470966339111328,0.0027785266797730837,0.0,0.0,0.0,1.0,PlanStatus.FAIL,20,0.1811898191103693,-0.033437845705728365,False,47.44099293841215,0.32065361153082345,0.03607389449163737,0.6654149004454697,0.0,4.5,False,8.777500130236149,20,0.1811898191103693,-0.033437845705728365,0.1,60,-64.6448745727539,24.470966339111328,0.004348799008236361,0.0,-51.37001874156735,24.541289649339756,0.0027790104050888476,4.425000000000005,1,"[{""id"": 50, ""x"": -110.26832580566406, ""y"": 0.7283892631530762, ""vx"": -0.04522565379738808, ""vy"": 5.047502040863037, ""r"": 2.5906050205230713}]"
64,3.2,-64.6448745727539,24.470966339111328,0.0027785266797730837,0.0,0.0,0.0,1.0,PlanStatus.FAIL,20,0.1811898191103693,-0.033437845705728365,False,47.324973920072836,0.32065361153082345,0.03607389449163737,0.6654407371254658,0.0,4.5,False,8.507199818268418,20,0.1811898191103693,-0.033437845705728365,0.1,60,-64.6448745727539,24.470966339111328,0.004348799008236361,0.0,-51.37001874156735,24.541289649339756,0.0027790104050888476,4.425000000000005,1,"[{""id"": 50, ""x"": -110.2704849243164, ""y"": 0.9849636554718018, ""vx"": -0.047615714371204376, ""vy"": 5.193605422973633, ""r"": 2.5906050205230713}]"
65,3.25,-64.6448745727539,24.470966339111328,0.0027785266797730837,0.0,0.0,0.0,1.0,PlanStatus.FAIL,20,0.1811898191103693,-0.033437845705728365,False,47.210986191102116,0.32065361153082345,0.03607389449163737,0.6654662451175737,0.0,4.5,False,9.33089992031455,20,0.1811898191103693,-0.033437845705728365,0.1,60,-64.6448745727539,24.470966339111328,0.004348799008236361,0.0,-51.37001874156735,24.541289649339756,0.0027790104050888476,4.425000000000005,1,"[{""id"": 50, ""x"": -110.27268981933594, ""y"": 1.2394055128097534, ""vx"": -0.04497775807976723, ""vy"": 5.023390769958496, ""r"": 2.5906050205230713}]"
66,3.3000000000000003,-64.6448745727539,24.470966339111328,0.0027785266797730837,0.0,0.0,0.0,1.0,PlanStatus.FAIL,20,0.1811898191103693,-0.033437845705728365,False,47.093631978755084,0.32065361153082345,0.03607389449163737,0.665492635458964,0.0,4.5,False,8.479499956592917,20,0.1811898191103693,-0.033437845705728365,0.1,60,-64.6448745727539,24.470966339111328,0.004348799008236361,0.0,-51.37001874156735,24.541289649339756,0.0027790104050888476,4.425000000000005,1,"[{""id"": 50, ""x"": -110.27460479736328, ""y"": 1.503010630607605, ""vx"": -0.04844110831618309, ""vy"": 5.545303821563721, ""r"": 2.5906050205230713}]"
67,3.35,-64.6448745727539,24.470966339111328,0.0027785266797730837,0.0,0.0,0.0,1.0,PlanStatus.FAIL,20,0.1811898191103693,-0.033437845705728365,False,46.960717729055894,0.32065361153082345,0.03607389449163737,0.6655226841921252,0.0,4.5,False,6.882000016048551,20,0.1811898191103693,-0.033437845705728365,0.1,60,-64.6448745727539,24.470966339111328,0.004348799008236361,0.0,-51.37001874156735,24.541289649339756,0.0027790104050888476,4.425000000000005,1,"[{""id"": 50, ""x"": -110.27688598632812, ""y"": 1.8047618865966797, ""vx"": -0.05455109477043152, ""vy"": 6.347545146942139, ""r"": 2.5906050205230713}]"
68,3.4000000000000004,-64.6448745727539,24.470966339111328,0.0027785266797730837,0.0,0.0,0.0,1.0,PlanStatus.FAIL,20,0.1811898191103693,-0.033437845705728365,False,46.81550660625745,0.32065361153082345,0.03607389449163737,0.665555707981826,0.0,4.5,False,7.053100038319826,20,0.1811898191103693,-0.033437845705728365,0.1,60,-64.6448745727539,24.470966339111328,0.004348799008236361,0.0,-51.37001874156735,24.541289649339756,0.0027790104050888476,4.425000000000005,1,"[{""id"": 50, ""x"": -110.27957153320312, ""y"": 2.1385815143585205, ""vx"": -0.0598970390856266, ""vy"": 6.84779691696167, ""r"": 2.5906050205230713}]"
69,3.45,-64.6448745727539,24.470966339111328,0.0027785266797730837,0.0,0.0,0.0,1.0,PlanStatus.FAIL,20,0.1811898191103693,-0.033437845705728365,False,46.6630522583186,0.32065361153082345,0.03607389449163737,0.6655906001828034,0.0,4.5,False,8.263200055807829,20,0.1811898191103693,-0.033437845705728365,0.1,60,-64.6448745727539,24.470966339111328,0.004348799008236361,0.0,-51.37001874156735,24.541289649339756,0.0027790104050888476,4.425000000000005,1,"[{""id"": 50, ""x"": -110.28250885009766, ""y"": 2.493720531463623, ""vx"": -0.0647403821349144, ""vy"": 7.274416923522949, ""r"": 2.5906050205230713}]"
70,3.5,-64.6448745727539,24.470966339111328,0.0027785266797730837,0.0,0.0,0.0,1.0,PlanStatus.FAIL,20,0.1811898191103693,-0.033437845705728365,False,46.50578039372417,0.32065361153082345,0.03607389449163737,0.6656268346863542,0.0,4.5,False,7.240900071337819,20,0.1811898191103693,-0.033437845705728365,0.1,60,-64.6448745727539,24.470966339111328,0.004348799008236361,0.0,-51.37001874156735,24.541289649339756,0.0027790104050888476,4.425000000000005,1,"[{""id"": 50, ""x"": -110.28564453125, ""y"": 2.8652944564819336, ""vx"": -0.06699062883853912, ""vy"": 7.535202980041504, ""r"": 2.5906050205230713}]"
71,3.5500000000000003,-64.6448745727539,24.470966339111328,0.0027785266797730837,0.0,0.0,0.0,1.0,PlanStatus.FAIL,20,0.1811898191103693,-0.033437845705728365,False,46.34422587603899,0.32065361153082345,0.03607389449163737,0.6656643119465,0.0,4.5,False,6.879299879074097,20,0.1811898191103693,-0.033437845705728365,0.1,60,-64.6448745727539,24.470966339111328,0.004348799008236361,0.0,-51.37001874156735,24.541289649339756,0.0027790104050888476,4.425000000000005,1,"[{""id"": 50, ""x"": -110.2889633178711, ""y"": 3.252758026123047, ""vx"": -0.07070300728082657, ""vy"": 7.889702796936035, ""r"": 2.5906050205230713}]"
72,3.6,-64.6448745727539,24.470966339111328,0.0027785266797730837,0.0,0.0,0.0,1.0,PlanStatus.FAIL,20,0.1811898191103693,-0.033437845705728365,False,46.17978516102483,0.32065361153082345,0.03607389449163737,0.6657027280263308,0.0,4.5,False,6.875300081446767,20,0.1811898191103693,-0.033437845705728365,0.1,60,-64.6448745727539,24.470966339111328,0.004348799008236361,0.0,-51.37001874156735,24.541289649339756,0.0027790104050888476,4.425000000000005,1,"[{""id"": 50, ""x"": -110.2924575805664, ""y"": 3.6535165309906006, ""vx"": -0.07318604737520218, ""vy"": 8.092851638793945, ""r"": 2.5906050205230713}]"
73,3.6500000000000004,-64.6448745727539,24.470966339111328,0.0027785266797730837,0.0,0.0,0.0,1.0,PlanStatus.FAIL,20,0.1811898191103693,-0.033437845705728365,False,46.01351204041484,0.32065361153082345,0.03607389449163737,0.6657418513658588,0.0,4.5,False,6.810000166296959,20,0.1811898191103693,-0.033437845705728365,0.1,60,-64.6448745727539,24.470966339111328,0.004348799008236361,0.0,-51.37001874156735,24.541289649339756,0.0027790104050888476,4.425000000000005,1,"[{""id"": 50, ""x"": -110.29610443115234, ""y"": 4.06564998626709, ""vx"": -0.07604937255382538, ""vy"": 8.330617904663086, ""r"": 2.5906050205230713}]"
74,3.7,-64.6448745727539,24.470966339111328,0.0027785266797730837,0.0,0.0,0.0,1.0,PlanStatus.FAIL,20,0.1811898191103693,-0.033437845705728365,False,45.84796129696881,0.32065361153082345,0.03607389449163737,0.6657810866513981,0.0,4.5,False,7.117799948900938,20,0.1811898191103693,-0.033437845705728365,0.1,60,-64.6448745727539,24.470966339111328,0.004348799008236361,0.0,-51.37001874156735,24.541289649339756,0.0027790104050888476,4.425000000000005,1,"[{""id"": 50, ""x"": -110.29998016357422, ""y"": 4.483619689941406, ""vx"": -0.08189170062541962, ""vy"": 8.368595123291016, ""r"": 2.5906050205230713}]"
75,3.75,-64.6448745727539,24.470966339111328,0.0027785266797730837,0.0,0.0,0.0,1.0,PlanStatus.FAIL,20,0.1811898191103693,-0.033437845705728365,False,45.684801956570986,0.32065361153082345,0.03607389449163737,0.6658200333985649,0.0,4.5,False,6.841800175607204,20,0.1811898191103693,-0.033437845705728365,0.1,60,-64.6448745727539,24.470966339111328,0.004348799008236361,0.0,-51.37001874156735,24.541289649339756,0.0027790104050888476,4.425000000000005,1,"[{""id"": 50, ""x"": -110.30399322509766, ""y"": 4.903367042541504, ""vx"": -0.08402140438556671, ""vy"": 8.406697273254395, ""r"": 2.5906050205230713}]"
76,3.8000000000000003,-64.6448745727539,24.470966339111328,0.0027785266797730837,0.0,0.0,0.0,1.0,PlanStatus.FAIL,20,0.1811898191103693,-0.033437845705728365,False,45.5259511826585,0.32065361153082345,0.03607389449163737,0.6658582198690262,0.0,4.5,False,7.479700027033687,20,0.1811898191103693,-0.033437845705728365,0.1,60,-64.6448745727539,24.470966339111328,0.004348799008236361,0.0,-51.37001874156735,24.541289649339756,0.0027790104050888476,4.425000000000005,1,"[{""id"": 50, ""x"": -110.30805206298828, ""y"": 5.319894313812256, ""vx"": -0.08367159962654114, ""vy"": 8.27599811553955, ""r"": 2.5906050205230713}]"
77,3.85,-64.6448745727539,24.470966339111328,0.0027785266797730837,0.0,0.0,0.0,1.0,PlanStatus.FAIL,20,0.1811898191103693,-0.033437845705728365,False,45.371769645324925,0.32065361153082345,0.03607389449163737,0.6658955396011673,0.0,4.5,False,7.263100007548928,20,0.1811898191103693,-0.033437845705728365,0.1,60,-64.6448745727539,24.470966339111328,0.004348799008236361,0.0,-51.37001874156735,24.541289649339756,0.0027790104050888476,4.425000000000005,1,"[{""id"": 50, ""x"": -110.3121566772461, ""y"": 5.732146263122559, ""vx"": -0.08457605540752411, ""vy"": 8.22879409790039, ""r"": 2.5906050205230713}]"
78,3.9000000000000004,-64.6448745727539,24.470966339111328,0.0027785266797730837,0.0,0.0,0.0,1.0,PlanStatus.FAIL,20,0.1811898191103693,-0.033437845705728365,False,45.22271424233684,0.32065361153082345,0.03607389449163737,0.6659318604683346,0.0,4.5,False,8.701200131326914,20,0.1811898191103693,-0.033437845705728365,0.1,60,-64.6448745727539,24.470966339111328,0.004348799008236361,0.0,-51.37001874156735,24.541289649339756,0.0027790104050888476,4.425000000000005,1,"[{""id"": 50, ""x"": -110.31624603271484, ""y"": 6.13857364654541, ""vx"": -0.08291264623403549, ""vy"": 8.064800262451172, ""r"": 2.5906050205230713}]"
79,3.95,-64.6448745727539,24.470966339111328,0.0027785266797730837,0.0,0.0,0.0,1.0,PlanStatus.FAIL,20,0.1811898191103693,-0.033437845705728365,False,45.0782995916404,0.32065361153082345,0.03607389449163737,0.6659672795967944,0.0,4.5,False,6.992900045588613,20,0.1811898191103693,-0.033437845705728365,0.1,60,-64.6448745727539,24.470966339111328,0.004348799008236361,0.0,-51.37001874156735,24.541289649339756,0.0027790104050888476,4.425000000000005,1,"[{""id"": 50, ""x"": -110.3202896118164, ""y"": 6.540158748626709, ""vx"": -0.08191139996051788, ""vy"": 8.015191078186035, ""r"": 2.5906050205230713}]"
80,4.0,-64.6448745727539,24.470966339111328,0.0027785266797730837,0.0,0.0,0.0,1.0,PlanStatus.FAIL,20,0.1811898191103693,-0.033437845705728365,False,44.93856307500861,0.32065361153082345,0.03607389449163737,0.6660017680654878,0.0,4.5,False,7.135799853131175,20,0.1811898191103693,-0.033437845705728365,0.1,60,-64.6448745727539,24.470966339111328,0.004348799008236361,0.0,-51.37001874156735,24.541289649339756,0.0027790104050888476,4.425000000000005,1,"[{""id"": 50, ""x"": -110.32433319091797, ""y"": 6.9366984367370605, ""vx"": -0.08185075223445892, ""vy"": 7.8810601234436035, ""r"": 2.5906050205230713}]"
81,4.05,-64.6448745727539,24.470966339111328,0.0027785266797730837,0.0,0.0,0.0,1.0,PlanStatus.FAIL,20,0.1811898191103693,-0.033437845705728365,False,44.80245454572562,0.32065361153082345,0.03607389449163737,0.6660355679330501,0.0,4.5,False,7.8379998449236155,20,0.1811898191103693,-0.033437845705728365,0.1,60,-64.6448745727539,24.470966339111328,0.004348799008236361,0.0,-51.37001874156735,24.541289649339756,0.0027790104050888476,4.425000000000005,1,"[{""id"": 50, ""x"": -110.3283462524414, ""y"": 7.330864906311035, ""vx"": -0.0804641917347908, ""vy"": 7.891282081604004, ""r"": 2.5906050205230713}]"
82,4.1000000000000005,-64.6448745727539,24.470966339111328,0.0027785266797730837,0.0,0.0,0.0,1.0,PlanStatus.FAIL,20,0.1811898191103693,-0.033437845705728365,False,44.6696487801413,0.32065361153082345,0.03607389449163737,0.6660687461599369,0.0,4.5,False,7.319299969822168,20,0.1811898191103693,-0.033437845705728365,0.1,60,-64.6448745727539,24.470966339111328,0.004348799008236361,0.0,-51.37001874156735,24.541289649339756,0.0027790104050888476,4.425000000000005,1,"[{""id"": 50, ""x"": -110.33234405517578, ""y"": 7.723565578460693, ""vx"": -0.08000157028436661, ""vy"": 7.834659099578857, ""r"": 2.5906050205230713}]"
83,4.15,-64.6448745727539,24.470966339111328,0.0027785266797730837,0.0,0.0,0.0,1.0,PlanStatus.FAIL,20,0.1811898191103693,-0.033437845705728365,False,44.539112003850654,0.32065361153082345,0.03607389449163737,0.6661015503502452,0.0,4.5,False,7.703700102865696,20,0.1811898191103693,-0.033437845705728365,0.1,60,-64.6448745727539,24.470966339111328,0.004348799008236361,0.0,-51.37001874156735,24.541289649339756,0.0027790104050888476,4.425000000000005,1,"[{""id"": 50, ""x"": -110.33636474609375, ""y"": 8.117949485778809, ""vx"": -0.08109977841377258, ""vy"": 7.928018093109131, ""r"": 2.5906050205230713}]"
84,4.2,-64.6448745727539,24.470966339111328,0.0027785266797730837,0.0,0.0,0.0,1.0,PlanStatus.FAIL,20,0.1811898191103693,-0.033437845705728365,False,44.41067777373637,0.32065361153082345,0.03607389449163737,0.6661340143709071,0.0,4.5,False,7.303300080820918,20,0.1811898191103693,-0.033437845705728365,0.1,60,-64.6448745727539,24.470966339111328,0.004348799008236361,0.0,-51.37001874156735,24.541289649339756,0.0027790104050888476,4.425000000000005,1,"[{""id"": 50, ""x"": -110.34042358398438, ""y"": 8.514745712280273, ""vx"": -0.08135361224412918, ""vy"": 7.94162130355835, ""r"": 2.5906050205230713}]"
85,4.25,-64.6448745727539,24.470966339111328,0.0027785266797730837,0.0,0.0,0.0,1.0,PlanStatus.FAIL,20,0.1811898191103693,-0.033437845705728365,False,44.283875193989836,0.32065361153082345,0.03607389449163737,0.6661662506931388,0.0,4.5,False,7.768500130623579,20,0.1811898191103693,-0.033437845705728365,0.1,60,-64.6448745727539,24.470966339111328,0.004348799008236361,0.0,-51.37001874156735,24.541289649339756,0.0027790104050888476,4.425000000000005,1,"[{""id"": 50, ""x"": -110.34453582763672, ""y"": 8.91569709777832, ""vx"": -0.0827469676733017, ""vy"": 8.069074630737305, ""r"": 2.5906050205230713}]"
86,4.3,-64.6448745727539,24.470966339111328,0.0027785266797730837,0.0,0.0,0.0,1.0,PlanStatus.FAIL,20,0.1811898191103693,-0.033437845705728365,False,44.15925765161407,0.32065361153082345,0.03607389449163737,0.666198111895636,0.0,4.5,False,7.96840013936162,20,0.1811898191103693,-0.033437845705728365,0.1,60,-64.6448745727539,24.470966339111328,0.004348799008236361,0.0,-51.37001874156735,24.541289649339756,0.0027790104050888476,4.425000000000005,1,"[{""id"": 50, ""x"": -110.34877014160156, ""y"": 9.319622993469238, ""vx"": -0.08592256158590317, ""vy"": 8.08035945892334, ""r"": 2.5906050205230713}]"
87,4.3500000000000005,-64.6448745727539,24.470966339111328,0.0027785266797730837,0.0,0.0,0.0,1.0,PlanStatus.FAIL,20,0.1811898191103693,-0.033437845705728365,False,44.036893346075544,0.32065361153082345,0.03607389449163737,0.6662295724680487,0.0,4.5,False,7.109500002115965,20,0.1811898191103693,-0.033437845705728365,0.1,60,-64.6448745727539,24.470966339111328,0.004348799008236361,0.0,-51.37001874156735,24.541289649339756,0.0027790104050888476,4.425000000000005,1,"[{""id"": 50, ""x"": -110.35307312011719, ""y"": 9.726435661315918, ""vx"": -0.08748427778482437, ""vy"": 8.169546127319336, ""r"": 2.5906050205230713}]"
88,4.4,-64.6448745727539,24.470966339111328,0.0027785266797730837,0.0,0.0,0.0,1.0,PlanStatus.FAIL,20,0.1811898191103693,-0.033437845705728365,False,43.91748849218565,0.32065361153082345,0.03607389449163737,0.6662604411485418,0.0,4.5,False,9.836000157520175,20,0.1811898191103693,-0.033437845705728365,0.1,60,-64.6448745727539,24.470966339111328,0.004348799008236361,0.0,-51.37001874156735,24.541289649339756,0.0027790104050888476,4.425000000000005,1,"[{""id"": 50, ""x"": -110.35736083984375, ""y"": 10.133810997009277, ""vx"": -0.08535812050104141, ""vy"": 8.128376007080078, ""r"": 2.5906050205230713}]"
89,4.45,-64.6448745727539,24.470966339111328,0.0027785266797730837,0.0,0.0,0.0,1.0,PlanStatus.FAIL,20,0.1811898191103693,-0.033437845705728365,False,43.80124978086013,0.32065361153082345,0.03607389449163737,0.6662906529754982,0.0,4.5,False,7.665399927645922,20,0.1811898191103693,-0.033437845705728365,0.1,60,-64.6448745727539,24.470966339111328,0.004348799008236361,0.0,-51.37001874156735,24.541289649339756,0.0027790104050888476,4.425000000000005,1,"[{""id"": 50, ""x"": -110.3616943359375, ""y"": 10.541365623474121, ""vx"": -0.08826505392789841, ""vy"": 8.164931297302246, ""r"": 2.5906050205230713}]"
90,4.5,-64.6448745727539,24.470966339111328,0.0027785266797730837,0.0,0.0,0.0,1.0,PlanStatus.FAIL,20,0.1811898191103693,-0.033437845705728365,False,43.68872534872511,0.32065361153082345,0.03607389449163737,0.6663200525538809,0.0,4.5,False,7.594299968332052,20,0.1811898191103693,-0.033437845705728365,0.1,60,-64.6448745727539,24.470966339111328,0.004348799008236361,0.0,-51.37001874156735,24.541289649339756,0.0027790104050888476,4.425000000000005,1,"[{""id"": 50, ""x"": -110.36605072021484, ""y"": 10.947187423706055, ""vx"": -0.08744975179433823, ""vy"": 8.082464218139648, ""r"": 2.5906050205230713}]"
91,4.55,-64.6448745727539,24.470966339111328,0.0027785266797730837,0.0,0.0,0.0,1.0,PlanStatus.FAIL,20,0.1811898191103693,-0.033437845705728365,False,43.57973202254261,0.32065361153082345,0.03607389449163737,0.6663486742967145,0.0,4.5,False,8.052300196141005,20,0.1811898191103693,-0.033437845705728365,0.1,60,-64.6448745727539,24.470966339111328,0.004348799008236361,0.0,-51.37001874156735,24.541289649339756,0.0027790104050888476,4.425000000000005,1,"[{""id"": 50, ""x"": -110.37036895751953, ""y"": 11.351662635803223, ""vx"": -0.08637414127588272, ""vy"": 8.0955810546875, ""r"": 2.5906050205230713}]"
92,4.6000000000000005,-64.6448745727539,24.470966339111328,0.0027785266797730837,0.0,0.0,0.0,1.0,PlanStatus.FAIL,20,0.1811898191103693,-0.033437845705728365,False,43.474544836909544,0.32065361153082345,0.03607389449163737,0.6663764326235908,0.0,4.5,False,6.936099845916033,20,0.1811898191103693,-0.033437845705728365,0.1,60,-64.6448745727539,24.470966339111328,0.004348799008236361,0.0,-51.37001874156735,24.541289649339756,0.0027790104050888476,4.425000000000005,1,"[{""id"": 50, ""x"": -110.37464904785156, ""y"": 11.753726959228516, ""vx"": -0.08540251851081848, ""vy"": 8.005980491638184, ""r"": 2.5906050205230713}]"
93,4.65,-64.6448745727539,24.470966339111328,0.0027785266797730837,0.0,0.0,0.0,1.0,PlanStatus.FAIL,20,0.1811898191103693,-0.033437845705728365,False,43.372828109040256,0.32065361153082345,0.03607389449163737,0.6664034031608573,0.0,4.5,False,7.350299973040819,20,0.1811898191103693,-0.033437845705728365,0.1,60,-64.6448745727539,24.470966339111328,0.004348799008236361,0.0,-51.37001874156735,24.541289649339756,0.0027790104050888476,4.425000000000005,1,"[{""id"": 50, ""x"": -110.37892150878906, ""y"": 12.154645919799805, ""vx"": -0.08568616956472397, ""vy"": 8.029436111450195, ""r"": 2.5906050205230713}]"
94,4.7,-64.6448745727539,24.470966339111328,0.0027785266797730837,0.0,0.0,0.0,1.0,PlanStatus.FAIL,20,0.1811898191103693,-0.033437845705728365,False,43.27472158325966,0.32065361153082345,0.03607389449163737,0.6664295365556112,0.0,4.5,False,8.161299861967564,20,0.1811898191103693,-0.033437845705728365,0.1,60,-64.6448745727539,24.470966339111328,0.004348799008236361,0.0,-51.37001874156735,24.541289649339756,0.0027790104050888476,4.425000000000005,1,"[{""id"": 50, ""x"": -110.38323211669922, ""y"": 12.554014205932617, ""vx"": -0.08667060732841492, ""vy"": 7.960940361022949, ""r"": 2.5906050205230713}]"
95,4.75,-64.6448745727539,24.470966339111328,0.0027785266797730837,0.0,0.0,0.0,1.0,PlanStatus.FAIL,20,0.1811898191103693,-0.033437845705728365,False,43.17973838322423,0.32065361153082345,0.03607389449163737,0.6664549511052971,0.0,4.5,False,8.102400228381157,20,0.1811898191103693,-0.033437845705728365,0.1,60,-64.6448745727539,24.470966339111328,0.004348799008236361,0.0,-51.37001874156735,24.541289649339756,0.0027790104050888476,4.425000000000005,1,"[{""id"": 50, ""x"": -110.38752746582031, ""y"": 12.953544616699219, ""vx"": -0.08612322807312012, ""vy"": 8.013005256652832, ""r"": 2.5906050205230713}]"
96,4.800000000000001,-64.6448745727539,24.470966339111328,0.0027785266797730837,0.0,0.0,0.0,1.0,PlanStatus.FAIL,20,0.1811898191103693,-0.033437845705728365,False,43.0880178435795,0.32065361153082345,0.03607389449163737,0.6664795990065925,0.0,4.5,False,8.60319985076785,20,0.1811898191103693,-0.033437845705728365,0.1,60,-64.6448745727539,24.470966339111328,0.004348799008236361,0.0,-51.37001874156735,24.541289649339756,0.0027790104050888476,4.425000000000005,1,"[{""id"": 50, ""x"": -110.39186096191406, ""y"": 13.352964401245117, ""vx"": -0.08737210184335709, ""vy"": 7.9723801612854, ""r"": 2.5906050205230713}]"
97,4.8500000000000005,-64.6448745727539,24.470966339111328,0.0027785266797730837,0.0,0.0,0.0,1.0,PlanStatus.FAIL,20,0.1811898191103693,-0.033437845705728365,False,42.99921485502498,0.32065361153082345,0.03607389449163737,0.6665035630647769,0.0,4.5,False,8.274000138044357,20,0.1811898191103693,-0.033437845705728365,0.1,60,-64.6448745727539,24.470966339111328,0.004348799008236361,0.0,-51.37001874156735,24.541289649339756,0.0027790104050888476,4.425000000000005,1,"[{""id"": 50, ""x"": -110.39620971679688, ""y"": 13.75376033782959, ""vx"": -0.08703306317329407, ""vy"": 8.045960426330566, ""r"": 2.5906050205230713}]"
98,4.9,-64.6448745727539,24.470966339111328,0.0027785266797730837,0.0,0.0,0.0,1.0,PlanStatus.FAIL,20,0.1811898191103693,-0.033437845705728365,False,42.91355754566428,0.32065361153082345,0.03607389449163737,0.666526772211169,0.0,4.5,False,6.543600000441074,20,0.1811898191103693,-0.033437845705728365,0.1,60,-64.6448745727539,24.470966339111328,0.004348799008236361,0.0,-51.37001874156735,24.541289649339756,0.0027790104050888476,4.425000000000005,1,"[{""id"": 50, ""x"": -110.40059661865234, ""y"": 14.155232429504395, ""vx"": -0.08841118961572647, ""vy"": 8.017067909240723, ""r"": 2.5906050205230713}]"
99,4.95,-64.6448745727539,24.470966339111328,0.0027785266797730837,0.0,0.0,0.0,1.0,PlanStatus.FAIL,20,0.1811898191103693,-0.033437845705728365,False,42.830899049265724,0.32065361153082345,0.03607389449163737,0.6665492568303201,0.0,4.5,False,7.277500117197633,20,0.1811898191103693,-0.033437845705728365,0.1,60,-64.6448745727539,24.470966339111328,0.004348799008236361,0.0,-51.37001874156735,24.541289649339756,0.0027790104050888476,4.425000000000005,1,"[{""id"": 50, ""x"": -110.405029296875, ""y"": 14.558273315429688, ""vx"": -0.08990035206079483, ""vy"": 8.089546203613281, ""r"": 2.5906050205230713}]"
100,5.0,-64.6448745727539,24.470966339111328,0.0027785266797730837,0.0,0.0,0.0,1.0,PlanStatus.FAIL,20,0.1811898191103693,-0.033437845705728365,False,42.751500929664424,0.32065361153082345,0.03607389449163737,0.666570936435366,0.0,4.5,False,7.618300151079893,20,0.1811898191103693,-0.033437845705728365,0.1,60,-64.6448745727539,24.470966339111328,0.004348799008236361,0.0,-51.37001874156735,24.541289649339756,0.0027790104050888476,4.425000000000005,1,"[{""id"": 50, ""x"": -110.40946197509766, ""y"": 14.961654663085938, ""vx"": -0.08829811215400696, ""vy"": 8.050902366638184, ""r"": 2.5906050205230713}]"
101,5.050000000000001,-64.6448745727539,24.470966339111328,0.0027785266797730837,0.0,0.0,0.0,1.0,PlanStatus.FAIL,20,0.1811898191103693,-0.033437845705728365,False,42.675322797895475,0.32065361153082345,0.03607389449163737,0.666591812652505,0.0,4.5,False,7.921199779957533,20,0.1811898191103693,-0.033437845705728365,0.1,60,-64.6448745727539,24.470966339111328,0.004348799008236361,0.0,-51.37001874156735,24.541289649339756,0.0027790104050888476,4.425000000000005,1,"[{""id"": 50, ""x"": -110.41393280029297, ""y"": 15.36590576171875, ""vx"": -0.09070707857608795, ""vy"": 8.107338905334473, ""r"": 2.5906050205230713}]"
102,5.1000000000000005,-64.6448745727539,24.470966339111328,0.0027785266797730837,0.0,0.0,0.0,1.0,PlanStatus.FAIL,20,0.1811898191103693,-0.033437845705728365,False,42.60268791812967,0.32065361153082345,0.03607389449163737,0.6666117873881411,0.0,4.5,False,7.772499928250909,20,0.1811898191103693,-0.033437845705728365,0.1,60,-64.6448745727539,24.470966339111328,0.004348799008236361,0.0,-51.37001874156735,24.541289649339756,0.0027790104050888476,4.425000000000005,1,"[{""id"": 50, ""x"": -110.41847229003906, ""y"": 15.769661903381348, ""vx"": -0.09133840352296829, ""vy"": 8.05199909210205, ""r"": 2.5906050205230713}]"
103,5.15,-64.6448745727539,24.470966339111328,0.0027785266797730837,0.0,0.0,0.0,1.0,PlanStatus.FAIL,20,0.1811898191103693,-0.033437845705728365,False,42.53338895374515,0.32065361153082345,0.03607389449163737,0.6666309083333035,0.0,4.5,False,7.219100138172507,20,0.1811898191103693,-0.033437845705728365,0.1,60,-64.6448745727539,24.470966339111328,0.004348799008236361,0.0,-51.37001874156735,24.541289649339756,0.0027790104050888476,4.425000000000005,1,"[{""id"": 50, ""x"": -110.4229736328125, ""y"": 16.17351722717285, ""vx"": -0.09013727307319641, ""vy"": 8.094318389892578, ""r"": 2.5906050205230713}]"
104,5.2,-64.6448745727539,24.470966339111328,0.0027785266797730837,0.0,0.0,0.0,1.0,PlanStatus.FAIL,20,0.1811898191103693,-0.033437845705728365,False,42.46766907186591,0.32065361153082345,0.03607389449163737,0.6666490993900891,0.0,4.5,False,7.666299818083644,20,0.1811898191103693,-0.033437845705728365,0.1,60,-64.6448745727539,24.470966339111328,0.004348799008236361,0.0,-51.37001874156735,24.541289649339756,0.0027790104050888476,4.425000000000005,1,"[{""id"": 50, ""x"": -110.4274673461914, ""y"": 16.57632064819336, ""vx"": -0.08938752114772797, ""vy"": 8.029867172241211, ""r"": 2.5906050205230713}]"
105,5.25,-64.6448745727539,24.470966339111328,0.0027785266797730837,0.0,0.0,0.0,1.0,PlanStatus.FAIL,20,0.1811898191103693,-0.033437845705728365,False,42.405348881069266,0.32065361153082345,0.03607389449163737,0.6666664015071416,0.0,4.5,False,6.680000107735395,20,0.1811898191103693,-0.033437845705728365,0.1,60,-64.6448745727539,24.470966339111328,0.004348799008236361,0.0,-51.37001874156735,24.541289649339756,0.0027790104050888476,4.425000000000005,1,"[{""id"": 50, ""x"": -110.43193054199219, ""y"": 16.978967666625977, ""vx"": -0.0898529663681984, ""vy"": 8.069609642028809, ""r"": 2.5906050205230713}]"
106,5.300000000000001,-64.6448745727539,24.470966339111328,0.0027785266797730837,0.0,0.0,0.0,1.0,PlanStatus.FAIL,20,0.1811898191103693,-0.033437845705728365,False,42.346600957494736,0.32065361153082345,0.03607389449163737,0.6666827584761753,0.0,4.5,False,7.072299951687455,20,0.1811898191103693,-0.033437845705728365,0.1,60,-64.6448745727539,24.470966339111328,0.004348799008236361,0.0,-51.37001874156735,24.541289649339756,0.0027790104050888476,4.425000000000005,1,"[{""id"": 50, ""x"": -110.43639373779297, ""y"": 17.380590438842773, ""vx"": -0.08919921517372131, ""vy"": 8.007710456848145, ""r"": 2.5906050205230713}]"
107,5.3500000000000005,-64.6448745727539,24.470966339111328,0.0027785266797730837,0.0,0.0,0.0,1.0,PlanStatus.FAIL,20,0.1811898191103693,-0.033437845705728365,False,42.291253559076026,0.32065361153082345,0.03607389449163737,0.666698210222757,0.0,4.5,False,7.03019998036325,20,0.1811898191103693,-0.033437845705728365,0.1,60,-64.6448745727539,24.470966339111328,0.004348799008236361,0.0,-51.37001874156735,24.541289649339756,0.0027790104050888476,4.425000000000005,1,"[{""id"": 50, ""x"": -110.44086456298828, ""y"": 17.782339096069336, ""vx"": -0.08975514024496078, ""vy"": 8.054638862609863, ""r"": 2.5906050205230713}]"
108,5.4,-64.6448745727539,24.470966339111328,0.0027785266797730837,0.0,0.0,0.0,1.0,PlanStatus.FAIL,20,0.1811898191103693,-0.033437845705728365,False,42.23940641392587,0.32065361153082345,0.03607389449163737,0.666712721509934,0.0,4.5,False,6.88090012408793,20,0.1811898191103693,-0.033437845705728365,0.1,60,-64.6448745727539,24.470966339111328,0.004348799008236361,0.0,-51.37001874156735,24.541289649339756,0.0027790104050888476,4.425000000000005,1,"[{""id"": 50, ""x"": -110.44532775878906, ""y"": 18.183483123779297, ""vx"": -0.08918868750333786, ""vy"": 8.001614570617676, ""r"": 2.5906050205230713}]"
109,5.45,-64.6448745727539,24.470966339111328,0.0027785266797730837,0.0,0.0,0.0,1.0,PlanStatus.FAIL,20,0.1811898191103693,-0.033437845705728365,False,42.19091995750169,0.32065361153082345,0.03607389449163737,0.6667263244590361,0.0,4.5,False,7.3222999926656485,20,0.1811898191103693,-0.033437845705728365,0.1,60,-64.6448745727539,24.470966339111328,0.004348799008236361,0.0,-51.37001874156735,24.541289649339756,0.0027790104050888476,4.425000000000005,1,"[{""id"": 50, ""x"": -110.44979858398438, ""y"": 18.585205078125, ""vx"": -0.08982940763235092, ""vy"": 8.057490348815918, ""r"": 2.5906050205230713}]"
110,5.5,-64.6448745727539,24.470966339111328,0.0027785266797730837,0.0,0.0,0.0,1.0,PlanStatus.FAIL,20,0.1811898191103693,-0.033437845705728365,False,42.145898138236625,0.32065361153082345,0.03607389449163737,0.6667389834222663,0.0,4.5,False,7.038200041279197,20,0.1811898191103693,-0.033437845705728365,0.1,60,-64.6448745727539,24.470966339111328,0.004348799008236361,0.0,-51.37001874156735,24.541289649339756,0.0027790104050888476,4.425000000000005,1,"[{""id"": 50, ""x"": -110.45426177978516, ""y"": 18.986719131469727, ""vx"": -0.08932743221521378, ""vy"": 8.011380195617676, ""r"": 2.5906050205230713}]"
111,5.550000000000001,-64.6448745727539,24.470966339111328,0.0027785266797730837,0.0,0.0,0.0,1.0,PlanStatus.FAIL,20,0.1811898191103693,-0.033437845705728365,False,42.10426286076817,0.32065361153082345,0.03607389449163737,0.6667507142718726,0.0,4.5,False,7.034100126475096,20,0.1811898191103693,-0.033437845705728365,0.1,60,-64.6448745727539,24.470966339111328,0.004348799008236361,0.0,-51.37001874156735,24.541289649339756,0.0027790104050888476,4.425000000000005,1,"[{""id"": 50, ""x"": -110.45874786376953, ""y"": 19.38905143737793, ""vx"": -0.08999758213758469, ""vy"": 8.070843696594238, ""r"": 2.5906050205230713}]"
112,5.6000000000000005,-64.6448745727539,24.470966339111328,0.0027785266797730837,0.0,0.0,0.0,1.0,PlanStatus.FAIL,20,0.1811898191103693,-0.033437845705728365,False,42.06612569569975,0.32065361153082345,0.03607389449163737,0.6667614798954062,0.0,4.5,False,9.765600087121129,20,0.1811898191103693,-0.033437845705728365,0.1,60,-64.6448745727539,24.470966339111328,0.004348799008236361,0.0,-51.37001874156735,24.541289649339756,0.0027790104050888476,4.425000000000005,1,"[{""id"": 50, ""x"": -110.46324157714844, ""y"": 19.791255950927734, ""vx"": -0.08949120342731476, ""vy"": 8.025092124938965, ""r"": 2.5906050205230713}]"
113,5.65,-64.6448745727539,24.470966339111328,0.0027785266797730837,0.0,0.0,0.0,1.0,PlanStatus.FAIL,20,0.1811898191103693,-0.033437845705728365,False,42.031404448063654,0.32065361153082345,0.03607389449163737,0.6667712982396073,0.0,4.5,False,9.40530002117157,20,0.1811898191103693,-0.033437845705728365,0.1,60,-64.6448745727539,24.470966339111328,0.004348799008236361,0.0,-51.37001874156735,24.541289649339756,0.0027790104050888476,4.425000000000005,1,"[{""id"": 50, ""x"": -110.46773529052734, ""y"": 20.19419288635254, ""vx"": -0.09012363106012344, ""vy"": 8.081625938415527, ""r"": 2.5906050205230713}]"
114,5.7,-64.6448745727539,24.470966339111328,0.0027785266797730837,0.0,0.0,0.0,1.0,PlanStatus.FAIL,20,0.1811898191103693,-0.033437845705728365,False,42.000208145250774,0.32065361153082345,0.03607389449163737,0.6667801336578867,0.0,4.5,False,8.427399909123778,20,0.1811898191103693,-0.033437845705728365,0.1,60,-64.6448745727539,24.470966339111328,0.004348799008236361,0.0,-51.37001874156735,24.541289649339756,0.0027790104050888476,4.425000000000005,1,"[{""id"": 50, ""x"": -110.47222137451172, ""y"": 20.596797943115234, ""vx"": -0.08956409245729446, ""vy"": 8.031355857849121, ""r"": 2.5906050205230713}]"
115,5.75,-64.6448745727539,24.470966339111328,0.0027785266797730837,0.0,0.0,0.0,1.0,PlanStatus.FAIL,20,0.1811898191103693,-0.033437845705728365,False,41.97248879990309,0.32065361153082345,0.03607389449163737,0.666787995351634,0.0,4.5,False,8.846299955621362,20,0.1811898191103693,-0.033437845705728365,0.1,60,-64.6448745727539,24.470966339111328,0.004348799008236361,0.0,-51.37001874156735,24.541289649339756,0.0027790104050888476,4.425000000000005,1,"[{""id"": 50, ""x"": -110.47671508789062, ""y"": 20.999887466430664, ""vx"": -0.09013637155294418, ""vy"": 8.082625389099121, ""r"": 2.5906050205230713}]"
116,5.800000000000001,-64.6448745727539,24.470966339111328,0.0027785266797730837,0.0,0.0,0.0,1.0,PlanStatus.FAIL,20,0.1811898191103693,-0.033437845705728365,False,41.948328800752506,0.32065361153082345,0.03607389449163737,0.6667948560264296,0.0,4.5,False,8.03459994494915,20,0.1811898191103693,-0.033437845705728365,0.1,60,-64.6448745727539,24.470966339111328,0.004348799008236361,0.0,-51.37001874156735,24.541289649339756,0.0027790104050888476,4.425000000000005,1,"[{""id"": 50, ""x"": -110.48120880126953, ""y"": 21.40239906311035, ""vx"": -0.08952547609806061, ""vy"": 8.027822494506836, ""r"": 2.5906050205230713}]"
117,5.8500000000000005,-64.6448745727539,24.470966339111328,0.0027785266797730837,0.0,0.0,0.0,1.0,PlanStatus.FAIL,20,0.1811898191103693,-0.033437845705728365,False,41.92766740249539,0.32065361153082345,0.03607389449163737,0.6668007294813152,0.0,4.5,False,8.467300096526742,20,0.1811898191103693,-0.033437845705728365,0.1,60,-64.6448745727539,24.470966339111328,0.004348799008236361,0.0,-51.37001874156735,24.541289649339756,0.0027790104050888476,4.425000000000005,1,"[{""id"": 50, ""x"": -110.48570251464844, ""y"": 21.805213928222656, ""vx"": -0.09006394445896149, ""vy"": 8.076105117797852, ""r"": 2.5906050205230713}]"
118,5.9,-64.6448745727539,24.470966339111328,0.0027785266797730837,0.0,0.0,0.0,1.0,PlanStatus.FAIL,20,0.1811898191103693,-0.033437845705728365,False,41.910565180298654,0.32065361153082345,0.03607389449163737,0.6668055955429946,0.0,4.5,False,8.523199940100312,20,0.1811898191103693,-0.033437845705728365,0.1,60,-64.6448745727539,24.470966339111328,0.004348799008236361,0.0,-51.37001874156735,24.541289649339756,0.0027790104050888476,4.425000000000005,1,"[{""id"": 50, ""x"": -110.49019622802734, ""y"": 22.207361221313477, ""vx"": -0.0894392728805542, ""vy"": 8.020085334777832, ""r"": 2.5906050205230713}]"
119,5.95,-64.6448745727539,24.470966339111328,0.0027785266797730837,0.0,0.0,0.0,1.0,PlanStatus.FAIL,20,0.1811898191103693,-0.033437845705728365,False,41.896992354577975,0.32065361153082345,0.03607389449163737,0.6668094602198299,0.0,4.5,False,8.451599860563874,20,0.1811898191103693,-0.033437845705728365,0.1,60,-64.6448745727539,24.470966339111328,0.004348799008236361,0.0,-51.37001874156735,24.541289649339756,0.0027790104050888476,4.425000000000005,1,"[{""id"": 50, ""x"": -110.49471282958984, ""y"": 22.609804153442383, ""vx"": -0.09181994944810867, ""vy"": 8.069108963012695, ""r"": 2.5906050205230713}]"
120,6.0,-64.6448745727539,24.470966339111328,0.0027785266797730837,0.0,0.0,0.0,1.0,PlanStatus.FAIL,20,0.1811898191103693,-0.033437845705728365,False,41.88697285752573,0.32065361153082345,0.03607389449163737,0.6668123147416659,0.0,4.5,False,9.432800114154816,20,0.1811898191103693,-0.033437845705728365,0.1,60,-64.6448745727539,24.470966339111328,0.004348799008236361,0.0,-51.37001874156735,24.541289649339756,0.0027790104050888476,4.425000000000005,1,"[{""id"": 50, ""x"": -110.49923706054688, ""y"": 23.011653900146484, ""vx"": -0.09005492180585861, ""vy"": 8.01507568359375, ""r"": 2.5906050205230713}]"
121,6.050000000000001,-64.6448745727539,24.470966339111328,0.0027785266797730837,0.0,0.0,0.0,1.0,PlanStatus.FAIL,20,0.1811898191103693,-0.033437845705728365,False,41.88045451781548,0.32065361153082345,0.03607389449163737,0.666814172528562,0.0,4.5,False,9.722799994051456,20,0.1811898191103693,-0.033437845705728365,0.1,60,-64.6448745727539,24.470966339111328,0.004348799008236361,0.0,-51.37001874156735,24.541289649339756,0.0027790104050888476,4.425000000000005,1,"[{""id"": 50, ""x"": -110.50375366210938, ""y"": 23.413936614990234, ""vx"": -0.09056930243968964, ""vy"": 8.066944122314453, ""r"": 2.5906050205230713}]"
122,6.1000000000000005,-64.6448745727539,24.470966339111328,0.0027785266797730837,0.0,0.0,0.0,1.0,PlanStatus.FAIL,20,0.1811898191103693,-0.033437845705728365,False,41.87747050698743,0.32065361153082345,0.03607389449163737,0.6668150231921255,0.0,4.5,False,9.88209992647171,20,0.1811898191103693,-0.033437845705728365,0.1,60,-64.6448745727539,24.470966339111328,0.004348799008236361,0.0,-51.37001874156735,24.541289649339756,0.0027790104050888476,4.425000000000005,1,"[{""id"": 50, ""x"": -110.50827026367188, ""y"": 23.815765380859375, ""vx"": -0.0899806022644043, ""vy"": 8.015664100646973, ""r"": 2.5906050205230713}]"
123,6.15,-64.6448745727539,24.470966339111328,0.0027785266797730837,0.0,0.0,0.0,1.0,PlanStatus.FAIL,20,0.1811898191103693,-0.033437845705728365,False,41.87800402257336,0.32065361153082345,0.03607389449163737,0.6668148710918647,0.0,4.5,False,8.398199919611216,20,0.1811898191103693,-0.033437845705728365,0.1,60,-64.6448745727539,24.470966339111328,0.004348799008236361,0.0,-51.37001874156735,24.541289649339756,0.0027790104050888476,4.425000000000005,1,"[{""id"": 50, ""x"": -110.51278686523438, ""y"": 24.21814727783203, ""vx"": -0.09059325605630875, ""vy"": 8.06973648071289, ""r"": 2.5906050205230713}]"
124,6.2,-64.6448745727539,24.470966339111328,0.0027785266797730837,0.0,0.0,0.0,1.0,PlanStatus.FAIL,20,0.1811898191103693,-0.033437845705728365,False,41.88205886272086,0.32065361153082345,0.03607389449163737,0.666813715221829,0.0,4.5,False,9.07490006648004,20,0.1811898191103693,-0.033437845705728365,0.1,60,-64.6448745727539,24.470966339111328,0.004348799008236361,0.0,-51.37001874156735,24.541289649339756,0.0027790104050888476,4.425000000000005,1,"[{""id"": 50, ""x"": -110.51729583740234, ""y"": 24.620161056518555, ""vx"": -0.0900411307811737, ""vy"": 8.019743919372559, ""r"": 2.5906050205230713}]"
125,6.25,-64.6448745727539,24.470966339111328,0.0027785266797730837,0.0,0.0,0.0,1.0,PlanStatus.FAIL,20,0.1811898191103693,-0.033437845705728365,False,41.88965101768571,0.32065361153082345,0.03607389449163737,0.6668115516089078,0.0,4.5,False,9.995199972763658,20,0.1811898191103693,-0.033437845705728365,0.1,60,-64.6448745727539,24.470966339111328,0.004348799008236361,0.0,-51.37001874156735,24.541289649339756,0.0027790104050888476,4.425000000000005,1,"[{""id"": 50, ""x"": -110.52181243896484, ""y"": 25.022750854492188, ""vx"": -0.09065857529640198, ""vy"": 8.07395076751709, ""r"": 2.5906050205230713}]"
126,6.300000000000001,-64.6448745727539,24.470966339111328,0.0027785266797730837,0.0,0.0,0.0,1.0,PlanStatus.FAIL,20,0.1811898191103693,-0.033437845705728365,False,41.90076623275843,0.32065361153082345,0.03607389449163737,0.6668083854082453,0.0,4.5,False,8.256099885329604,20,0.1811898191103693,-0.033437845705728365,0.1,60,-64.6448745727539,24.470966339111328,0.004348799008236361,0.0,-51.37001874156735,24.541289649339756,0.0027790104050888476,4.425000000000005,1,"[{""id"": 50, ""x"": -110.52632904052734, ""y"": 25.42495346069336, ""vx"": -0.09009639173746109, ""vy"": 8.023249626159668, ""r"": 2.5906050205230713}]"
127,6.3500000000000005,-64.6448745727539,24.470966339111328,0.0027785266797730837,0.0,0.0,0.0,1.0,PlanStatus.FAIL,20,0.1811898191103693,-0.033437845705728365,False,41.91538057730646,0.32065361153082345,0.03607389449163737,0.6668042250259274,0.0,4.5,False,8.537100162357092,20,0.1811898191103693,-0.033437845705728365,0.1,60,-64.6448745727539,24.470966339111328,0.004348799008236361,0.0,-51.37001874156735,24.541289649339756,0.0027790104050888476,4.425000000000005,1,"[{""id"": 50, ""x"": -110.53080749511719, ""y"": 25.827680587768555, ""vx"": -0.08885804563760757, ""vy"": 8.076061248779297, ""r"": 2.5906050205230713}]"
128,6.4,-64.6448745727539,24.470966339111328,0.0027785266797730837,0.0,0.0,0.0,1.0,PlanStatus.FAIL,20,0.1811898191103693,-0.033437845705728365,False,41.9335121693135,0.32065361153082345,0.03607389449163737,0.6667990673913067,0.0,4.5,False,9.025499923154712,20,0.1811898191103693,-0.033437845705728365,0.1,60,-64.6448745727539,24.470966339111328,0.004348799008236361,0.0,-51.37001874156735,24.541289649339756,0.0027790104050888476,4.425000000000005,1,"[{""id"": 50, ""x"": -110.53529357910156, ""y"": 26.229938507080078, ""vx"": -0.08943769335746765, ""vy"": 8.023774147033691, ""r"": 2.5906050205230713}]"
129,6.45,-64.6448745727539,24.470966339111328,0.0027785266797730837,0.0,0.0,0.0,1.0,PlanStatus.FAIL,20,0.1811898191103693,-0.033437845705728365,False,41.955180236418805,0.32065361153082345,0.03607389449163737,0.666792909633001,0.0,4.5,False,8.97140009328723,20,0.1811898191103693,-0.033437845705728365,0.1,60,-64.6448745727539,24.470966339111328,0.004348799008236361,0.0,-51.37001874156735,24.541289649339756,0.0027790104050888476,4.425000000000005,1,"[{""id"": 50, ""x"": -110.53977966308594, ""y"": 26.632648468017578, ""vx"": -0.09008032828569412, ""vy"": 8.075119018554688, ""r"": 2.5906050205230713}]"
130,6.5,-64.6448745727539,24.470966339111328,0.0027785266797730837,0.0,0.0,0.0,1.0,PlanStatus.FAIL,20,0.1811898191103693,-0.033437845705728365,False,41.980351992586435,0.32065361153082345,0.03607389449163737,0.666785764157124,0.0,4.5,False,9.44049982354045,20,0.1811898191103693,-0.033437845705728365,0.1,60,-64.6448745727539,24.470966339111328,0.004348799008236361,0.0,-51.37001874156735,24.541289649339756,0.0027790104050888476,4.425000000000005,1,"[{""id"": 50, ""x"": -110.54428100585938, ""y"": 27.034826278686523, ""vx"": -0.08950022608041763, ""vy"": 8.021828651428223, ""r"": 2.5906050205230713}]"
131,6.550000000000001,-64.6448745727539,24.470966339111328,0.0027785266797730837,0.0,0.0,0.0,1.0,PlanStatus.FAIL,20,0.1811898191103693,-0.033437845705728365,False,42.009046137416895,0.32065361153082345,0.03607389449163737,0.6667776292291682,0.0,4.5,False,8.392199873924255,20,0.1811898191103693,-0.033437845705728365,0.1,60,-64.6448745727539,24.470966339111328,0.004348799008236361,0.0,-51.37001874156735,24.541289649339756,0.0027790104050888476,4.425000000000005,1,"[{""id"": 50, ""x"": -110.54877471923828, ""y"": 27.437421798706055, ""vx"": -0.09006347507238388, ""vy"": 8.072770118713379, ""r"": 2.5906050205230713}]"
132,6.6000000000000005,-64.6448745727539,24.470966339111328,0.0027785266797730837,0.0,0.0,0.0,1.0,PlanStatus.FAIL,20,0.1811898191103693,-0.033437845705728365,False,42.04120513176172,0.32065361153082345,0.03607389449163737,0.666768525196273,0.0,4.5,False,8.680999977514148,20,0.1811898191103693,-0.033437845705728365,0.1,60,-64.6448745727539,24.470966339111328,0.004348799008236361,0.0,-51.37001874156735,24.541289649339756,0.0027790104050888476,4.425000000000005,1,"[{""id"": 50, ""x"": -110.55326843261719, ""y"": 27.83948516845703, ""vx"": -0.08946102857589722, ""vy"": 8.019596099853516, ""r"": 2.5906050205230713}]"
133,6.65,-64.6448745727539,24.470966339111328,0.0027785266797730837,0.0,0.0,0.0,1.0,PlanStatus.FAIL,20,0.1811898191103693,-0.033437845705728365,False,42.076886779060544,0.32065361153082345,0.03607389449163737,0.6667584402057884,0.0,4.5,False,10.00980008393526,20,0.1811898191103693,-0.033437845705728365,0.1,60,-64.6448745727539,24.470966339111328,0.004348799008236361,0.0,-51.37001874156735,24.541289649339756,0.0027790104050888476,4.425000000000005,1,"[{""id"": 50, ""x"": -110.5577621459961, ""y"": 28.241981506347656, ""vx"": -0.09002728015184402, ""vy"": 8.07115364074707, ""r"": 2.5906050205230713}]"
134,6.7,-64.6448745727539,24.470966339111328,0.0027785266797730837,0.0,0.0,0.0,1.0,PlanStatus.FAIL,20,0.1811898191103693,-0.033437845705728365,False,42.116010504912445,0.32065361153082345,0.03607389449163737,0.6667474019932107,0.0,4.5,False,7.850099820643663,20,0.1811898191103693,-0.033437845705728365,0.1,60,-64.6448745727539,24.470966339111328,0.004348799008236361,0.0,-51.37001874156735,24.541289649339756,0.0027790104050888476,4.425000000000005,1,"[{""id"": 50, ""x"": -110.562255859375, ""y"": 28.643985748291016, ""vx"": -0.08943627029657364, ""vy"": 8.018805503845215, ""r"": 2.5906050205230713}]"
135,6.75,-64.6448745727539,24.470966339111328,0.0027785266797730837,0.0,0.0,0.0,1.0,PlanStatus.FAIL,20,0.1811898191103693,-0.033437845705728365,False,42.15867447159749,0.32065361153082345,0.03607389449163737,0.6667353883024183,0.0,4.5,False,8.856900036334991,20,0.1811898191103693,-0.033437845705728365,0.1,60,-64.6448745727539,24.470966339111328,0.004348799008236361,0.0,-51.37001874156735,24.541289649339756,0.0027790104050888476,4.425000000000005,1,"[{""id"": 50, ""x"": -110.5667724609375, ""y"": 29.046476364135742, ""vx"": -0.09185177832841873, ""vy"": 8.071220397949219, ""r"": 2.5906050205230713}]"
136,6.800000000000001,-64.6448745727539,24.470966339111328,0.0027785266797730837,0.0,0.0,0.0,1.0,PlanStatus.FAIL,20,0.1811898191103693,-0.033437845705728365,False,42.20476447439504,0.32065361153082345,0.03607389449163737,0.6667224371707442,0.0,4.5,False,9.443500079214573,20,0.1811898191103693,-0.033437845705728365,0.1,60,-64.6448745727539,24.470966339111328,0.004348799008236361,0.0,-51.37001874156735,24.541289649339756,0.0027790104050888476,4.425000000000005,1,"[{""id"": 50, ""x"": -110.57129669189453, ""y"": 29.44850730895996, ""vx"": -0.09010986238718033, ""vy"": 8.019597053527832, ""r"": 2.5906050205230713}]"
137,6.8500000000000005,-64.6448745727539,24.470966339111328,0.0027785266797730837,0.0,0.0,0.0,1.0,PlanStatus.FAIL,20,0.1811898191103693,-0.033437845705728365,False,42.25436386400349,0.32065361153082345,0.03607389449163737,0.6667085314751102,0.0,4.5,False,8.378899889066815,20,0.1811898191103693,-0.033437845705728365,0.1,60,-64.6448745727539,24.470966339111328,0.004348799008236361,0.0,-51.37001874156735,24.541289649339756,0.0027790104050888476,4.425000000000005,1,"[{""id"": 50, ""x"": -110.57582092285156, ""y"": 29.851051330566406, ""vx"": -0.09063339233398438, ""vy"": 8.07244873046875, ""r"": 2.5906050205230713}]"
138,6.9,-64.6448745727539,24.470966339111328,0.0027785266797730837,0.0,0.0,0.0,1.0,PlanStatus.FAIL,20,0.1811898191103693,-0.033437845705728365,False,42.30734025223418,0.32065361153082345,0.03607389449163737,0.6666937150129487,0.0,4.5,False,7.800899911671877,20,0.1811898191103693,-0.033437845705728365,0.1,60,-64.6448745727539,24.470966339111328,0.004348799008236361,0.0,-51.37001874156735,24.541289649339756,0.0027790104050888476,4.425000000000005,1,"[{""id"": 50, ""x"": -110.58032989501953, ""y"": 30.25315284729004, ""vx"": -0.09004063159227371, ""vy"": 8.020918846130371, ""r"": 2.5906050205230713}]"
139,6.95,-64.6448745727539,24.470966339111328,0.0027785266797730837,0.0,0.0,0.0,1.0,PlanStatus.FAIL,20,0.1811898191103693,-0.033437845705728365,False,42.36382649218223,0.32065361153082345,0.03607389449163737,0.6666779577330169,0.0,4.5,False,7.869899971410632,20,0.1811898191103693,-0.033437845705728365,0.1,60,-64.6448745727539,24.470966339111328,0.004348799008236361,0.0,-51.37001874156735,24.541289649339756,0.0027790104050888476,4.425000000000005,1,"[{""id"": 50, ""x"": -110.58485412597656, ""y"": 30.65575408935547, ""vx"": -0.09063615649938583, ""vy"": 8.073554039001465, ""r"": 2.5906050205230713}]"
140,7.0,-64.6448745727539,24.470966339111328,0.0027785266797730837,0.0,0.0,0.0,1.0,PlanStatus.FAIL,20,0.1811898191103693,-0.033437845705728365,False,42.42364939490953,0.32065361153082345,0.03607389449163737,0.6666613154159294,0.0,4.5,False,10.73740003630519,20,0.1811898191103693,-0.033437845705728365,0.1,60,-64.6448745727539,24.470966339111328,0.004348799008236361,0.0,-51.37001874156735,24.541289649339756,0.0027790104050888476,4.425000000000005,1,"[{""id"": 50, ""x"": -110.58935546875, ""y"": 31.057899475097656, ""vx"": -0.09006236493587494, ""vy"": 8.021629333496094, ""r"": 2.5906050205230713}]"
141,7.050000000000001,-64.6448745727539,24.470966339111328,0.0027785266797730837,0.0,0.0,0.0,1.0,PlanStatus.FAIL,20,0.1811898191103693,-0.033437845705728365,False,42.48696191754453,0.32065361153082345,0.03607389449163737,0.6666437533557403,0.0,4.5,False,8.897799998521805,20,0.1811898191103693,-0.033437845705728365,0.1,60,-64.6448745727539,24.470966339111328,0.004348799008236361,0.0,-51.37001874156735,24.541289649339756,0.0027790104050888476,4.425000000000005,1,"[{""id"": 50, ""x"": -110.5938720703125, ""y"": 31.460519790649414, ""vx"": -0.0906565710902214, ""vy"": 8.073766708374023, ""r"": 2.5906050205230713}]"
142,7.1000000000000005,-64.6448745727539,24.470966339111328,0.0027785266797730837,0.0,0.0,0.0,1.0,PlanStatus.FAIL,20,0.1811898191103693,-0.033437845705728365,False,42.55359562107136,0.32065361153082345,0.03607389449163737,0.6666253264849984,0.0,4.5,False,8.174299960955977,20,0.1811898191103693,-0.033437845705728365,0.1,60,-64.6448745727539,24.470966339111328,0.004348799008236361,0.0,-51.37001874156735,24.541289649339756,0.0027790104050888476,4.425000000000005,1,"[{""id"": 50, ""x"": -110.598388671875, ""y"": 31.862661361694336, ""vx"": -0.09007547050714493, ""vy"": 8.021391868591309, ""r"": 2.5906050205230713}]"
143,7.15,-64.6448745727539,24.470966339111328,0.0027785266797730837,0.0,0.0,0.0,1.0,PlanStatus.FAIL,20,0.1811898191103693,-0.033437845705728365,False,42.623642526362374,0.32065361153082345,0.03607389449163737,0.6666060178426031,0.0,4.5,False,9.072000160813332,20,0.1811898191103693,-0.033437845705728365,0.1,60,-64.6448745727539,24.470966339111328,0.004348799008236361,0.0,-51.37001874156735,24.541289649339756,0.0027790104050888476,4.425000000000005,1,"[{""id"": 50, ""x"": -110.60286712646484, ""y"": 32.2652587890625, ""vx"": -0.08882627636194229, ""vy"": 8.073224067687988, ""r"": 2.5906050205230713}]"
144,7.2,-64.6448745727539,24.470966339111328,0.0027785266797730837,0.0,0.0,0.0,1.0,PlanStatus.FAIL,20,0.1811898191103693,-0.033437845705728365,False,42.69697936167699,0.32065361153082345,0.03607389449163737,0.6665858702065752,0.0,4.5,False,7.899299962446094,20,0.1811898191103693,-0.033437845705728365,0.1,60,-64.6448745727539,24.470966339111328,0.004348799008236361,0.0,-51.37001874156735,24.541289649339756,0.0027790104050888476,4.425000000000005,1,"[{""id"": 50, ""x"": -110.60735321044922, ""y"": 32.66737365722656, ""vx"": -0.08940231800079346, ""vy"": 8.020674705505371, ""r"": 2.5906050205230713}]"
145,7.25,-64.6448745727539,24.470966339111328,0.0027785266797730837,0.0,0.0,0.0,1.0,PlanStatus.FAIL,20,0.1811898191103693,-0.033437845705728365,False,42.773748995000155,0.32065361153082345,0.03607389449163737,0.6665648534991762,0.0,4.5,False,7.669800193980336,20,0.1811898191103693,-0.033437845705728365,0.1,60,-64.6448745727539,24.470966339111328,0.004348799008236361,0.0,-51.37001874156735,24.541289649339756,0.0027790104050888476,4.425000000000005,1,"[{""id"": 50, ""x"": -110.61184692382812, ""y"": 33.0699348449707, ""vx"": -0.09005031734704971, ""vy"": 8.072519302368164, ""r"": 2.5906050205230713}]"
146,7.300000000000001,-64.6448745727539,24.470966339111328,0.0027785266797730837,0.0,0.0,0.0,1.0,PlanStatus.FAIL,20,0.1811898191103693,-0.033437845705728365,False,42.85380390346257,0.32065361153082345,0.03607389449163737,0.6665430176046598,0.0,4.5,False,7.684000069275498,20,0.1811898191103693,-0.033437845705728365,0.1,60,-64.6448745727539,24.470966339111328,0.004348799008236361,0.0,-51.37001874156735,24.541289649339756,0.0027790104050888476,4.425000000000005,1,"[{""id"": 50, ""x"": -110.61638641357422, ""y"": 33.472007751464844, ""vx"": -0.09186986088752747, ""vy"": 8.020113945007324, ""r"": 2.5906050205230713}]"
147,7.3500000000000005,-64.6448745727539,24.470966339111328,0.0027785266797730837,0.0,0.0,0.0,1.0,PlanStatus.FAIL,20,0.1811898191103693,-0.033437845705728365,False,42.93725579841239,0.32065361153082345,0.03607389449163737,0.6665203418214691,0.0,4.5,False,8.087099995464087,20,0.1811898191103693,-0.033437845705728365,0.1,60,-64.6448745727539,24.470966339111328,0.004348799008236361,0.0,-51.37001874156735,24.541289649339756,0.0027790104050888476,4.425000000000005,1,"[{""id"": 50, ""x"": -110.62091827392578, ""y"": 33.87455749511719, ""vx"": -0.09082359820604324, ""vy"": 8.072237014770508, ""r"": 2.5906050205230713}]"
148,7.4,-64.6448745727539,24.470966339111328,0.0027785266797730837,0.0,0.0,0.0,1.0,PlanStatus.FAIL,20,0.1811898191103693,-0.033437845705728365,False,43.02384769155333,0.32065361153082345,0.03607389449163737,0.6664969058209764,0.0,4.5,False,8.53700004518032,20,0.1811898191103693,-0.033437845705728365,0.1,60,-64.6448745727539,24.470966339111328,0.004348799008236361,0.0,-51.37001874156735,24.541289649339756,0.0027790104050888476,4.425000000000005,1,"[{""id"": 50, ""x"": -110.6253890991211, ""y"": 34.27663040161133, ""vx"": -0.08849502354860306, ""vy"": 8.020147323608398, ""r"": 2.5906050205230713}]"
149,7.45,-64.6448745727539,24.470966339111328,0.0027785266797730837,0.0,0.0,0.0,1.0,PlanStatus.FAIL,20,0.1811898191103693,-0.033437845705728365,False,43.113838633145484,0.32065361153082345,0.03607389449163737,0.6664726496249516,0.0,4.5,False,7.742899935692549,20,0.1811898191103693,-0.033437845705728365,0.1,60,-64.6448745727539,24.470966339111328,0.004348799008236361,0.0,-51.37001874156735,24.541289649339756,0.0027790104050888476,4.425000000000005,1,"[{""id"": 50, ""x"": -110.6298828125, ""y"": 34.67918014526367, ""vx"": -0.09022025763988495, ""vy"": 8.072465896606445, ""r"": 2.5906050205230713}]"
150,7.5,-64.6448745727539,24.470966339111328,0.0027785266797730837,0.0,0.0,0.0,1.0,PlanStatus.FAIL,20,0.1811898191103693,-0.033437845705728365,False,43.20698068126348,0.32065361153082345,0.03607389449163737,0.6664476504858701,0.0,4.5,False,9.002899983897805,20,0.1811898191103693,-0.033437845705728365,0.1,60,-64.6448745727539,24.470966339111328,0.004348799008236361,0.0,-51.37001874156735,24.541289649339756,0.0027790104050888476,4.425000000000005,1,"[{""id"": 50, ""x"": -110.63436889648438, ""y"": 35.081268310546875, ""vx"": -0.08967497944831848, ""vy"": 8.020499229431152, ""r"": 2.5906050205230713}]"
151,7.550000000000001,-64.6448745727539,24.470966339111328,0.0027785266797730837,0.0,0.0,0.0,1.0,PlanStatus.FAIL,20,0.1811898191103693,-0.033437845705728365,False,43.30347856913053,0.32065361153082345,0.03607389449163737,0.6664218640672785,0.0,4.5,False,7.95780005864799,20,0.1811898191103693,-0.033437845705728365,0.1,60,-64.6448745727539,24.470966339111328,0.004348799008236361,0.0,-51.37001874156735,24.541289649339756,0.0027790104050888476,4.425000000000005,1,"[{""id"": 50, ""x"": -110.63886260986328, ""y"": 35.48384094238281, ""vx"": -0.09027079492807388, ""vy"": 8.072867393493652, ""r"": 2.5906050205230713}]"
152,7.6000000000000005,-64.6448745727539,24.470966339111328,0.0027785266797730837,0.0,0.0,0.0,1.0,PlanStatus.FAIL,20,0.1811898191103693,-0.033437845705728365,False,43.40313146441364,0.32065361153082345,0.03607389449163737,0.6663953549026895,0.0,4.5,False,8.21110000833869,20,0.1811898191103693,-0.033437845705728365,0.1,60,-64.6448745727539,24.470966339111328,0.004348799008236361,0.0,-51.37001874156735,24.541289649339756,0.0027790104050888476,4.425000000000005,1,"[{""id"": 50, ""x"": -110.64340209960938, ""y"": 35.88594436645508, ""vx"": -0.09137893468141556, ""vy"": 8.02083683013916, ""r"": 2.5906050205230713}]"
153,7.65,-64.6448745727539,24.470966339111328,0.0027785266797730837,0.0,0.0,0.0,1.0,PlanStatus.FAIL,20,0.1811898191103693,-0.033437845705728365,False,43.50610698093833,0.32065361153082345,0.03607389449163737,0.6663680894503282,0.0,4.5,False,8.465599967166781,20,0.1811898191103693,-0.033437845705728365,0.1,60,-64.6448745727539,24.470966339111328,0.004348799008236361,0.0,-51.37001874156735,24.541289649339756,0.0027790104050888476,4.425000000000005,1,"[{""id"": 50, ""x"": -110.64794921875, ""y"": 36.28852844238281, ""vx"": -0.09081215411424637, ""vy"": 8.073094367980957, ""r"": 2.5906050205230713}]"
154,7.7,-64.6448745727539,24.470966339111328,0.0027785266797730837,0.0,0.0,0.0,1.0,PlanStatus.FAIL,20,0.1811898191103693,-0.033437845705728365,False,43.61210767180771,0.32065361153082345,0.03607389449163737,0.666340157487151,0.0,4.5,False,8.662499953061342,20,0.1811898191103693,-0.033437845705728365,0.1,60,-64.6448745727539,24.470966339111328,0.004348799008236361,0.0,-51.37001874156735,24.541289649339756,0.0027790104050888476,4.425000000000005,1,"[{""id"": 50, ""x"": -110.65245819091797, ""y"": 36.690643310546875, ""vx"": -0.0901910737156868, ""vy"": 8.020936965942383, ""r"": 2.5906050205230713}]"
155,7.75,-64.6448745727539,24.470966339111328,0.0027785266797730837,0.0,0.0,0.0,1.0,PlanStatus.FAIL,20,0.1811898191103693,-0.033437845705728365,False,43.72140125323297,0.32065361153082345,0.03607389449163737,0.6663114996359973,0.0,4.5,False,8.27790005132556,20,0.1811898191103693,-0.033437845705728365,0.1,60,-64.6448745727539,24.470966339111328,0.004348799008236361,0.0,-51.37001874156735,24.541289649339756,0.0027790104050888476,4.425000000000005,1,"[{""id"": 50, ""x"": -110.656982421875, ""y"": 37.09322738647461, ""vx"": -0.09077202528715134, ""vy"": 8.073039054870605, ""r"": 2.5906050205230713}]"
156,7.800000000000001,-64.6448745727539,24.470966339111328,0.0027785266797730837,0.0,0.0,0.0,1.0,PlanStatus.FAIL,20,0.1811898191103693,-0.033437845705728365,False,43.83368998661912,0.32065361153082345,0.03607389449163737,0.6662822052606152,0.0,4.5,False,8.19940003566444,20,0.1811898191103693,-0.033437845705728365,0.1,60,-64.6448745727539,24.470966339111328,0.004348799008236361,0.0,-51.37001874156735,24.541289649339756,0.0027790104050888476,4.425000000000005,1,"[{""id"": 50, ""x"": -110.66149139404297, ""y"": 37.49533462524414, ""vx"": -0.0901903286576271, ""vy"": 8.020773887634277, ""r"": 2.5906050205230713}]"
157,7.8500000000000005,-64.6448745727539,24.470966339111328,0.0027785266797730837,0.0,0.0,0.0,1.0,PlanStatus.FAIL,20,0.1811898191103693,-0.033437845705728365,False,43.949197388669134,0.32065361153082345,0.03607389449163737,0.6662522273713546,0.0,4.5,False,7.866499945521355,20,0.1811898191103693,-0.033437845705728365,0.1,60,-64.6448745727539,24.470966339111328,0.004348799008236361,0.0,-51.37001874156735,24.541289649339756,0.0027790104050888476,4.425000000000005,1,"[{""id"": 50, ""x"": -110.66597747802734, ""y"": 37.89790725708008, ""vx"": -0.08894901722669601, ""vy"": 8.072842597961426, ""r"": 2.5906050205230713}]"
158,7.9,-64.6448745727539,24.470966339111328,0.0027785266797730837,0.0,0.0,0.0,1.0,PlanStatus.FAIL,20,0.1811898191103693,-0.033437845705728365,False,44.067656510875565,0.32065361153082345,0.03607389449163737,0.6662216466395565,0.0,4.5,False,8.346499875187874,20,0.1811898191103693,-0.033437845705728365,0.1,60,-64.6448745727539,24.470966339111328,0.004348799008236361,0.0,-51.37001874156735,24.541289649339756,0.0027790104050888476,4.425000000000005,1,"[{""id"": 50, ""x"": -110.67045593261719, ""y"": 38.30000686645508, ""vx"": -0.0895318016409874, ""vy"": 8.020562171936035, ""r"": 2.5906050205230713}]"
159,7.95,-64.6448745727539,24.470966339111328,0.0027785266797730837,0.0,0.0,0.0,1.0,PlanStatus.FAIL,20,0.1811898191103693,-0.033437845705728365,False,44.189340076653906,0.32065361153082345,0.03607389449163737,0.6661904042115647,0.0,4.5,False,9.72619978711009,20,0.1811898191103693,-0.033437845705728365,0.1,60,-64.6448745727539,24.470966339111328,0.004348799008236361,0.0,-51.37001874156735,24.541289649339756,0.0027790104050888476,4.425000000000005,1,"[{""id"": 50, ""x"": -110.67495727539062, ""y"": 38.702571868896484, ""vx"": -0.09018673747777939, ""vy"": 8.07265853881836, ""r"": 2.5906050205230713}]"
160,8.0,-64.6448745727539,24.470966339111328,0.0027785266797730837,0.0,0.0,0.0,1.0,PlanStatus.FAIL,20,0.1811898191103693,-0.033437845705728365,False,44.31396560382618,0.32065361153082345,0.03607389449163737,0.6661585842791841,0.0,4.5,False,7.804399821907282,20,0.1811898191103693,-0.033437845705728365,0.1,60,-64.6448745727539,24.470966339111328,0.004348799008236361,0.0,-51.37001874156735,24.541289649339756,0.0027790104050888476,4.425000000000005,1,"[{""id"": 50, ""x"": -110.67949676513672, ""y"": 39.10466384887695, ""vx"": -0.09131083637475967, ""vy"": 8.020444869995117, ""r"": 2.5906050205230713}]"
161,8.05,-64.6448745727539,24.470966339111328,0.0027785266797730837,0.0,0.0,0.0,1.0,PlanStatus.FAIL,20,0.1811898191103693,-0.033437845705728365,False,44.441763300994346,0.32065361153082345,0.03607389449163737,0.6661261397436063,0.0,4.5,False,8.22849990800023,20,0.1811898191103693,-0.033437845705728365,0.1,60,-64.6448745727539,24.470966339111328,0.004348799008236361,0.0,-51.37001874156735,24.541289649339756,0.0027790104050888476,4.425000000000005,1,"[{""id"": 50, ""x"": -110.68404388427734, ""y"": 39.50722885131836, ""vx"": -0.09074337035417557, ""vy"": 8.072639465332031, ""r"": 2.5906050205230713}]"
162,8.1,-64.6448745727539,24.470966339111328,0.0027785266797730837,0.0,0.0,0.0,1.0,PlanStatus.FAIL,20,0.1811898191103693,-0.033437845705728365,False,44.572368495807304,0.32065361153082345,0.03607389449163737,0.6660931746778957,0.0,4.5,False,8.278399938717484,20,0.1811898191103693,-0.033437845705728365,0.1,60,-64.6448745727539,24.470966339111328,0.004348799008236361,0.0,-51.37001874156735,24.541289649339756,0.0027790104050888476,4.425000000000005,1,"[{""id"": 50, ""x"": -110.68854522705078, ""y"": 39.90932083129883, ""vx"": -0.09011922031641006, ""vy"": 8.020516395568848, ""r"": 2.5906050205230713}]"
163,8.15,-64.6448745727539,24.470966339111328,0.0027785266797730837,0.0,0.0,0.0,1.0,PlanStatus.FAIL,20,0.1811898191103693,-0.033437845705728365,False,44.70611356340867,0.32065361153082345,0.03607389449163737,0.6660596167070953,0.0,4.5,False,7.950400002300739,20,0.1811898191103693,-0.033437845705728365,0.1,60,-64.6448745727539,24.470966339111328,0.004348799008236361,0.0,-51.37001874156735,24.541289649339756,0.0027790104050888476,4.425000000000005,1,"[{""id"": 50, ""x"": -110.69306182861328, ""y"": 40.3118896484375, ""vx"": -0.09069658070802689, ""vy"": 8.072745323181152, ""r"": 2.5906050205230713}]"
164,8.200000000000001,-64.6448745727539,24.470966339111328,0.0027785266797730837,0.0,0.0,0.0,1.0,PlanStatus.FAIL,20,0.1811898191103693,-0.033437845705728365,False,44.8426528911507,0.32065361153082345,0.03607389449163737,0.6660255641169733,0.0,4.5,False,8.189700078219175,20,0.1811898191103693,-0.033437845705728365,0.1,60,-64.6448745727539,24.470966339111328,0.004348799008236361,0.0,-51.37001874156735,24.541289649339756,0.0027790104050888476,4.425000000000005,1,"[{""id"": 50, ""x"": -110.69757843017578, ""y"": 40.71398162841797, ""vx"": -0.09011317789554596, ""vy"": 8.020641326904297, ""r"": 2.5906050205230713}]"
165,8.25,-64.6448745727539,24.470966339111328,0.0027785266797730837,0.0,0.0,0.0,1.0,PlanStatus.FAIL,20,0.1811898191103693,-0.033437845705728365,False,44.982235043959335,0.32065361153082345,0.03607389449163737,0.6659909663372661,0.0,4.5,False,8.469399996101856,20,0.1811898191103693,-0.033437845705728365,0.1,60,-64.6448745727539,24.470966339111328,0.004348799008236361,0.0,-51.37001874156735,24.541289649339756,0.0027790104050888476,4.425000000000005,1,"[{""id"": 50, ""x"": -110.7020492553711, ""y"": 41.11655807495117, ""vx"": -0.0888696163892746, ""vy"": 8.072877883911133, ""r"": 2.5906050205230713}]"
166,8.3,-64.6448745727539,24.470966339111328,0.0027785266797730837,0.0,0.0,0.0,1.0,PlanStatus.FAIL,20,0.1811898191103693,-0.033437845705728365,False,45.12457405374429,0.32065361153082345,0.03607389449163737,0.6659559056423585,0.0,4.5,False,8.04489990696311,20,0.1811898191103693,-0.033437845705728365,0.1,60,-64.6448745727539,24.470966339111328,0.004348799008236361,0.0,-51.37001874156735,24.541289649339756,0.0027790104050888476,4.425000000000005,1,"[{""id"": 50, ""x"": -110.70654296875, ""y"": 41.51865005493164, ""vx"": -0.08945173770189285, ""vy"": 8.020729064941406, ""r"": 2.5906050205230713}]"
167,8.35,-64.6448745727539,24.470966339111328,0.0027785266797730837,0.0,0.0,0.0,1.0,PlanStatus.FAIL,20,0.1811898191103693,-0.033437845705728365,False,45.26994885686697,0.32065361153082345,0.03607389449163737,0.6659203247523638,0.0,4.5,False,8.315999992191792,20,0.1811898191103693,-0.033437845705728365,0.1,60,-64.6448745727539,24.470966339111328,0.004348799008236361,0.0,-51.37001874156735,24.541289649339756,0.0027790104050888476,4.425000000000005,1,"[{""id"": 50, ""x"": -110.71102905273438, ""y"": 41.921226501464844, ""vx"": -0.09010571986436844, ""vy"": 8.072897911071777, ""r"": 2.5906050205230713}]"
168,8.4,-64.6448745727539,24.470966339111328,0.0027785266797730837,0.0,0.0,0.0,1.0,PlanStatus.FAIL,20,0.1811898191103693,-0.033437845705728365,False,45.41801137758626,0.32065361153082345,0.03607389449163737,0.6658843201624155,0.0,4.5,False,8.542199851945043,20,0.1811898191103693,-0.033437845705728365,0.1,60,-64.6448745727539,24.470966339111328,0.004348799008236361,0.0,-51.37001874156735,24.541289649339756,0.0027790104050888476,4.425000000000005,1,"[{""id"": 50, ""x"": -110.71552276611328, ""y"": 42.323326110839844, ""vx"": -0.08953884989023209, ""vy"": 8.020718574523926, ""r"": 2.5906050205230713}]"
169,8.450000000000001,-64.6448745727539,24.470966339111328,0.0027785266797730837,0.0,0.0,0.0,1.0,PlanStatus.FAIL,20,0.1811898191103693,-0.033437845705728365,False,45.56906869495631,0.32065361153082345,0.03607389449163737,0.6658478284358482,0.0,4.5,False,8.071500109508634,20,0.1811898191103693,-0.033437845705728365,0.1,60,-64.6448745727539,24.470966339111328,0.004348799008236361,0.0,-51.37001874156735,24.541289649339756,0.0027790104050888476,4.425000000000005,1,"[{""id"": 50, ""x"": -110.72001647949219, ""y"": 42.72589874267578, ""vx"": -0.09011746197938919, ""vy"": 8.072854042053223, ""r"": 2.5906050205230713}]"
170,8.5,-64.6448745727539,24.470966339111328,0.0027785266797730837,0.0,0.0,0.0,1.0,PlanStatus.FAIL,20,0.1811898191103693,-0.033437845705728365,False,45.72278101370148,0.32065361153082345,0.03607389449163737,0.6658109428352883,0.0,4.5,False,8.148099994286895,20,0.1811898191103693,-0.033437845705728365,0.1,60,-64.6448745727539,24.470966339111328,0.004348799008236361,0.0,-51.37001874156735,24.541289649339756,0.0027790104050888476,4.425000000000005,1,"[{""id"": 50, ""x"": -110.72454833984375, ""y"": 43.127986907958984, ""vx"": -0.091216541826725, ""vy"": 8.020633697509766, ""r"": 2.5906050205230713}]"
171,8.55,-64.6448745727539,24.470966339111328,0.0027785266797730837,0.0,0.0,0.0,1.0,PlanStatus.FAIL,20,0.1811898191103693,-0.033437845705728365,False,45.87944712791413,0.32065361153082345,0.03607389449163737,0.665773602750624,0.0,4.5,False,8.153900038450956,20,0.1811898191103693,-0.033437845705728365,0.1,60,-64.6448745727539,24.470966339111328,0.004348799008236361,0.0,-51.37001874156735,24.541289649339756,0.0027790104050888476,4.425000000000005,1,"[{""id"": 50, ""x"": -110.72908020019531, ""y"": 43.53055953979492, ""vx"": -0.09064248949289322, ""vy"": 8.072779655456543, ""r"": 2.5906050205230713}]"
172,8.6,-64.6448745727539,24.470966339111328,0.0027785266797730837,0.0,0.0,0.0,1.0,PlanStatus.FAIL,20,0.1811898191103693,-0.033437845705728365,False,46.039493464586954,0.32065361153082345,0.03607389449163737,0.6657357194220441,0.0,4.5,False,8.093900047242641,20,0.1811898191103693,-0.033437845705728365,0.1,60,-64.6448745727539,24.470966339111328,0.004348799008236361,0.0,-51.37001874156735,24.541289649339756,0.0027790104050888476,4.425000000000005,1,"[{""id"": 50, ""x"": -110.73406982421875, ""y"": 43.93367004394531, ""vx"": -0.08599601686000824, ""vy"": 8.078081130981445, ""r"": 2.5906050205230713}]"
173,8.65,-64.6448745727539,24.470966339111328,0.0027785266797730837,0.0,0.0,0.0,1.0,PlanStatus.FAIL,20,0.1811898191103693,-0.033437845705728365,False,46.20118105388841,0.32065361153082345,0.03607389449163737,0.6656977141152376,0.0,4.5,False,8.896099869161844,20,0.1811898191103693,-0.033437845705728365,0.1,60,-64.6448745727539,24.470966339111328,0.004348799008236361,0.0,-51.37001874156735,24.541289649339756,0.0027790104050888476,4.425000000000005,1,"[{""id"": 50, ""x"": -110.73796844482422, ""y"": 44.33656692504883, ""vx"": -0.09078364819288254, ""vy"": 8.034846305847168, ""r"": 2.5906050205230713}]"
174,8.700000000000001,-64.6448745727539,24.470966339111328,0.0027785266797730837,0.0,0.0,0.0,1.0,PlanStatus.FAIL,20,0.1811898191103693,-0.033437845705728365,False,46.3661119768464,0.32065361153082345,0.03607389449163737,0.6656592195366422,0.0,4.5,False,8.83319997228682,20,0.1811898191103693,-0.033437845705728365,0.1,60,-64.6448745727539,24.470966339111328,0.004348799008236361,0.0,-51.37001874156735,24.541289649339756,0.0027790104050888476,4.425000000000005,1,"[{""id"": 50, ""x"": -110.74237823486328, ""y"": 44.73963928222656, ""vx"": -0.09391693770885468, ""vy"": 8.081199645996094, ""r"": 2.5906050205230713}]"
175,8.75,-64.6448745727539,24.470966339111328,0.0027785266797730837,0.0,0.0,0.0,1.0,PlanStatus.FAIL,20,0.1811898191103693,-0.033437845705728365,False,46.533260208319895,0.32065361153082345,0.03607389449163737,0.6656204858415102,0.0,4.5,False,9.340599877759814,20,0.1811898191103693,-0.033437845705728365,0.1,60,-64.6448745727539,24.470966339111328,0.004348799008236361,0.0,-51.37001874156735,24.541289649339756,0.0027790104050888476,4.425000000000005,1,"[{""id"": 50, ""x"": -110.74658966064453, ""y"": 45.14202880859375, ""vx"": -0.09481745213270187, ""vy"": 8.02549934387207, ""r"": 2.5906050205230713}]"
176,8.8,-64.6448745727539,24.470966339111328,0.0027785266797730837,0.0,0.0,0.0,1.0,PlanStatus.FAIL,20,0.1811898191103693,-0.033437845705728365,False,46.703466702887454,0.32065361153082345,0.03607389449163737,0.6655813283465817,0.0,4.5,False,9.58279985934496,20,0.1811898191103693,-0.033437845705728365,0.1,60,-64.6448745727539,24.470966339111328,0.004348799008236361,0.0,-51.37001874156735,24.541289649339756,0.0027790104050888476,4.425000000000005,1,"[{""id"": 50, ""x"": -110.75115966796875, ""y"": 45.54463195800781, ""vx"": -0.0936957374215126, ""vy"": 8.071643829345703, ""r"": 2.5906050205230713}]"
177,8.85,-64.6448745727539,24.470966339111328,0.0027785266797730837,0.0,0.0,0.0,1.0,PlanStatus.FAIL,20,0.1811898191103693,-0.033437845705728365,False,46.8757999299265,0.32065361153082345,0.03607389449163737,0.6655419712864128,0.0,4.5,False,8.870600024238229,20,0.1811898191103693,-0.033437845705728365,0.1,60,-64.6448745727539,24.470966339111328,0.004348799008236361,0.0,-51.37001874156735,24.541289649339756,0.0027790104050888476,4.425000000000005,1,"[{""id"": 50, ""x"": -110.75547790527344, ""y"": 45.94661331176758, ""vx"": -0.09424795210361481, ""vy"": 8.018048286437988, ""r"": 2.5906050205230713}]"
178,8.9,-64.6448745727539,24.470966339111328,0.0027785266797730837,0.0,0.0,0.0,1.0,PlanStatus.FAIL,20,0.1811898191103693,-0.033437845705728365,False,47.05125635469169,0.32065361153082345,0.03607389449163737,0.6655021971399404,0.0,4.5,False,8.412399794906378,20,0.1811898191103693,-0.033437845705728365,0.1,60,-64.6448745727539,24.470966339111328,0.004348799008236361,0.0,-51.37001874156735,24.541289649339756,0.0027790104050888476,4.425000000000005,1,"[{""id"": 50, ""x"": -110.76023864746094, ""y"": 46.34891891479492, ""vx"": -0.09196636825799942, ""vy"": 8.072196006774902, ""r"": 2.5906050205230713}]"
179,8.950000000000001,-64.6448745727539,24.470966339111328,0.0027785266797730837,0.0,0.0,0.0,1.0,PlanStatus.FAIL,20,0.1811898191103693,-0.033437845705728365,False,47.22898013932224,0.32065361153082345,0.03607389449163737,0.6654622102764706,0.0,4.5,False,10.149999987334013,20,0.1811898191103693,-0.033437845705728365,0.1,60,-64.6448745727539,24.470966339111328,0.004348799008236361,0.0,-51.37001874156735,24.541289649339756,0.0027790104050888476,4.425000000000005,1,"[{""id"": 50, ""x"": -110.76456451416016, ""y"": 46.7514533996582, ""vx"": -0.09346266835927963, ""vy"": 8.045978546142578, ""r"": 2.5906050205230713}]"
180,9.0,-64.6448745727539,24.470966339111328,0.0027785266797730837,0.0,0.0,0.0,1.0,PlanStatus.FAIL,20,0.1811898191103693,-0.033437845705728365,False,47.409393456032575,0.32065361153082345,0.03607389449163737,0.6654219249142868,0.0,4.5,False,8.948100032284856,20,0.1811898191103693,-0.033437845705728365,0.1,60,-64.6448745727539,24.470966339111328,0.004348799008236361,0.0,-51.37001874156735,24.541289649339756,0.0027790104050888476,4.425000000000005,1,"[{""id"": 50, ""x"": -110.76932525634766, ""y"": 47.153446197509766, ""vx"": -0.09205678850412369, ""vy"": 8.035980224609375, ""r"": 2.5906050205230713}]"
181,9.05,-64.6448745727539,24.470966339111328,0.0027785266797730837,0.0,0.0,0.0,1.0,PlanStatus.FAIL,20,0.1811898191103693,-0.033437845705728365,False,47.592099111157204,0.32065361153082345,0.03607389449163737,0.665381438953595,0.0,4.5,False,9.244699962437153,20,0.1811898191103693,-0.033437845705728365,0.1,60,-64.6448745727539,24.470966339111328,0.004348799008236361,0.0,-51.37001874156735,24.541289649339756,0.0027790104050888476,4.425000000000005,1,"[{""id"": 50, ""x"": -110.77404022216797, ""y"": 47.55506134033203, ""vx"": -0.09229431301355362, ""vy"": 8.030742645263672, ""r"": 2.5906050205230713}]"
182,9.1,-64.6448745727539,24.470966339111328,0.0027785266797730837,0.0,0.0,0.0,1.0,PlanStatus.FAIL,20,0.1811898191103693,-0.033437845705728365,False,47.77735342066196,0.32065361153082345,0.03607389449163737,0.6653407043813893,0.0,4.5,False,8.884500013664365,20,0.1811898191103693,-0.033437845705728365,0.1,60,-64.6448745727539,24.470966339111328,0.004348799008236361,0.0,-51.37001874156735,24.541289649339756,0.0027790104050888476,4.425000000000005,1,"[{""id"": 50, ""x"": -110.77890014648438, ""y"": 47.95656204223633, ""vx"": -0.0911610946059227, ""vy"": 8.0303316116333, ""r"": 2.5906050205230713}]"
183,9.15,-64.6448745727539,24.470966339111328,0.0027785266797730837,0.0,0.0,0.0,1.0,PlanStatus.FAIL,20,0.1811898191103693,-0.033437845705728365,False,47.96496073072577,0.32065361153082345,0.03607389449163737,0.6652997730911556,0.0,4.5,False,9.163100039586425,20,0.1811898191103693,-0.033437845705728365,0.1,60,-64.6448745727539,24.470966339111328,0.004348799008236361,0.0,-51.37001874156735,24.541289649339756,0.0027790104050888476,4.425000000000005,1,"[{""id"": 50, ""x"": -110.78359985351562, ""y"": 48.358177185058594, ""vx"": -0.09173288196325302, ""vy"": 8.034055709838867, ""r"": 2.5906050205230713}]"
184,9.200000000000001,-64.6448745727539,24.470966339111328,0.0027785266797730837,0.0,0.0,0.0,1.0,PlanStatus.FAIL,20,0.1811898191103693,-0.033437845705728365,False,48.15521556078591,0.32065361153082345,0.03607389449163737,0.6652585898808046,0.0,4.5,False,8.721699938178062,20,0.1811898191103693,-0.033437845705728365,0.1,60,-64.6448745727539,24.470966339111328,0.004348799008236361,0.0,-51.37001874156735,24.541289649339756,0.0027790104050888476,4.425000000000005,1,"[{""id"": 50, ""x"": -110.78842163085938, ""y"": 48.76005172729492, ""vx"": -0.09081496298313141, ""vy"": 8.040197372436523, ""r"": 2.5906050205230713}]"
185,9.25,-64.6448745727539,24.470966339111328,0.0027785266797730837,0.0,0.0,0.0,1.0,PlanStatus.FAIL,20,0.1811898191103693,-0.033437845705728365,False,48.34786063069086,0.32065361153082345,0.03607389449163737,0.6652172195198995,0.0,4.5,False,9.750900091603398,20,0.1811898191103693,-0.033437845705728365,0.1,60,-64.6448745727539,24.470966339111328,0.004348799008236361,0.0,-51.37001874156735,24.541289649339756,0.0027790104050888476,4.425000000000005,1,"[{""id"": 50, ""x"": -110.79305267333984, ""y"": 49.16227340698242, ""vx"": -0.09129466116428375, ""vy"": 8.047073364257812, ""r"": 2.5906050205230713}]"
186,9.3,-64.6448745727539,24.470966339111328,0.0027785266797730837,0.0,0.0,0.0,1.0,PlanStatus.FAIL,20,0.1811898191103693,-0.033437845705728365,False,48.54311587137284,0.32065361153082345,0.03607389449163737,0.6651756236832809,0.0,4.5,False,10.340000037103891,20,0.1811898191103693,-0.033437845705728365,0.1,60,-64.6448745727539,24.470966339111328,0.004348799008236361,0.0,-51.37001874156735,24.541289649339756,0.0027790104050888476,4.425000000000005,1,"[{""id"": 50, ""x"": -110.79778289794922, ""y"": 49.5648078918457, ""vx"": -0.09004370123147964, ""vy"": 8.052934646606445, ""r"": 2.5906050205230713}]"
187,9.35,-64.6448745727539,24.470966339111328,0.0027785266797730837,0.0,0.0,0.0,1.0,PlanStatus.FAIL,20,0.1811898191103693,-0.033437845705728365,False,48.740642101349465,0.32065361153082345,0.03607389449163737,0.665133883146771,0.0,4.5,False,9.090699953958392,20,0.1811898191103693,-0.033437845705728365,0.1,60,-64.6448745727539,24.470966339111328,0.004348799008236361,0.0,-51.37001874156735,24.541289649339756,0.0027790104050888476,4.425000000000005,1,"[{""id"": 50, ""x"": -110.80229187011719, ""y"": 49.96757888793945, ""vx"": -0.08994191884994507, ""vy"": 8.0567626953125, ""r"": 2.5906050205230713}]"
188,9.4,-64.6448745727539,24.470966339111328,0.0027785266797730837,0.0,0.0,0.0,1.0,PlanStatus.FAIL,20,0.1811898191103693,-0.033437845705728365,False,48.940661845391745,0.32065361153082345,0.03607389449163737,0.6650919590221683,0.0,4.5,False,8.124500047415495,20,0.1811898191103693,-0.033437845705728365,0.1,60,-64.6448745727539,24.470966339111328,0.004348799008236361,0.0,-51.37001874156735,24.541289649339756,0.0027790104050888476,4.425000000000005,1,"[{""id"": 50, ""x"": -110.80693054199219, ""y"": 50.37045669555664, ""vx"": -0.0893443375825882, ""vy"": 8.05804443359375, ""r"": 2.5906050205230713}]"
189,9.450000000000001,-64.6448745727539,24.470966339111328,0.0027785266797730837,0.0,0.0,0.0,1.0,PlanStatus.FAIL,20,0.1811898191103693,-0.033437845705728365,False,49.142868293608174,0.32065361153082345,0.03607389449163737,0.6650499234508196,0.0,4.5,False,10.921400040388107,20,0.1811898191103693,-0.033437845705728365,0.1,60,-64.6448745727539,24.470966339111328,0.004348799008236361,0.0,-51.37001874156735,24.541289649339756,0.0027790104050888476,4.425000000000005,1,"[{""id"": 50, ""x"": -110.81143188476562, ""y"": 50.77334213256836, ""vx"": -0.09160116314888, ""vy"": 8.057021141052246, ""r"": 2.5906050205230713}]"
190,9.5,-64.6448745727539,24.470966339111328,0.0027785266797730837,0.0,0.0,0.0,1.0,PlanStatus.FAIL,20,0.1811898191103693,-0.033437845705728365,False,49.34741525936777,0.32065361153082345,0.03607389449163737,0.6650077518101953,0.0,4.5,False,8.242500014603138,20,0.1811898191103693,-0.033437845705728365,0.1,60,-64.6448745727539,24.470966339111328,0.004348799008236361,0.0,-51.37001874156735,24.541289649339756,0.0027790104050888476,4.425000000000005,1,"[{""id"": 50, ""x"": -110.81607055664062, ""y"": 51.176116943359375, ""vx"": -0.08979067951440811, ""vy"": 8.054381370544434, ""r"": 2.5906050205230713}]"
191,9.55,-64.6448745727539,24.470966339111328,0.0027785266797730837,0.0,0.0,0.0,1.0,PlanStatus.FAIL,20,0.1811898191103693,-0.033437845705728365,False,49.55397394809411,0.32065361153082345,0.03607389449163737,0.664965518705451,0.0,4.5,False,15.093200141564012,20,0.1811898191103693,-0.033437845705728365,0.1,60,-64.6448745727539,24.470966339111328,0.004348799008236361,0.0,-51.37001874156735,24.541289649339756,0.0027790104050888476,4.425000000000005,1,"[{""id"": 50, ""x"": -110.82052612304688, ""y"": 51.5787353515625, ""vx"": -0.09074661880731583, ""vy"": 8.050971031188965, ""r"": 2.5906050205230713}]"
192,9.600000000000001,-64.6448745727539,24.470966339111328,0.0027785266797730837,0.0,0.0,0.0,1.0,PlanStatus.FAIL,20,0.1811898191103693,-0.033437845705728365,False,49.76277197931686,0.32065361153082345,0.03607389449163737,0.6649231840665187,0.0,4.5,False,7.474800106137991,20,0.1811898191103693,-0.033437845705728365,0.1,60,-64.6448745727539,24.470966339111328,0.004348799008236361,0.0,-51.37001874156735,24.541289649339756,0.0027790104050888476,4.425000000000005,1,"[{""id"": 50, ""x"": -110.82510375976562, ""y"": 51.98118209838867, ""vx"": -0.0888829380273819, ""vy"": 8.047714233398438, ""r"": 2.5906050205230713}]"
193,9.65,-64.6448745727539,24.470966339111328,0.0027785266797730837,0.0,0.0,0.0,1.0,PlanStatus.FAIL,20,0.1811898191103693,-0.033437845705728365,False,49.97355176903247,0.32065361153082345,0.03607389449163737,0.664880806426036,0.0,4.5,False,7.088599959388375,20,0.1811898191103693,-0.033437845705728365,0.1,60,-64.6448745727539,24.470966339111328,0.004348799008236361,0.0,-51.37001874156735,24.541289649339756,0.0027790104050888476,4.425000000000005,1,"[{""id"": 50, ""x"": -110.82952117919922, ""y"": 52.38348388671875, ""vx"": -0.08988474309444427, ""vy"": 8.045246124267578, ""r"": 2.5906050205230713}]"
194,9.700000000000001,-64.6448745727539,24.470966339111328,0.0027785266797730837,0.0,0.0,0.0,1.0,PlanStatus.FAIL,20,0.1811898191103693,-0.033437845705728365,False,50.18659001250197,0.32065361153082345,0.03607389449163737,0.6648383364194947,0.0,4.5,False,7.700399961322546,20,0.1811898191103693,-0.033437845705728365,0.1,60,-64.6448745727539,24.470966339111328,0.004348799008236361,0.0,-51.37001874156735,24.541289649339756,0.0027790104050888476,4.425000000000005,1,"[{""id"": 50, ""x"": -110.83409881591797, ""y"": 52.78569793701172, ""vx"": -0.08984740823507309, ""vy"": 8.043978691101074, ""r"": 2.5906050205230713}]"
195,9.75,-64.6448745727539,24.470966339111328,0.0027785266797730837,0.0,0.0,0.0,1.0,PlanStatus.FAIL,20,0.1811898191103693,-0.033437845705728365,False,50.40162641131999,0.32065361153082345,0.03607389449163737,0.6647958321581106,0.0,4.5,False,7.636999944224954,20,0.1811898191103693,-0.033437845705728365,0.1,60,-64.6448745727539,24.470966339111328,0.004348799008236361,0.0,-51.37001874156735,24.541289649339756,0.0027790104050888476,4.425000000000005,1,"[{""id"": 50, ""x"": -110.83851623535156, ""y"": 53.18790054321289, ""vx"": -0.08978649228811264, ""vy"": 8.04395866394043, ""r"": 2.5906050205230713}]"
196,9.8,-64.6448745727539,24.470966339111328,0.0027785266797730837,0.0,0.0,0.0,1.0,PlanStatus.FAIL,20,0.1811898191103693,-0.033437845705728365,False,50.618861912332704,0.32065361153082345,0.03607389449163737,0.6647532599005834,0.0,4.5,False,8.020599838346243,20,0.1811898191103693,-0.033437845705728365,0.1,60,-64.6448745727539,24.470966339111328,0.004348799008236361,0.0,-51.37001874156735,24.541289649339756,0.0027790104050888476,4.425000000000005,1,"[{""id"": 50, ""x"": -110.843017578125, ""y"": 53.590126037597656, ""vx"": -0.08728548139333725, ""vy"": 8.044975280761719, ""r"": 2.5906050205230713}]"
197,9.850000000000001,-64.6448745727539,24.470966339111328,0.0027785266797730837,0.0,0.0,0.0,1.0,PlanStatus.FAIL,20,0.1811898191103693,-0.033437845705728365,False,50.8380898182035,0.32065361153082345,0.03607389449163737,0.6647106660290282,0.0,4.5,False,8.430300047621131,20,0.1811898191103693,-0.033437845705728365,0.1,60,-64.6448745727539,24.470966339111328,0.004348799008236361,0.0,-51.37001874156735,24.541289649339756,0.0027790104050888476,4.425000000000005,1,"[{""id"": 50, ""x"": -110.84735870361328, ""y"": 53.9924201965332, ""vx"": -0.08886777609586716, ""vy"": 8.04655933380127, ""r"": 2.5906050205230713}]"
198,9.9,-64.6448745727539,24.470966339111328,0.0027785266797730837,0.0,0.0,0.0,1.0,PlanStatus.FAIL,20,0.1811898191103693,-0.033437845705728365,False,51.059592736324305,0.32065361153082345,0.03607389449163737,0.664668001609843,0.0,4.5,False,8.310799952596426,20,0.1811898191103693,-0.033437845705728365,0.1,60,-64.6448745727539,24.470966339111328,0.004348799008236361,0.0,-51.37001874156735,24.541289649339756,0.0027790104050888476,4.425000000000005,1,"[{""id"": 50, ""x"": -110.85189056396484, ""y"": 54.39480209350586, ""vx"": -0.08894417434930801, ""vy"": 8.048299789428711, ""r"": 2.5906050205230713}]"
199,9.950000000000001,-64.6448745727539,24.470966339111328,0.0027785266797730837,0.0,0.0,0.0,1.0,PlanStatus.FAIL,20,0.1811898191103693,-0.033437845705728365,False,51.28304130197366,0.32065361153082345,0.03607389449163737,0.6646253358502174,0.0,4.5,False,8.06890008971095,20,0.1811898191103693,-0.033437845705728365,0.1,60,-64.6448745727539,24.470966339111328,0.004348799008236361,0.0,-51.37001874156735,24.541289649339756,0.0027790104050888476,4.425000000000005,1,"[{""id"": 50, ""x"": -110.85625457763672, ""y"": 54.797264099121094, ""vx"": -0.0889468565583229, ""vy"": 8.04977798461914, ""r"": 2.5906050205230713}]"
200,10.0,-64.6448745727539,24.470966339111328,0.0027785266797730837,0.0,0.0,0.0,1.0,PlanStatus.FAIL,20,0.1811898191103693,-0.033437845705728365,False,51.50868058658502,0.32065361153082345,0.03607389449163737,0.6645826274188695,0.0,4.5,False,7.548500085249543,20,0.1811898191103693,-0.033437845705728365,0.1,60,-64.6448745727539,24.470966339111328,0.004348799008236361,0.0,-51.37001874156735,24.541289649339756,0.0027790104050888476,4.425000000000005,1,"[{""id"": 50, ""x"": -110.86078643798828, ""y"": 55.19978332519531, ""vx"": -0.08894992619752884, ""vy"": 8.0507173538208, ""r"": 2.5906050205230713}]"
201,10.05,-64.6448745727539,24.470966339111328,0.0027785266797730837,0.0,0.0,0.0,1.0,PlanStatus.FAIL,20,0.1811898191103693,-0.033437845705728365,False,51.73617919477011,0.32065361153082345,0.03607389449163737,0.664539944201807,0.0,4.5,False,8.028100011870265,20,0.1811898191103693,-0.033437845705728365,0.1,60,-64.6448745727539,24.470966339111328,0.004348799008236361,0.0,-51.37001874156735,24.541289649339756,0.0027790104050888476,4.425000000000005,1,"[{""id"": 50, ""x"": -110.86514282226562, ""y"": 55.60232162475586, ""vx"": -0.08892475813627243, ""vy"": 8.051018714904785, ""r"": 2.5906050205230713}]"
202,10.100000000000001,-64.6448745727539,24.470966339111328,0.0027785266797730837,0.0,0.0,0.0,1.0,PlanStatus.FAIL,20,0.1811898191103693,-0.033437845705728365,False,51.9657961363096,0.32065361153082345,0.03607389449163737,0.6644972424941191,0.0,4.5,False,7.565400097519159,20,0.1811898191103693,-0.033437845705728365,0.1,60,-64.6448745727539,24.470966339111328,0.004348799008236361,0.0,-51.37001874156735,24.541289649339756,0.0027790104050888476,4.425000000000005,1,"[{""id"": 50, ""x"": -110.86967468261719, ""y"": 56.00486373901367, ""vx"": -0.08891665190458298, ""vy"": 8.050736427307129, ""r"": 2.5906050205230713}]"
203,10.15,-64.6448745727539,24.470966339111328,0.0027785266797730837,0.0,0.0,0.0,1.0,PlanStatus.FAIL,20,0.1811898191103693,-0.033437845705728365,False,52.19723496433923,0.32065361153082345,0.03607389449163737,0.6644545821390989,0.0,4.5,False,7.991099962964654,20,0.1811898191103693,-0.033437845705728365,0.1,60,-64.6448745727539,24.470966339111328,0.004348799008236361,0.0,-51.37001874156735,24.541289649339756,0.0027790104050888476,4.425000000000005,1,"[{""id"": 50, ""x"": -110.87407684326172, ""y"": 56.40737533569336, ""vx"": -0.09063924849033356, ""vy"": 8.05002212524414, ""r"": 2.5906050205230713}]"
204,10.200000000000001,-64.6448745727539,24.470966339111328,0.0027785266797730837,0.0,0.0,0.0,1.0,PlanStatus.FAIL,20,0.1811898191103693,-0.033437845705728365,False,52.43071420935173,0.32065361153082345,0.03607389449163737,0.6644119272900061,0.0,4.5,False,7.5732998084276915,20,0.1811898191103693,-0.033437845705728365,0.1,60,-64.6448745727539,24.470966339111328,0.004348799008236361,0.0,-51.37001874156735,24.541289649339756,0.0027790104050888476,4.425000000000005,1,"[{""id"": 50, ""x"": -110.87864685058594, ""y"": 56.809852600097656, ""vx"": -0.08949383348226547, ""vy"": 8.049164772033691, ""r"": 2.5906050205230713}]"
205,10.25,-64.6448745727539,24.470966339111328,0.0027785266797730837,0.0,0.0,0.0,1.0,PlanStatus.FAIL,20,0.1811898191103693,-0.033437845705728365,False,52.66593983020744,0.32065361153082345,0.03607389449163737,0.6643693358340614,0.0,4.5,False,8.161599980667233,20,0.1811898191103693,-0.033437845705728365,0.1,60,-64.6448745727539,24.470966339111328,0.004348799008236361,0.0,-51.37001874156735,24.541289649339756,0.0027790104050888476,4.425000000000005,1,"[{""id"": 50, ""x"": -110.88306427001953, ""y"": 57.212284088134766, ""vx"": -0.08942008018493652, ""vy"": 8.048335075378418, ""r"": 2.5906050205230713}]"
206,10.3,-64.6448745727539,24.470966339111328,0.0027785266797730837,0.0,0.0,0.0,1.0,PlanStatus.FAIL,20,0.1811898191103693,-0.033437845705728365,False,52.903143869720715,0.32065361153082345,0.03607389449163737,0.6643267696901014,0.0,4.5,False,10.423700092360377,20,0.1811898191103693,-0.033437845705728365,0.1,60,-64.6448745727539,24.470966339111328,0.004348799008236361,0.0,-51.37001874156735,24.541289649339756,0.0027790104050888476,4.425000000000005,1,"[{""id"": 50, ""x"": -110.88763427734375, ""y"": 57.614681243896484, ""vx"": -0.08941037207841873, ""vy"": 8.047723770141602, ""r"": 2.5906050205230713}]"
207,10.350000000000001,-64.6448745727539,24.470966339111328,0.0027785266797730837,0.0,0.0,0.0,1.0,PlanStatus.FAIL,20,0.1811898191103693,-0.033437845705728365,False,53.142048334185894,0.32065361153082345,0.03607389449163737,0.664284282489534,0.0,4.5,False,8.991400012746453,20,0.1811898191103693,-0.033437845705728365,0.1,60,-64.6448745727539,24.470966339111328,0.004348799008236361,0.0,-51.37001874156735,24.541289649339756,0.0027790104050888476,4.425000000000005,1,"[{""id"": 50, ""x"": -110.89203643798828, ""y"": 58.01705551147461, ""vx"": -0.0894007459282875, ""vy"": 8.047417640686035, ""r"": 2.5906050205230713}]"
208,10.4,-64.6448745727539,24.470966339111328,0.0027785266797730837,0.0,0.0,0.0,1.0,PlanStatus.FAIL,20,0.1811898191103693,-0.033437845705728365,False,53.382923410477055,0.32065361153082345,0.03607389449163737,0.6642418298284589,0.0,4.5,False,9.122799849137664,20,0.1811898191103693,-0.033437845705728365,0.1,60,-64.6448745727539,24.470966339111328,0.004348799008236361,0.0,-51.37001874156735,24.541289649339756,0.0027790104050888476,4.425000000000005,1,"[{""id"": 50, ""x"": -110.89662170410156, ""y"": 58.4194221496582, ""vx"": -0.08941753953695297, ""vy"": 8.0474271774292, ""r"": 2.5906050205230713}]"
209,10.450000000000001,-64.6448745727539,24.470966339111328,0.0027785266797730837,0.0,0.0,0.0,1.0,PlanStatus.FAIL,20,0.1811898191103693,-0.033437845705728365,False,53.62546163154314,0.32065361153082345,0.03607389449163737,0.6641994693788487,0.0,4.5,False,9.756899904459715,20,0.1811898191103693,-0.033437845705728365,0.1,60,-64.6448745727539,24.470966339111328,0.004348799008236361,0.0,-51.37001874156735,24.541289649339756,0.0027790104050888476,4.425000000000005,1,"[{""id"": 50, ""x"": -110.9010238647461, ""y"": 58.821800231933594, ""vx"": -0.08941739797592163, ""vy"": 8.047690391540527, ""r"": 2.5906050205230713}]"
210,10.5,-64.6448745727539,24.470966339111328,0.0027785266797730837,0.0,0.0,0.0,1.0,PlanStatus.FAIL,20,0.1811898191103693,-0.033437845705728365,False,53.86993355534073,0.32065361153082345,0.03607389449163737,0.6641571572038394,0.0,4.5,False,9.585499996319413,20,0.1811898191103693,-0.033437845705728365,0.1,60,-64.6448745727539,24.470966339111328,0.004348799008236361,0.0,-51.37001874156735,24.541289649339756,0.0027790104050888476,4.425000000000005,1,"[{""id"": 50, ""x"": -110.90560150146484, ""y"": 59.22419738769531, ""vx"": -0.08943651616573334, ""vy"": 8.048102378845215, ""r"": 2.5906050205230713}]"
211,10.55,-64.6448745727539,24.470966339111328,0.0027785266797730837,0.0,0.0,0.0,1.0,PlanStatus.FAIL,20,0.1811898191103693,-0.033437845705728365,False,54.116035780490925,0.32065361153082345,0.03607389449163737,0.664114948983344,0.0,4.5,False,9.035400114953518,20,0.1811898191103693,-0.033437845705728365,0.1,60,-64.6448745727539,24.470966339111328,0.004348799008236361,0.0,-51.37001874156735,24.541289649339756,0.0027790104050888476,4.425000000000005,1,"[{""id"": 50, ""x"": -110.91000366210938, ""y"": 59.62661361694336, ""vx"": -0.08943478018045425, ""vy"": 8.048543930053711, ""r"": 2.5906050205230713}]"
212,10.600000000000001,-64.6448745727539,24.470966339111328,0.0027785266797730837,0.0,0.0,0.0,1.0,PlanStatus.FAIL,20,0.1811898191103693,-0.033437845705728365,False,54.364037004909584,0.32065361153082345,0.03607389449163737,0.6640728016462288,0.0,4.5,False,8.646100061014295,20,0.1811898191103693,-0.033437845705728365,0.1,60,-64.6448745727539,24.470966339111328,0.004348799008236361,0.0,-51.37001874156735,24.541289649339756,0.0027790104050888476,4.425000000000005,1,"[{""id"": 50, ""x"": -110.91458892822266, ""y"": 60.029056549072266, ""vx"": -0.08945070952177048, ""vy"": 8.048914909362793, ""r"": 2.5906050205230713}]"
213,10.65,-64.6448745727539,24.470966339111328,0.0027785266797730837,0.0,0.0,0.0,1.0,PlanStatus.FAIL,20,0.1811898191103693,-0.033437845705728365,False,54.61363092011428,0.32065361153082345,0.03607389449163737,0.6640307701058067,0.0,4.5,False,9.137099841609597,20,0.1811898191103693,-0.033437845705728365,0.1,60,-64.6448745727539,24.470966339111328,0.004348799008236361,0.0,-51.37001874156735,24.541289649339756,0.0027790104050888476,4.425000000000005,1,"[{""id"": 50, ""x"": -110.91901397705078, ""y"": 60.4315071105957, ""vx"": -0.09119512140750885, ""vy"": 8.049124717712402, ""r"": 2.5906050205230713}]"
214,10.700000000000001,-64.6448745727539,24.470966339111328,0.0027785266797730837,0.0,0.0,0.0,1.0,PlanStatus.FAIL,20,0.1811898191103693,-0.033437845705728365,False,54.86501806319767,0.32065361153082345,0.03607389449163737,0.6639888231332876,0.0,4.5,False,9.426900185644627,20,0.1811898191103693,-0.033437845705728365,0.1,60,-64.6448745727539,24.470966339111328,0.004348799008236361,0.0,-51.37001874156735,24.541289649339756,0.0027790104050888476,4.425000000000005,1,"[{""id"": 50, ""x"": -110.92355346679688, ""y"": 60.8339729309082, ""vx"": -0.08831768482923508, ""vy"": 8.049223899841309, ""r"": 2.5906050205230713}]"
215,10.75,-64.6448745727539,24.470966339111328,0.0027785266797730837,0.0,0.0,0.0,1.0,PlanStatus.FAIL,20,0.1811898191103693,-0.033437845705728365,False,55.117999130824124,0.32065361153082345,0.03607389449163737,0.6639469964661362,0.0,4.5,False,9.225999936461449,20,0.1811898191103693,-0.033437845705728365,0.1,60,-64.6448745727539,24.470966339111328,0.004348799008236361,0.0,-51.37001874156735,24.541289649339756,0.0027790104050888476,4.425000000000005,1,"[{""id"": 50, ""x"": -110.92799377441406, ""y"": 61.2364387512207, ""vx"": -0.0918702483177185, ""vy"": 8.049104690551758, ""r"": 2.5906050205230713}]"
216,10.8,-64.6448745727539,24.470966339111328,0.0027785266797730837,0.0,0.0,0.0,1.0,PlanStatus.FAIL,20,0.1811898191103693,-0.033437845705728365,False,55.37271429889057,0.32065361153082345,0.03607389449163737,0.6639052692094534,0.0,4.5,False,7.801100146025419,20,0.1811898191103693,-0.033437845705728365,0.1,60,-64.6448745727539,24.470966339111328,0.004348799008236361,0.0,-51.37001874156735,24.541289649339756,0.0027790104050888476,4.425000000000005,1,"[{""id"": 50, ""x"": -110.93255615234375, ""y"": 61.638885498046875, ""vx"": -0.08855857700109482, ""vy"": 8.04896068572998, ""r"": 2.5906050205230713}]"
217,10.850000000000001,-64.6448745727539,24.470966339111328,0.0027785266797730837,0.0,0.0,0.0,1.0,PlanStatus.FAIL,20,0.1811898191103693,-0.033437845705728365,False,55.628955109622645,0.32065361153082345,0.03607389449163737,0.6638636775796442,0.0,4.5,False,7.5865997932851315,20,0.1811898191103693,-0.033437845705728365,0.1,60,-64.6448745727539,24.470966339111328,0.004348799008236361,0.0,-51.37001874156735,24.541289649339756,0.0027790104050888476,4.425000000000005,1,"[{""id"": 50, ""x"": -110.9369888305664, ""y"": 62.04132843017578, ""vx"": -0.0913776382803917, ""vy"": 8.048705101013184, ""r"": 2.5906050205230713}]"
218,10.9,-64.6448745727539,24.470966339111328,0.0027785266797730837,0.0,0.0,0.0,1.0,PlanStatus.FAIL,20,0.1811898191103693,-0.033437845705728365,False,55.88693299086287,0.32065361153082345,0.03607389449163737,0.6638221892720912,0.0,4.5,False,7.734700106084347,20,0.1811898191103693,-0.033437845705728365,0.1,60,-64.6448745727539,24.470966339111328,0.004348799008236361,0.0,-51.37001874156735,24.541289649339756,0.0027790104050888476,4.425000000000005,1,"[{""id"": 50, ""x"": -110.94159698486328, ""y"": 62.44375991821289, ""vx"": -0.09028711169958115, ""vy"": 8.048511505126953, ""r"": 2.5906050205230713}]"
219,10.950000000000001,-64.6448745727539,24.470966339111328,0.0027785266797730837,0.0,0.0,0.0,1.0,PlanStatus.FAIL,20,0.1811898191103693,-0.033437845705728365,False,,0.32065361153082345,0.03607389449163737,0.6548757141880736,0.0,4.5,False,8.012699894607067,20,0.1811898191103693,-0.033437845705728365,0.1,60,-64.6448745727539,24.470966339111328,0.004348799008236361,0.0,-51.37001874156735,24.541289649339756,0.0027790104050888476,4.425000000000005,0,[]
220,11.0,-64.6448745727539,24.470966339111328,0.0027785266797730837,0.0,0.0,0.0,1.0,PlanStatus.FAIL,20,0.1811898191103693,-0.033437845705728365,False,,0.32065361153082345,0.03607389449163737,0.6548757141880736,0.0,4.5,False,7.517399964854121,20,0.1811898191103693,-0.033437845705728365,0.1,60,-64.6448745727539,24.470966339111328,0.004348799008236361,0.0,-51.37001874156735,24.541289649339756,0.0027790104050888476,4.425000000000005,0,[]
221,11.05,-64.6448745727539,24.470966339111328,0.0027785266797730837,0.0,0.0,0.0,1.0,PlanStatus.FAIL,20,0.1811898191103693,-0.033437845705728365,False,,0.32065361153082345,0.03607389449163737,0.6548757141880736,0.0,4.5,False,7.988999830558896,20,0.1811898191103693,-0.033437845705728365,0.1,60,-64.6448745727539,24.470966339111328,0.004348799008236361,0.0,-51.37001874156735,24.541289649339756,0.0027790104050888476,4.425000000000005,0,[]
222,11.100000000000001,-64.6448745727539,24.470966339111328,0.0027785266797730837,0.0,0.0,0.0,1.0,PlanStatus.FAIL,20,0.1811898191103693,-0.033437845705728365,False,,0.32065361153082345,0.03607389449163737,0.6548757141880736,0.0,4.5,False,8.349800016731024,20,0.1811898191103693,-0.033437845705728365,0.1,60,-64.6448745727539,24.470966339111328,0.004348799008236361,0.0,-51.37001874156735,24.541289649339756,0.0027790104050888476,4.425000000000005,0,[]
223,11.15,-64.6448745727539,24.470966339111328,0.0027785266797730837,0.0,0.0,0.0,1.0,PlanStatus.FAIL,20,0.1811898191103693,-0.033437845705728365,False,,0.32065361153082345,0.03607389449163737,0.6548757141880736,0.0,4.5,False,8.402199950069189,20,0.1811898191103693,-0.033437845705728365,0.1,60,-64.6448745727539,24.470966339111328,0.004348799008236361,0.0,-51.37001874156735,24.541289649339756,0.0027790104050888476,4.425000000000005,0,[]
224,11.200000000000001,-64.6448745727539,24.470966339111328,0.0027785266797730837,0.0,0.0,0.0,1.0,PlanStatus.FAIL,20,0.1811898191103693,-0.033437845705728365,False,,0.32065361153082345,0.03607389449163737,0.6548757141880736,0.0,4.5,False,7.7931999694556,20,0.1811898191103693,-0.033437845705728365,0.1,60,-64.6448745727539,24.470966339111328,0.004348799008236361,0.0,-51.37001874156735,24.541289649339756,0.0027790104050888476,4.425000000000005,0,[]
225,11.25,-64.6448745727539,24.470966339111328,0.0027785266797730837,0.0,0.0,0.0,1.0,PlanStatus.FAIL,20,0.1811898191103693,-0.033437845705728365,False,,0.32065361153082345,0.03607389449163737,0.6548757141880736,0.0,4.5,False,7.540100021287799,20,0.1811898191103693,-0.033437845705728365,0.1,60,-64.6448745727539,24.470966339111328,0.004348799008236361,0.0,-51.37001874156735,24.541289649339756,0.0027790104050888476,4.425000000000005,0,[]
226,11.3,-64.6448745727539,24.470966339111328,0.0027785266797730837,0.0,0.0,0.0,1.0,PlanStatus.FAIL,20,0.1811898191103693,-0.033437845705728365,False,,0.32065361153082345,0.03607389449163737,0.6548757141880736,0.0,4.5,False,8.329100208356977,20,0.1811898191103693,-0.033437845705728365,0.1,60,-64.6448745727539,24.470966339111328,0.004348799008236361,0.0,-51.37001874156735,24.541289649339756,0.0027790104050888476,4.425000000000005,0,[]
227,11.350000000000001,-64.6448745727539,24.470966339111328,0.0027785266797730837,0.0,0.0,0.0,1.0,PlanStatus.FAIL,20,0.1811898191103693,-0.033437845705728365,False,,0.32065361153082345,0.03607389449163737,0.6548757141880736,0.0,4.5,False,7.452900055795908,20,0.1811898191103693,-0.033437845705728365,0.1,60,-64.6448745727539,24.470966339111328,0.004348799008236361,0.0,-51.37001874156735,24.541289649339756,0.0027790104050888476,4.425000000000005,0,[]
228,11.4,-64.6448745727539,24.470966339111328,0.0027785266797730837,0.0,0.0,0.0,1.0,PlanStatus.FAIL,20,0.1811898191103693,-0.033437845705728365,False,,0.32065361153082345,0.03607389449163737,0.6548757141880736,0.0,4.5,False,7.071099942550063,20,0.1811898191103693,-0.033437845705728365,0.1,60,-64.6448745727539,24.470966339111328,0.004348799008236361,0.0,-51.37001874156735,24.541289649339756,0.0027790104050888476,4.425000000000005,0,[]
229,11.450000000000001,-64.6448745727539,24.470966339111328,0.0027785266797730837,0.0,0.0,0.0,1.0,PlanStatus.FAIL,20,0.1811898191103693,-0.033437845705728365,False,,0.32065361153082345,0.03607389449163737,0.6548757141880736,0.0,4.5,False,7.242900086566806,20,0.1811898191103693,-0.033437845705728365,0.1,60,-64.6448745727539,24.470966339111328,0.004348799008236361,0.0,-51.37001874156735,24.541289649339756,0.0027790104050888476,4.425000000000005,0,[]
230,11.5,-64.6448745727539,24.470966339111328,0.0027785266797730837,0.0,0.0,0.0,1.0,PlanStatus.FAIL,20,0.1811898191103693,-0.033437845705728365,False,,0.32065361153082345,0.03607389449163737,0.6548757141880736,0.0,4.5,False,7.024999940767884,20,0.1811898191103693,-0.033437845705728365,0.1,60,-64.6448745727539,24.470966339111328,0.004348799008236361,0.0,-51.37001874156735,24.541289649339756,0.0027790104050888476,4.425000000000005,0,[]
231,11.55,-64.6448745727539,24.470966339111328,0.0027785266797730837,0.0,0.0,0.0,1.0,PlanStatus.FAIL,20,0.1811898191103693,-0.033437845705728365,False,,0.32065361153082345,0.03607389449163737,0.6548757141880736,0.0,4.5,False,7.581200217828155,20,0.1811898191103693,-0.033437845705728365,0.1,60,-64.6448745727539,24.470966339111328,0.004348799008236361,0.0,-51.37001874156735,24.541289649339756,0.0027790104050888476,4.425000000000005,0,[]
232,11.600000000000001,-64.6448745727539,24.470966339111328,0.0027785266797730837,0.0,0.0,0.0,1.0,PlanStatus.FAIL,20,0.1811898191103693,-0.033437845705728365,False,,0.32065361153082345,0.03607389449163737,0.6548757141880736,0.0,4.5,False,7.203199900686741,20,0.1811898191103693,-0.033437845705728365,0.1,60,-64.6448745727539,24.470966339111328,0.004348799008236361,0.0,-51.37001874156735,24.541289649339756,0.0027790104050888476,4.425000000000005,0,[]
233,11.65,-64.6448745727539,24.470966339111328,0.0027785266797730837,0.0,0.0,0.0,1.0,PlanStatus.FAIL,20,0.1811898191103693,-0.033437845705728365,False,,0.32065361153082345,0.03607389449163737,0.6548757141880736,0.0,4.5,False,7.028300082311034,20,0.1811898191103693,-0.033437845705728365,0.1,60,-64.6448745727539,24.470966339111328,0.004348799008236361,0.0,-51.37001874156735,24.541289649339756,0.0027790104050888476,4.425000000000005,0,[]
234,11.700000000000001,-64.6448745727539,24.470966339111328,0.0027785266797730837,0.0,0.0,0.0,1.0,PlanStatus.FAIL,20,0.1811898191103693,-0.033437845705728365,False,,0.32065361153082345,0.03607389449163737,0.6548757141880736,0.0,4.5,False,7.213599979877472,20,0.1811898191103693,-0.033437845705728365,0.1,60,-64.6448745727539,24.470966339111328,0.004348799008236361,0.0,-51.37001874156735,24.541289649339756,0.0027790104050888476,4.425000000000005,0,[]
235,11.75,-64.6448745727539,24.470966339111328,0.0027785266797730837,0.0,0.0,0.0,1.0,PlanStatus.FAIL,20,0.1811898191103693,-0.033437845705728365,False,,0.32065361153082345,0.03607389449163737,0.6548757141880736,0.0,4.5,False,6.876700092107058,20,0.1811898191103693,-0.033437845705728365,0.1,60,-64.6448745727539,24.470966339111328,0.004348799008236361,0.0,-51.37001874156735,24.541289649339756,0.0027790104050888476,4.425000000000005,0,[]
236,11.8,-64.6448745727539,24.470966339111328,0.0027785266797730837,0.0,0.0,0.0,1.0,PlanStatus.FAIL,20,0.1811898191103693,-0.033437845705728365,False,,0.32065361153082345,0.03607389449163737,0.6548757141880736,0.0,4.5,False,6.8623998668044806,20,0.1811898191103693,-0.033437845705728365,0.1,60,-64.6448745727539,24.470966339111328,0.004348799008236361,0.0,-51.37001874156735,24.541289649339756,0.0027790104050888476,4.425000000000005,0,[]
237,11.850000000000001,-64.6448745727539,24.470966339111328,0.0027785266797730837,0.0,0.0,0.0,1.0,PlanStatus.FAIL,20,0.1811898191103693,-0.033437845705728365,False,,0.32065361153082345,0.03607389449163737,0.6548757141880736,0.0,4.5,False,7.199899991974235,20,0.1811898191103693,-0.033437845705728365,0.1,60,-64.6448745727539,24.470966339111328,0.004348799008236361,0.0,-51.37001874156735,24.541289649339756,0.0027790104050888476,4.425000000000005,0,[]
238,11.9,-64.6448745727539,24.470966339111328,0.0027785266797730837,0.0,0.0,0.0,1.0,PlanStatus.FAIL,20,0.1811898191103693,-0.033437845705728365,False,,0.32065361153082345,0.03607389449163737,0.6548757141880736,0.0,4.5,False,7.86999985575676,20,0.1811898191103693,-0.033437845705728365,0.1,60,-64.6448745727539,24.470966339111328,0.004348799008236361,0.0,-51.37001874156735,24.541289649339756,0.0027790104050888476,4.425000000000005,0,[]
239,11.950000000000001,-64.6448745727539,24.470966339111328,0.0027785266797730837,0.0,0.0,0.0,1.0,PlanStatus.FAIL,20,0.1811898191103693,-0.033437845705728365,False,,0.32065361153082345,0.03607389449163737,0.6548757141880736,0.0,4.5,False,7.2916001081466675,20,0.1811898191103693,-0.033437845705728365,0.1,60,-64.6448745727539,24.470966339111328,0.004348799008236361,0.0,-51.37001874156735,24.541289649339756,0.0027790104050888476,4.425000000000005,0,[]
240,12.0,-64.6448745727539,24.470966339111328,0.0027785266797730837,0.0,0.0,0.0,1.0,PlanStatus.FAIL,20,0.1811898191103693,-0.033437845705728365,False,,0.32065361153082345,0.03607389449163737,0.6548757141880736,0.0,4.5,False,10.19980013370514,20,0.1811898191103693,-0.033437845705728365,0.1,60,-64.6448745727539,24.470966339111328,0.004348799008236361,0.0,-51.37001874156735,24.541289649339756,0.0027790104050888476,4.425000000000005,0,[]
241,12.05,-64.6448745727539,24.470966339111328,0.0027785266797730837,0.0,0.0,0.0,1.0,PlanStatus.FAIL,20,0.1811898191103693,-0.033437845705728365,False,,0.32065361153082345,0.03607389449163737,0.6548757141880736,0.0,4.5,False,8.107600035145879,20,0.1811898191103693,-0.033437845705728365,0.1,60,-64.6448745727539,24.470966339111328,0.004348799008236361,0.0,-51.37001874156735,24.541289649339756,0.0027790104050888476,4.425000000000005,0,[]
242,12.100000000000001,-64.6448745727539,24.470966339111328,0.0027785266797730837,0.0,0.0,0.0,1.0,PlanStatus.FAIL,20,0.1811898191103693,-0.033437845705728365,False,,0.32065361153082345,0.03607389449163737,0.6548757141880736,0.0,4.5,False,8.0657999496907,20,0.1811898191103693,-0.033437845705728365,0.1,60,-64.6448745727539,24.470966339111328,0.004348799008236361,0.0,-51.37001874156735,24.541289649339756,0.0027790104050888476,4.425000000000005,0,[]
243,12.15,-64.6448745727539,24.470966339111328,0.0027785266797730837,0.0,0.0,0.0,1.0,PlanStatus.FAIL,20,0.1811898191103693,-0.033437845705728365,False,,0.32065361153082345,0.03607389449163737,0.6548757141880736,0.0,4.5,False,8.715000003576279,20,0.1811898191103693,-0.033437845705728365,0.1,60,-64.6448745727539,24.470966339111328,0.004348799008236361,0.0,-51.37001874156735,24.541289649339756,0.0027790104050888476,4.425000000000005,0,[]
244,12.200000000000001,-64.6448745727539,24.470966339111328,0.0027785266797730837,0.0,0.0,0.0,1.0,PlanStatus.FAIL,20,0.1811898191103693,-0.033437845705728365,False,,0.32065361153082345,0.03607389449163737,0.6548757141880736,0.0,4.5,False,8.149599889293313,20,0.1811898191103693,-0.033437845705728365,0.1,60,-64.6448745727539,24.470966339111328,0.004348799008236361,0.0,-51.37001874156735,24.541289649339756,0.0027790104050888476,4.425000000000005,0,[]
245,12.25,-64.6448745727539,24.470966339111328,0.0027785266797730837,0.0,0.0,0.0,1.0,PlanStatus.FAIL,20,0.1811898191103693,-0.033437845705728365,False,,0.32065361153082345,0.03607389449163737,0.6548757141880736,0.0,4.5,False,8.926199981942773,20,0.1811898191103693,-0.033437845705728365,0.1,60,-64.6448745727539,24.470966339111328,0.004348799008236361,0.0,-51.37001874156735,24.541289649339756,0.0027790104050888476,4.425000000000005,0,[]
246,12.3,-64.6448745727539,24.470966339111328,0.0027785266797730837,0.0,0.0,0.0,1.0,PlanStatus.FAIL,20,0.1811898191103693,-0.033437845705728365,False,,0.32065361153082345,0.03607389449163737,0.6548757141880736,0.0,4.5,False,7.906900020316243,20,0.1811898191103693,-0.033437845705728365,0.1,60,-64.6448745727539,24.470966339111328,0.004348799008236361,0.0,-51.37001874156735,24.541289649339756,0.0027790104050888476,4.425000000000005,0,[]
247,12.350000000000001,-64.6448745727539,24.470966339111328,0.0027785266797730837,0.0,0.0,0.0,1.0,PlanStatus.FAIL,20,0.1811898191103693,-0.033437845705728365,False,,0.32065361153082345,0.03607389449163737,0.6548757141880736,0.0,4.5,False,9.011900052428246,20,0.1811898191103693,-0.033437845705728365,0.1,60,-64.6448745727539,24.470966339111328,0.004348799008236361,0.0,-51.37001874156735,24.541289649339756,0.0027790104050888476,4.425000000000005,0,[]
248,12.4,-64.6448745727539,24.470966339111328,0.0027785266797730837,0.0,0.0,0.0,1.0,PlanStatus.FAIL,20,0.1811898191103693,-0.033437845705728365,False,,0.32065361153082345,0.03607389449163737,0.6548757141880736,0.0,4.5,False,8.83289985358715,20,0.1811898191103693,-0.033437845705728365,0.1,60,-64.6448745727539,24.470966339111328,0.004348799008236361,0.0,-51.37001874156735,24.541289649339756,0.0027790104050888476,4.425000000000005,0,[]
249,12.450000000000001,-64.6448745727539,24.470966339111328,0.0027785266797730837,0.0,0.0,0.0,1.0,PlanStatus.FAIL,20,0.1811898191103693,-0.033437845705728365,False,,0.32065361153082345,0.03607389449163737,0.6548757141880736,0.0,4.5,False,8.966899942606688,20,0.1811898191103693,-0.033437845705728365,0.1,60,-64.6448745727539,24.470966339111328,0.004348799008236361,0.0,-51.37001874156735,24.541289649339756,0.0027790104050888476,4.425000000000005,0,[]
250,12.5,-64.6448745727539,24.470966339111328,0.0027785266797730837,0.0,0.0,0.0,1.0,PlanStatus.FAIL,20,0.1811898191103693,-0.033437845705728365,False,,0.32065361153082345,0.03607389449163737,0.6548757141880736,0.0,4.5,False,10.216999799013138,20,0.1811898191103693,-0.033437845705728365,0.1,60,-64.6448745727539,24.470966339111328,0.004348799008236361,0.0,-51.37001874156735,24.541289649339756,0.0027790104050888476,4.425000000000005,0,[]
251,12.55,-64.6448745727539,24.470966339111328,0.0027785266797730837,0.0,0.0,0.0,1.0,PlanStatus.FAIL,20,0.1811898191103693,-0.033437845705728365,False,,0.32065361153082345,0.03607389449163737,0.6548757141880736,0.0,4.5,False,8.97710002027452,20,0.1811898191103693,-0.033437845705728365,0.1,60,-64.6448745727539,24.470966339111328,0.004348799008236361,0.0,-51.37001874156735,24.541289649339756,0.0027790104050888476,4.425000000000005,0,[]
252,12.600000000000001,-64.6448745727539,24.470966339111328,0.0027785266797730837,0.0,0.0,0.0,1.0,PlanStatus.FAIL,20,0.1811898191103693,-0.033437845705728365,False,,0.32065361153082345,0.03607389449163737,0.6548757141880736,0.0,4.5,False,8.992499904707074,20,0.1811898191103693,-0.033437845705728365,0.1,60,-64.6448745727539,24.470966339111328,0.004348799008236361,0.0,-51.37001874156735,24.541289649339756,0.0027790104050888476,4.425000000000005,0,[]
253,12.65,-64.6448745727539,24.470966339111328,0.0027785266797730837,0.0,0.0,0.0,1.0,PlanStatus.FAIL,20,0.1811898191103693,-0.033437845705728365,False,,0.32065361153082345,0.03607389449163737,0.6548757141880736,0.0,4.5,False,7.439999841153622,20,0.1811898191103693,-0.033437845705728365,0.1,60,-64.6448745727539,24.470966339111328,0.004348799008236361,0.0,-51.37001874156735,24.541289649339756,0.0027790104050888476,4.425000000000005,0,[]
254,12.700000000000001,-64.6448745727539,24.470966339111328,0.0027785266797730837,0.0,0.0,0.0,1.0,PlanStatus.FAIL,20,0.1811898191103693,-0.033437845705728365,False,,0.32065361153082345,0.03607389449163737,0.6548757141880736,0.0,4.5,False,7.220399798825383,20,0.1811898191103693,-0.033437845705728365,0.1,60,-64.6448745727539,24.470966339111328,0.004348799008236361,0.0,-51.37001874156735,24.541289649339756,0.0027790104050888476,4.425000000000005,0,[]
255,12.75,-64.6448745727539,24.470966339111328,0.0027785266797730837,0.0,0.0,0.0,1.0,PlanStatus.FAIL,20,0.1811898191103693,-0.033437845705728365,False,,0.32065361153082345,0.03607389449163737,0.6548757141880736,0.0,4.5,False,9.014100069180131,20,0.1811898191103693,-0.033437845705728365,0.1,60,-64.6448745727539,24.470966339111328,0.004348799008236361,0.0,-51.37001874156735,24.541289649339756,0.0027790104050888476,4.425000000000005,0,[]
256,12.8,-64.6448745727539,24.470966339111328,0.0027785266797730837,0.0,0.0,0.0,1.0,PlanStatus.FAIL,20,0.1811898191103693,-0.033437845705728365,False,,0.32065361153082345,0.03607389449163737,0.6548757141880736,0.0,4.5,False,8.536400040611625,20,0.1811898191103693,-0.033437845705728365,0.1,60,-64.6448745727539,24.470966339111328,0.004348799008236361,0.0,-51.37001874156735,24.541289649339756,0.0027790104050888476,4.425000000000005,0,[]
257,12.850000000000001,-64.6448745727539,24.470966339111328,0.0027785266797730837,0.0,0.0,0.0,1.0,PlanStatus.FAIL,20,0.1811898191103693,-0.033437845705728365,False,,0.32065361153082345,0.03607389449163737,0.6548757141880736,0.0,4.5,False,7.834200048819184,20,0.1811898191103693,-0.033437845705728365,0.1,60,-64.6448745727539,24.470966339111328,0.004348799008236361,0.0,-51.37001874156735,24.541289649339756,0.0027790104050888476,4.425000000000005,0,[]
258,12.9,-64.6448745727539,24.470966339111328,0.0027785266797730837,0.0,0.0,0.0,1.0,PlanStatus.FAIL,20,0.1811898191103693,-0.033437845705728365,False,,0.32065361153082345,0.03607389449163737,0.6548757141880736,0.0,4.5,False,6.9161998108029366,20,0.1811898191103693,-0.033437845705728365,0.1,60,-64.6448745727539,24.470966339111328,0.004348799008236361,0.0,-51.37001874156735,24.541289649339756,0.0027790104050888476,4.425000000000005,0,[]
259,12.950000000000001,-64.6448745727539,24.470966339111328,0.0027785266797730837,0.0,0.0,0.0,1.0,PlanStatus.FAIL,20,0.1811898191103693,-0.033437845705728365,False,,0.32065361153082345,0.03607389449163737,0.6548757141880736,0.0,4.5,False,7.008000044152141,20,0.1811898191103693,-0.033437845705728365,0.1,60,-64.6448745727539,24.470966339111328,0.004348799008236361,0.0,-51.37001874156735,24.541289649339756,0.0027790104050888476,4.425000000000005,0,[]
260,13.0,-64.6448745727539,24.470966339111328,0.0027785266797730837,0.0,0.0,0.0,1.0,PlanStatus.FAIL,20,0.1811898191103693,-0.033437845705728365,False,,0.32065361153082345,0.03607389449163737,0.6548757141880736,0.0,4.5,False,6.207900121808052,20,0.1811898191103693,-0.033437845705728365,0.1,60,-64.6448745727539,24.470966339111328,0.004348799008236361,0.0,-51.37001874156735,24.541289649339756,0.0027790104050888476,4.425000000000005,0,[]
261,13.05,-64.6448745727539,24.470966339111328,0.0027785266797730837,0.0,0.0,0.0,1.0,PlanStatus.FAIL,20,0.1811898191103693,-0.033437845705728365,False,,0.32065361153082345,0.03607389449163737,0.6548757141880736,0.0,4.5,False,6.562900030985475,20,0.1811898191103693,-0.033437845705728365,0.1,60,-64.6448745727539,24.470966339111328,0.004348799008236361,0.0,-51.37001874156735,24.541289649339756,0.0027790104050888476,4.425000000000005,0,[]
262,13.100000000000001,-64.6448745727539,24.470966339111328,0.0027785266797730837,0.0,0.0,0.0,1.0,PlanStatus.FAIL,20,0.1811898191103693,-0.033437845705728365,False,,0.32065361153082345,0.03607389449163737,0.6548757141880736,0.0,4.5,False,6.9732998963445425,20,0.1811898191103693,-0.033437845705728365,0.1,60,-64.6448745727539,24.470966339111328,0.004348799008236361,0.0,-51.37001874156735,24.541289649339756,0.0027790104050888476,4.425000000000005,0,[]
263,13.15,-64.6448745727539,24.470966339111328,0.0027785266797730837,0.0,0.0,0.0,1.0,PlanStatus.FAIL,20,0.1811898191103693,-0.033437845705728365,False,,0.32065361153082345,0.03607389449163737,0.6548757141880736,0.0,4.5,False,7.03920004889369,20,0.1811898191103693,-0.033437845705728365,0.1,60,-64.6448745727539,24.470966339111328,0.004348799008236361,0.0,-51.37001874156735,24.541289649339756,0.0027790104050888476,4.425000000000005,0,[]
264,13.200000000000001,-64.6448745727539,24.470966339111328,0.0027785266797730837,0.0,0.0,0.0,1.0,PlanStatus.FAIL,20,0.1811898191103693,-0.033437845705728365,False,,0.32065361153082345,0.03607389449163737,0.6548757141880736,0.0,4.5,False,6.268100114539266,20,0.1811898191103693,-0.033437845705728365,0.1,60,-64.6448745727539,24.470966339111328,0.004348799008236361,0.0,-51.37001874156735,24.541289649339756,0.0027790104050888476,4.425000000000005,0,[]
265,13.25,-64.6448745727539,24.470966339111328,0.0027785266797730837,0.0,0.0,0.0,1.0,PlanStatus.FAIL,20,0.1811898191103693,-0.033437845705728365,False,,0.32065361153082345,0.03607389449163737,0.6548757141880736,0.0,4.5,False,6.725100101903081,20,0.1811898191103693,-0.033437845705728365,0.1,60,-64.6448745727539,24.470966339111328,0.004348799008236361,0.0,-51.37001874156735,24.541289649339756,0.0027790104050888476,4.425000000000005,0,[]
266,13.3,-64.6448745727539,24.470966339111328,0.0027785266797730837,0.0,0.0,0.0,1.0,PlanStatus.FAIL,20,0.1811898191103693,-0.033437845705728365,False,,0.32065361153082345,0.03607389449163737,0.6548757141880736,0.0,4.5,False,6.527600111439824,20,0.1811898191103693,-0.033437845705728365,0.1,60,-64.6448745727539,24.470966339111328,0.004348799008236361,0.0,-51.37001874156735,24.541289649339756,0.0027790104050888476,4.425000000000005,0,[]
267,13.350000000000001,-64.6448745727539,24.470966339111328,0.0027785266797730837,0.0,0.0,0.0,1.0,PlanStatus.FAIL,20,0.1811898191103693,-0.033437845705728365,False,,0.32065361153082345,0.03607389449163737,0.6548757141880736,0.0,4.5,False,7.051900029182434,20,0.1811898191103693,-0.033437845705728365,0.1,60,-64.6448745727539,24.470966339111328,0.004348799008236361,0.0,-51.37001874156735,24.541289649339756,0.0027790104050888476,4.425000000000005,0,[]
268,13.4,-64.6448745727539,24.470966339111328,0.0027785266797730837,0.0,0.0,0.0,1.0,PlanStatus.FAIL,20,0.1811898191103693,-0.033437845705728365,False,,0.32065361153082345,0.03607389449163737,0.6548757141880736,0.0,4.5,False,6.823600037023425,20,0.1811898191103693,-0.033437845705728365,0.1,60,-64.6448745727539,24.470966339111328,0.004348799008236361,0.0,-51.37001874156735,24.541289649339756,0.0027790104050888476,4.425000000000005,0,[]
269,13.450000000000001,-64.6448745727539,24.470966339111328,0.0027785266797730837,0.0,0.0,0.0,1.0,PlanStatus.FAIL,20,0.1811898191103693,-0.033437845705728365,False,,0.32065361153082345,0.03607389449163737,0.6548757141880736,0.0,4.5,False,7.310499902814627,20,0.1811898191103693,-0.033437845705728365,0.1,60,-64.6448745727539,24.470966339111328,0.004348799008236361,0.0,-51.37001874156735,24.541289649339756,0.0027790104050888476,4.425000000000005,0,[]
270,13.5,-64.6448745727539,24.470966339111328,0.0027785266797730837,0.0,0.0,0.0,1.0,PlanStatus.FAIL,20,0.1811898191103693,-0.033437845705728365,False,,0.32065361153082345,0.03607389449163737,0.6548757141880736,0.0,4.5,False,6.40650000423193,20,0.1811898191103693,-0.033437845705728365,0.1,60,-64.6448745727539,24.470966339111328,0.004348799008236361,0.0,-51.37001874156735,24.541289649339756,0.0027790104050888476,4.425000000000005,0,[]
271,13.55,-64.6448745727539,24.470966339111328,0.0027785266797730837,0.0,0.0,0.0,1.0,PlanStatus.FAIL,20,0.1811898191103693,-0.033437845705728365,False,,0.32065361153082345,0.03607389449163737,0.6548757141880736,0.0,4.5,False,6.82610017247498,20,0.1811898191103693,-0.033437845705728365,0.1,60,-64.6448745727539,24.470966339111328,0.004348799008236361,0.0,-51.37001874156735,24.541289649339756,0.0027790104050888476,4.425000000000005,0,[]
272,13.600000000000001,-64.6448745727539,24.470966339111328,0.0027785266797730837,0.0,0.0,0.0,1.0,PlanStatus.FAIL,20,0.1811898191103693,-0.033437845705728365,False,,0.32065361153082345,0.03607389449163737,0.6548757141880736,0.0,4.5,False,7.203700020909309,20,0.1811898191103693,-0.033437845705728365,0.1,60,-64.6448745727539,24.470966339111328,0.004348799008236361,0.0,-51.37001874156735,24.541289649339756,0.0027790104050888476,4.425000000000005,0,[]
273,13.65,-64.6448745727539,24.470966339111328,0.0027785266797730837,0.0,0.0,0.0,1.0,PlanStatus.FAIL,20,0.1811898191103693,-0.033437845705728365,False,,0.32065361153082345,0.03607389449163737,0.6548757141880736,0.0,4.5,False,7.3599000461399555,20,0.1811898191103693,-0.033437845705728365,0.1,60,-64.6448745727539,24.470966339111328,0.004348799008236361,0.0,-51.37001874156735,24.541289649339756,0.0027790104050888476,4.425000000000005,0,[]
274,13.700000000000001,-64.6448745727539,24.470966339111328,0.0027785266797730837,0.0,0.0,0.0,1.0,PlanStatus.FAIL,20,0.1811898191103693,-0.033437845705728365,False,,0.32065361153082345,0.03607389449163737,0.6548757141880736,0.0,4.5,False,6.595099810510874,20,0.1811898191103693,-0.033437845705728365,0.1,60,-64.6448745727539,24.470966339111328,0.004348799008236361,0.0,-51.37001874156735,24.541289649339756,0.0027790104050888476,4.425000000000005,0,[]
275,13.75,-64.6448745727539,24.470966339111328,0.0027785266797730837,0.0,0.0,0.0,1.0,PlanStatus.FAIL,20,0.1811898191103693,-0.033437845705728365,False,,0.32065361153082345,0.03607389449163737,0.6548757141880736,0.0,4.5,False,6.961799925193191,20,0.1811898191103693,-0.033437845705728365,0.1,60,-64.6448745727539,24.470966339111328,0.004348799008236361,0.0,-51.37001874156735,24.541289649339756,0.0027790104050888476,4.425000000000005,0,[]
276,13.8,-64.6448745727539,24.470966339111328,0.0027785266797730837,0.0,0.0,0.0,1.0,PlanStatus.FAIL,20,0.1811898191103693,-0.033437845705728365,False,,0.32065361153082345,0.03607389449163737,0.6548757141880736,0.0,4.5,False,6.6738000605255365,20,0.1811898191103693,-0.033437845705728365,0.1,60,-64.6448745727539,24.470966339111328,0.004348799008236361,0.0,-51.37001874156735,24.541289649339756,0.0027790104050888476,4.425000000000005,0,[]
277,13.850000000000001,-64.6448745727539,24.470966339111328,0.0027785266797730837,0.0,0.0,0.0,1.0,PlanStatus.FAIL,20,0.1811898191103693,-0.033437845705728365,False,,0.32065361153082345,0.03607389449163737,0.6548757141880736,0.0,4.5,False,8.85580014437437,20,0.1811898191103693,-0.033437845705728365,0.1,60,-64.6448745727539,24.470966339111328,0.004348799008236361,0.0,-51.37001874156735,24.541289649339756,0.0027790104050888476,4.425000000000005,0,[]
278,13.9,-64.6448745727539,24.470966339111328,0.0027785266797730837,0.0,0.0,0.0,1.0,PlanStatus.FAIL,20,0.1811898191103693,-0.033437845705728365,False,,0.32065361153082345,0.03607389449163737,0.6548757141880736,0.0,4.5,False,6.637800019234419,20,0.1811898191103693,-0.033437845705728365,0.1,60,-64.6448745727539,24.470966339111328,0.004348799008236361,0.0,-51.37001874156735,24.541289649339756,0.0027790104050888476,4.425000000000005,0,[]
279,13.950000000000001,-64.6448745727539,24.470966339111328,0.0027785266797730837,0.0,0.0,0.0,1.0,PlanStatus.FAIL,20,0.1811898191103693,-0.033437845705728365,False,,0.32065361153082345,0.03607389449163737,0.6548757141880736,0.0,4.5,False,6.905799964442849,20,0.1811898191103693,-0.033437845705728365,0.1,60,-64.6448745727539,24.470966339111328,0.004348799008236361,0.0,-51.37001874156735,24.541289649339756,0.0027790104050888476,4.425000000000005,0,[]
280,14.0,-64.6448745727539,24.470966339111328,0.0027785266797730837,0.0,0.0,0.0,1.0,PlanStatus.FAIL,20,0.1811898191103693,-0.033437845705728365,False,,0.32065361153082345,0.03607389449163737,0.6548757141880736,0.0,4.5,False,6.395600037649274,20,0.1811898191103693,-0.033437845705728365,0.1,60,-64.6448745727539,24.470966339111328,0.004348799008236361,0.0,-51.37001874156735,24.541289649339756,0.0027790104050888476,4.425000000000005,0,[]
281,14.05,-64.6448745727539,24.470966339111328,0.0027785266797730837,0.0,0.0,0.0,1.0,PlanStatus.FAIL,20,0.1811898191103693,-0.033437845705728365,False,,0.32065361153082345,0.03607389449163737,0.6548757141880736,0.0,4.5,False,6.29980000667274,20,0.1811898191103693,-0.033437845705728365,0.1,60,-64.6448745727539,24.470966339111328,0.004348799008236361,0.0,-51.37001874156735,24.541289649339756,0.0027790104050888476,4.425000000000005,0,[]
282,14.100000000000001,-64.6448745727539,24.470966339111328,0.0027785266797730837,0.0,0.0,0.0,1.0,PlanStatus.FAIL,20,0.1811898191103693,-0.033437845705728365,False,,0.32065361153082345,0.03607389449163737,0.6548757141880736,0.0,4.5,False,6.5910001285374165,20,0.1811898191103693,-0.033437845705728365,0.1,60,-64.6448745727539,24.470966339111328,0.004348799008236361,0.0,-51.37001874156735,24.541289649339756,0.0027790104050888476,4.425000000000005,0,[]
283,14.15,-64.6448745727539,24.470966339111328,0.0027785266797730837,0.0,0.0,0.0,1.0,PlanStatus.FAIL,20,0.1811898191103693,-0.033437845705728365,False,,0.32065361153082345,0.03607389449163737,0.6548757141880736,0.0,4.5,False,7.134899962693453,20,0.1811898191103693,-0.033437845705728365,0.1,60,-64.6448745727539,24.470966339111328,0.004348799008236361,0.0,-51.37001874156735,24.541289649339756,0.0027790104050888476,4.425000000000005,0,[]
284,14.200000000000001,-64.6448745727539,24.470966339111328,0.0027785266797730837,0.0,0.0,0.0,1.0,PlanStatus.FAIL,20,0.1811898191103693,-0.033437845705728365,False,,0.32065361153082345,0.03607389449163737,0.6548757141880736,0.0,4.5,False,7.007100153714418,20,0.1811898191103693,-0.033437845705728365,0.1,60,-64.6448745727539,24.470966339111328,0.004348799008236361,0.0,-51.37001874156735,24.541289649339756,0.0027790104050888476,4.425000000000005,0,[]
285,14.25,-64.6448745727539,24.470966339111328,0.0027785266797730837,0.0,0.0,0.0,1.0,PlanStatus.FAIL,20,0.1811898191103693,-0.033437845705728365,False,,0.32065361153082345,0.03607389449163737,0.6548757141880736,0.0,4.5,False,8.163300110027194,20,0.1811898191103693,-0.033437845705728365,0.1,60,-64.6448745727539,24.470966339111328,0.004348799008236361,0.0,-51.37001874156735,24.541289649339756,0.0027790104050888476,4.425000000000005,0,[]
286,14.3,-64.6448745727539,24.470966339111328,0.0027785266797730837,0.0,0.0,0.0,1.0,PlanStatus.FAIL,20,0.1811898191103693,-0.033437845705728365,False,,0.32065361153082345,0.03607389449163737,0.6548757141880736,0.0,4.5,False,7.3500999715179205,20,0.1811898191103693,-0.033437845705728365,0.1,60,-64.6448745727539,24.470966339111328,0.004348799008236361,0.0,-51.37001874156735,24.541289649339756,0.0027790104050888476,4.425000000000005,0,[]
287,14.350000000000001,-64.6448745727539,24.470966339111328,0.0027785266797730837,0.0,0.0,0.0,1.0,PlanStatus.FAIL,20,0.1811898191103693,-0.033437845705728365,False,,0.32065361153082345,0.03607389449163737,0.6548757141880736,0.0,4.5,False,7.671099854633212,20,0.1811898191103693,-0.033437845705728365,0.1,60,-64.6448745727539,24.470966339111328,0.004348799008236361,0.0,-51.37001874156735,24.541289649339756,0.0027790104050888476,4.425000000000005,0,[]
288,14.4,-64.6448745727539,24.470966339111328,0.0027785266797730837,0.0,0.0,0.0,1.0,PlanStatus.FAIL,20,0.1811898191103693,-0.033437845705728365,False,,0.32065361153082345,0.03607389449163737,0.6548757141880736,0.0,4.5,False,7.806899957358837,20,0.1811898191103693,-0.033437845705728365,0.1,60,-64.6448745727539,24.470966339111328,0.004348799008236361,0.0,-51.37001874156735,24.541289649339756,0.0027790104050888476,4.425000000000005,0,[]
289,14.450000000000001,-64.6448745727539,24.470966339111328,0.0027785266797730837,0.0,0.0,0.0,1.0,PlanStatus.FAIL,20,0.1811898191103693,-0.033437845705728365,False,,0.32065361153082345,0.03607389449163737,0.6548757141880736,0.0,4.5,False,8.036699844524264,20,0.1811898191103693,-0.033437845705728365,0.1,60,-64.6448745727539,24.470966339111328,0.004348799008236361,0.0,-51.37001874156735,24.541289649339756,0.0027790104050888476,4.425000000000005,0,[]
290,14.5,-64.6448745727539,24.470966339111328,0.0027785266797730837,0.0,0.0,0.0,1.0,PlanStatus.FAIL,20,0.1811898191103693,-0.033437845705728365,False,,0.32065361153082345,0.03607389449163737,0.6548757141880736,0.0,4.5,False,7.047600112855434,20,0.1811898191103693,-0.033437845705728365,0.1,60,-64.6448745727539,24.470966339111328,0.004348799008236361,0.0,-51.37001874156735,24.541289649339756,0.0027790104050888476,4.425000000000005,0,[]
291,14.55,-64.6448745727539,24.470966339111328,0.0027785266797730837,0.0,0.0,0.0,1.0,PlanStatus.FAIL,20,0.1811898191103693,-0.033437845705728365,False,,0.32065361153082345,0.03607389449163737,0.6548757141880736,0.0,4.5,False,7.352799875661731,20,0.1811898191103693,-0.033437845705728365,0.1,60,-64.6448745727539,24.470966339111328,0.004348799008236361,0.0,-51.37001874156735,24.541289649339756,0.0027790104050888476,4.425000000000005,0,[]
292,14.600000000000001,-64.6448745727539,24.470966339111328,0.0027785266797730837,0.0,0.0,0.0,1.0,PlanStatus.FAIL,20,0.1811898191103693,-0.033437845705728365,False,,0.32065361153082345,0.03607389449163737,0.6548757141880736,0.0,4.5,False,7.991599850356579,20,0.1811898191103693,-0.033437845705728365,0.1,60,-64.6448745727539,24.470966339111328,0.004348799008236361,0.0,-51.37001874156735,24.541289649339756,0.0027790104050888476,4.425000000000005,0,[]
293,14.65,-64.6448745727539,24.470966339111328,0.0027785266797730837,0.0,0.0,0.0,1.0,PlanStatus.FAIL,20,0.1811898191103693,-0.033437845705728365,False,,0.32065361153082345,0.03607389449163737,0.6548757141880736,0.0,4.5,False,8.220900082960725,20,0.1811898191103693,-0.033437845705728365,0.1,60,-64.6448745727539,24.470966339111328,0.004348799008236361,0.0,-51.37001874156735,24.541289649339756,0.0027790104050888476,4.425000000000005,0,[]
294,14.700000000000001,-64.6448745727539,24.470966339111328,0.0027785266797730837,0.0,0.0,0.0,1.0,PlanStatus.FAIL,20,0.1811898191103693,-0.033437845705728365,False,,0.32065361153082345,0.03607389449163737,0.6548757141880736,0.0,4.5,False,9.604800026863813,20,0.1811898191103693,-0.033437845705728365,0.1,60,-64.6448745727539,24.470966339111328,0.004348799008236361,0.0,-51.37001874156735,24.541289649339756,0.0027790104050888476,4.425000000000005,0,[]
295,14.75,-64.6448745727539,24.470966339111328,0.0027785266797730837,0.0,0.0,0.0,1.0,PlanStatus.FAIL,20,0.1811898191103693,-0.033437845705728365,False,,0.32065361153082345,0.03607389449163737,0.6548757141880736,0.0,4.5,False,8.533400017768145,20,0.1811898191103693,-0.033437845705728365,0.1,60,-64.6448745727539,24.470966339111328,0.004348799008236361,0.0,-51.37001874156735,24.541289649339756,0.0027790104050888476,4.425000000000005,0,[]
296,14.8,-64.6448745727539,24.470966339111328,0.0027785266797730837,0.0,0.0,0.0,1.0,PlanStatus.FAIL,20,0.1811898191103693,-0.033437845705728365,False,,0.32065361153082345,0.03607389449163737,0.6548757141880736,0.0,4.5,False,8.778800023719668,20,0.1811898191103693,-0.033437845705728365,0.1,60,-64.6448745727539,24.470966339111328,0.004348799008236361,0.0,-51.37001874156735,24.541289649339756,0.0027790104050888476,4.425000000000005,0,[]
297,14.850000000000001,-64.6448745727539,24.470966339111328,0.0027785266797730837,0.0,0.0,0.0,1.0,PlanStatus.FAIL,20,0.1811898191103693,-0.033437845705728365,False,,0.32065361153082345,0.03607389449163737,0.6548757141880736,0.0,4.5,False,8.480900200083852,20,0.1811898191103693,-0.033437845705728365,0.1,60,-64.6448745727539,24.470966339111328,0.004348799008236361,0.0,-51.37001874156735,24.541289649339756,0.0027790104050888476,4.425000000000005,0,[]
298,14.9,-64.6448745727539,24.470966339111328,0.0027785266797730837,0.0,0.0,0.0,1.0,PlanStatus.FAIL,20,0.1811898191103693,-0.033437845705728365,False,,0.32065361153082345,0.03607389449163737,0.6548757141880736,0.0,4.5,False,8.0186000559479,20,0.1811898191103693,-0.033437845705728365,0.1,60,-64.6448745727539,24.470966339111328,0.004348799008236361,0.0,-51.37001874156735,24.541289649339756,0.0027790104050888476,4.425000000000005,0,[]
299,14.950000000000001,-64.6448745727539,24.470966339111328,0.0027785266797730837,0.0,0.0,0.0,1.0,PlanStatus.FAIL,20,0.1811898191103693,-0.033437845705728365,False,,0.32065361153082345,0.03607389449163737,0.6548757141880736,0.0,4.5,False,7.21270008943975,20,0.1811898191103693,-0.033437845705728365,0.1,60,-64.6448745727539,24.470966339111328,0.004348799008236361,0.0,-51.37001874156735,24.541289649339756,0.0027790104050888476,4.425000000000005,0,[]
300,15.0,-64.6448745727539,24.470966339111328,0.0027785266797730837,0.0,0.0,0.0,1.0,PlanStatus.FAIL,20,0.1811898191103693,-0.033437845705728365,False,,0.32065361153082345,0.03607389449163737,0.6548757141880736,0.0,4.5,False,8.302300004288554,20,0.1811898191103693,-0.033437845705728365,0.1,60,-64.6448745727539,24.470966339111328,0.004348799008236361,0.0,-51.37001874156735,24.541289649339756,0.0027790104050888476,4.425000000000005,0,[]
301,15.05,-64.6448745727539,24.470966339111328,0.0027785266797730837,0.0,0.0,0.0,1.0,PlanStatus.FAIL,20,0.1811898191103693,-0.033437845705728365,False,,0.32065361153082345,0.03607389449163737,0.6548757141880736,0.0,4.5,False,7.271899841725826,20,0.1811898191103693,-0.033437845705728365,0.1,60,-64.6448745727539,24.470966339111328,0.004348799008236361,0.0,-51.37001874156735,24.541289649339756,0.0027790104050888476,4.425000000000005,0,[]
302,15.100000000000001,-64.6448745727539,24.470966339111328,0.0027785266797730837,0.0,0.0,0.0,1.0,PlanStatus.FAIL,20,0.1811898191103693,-0.033437845705728365,False,,0.32065361153082345,0.03607389449163737,0.6548757141880736,0.0,4.5,False,7.5508002191782,20,0.1811898191103693,-0.033437845705728365,0.1,60,-64.6448745727539,24.470966339111328,0.004348799008236361,0.0,-51.37001874156735,24.541289649339756,0.0027790104050888476,4.425000000000005,0,[]
303,15.15,-64.6448745727539,24.470966339111328,0.0027785266797730837,0.0,0.0,0.0,1.0,PlanStatus.FAIL,20,0.1811898191103693,-0.033437845705728365,False,,0.32065361153082345,0.03607389449163737,0.6548757141880736,0.0,4.5,False,7.229499984532595,20,0.1811898191103693,-0.033437845705728365,0.1,60,-64.6448745727539,24.470966339111328,0.004348799008236361,0.0,-51.37001874156735,24.541289649339756,0.0027790104050888476,4.425000000000005,0,[]
304,15.200000000000001,-64.6448745727539,24.470966339111328,0.0027785266797730837,0.0,0.0,0.0,1.0,PlanStatus.FAIL,20,0.1811898191103693,-0.033437845705728365,False,,0.32065361153082345,0.03607389449163737,0.6548757141880736,0.0,4.5,False,7.384200114756823,20,0.1811898191103693,-0.033437845705728365,0.1,60,-64.6448745727539,24.470966339111328,0.004348799008236361,0.0,-51.37001874156735,24.541289649339756,0.0027790104050888476,4.425000000000005,0,[]
305,15.25,-64.6448745727539,24.470966339111328,0.0027785266797730837,0.0,0.0,0.0,1.0,PlanStatus.FAIL,20,0.1811898191103693,-0.033437845705728365,False,,0.32065361153082345,0.03607389449163737,0.6548757141880736,0.0,4.5,False,6.92380010150373,20,0.1811898191103693,-0.033437845705728365,0.1,60,-64.6448745727539,24.470966339111328,0.004348799008236361,0.0,-51.37001874156735,24.541289649339756,0.0027790104050888476,4.425000000000005,0,[]
306,15.3,-64.6448745727539,24.470966339111328,0.0027785266797730837,0.0,0.0,0.0,1.0,PlanStatus.FAIL,20,0.1811898191103693,-0.033437845705728365,False,,0.32065361153082345,0.03607389449163737,0.6548757141880736,0.0,4.5,False,7.147100055590272,20,0.1811898191103693,-0.033437845705728365,0.1,60,-64.6448745727539,24.470966339111328,0.004348799008236361,0.0,-51.37001874156735,24.541289649339756,0.0027790104050888476,4.425000000000005,0,[]
307,15.350000000000001,-64.6448745727539,24.470966339111328,0.0027785266797730837,0.0,0.0,0.0,1.0,PlanStatus.FAIL,20,0.1811898191103693,-0.033437845705728365,False,,0.32065361153082345,0.03607389449163737,0.6548757141880736,0.0,4.5,False,7.012099958956242,20,0.1811898191103693,-0.033437845705728365,0.1,60,-64.6448745727539,24.470966339111328,0.004348799008236361,0.0,-51.37001874156735,24.541289649339756,0.0027790104050888476,4.425000000000005,0,[]
308,15.4,-64.6448745727539,24.470966339111328,0.0027785266797730837,0.0,0.0,0.0,1.0,PlanStatus.FAIL,20,0.1811898191103693,-0.033437845705728365,False,,0.32065361153082345,0.03607389449163737,0.6548757141880736,0.0,4.5,False,6.974800024181604,20,0.1811898191103693,-0.033437845705728365,0.1,60,-64.6448745727539,24.470966339111328,0.004348799008236361,0.0,-51.37001874156735,24.541289649339756,0.0027790104050888476,4.425000000000005,0,[]
309,15.450000000000001,-64.6448745727539,24.470966339111328,0.0027785266797730837,0.0,0.0,0.0,1.0,PlanStatus.FAIL,20,0.1811898191103693,-0.033437845705728365,False,,0.32065361153082345,0.03607389449163737,0.6548757141880736,0.0,4.5,False,7.699500070884824,20,0.1811898191103693,-0.033437845705728365,0.1,60,-64.6448745727539,24.470966339111328,0.004348799008236361,0.0,-51.37001874156735,24.541289649339756,0.0027790104050888476,4.425000000000005,0,[]
310,15.5,-64.6448745727539,24.470966339111328,0.0027785266797730837,0.0,0.0,0.0,1.0,PlanStatus.FAIL,20,0.1811898191103693,-0.033437845705728365,False,,0.32065361153082345,0.03607389449163737,0.6548757141880736,0.0,4.5,False,6.817899877205491,20,0.1811898191103693,-0.033437845705728365,0.1,60,-64.6448745727539,24.470966339111328,0.004348799008236361,0.0,-51.37001874156735,24.541289649339756,0.0027790104050888476,4.425000000000005,0,[]
311,15.55,-64.6448745727539,24.470966339111328,0.0027785266797730837,0.0,0.0,0.0,1.0,PlanStatus.FAIL,20,0.1811898191103693,-0.033437845705728365,False,,0.32065361153082345,0.03607389449163737,0.6548757141880736,0.0,4.5,False,6.971700116991997,20,0.1811898191103693,-0.033437845705728365,0.1,60,-64.6448745727539,24.470966339111328,0.004348799008236361,0.0,-51.37001874156735,24.541289649339756,0.0027790104050888476,4.425000000000005,0,[]
312,15.600000000000001,-64.6448745727539,24.470966339111328,0.0027785266797730837,0.0,0.0,0.0,1.0,PlanStatus.FAIL,20,0.1811898191103693,-0.033437845705728365,False,,0.32065361153082345,0.03607389449163737,0.6548757141880736,0.0,4.5,False,6.867199903354049,20,0.1811898191103693,-0.033437845705728365,0.1,60,-64.6448745727539,24.470966339111328,0.004348799008236361,0.0,-51.37001874156735,24.541289649339756,0.0027790104050888476,4.425000000000005,0,[]
313,15.65,-64.6448745727539,24.470966339111328,0.0027785266797730837,0.0,0.0,0.0,1.0,PlanStatus.FAIL,20,0.1811898191103693,-0.033437845705728365,False,,0.32065361153082345,0.03607389449163737,0.6548757141880736,0.0,4.5,False,7.093099877238274,20,0.1811898191103693,-0.033437845705728365,0.1,60,-64.6448745727539,24.470966339111328,0.004348799008236361,0.0,-51.37001874156735,24.541289649339756,0.0027790104050888476,4.425000000000005,0,[]
314,15.700000000000001,-64.6448745727539,24.470966339111328,0.0027785266797730837,0.0,0.0,0.0,1.0,PlanStatus.FAIL,20,0.1811898191103693,-0.033437845705728365,False,,0.32065361153082345,0.03607389449163737,0.6548757141880736,0.0,4.5,False,7.240999955683947,20,0.1811898191103693,-0.033437845705728365,0.1,60,-64.6448745727539,24.470966339111328,0.004348799008236361,0.0,-51.37001874156735,24.541289649339756,0.0027790104050888476,4.425000000000005,0,[]
315,15.75,-64.6448745727539,24.470966339111328,0.0027785266797730837,0.0,0.0,0.0,1.0,PlanStatus.FAIL,20,0.1811898191103693,-0.033437845705728365,False,,0.32065361153082345,0.03607389449163737,0.6548757141880736,0.0,4.5,False,7.7216001227498055,20,0.1811898191103693,-0.033437845705728365,0.1,60,-64.6448745727539,24.470966339111328,0.004348799008236361,0.0,-51.37001874156735,24.541289649339756,0.0027790104050888476,4.425000000000005,0,[]
316,15.8,-64.6448745727539,24.470966339111328,0.0027785266797730837,0.0,0.0,0.0,1.0,PlanStatus.FAIL,20,0.1811898191103693,-0.033437845705728365,False,,0.32065361153082345,0.03607389449163737,0.6548757141880736,0.0,4.5,False,7.0974999107420444,20,0.1811898191103693,-0.033437845705728365,0.1,60,-64.6448745727539,24.470966339111328,0.004348799008236361,0.0,-51.37001874156735,24.541289649339756,0.0027790104050888476,4.425000000000005,0,[]
317,15.850000000000001,-64.6448745727539,24.470966339111328,0.0027785266797730837,0.0,0.0,0.0,1.0,PlanStatus.FAIL,20,0.1811898191103693,-0.033437845705728365,False,,0.32065361153082345,0.03607389449163737,0.6548757141880736,0.0,4.5,False,7.0933999959379435,20,0.1811898191103693,-0.033437845705728365,0.1,60,-64.6448745727539,24.470966339111328,0.004348799008236361,0.0,-51.37001874156735,24.541289649339756,0.0027790104050888476,4.425000000000005,0,[]
318,15.9,-64.6448745727539,24.470966339111328,0.0027785266797730837,0.0,0.0,0.0,1.0,PlanStatus.FAIL,20,0.1811898191103693,-0.033437845705728365,False,,0.32065361153082345,0.03607389449163737,0.6548757141880736,0.0,4.5,False,7.874299772083759,20,0.1811898191103693,-0.033437845705728365,0.1,60,-64.6448745727539,24.470966339111328,0.004348799008236361,0.0,-51.37001874156735,24.541289649339756,0.0027790104050888476,4.425000000000005,0,[]
319,15.950000000000001,-64.6448745727539,24.470966339111328,0.0027785266797730837,0.0,0.0,0.0,1.0,PlanStatus.FAIL,20,0.1811898191103693,-0.033437845705728365,False,,0.32065361153082345,0.03607389449163737,0.6548757141880736,0.0,4.5,False,6.293599959462881,20,0.1811898191103693,-0.033437845705728365,0.1,60,-64.6448745727539,24.470966339111328,0.004348799008236361,0.0,-51.37001874156735,24.541289649339756,0.0027790104050888476,4.425000000000005,0,[]
320,16.0,-64.6448745727539,24.470966339111328,0.0027785266797730837,0.0,0.0,0.0,1.0,PlanStatus.FAIL,20,0.1811898191103693,-0.033437845705728365,False,,0.32065361153082345,0.03607389449163737,0.6548757141880736,0.0,4.5,False,6.284200120717287,20,0.1811898191103693,-0.033437845705728365,0.1,60,-64.6448745727539,24.470966339111328,0.004348799008236361,0.0,-51.37001874156735,24.541289649339756,0.0027790104050888476,4.425000000000005,0,[]
321,16.05,-64.6448745727539,24.470966339111328,0.0027785266797730837,0.0,0.0,0.0,1.0,PlanStatus.FAIL,20,0.1811898191103693,-0.033437845705728365,False,,0.32065361153082345,0.03607389449163737,0.6548757141880736,0.0,4.5,False,7.294100010767579,20,0.1811898191103693,-0.033437845705728365,0.1,60,-64.6448745727539,24.470966339111328,0.004348799008236361,0.0,-51.37001874156735,24.541289649339756,0.0027790104050888476,4.425000000000005,0,[]
322,16.1,-64.6448745727539,24.470966339111328,0.0027785266797730837,0.0,0.0,0.0,1.0,PlanStatus.FAIL,20,0.1811898191103693,-0.033437845705728365,False,,0.32065361153082345,0.03607389449163737,0.6548757141880736,0.0,4.5,False,6.441099802032113,20,0.1811898191103693,-0.033437845705728365,0.1,60,-64.6448745727539,24.470966339111328,0.004348799008236361,0.0,-51.37001874156735,24.541289649339756,0.0027790104050888476,4.425000000000005,0,[]
323,16.150000000000002,-64.6448745727539,24.470966339111328,0.0027785266797730837,0.0,0.0,0.0,1.0,PlanStatus.FAIL,20,0.1811898191103693,-0.033437845705728365,False,,0.32065361153082345,0.03607389449163737,0.6548757141880736,0.0,4.5,False,6.488200044259429,20,0.1811898191103693,-0.033437845705728365,0.1,60,-64.6448745727539,24.470966339111328,0.004348799008236361,0.0,-51.37001874156735,24.541289649339756,0.0027790104050888476,4.425000000000005,0,[]
324,16.2,-64.6448745727539,24.470966339111328,0.0027785266797730837,0.0,0.0,0.0,1.0,PlanStatus.FAIL,20,0.1811898191103693,-0.033437845705728365,False,,0.32065361153082345,0.03607389449163737,0.6548757141880736,0.0,4.5,False,7.117599947378039,20,0.1811898191103693,-0.033437845705728365,0.1,60,-64.6448745727539,24.470966339111328,0.004348799008236361,0.0,-51.37001874156735,24.541289649339756,0.0027790104050888476,4.425000000000005,0,[]
325,16.25,-64.6448745727539,24.470966339111328,0.0027785266797730837,0.0,0.0,0.0,1.0,PlanStatus.FAIL,20,0.1811898191103693,-0.033437845705728365,False,,0.32065361153082345,0.03607389449163737,0.6548757141880736,0.0,4.5,False,7.6293000020086765,20,0.1811898191103693,-0.033437845705728365,0.1,60,-64.6448745727539,24.470966339111328,0.004348799008236361,0.0,-51.37001874156735,24.541289649339756,0.0027790104050888476,4.425000000000005,0,[]
326,16.3,-64.6448745727539,24.470966339111328,0.0027785266797730837,0.0,0.0,0.0,1.0,PlanStatus.FAIL,20,0.1811898191103693,-0.033437845705728365,False,,0.32065361153082345,0.03607389449163737,0.6548757141880736,0.0,4.5,False,7.254200056195259,20,0.1811898191103693,-0.033437845705728365,0.1,60,-64.6448745727539,24.470966339111328,0.004348799008236361,0.0,-51.37001874156735,24.541289649339756,0.0027790104050888476,4.425000000000005,0,[]
327,16.35,-64.6448745727539,24.470966339111328,0.0027785266797730837,0.0,0.0,0.0,1.0,PlanStatus.FAIL,20,0.1811898191103693,-0.033437845705728365,False,,0.32065361153082345,0.03607389449163737,0.6548757141880736,0.0,4.5,False,7.24629987962544,20,0.1811898191103693,-0.033437845705728365,0.1,60,-64.6448745727539,24.470966339111328,0.004348799008236361,0.0,-51.37001874156735,24.541289649339756,0.0027790104050888476,4.425000000000005,0,[]
328,16.400000000000002,-64.6448745727539,24.470966339111328,0.0027785266797730837,0.0,0.0,0.0,1.0,PlanStatus.FAIL,20,0.1811898191103693,-0.033437845705728365,False,,0.32065361153082345,0.03607389449163737,0.6548757141880736,0.0,4.5,False,7.156299892812967,20,0.1811898191103693,-0.033437845705728365,0.1,60,-64.6448745727539,24.470966339111328,0.004348799008236361,0.0,-51.37001874156735,24.541289649339756,0.0027790104050888476,4.425000000000005,0,[]
329,16.45,-64.6448745727539,24.470966339111328,0.0027785266797730837,0.0,0.0,0.0,1.0,PlanStatus.FAIL,20,0.1811898191103693,-0.033437845705728365,False,,0.32065361153082345,0.03607389449163737,0.6548757141880736,0.0,4.5,False,7.422399939969182,20,0.1811898191103693,-0.033437845705728365,0.1,60,-64.6448745727539,24.470966339111328,0.004348799008236361,0.0,-51.37001874156735,24.541289649339756,0.0027790104050888476,4.425000000000005,0,[]
330,16.5,-64.6448745727539,24.470966339111328,0.0027785266797730837,0.0,0.0,0.0,1.0,PlanStatus.FAIL,20,0.1811898191103693,-0.033437845705728365,False,,0.32065361153082345,0.03607389449163737,0.6548757141880736,0.0,4.5,False,7.174400147050619,20,0.1811898191103693,-0.033437845705728365,0.1,60,-64.6448745727539,24.470966339111328,0.004348799008236361,0.0,-51.37001874156735,24.541289649339756,0.0027790104050888476,4.425000000000005,0,[]
331,16.55,-64.6448745727539,24.470966339111328,0.0027785266797730837,0.0,0.0,0.0,1.0,PlanStatus.FAIL,20,0.1811898191103693,-0.033437845705728365,False,,0.32065361153082345,0.03607389449163737,0.6548757141880736,0.0,4.5,False,9.145800024271011,20,0.1811898191103693,-0.033437845705728365,0.1,60,-64.6448745727539,24.470966339111328,0.004348799008236361,0.0,-51.37001874156735,24.541289649339756,0.0027790104050888476,4.425000000000005,0,[]
332,16.6,-64.6448745727539,24.470966339111328,0.0027785266797730837,0.0,0.0,0.0,1.0,PlanStatus.FAIL,20,0.1811898191103693,-0.033437845705728365,False,,0.32065361153082345,0.03607389449163737,0.6548757141880736,0.0,4.5,False,8.155599934980273,20,0.1811898191103693,-0.033437845705728365,0.1,60,-64.6448745727539,24.470966339111328,0.004348799008236361,0.0,-51.37001874156735,24.541289649339756,0.0027790104050888476,4.425000000000005,0,[]
333,16.650000000000002,-64.6448745727539,24.470966339111328,0.0027785266797730837,0.0,0.0,0.0,1.0,PlanStatus.FAIL,20,0.1811898191103693,-0.033437845705728365,False,,0.32065361153082345,0.03607389449163737,0.6548757141880736,0.0,4.5,False,7.9824000131338835,20,0.1811898191103693,-0.033437845705728365,0.1,60,-64.6448745727539,24.470966339111328,0.004348799008236361,0.0,-51.37001874156735,24.541289649339756,0.0027790104050888476,4.425000000000005,0,[]
334,16.7,-64.6448745727539,24.470966339111328,0.0027785266797730837,0.0,0.0,0.0,1.0,PlanStatus.FAIL,20,0.1811898191103693,-0.033437845705728365,False,,0.32065361153082345,0.03607389449163737,0.6548757141880736,0.0,4.5,False,7.823700085282326,20,0.1811898191103693,-0.033437845705728365,0.1,60,-64.6448745727539,24.470966339111328,0.004348799008236361,0.0,-51.37001874156735,24.541289649339756,0.0027790104050888476,4.425000000000005,0,[]
335,16.75,-64.6448745727539,24.470966339111328,0.0027785266797730837,0.0,0.0,0.0,1.0,PlanStatus.FAIL,20,0.1811898191103693,-0.033437845705728365,False,,0.32065361153082345,0.03607389449163737,0.6548757141880736,0.0,4.5,False,7.718099979683757,20,0.1811898191103693,-0.033437845705728365,0.1,60,-64.6448745727539,24.470966339111328,0.004348799008236361,0.0,-51.37001874156735,24.541289649339756,0.0027790104050888476,4.425000000000005,0,[]
336,16.8,-64.6448745727539,24.470966339111328,0.0027785266797730837,0.0,0.0,0.0,1.0,PlanStatus.FAIL,20,0.1811898191103693,-0.033437845705728365,False,,0.32065361153082345,0.03607389449163737,0.6548757141880736,0.0,4.5,False,8.767799939960241,20,0.1811898191103693,-0.033437845705728365,0.1,60,-64.6448745727539,24.470966339111328,0.004348799008236361,0.0,-51.37001874156735,24.541289649339756,0.0027790104050888476,4.425000000000005,0,[]
337,16.85,-64.6448745727539,24.470966339111328,0.0027785266797730837,0.0,0.0,0.0,1.0,PlanStatus.FAIL,20,0.1811898191103693,-0.033437845705728365,False,,0.32065361153082345,0.03607389449163737,0.6548757141880736,0.0,4.5,False,7.4350000359117985,20,0.1811898191103693,-0.033437845705728365,0.1,60,-64.6448745727539,24.470966339111328,0.004348799008236361,0.0,-51.37001874156735,24.541289649339756,0.0027790104050888476,4.425000000000005,0,[]
338,16.900000000000002,-64.6448745727539,24.470966339111328,0.0027785266797730837,0.0,0.0,0.0,1.0,PlanStatus.FAIL,20,0.1811898191103693,-0.033437845705728365,False,,0.32065361153082345,0.03607389449163737,0.6548757141880736,0.0,4.5,False,6.968399975448847,20,0.1811898191103693,-0.033437845705728365,0.1,60,-64.6448745727539,24.470966339111328,0.004348799008236361,0.0,-51.37001874156735,24.541289649339756,0.0027790104050888476,4.425000000000005,0,[]
339,16.95,-64.6448745727539,24.470966339111328,0.0027785266797730837,0.0,0.0,0.0,1.0,PlanStatus.FAIL,20,0.1811898191103693,-0.033437845705728365,False,,0.32065361153082345,0.03607389449163737,0.6548757141880736,0.0,4.5,False,7.300600176677108,20,0.1811898191103693,-0.033437845705728365,0.1,60,-64.6448745727539,24.470966339111328,0.004348799008236361,0.0,-51.37001874156735,24.541289649339756,0.0027790104050888476,4.425000000000005,0,[]
340,17.0,-64.6448745727539,24.470966339111328,0.0027785266797730837,0.0,0.0,0.0,1.0,PlanStatus.FAIL,20,0.1811898191103693,-0.033437845705728365,False,,0.32065361153082345,0.03607389449163737,0.6548757141880736,0.0,4.5,False,7.93979992158711,20,0.1811898191103693,-0.033437845705728365,0.1,60,-64.6448745727539,24.470966339111328,0.004348799008236361,0.0,-51.37001874156735,24.541289649339756,0.0027790104050888476,4.425000000000005,0,[]
341,17.05,-64.6448745727539,24.470966339111328,0.0027785266797730837,0.0,0.0,0.0,1.0,PlanStatus.FAIL,20,0.1811898191103693,-0.033437845705728365,False,,0.32065361153082345,0.03607389449163737,0.6548757141880736,0.0,4.5,False,7.186700124293566,20,0.1811898191103693,-0.033437845705728365,0.1,60,-64.6448745727539,24.470966339111328,0.004348799008236361,0.0,-51.37001874156735,24.541289649339756,0.0027790104050888476,4.425000000000005,0,[]
342,17.1,-64.6448745727539,24.470966339111328,0.0027785266797730837,0.0,0.0,0.0,1.0,PlanStatus.FAIL,20,0.1811898191103693,-0.033437845705728365,False,,0.32065361153082345,0.03607389449163737,0.6548757141880736,0.0,4.5,False,7.284900173544884,20,0.1811898191103693,-0.033437845705728365,0.1,60,-64.6448745727539,24.470966339111328,0.004348799008236361,0.0,-51.37001874156735,24.541289649339756,0.0027790104050888476,4.425000000000005,0,[]
343,17.150000000000002,-64.6448745727539,24.470966339111328,0.0027785266797730837,0.0,0.0,0.0,1.0,PlanStatus.FAIL,20,0.1811898191103693,-0.033437845705728365,False,,0.32065361153082345,0.03607389449163737,0.6548757141880736,0.0,4.5,False,8.03919997997582,20,0.1811898191103693,-0.033437845705728365,0.1,60,-64.6448745727539,24.470966339111328,0.004348799008236361,0.0,-51.37001874156735,24.541289649339756,0.0027790104050888476,4.425000000000005,0,[]
344,17.2,-64.6448745727539,24.470966339111328,0.0027785266797730837,0.0,0.0,0.0,1.0,PlanStatus.FAIL,20,0.1811898191103693,-0.033437845705728365,False,,0.32065361153082345,0.03607389449163737,0.6548757141880736,0.0,4.5,False,7.1795000694692135,20,0.1811898191103693,-0.033437845705728365,0.1,60,-64.6448745727539,24.470966339111328,0.004348799008236361,0.0,-51.37001874156735,24.541289649339756,0.0027790104050888476,4.425000000000005,0,[]
345,17.25,-64.6448745727539,24.470966339111328,0.0027785266797730837,0.0,0.0,0.0,1.0,PlanStatus.FAIL,20,0.1811898191103693,-0.033437845705728365,False,,0.32065361153082345,0.03607389449163737,0.6548757141880736,0.0,4.5,False,7.7148000709712505,20,0.1811898191103693,-0.033437845705728365,0.1,60,-64.6448745727539,24.470966339111328,0.004348799008236361,0.0,-51.37001874156735,24.541289649339756,0.0027790104050888476,4.425000000000005,0,[]
346,17.3,-64.6448745727539,24.470966339111328,0.0027785266797730837,0.0,0.0,0.0,1.0,PlanStatus.FAIL,20,0.1811898191103693,-0.033437845705728365,False,,0.32065361153082345,0.03607389449163737,0.6548757141880736,0.0,4.5,False,7.169200107455254,20,0.1811898191103693,-0.033437845705728365,0.1,60,-64.6448745727539,24.470966339111328,0.004348799008236361,0.0,-51.37001874156735,24.541289649339756,0.0027790104050888476,4.425000000000005,0,[]
347,17.35,-64.6448745727539,24.470966339111328,0.0027785266797730837,0.0,0.0,0.0,1.0,PlanStatus.FAIL,20,0.1811898191103693,-0.033437845705728365,False,,0.32065361153082345,0.03607389449163737,0.6548757141880736,0.0,4.5,False,7.5801999773830175,20,0.1811898191103693,-0.033437845705728365,0.1,60,-64.6448745727539,24.470966339111328,0.004348799008236361,0.0,-51.37001874156735,24.541289649339756,0.0027790104050888476,4.425000000000005,0,[]
348,17.400000000000002,-64.6448745727539,24.470966339111328,0.0027785266797730837,0.0,0.0,0.0,1.0,PlanStatus.FAIL,20,0.1811898191103693,-0.033437845705728365,False,,0.32065361153082345,0.03607389449163737,0.6548757141880736,0.0,4.5,False,7.812099996954203,20,0.1811898191103693,-0.033437845705728365,0.1,60,-64.6448745727539,24.470966339111328,0.004348799008236361,0.0,-51.37001874156735,24.541289649339756,0.0027790104050888476,4.425000000000005,0,[]
349,17.45,-64.6448745727539,24.470966339111328,0.0027785266797730837,0.0,0.0,0.0,1.0,PlanStatus.FAIL,20,0.1811898191103693,-0.033437845705728365,False,,0.32065361153082345,0.03607389449163737,0.6548757141880736,0.0,4.5,False,6.8536000326275826,20,0.1811898191103693,-0.033437845705728365,0.1,60,-64.6448745727539,24.470966339111328,0.004348799008236361,0.0,-51.37001874156735,24.541289649339756,0.0027790104050888476,4.425000000000005,0,[]
350,17.5,-64.6448745727539,24.470966339111328,0.0027785266797730837,0.0,0.0,0.0,1.0,PlanStatus.FAIL,20,0.1811898191103693,-0.033437845705728365,False,,0.32065361153082345,0.03607389449163737,0.6548757141880736,0.0,4.5,False,6.9639000575989485,20,0.1811898191103693,-0.033437845705728365,0.1,60,-64.6448745727539,24.470966339111328,0.004348799008236361,0.0,-51.37001874156735,24.541289649339756,0.0027790104050888476,4.425000000000005,0,[]
351,17.55,-64.6448745727539,24.470966339111328,0.0027785266797730837,0.0,0.0,0.0,1.0,PlanStatus.FAIL,20,0.1811898191103693,-0.033437845705728365,False,,0.32065361153082345,0.03607389449163737,0.6548757141880736,0.0,4.5,False,7.713699946179986,20,0.1811898191103693,-0.033437845705728365,0.1,60,-64.6448745727539,24.470966339111328,0.004348799008236361,0.0,-51.37001874156735,24.541289649339756,0.0027790104050888476,4.425000000000005,0,[]
352,17.6,-64.6448745727539,24.470966339111328,0.0027785266797730837,0.0,0.0,0.0,1.0,PlanStatus.FAIL,20,0.1811898191103693,-0.033437845705728365,False,,0.32065361153082345,0.03607389449163737,0.6548757141880736,0.0,4.5,False,7.855900097638369,20,0.1811898191103693,-0.033437845705728365,0.1,60,-64.6448745727539,24.470966339111328,0.004348799008236361,0.0,-51.37001874156735,24.541289649339756,0.0027790104050888476,4.425000000000005,0,[]
353,17.650000000000002,-64.6448745727539,24.470966339111328,0.0027785266797730837,0.0,0.0,0.0,1.0,PlanStatus.FAIL,20,0.1811898191103693,-0.033437845705728365,False,,0.32065361153082345,0.03607389449163737,0.6548757141880736,0.0,4.5,False,7.946399971842766,20,0.1811898191103693,-0.033437845705728365,0.1,60,-64.6448745727539,24.470966339111328,0.004348799008236361,0.0,-51.37001874156735,24.541289649339756,0.0027790104050888476,4.425000000000005,0,[]
354,17.7,-64.6448745727539,24.470966339111328,0.0027785266797730837,0.0,0.0,0.0,1.0,PlanStatus.FAIL,20,0.1811898191103693,-0.033437845705728365,False,,0.32065361153082345,0.03607389449163737,0.6548757141880736,0.0,4.5,False,7.5934999622404575,20,0.1811898191103693,-0.033437845705728365,0.1,60,-64.6448745727539,24.470966339111328,0.004348799008236361,0.0,-51.37001874156735,24.541289649339756,0.0027790104050888476,4.425000000000005,0,[]
355,17.75,-64.6448745727539,24.470966339111328,0.0027785266797730837,0.0,0.0,0.0,1.0,PlanStatus.FAIL,20,0.1811898191103693,-0.033437845705728365,False,,0.32065361153082345,0.03607389449163737,0.6548757141880736,0.0,4.5,False,7.826199987903237,20,0.1811898191103693,-0.033437845705728365,0.1,60,-64.6448745727539,24.470966339111328,0.004348799008236361,0.0,-51.37001874156735,24.541289649339756,0.0027790104050888476,4.425000000000005,0,[]
356,17.8,-64.6448745727539,24.470966339111328,0.0027785266797730837,0.0,0.0,0.0,1.0,PlanStatus.FAIL,20,0.1811898191103693,-0.033437845705728365,False,,0.32065361153082345,0.03607389449163737,0.6548757141880736,0.0,4.5,False,7.972200168296695,20,0.1811898191103693,-0.033437845705728365,0.1,60,-64.6448745727539,24.470966339111328,0.004348799008236361,0.0,-51.37001874156735,24.541289649339756,0.0027790104050888476,4.425000000000005,0,[]
357,17.85,-64.6448745727539,24.470966339111328,0.0027785266797730837,0.0,0.0,0.0,1.0,PlanStatus.FAIL,20,0.1811898191103693,-0.033437845705728365,False,,0.32065361153082345,0.03607389449163737,0.6548757141880736,0.0,4.5,False,11.100900126621127,20,0.1811898191103693,-0.033437845705728365,0.1,60,-64.6448745727539,24.470966339111328,0.004348799008236361,0.0,-51.37001874156735,24.541289649339756,0.0027790104050888476,4.425000000000005,0,[]
358,17.900000000000002,-64.6448745727539,24.470966339111328,0.0027785266797730837,0.0,0.0,0.0,1.0,PlanStatus.FAIL,20,0.1811898191103693,-0.033437845705728365,False,,0.32065361153082345,0.03607389449163737,0.6548757141880736,0.0,4.5,False,9.185800096020103,20,0.1811898191103693,-0.033437845705728365,0.1,60,-64.6448745727539,24.470966339111328,0.004348799008236361,0.0,-51.37001874156735,24.541289649339756,0.0027790104050888476,4.425000000000005,0,[]
359,17.95,-64.6448745727539,24.470966339111328,0.0027785266797730837,0.0,0.0,0.0,1.0,PlanStatus.FAIL,20,0.1811898191103693,-0.033437845705728365,False,,0.32065361153082345,0.03607389449163737,0.6548757141880736,0.0,4.5,False,10.561799863353372,20,0.1811898191103693,-0.033437845705728365,0.1,60,-64.6448745727539,24.470966339111328,0.004348799008236361,0.0,-51.37001874156735,24.541289649339756,0.0027790104050888476,4.425000000000005,0,[]
360,18.0,-64.6448745727539,24.470966339111328,0.0027785266797730837,0.0,0.0,0.0,1.0,PlanStatus.FAIL,20,0.1811898191103693,-0.033437845705728365,False,,0.32065361153082345,0.03607389449163737,0.6548757141880736,0.0,4.5,False,11.397100053727627,20,0.1811898191103693,-0.033437845705728365,0.1,60,-64.6448745727539,24.470966339111328,0.004348799008236361,0.0,-51.37001874156735,24.541289649339756,0.0027790104050888476,4.425000000000005,0,[]
361,18.05,-64.6448745727539,24.470966339111328,0.0027785266797730837,0.0,0.0,0.0,1.0,PlanStatus.FAIL,20,0.1811898191103693,-0.033437845705728365,False,,0.32065361153082345,0.03607389449163737,0.6548757141880736,0.0,4.5,False,9.497399907559156,20,0.1811898191103693,-0.033437845705728365,0.1,60,-64.6448745727539,24.470966339111328,0.004348799008236361,0.0,-51.37001874156735,24.541289649339756,0.0027790104050888476,4.425000000000005,0,[]
362,18.1,-64.6448745727539,24.470966339111328,0.0027785266797730837,0.0,0.0,0.0,1.0,PlanStatus.FAIL,20,0.1811898191103693,-0.033437845705728365,False,,0.32065361153082345,0.03607389449163737,0.6548757141880736,0.0,4.5,False,10.31220005825162,20,0.1811898191103693,-0.033437845705728365,0.1,60,-64.6448745727539,24.470966339111328,0.004348799008236361,0.0,-51.37001874156735,24.541289649339756,0.0027790104050888476,4.425000000000005,0,[]
363,18.150000000000002,-64.6448745727539,24.470966339111328,0.0027785266797730837,0.0,0.0,0.0,1.0,PlanStatus.FAIL,20,0.1811898191103693,-0.033437845705728365,False,,0.32065361153082345,0.03607389449163737,0.6548757141880736,0.0,4.5,False,7.843800121918321,20,0.1811898191103693,-0.033437845705728365,0.1,60,-64.6448745727539,24.470966339111328,0.004348799008236361,0.0,-51.37001874156735,24.541289649339756,0.0027790104050888476,4.425000000000005,0,[]
364,18.2,-64.6448745727539,24.470966339111328,0.0027785266797730837,0.0,0.0,0.0,1.0,PlanStatus.FAIL,20,0.1811898191103693,-0.033437845705728365,False,,0.32065361153082345,0.03607389449163737,0.6548757141880736,0.0,4.5,False,8.022999856621027,20,0.1811898191103693,-0.033437845705728365,0.1,60,-64.6448745727539,24.470966339111328,0.004348799008236361,0.0,-51.37001874156735,24.541289649339756,0.0027790104050888476,4.425000000000005,0,[]
365,18.25,-64.6448745727539,24.470966339111328,0.0027785266797730837,0.0,0.0,0.0,1.0,PlanStatus.FAIL,20,0.1811898191103693,-0.033437845705728365,False,,0.32065361153082345,0.03607389449163737,0.6548757141880736,0.0,4.5,False,7.9147000797092915,20,0.1811898191103693,-0.033437845705728365,0.1,60,-64.6448745727539,24.470966339111328,0.004348799008236361,0.0,-51.37001874156735,24.541289649339756,0.0027790104050888476,4.425000000000005,0,[]
366,18.3,-64.6448745727539,24.470966339111328,0.0027785266797730837,0.0,0.0,0.0,1.0,PlanStatus.FAIL,20,0.1811898191103693,-0.033437845705728365,False,,0.32065361153082345,0.03607389449163737,0.6548757141880736,0.0,4.5,False,9.469799930229783,20,0.1811898191103693,-0.033437845705728365,0.1,60,-64.6448745727539,24.470966339111328,0.004348799008236361,0.0,-51.37001874156735,24.541289649339756,0.0027790104050888476,4.425000000000005,0,[]
367,18.35,-64.6448745727539,24.470966339111328,0.0027785266797730837,0.0,0.0,0.0,1.0,PlanStatus.FAIL,20,0.1811898191103693,-0.033437845705728365,False,,0.32065361153082345,0.03607389449163737,0.6548757141880736,0.0,4.5,False,9.265500120818615,20,0.1811898191103693,-0.033437845705728365,0.1,60,-64.6448745727539,24.470966339111328,0.004348799008236361,0.0,-51.37001874156735,24.541289649339756,0.0027790104050888476,4.425000000000005,0,[]
368,18.400000000000002,-64.6448745727539,24.470966339111328,0.0027785266797730837,0.0,0.0,0.0,1.0,PlanStatus.FAIL,20,0.1811898191103693,-0.033437845705728365,False,,0.32065361153082345,0.03607389449163737,0.6548757141880736,0.0,4.5,False,7.805700181052089,20,0.1811898191103693,-0.033437845705728365,0.1,60,-64.6448745727539,24.470966339111328,0.004348799008236361,0.0,-51.37001874156735,24.541289649339756,0.0027790104050888476,4.425000000000005,0,[]
369,18.45,-64.6448745727539,24.470966339111328,0.0027785266797730837,0.0,0.0,0.0,1.0,PlanStatus.FAIL,20,0.1811898191103693,-0.033437845705728365,False,,0.32065361153082345,0.03607389449163737,0.6548757141880736,0.0,4.5,False,7.227099966257811,20,0.1811898191103693,-0.033437845705728365,0.1,60,-64.6448745727539,24.470966339111328,0.004348799008236361,0.0,-51.37001874156735,24.541289649339756,0.0027790104050888476,4.425000000000005,0,[]
370,18.5,-64.6448745727539,24.470966339111328,0.0027785266797730837,0.0,0.0,0.0,1.0,PlanStatus.FAIL,20,0.1811898191103693,-0.033437845705728365,False,,0.32065361153082345,0.03607389449163737,0.6548757141880736,0.0,4.5,False,7.4541999492794275,20,0.1811898191103693,-0.033437845705728365,0.1,60,-64.6448745727539,24.470966339111328,0.004348799008236361,0.0,-51.37001874156735,24.541289649339756,0.0027790104050888476,4.425000000000005,0,[]
371,18.55,-64.6448745727539,24.470966339111328,0.0027785266797730837,0.0,0.0,0.0,1.0,PlanStatus.FAIL,20,0.1811898191103693,-0.033437845705728365,False,,0.32065361153082345,0.03607389449163737,0.6548757141880736,0.0,4.5,False,7.6876000966876745,20,0.1811898191103693,-0.033437845705728365,0.1,60,-64.6448745727539,24.470966339111328,0.004348799008236361,0.0,-51.37001874156735,24.541289649339756,0.0027790104050888476,4.425000000000005,0,[]
372,18.6,-64.6448745727539,24.470966339111328,0.0027785266797730837,0.0,0.0,0.0,1.0,PlanStatus.FAIL,20,0.1811898191103693,-0.033437845705728365,False,,0.32065361153082345,0.03607389449163737,0.6548757141880736,0.0,4.5,False,8.479899959638715,20,0.1811898191103693,-0.033437845705728365,0.1,60,-64.6448745727539,24.470966339111328,0.004348799008236361,0.0,-51.37001874156735,24.541289649339756,0.0027790104050888476,4.425000000000005,0,[]
373,18.650000000000002,-64.6448745727539,24.470966339111328,0.0027785266797730837,0.0,0.0,0.0,1.0,PlanStatus.FAIL,20,0.1811898191103693,-0.033437845705728365,False,,0.32065361153082345,0.03607389449163737,0.6548757141880736,0.0,4.5,False,9.153699968010187,20,0.1811898191103693,-0.033437845705728365,0.1,60,-64.6448745727539,24.470966339111328,0.004348799008236361,0.0,-51.37001874156735,24.541289649339756,0.0027790104050888476,4.425000000000005,0,[]
374,18.7,-64.6448745727539,24.470966339111328,0.0027785266797730837,0.0,0.0,0.0,1.0,PlanStatus.FAIL,20,0.1811898191103693,-0.033437845705728365,False,,0.32065361153082345,0.03607389449163737,0.6548757141880736,0.0,4.5,False,7.256499957293272,20,0.1811898191103693,-0.033437845705728365,0.1,60,-64.6448745727539,24.470966339111328,0.004348799008236361,0.0,-51.37001874156735,24.541289649339756,0.0027790104050888476,4.425000000000005,0,[]
375,18.75,-64.6448745727539,24.470966339111328,0.0027785266797730837,0.0,0.0,0.0,1.0,PlanStatus.FAIL,20,0.1811898191103693,-0.033437845705728365,False,,0.32065361153082345,0.03607389449163737,0.6548757141880736,0.0,4.5,False,8.31619999371469,20,0.1811898191103693,-0.033437845705728365,0.1,60,-64.6448745727539,24.470966339111328,0.004348799008236361,0.0,-51.37001874156735,24.541289649339756,0.0027790104050888476,4.425000000000005,0,[]
376,18.8,-64.6448745727539,24.470966339111328,0.0027785266797730837,0.0,0.0,0.0,1.0,PlanStatus.FAIL,20,0.1811898191103693,-0.033437845705728365,False,,0.32065361153082345,0.03607389449163737,0.6548757141880736,0.0,4.5,False,7.453999947756529,20,0.1811898191103693,-0.033437845705728365,0.1,60,-64.6448745727539,24.470966339111328,0.004348799008236361,0.0,-51.37001874156735,24.541289649339756,0.0027790104050888476,4.425000000000005,0,[]
377,18.85,-64.6448745727539,24.470966339111328,0.0027785266797730837,0.0,0.0,0.0,1.0,PlanStatus.FAIL,20,0.1811898191103693,-0.033437845705728365,False,,0.32065361153082345,0.03607389449163737,0.6548757141880736,0.0,4.5,False,7.228499976918101,20,0.1811898191103693,-0.033437845705728365,0.1,60,-64.6448745727539,24.470966339111328,0.004348799008236361,0.0,-51.37001874156735,24.541289649339756,0.0027790104050888476,4.425000000000005,0,[]
378,18.900000000000002,-64.6448745727539,24.470966339111328,0.0027785266797730837,0.0,0.0,0.0,1.0,PlanStatus.FAIL,20,0.1811898191103693,-0.033437845705728365,False,,0.32065361153082345,0.03607389449163737,0.6548757141880736,0.0,4.5,False,7.367599988356233,20,0.1811898191103693,-0.033437845705728365,0.1,60,-64.6448745727539,24.470966339111328,0.004348799008236361,0.0,-51.37001874156735,24.541289649339756,0.0027790104050888476,4.425000000000005,0,[]
379,18.95,-64.6448745727539,24.470966339111328,0.0027785266797730837,0.0,0.0,0.0,1.0,PlanStatus.FAIL,20,0.1811898191103693,-0.033437845705728365,False,,0.32065361153082345,0.03607389449163737,0.6548757141880736,0.0,4.5,False,7.522600004449487,20,0.1811898191103693,-0.033437845705728365,0.1,60,-64.6448745727539,24.470966339111328,0.004348799008236361,0.0,-51.37001874156735,24.541289649339756,0.0027790104050888476,4.425000000000005,0,[]
380,19.0,-64.6448745727539,24.470966339111328,0.0027785266797730837,0.0,0.0,0.0,1.0,PlanStatus.FAIL,20,0.1811898191103693,-0.033437845705728365,False,,0.32065361153082345,0.03607389449163737,0.6548757141880736,0.0,4.5,False,6.990800146013498,20,0.1811898191103693,-0.033437845705728365,0.1,60,-64.6448745727539,24.470966339111328,0.004348799008236361,0.0,-51.37001874156735,24.541289649339756,0.0027790104050888476,4.425000000000005,0,[]
381,19.05,-64.6448745727539,24.470966339111328,0.0027785266797730837,0.0,0.0,0.0,1.0,PlanStatus.FAIL,20,0.1811898191103693,-0.033437845705728365,False,,0.32065361153082345,0.03607389449163737,0.6548757141880736,0.0,4.5,False,7.189899915829301,20,0.1811898191103693,-0.033437845705728365,0.1,60,-64.6448745727539,24.470966339111328,0.004348799008236361,0.0,-51.37001874156735,24.541289649339756,0.0027790104050888476,4.425000000000005,0,[]
382,19.1,-64.6448745727539,24.470966339111328,0.0027785266797730837,0.0,0.0,0.0,1.0,PlanStatus.FAIL,20,0.1811898191103693,-0.033437845705728365,False,,0.32065361153082345,0.03607389449163737,0.6548757141880736,0.0,4.5,False,7.937799906358123,20,0.1811898191103693,-0.033437845705728365,0.1,60,-64.6448745727539,24.470966339111328,0.004348799008236361,0.0,-51.37001874156735,24.541289649339756,0.0027790104050888476,4.425000000000005,0,[]
383,19.150000000000002,-64.6448745727539,24.470966339111328,0.0027785266797730837,0.0,0.0,0.0,1.0,PlanStatus.FAIL,20,0.1811898191103693,-0.033437845705728365,False,,0.32065361153082345,0.03607389449163737,0.6548757141880736,0.0,4.5,False,7.514699827879667,20,0.1811898191103693,-0.033437845705728365,0.1,60,-64.6448745727539,24.470966339111328,0.004348799008236361,0.0,-51.37001874156735,24.541289649339756,0.0027790104050888476,4.425000000000005,0,[]
384,19.200000000000003,-64.6448745727539,24.470966339111328,0.0027785266797730837,0.0,0.0,0.0,1.0,PlanStatus.FAIL,20,0.1811898191103693,-0.033437845705728365,False,,0.32065361153082345,0.03607389449163737,0.6548757141880736,0.0,4.5,False,6.905100075528026,20,0.1811898191103693,-0.033437845705728365,0.1,60,-64.6448745727539,24.470966339111328,0.004348799008236361,0.0,-51.37001874156735,24.541289649339756,0.0027790104050888476,4.425000000000005,0,[]
385,19.25,-64.6448745727539,24.470966339111328,0.0027785266797730837,0.0,0.0,0.0,1.0,PlanStatus.FAIL,20,0.1811898191103693,-0.033437845705728365,False,,0.32065361153082345,0.03607389449163737,0.6548757141880736,0.0,4.5,False,7.845600135624409,20,0.1811898191103693,-0.033437845705728365,0.1,60,-64.6448745727539,24.470966339111328,0.004348799008236361,0.0,-51.37001874156735,24.541289649339756,0.0027790104050888476,4.425000000000005,0,[]
386,19.3,-64.6448745727539,24.470966339111328,0.0027785266797730837,0.0,0.0,0.0,1.0,PlanStatus.FAIL,20,0.1811898191103693,-0.033437845705728365,False,,0.32065361153082345,0.03607389449163737,0.6548757141880736,0.0,4.5,False,7.210699841380119,20,0.1811898191103693,-0.033437845705728365,0.1,60,-64.6448745727539,24.470966339111328,0.004348799008236361,0.0,-51.37001874156735,24.541289649339756,0.0027790104050888476,4.425000000000005,0,[]
387,19.35,-64.6448745727539,24.470966339111328,0.0027785266797730837,0.0,0.0,0.0,1.0,PlanStatus.FAIL,20,0.1811898191103693,-0.033437845705728365,False,,0.32065361153082345,0.03607389449163737,0.6548757141880736,0.0,4.5,False,7.209799950942397,20,0.1811898191103693,-0.033437845705728365,0.1,60,-64.6448745727539,24.470966339111328,0.004348799008236361,0.0,-51.37001874156735,24.541289649339756,0.0027790104050888476,4.425000000000005,0,[]
388,19.400000000000002,-64.6448745727539,24.470966339111328,0.0027785266797730837,0.0,0.0,0.0,1.0,PlanStatus.FAIL,20,0.1811898191103693,-0.033437845705728365,False,,0.32065361153082345,0.03607389449163737,0.6548757141880736,0.0,4.5,False,7.2206000331789255,20,0.1811898191103693,-0.033437845705728365,0.1,60,-64.6448745727539,24.470966339111328,0.004348799008236361,0.0,-51.37001874156735,24.541289649339756,0.0027790104050888476,4.425000000000005,0,[]
389,19.450000000000003,-64.6448745727539,24.470966339111328,0.0027785266797730837,0.0,0.0,0.0,1.0,PlanStatus.FAIL,20,0.1811898191103693,-0.033437845705728365,False,,0.32065361153082345,0.03607389449163737,0.6548757141880736,0.0,4.5,False,7.371500134468079,20,0.1811898191103693,-0.033437845705728365,0.1,60,-64.6448745727539,24.470966339111328,0.004348799008236361,0.0,-51.37001874156735,24.541289649339756,0.0027790104050888476,4.425000000000005,0,[]
390,19.5,-64.6448745727539,24.470966339111328,0.0027785266797730837,0.0,0.0,0.0,1.0,PlanStatus.FAIL,20,0.1811898191103693,-0.033437845705728365,False,,0.32065361153082345,0.03607389449163737,0.6548757141880736,0.0,4.5,False,8.160300087183714,20,0.1811898191103693,-0.033437845705728365,0.1,60,-64.6448745727539,24.470966339111328,0.004348799008236361,0.0,-51.37001874156735,24.541289649339756,0.0027790104050888476,4.425000000000005,0,[]
391,19.55,-64.6448745727539,24.470966339111328,0.0027785266797730837,0.0,0.0,0.0,1.0,PlanStatus.FAIL,20,0.1811898191103693,-0.033437845705728365,False,,0.32065361153082345,0.03607389449163737,0.6548757141880736,0.0,4.5,False,7.374600041657686,20,0.1811898191103693,-0.033437845705728365,0.1,60,-64.6448745727539,24.470966339111328,0.004348799008236361,0.0,-51.37001874156735,24.541289649339756,0.0027790104050888476,4.425000000000005,0,[]
392,19.6,-64.6448745727539,24.470966339111328,0.0027785266797730837,0.0,0.0,0.0,1.0,PlanStatus.FAIL,20,0.1811898191103693,-0.033437845705728365,False,,0.32065361153082345,0.03607389449163737,0.6548757141880736,0.0,4.5,False,7.720799883827567,20,0.1811898191103693,-0.033437845705728365,0.1,60,-64.6448745727539,24.470966339111328,0.004348799008236361,0.0,-51.37001874156735,24.541289649339756,0.0027790104050888476,4.425000000000005,0,[]
393,19.650000000000002,-64.6448745727539,24.470966339111328,0.0027785266797730837,0.0,0.0,0.0,1.0,PlanStatus.FAIL,20,0.1811898191103693,-0.033437845705728365,False,,0.32065361153082345,0.03607389449163737,0.6548757141880736,0.0,4.5,False,7.304899860173464,20,0.1811898191103693,-0.033437845705728365,0.1,60,-64.6448745727539,24.470966339111328,0.004348799008236361,0.0,-51.37001874156735,24.541289649339756,0.0027790104050888476,4.425000000000005,0,[]
394,19.700000000000003,-64.6448745727539,24.470966339111328,0.0027785266797730837,0.0,0.0,0.0,1.0,PlanStatus.FAIL,20,0.1811898191103693,-0.033437845705728365,False,,0.32065361153082345,0.03607389449163737,0.6548757141880736,0.0,4.5,False,7.0460999850183725,20,0.1811898191103693,-0.033437845705728365,0.1,60,-64.6448745727539,24.470966339111328,0.004348799008236361,0.0,-51.37001874156735,24.541289649339756,0.0027790104050888476,4.425000000000005,0,[]
395,19.75,-64.6448745727539,24.470966339111328,0.0027785266797730837,0.0,0.0,0.0,1.0,PlanStatus.FAIL,20,0.1811898191103693,-0.033437845705728365,False,,0.32065361153082345,0.03607389449163737,0.6548757141880736,0.0,4.5,False,7.2673000395298,20,0.1811898191103693,-0.033437845705728365,0.1,60,-64.6448745727539,24.470966339111328,0.004348799008236361,0.0,-51.37001874156735,24.541289649339756,0.0027790104050888476,4.425000000000005,0,[]
396,19.8,-64.6448745727539,24.470966339111328,0.0027785266797730837,0.0,0.0,0.0,1.0,PlanStatus.FAIL,20,0.1811898191103693,-0.033437845705728365,False,,0.32065361153082345,0.03607389449163737,0.6548757141880736,0.0,4.5,False,7.999400142580271,20,0.1811898191103693,-0.033437845705728365,0.1,60,-64.6448745727539,24.470966339111328,0.004348799008236361,0.0,-51.37001874156735,24.541289649339756,0.0027790104050888476,4.425000000000005,0,[]
397,19.85,-64.6448745727539,24.470966339111328,0.0027785266797730837,0.0,0.0,0.0,1.0,PlanStatus.FAIL,20,0.1811898191103693,-0.033437845705728365,False,,0.32065361153082345,0.03607389449163737,0.6548757141880736,0.0,4.5,False,8.709999965503812,20,0.1811898191103693,-0.033437845705728365,0.1,60,-64.6448745727539,24.470966339111328,0.004348799008236361,0.0,-51.37001874156735,24.541289649339756,0.0027790104050888476,4.425000000000005,0,[]
398,19.900000000000002,-64.6448745727539,24.470966339111328,0.0027785266797730837,0.0,0.0,0.0,1.0,PlanStatus.FAIL,20,0.1811898191103693,-0.033437845705728365,False,,0.32065361153082345,0.03607389449163737,0.6548757141880736,0.0,4.5,False,9.023600025102496,20,0.1811898191103693,-0.033437845705728365,0.1,60,-64.6448745727539,24.470966339111328,0.004348799008236361,0.0,-51.37001874156735,24.541289649339756,0.0027790104050888476,4.425000000000005,0,[]
399,19.950000000000003,-64.6448745727539,24.470966339111328,0.0027785266797730837,0.0,0.0,0.0,1.0,PlanStatus.FAIL,20,0.1811898191103693,-0.033437845705728365,False,,0.32065361153082345,0.03607389449163737,0.6548757141880736,0.0,4.5,False,7.94180016964674,20,0.1811898191103693,-0.033437845705728365,0.1,60,-64.6448745727539,24.470966339111328,0.004348799008236361,0.0,-51.37001874156735,24.541289649339756,0.0027790104050888476,4.425000000000005,0,[]
400,20.0,-64.6448745727539,24.470966339111328,0.0027785266797730837,0.0,0.0,0.0,1.0,PlanStatus.FAIL,20,0.1811898191103693,-0.033437845705728365,False,,0.32065361153082345,0.03607389449163737,0.6548757141880736,0.0,4.5,False,8.063299814239144,20,0.1811898191103693,-0.033437845705728365,0.1,60,-64.6448745727539,24.470966339111328,0.004348799008236361,0.0,-51.37001874156735,24.541289649339756,0.0027790104050888476,4.425000000000005,0,[]
401,20.05,-64.6448745727539,24.470966339111328,0.0027785266797730837,0.0,0.0,0.0,1.0,PlanStatus.FAIL,20,0.1811898191103693,-0.033437845705728365,False,,0.32065361153082345,0.03607389449163737,0.6548757141880736,0.0,4.5,False,8.23640008457005,20,0.1811898191103693,-0.033437845705728365,0.1,60,-64.6448745727539,24.470966339111328,0.004348799008236361,0.0,-51.37001874156735,24.541289649339756,0.0027790104050888476,4.425000000000005,0,[]
402,20.1,-64.6448745727539,24.470966339111328,0.0027785266797730837,0.0,0.0,0.0,1.0,PlanStatus.FAIL,20,0.1811898191103693,-0.033437845705728365,False,,0.32065361153082345,0.03607389449163737,0.6548757141880736,0.0,4.5,False,7.8199999406933784,20,0.1811898191103693,-0.033437845705728365,0.1,60,-64.6448745727539,24.470966339111328,0.004348799008236361,0.0,-51.37001874156735,24.541289649339756,0.0027790104050888476,4.425000000000005,0,[]
403,20.150000000000002,-64.6448745727539,24.470966339111328,0.0027785266797730837,0.0,0.0,0.0,1.0,PlanStatus.FAIL,20,0.1811898191103693,-0.033437845705728365,False,,0.32065361153082345,0.03607389449163737,0.6548757141880736,0.0,4.5,False,8.971799863502383,20,0.1811898191103693,-0.033437845705728365,0.1,60,-64.6448745727539,24.470966339111328,0.004348799008236361,0.0,-51.37001874156735,24.541289649339756,0.0027790104050888476,4.425000000000005,0,[]
404,20.200000000000003,-64.6448745727539,24.470966339111328,0.0027785266797730837,0.0,0.0,0.0,1.0,PlanStatus.FAIL,20,0.1811898191103693,-0.033437845705728365,False,,0.32065361153082345,0.03607389449163737,0.6548757141880736,0.0,4.5,False,8.748000022023916,20,0.1811898191103693,-0.033437845705728365,0.1,60,-64.6448745727539,24.470966339111328,0.004348799008236361,0.0,-51.37001874156735,24.541289649339756,0.0027790104050888476,4.425000000000005,0,[]
405,20.25,-64.6448745727539,24.470966339111328,0.0027785266797730837,0.0,0.0,0.0,1.0,PlanStatus.FAIL,20,0.1811898191103693,-0.033437845705728365,False,,0.32065361153082345,0.03607389449163737,0.6548757141880736,0.0,4.5,False,8.2247001118958,20,0.1811898191103693,-0.033437845705728365,0.1,60,-64.6448745727539,24.470966339111328,0.004348799008236361,0.0,-51.37001874156735,24.541289649339756,0.0027790104050888476,4.425000000000005,0,[]
406,20.3,-64.6448745727539,24.470966339111328,0.0027785266797730837,0.0,0.0,0.0,1.0,PlanStatus.FAIL,20,0.1811898191103693,-0.033437845705728365,False,,0.32065361153082345,0.03607389449163737,0.6548757141880736,0.0,4.5,False,8.13259999267757,20,0.1811898191103693,-0.033437845705728365,0.1,60,-64.6448745727539,24.470966339111328,0.004348799008236361,0.0,-51.37001874156735,24.541289649339756,0.0027790104050888476,4.425000000000005,0,[]
407,20.35,-64.6448745727539,24.470966339111328,0.0027785266797730837,0.0,0.0,0.0,1.0,PlanStatus.FAIL,20,0.1811898191103693,-0.033437845705728365,False,,0.32065361153082345,0.03607389449163737,0.6548757141880736,0.0,4.5,False,7.961200084537268,20,0.1811898191103693,-0.033437845705728365,0.1,60,-64.6448745727539,24.470966339111328,0.004348799008236361,0.0,-51.37001874156735,24.541289649339756,0.0027790104050888476,4.425000000000005,0,[]
408,20.400000000000002,-64.6448745727539,24.470966339111328,0.0027785266797730837,0.0,0.0,0.0,1.0,PlanStatus.FAIL,20,0.1811898191103693,-0.033437845705728365,False,,0.32065361153082345,0.03607389449163737,0.6548757141880736,0.0,4.5,False,7.8402000945061445,20,0.1811898191103693,-0.033437845705728365,0.1,60,-64.6448745727539,24.470966339111328,0.004348799008236361,0.0,-51.37001874156735,24.541289649339756,0.0027790104050888476,4.425000000000005,0,[]
409,20.450000000000003,-64.6448745727539,24.470966339111328,0.0027785266797730837,0.0,0.0,0.0,1.0,PlanStatus.FAIL,20,0.1811898191103693,-0.033437845705728365,False,,0.32065361153082345,0.03607389449163737,0.6548757141880736,0.0,4.5,False,7.654399843886495,20,0.1811898191103693,-0.033437845705728365,0.1,60,-64.6448745727539,24.470966339111328,0.004348799008236361,0.0,-51.37001874156735,24.541289649339756,0.0027790104050888476,4.425000000000005,0,[]
410,20.5,-64.6448745727539,24.470966339111328,0.0027785266797730837,0.0,0.0,0.0,1.0,PlanStatus.FAIL,20,0.1811898191103693,-0.033437845705728365,False,,0.32065361153082345,0.03607389449163737,0.6548757141880736,0.0,4.5,False,8.134700125083327,20,0.1811898191103693,-0.033437845705728365,0.1,60,-64.6448745727539,24.470966339111328,0.004348799008236361,0.0,-51.37001874156735,24.541289649339756,0.0027790104050888476,4.425000000000005,0,[]
411,20.55,-64.6448745727539,24.470966339111328,0.0027785266797730837,0.0,0.0,0.0,1.0,PlanStatus.FAIL,20,0.1811898191103693,-0.033437845705728365,False,,0.32065361153082345,0.03607389449163737,0.6548757141880736,0.0,4.5,False,7.184099871665239,20,0.1811898191103693,-0.033437845705728365,0.1,60,-64.6448745727539,24.470966339111328,0.004348799008236361,0.0,-51.37001874156735,24.541289649339756,0.0027790104050888476,4.425000000000005,0,[]
412,20.6,-64.6448745727539,24.470966339111328,0.0027785266797730837,0.0,0.0,0.0,1.0,PlanStatus.FAIL,20,0.1811898191103693,-0.033437845705728365,False,,0.32065361153082345,0.03607389449163737,0.6548757141880736,0.0,4.5,False,7.198299979791045,20,0.1811898191103693,-0.033437845705728365,0.1,60,-64.6448745727539,24.470966339111328,0.004348799008236361,0.0,-51.37001874156735,24.541289649339756,0.0027790104050888476,4.425000000000005,0,[]
413,20.650000000000002,-64.6448745727539,24.470966339111328,0.0027785266797730837,0.0,0.0,0.0,1.0,PlanStatus.FAIL,20,0.1811898191103693,-0.033437845705728365,False,,0.32065361153082345,0.03607389449163737,0.6548757141880736,0.0,4.5,False,7.687099976465106,20,0.1811898191103693,-0.033437845705728365,0.1,60,-64.6448745727539,24.470966339111328,0.004348799008236361,0.0,-51.37001874156735,24.541289649339756,0.0027790104050888476,4.425000000000005,0,[]
414,20.700000000000003,-64.6448745727539,24.470966339111328,0.0027785266797730837,0.0,0.0,0.0,1.0,PlanStatus.FAIL,20,0.1811898191103693,-0.033437845705728365,False,,0.32065361153082345,0.03607389449163737,0.6548757141880736,0.0,4.5,False,7.07009993493557,20,0.1811898191103693,-0.033437845705728365,0.1,60,-64.6448745727539,24.470966339111328,0.004348799008236361,0.0,-51.37001874156735,24.541289649339756,0.0027790104050888476,4.425000000000005,0,[]
415,20.75,-64.6448745727539,24.470966339111328,0.0027785266797730837,0.0,0.0,0.0,1.0,PlanStatus.FAIL,20,0.1811898191103693,-0.033437845705728365,False,,0.32065361153082345,0.03607389449163737,0.6548757141880736,0.0,4.5,False,8.10300000011921,20,0.1811898191103693,-0.033437845705728365,0.1,60,-64.6448745727539,24.470966339111328,0.004348799008236361,0.0,-51.37001874156735,24.541289649339756,0.0027790104050888476,4.425000000000005,0,[]
416,20.8,-64.6448745727539,24.470966339111328,0.0027785266797730837,0.0,0.0,0.0,1.0,PlanStatus.FAIL,20,0.1811898191103693,-0.033437845705728365,False,,0.32065361153082345,0.03607389449163737,0.6548757141880736,0.0,4.5,False,6.9744999054819345,20,0.1811898191103693,-0.033437845705728365,0.1,60,-64.6448745727539,24.470966339111328,0.004348799008236361,0.0,-51.37001874156735,24.541289649339756,0.0027790104050888476,4.425000000000005,0,[]
417,20.85,-64.6448745727539,24.470966339111328,0.0027785266797730837,0.0,0.0,0.0,1.0,PlanStatus.FAIL,20,0.1811898191103693,-0.033437845705728365,False,,0.32065361153082345,0.03607389449163737,0.6548757141880736,0.0,4.5,False,7.2067000437527895,20,0.1811898191103693,-0.033437845705728365,0.1,60,-64.6448745727539,24.470966339111328,0.004348799008236361,0.0,-51.37001874156735,24.541289649339756,0.0027790104050888476,4.425000000000005,0,[]
418,20.900000000000002,-64.6448745727539,24.470966339111328,0.0027785266797730837,0.0,0.0,0.0,1.0,PlanStatus.FAIL,20,0.1811898191103693,-0.033437845705728365,False,,0.32065361153082345,0.03607389449163737,0.6548757141880736,0.0,4.5,False,7.093899883329868,20,0.1811898191103693,-0.033437845705728365,0.1,60,-64.6448745727539,24.470966339111328,0.004348799008236361,0.0,-51.37001874156735,24.541289649339756,0.0027790104050888476,4.425000000000005,0,[]
419,20.950000000000003,-64.6448745727539,24.470966339111328,0.0027785266797730837,0.0,0.0,0.0,1.0,PlanStatus.FAIL,20,0.1811898191103693,-0.033437845705728365,False,,0.32065361153082345,0.03607389449163737,0.6548757141880736,0.0,4.5,False,6.963199935853481,20,0.1811898191103693,-0.033437845705728365,0.1,60,-64.6448745727539,24.470966339111328,0.004348799008236361,0.0,-51.37001874156735,24.541289649339756,0.0027790104050888476,4.425000000000005,0,[]
420,21.0,-64.6448745727539,24.470966339111328,0.0027785266797730837,0.0,0.0,0.0,1.0,PlanStatus.FAIL,20,0.1811898191103693,-0.033437845705728365,False,,0.32065361153082345,0.03607389449163737,0.6548757141880736,0.0,4.5,False,7.954300148412585,20,0.1811898191103693,-0.033437845705728365,0.1,60,-64.6448745727539,24.470966339111328,0.004348799008236361,0.0,-51.37001874156735,24.541289649339756,0.0027790104050888476,4.425000000000005,0,[]
421,21.05,-64.6448745727539,24.470966339111328,0.0027785266797730837,0.0,0.0,0.0,1.0,PlanStatus.FAIL,20,0.1811898191103693,-0.033437845705728365,False,,0.32065361153082345,0.03607389449163737,0.6548757141880736,0.0,4.5,False,7.300699828192592,20,0.1811898191103693,-0.033437845705728365,0.1,60,-64.6448745727539,24.470966339111328,0.004348799008236361,0.0,-51.37001874156735,24.541289649339756,0.0027790104050888476,4.425000000000005,0,[]
422,21.1,-64.6448745727539,24.470966339111328,0.0027785266797730837,0.0,0.0,0.0,1.0,PlanStatus.FAIL,20,0.1811898191103693,-0.033437845705728365,False,,0.32065361153082345,0.03607389449163737,0.6548757141880736,0.0,4.5,False,7.397399982437491,20,0.1811898191103693,-0.033437845705728365,0.1,60,-64.6448745727539,24.470966339111328,0.004348799008236361,0.0,-51.37001874156735,24.541289649339756,0.0027790104050888476,4.425000000000005,0,[]
423,21.150000000000002,-64.6448745727539,24.470966339111328,0.0027785266797730837,0.0,0.0,0.0,1.0,PlanStatus.FAIL,20,0.1811898191103693,-0.033437845705728365,False,,0.32065361153082345,0.03607389449163737,0.6548757141880736,0.0,4.5,False,7.436699932441115,20,0.1811898191103693,-0.033437845705728365,0.1,60,-64.6448745727539,24.470966339111328,0.004348799008236361,0.0,-51.37001874156735,24.541289649339756,0.0027790104050888476,4.425000000000005,0,[]
424,21.200000000000003,-64.6448745727539,24.470966339111328,0.0027785266797730837,0.0,0.0,0.0,1.0,PlanStatus.FAIL,20,0.1811898191103693,-0.033437845705728365,False,,0.32065361153082345,0.03607389449163737,0.6548757141880736,0.0,4.5,False,7.58440000936389,20,0.1811898191103693,-0.033437845705728365,0.1,60,-64.6448745727539,24.470966339111328,0.004348799008236361,0.0,-51.37001874156735,24.541289649339756,0.0027790104050888476,4.425000000000005,0,[]
425,21.25,-64.6448745727539,24.470966339111328,0.0027785266797730837,0.0,0.0,0.0,1.0,PlanStatus.FAIL,20,0.1811898191103693,-0.033437845705728365,False,,0.32065361153082345,0.03607389449163737,0.6548757141880736,0.0,4.5,False,7.386300014331937,20,0.1811898191103693,-0.033437845705728365,0.1,60,-64.6448745727539,24.470966339111328,0.004348799008236361,0.0,-51.37001874156735,24.541289649339756,0.0027790104050888476,4.425000000000005,0,[]
426,21.3,-64.6448745727539,24.470966339111328,0.0027785266797730837,0.0,0.0,0.0,1.0,PlanStatus.FAIL,20,0.1811898191103693,-0.033437845705728365,False,,0.32065361153082345,0.03607389449163737,0.6548757141880736,0.0,4.5,False,7.562099955976009,20,0.1811898191103693,-0.033437845705728365,0.1,60,-64.6448745727539,24.470966339111328,0.004348799008236361,0.0,-51.37001874156735,24.541289649339756,0.0027790104050888476,4.425000000000005,0,[]
427,21.35,-64.6448745727539,24.470966339111328,0.0027785266797730837,0.0,0.0,0.0,1.0,PlanStatus.FAIL,20,0.1811898191103693,-0.033437845705728365,False,,0.32065361153082345,0.03607389449163737,0.6548757141880736,0.0,4.5,False,7.807400077581406,20,0.1811898191103693,-0.033437845705728365,0.1,60,-64.6448745727539,24.470966339111328,0.004348799008236361,0.0,-51.37001874156735,24.541289649339756,0.0027790104050888476,4.425000000000005,0,[]
428,21.400000000000002,-64.6448745727539,24.470966339111328,0.0027785266797730837,0.0,0.0,0.0,1.0,PlanStatus.FAIL,20,0.1811898191103693,-0.033437845705728365,False,,0.32065361153082345,0.03607389449163737,0.6548757141880736,0.0,4.5,False,7.90129997767508,20,0.1811898191103693,-0.033437845705728365,0.1,60,-64.6448745727539,24.470966339111328,0.004348799008236361,0.0,-51.37001874156735,24.541289649339756,0.0027790104050888476,4.425000000000005,0,[]
429,21.450000000000003,-64.6448745727539,24.470966339111328,0.0027785266797730837,0.0,0.0,0.0,1.0,PlanStatus.FAIL,20,0.1811898191103693,-0.033437845705728365,False,,0.32065361153082345,0.03607389449163737,0.6548757141880736,0.0,4.5,False,8.542499970644712,20,0.1811898191103693,-0.033437845705728365,0.1,60,-64.6448745727539,24.470966339111328,0.004348799008236361,0.0,-51.37001874156735,24.541289649339756,0.0027790104050888476,4.425000000000005,0,[]
430,21.5,-64.6448745727539,24.470966339111328,0.0027785266797730837,0.0,0.0,0.0,1.0,PlanStatus.FAIL,20,0.1811898191103693,-0.033437845705728365,False,,0.32065361153082345,0.03607389449163737,0.6548757141880736,0.0,4.5,False,7.88499996997416,20,0.1811898191103693,-0.033437845705728365,0.1,60,-64.6448745727539,24.470966339111328,0.004348799008236361,0.0,-51.37001874156735,24.541289649339756,0.0027790104050888476,4.425000000000005,0,[]
431,21.55,-64.6448745727539,24.470966339111328,0.0027785266797730837,0.0,0.0,0.0,1.0,PlanStatus.FAIL,20,0.1811898191103693,-0.033437845705728365,False,,0.32065361153082345,0.03607389449163737,0.6548757141880736,0.0,4.5,False,7.5020999647676945,20,0.1811898191103693,-0.033437845705728365,0.1,60,-64.6448745727539,24.470966339111328,0.004348799008236361,0.0,-51.37001874156735,24.541289649339756,0.0027790104050888476,4.425000000000005,0,[]
432,21.6,-64.6448745727539,24.470966339111328,0.0027785266797730837,0.0,0.0,0.0,1.0,PlanStatus.FAIL,20,0.1811898191103693,-0.033437845705728365,False,,0.32065361153082345,0.03607389449163737,0.6548757141880736,0.0,4.5,False,7.478400133550167,20,0.1811898191103693,-0.033437845705728365,0.1,60,-64.6448745727539,24.470966339111328,0.004348799008236361,0.0,-51.37001874156735,24.541289649339756,0.0027790104050888476,4.425000000000005,0,[]
433,21.650000000000002,-64.6448745727539,24.470966339111328,0.0027785266797730837,0.0,0.0,0.0,1.0,PlanStatus.FAIL,20,0.1811898191103693,-0.033437845705728365,False,,0.32065361153082345,0.03607389449163737,0.6548757141880736,0.0,4.5,False,9.512299904599786,20,0.1811898191103693,-0.033437845705728365,0.1,60,-64.6448745727539,24.470966339111328,0.004348799008236361,0.0,-51.37001874156735,24.541289649339756,0.0027790104050888476,4.425000000000005,0,[]
434,21.700000000000003,-64.6448745727539,24.470966339111328,0.0027785266797730837,0.0,0.0,0.0,1.0,PlanStatus.FAIL,20,0.1811898191103693,-0.033437845705728365,False,,0.32065361153082345,0.03607389449163737,0.6548757141880736,0.0,4.5,False,8.631899952888489,20,0.1811898191103693,-0.033437845705728365,0.1,60,-64.6448745727539,24.470966339111328,0.004348799008236361,0.0,-51.37001874156735,24.541289649339756,0.0027790104050888476,4.425000000000005,0,[]
435,21.75,-64.6448745727539,24.470966339111328,0.0027785266797730837,0.0,0.0,0.0,1.0,PlanStatus.FAIL,20,0.1811898191103693,-0.033437845705728365,False,,0.32065361153082345,0.03607389449163737,0.6548757141880736,0.0,4.5,False,7.621399825438857,20,0.1811898191103693,-0.033437845705728365,0.1,60,-64.6448745727539,24.470966339111328,0.004348799008236361,0.0,-51.37001874156735,24.541289649339756,0.0027790104050888476,4.425000000000005,0,[]
436,21.8,-64.6448745727539,24.470966339111328,0.0027785266797730837,0.0,0.0,0.0,1.0,PlanStatus.FAIL,20,0.1811898191103693,-0.033437845705728365,False,,0.32065361153082345,0.03607389449163737,0.6548757141880736,0.0,4.5,False,7.512399926781654,20,0.1811898191103693,-0.033437845705728365,0.1,60,-64.6448745727539,24.470966339111328,0.004348799008236361,0.0,-51.37001874156735,24.541289649339756,0.0027790104050888476,4.425000000000005,0,[]
437,21.85,-64.6448745727539,24.470966339111328,0.0027785266797730837,0.0,0.0,0.0,1.0,PlanStatus.FAIL,20,0.1811898191103693,-0.033437845705728365,False,,0.32065361153082345,0.03607389449163737,0.6548757141880736,0.0,4.5,False,7.298900047317147,20,0.1811898191103693,-0.033437845705728365,0.1,60,-64.6448745727539,24.470966339111328,0.004348799008236361,0.0,-51.37001874156735,24.541289649339756,0.0027790104050888476,4.425000000000005,0,[]
438,21.900000000000002,-64.6448745727539,24.470966339111328,0.0027785266797730837,0.0,0.0,0.0,1.0,PlanStatus.FAIL,20,0.1811898191103693,-0.033437845705728365,False,,0.32065361153082345,0.03607389449163737,0.6548757141880736,0.0,4.5,False,6.9565000012516975,20,0.1811898191103693,-0.033437845705728365,0.1,60,-64.6448745727539,24.470966339111328,0.004348799008236361,0.0,-51.37001874156735,24.541289649339756,0.0027790104050888476,4.425000000000005,0,[]
439,21.950000000000003,-64.6448745727539,24.470966339111328,0.0027785266797730837,0.0,0.0,0.0,1.0,PlanStatus.FAIL,20,0.1811898191103693,-0.033437845705728365,False,,0.32065361153082345,0.03607389449163737,0.6548757141880736,0.0,4.5,False,6.971299881115556,20,0.1811898191103693,-0.033437845705728365,0.1,60,-64.6448745727539,24.470966339111328,0.004348799008236361,0.0,-51.37001874156735,24.541289649339756,0.0027790104050888476,4.425000000000005,0,[]
440,22.0,-64.6448745727539,24.470966339111328,0.0027785266797730837,0.0,0.0,0.0,1.0,PlanStatus.FAIL,20,0.1811898191103693,-0.033437845705728365,False,,0.32065361153082345,0.03607389449163737,0.6548757141880736,0.0,4.5,False,7.515300065279007,20,0.1811898191103693,-0.033437845705728365,0.1,60,-64.6448745727539,24.470966339111328,0.004348799008236361,0.0,-51.37001874156735,24.541289649339756,0.0027790104050888476,4.425000000000005,0,[]
441,22.05,-64.6448745727539,24.470966339111328,0.0027785266797730837,0.0,0.0,0.0,1.0,PlanStatus.FAIL,20,0.1811898191103693,-0.033437845705728365,False,,0.32065361153082345,0.03607389449163737,0.6548757141880736,0.0,4.5,False,7.294500013813376,20,0.1811898191103693,-0.033437845705728365,0.1,60,-64.6448745727539,24.470966339111328,0.004348799008236361,0.0,-51.37001874156735,24.541289649339756,0.0027790104050888476,4.425000000000005,0,[]
442,22.1,-64.6448745727539,24.470966339111328,0.0027785266797730837,0.0,0.0,0.0,1.0,PlanStatus.FAIL,20,0.1811898191103693,-0.033437845705728365,False,,0.32065361153082345,0.03607389449163737,0.6548757141880736,0.0,4.5,False,6.482800003141165,20,0.1811898191103693,-0.033437845705728365,0.1,60,-64.6448745727539,24.470966339111328,0.004348799008236361,0.0,-51.37001874156735,24.541289649339756,0.0027790104050888476,4.425000000000005,0,[]
443,22.150000000000002,-64.6448745727539,24.470966339111328,0.0027785266797730837,0.0,0.0,0.0,1.0,PlanStatus.FAIL,20,0.1811898191103693,-0.033437845705728365,False,,0.32065361153082345,0.03607389449163737,0.6548757141880736,0.0,4.5,False,8.081300184130669,20,0.1811898191103693,-0.033437845705728365,0.1,60,-64.6448745727539,24.470966339111328,0.004348799008236361,0.0,-51.37001874156735,24.541289649339756,0.0027790104050888476,4.425000000000005,0,[]
444,22.200000000000003,-64.6448745727539,24.470966339111328,0.0027785266797730837,0.0,0.0,0.0,1.0,PlanStatus.FAIL,20,0.1811898191103693,-0.033437845705728365,False,,0.32065361153082345,0.03607389449163737,0.6548757141880736,0.0,4.5,False,7.565900217741728,20,0.1811898191103693,-0.033437845705728365,0.1,60,-64.6448745727539,24.470966339111328,0.004348799008236361,0.0,-51.37001874156735,24.541289649339756,0.0027790104050888476,4.425000000000005,0,[]
445,22.25,-64.6448745727539,24.470966339111328,0.0027785266797730837,0.0,0.0,0.0,1.0,PlanStatus.FAIL,20,0.1811898191103693,-0.033437845705728365,False,,0.32065361153082345,0.03607389449163737,0.6548757141880736,0.0,4.5,False,6.765600061044097,20,0.1811898191103693,-0.033437845705728365,0.1,60,-64.6448745727539,24.470966339111328,0.004348799008236361,0.0,-51.37001874156735,24.541289649339756,0.0027790104050888476,4.425000000000005,0,[]
446,22.3,-64.6448745727539,24.470966339111328,0.0027785266797730837,0.0,0.0,0.0,1.0,PlanStatus.FAIL,20,0.1811898191103693,-0.033437845705728365,False,,0.32065361153082345,0.03607389449163737,0.6548757141880736,0.0,4.5,False,7.935200119391084,20,0.1811898191103693,-0.033437845705728365,0.1,60,-64.6448745727539,24.470966339111328,0.004348799008236361,0.0,-51.37001874156735,24.541289649339756,0.0027790104050888476,4.425000000000005,0,[]
447,22.35,-64.6448745727539,24.470966339111328,0.0027785266797730837,0.0,0.0,0.0,1.0,PlanStatus.FAIL,20,0.1811898191103693,-0.033437845705728365,False,,0.32065361153082345,0.03607389449163737,0.6548757141880736,0.0,4.5,False,6.829499965533614,20,0.1811898191103693,-0.033437845705728365,0.1,60,-64.6448745727539,24.470966339111328,0.004348799008236361,0.0,-51.37001874156735,24.541289649339756,0.0027790104050888476,4.425000000000005,0,[]
448,22.400000000000002,-64.6448745727539,24.470966339111328,0.0027785266797730837,0.0,0.0,0.0,1.0,PlanStatus.FAIL,20,0.1811898191103693,-0.033437845705728365,False,,0.32065361153082345,0.03607389449163737,0.6548757141880736,0.0,4.5,False,8.187700062990189,20,0.1811898191103693,-0.033437845705728365,0.1,60,-64.6448745727539,24.470966339111328,0.004348799008236361,0.0,-51.37001874156735,24.541289649339756,0.0027790104050888476,4.425000000000005,0,[]
449,22.450000000000003,-64.6448745727539,24.470966339111328,0.0027785266797730837,0.0,0.0,0.0,1.0,PlanStatus.FAIL,20,0.1811898191103693,-0.033437845705728365,False,,0.32065361153082345,0.03607389449163737,0.6548757141880736,0.0,4.5,False,6.702400045469403,20,0.1811898191103693,-0.033437845705728365,0.1,60,-64.6448745727539,24.470966339111328,0.004348799008236361,0.0,-51.37001874156735,24.541289649339756,0.0027790104050888476,4.425000000000005,0,[]
450,22.5,-64.6448745727539,24.470966339111328,0.0027785266797730837,0.0,0.0,0.0,1.0,PlanStatus.FAIL,20,0.1811898191103693,-0.033437845705728365,False,,0.32065361153082345,0.03607389449163737,0.6548757141880736,0.0,4.5,False,7.515899837017059,20,0.1811898191103693,-0.033437845705728365,0.1,60,-64.6448745727539,24.470966339111328,0.004348799008236361,0.0,-51.37001874156735,24.541289649339756,0.0027790104050888476,4.425000000000005,0,[]
451,22.55,-64.6448745727539,24.470966339111328,0.0027785266797730837,0.0,0.0,0.0,1.0,PlanStatus.FAIL,20,0.1811898191103693,-0.033437845705728365,False,,0.32065361153082345,0.03607389449163737,0.6548757141880736,0.0,4.5,False,7.060700096189976,20,0.1811898191103693,-0.033437845705728365,0.1,60,-64.6448745727539,24.470966339111328,0.004348799008236361,0.0,-51.37001874156735,24.541289649339756,0.0027790104050888476,4.425000000000005,0,[]
452,22.6,-64.6448745727539,24.470966339111328,0.0027785266797730837,0.0,0.0,0.0,1.0,PlanStatus.FAIL,20,0.1811898191103693,-0.033437845705728365,False,,0.32065361153082345,0.03607389449163737,0.6548757141880736,0.0,4.5,False,6.988999899476767,20,0.1811898191103693,-0.033437845705728365,0.1,60,-64.6448745727539,24.470966339111328,0.004348799008236361,0.0,-51.37001874156735,24.541289649339756,0.0027790104050888476,4.425000000000005,0,[]
453,22.650000000000002,-64.6448745727539,24.470966339111328,0.0027785266797730837,0.0,0.0,0.0,1.0,PlanStatus.FAIL,20,0.1811898191103693,-0.033437845705728365,False,,0.32065361153082345,0.03607389449163737,0.6548757141880736,0.0,4.5,False,6.639400031417608,20,0.1811898191103693,-0.033437845705728365,0.1,60,-64.6448745727539,24.470966339111328,0.004348799008236361,0.0,-51.37001874156735,24.541289649339756,0.0027790104050888476,4.425000000000005,0,[]
454,22.700000000000003,-64.6448745727539,24.470966339111328,0.0027785266797730837,0.0,0.0,0.0,1.0,PlanStatus.FAIL,20,0.1811898191103693,-0.033437845705728365,False,,0.32065361153082345,0.03607389449163737,0.6548757141880736,0.0,4.5,False,7.065000012516975,20,0.1811898191103693,-0.033437845705728365,0.1,60,-64.6448745727539,24.470966339111328,0.004348799008236361,0.0,-51.37001874156735,24.541289649339756,0.0027790104050888476,4.425000000000005,0,[]
455,22.75,-64.6448745727539,24.470966339111328,0.0027785266797730837,0.0,0.0,0.0,1.0,PlanStatus.FAIL,20,0.1811898191103693,-0.033437845705728365,False,,0.32065361153082345,0.03607389449163737,0.6548757141880736,0.0,4.5,False,6.766400067135692,20,0.1811898191103693,-0.033437845705728365,0.1,60,-64.6448745727539,24.470966339111328,0.004348799008236361,0.0,-51.37001874156735,24.541289649339756,0.0027790104050888476,4.425000000000005,0,[]
456,22.8,-64.6448745727539,24.470966339111328,0.0027785266797730837,0.0,0.0,0.0,1.0,PlanStatus.FAIL,20,0.1811898191103693,-0.033437845705728365,False,,0.32065361153082345,0.03607389449163737,0.6548757141880736,0.0,4.5,False,6.460999837145209,20,0.1811898191103693,-0.033437845705728365,0.1,60,-64.6448745727539,24.470966339111328,0.004348799008236361,0.0,-51.37001874156735,24.541289649339756,0.0027790104050888476,4.425000000000005,0,[]
457,22.85,-64.6448745727539,24.470966339111328,0.0027785266797730837,0.0,0.0,0.0,1.0,PlanStatus.FAIL,20,0.1811898191103693,-0.033437845705728365,False,,0.32065361153082345,0.03607389449163737,0.6548757141880736,0.0,4.5,False,7.090100087225437,20,0.1811898191103693,-0.033437845705728365,0.1,60,-64.6448745727539,24.470966339111328,0.004348799008236361,0.0,-51.37001874156735,24.541289649339756,0.0027790104050888476,4.425000000000005,0,[]
458,22.900000000000002,-64.6448745727539,24.470966339111328,0.0027785266797730837,0.0,0.0,0.0,1.0,PlanStatus.FAIL,20,0.1811898191103693,-0.033437845705728365,False,,0.32065361153082345,0.03607389449163737,0.6548757141880736,0.0,4.5,False,6.9454999174922705,20,0.1811898191103693,-0.033437845705728365,0.1,60,-64.6448745727539,24.470966339111328,0.004348799008236361,0.0,-51.37001874156735,24.541289649339756,0.0027790104050888476,4.425000000000005,0,[]
459,22.950000000000003,-64.6448745727539,24.470966339111328,0.0027785266797730837,0.0,0.0,0.0,1.0,PlanStatus.FAIL,20,0.1811898191103693,-0.033437845705728365,False,,0.32065361153082345,0.03607389449163737,0.6548757141880736,0.0,4.5,False,6.189200095832348,20,0.1811898191103693,-0.033437845705728365,0.1,60,-64.6448745727539,24.470966339111328,0.004348799008236361,0.0,-51.37001874156735,24.541289649339756,0.0027790104050888476,4.425000000000005,0,[]
460,23.0,-64.6448745727539,24.470966339111328,0.0027785266797730837,0.0,0.0,0.0,1.0,PlanStatus.FAIL,20,0.1811898191103693,-0.033437845705728365,False,,0.32065361153082345,0.03607389449163737,0.6548757141880736,0.0,4.5,False,6.920200074091554,20,0.1811898191103693,-0.033437845705728365,0.1,60,-64.6448745727539,24.470966339111328,0.004348799008236361,0.0,-51.37001874156735,24.541289649339756,0.0027790104050888476,4.425000000000005,0,[]
461,23.05,-64.6448745727539,24.470966339111328,0.0027785266797730837,0.0,0.0,0.0,1.0,PlanStatus.FAIL,20,0.1811898191103693,-0.033437845705728365,False,,0.32065361153082345,0.03607389449163737,0.6548757141880736,0.0,4.5,False,6.895099999383092,20,0.1811898191103693,-0.033437845705728365,0.1,60,-64.6448745727539,24.470966339111328,0.004348799008236361,0.0,-51.37001874156735,24.541289649339756,0.0027790104050888476,4.425000000000005,0,[]
462,23.1,-64.6448745727539,24.470966339111328,0.0027785266797730837,0.0,0.0,0.0,1.0,PlanStatus.FAIL,20,0.1811898191103693,-0.033437845705728365,False,,0.32065361153082345,0.03607389449163737,0.6548757141880736,0.0,4.5,False,6.693999981507659,20,0.1811898191103693,-0.033437845705728365,0.1,60,-64.6448745727539,24.470966339111328,0.004348799008236361,0.0,-51.37001874156735,24.541289649339756,0.0027790104050888476,4.425000000000005,0,[]
463,23.150000000000002,-64.6448745727539,24.470966339111328,0.0027785266797730837,0.0,0.0,0.0,1.0,PlanStatus.FAIL,20,0.1811898191103693,-0.033437845705728365,False,,0.32065361153082345,0.03607389449163737,0.6548757141880736,0.0,4.5,False,7.436699932441115,20,0.1811898191103693,-0.033437845705728365,0.1,60,-64.6448745727539,24.470966339111328,0.004348799008236361,0.0,-51.37001874156735,24.541289649339756,0.0027790104050888476,4.425000000000005,0,[]
464,23.200000000000003,-64.6448745727539,24.470966339111328,0.0027785266797730837,0.0,0.0,0.0,1.0,PlanStatus.FAIL,20,0.1811898191103693,-0.033437845705728365,False,,0.32065361153082345,0.03607389449163737,0.6548757141880736,0.0,4.5,False,6.590900011360645,20,0.1811898191103693,-0.033437845705728365,0.1,60,-64.6448745727539,24.470966339111328,0.004348799008236361,0.0,-51.37001874156735,24.541289649339756,0.0027790104050888476,4.425000000000005,0,[]
465,23.25,-64.6448745727539,24.470966339111328,0.0027785266797730837,0.0,0.0,0.0,1.0,PlanStatus.FAIL,20,0.1811898191103693,-0.033437845705728365,False,,0.32065361153082345,0.03607389449163737,0.6548757141880736,0.0,4.5,False,6.452500121667981,20,0.1811898191103693,-0.033437845705728365,0.1,60,-64.6448745727539,24.470966339111328,0.004348799008236361,0.0,-51.37001874156735,24.541289649339756,0.0027790104050888476,4.425000000000005,0,[]
466,23.3,-64.6448745727539,24.470966339111328,0.0027785266797730837,0.0,0.0,0.0,1.0,PlanStatus.FAIL,20,0.1811898191103693,-0.033437845705728365,False,,0.32065361153082345,0.03607389449163737,0.6548757141880736,0.0,4.5,False,6.542199989780784,20,0.1811898191103693,-0.033437845705728365,0.1,60,-64.6448745727539,24.470966339111328,0.004348799008236361,0.0,-51.37001874156735,24.541289649339756,0.0027790104050888476,4.425000000000005,0,[]
467,23.35,-64.6448745727539,24.470966339111328,0.0027785266797730837,0.0,0.0,0.0,1.0,PlanStatus.FAIL,20,0.1811898191103693,-0.033437845705728365,False,,0.32065361153082345,0.03607389449163737,0.6548757141880736,0.0,4.5,False,8.390899980440736,20,0.1811898191103693,-0.033437845705728365,0.1,60,-64.6448745727539,24.470966339111328,0.004348799008236361,0.0,-51.37001874156735,24.541289649339756,0.0027790104050888476,4.425000000000005,0,[]
468,23.400000000000002,-64.6448745727539,24.470966339111328,0.0027785266797730837,0.0,0.0,0.0,1.0,PlanStatus.FAIL,20,0.1811898191103693,-0.033437845705728365,False,,0.32065361153082345,0.03607389449163737,0.6548757141880736,0.0,4.5,False,6.9673999678343534,20,0.1811898191103693,-0.033437845705728365,0.1,60,-64.6448745727539,24.470966339111328,0.004348799008236361,0.0,-51.37001874156735,24.541289649339756,0.0027790104050888476,4.425000000000005,0,[]
469,23.450000000000003,-64.6448745727539,24.470966339111328,0.0027785266797730837,0.0,0.0,0.0,1.0,PlanStatus.FAIL,20,0.1811898191103693,-0.033437845705728365,False,,0.32065361153082345,0.03607389449163737,0.6548757141880736,0.0,4.5,False,8.569399826228619,20,0.1811898191103693,-0.033437845705728365,0.1,60,-64.6448745727539,24.470966339111328,0.004348799008236361,0.0,-51.37001874156735,24.541289649339756,0.0027790104050888476,4.425000000000005,0,[]
470,23.5,-64.6448745727539,24.470966339111328,0.0027785266797730837,0.0,0.0,0.0,1.0,PlanStatus.FAIL,20,0.1811898191103693,-0.033437845705728365,False,,0.32065361153082345,0.03607389449163737,0.6548757141880736,0.0,4.5,False,7.320600096136332,20,0.1811898191103693,-0.033437845705728365,0.1,60,-64.6448745727539,24.470966339111328,0.004348799008236361,0.0,-51.37001874156735,24.541289649339756,0.0027790104050888476,4.425000000000005,0,[]
471,23.55,-64.6448745727539,24.470966339111328,0.0027785266797730837,0.0,0.0,0.0,1.0,PlanStatus.FAIL,20,0.1811898191103693,-0.033437845705728365,False,,0.32065361153082345,0.03607389449163737,0.6548757141880736,0.0,4.5,False,7.6066001784056425,20,0.1811898191103693,-0.033437845705728365,0.1,60,-64.6448745727539,24.470966339111328,0.004348799008236361,0.0,-51.37001874156735,24.541289649339756,0.0027790104050888476,4.425000000000005,0,[]
472,23.6,-64.6448745727539,24.470966339111328,0.0027785266797730837,0.0,0.0,0.0,1.0,PlanStatus.FAIL,20,0.1811898191103693,-0.033437845705728365,False,,0.32065361153082345,0.03607389449163737,0.6548757141880736,0.0,4.5,False,7.671700092032552,20,0.1811898191103693,-0.033437845705728365,0.1,60,-64.6448745727539,24.470966339111328,0.004348799008236361,0.0,-51.37001874156735,24.541289649339756,0.0027790104050888476,4.425000000000005,0,[]
473,23.650000000000002,-64.6448745727539,24.470966339111328,0.0027785266797730837,0.0,0.0,0.0,1.0,PlanStatus.FAIL,20,0.1811898191103693,-0.033437845705728365,False,,0.32065361153082345,0.03607389449163737,0.6548757141880736,0.0,4.5,False,8.149100001901388,20,0.1811898191103693,-0.033437845705728365,0.1,60,-64.6448745727539,24.470966339111328,0.004348799008236361,0.0,-51.37001874156735,24.541289649339756,0.0027790104050888476,4.425000000000005,0,[]
474,23.700000000000003,-64.6448745727539,24.470966339111328,0.0027785266797730837,0.0,0.0,0.0,1.0,PlanStatus.FAIL,20,0.1811898191103693,-0.033437845705728365,False,,0.32065361153082345,0.03607389449163737,0.6548757141880736,0.0,4.5,False,7.469200063496828,20,0.1811898191103693,-0.033437845705728365,0.1,60,-64.6448745727539,24.470966339111328,0.004348799008236361,0.0,-51.37001874156735,24.541289649339756,0.0027790104050888476,4.425000000000005,0,[]
475,23.75,-64.6448745727539,24.470966339111328,0.0027785266797730837,0.0,0.0,0.0,1.0,PlanStatus.FAIL,20,0.1811898191103693,-0.033437845705728365,False,,0.32065361153082345,0.03607389449163737,0.6548757141880736,0.0,4.5,False,7.4356000404804945,20,0.1811898191103693,-0.033437845705728365,0.1,60,-64.6448745727539,24.470966339111328,0.004348799008236361,0.0,-51.37001874156735,24.541289649339756,0.0027790104050888476,4.425000000000005,0,[]
476,23.8,-64.6448745727539,24.470966339111328,0.0027785266797730837,0.0,0.0,0.0,1.0,PlanStatus.FAIL,20,0.1811898191103693,-0.033437845705728365,False,,0.32065361153082345,0.03607389449163737,0.6548757141880736,0.0,4.5,False,6.197799928486347,20,0.1811898191103693,-0.033437845705728365,0.1,60,-64.6448745727539,24.470966339111328,0.004348799008236361,0.0,-51.37001874156735,24.541289649339756,0.0027790104050888476,4.425000000000005,0,[]
477,23.85,-64.6448745727539,24.470966339111328,0.0027785266797730837,0.0,0.0,0.0,1.0,PlanStatus.FAIL,20,0.1811898191103693,-0.033437845705728365,False,,0.32065361153082345,0.03607389449163737,0.6548757141880736,0.0,4.5,False,8.069299859926105,20,0.1811898191103693,-0.033437845705728365,0.1,60,-64.6448745727539,24.470966339111328,0.004348799008236361,0.0,-51.37001874156735,24.541289649339756,0.0027790104050888476,4.425000000000005,0,[]
478,23.900000000000002,-64.6448745727539,24.470966339111328,0.0027785266797730837,0.0,0.0,0.0,1.0,PlanStatus.FAIL,20,0.1811898191103693,-0.033437845705728365,False,,0.32065361153082345,0.03607389449163737,0.6548757141880736,0.0,4.5,False,7.682099938392639,20,0.1811898191103693,-0.033437845705728365,0.1,60,-64.6448745727539,24.470966339111328,0.004348799008236361,0.0,-51.37001874156735,24.541289649339756,0.0027790104050888476,4.425000000000005,0,[]
479,23.950000000000003,-64.6448745727539,24.470966339111328,0.0027785266797730837,0.0,0.0,0.0,1.0,PlanStatus.FAIL,20,0.1811898191103693,-0.033437845705728365,False,,0.32065361153082345,0.03607389449163737,0.6548757141880736,0.0,4.5,False,6.7322999238967896,20,0.1811898191103693,-0.033437845705728365,0.1,60,-64.6448745727539,24.470966339111328,0.004348799008236361,0.0,-51.37001874156735,24.541289649339756,0.0027790104050888476,4.425000000000005,0,[]
480,24.0,-64.6448745727539,24.470966339111328,0.0027785266797730837,0.0,0.0,0.0,1.0,PlanStatus.FAIL,20,0.1811898191103693,-0.033437845705728365,False,,0.32065361153082345,0.03607389449163737,0.6548757141880736,0.0,4.5,False,7.230399874970317,20,0.1811898191103693,-0.033437845705728365,0.1,60,-64.6448745727539,24.470966339111328,0.004348799008236361,0.0,-51.37001874156735,24.541289649339756,0.0027790104050888476,4.425000000000005,0,[]
481,24.05,-64.6448745727539,24.470966339111328,0.0027785266797730837,0.0,0.0,0.0,1.0,PlanStatus.FAIL,20,0.1811898191103693,-0.033437845705728365,False,,0.32065361153082345,0.03607389449163737,0.6548757141880736,0.0,4.5,False,6.618499988690019,20,0.1811898191103693,-0.033437845705728365,0.1,60,-64.6448745727539,24.470966339111328,0.004348799008236361,0.0,-51.37001874156735,24.541289649339756,0.0027790104050888476,4.425000000000005,0,[]
482,24.1,-64.6448745727539,24.470966339111328,0.0027785266797730837,0.0,0.0,0.0,1.0,PlanStatus.FAIL,20,0.1811898191103693,-0.033437845705728365,False,,0.32065361153082345,0.03607389449163737,0.6548757141880736,0.0,4.5,False,6.470399908721447,20,0.1811898191103693,-0.033437845705728365,0.1,60,-64.6448745727539,24.470966339111328,0.004348799008236361,0.0,-51.37001874156735,24.541289649339756,0.0027790104050888476,4.425000000000005,0,[]
483,24.150000000000002,-64.6448745727539,24.470966339111328,0.0027785266797730837,0.0,0.0,0.0,1.0,PlanStatus.FAIL,20,0.1811898191103693,-0.033437845705728365,False,,0.32065361153082345,0.03607389449163737,0.6548757141880736,0.0,4.5,False,6.268700119107962,20,0.1811898191103693,-0.033437845705728365,0.1,60,-64.6448745727539,24.470966339111328,0.004348799008236361,0.0,-51.37001874156735,24.541289649339756,0.0027790104050888476,4.425000000000005,0,[]
484,24.200000000000003,-64.6448745727539,24.470966339111328,0.0027785266797730837,0.0,0.0,0.0,1.0,PlanStatus.FAIL,20,0.1811898191103693,-0.033437845705728365,False,,0.32065361153082345,0.03607389449163737,0.6548757141880736,0.0,4.5,False,6.883300142362714,20,0.1811898191103693,-0.033437845705728365,0.1,60,-64.6448745727539,24.470966339111328,0.004348799008236361,0.0,-51.37001874156735,24.541289649339756,0.0027790104050888476,4.425000000000005,0,[]
485,24.25,-64.6448745727539,24.470966339111328,0.0027785266797730837,0.0,0.0,0.0,1.0,PlanStatus.FAIL,20,0.1811898191103693,-0.033437845705728365,False,,0.32065361153082345,0.03607389449163737,0.6548757141880736,0.0,4.5,False,7.215799996629357,20,0.1811898191103693,-0.033437845705728365,0.1,60,-64.6448745727539,24.470966339111328,0.004348799008236361,0.0,-51.37001874156735,24.541289649339756,0.0027790104050888476,4.425000000000005,0,[]
486,24.3,-64.6448745727539,24.470966339111328,0.0027785266797730837,0.0,0.0,0.0,1.0,PlanStatus.FAIL,20,0.1811898191103693,-0.033437845705728365,False,,0.32065361153082345,0.03607389449163737,0.6548757141880736,0.0,4.5,False,6.6055001225322485,20,0.1811898191103693,-0.033437845705728365,0.1,60,-64.6448745727539,24.470966339111328,0.004348799008236361,0.0,-51.37001874156735,24.541289649339756,0.0027790104050888476,4.425000000000005,0,[]
487,24.35,-64.6448745727539,24.470966339111328,0.0027785266797730837,0.0,0.0,0.0,1.0,PlanStatus.FAIL,20,0.1811898191103693,-0.033437845705728365,False,,0.32065361153082345,0.03607389449163737,0.6548757141880736,0.0,4.5,False,6.6142999567091465,20,0.1811898191103693,-0.033437845705728365,0.1,60,-64.6448745727539,24.470966339111328,0.004348799008236361,0.0,-51.37001874156735,24.541289649339756,0.0027790104050888476,4.425000000000005,0,[]
488,24.400000000000002,-64.6448745727539,24.470966339111328,0.0027785266797730837,0.0,0.0,0.0,1.0,PlanStatus.FAIL,20,0.1811898191103693,-0.033437845705728365,False,,0.32065361153082345,0.03607389449163737,0.6548757141880736,0.0,4.5,False,6.460399832576513,20,0.1811898191103693,-0.033437845705728365,0.1,60,-64.6448745727539,24.470966339111328,0.004348799008236361,0.0,-51.37001874156735,24.541289649339756,0.0027790104050888476,4.425000000000005,0,[]
489,24.450000000000003,-64.6448745727539,24.470966339111328,0.0027785266797730837,0.0,0.0,0.0,1.0,PlanStatus.FAIL,20,0.1811898191103693,-0.033437845705728365,False,,0.32065361153082345,0.03607389449163737,0.6548757141880736,0.0,4.5,False,6.508300080895424,20,0.1811898191103693,-0.033437845705728365,0.1,60,-64.6448745727539,24.470966339111328,0.004348799008236361,0.0,-51.37001874156735,24.541289649339756,0.0027790104050888476,4.425000000000005,0,[]
490,24.5,-64.6448745727539,24.470966339111328,0.0027785266797730837,0.0,0.0,0.0,1.0,PlanStatus.FAIL,20,0.1811898191103693,-0.033437845705728365,False,,0.32065361153082345,0.03607389449163737,0.6548757141880736,0.0,4.5,False,7.52789992839098,20,0.1811898191103693,-0.033437845705728365,0.1,60,-64.6448745727539,24.470966339111328,0.004348799008236361,0.0,-51.37001874156735,24.541289649339756,0.0027790104050888476,4.425000000000005,0,[]
491,24.55,-64.6448745727539,24.470966339111328,0.0027785266797730837,0.0,0.0,0.0,1.0,PlanStatus.FAIL,20,0.1811898191103693,-0.033437845705728365,False,,0.32065361153082345,0.03607389449163737,0.6548757141880736,0.0,4.5,False,7.383799878880382,20,0.1811898191103693,-0.033437845705728365,0.1,60,-64.6448745727539,24.470966339111328,0.004348799008236361,0.0,-51.37001874156735,24.541289649339756,0.0027790104050888476,4.425000000000005,0,[]
492,24.6,-64.6448745727539,24.470966339111328,0.0027785266797730837,0.0,0.0,0.0,1.0,PlanStatus.FAIL,20,0.1811898191103693,-0.033437845705728365,False,,0.32065361153082345,0.03607389449163737,0.6548757141880736,0.0,4.5,False,7.813400123268366,20,0.1811898191103693,-0.033437845705728365,0.1,60,-64.6448745727539,24.470966339111328,0.004348799008236361,0.0,-51.37001874156735,24.541289649339756,0.0027790104050888476,4.425000000000005,0,[]
493,24.650000000000002,-64.6448745727539,24.470966339111328,0.0027785266797730837,0.0,0.0,0.0,1.0,PlanStatus.FAIL,20,0.1811898191103693,-0.033437845705728365,False,,0.32065361153082345,0.03607389449163737,0.6548757141880736,0.0,4.5,False,6.495000096037984,20,0.1811898191103693,-0.033437845705728365,0.1,60,-64.6448745727539,24.470966339111328,0.004348799008236361,0.0,-51.37001874156735,24.541289649339756,0.0027790104050888476,4.425000000000005,0,[]
494,24.700000000000003,-64.6448745727539,24.470966339111328,0.0027785266797730837,0.0,0.0,0.0,1.0,PlanStatus.FAIL,20,0.1811898191103693,-0.033437845705728365,False,,0.32065361153082345,0.03607389449163737,0.6548757141880736,0.0,4.5,False,6.906399969011545,20,0.1811898191103693,-0.033437845705728365,0.1,60,-64.6448745727539,24.470966339111328,0.004348799008236361,0.0,-51.37001874156735,24.541289649339756,0.0027790104050888476,4.425000000000005,0,[]
495,24.75,-64.6448745727539,24.470966339111328,0.0027785266797730837,0.0,0.0,0.0,1.0,PlanStatus.FAIL,20,0.1811898191103693,-0.033437845705728365,False,,0.32065361153082345,0.03607389449163737,0.6548757141880736,0.0,4.5,False,6.37389998883009,20,0.1811898191103693,-0.033437845705728365,0.1,60,-64.6448745727539,24.470966339111328,0.004348799008236361,0.0,-51.37001874156735,24.541289649339756,0.0027790104050888476,4.425000000000005,0,[]
496,24.8,-64.6448745727539,24.470966339111328,0.0027785266797730837,0.0,0.0,0.0,1.0,PlanStatus.FAIL,20,0.1811898191103693,-0.033437845705728365,False,,0.32065361153082345,0.03607389449163737,0.6548757141880736,0.0,4.5,False,7.883700076490641,20,0.1811898191103693,-0.033437845705728365,0.1,60,-64.6448745727539,24.470966339111328,0.004348799008236361,0.0,-51.37001874156735,24.541289649339756,0.0027790104050888476,4.425000000000005,0,[]
497,24.85,-64.6448745727539,24.470966339111328,0.0027785266797730837,0.0,0.0,0.0,1.0,PlanStatus.FAIL,20,0.1811898191103693,-0.033437845705728365,False,,0.32065361153082345,0.03607389449163737,0.6548757141880736,0.0,4.5,False,6.755399983376265,20,0.1811898191103693,-0.033437845705728365,0.1,60,-64.6448745727539,24.470966339111328,0.004348799008236361,0.0,-51.37001874156735,24.541289649339756,0.0027790104050888476,4.425000000000005,0,[]
498,24.900000000000002,-64.6448745727539,24.470966339111328,0.0027785266797730837,0.0,0.0,0.0,1.0,PlanStatus.FAIL,20,0.1811898191103693,-0.033437845705728365,False,,0.32065361153082345,0.03607389449163737,0.6548757141880736,0.0,4.5,False,6.579400040209293,20,0.1811898191103693,-0.033437845705728365,0.1,60,-64.6448745727539,24.470966339111328,0.004348799008236361,0.0,-51.37001874156735,24.541289649339756,0.0027790104050888476,4.425000000000005,0,[]
499,24.950000000000003,-64.6448745727539,24.470966339111328,0.0027785266797730837,0.0,0.0,0.0,1.0,PlanStatus.FAIL,20,0.1811898191103693,-0.033437845705728365,False,,0.32065361153082345,0.03607389449163737,0.6548757141880736,0.0,4.5,False,6.49499986320734,20,0.1811898191103693,-0.033437845705728365,0.1,60,-64.6448745727539,24.470966339111328,0.004348799008236361,0.0,-51.37001874156735,24.541289649339756,0.0027790104050888476,4.425000000000005,0,[]
500,25.0,-64.6448745727539,24.470966339111328,0.0027785266797730837,0.0,0.0,0.0,1.0,PlanStatus.FAIL,20,0.1811898191103693,-0.033437845705728365,False,,0.32065361153082345,0.03607389449163737,0.6548757141880736,0.0,4.5,False,6.855300161987543,20,0.1811898191103693,-0.033437845705728365,0.1,60,-64.6448745727539,24.470966339111328,0.004348799008236361,0.0,-51.37001874156735,24.541289649339756,0.0027790104050888476,4.425000000000005,0,[]
501,25.05,-64.6448745727539,24.470966339111328,0.0027785266797730837,0.0,0.0,0.0,1.0,PlanStatus.FAIL,20,0.1811898191103693,-0.033437845705728365,False,,0.32065361153082345,0.03607389449163737,0.6548757141880736,0.0,4.5,False,7.539799902588129,20,0.1811898191103693,-0.033437845705728365,0.1,60,-64.6448745727539,24.470966339111328,0.004348799008236361,0.0,-51.37001874156735,24.541289649339756,0.0027790104050888476,4.425000000000005,0,[]
502,25.1,-64.6448745727539,24.470966339111328,0.0027785266797730837,0.0,0.0,0.0,1.0,PlanStatus.FAIL,20,0.1811898191103693,-0.033437845705728365,False,,0.32065361153082345,0.03607389449163737,0.6548757141880736,0.0,4.5,False,7.582599995657802,20,0.1811898191103693,-0.033437845705728365,0.1,60,-64.6448745727539,24.470966339111328,0.004348799008236361,0.0,-51.37001874156735,24.541289649339756,0.0027790104050888476,4.425000000000005,0,[]
503,25.150000000000002,-64.6448745727539,24.470966339111328,0.0027785266797730837,0.0,0.0,0.0,1.0,PlanStatus.FAIL,20,0.1811898191103693,-0.033437845705728365,False,,0.32065361153082345,0.03607389449163737,0.6548757141880736,0.0,4.5,False,7.2863001842051744,20,0.1811898191103693,-0.033437845705728365,0.1,60,-64.6448745727539,24.470966339111328,0.004348799008236361,0.0,-51.37001874156735,24.541289649339756,0.0027790104050888476,4.425000000000005,0,[]
504,25.200000000000003,-64.6448745727539,24.470966339111328,0.0027785266797730837,0.0,0.0,0.0,1.0,PlanStatus.FAIL,20,0.1811898191103693,-0.033437845705728365,False,,0.32065361153082345,0.03607389449163737,0.6548757141880736,0.0,4.5,False,7.5628000777214766,20,0.1811898191103693,-0.033437845705728365,0.1,60,-64.6448745727539,24.470966339111328,0.004348799008236361,0.0,-51.37001874156735,24.541289649339756,0.0027790104050888476,4.425000000000005,0,[]
505,25.25,-64.6448745727539,24.470966339111328,0.0027785266797730837,0.0,0.0,0.0,1.0,PlanStatus.FAIL,20,0.1811898191103693,-0.033437845705728365,False,,0.32065361153082345,0.03607389449163737,0.6548757141880736,0.0,4.5,False,8.331899996846914,20,0.1811898191103693,-0.033437845705728365,0.1,60,-64.6448745727539,24.470966339111328,0.004348799008236361,0.0,-51.37001874156735,24.541289649339756,0.0027790104050888476,4.425000000000005,0,[]
506,25.3,-64.6448745727539,24.470966339111328,0.0027785266797730837,0.0,0.0,0.0,1.0,PlanStatus.FAIL,20,0.1811898191103693,-0.033437845705728365,False,,0.32065361153082345,0.03607389449163737,0.6548757141880736,0.0,4.5,False,8.065399946644902,20,0.1811898191103693,-0.033437845705728365,0.1,60,-64.6448745727539,24.470966339111328,0.004348799008236361,0.0,-51.37001874156735,24.541289649339756,0.0027790104050888476,4.425000000000005,0,[]
507,25.35,-64.6448745727539,24.470966339111328,0.0027785266797730837,0.0,0.0,0.0,1.0,PlanStatus.FAIL,20,0.1811898191103693,-0.033437845705728365,False,,0.32065361153082345,0.03607389449163737,0.6548757141880736,0.0,4.5,False,7.856199983507395,20,0.1811898191103693,-0.033437845705728365,0.1,60,-64.6448745727539,24.470966339111328,0.004348799008236361,0.0,-51.37001874156735,24.541289649339756,0.0027790104050888476,4.425000000000005,0,[]
508,25.400000000000002,-64.6448745727539,24.470966339111328,0.0027785266797730837,0.0,0.0,0.0,1.0,PlanStatus.FAIL,20,0.1811898191103693,-0.033437845705728365,False,,0.32065361153082345,0.03607389449163737,0.6548757141880736,0.0,4.5,False,9.020499885082245,20,0.1811898191103693,-0.033437845705728365,0.1,60,-64.6448745727539,24.470966339111328,0.004348799008236361,0.0,-51.37001874156735,24.541289649339756,0.0027790104050888476,4.425000000000005,0,[]
509,25.450000000000003,-64.6448745727539,24.470966339111328,0.0027785266797730837,0.0,0.0,0.0,1.0,PlanStatus.FAIL,20,0.1811898191103693,-0.033437845705728365,False,,0.32065361153082345,0.03607389449163737,0.6548757141880736,0.0,4.5,False,9.42600006237626,20,0.1811898191103693,-0.033437845705728365,0.1,60,-64.6448745727539,24.470966339111328,0.004348799008236361,0.0,-51.37001874156735,24.541289649339756,0.0027790104050888476,4.425000000000005,0,[]
510,25.5,-64.6448745727539,24.470966339111328,0.0027785266797730837,0.0,0.0,0.0,1.0,PlanStatus.FAIL,20,0.1811898191103693,-0.033437845705728365,False,,0.32065361153082345,0.03607389449163737,0.6548757141880736,0.0,4.5,False,9.609099943190813,20,0.1811898191103693,-0.033437845705728365,0.1,60,-64.6448745727539,24.470966339111328,0.004348799008236361,0.0,-51.37001874156735,24.541289649339756,0.0027790104050888476,4.425000000000005,0,[]
511,25.55,-64.6448745727539,24.470966339111328,0.0027785266797730837,0.0,0.0,0.0,1.0,PlanStatus.FAIL,20,0.1811898191103693,-0.033437845705728365,False,,0.32065361153082345,0.03607389449163737,0.6548757141880736,0.0,4.5,False,8.231000043451786,20,0.1811898191103693,-0.033437845705728365,0.1,60,-64.6448745727539,24.470966339111328,0.004348799008236361,0.0,-51.37001874156735,24.541289649339756,0.0027790104050888476,4.425000000000005,0,[]
512,25.6,-64.6448745727539,24.470966339111328,0.0027785266797730837,0.0,0.0,0.0,1.0,PlanStatus.FAIL,20,0.1811898191103693,-0.033437845705728365,False,,0.32065361153082345,0.03607389449163737,0.6548757141880736,0.0,4.5,False,8.213599910959601,20,0.1811898191103693,-0.033437845705728365,0.1,60,-64.6448745727539,24.470966339111328,0.004348799008236361,0.0,-51.37001874156735,24.541289649339756,0.0027790104050888476,4.425000000000005,0,[]
513,25.650000000000002,-64.6448745727539,24.470966339111328,0.0027785266797730837,0.0,0.0,0.0,1.0,PlanStatus.FAIL,20,0.1811898191103693,-0.033437845705728365,False,,0.32065361153082345,0.03607389449163737,0.6548757141880736,0.0,4.5,False,9.767699986696243,20,0.1811898191103693,-0.033437845705728365,0.1,60,-64.6448745727539,24.470966339111328,0.004348799008236361,0.0,-51.37001874156735,24.541289649339756,0.0027790104050888476,4.425000000000005,0,[]
514,25.700000000000003,-64.6448745727539,24.470966339111328,0.0027785266797730837,0.0,0.0,0.0,1.0,PlanStatus.FAIL,20,0.1811898191103693,-0.033437845705728365,False,,0.32065361153082345,0.03607389449163737,0.6548757141880736,0.0,4.5,False,7.408600067719817,20,0.1811898191103693,-0.033437845705728365,0.1,60,-64.6448745727539,24.470966339111328,0.004348799008236361,0.0,-51.37001874156735,24.541289649339756,0.0027790104050888476,4.425000000000005,0,[]
515,25.75,-64.6448745727539,24.470966339111328,0.0027785266797730837,0.0,0.0,0.0,1.0,PlanStatus.FAIL,20,0.1811898191103693,-0.033437845705728365,False,,0.32065361153082345,0.03607389449163737,0.6548757141880736,0.0,4.5,False,7.767100119963288,20,0.1811898191103693,-0.033437845705728365,0.1,60,-64.6448745727539,24.470966339111328,0.004348799008236361,0.0,-51.37001874156735,24.541289649339756,0.0027790104050888476,4.425000000000005,0,[]
516,25.8,-64.6448745727539,24.470966339111328,0.0027785266797730837,0.0,0.0,0.0,1.0,PlanStatus.FAIL,20,0.1811898191103693,-0.033437845705728365,False,,0.32065361153082345,0.03607389449163737,0.6548757141880736,0.0,4.5,False,7.525100139901042,20,0.1811898191103693,-0.033437845705728365,0.1,60,-64.6448745727539,24.470966339111328,0.004348799008236361,0.0,-51.37001874156735,24.541289649339756,0.0027790104050888476,4.425000000000005,0,[]
517,25.85,-64.6448745727539,24.470966339111328,0.0027785266797730837,0.0,0.0,0.0,1.0,PlanStatus.FAIL,20,0.1811898191103693,-0.033437845705728365,False,,0.32065361153082345,0.03607389449163737,0.6548757141880736,0.0,4.5,False,7.635499816387892,20,0.1811898191103693,-0.033437845705728365,0.1,60,-64.6448745727539,24.470966339111328,0.004348799008236361,0.0,-51.37001874156735,24.541289649339756,0.0027790104050888476,4.425000000000005,0,[]
518,25.900000000000002,-64.6448745727539,24.470966339111328,0.0027785266797730837,0.0,0.0,0.0,1.0,PlanStatus.FAIL,20,0.1811898191103693,-0.033437845705728365,False,,0.32065361153082345,0.03607389449163737,0.6548757141880736,0.0,4.5,False,7.371500134468079,20,0.1811898191103693,-0.033437845705728365,0.1,60,-64.6448745727539,24.470966339111328,0.004348799008236361,0.0,-51.37001874156735,24.541289649339756,0.0027790104050888476,4.425000000000005,0,[]
519,25.950000000000003,-64.6448745727539,24.470966339111328,0.0027785266797730837,0.0,0.0,0.0,1.0,PlanStatus.FAIL,20,0.1811898191103693,-0.033437845705728365,False,,0.32065361153082345,0.03607389449163737,0.6548757141880736,0.0,4.5,False,7.668299833312631,20,0.1811898191103693,-0.033437845705728365,0.1,60,-64.6448745727539,24.470966339111328,0.004348799008236361,0.0,-51.37001874156735,24.541289649339756,0.0027790104050888476,4.425000000000005,0,[]
520,26.0,-64.6448745727539,24.470966339111328,0.0027785266797730837,0.0,0.0,0.0,1.0,PlanStatus.FAIL,20,0.1811898191103693,-0.033437845705728365,False,,0.32065361153082345,0.03607389449163737,0.6548757141880736,0.0,4.5,False,8.322000037878752,20,0.1811898191103693,-0.033437845705728365,0.1,60,-64.6448745727539,24.470966339111328,0.004348799008236361,0.0,-51.37001874156735,24.541289649339756,0.0027790104050888476,4.425000000000005,0,[]
521,26.05,-64.6448745727539,24.470966339111328,0.0027785266797730837,0.0,0.0,0.0,1.0,PlanStatus.FAIL,20,0.1811898191103693,-0.033437845705728365,False,,0.32065361153082345,0.03607389449163737,0.6548757141880736,0.0,4.5,False,7.4004000052809715,20,0.1811898191103693,-0.033437845705728365,0.1,60,-64.6448745727539,24.470966339111328,0.004348799008236361,0.0,-51.37001874156735,24.541289649339756,0.0027790104050888476,4.425000000000005,0,[]
522,26.1,-64.6448745727539,24.470966339111328,0.0027785266797730837,0.0,0.0,0.0,1.0,PlanStatus.FAIL,20,0.1811898191103693,-0.033437845705728365,False,,0.32065361153082345,0.03607389449163737,0.6548757141880736,0.0,4.5,False,7.434099912643433,20,0.1811898191103693,-0.033437845705728365,0.1,60,-64.6448745727539,24.470966339111328,0.004348799008236361,0.0,-51.37001874156735,24.541289649339756,0.0027790104050888476,4.425000000000005,0,[]
523,26.150000000000002,-64.6448745727539,24.470966339111328,0.0027785266797730837,0.0,0.0,0.0,1.0,PlanStatus.FAIL,20,0.1811898191103693,-0.033437845705728365,False,,0.32065361153082345,0.03607389449163737,0.6548757141880736,0.0,4.5,False,7.127200020477176,20,0.1811898191103693,-0.033437845705728365,0.1,60,-64.6448745727539,24.470966339111328,0.004348799008236361,0.0,-51.37001874156735,24.541289649339756,0.0027790104050888476,4.425000000000005,0,[]
524,26.200000000000003,-64.6448745727539,24.470966339111328,0.0027785266797730837,0.0,0.0,0.0,1.0,PlanStatus.FAIL,20,0.1811898191103693,-0.033437845705728365,False,,0.32065361153082345,0.03607389449163737,0.6548757141880736,0.0,4.5,False,7.474099984392524,20,0.1811898191103693,-0.033437845705728365,0.1,60,-64.6448745727539,24.470966339111328,0.004348799008236361,0.0,-51.37001874156735,24.541289649339756,0.0027790104050888476,4.425000000000005,0,[]
525,26.25,-64.6448745727539,24.470966339111328,0.0027785266797730837,0.0,0.0,0.0,1.0,PlanStatus.FAIL,20,0.1811898191103693,-0.033437845705728365,False,,0.32065361153082345,0.03607389449163737,0.6548757141880736,0.0,4.5,False,7.643899880349636,20,0.1811898191103693,-0.033437845705728365,0.1,60,-64.6448745727539,24.470966339111328,0.004348799008236361,0.0,-51.37001874156735,24.541289649339756,0.0027790104050888476,4.425000000000005,0,[]
526,26.3,-64.6448745727539,24.470966339111328,0.0027785266797730837,0.0,0.0,0.0,1.0,PlanStatus.FAIL,20,0.1811898191103693,-0.033437845705728365,False,,0.32065361153082345,0.03607389449163737,0.6548757141880736,0.0,4.5,False,7.820000173524022,20,0.1811898191103693,-0.033437845705728365,0.1,60,-64.6448745727539,24.470966339111328,0.004348799008236361,0.0,-51.37001874156735,24.541289649339756,0.0027790104050888476,4.425000000000005,0,[]
527,26.35,-64.6448745727539,24.470966339111328,0.0027785266797730837,0.0,0.0,0.0,1.0,PlanStatus.FAIL,20,0.1811898191103693,-0.033437845705728365,False,,0.32065361153082345,0.03607389449163737,0.6548757141880736,0.0,4.5,False,7.429799996316433,20,0.1811898191103693,-0.033437845705728365,0.1,60,-64.6448745727539,24.470966339111328,0.004348799008236361,0.0,-51.37001874156735,24.541289649339756,0.0027790104050888476,4.425000000000005,0,[]
528,26.400000000000002,-64.6448745727539,24.470966339111328,0.0027785266797730837,0.0,0.0,0.0,1.0,PlanStatus.FAIL,20,0.1811898191103693,-0.033437845705728365,False,,0.32065361153082345,0.03607389449163737,0.6548757141880736,0.0,4.5,False,8.300899993628263,20,0.1811898191103693,-0.033437845705728365,0.1,60,-64.6448745727539,24.470966339111328,0.004348799008236361,0.0,-51.37001874156735,24.541289649339756,0.0027790104050888476,4.425000000000005,0,[]
529,26.450000000000003,-64.6448745727539,24.470966339111328,0.0027785266797730837,0.0,0.0,0.0,1.0,PlanStatus.FAIL,20,0.1811898191103693,-0.033437845705728365,False,,0.32065361153082345,0.03607389449163737,0.6548757141880736,0.0,4.5,False,7.966199889779091,20,0.1811898191103693,-0.033437845705728365,0.1,60,-64.6448745727539,24.470966339111328,0.004348799008236361,0.0,-51.37001874156735,24.541289649339756,0.0027790104050888476,4.425000000000005,0,[]
530,26.5,-64.6448745727539,24.470966339111328,0.0027785266797730837,0.0,0.0,0.0,1.0,PlanStatus.FAIL,20,0.1811898191103693,-0.033437845705728365,False,,0.32065361153082345,0.03607389449163737,0.6548757141880736,0.0,4.5,False,7.720599882304668,20,0.1811898191103693,-0.033437845705728365,0.1,60,-64.6448745727539,24.470966339111328,0.004348799008236361,0.0,-51.37001874156735,24.541289649339756,0.0027790104050888476,4.425000000000005,0,[]
531,26.55,-64.6448745727539,24.470966339111328,0.0027785266797730837,0.0,0.0,0.0,1.0,PlanStatus.FAIL,20,0.1811898191103693,-0.033437845705728365,False,,0.32065361153082345,0.03607389449163737,0.6548757141880736,0.0,4.5,False,7.769200019538403,20,0.1811898191103693,-0.033437845705728365,0.1,60,-64.6448745727539,24.470966339111328,0.004348799008236361,0.0,-51.37001874156735,24.541289649339756,0.0027790104050888476,4.425000000000005,0,[]
532,26.6,-64.6448745727539,24.470966339111328,0.0027785266797730837,0.0,0.0,0.0,1.0,PlanStatus.FAIL,20,0.1811898191103693,-0.033437845705728365,False,,0.32065361153082345,0.03607389449163737,0.6548757141880736,0.0,4.5,False,7.281700149178505,20,0.1811898191103693,-0.033437845705728365,0.1,60,-64.6448745727539,24.470966339111328,0.004348799008236361,0.0,-51.37001874156735,24.541289649339756,0.0027790104050888476,4.425000000000005,0,[]
533,26.650000000000002,-64.6448745727539,24.470966339111328,0.0027785266797730837,0.0,0.0,0.0,1.0,PlanStatus.FAIL,20,0.1811898191103693,-0.033437845705728365,False,,0.32065361153082345,0.03607389449163737,0.6548757141880736,0.0,4.5,False,7.752300007268786,20,0.1811898191103693,-0.033437845705728365,0.1,60,-64.6448745727539,24.470966339111328,0.004348799008236361,0.0,-51.37001874156735,24.541289649339756,0.0027790104050888476,4.425000000000005,0,[]
534,26.700000000000003,-64.6448745727539,24.470966339111328,0.0027785266797730837,0.0,0.0,0.0,1.0,PlanStatus.FAIL,20,0.1811898191103693,-0.033437845705728365,False,,0.32065361153082345,0.03607389449163737,0.6548757141880736,0.0,4.5,False,8.190799970179796,20,0.1811898191103693,-0.033437845705728365,0.1,60,-64.6448745727539,24.470966339111328,0.004348799008236361,0.0,-51.37001874156735,24.541289649339756,0.0027790104050888476,4.425000000000005,0,[]
535,26.75,-64.6448745727539,24.470966339111328,0.0027785266797730837,0.0,0.0,0.0,1.0,PlanStatus.FAIL,20,0.1811898191103693,-0.033437845705728365,False,,0.32065361153082345,0.03607389449163737,0.6548757141880736,0.0,4.5,False,9.770100004971027,20,0.1811898191103693,-0.033437845705728365,0.1,60,-64.6448745727539,24.470966339111328,0.004348799008236361,0.0,-51.37001874156735,24.541289649339756,0.0027790104050888476,4.425000000000005,0,[]
536,26.8,-64.6448745727539,24.470966339111328,0.0027785266797730837,0.0,0.0,0.0,1.0,PlanStatus.FAIL,20,0.1811898191103693,-0.033437845705728365,False,,0.32065361153082345,0.03607389449163737,0.6548757141880736,0.0,4.5,False,8.689299924299121,20,0.1811898191103693,-0.033437845705728365,0.1,60,-64.6448745727539,24.470966339111328,0.004348799008236361,0.0,-51.37001874156735,24.541289649339756,0.0027790104050888476,4.425000000000005,0,[]
537,26.85,-64.6448745727539,24.470966339111328,0.0027785266797730837,0.0,0.0,0.0,1.0,PlanStatus.FAIL,20,0.1811898191103693,-0.033437845705728365,False,,0.32065361153082345,0.03607389449163737,0.6548757141880736,0.0,4.5,False,8.771700086072087,20,0.1811898191103693,-0.033437845705728365,0.1,60,-64.6448745727539,24.470966339111328,0.004348799008236361,0.0,-51.37001874156735,24.541289649339756,0.0027790104050888476,4.425000000000005,0,[]
538,26.900000000000002,-64.6448745727539,24.470966339111328,0.0027785266797730837,0.0,0.0,0.0,1.0,PlanStatus.FAIL,20,0.1811898191103693,-0.033437845705728365,False,,0.32065361153082345,0.03607389449163737,0.6548757141880736,0.0,4.5,False,8.806199999526143,20,0.1811898191103693,-0.033437845705728365,0.1,60,-64.6448745727539,24.470966339111328,0.004348799008236361,0.0,-51.37001874156735,24.541289649339756,0.0027790104050888476,4.425000000000005,0,[]
539,26.950000000000003,-64.6448745727539,24.470966339111328,0.0027785266797730837,0.0,0.0,0.0,1.0,PlanStatus.FAIL,20,0.1811898191103693,-0.033437845705728365,False,,0.32065361153082345,0.03607389449163737,0.6548757141880736,0.0,4.5,False,8.537699934095144,20,0.1811898191103693,-0.033437845705728365,0.1,60,-64.6448745727539,24.470966339111328,0.004348799008236361,0.0,-51.37001874156735,24.541289649339756,0.0027790104050888476,4.425000000000005,0,[]
540,27.0,-64.6448745727539,24.470966339111328,0.0027785266797730837,0.0,0.0,0.0,1.0,PlanStatus.FAIL,20,0.1811898191103693,-0.033437845705728365,False,,0.32065361153082345,0.03607389449163737,0.6548757141880736,0.0,4.5,False,7.704100105911493,20,0.1811898191103693,-0.033437845705728365,0.1,60,-64.6448745727539,24.470966339111328,0.004348799008236361,0.0,-51.37001874156735,24.541289649339756,0.0027790104050888476,4.425000000000005,0,[]
541,27.05,-64.6448745727539,24.470966339111328,0.0027785266797730837,0.0,0.0,0.0,1.0,PlanStatus.FAIL,20,0.1811898191103693,-0.033437845705728365,False,,0.32065361153082345,0.03607389449163737,0.6548757141880736,0.0,4.5,False,7.707900134846568,20,0.1811898191103693,-0.033437845705728365,0.1,60,-64.6448745727539,24.470966339111328,0.004348799008236361,0.0,-51.37001874156735,24.541289649339756,0.0027790104050888476,4.425000000000005,0,[]
542,27.1,-64.6448745727539,24.470966339111328,0.0027785266797730837,0.0,0.0,0.0,1.0,PlanStatus.FAIL,20,0.1811898191103693,-0.033437845705728365,False,,0.32065361153082345,0.03607389449163737,0.6548757141880736,0.0,4.5,False,7.2922001127153635,20,0.1811898191103693,-0.033437845705728365,0.1,60,-64.6448745727539,24.470966339111328,0.004348799008236361,0.0,-51.37001874156735,24.541289649339756,0.0027790104050888476,4.425000000000005,0,[]
543,27.150000000000002,-64.6448745727539,24.470966339111328,0.0027785266797730837,0.0,0.0,0.0,1.0,PlanStatus.FAIL,20,0.1811898191103693,-0.033437845705728365,False,,0.32065361153082345,0.03607389449163737,0.6548757141880736,0.0,4.5,False,8.627200033515692,20,0.1811898191103693,-0.033437845705728365,0.1,60,-64.6448745727539,24.470966339111328,0.004348799008236361,0.0,-51.37001874156735,24.541289649339756,0.0027790104050888476,4.425000000000005,0,[]
544,27.200000000000003,-64.6448745727539,24.470966339111328,0.0027785266797730837,0.0,0.0,0.0,1.0,PlanStatus.FAIL,20,0.1811898191103693,-0.033437845705728365,False,,0.32065361153082345,0.03607389449163737,0.6548757141880736,0.0,4.5,False,8.25870013795793,20,0.1811898191103693,-0.033437845705728365,0.1,60,-64.6448745727539,24.470966339111328,0.004348799008236361,0.0,-51.37001874156735,24.541289649339756,0.0027790104050888476,4.425000000000005,0,[]
545,27.25,-64.6448745727539,24.470966339111328,0.0027785266797730837,0.0,0.0,0.0,1.0,PlanStatus.FAIL,20,0.1811898191103693,-0.033437845705728365,False,,0.32065361153082345,0.03607389449163737,0.6548757141880736,0.0,4.5,False,7.96509999781847,20,0.1811898191103693,-0.033437845705728365,0.1,60,-64.6448745727539,24.470966339111328,0.004348799008236361,0.0,-51.37001874156735,24.541289649339756,0.0027790104050888476,4.425000000000005,0,[]
546,27.3,-64.6448745727539,24.470966339111328,0.0027785266797730837,0.0,0.0,0.0,1.0,PlanStatus.FAIL,20,0.1811898191103693,-0.033437845705728365,False,,0.32065361153082345,0.03607389449163737,0.6548757141880736,0.0,4.5,False,7.840000092983246,20,0.1811898191103693,-0.033437845705728365,0.1,60,-64.6448745727539,24.470966339111328,0.004348799008236361,0.0,-51.37001874156735,24.541289649339756,0.0027790104050888476,4.425000000000005,0,[]
547,27.35,-64.6448745727539,24.470966339111328,0.0027785266797730837,0.0,0.0,0.0,1.0,PlanStatus.FAIL,20,0.1811898191103693,-0.033437845705728365,False,,0.32065361153082345,0.03607389449163737,0.6548757141880736,0.0,4.5,False,7.176699815317988,20,0.1811898191103693,-0.033437845705728365,0.1,60,-64.6448745727539,24.470966339111328,0.004348799008236361,0.0,-51.37001874156735,24.541289649339756,0.0027790104050888476,4.425000000000005,0,[]
548,27.400000000000002,-64.6448745727539,24.470966339111328,0.0027785266797730837,0.0,0.0,0.0,1.0,PlanStatus.FAIL,20,0.1811898191103693,-0.033437845705728365,False,,0.32065361153082345,0.03607389449163737,0.6548757141880736,0.0,4.5,False,7.425900083035231,20,0.1811898191103693,-0.033437845705728365,0.1,60,-64.6448745727539,24.470966339111328,0.004348799008236361,0.0,-51.37001874156735,24.541289649339756,0.0027790104050888476,4.425000000000005,0,[]
549,27.450000000000003,-64.6448745727539,24.470966339111328,0.0027785266797730837,0.0,0.0,0.0,1.0,PlanStatus.FAIL,20,0.1811898191103693,-0.033437845705728365,False,,0.32065361153082345,0.03607389449163737,0.6548757141880736,0.0,4.5,False,7.282800041139126,20,0.1811898191103693,-0.033437845705728365,0.1,60,-64.6448745727539,24.470966339111328,0.004348799008236361,0.0,-51.37001874156735,24.541289649339756,0.0027790104050888476,4.425000000000005,0,[]
550,27.5,-64.6448745727539,24.470966339111328,0.0027785266797730837,0.0,0.0,0.0,1.0,PlanStatus.FAIL,20,0.1811898191103693,-0.033437845705728365,False,,0.32065361153082345,0.03607389449163737,0.6548757141880736,0.0,4.5,False,6.697200005874038,20,0.1811898191103693,-0.033437845705728365,0.1,60,-64.6448745727539,24.470966339111328,0.004348799008236361,0.0,-51.37001874156735,24.541289649339756,0.0027790104050888476,4.425000000000005,0,[]
551,27.55,-64.6448745727539,24.470966339111328,0.0027785266797730837,0.0,0.0,0.0,1.0,PlanStatus.FAIL,20,0.1811898191103693,-0.033437845705728365,False,,0.32065361153082345,0.03607389449163737,0.6548757141880736,0.0,4.5,False,7.198499981313944,20,0.1811898191103693,-0.033437845705728365,0.1,60,-64.6448745727539,24.470966339111328,0.004348799008236361,0.0,-51.37001874156735,24.541289649339756,0.0027790104050888476,4.425000000000005,0,[]
552,27.6,-64.6448745727539,24.470966339111328,0.0027785266797730837,0.0,0.0,0.0,1.0,PlanStatus.FAIL,20,0.1811898191103693,-0.033437845705728365,False,,0.32065361153082345,0.03607389449163737,0.6548757141880736,0.0,4.5,False,6.958900019526482,20,0.1811898191103693,-0.033437845705728365,0.1,60,-64.6448745727539,24.470966339111328,0.004348799008236361,0.0,-51.37001874156735,24.541289649339756,0.0027790104050888476,4.425000000000005,0,[]
553,27.650000000000002,-64.6448745727539,24.470966339111328,0.0027785266797730837,0.0,0.0,0.0,1.0,PlanStatus.FAIL,20,0.1811898191103693,-0.033437845705728365,False,,0.32065361153082345,0.03607389449163737,0.6548757141880736,0.0,4.5,False,7.752399891614914,20,0.1811898191103693,-0.033437845705728365,0.1,60,-64.6448745727539,24.470966339111328,0.004348799008236361,0.0,-51.37001874156735,24.541289649339756,0.0027790104050888476,4.425000000000005,0,[]
554,27.700000000000003,-64.6448745727539,24.470966339111328,0.0027785266797730837,0.0,0.0,0.0,1.0,PlanStatus.FAIL,20,0.1811898191103693,-0.033437845705728365,False,,0.32065361153082345,0.03607389449163737,0.6548757141880736,0.0,4.5,False,7.689200108870864,20,0.1811898191103693,-0.033437845705728365,0.1,60,-64.6448745727539,24.470966339111328,0.004348799008236361,0.0,-51.37001874156735,24.541289649339756,0.0027790104050888476,4.425000000000005,0,[]
555,27.75,-64.6448745727539,24.470966339111328,0.0027785266797730837,0.0,0.0,0.0,1.0,PlanStatus.FAIL,20,0.1811898191103693,-0.033437845705728365,False,,0.32065361153082345,0.03607389449163737,0.6548757141880736,0.0,4.5,False,7.920200005173683,20,0.1811898191103693,-0.033437845705728365,0.1,60,-64.6448745727539,24.470966339111328,0.004348799008236361,0.0,-51.37001874156735,24.541289649339756,0.0027790104050888476,4.425000000000005,0,[]
556,27.8,-64.6448745727539,24.470966339111328,0.0027785266797730837,0.0,0.0,0.0,1.0,PlanStatus.FAIL,20,0.1811898191103693,-0.033437845705728365,False,,0.32065361153082345,0.03607389449163737,0.6548757141880736,0.0,4.5,False,8.168099913746119,20,0.1811898191103693,-0.033437845705728365,0.1,60,-64.6448745727539,24.470966339111328,0.004348799008236361,0.0,-51.37001874156735,24.541289649339756,0.0027790104050888476,4.425000000000005,0,[]
557,27.85,-64.6448745727539,24.470966339111328,0.0027785266797730837,0.0,0.0,0.0,1.0,PlanStatus.FAIL,20,0.1811898191103693,-0.033437845705728365,False,,0.32065361153082345,0.03607389449163737,0.6548757141880736,0.0,4.5,False,7.732900092378259,20,0.1811898191103693,-0.033437845705728365,0.1,60,-64.6448745727539,24.470966339111328,0.004348799008236361,0.0,-51.37001874156735,24.541289649339756,0.0027790104050888476,4.425000000000005,0,[]
558,27.900000000000002,-64.6448745727539,24.470966339111328,0.0027785266797730837,0.0,0.0,0.0,1.0,PlanStatus.FAIL,20,0.1811898191103693,-0.033437845705728365,False,,0.32065361153082345,0.03607389449163737,0.6548757141880736,0.0,4.5,False,7.5205001048743725,20,0.1811898191103693,-0.033437845705728365,0.1,60,-64.6448745727539,24.470966339111328,0.004348799008236361,0.0,-51.37001874156735,24.541289649339756,0.0027790104050888476,4.425000000000005,0,[]
559,27.950000000000003,-64.6448745727539,24.470966339111328,0.0027785266797730837,0.0,0.0,0.0,1.0,PlanStatus.FAIL,20,0.1811898191103693,-0.033437845705728365,False,,0.32065361153082345,0.03607389449163737,0.6548757141880736,0.0,4.5,False,7.78920017182827,20,0.1811898191103693,-0.033437845705728365,0.1,60,-64.6448745727539,24.470966339111328,0.004348799008236361,0.0,-51.37001874156735,24.541289649339756,0.0027790104050888476,4.425000000000005,0,[]
560,28.0,-64.6448745727539,24.470966339111328,0.0027785266797730837,0.0,0.0,0.0,1.0,PlanStatus.FAIL,20,0.1811898191103693,-0.033437845705728365,False,,0.32065361153082345,0.03607389449163737,0.6548757141880736,0.0,4.5,False,8.147699991241097,20,0.1811898191103693,-0.033437845705728365,0.1,60,-64.6448745727539,24.470966339111328,0.004348799008236361,0.0,-51.37001874156735,24.541289649339756,0.0027790104050888476,4.425000000000005,0,[]
561,28.05,-64.6448745727539,24.470966339111328,0.0027785266797730837,0.0,0.0,0.0,1.0,PlanStatus.FAIL,20,0.1811898191103693,-0.033437845705728365,False,,0.32065361153082345,0.03607389449163737,0.6548757141880736,0.0,4.5,False,7.369400002062321,20,0.1811898191103693,-0.033437845705728365,0.1,60,-64.6448745727539,24.470966339111328,0.004348799008236361,0.0,-51.37001874156735,24.541289649339756,0.0027790104050888476,4.425000000000005,0,[]
562,28.1,-64.6448745727539,24.470966339111328,0.0027785266797730837,0.0,0.0,0.0,1.0,PlanStatus.FAIL,20,0.1811898191103693,-0.033437845705728365,False,,0.32065361153082345,0.03607389449163737,0.6548757141880736,0.0,4.5,False,7.4091998394578695,20,0.1811898191103693,-0.033437845705728365,0.1,60,-64.6448745727539,24.470966339111328,0.004348799008236361,0.0,-51.37001874156735,24.541289649339756,0.0027790104050888476,4.425000000000005,0,[]
563,28.150000000000002,-64.6448745727539,24.470966339111328,0.0027785266797730837,0.0,0.0,0.0,1.0,PlanStatus.FAIL,20,0.1811898191103693,-0.033437845705728365,False,,0.32065361153082345,0.03607389449163737,0.6548757141880736,0.0,4.5,False,8.196700131520629,20,0.1811898191103693,-0.033437845705728365,0.1,60,-64.6448745727539,24.470966339111328,0.004348799008236361,0.0,-51.37001874156735,24.541289649339756,0.0027790104050888476,4.425000000000005,0,[]
564,28.200000000000003,-64.6448745727539,24.470966339111328,0.0027785266797730837,0.0,0.0,0.0,1.0,PlanStatus.FAIL,20,0.1811898191103693,-0.033437845705728365,False,,0.32065361153082345,0.03607389449163737,0.6548757141880736,0.0,4.5,False,8.03950009867549,20,0.1811898191103693,-0.033437845705728365,0.1,60,-64.6448745727539,24.470966339111328,0.004348799008236361,0.0,-51.37001874156735,24.541289649339756,0.0027790104050888476,4.425000000000005,0,[]
565,28.25,-64.6448745727539,24.470966339111328,0.0027785266797730837,0.0,0.0,0.0,1.0,PlanStatus.FAIL,20,0.1811898191103693,-0.033437845705728365,False,,0.32065361153082345,0.03607389449163737,0.6548757141880736,0.0,4.5,False,7.466699928045273,20,0.1811898191103693,-0.033437845705728365,0.1,60,-64.6448745727539,24.470966339111328,0.004348799008236361,0.0,-51.37001874156735,24.541289649339756,0.0027790104050888476,4.425000000000005,0,[]
566,28.3,-64.6448745727539,24.470966339111328,0.0027785266797730837,0.0,0.0,0.0,1.0,PlanStatus.FAIL,20,0.1811898191103693,-0.033437845705728365,False,,0.32065361153082345,0.03607389449163737,0.6548757141880736,0.0,4.5,False,7.7911000698804855,20,0.1811898191103693,-0.033437845705728365,0.1,60,-64.6448745727539,24.470966339111328,0.004348799008236361,0.0,-51.37001874156735,24.541289649339756,0.0027790104050888476,4.425000000000005,0,[]
567,28.35,-64.6448745727539,24.470966339111328,0.0027785266797730837,0.0,0.0,0.0,1.0,PlanStatus.FAIL,20,0.1811898191103693,-0.033437845705728365,False,,0.32065361153082345,0.03607389449163737,0.6548757141880736,0.0,4.5,False,7.868799846619368,20,0.1811898191103693,-0.033437845705728365,0.1,60,-64.6448745727539,24.470966339111328,0.004348799008236361,0.0,-51.37001874156735,24.541289649339756,0.0027790104050888476,4.425000000000005,0,[]
568,28.400000000000002,-64.6448745727539,24.470966339111328,0.0027785266797730837,0.0,0.0,0.0,1.0,PlanStatus.FAIL,20,0.1811898191103693,-0.033437845705728365,False,,0.32065361153082345,0.03607389449163737,0.6548757141880736,0.0,4.5,False,7.615900132805109,20,0.1811898191103693,-0.033437845705728365,0.1,60,-64.6448745727539,24.470966339111328,0.004348799008236361,0.0,-51.37001874156735,24.541289649339756,0.0027790104050888476,4.425000000000005,0,[]
569,28.450000000000003,-64.6448745727539,24.470966339111328,0.0027785266797730837,0.0,0.0,0.0,1.0,PlanStatus.FAIL,20,0.1811898191103693,-0.033437845705728365,False,,0.32065361153082345,0.03607389449163737,0.6548757141880736,0.0,4.5,False,6.983499974012375,20,0.1811898191103693,-0.033437845705728365,0.1,60,-64.6448745727539,24.470966339111328,0.004348799008236361,0.0,-51.37001874156735,24.541289649339756,0.0027790104050888476,4.425000000000005,0,[]
570,28.5,-64.6448745727539,24.470966339111328,0.0027785266797730837,0.0,0.0,0.0,1.0,PlanStatus.FAIL,20,0.1811898191103693,-0.033437845705728365,False,,0.32065361153082345,0.03607389449163737,0.6548757141880736,0.0,4.5,False,7.84339988604188,20,0.1811898191103693,-0.033437845705728365,0.1,60,-64.6448745727539,24.470966339111328,0.004348799008236361,0.0,-51.37001874156735,24.541289649339756,0.0027790104050888476,4.425000000000005,0,[]
571,28.55,-64.6448745727539,24.470966339111328,0.0027785266797730837,0.0,0.0,0.0,1.0,PlanStatus.FAIL,20,0.1811898191103693,-0.033437845705728365,False,,0.32065361153082345,0.03607389449163737,0.6548757141880736,0.0,4.5,False,7.257200079038739,20,0.1811898191103693,-0.033437845705728365,0.1,60,-64.6448745727539,24.470966339111328,0.004348799008236361,0.0,-51.37001874156735,24.541289649339756,0.0027790104050888476,4.425000000000005,0,[]
572,28.6,-64.6448745727539,24.470966339111328,0.0027785266797730837,0.0,0.0,0.0,1.0,PlanStatus.FAIL,20,0.1811898191103693,-0.033437845705728365,False,,0.32065361153082345,0.03607389449163737,0.6548757141880736,0.0,4.5,False,7.6645000372081995,20,0.1811898191103693,-0.033437845705728365,0.1,60,-64.6448745727539,24.470966339111328,0.004348799008236361,0.0,-51.37001874156735,24.541289649339756,0.0027790104050888476,4.425000000000005,0,[]
573,28.650000000000002,-64.6448745727539,24.470966339111328,0.0027785266797730837,0.0,0.0,0.0,1.0,PlanStatus.FAIL,20,0.1811898191103693,-0.033437845705728365,False,,0.32065361153082345,0.03607389449163737,0.6548757141880736,0.0,4.5,False,7.557000033557415,20,0.1811898191103693,-0.033437845705728365,0.1,60,-64.6448745727539,24.470966339111328,0.004348799008236361,0.0,-51.37001874156735,24.541289649339756,0.0027790104050888476,4.425000000000005,0,[]
574,28.700000000000003,-64.6448745727539,24.470966339111328,0.0027785266797730837,0.0,0.0,0.0,1.0,PlanStatus.FAIL,20,0.1811898191103693,-0.033437845705728365,False,,0.32065361153082345,0.03607389449163737,0.6548757141880736,0.0,4.5,False,7.61400000192225,20,0.1811898191103693,-0.033437845705728365,0.1,60,-64.6448745727539,24.470966339111328,0.004348799008236361,0.0,-51.37001874156735,24.541289649339756,0.0027790104050888476,4.425000000000005,0,[]
575,28.75,-64.6448745727539,24.470966339111328,0.0027785266797730837,0.0,0.0,0.0,1.0,PlanStatus.FAIL,20,0.1811898191103693,-0.033437845705728365,False,,0.32065361153082345,0.03607389449163737,0.6548757141880736,0.0,4.5,False,7.814799901098013,20,0.1811898191103693,-0.033437845705728365,0.1,60,-64.6448745727539,24.470966339111328,0.004348799008236361,0.0,-51.37001874156735,24.541289649339756,0.0027790104050888476,4.425000000000005,0,[]
576,28.8,-64.6448745727539,24.470966339111328,0.0027785266797730837,0.0,0.0,0.0,1.0,PlanStatus.FAIL,20,0.1811898191103693,-0.033437845705728365,False,,0.32065361153082345,0.03607389449163737,0.6548757141880736,0.0,4.5,False,7.755700033158064,20,0.1811898191103693,-0.033437845705728365,0.1,60,-64.6448745727539,24.470966339111328,0.004348799008236361,0.0,-51.37001874156735,24.541289649339756,0.0027790104050888476,4.425000000000005,0,[]
577,28.85,-64.6448745727539,24.470966339111328,0.0027785266797730837,0.0,0.0,0.0,1.0,PlanStatus.FAIL,20,0.1811898191103693,-0.033437845705728365,False,,0.32065361153082345,0.03607389449163737,0.6548757141880736,0.0,4.5,False,7.767800008878112,20,0.1811898191103693,-0.033437845705728365,0.1,60,-64.6448745727539,24.470966339111328,0.004348799008236361,0.0,-51.37001874156735,24.541289649339756,0.0027790104050888476,4.425000000000005,0,[]
578,28.900000000000002,-64.6448745727539,24.470966339111328,0.0027785266797730837,0.0,0.0,0.0,1.0,PlanStatus.FAIL,20,0.1811898191103693,-0.033437845705728365,False,,0.32065361153082345,0.03607389449163737,0.6548757141880736,0.0,4.5,False,7.203799905255437,20,0.1811898191103693,-0.033437845705728365,0.1,60,-64.6448745727539,24.470966339111328,0.004348799008236361,0.0,-51.37001874156735,24.541289649339756,0.0027790104050888476,4.425000000000005,0,[]
579,28.950000000000003,-64.6448745727539,24.470966339111328,0.0027785266797730837,0.0,0.0,0.0,1.0,PlanStatus.FAIL,20,0.1811898191103693,-0.033437845705728365,False,,0.32065361153082345,0.03607389449163737,0.6548757141880736,0.0,4.5,False,7.562499959021807,20,0.1811898191103693,-0.033437845705728365,0.1,60,-64.6448745727539,24.470966339111328,0.004348799008236361,0.0,-51.37001874156735,24.541289649339756,0.0027790104050888476,4.425000000000005,0,[]
580,29.0,-64.6448745727539,24.470966339111328,0.0027785266797730837,0.0,0.0,0.0,1.0,PlanStatus.FAIL,20,0.1811898191103693,-0.033437845705728365,False,,0.32065361153082345,0.03607389449163737,0.6548757141880736,0.0,4.5,False,7.331799948588014,20,0.1811898191103693,-0.033437845705728365,0.1,60,-64.6448745727539,24.470966339111328,0.004348799008236361,0.0,-51.37001874156735,24.541289649339756,0.0027790104050888476,4.425000000000005,0,[]
581,29.05,-64.6448745727539,24.470966339111328,0.0027785266797730837,0.0,0.0,0.0,1.0,PlanStatus.FAIL,20,0.1811898191103693,-0.033437845705728365,False,,0.32065361153082345,0.03607389449163737,0.6548757141880736,0.0,4.5,False,7.636799942702055,20,0.1811898191103693,-0.033437845705728365,0.1,60,-64.6448745727539,24.470966339111328,0.004348799008236361,0.0,-51.37001874156735,24.541289649339756,0.0027790104050888476,4.425000000000005,0,[]
582,29.1,-64.6448745727539,24.470966339111328,0.0027785266797730837,0.0,0.0,0.0,1.0,PlanStatus.FAIL,20,0.1811898191103693,-0.033437845705728365,False,,0.32065361153082345,0.03607389449163737,0.6548757141880736,0.0,4.5,False,8.009500103071332,20,0.1811898191103693,-0.033437845705728365,0.1,60,-64.6448745727539,24.470966339111328,0.004348799008236361,0.0,-51.37001874156735,24.541289649339756,0.0027790104050888476,4.425000000000005,0,[]
583,29.150000000000002,-64.6448745727539,24.470966339111328,0.0027785266797730837,0.0,0.0,0.0,1.0,PlanStatus.FAIL,20,0.1811898191103693,-0.033437845705728365,False,,0.32065361153082345,0.03607389449163737,0.6548757141880736,0.0,4.5,False,7.232100004330277,20,0.1811898191103693,-0.033437845705728365,0.1,60,-64.6448745727539,24.470966339111328,0.004348799008236361,0.0,-51.37001874156735,24.541289649339756,0.0027790104050888476,4.425000000000005,0,[]
584,29.200000000000003,-64.6448745727539,24.470966339111328,0.0027785266797730837,0.0,0.0,0.0,1.0,PlanStatus.FAIL,20,0.1811898191103693,-0.033437845705728365,False,,0.32065361153082345,0.03607389449163737,0.6548757141880736,0.0,4.5,False,7.541299797594547,20,0.1811898191103693,-0.033437845705728365,0.1,60,-64.6448745727539,24.470966339111328,0.004348799008236361,0.0,-51.37001874156735,24.541289649339756,0.0027790104050888476,4.425000000000005,0,[]
585,29.25,-64.6448745727539,24.470966339111328,0.0027785266797730837,0.0,0.0,0.0,1.0,PlanStatus.FAIL,20,0.1811898191103693,-0.033437845705728365,False,,0.32065361153082345,0.03607389449163737,0.6548757141880736,0.0,4.5,False,7.3640001937747,20,0.1811898191103693,-0.033437845705728365,0.1,60,-64.6448745727539,24.470966339111328,0.004348799008236361,0.0,-51.37001874156735,24.541289649339756,0.0027790104050888476,4.425000000000005,0,[]
586,29.3,-64.6448745727539,24.470966339111328,0.0027785266797730837,0.0,0.0,0.0,1.0,PlanStatus.FAIL,20,0.1811898191103693,-0.033437845705728365,False,,0.32065361153082345,0.03607389449163737,0.6548757141880736,0.0,4.5,False,6.870100041851401,20,0.1811898191103693,-0.033437845705728365,0.1,60,-64.6448745727539,24.470966339111328,0.004348799008236361,0.0,-51.37001874156735,24.541289649339756,0.0027790104050888476,4.425000000000005,0,[]
587,29.35,-64.6448745727539,24.470966339111328,0.0027785266797730837,0.0,0.0,0.0,1.0,PlanStatus.FAIL,20,0.1811898191103693,-0.033437845705728365,False,,0.32065361153082345,0.03607389449163737,0.6548757141880736,0.0,4.5,False,8.617599960416555,20,0.1811898191103693,-0.033437845705728365,0.1,60,-64.6448745727539,24.470966339111328,0.004348799008236361,0.0,-51.37001874156735,24.541289649339756,0.0027790104050888476,4.425000000000005,0,[]
588,29.400000000000002,-64.6448745727539,24.470966339111328,0.0027785266797730837,0.0,0.0,0.0,1.0,PlanStatus.FAIL,20,0.1811898191103693,-0.033437845705728365,False,,0.32065361153082345,0.03607389449163737,0.6548757141880736,0.0,4.5,False,6.984099978581071,20,0.1811898191103693,-0.033437845705728365,0.1,60,-64.6448745727539,24.470966339111328,0.004348799008236361,0.0,-51.37001874156735,24.541289649339756,0.0027790104050888476,4.425000000000005,0,[]
589,29.450000000000003,-64.6448745727539,24.470966339111328,0.0027785266797730837,0.0,0.0,0.0,1.0,PlanStatus.FAIL,20,0.1811898191103693,-0.033437845705728365,False,,0.32065361153082345,0.03607389449163737,0.6548757141880736,0.0,4.5,False,7.857199991121888,20,0.1811898191103693,-0.033437845705728365,0.1,60,-64.6448745727539,24.470966339111328,0.004348799008236361,0.0,-51.37001874156735,24.541289649339756,0.0027790104050888476,4.425000000000005,0,[]
590,29.5,-64.6448745727539,24.470966339111328,0.0027785266797730837,0.0,0.0,0.0,1.0,PlanStatus.FAIL,20,0.1811898191103693,-0.033437845705728365,False,,0.32065361153082345,0.03607389449163737,0.6548757141880736,0.0,4.5,False,7.782100001350045,20,0.1811898191103693,-0.033437845705728365,0.1,60,-64.6448745727539,24.470966339111328,0.004348799008236361,0.0,-51.37001874156735,24.541289649339756,0.0027790104050888476,4.425000000000005,0,[]
591,29.55,-64.6448745727539,24.470966339111328,0.0027785266797730837,0.0,0.0,0.0,1.0,PlanStatus.FAIL,20,0.1811898191103693,-0.033437845705728365,False,,0.32065361153082345,0.03607389449163737,0.6548757141880736,0.0,4.5,False,7.352600106969476,20,0.1811898191103693,-0.033437845705728365,0.1,60,-64.6448745727539,24.470966339111328,0.004348799008236361,0.0,-51.37001874156735,24.541289649339756,0.0027790104050888476,4.425000000000005,0,[]
592,29.6,-64.6448745727539,24.470966339111328,0.0027785266797730837,0.0,0.0,0.0,1.0,PlanStatus.FAIL,20,0.1811898191103693,-0.033437845705728365,False,,0.32065361153082345,0.03607389449163737,0.6548757141880736,0.0,4.5,False,7.8610999044030905,20,0.1811898191103693,-0.033437845705728365,0.1,60,-64.6448745727539,24.470966339111328,0.004348799008236361,0.0,-51.37001874156735,24.541289649339756,0.0027790104050888476,4.425000000000005,0,[]
593,29.650000000000002,-64.6448745727539,24.470966339111328,0.0027785266797730837,0.0,0.0,0.0,1.0,PlanStatus.FAIL,20,0.1811898191103693,-0.033437845705728365,False,,0.32065361153082345,0.03607389449163737,0.6548757141880736,0.0,4.5,False,7.85840000025928,20,0.1811898191103693,-0.033437845705728365,0.1,60,-64.6448745727539,24.470966339111328,0.004348799008236361,0.0,-51.37001874156735,24.541289649339756,0.0027790104050888476,4.425000000000005,0,[]
594,29.700000000000003,-64.6448745727539,24.470966339111328,0.0027785266797730837,0.0,0.0,0.0,1.0,PlanStatus.FAIL,20,0.1811898191103693,-0.033437845705728365,False,,0.32065361153082345,0.03607389449163737,0.6548757141880736,0.0,4.5,False,7.704699877649546,20,0.1811898191103693,-0.033437845705728365,0.1,60,-64.6448745727539,24.470966339111328,0.004348799008236361,0.0,-51.37001874156735,24.541289649339756,0.0027790104050888476,4.425000000000005,0,[]
595,29.75,-64.6448745727539,24.470966339111328,0.0027785266797730837,0.0,0.0,0.0,1.0,PlanStatus.FAIL,20,0.1811898191103693,-0.033437845705728365,False,,0.32065361153082345,0.03607389449163737,0.6548757141880736,0.0,4.5,False,8.023899979889393,20,0.1811898191103693,-0.033437845705728365,0.1,60,-64.6448745727539,24.470966339111328,0.004348799008236361,0.0,-51.37001874156735,24.541289649339756,0.0027790104050888476,4.425000000000005,0,[]
596,29.8,-64.6448745727539,24.470966339111328,0.0027785266797730837,0.0,0.0,0.0,1.0,PlanStatus.FAIL,20,0.1811898191103693,-0.033437845705728365,False,,0.32065361153082345,0.03607389449163737,0.6548757141880736,0.0,4.5,False,8.898200001567602,20,0.1811898191103693,-0.033437845705728365,0.1,60,-64.6448745727539,24.470966339111328,0.004348799008236361,0.0,-51.37001874156735,24.541289649339756,0.0027790104050888476,4.425000000000005,0,[]
597,29.85,-64.6448745727539,24.470966339111328,0.0027785266797730837,0.0,0.0,0.0,1.0,PlanStatus.FAIL,20,0.1811898191103693,-0.033437845705728365,False,,0.32065361153082345,0.03607389449163737,0.6548757141880736,0.0,4.5,False,8.171499939635396,20,0.1811898191103693,-0.033437845705728365,0.1,60,-64.6448745727539,24.470966339111328,0.004348799008236361,0.0,-51.37001874156735,24.541289649339756,0.0027790104050888476,4.425000000000005,0,[]
598,29.900000000000002,-64.6448745727539,24.470966339111328,0.0027785266797730837,0.0,0.0,0.0,1.0,PlanStatus.FAIL,20,0.1811898191103693,-0.033437845705728365,False,,0.32065361153082345,0.03607389449163737,0.6548757141880736,0.0,4.5,False,8.865399984642863,20,0.1811898191103693,-0.033437845705728365,0.1,60,-64.6448745727539,24.470966339111328,0.004348799008236361,0.0,-51.37001874156735,24.541289649339756,0.0027790104050888476,4.425000000000005,0,[]
599,29.950000000000003,-64.6448745727539,24.470966339111328,0.0027785266797730837,0.0,0.0,0.0,1.0,PlanStatus.FAIL,20,0.1811898191103693,-0.033437845705728365,False,,0.32065361153082345,0.03607389449163737,0.6548757141880736,0.0,4.5,False,9.085699915885925,20,0.1811898191103693,-0.033437845705728365,0.1,60,-64.6448745727539,24.470966339111328,0.004348799008236361,0.0,-51.37001874156735,24.541289649339756,0.0027790104050888476,4.425000000000005,0,[]
600,30.0,-64.6448745727539,24.470966339111328,0.0027785266797730837,0.0,0.0,0.0,1.0,PlanStatus.FAIL,20,0.1811898191103693,-0.033437845705728365,False,,0.32065361153082345,0.03607389449163737,0.6548757141880736,0.0,4.5,False,9.984100004658103,20,0.1811898191103693,-0.033437845705728365,0.1,60,-64.6448745727539,24.470966339111328,0.004348799008236361,0.0,-51.37001874156735,24.541289649339756,0.0027790104050888476,4.425000000000005,0,[]
601,30.05,-64.6448745727539,24.470966339111328,0.0027785266797730837,0.0,0.0,0.0,1.0,PlanStatus.FAIL,20,0.1811898191103693,-0.033437845705728365,False,,0.32065361153082345,0.03607389449163737,0.6548757141880736,0.0,4.5,False,8.95909988321364,20,0.1811898191103693,-0.033437845705728365,0.1,60,-64.6448745727539,24.470966339111328,0.004348799008236361,0.0,-51.37001874156735,24.541289649339756,0.0027790104050888476,4.425000000000005,0,[]
602,30.1,-64.6448745727539,24.470966339111328,0.0027785266797730837,0.0,0.0,0.0,1.0,PlanStatus.FAIL,20,0.1811898191103693,-0.033437845705728365,False,,0.32065361153082345,0.03607389449163737,0.6548757141880736,0.0,4.5,False,9.405500022694468,20,0.1811898191103693,-0.033437845705728365,0.1,60,-64.6448745727539,24.470966339111328,0.004348799008236361,0.0,-51.37001874156735,24.541289649339756,0.0027790104050888476,4.425000000000005,0,[]
603,30.150000000000002,-64.6448745727539,24.470966339111328,0.0027785266797730837,0.0,0.0,0.0,1.0,PlanStatus.FAIL,20,0.1811898191103693,-0.033437845705728365,False,,0.32065361153082345,0.03607389449163737,0.6548757141880736,0.0,4.5,False,9.982800111174583,20,0.1811898191103693,-0.033437845705728365,0.1,60,-64.6448745727539,24.470966339111328,0.004348799008236361,0.0,-51.37001874156735,24.541289649339756,0.0027790104050888476,4.425000000000005,0,[]
604,30.200000000000003,-64.6448745727539,24.470966339111328,0.0027785266797730837,0.0,0.0,0.0,1.0,PlanStatus.FAIL,20,0.1811898191103693,-0.033437845705728365,False,,0.32065361153082345,0.03607389449163737,0.6548757141880736,0.0,4.5,False,10.3150000795722,20,0.1811898191103693,-0.033437845705728365,0.1,60,-64.6448745727539,24.470966339111328,0.004348799008236361,0.0,-51.37001874156735,24.541289649339756,0.0027790104050888476,4.425000000000005,0,[]
605,30.25,-64.6448745727539,24.470966339111328,0.0027785266797730837,0.0,0.0,0.0,1.0,PlanStatus.FAIL,20,0.1811898191103693,-0.033437845705728365,False,,0.32065361153082345,0.03607389449163737,0.6548757141880736,0.0,4.5,False,8.470100117847323,20,0.1811898191103693,-0.033437845705728365,0.1,60,-64.6448745727539,24.470966339111328,0.004348799008236361,0.0,-51.37001874156735,24.541289649339756,0.0027790104050888476,4.425000000000005,0,[]
606,30.3,-64.6448745727539,24.470966339111328,0.0027785266797730837,0.0,0.0,0.0,1.0,PlanStatus.FAIL,20,0.1811898191103693,-0.033437845705728365,False,,0.32065361153082345,0.03607389449163737,0.6548757141880736,0.0,4.5,False,9.213099954649806,20,0.1811898191103693,-0.033437845705728365,0.1,60,-64.6448745727539,24.470966339111328,0.004348799008236361,0.0,-51.37001874156735,24.541289649339756,0.0027790104050888476,4.425000000000005,0,[]
607,30.35,-64.6448745727539,24.470966339111328,0.0027785266797730837,0.0,0.0,0.0,1.0,PlanStatus.FAIL,20,0.1811898191103693,-0.033437845705728365,False,,0.32065361153082345,0.03607389449163737,0.6548757141880736,0.0,4.5,False,7.802000036463141,20,0.1811898191103693,-0.033437845705728365,0.1,60,-64.6448745727539,24.470966339111328,0.004348799008236361,0.0,-51.37001874156735,24.541289649339756,0.0027790104050888476,4.425000000000005,0,[]
608,30.400000000000002,-64.6448745727539,24.470966339111328,0.0027785266797730837,0.0,0.0,0.0,1.0,PlanStatus.FAIL,20,0.1811898191103693,-0.033437845705728365,False,,0.32065361153082345,0.03607389449163737,0.6548757141880736,0.0,4.5,False,8.567800046876073,20,0.1811898191103693,-0.033437845705728365,0.1,60,-64.6448745727539,24.470966339111328,0.004348799008236361,0.0,-51.37001874156735,24.541289649339756,0.0027790104050888476,4.425000000000005,0,[]
609,30.450000000000003,-64.6448745727539,24.470966339111328,0.0027785266797730837,0.0,0.0,0.0,1.0,PlanStatus.FAIL,20,0.1811898191103693,-0.033437845705728365,False,,0.32065361153082345,0.03607389449163737,0.6548757141880736,0.0,4.5,False,7.774600060656667,20,0.1811898191103693,-0.033437845705728365,0.1,60,-64.6448745727539,24.470966339111328,0.004348799008236361,0.0,-51.37001874156735,24.541289649339756,0.0027790104050888476,4.425000000000005,0,[]
610,30.5,-64.6448745727539,24.470966339111328,0.0027785266797730837,0.0,0.0,0.0,1.0,PlanStatus.FAIL,20,0.1811898191103693,-0.033437845705728365,False,,0.32065361153082345,0.03607389449163737,0.6548757141880736,0.0,4.5,False,7.7737001702189445,20,0.1811898191103693,-0.033437845705728365,0.1,60,-64.6448745727539,24.470966339111328,0.004348799008236361,0.0,-51.37001874156735,24.541289649339756,0.0027790104050888476,4.425000000000005,0,[]
611,30.55,-64.6448745727539,24.470966339111328,0.0027785266797730837,0.0,0.0,0.0,1.0,PlanStatus.FAIL,20,0.1811898191103693,-0.033437845705728365,False,,0.32065361153082345,0.03607389449163737,0.6548757141880736,0.0,4.5,False,8.034300059080124,20,0.1811898191103693,-0.033437845705728365,0.1,60,-64.6448745727539,24.470966339111328,0.004348799008236361,0.0,-51.37001874156735,24.541289649339756,0.0027790104050888476,4.425000000000005,0,[]
612,30.6,-64.6448745727539,24.470966339111328,0.0027785266797730837,0.0,0.0,0.0,1.0,PlanStatus.FAIL,20,0.1811898191103693,-0.033437845705728365,False,,0.32065361153082345,0.03607389449163737,0.6548757141880736,0.0,4.5,False,7.846999913454056,20,0.1811898191103693,-0.033437845705728365,0.1,60,-64.6448745727539,24.470966339111328,0.004348799008236361,0.0,-51.37001874156735,24.541289649339756,0.0027790104050888476,4.425000000000005,0,[]
613,30.650000000000002,-64.6448745727539,24.470966339111328,0.0027785266797730837,0.0,0.0,0.0,1.0,PlanStatus.FAIL,20,0.1811898191103693,-0.033437845705728365,False,,0.32065361153082345,0.03607389449163737,0.6548757141880736,0.0,4.5,False,7.930299965664744,20,0.1811898191103693,-0.033437845705728365,0.1,60,-64.6448745727539,24.470966339111328,0.004348799008236361,0.0,-51.37001874156735,24.541289649339756,0.0027790104050888476,4.425000000000005,0,[]
614,30.700000000000003,-64.6448745727539,24.470966339111328,0.0027785266797730837,0.0,0.0,0.0,1.0,PlanStatus.FAIL,20,0.1811898191103693,-0.033437845705728365,False,,0.32065361153082345,0.03607389449163737,0.6548757141880736,0.0,4.5,False,7.741999812424183,20,0.1811898191103693,-0.033437845705728365,0.1,60,-64.6448745727539,24.470966339111328,0.004348799008236361,0.0,-51.37001874156735,24.541289649339756,0.0027790104050888476,4.425000000000005,0,[]
615,30.75,-64.6448745727539,24.470966339111328,0.0027785266797730837,0.0,0.0,0.0,1.0,PlanStatus.FAIL,20,0.1811898191103693,-0.033437845705728365,False,,0.32065361153082345,0.03607389449163737,0.6548757141880736,0.0,4.5,False,7.939100032672286,20,0.1811898191103693,-0.033437845705728365,0.1,60,-64.6448745727539,24.470966339111328,0.004348799008236361,0.0,-51.37001874156735,24.541289649339756,0.0027790104050888476,4.425000000000005,0,[]
616,30.8,-64.6448745727539,24.470966339111328,0.0027785266797730837,0.0,0.0,0.0,1.0,PlanStatus.FAIL,20,0.1811898191103693,-0.033437845705728365,False,,0.32065361153082345,0.03607389449163737,0.6548757141880736,0.0,4.5,False,8.137700147926807,20,0.1811898191103693,-0.033437845705728365,0.1,60,-64.6448745727539,24.470966339111328,0.004348799008236361,0.0,-51.37001874156735,24.541289649339756,0.0027790104050888476,4.425000000000005,0,[]
617,30.85,-64.6448745727539,24.470966339111328,0.0027785266797730837,0.0,0.0,0.0,1.0,PlanStatus.FAIL,20,0.1811898191103693,-0.033437845705728365,False,,0.32065361153082345,0.03607389449163737,0.6548757141880736,0.0,4.5,False,8.619199972599745,20,0.1811898191103693,-0.033437845705728365,0.1,60,-64.6448745727539,24.470966339111328,0.004348799008236361,0.0,-51.37001874156735,24.541289649339756,0.0027790104050888476,4.425000000000005,0,[]
618,30.900000000000002,-64.6448745727539,24.470966339111328,0.0027785266797730837,0.0,0.0,0.0,1.0,PlanStatus.FAIL,20,0.1811898191103693,-0.033437845705728365,False,,0.32065361153082345,0.03607389449163737,0.6548757141880736,0.0,4.5,False,8.584900060668588,20,0.1811898191103693,-0.033437845705728365,0.1,60,-64.6448745727539,24.470966339111328,0.004348799008236361,0.0,-51.37001874156735,24.541289649339756,0.0027790104050888476,4.425000000000005,0,[]
619,30.950000000000003,-64.6448745727539,24.470966339111328,0.0027785266797730837,0.0,0.0,0.0,1.0,PlanStatus.FAIL,20,0.1811898191103693,-0.033437845705728365,False,,0.32065361153082345,0.03607389449163737,0.6548757141880736,0.0,4.5,False,9.614200098440051,20,0.1811898191103693,-0.033437845705728365,0.1,60,-64.6448745727539,24.470966339111328,0.004348799008236361,0.0,-51.37001874156735,24.541289649339756,0.0027790104050888476,4.425000000000005,0,[]
620,31.0,-64.6448745727539,24.470966339111328,0.0027785266797730837,0.0,0.0,0.0,1.0,PlanStatus.FAIL,20,0.1811898191103693,-0.033437845705728365,False,,0.32065361153082345,0.03607389449163737,0.6548757141880736,0.0,4.5,False,9.328400017693639,20,0.1811898191103693,-0.033437845705728365,0.1,60,-64.6448745727539,24.470966339111328,0.004348799008236361,0.0,-51.37001874156735,24.541289649339756,0.0027790104050888476,4.425000000000005,0,[]
621,31.05,-64.6448745727539,24.470966339111328,0.0027785266797730837,0.0,0.0,0.0,1.0,PlanStatus.FAIL,20,0.1811898191103693,-0.033437845705728365,False,,0.32065361153082345,0.03607389449163737,0.6548757141880736,0.0,4.5,False,9.131700033321977,20,0.1811898191103693,-0.033437845705728365,0.1,60,-64.6448745727539,24.470966339111328,0.004348799008236361,0.0,-51.37001874156735,24.541289649339756,0.0027790104050888476,4.425000000000005,0,[]
622,31.1,-64.6448745727539,24.470966339111328,0.0027785266797730837,0.0,0.0,0.0,1.0,PlanStatus.FAIL,20,0.1811898191103693,-0.033437845705728365,False,,0.32065361153082345,0.03607389449163737,0.6548757141880736,0.0,4.5,False,8.844500174745917,20,0.1811898191103693,-0.033437845705728365,0.1,60,-64.6448745727539,24.470966339111328,0.004348799008236361,0.0,-51.37001874156735,24.541289649339756,0.0027790104050888476,4.425000000000005,0,[]
623,31.150000000000002,-64.6448745727539,24.470966339111328,0.0027785266797730837,0.0,0.0,0.0,1.0,PlanStatus.FAIL,20,0.1811898191103693,-0.033437845705728365,False,,0.32065361153082345,0.03607389449163737,0.6548757141880736,0.0,4.5,False,9.153200080618262,20,0.1811898191103693,-0.033437845705728365,0.1,60,-64.6448745727539,24.470966339111328,0.004348799008236361,0.0,-51.37001874156735,24.541289649339756,0.0027790104050888476,4.425000000000005,0,[]
624,31.200000000000003,-64.6448745727539,24.470966339111328,0.0027785266797730837,0.0,0.0,0.0,1.0,PlanStatus.FAIL,20,0.1811898191103693,-0.033437845705728365,False,,0.32065361153082345,0.03607389449163737,0.6548757141880736,0.0,4.5,False,8.96380003541708,20,0.1811898191103693,-0.033437845705728365,0.1,60,-64.6448745727539,24.470966339111328,0.004348799008236361,0.0,-51.37001874156735,24.541289649339756,0.0027790104050888476,4.425000000000005,0,[]
625,31.25,-64.6448745727539,24.470966339111328,0.0027785266797730837,0.0,0.0,0.0,1.0,PlanStatus.FAIL,20,0.1811898191103693,-0.033437845705728365,False,,0.32065361153082345,0.03607389449163737,0.6548757141880736,0.0,4.5,False,8.704700041562319,20,0.1811898191103693,-0.033437845705728365,0.1,60,-64.6448745727539,24.470966339111328,0.004348799008236361,0.0,-51.37001874156735,24.541289649339756,0.0027790104050888476,4.425000000000005,0,[]
626,31.3,-64.6448745727539,24.470966339111328,0.0027785266797730837,0.0,0.0,0.0,1.0,PlanStatus.FAIL,20,0.1811898191103693,-0.033437845705728365,False,,0.32065361153082345,0.03607389449163737,0.6548757141880736,0.0,4.5,False,9.087400045245886,20,0.1811898191103693,-0.033437845705728365,0.1,60,-64.6448745727539,24.470966339111328,0.004348799008236361,0.0,-51.37001874156735,24.541289649339756,0.0027790104050888476,4.425000000000005,0,[]
627,31.35,-64.6448745727539,24.470966339111328,0.0027785266797730837,0.0,0.0,0.0,1.0,PlanStatus.FAIL,20,0.1811898191103693,-0.033437845705728365,False,,0.32065361153082345,0.03607389449163737,0.6548757141880736,0.0,4.5,False,8.877999847754836,20,0.1811898191103693,-0.033437845705728365,0.1,60,-64.6448745727539,24.470966339111328,0.004348799008236361,0.0,-51.37001874156735,24.541289649339756,0.0027790104050888476,4.425000000000005,0,[]
628,31.400000000000002,-64.6448745727539,24.470966339111328,0.0027785266797730837,0.0,0.0,0.0,1.0,PlanStatus.FAIL,20,0.1811898191103693,-0.033437845705728365,False,,0.32065361153082345,0.03607389449163737,0.6548757141880736,0.0,4.5,False,7.768800016492605,20,0.1811898191103693,-0.033437845705728365,0.1,60,-64.6448745727539,24.470966339111328,0.004348799008236361,0.0,-51.37001874156735,24.541289649339756,0.0027790104050888476,4.425000000000005,0,[]
629,31.450000000000003,-64.6448745727539,24.470966339111328,0.0027785266797730837,0.0,0.0,0.0,1.0,PlanStatus.FAIL,20,0.1811898191103693,-0.033437845705728365,False,,0.32065361153082345,0.03607389449163737,0.6548757141880736,0.0,4.5,False,7.691500009968877,20,0.1811898191103693,-0.033437845705728365,0.1,60,-64.6448745727539,24.470966339111328,0.004348799008236361,0.0,-51.37001874156735,24.541289649339756,0.0027790104050888476,4.425000000000005,0,[]
630,31.5,-64.6448745727539,24.470966339111328,0.0027785266797730837,0.0,0.0,0.0,1.0,PlanStatus.FAIL,20,0.1811898191103693,-0.033437845705728365,False,,0.32065361153082345,0.03607389449163737,0.6548757141880736,0.0,4.5,False,7.769899908453226,20,0.1811898191103693,-0.033437845705728365,0.1,60,-64.6448745727539,24.470966339111328,0.004348799008236361,0.0,-51.37001874156735,24.541289649339756,0.0027790104050888476,4.425000000000005,0,[]
631,31.55,-64.6448745727539,24.470966339111328,0.0027785266797730837,0.0,0.0,0.0,1.0,PlanStatus.FAIL,20,0.1811898191103693,-0.033437845705728365,False,,0.32065361153082345,0.03607389449163737,0.6548757141880736,0.0,4.5,False,7.840699981898069,20,0.1811898191103693,-0.033437845705728365,0.1,60,-64.6448745727539,24.470966339111328,0.004348799008236361,0.0,-51.37001874156735,24.541289649339756,0.0027790104050888476,4.425000000000005,0,[]
632,31.6,-64.6448745727539,24.470966339111328,0.0027785266797730837,0.0,0.0,0.0,1.0,PlanStatus.FAIL,20,0.1811898191103693,-0.033437845705728365,False,,0.32065361153082345,0.03607389449163737,0.6548757141880736,0.0,4.5,False,7.993200095370412,20,0.1811898191103693,-0.033437845705728365,0.1,60,-64.6448745727539,24.470966339111328,0.004348799008236361,0.0,-51.37001874156735,24.541289649339756,0.0027790104050888476,4.425000000000005,0,[]
633,31.650000000000002,-64.6448745727539,24.470966339111328,0.0027785266797730837,0.0,0.0,0.0,1.0,PlanStatus.FAIL,20,0.1811898191103693,-0.033437845705728365,False,,0.32065361153082345,0.03607389449163737,0.6548757141880736,0.0,4.5,False,7.930399850010872,20,0.1811898191103693,-0.033437845705728365,0.1,60,-64.6448745727539,24.470966339111328,0.004348799008236361,0.0,-51.37001874156735,24.541289649339756,0.0027790104050888476,4.425000000000005,0,[]
634,31.700000000000003,-64.6448745727539,24.470966339111328,0.0027785266797730837,0.0,0.0,0.0,1.0,PlanStatus.FAIL,20,0.1811898191103693,-0.033437845705728365,False,,0.32065361153082345,0.03607389449163737,0.6548757141880736,0.0,4.5,False,9.293500101193786,20,0.1811898191103693,-0.033437845705728365,0.1,60,-64.6448745727539,24.470966339111328,0.004348799008236361,0.0,-51.37001874156735,24.541289649339756,0.0027790104050888476,4.425000000000005,0,[]
635,31.75,-64.6448745727539,24.470966339111328,0.0027785266797730837,0.0,0.0,0.0,1.0,PlanStatus.FAIL,20,0.1811898191103693,-0.033437845705728365,False,,0.32065361153082345,0.03607389449163737,0.6548757141880736,0.0,4.5,False,8.096900070086122,20,0.1811898191103693,-0.033437845705728365,0.1,60,-64.6448745727539,24.470966339111328,0.004348799008236361,0.0,-51.37001874156735,24.541289649339756,0.0027790104050888476,4.425000000000005,0,[]
636,31.8,-64.6448745727539,24.470966339111328,0.0027785266797730837,0.0,0.0,0.0,1.0,PlanStatus.FAIL,20,0.1811898191103693,-0.033437845705728365,False,,0.32065361153082345,0.03607389449163737,0.6548757141880736,0.0,4.5,False,7.795099867507815,20,0.1811898191103693,-0.033437845705728365,0.1,60,-64.6448745727539,24.470966339111328,0.004348799008236361,0.0,-51.37001874156735,24.541289649339756,0.0027790104050888476,4.425000000000005,0,[]
637,31.85,-64.6448745727539,24.470966339111328,0.0027785266797730837,0.0,0.0,0.0,1.0,PlanStatus.FAIL,20,0.1811898191103693,-0.033437845705728365,False,,0.32065361153082345,0.03607389449163737,0.6548757141880736,0.0,4.5,False,8.533200016245246,20,0.1811898191103693,-0.033437845705728365,0.1,60,-64.6448745727539,24.470966339111328,0.004348799008236361,0.0,-51.37001874156735,24.541289649339756,0.0027790104050888476,4.425000000000005,0,[]
638,31.900000000000002,-64.6448745727539,24.470966339111328,0.0027785266797730837,0.0,0.0,0.0,1.0,PlanStatus.FAIL,20,0.1811898191103693,-0.033437845705728365,False,,0.32065361153082345,0.03607389449163737,0.6548757141880736,0.0,4.5,False,8.550599915906787,20,0.1811898191103693,-0.033437845705728365,0.1,60,-64.6448745727539,24.470966339111328,0.004348799008236361,0.0,-51.37001874156735,24.541289649339756,0.0027790104050888476,4.425000000000005,0,[]
639,31.950000000000003,-64.6448745727539,24.470966339111328,0.0027785266797730837,0.0,0.0,0.0,1.0,PlanStatus.FAIL,20,0.1811898191103693,-0.033437845705728365,False,,0.32065361153082345,0.03607389449163737,0.6548757141880736,0.0,4.5,False,8.96250014193356,20,0.1811898191103693,-0.033437845705728365,0.1,60,-64.6448745727539,24.470966339111328,0.004348799008236361,0.0,-51.37001874156735,24.541289649339756,0.0027790104050888476,4.425000000000005,0,[]
640,32.0,-64.6448745727539,24.470966339111328,0.0027785266797730837,0.0,0.0,0.0,1.0,PlanStatus.FAIL,20,0.1811898191103693,-0.033437845705728365,False,,0.32065361153082345,0.03607389449163737,0.6548757141880736,0.0,4.5,False,7.846100023016334,20,0.1811898191103693,-0.033437845705728365,0.1,60,-64.6448745727539,24.470966339111328,0.004348799008236361,0.0,-51.37001874156735,24.541289649339756,0.0027790104050888476,4.425000000000005,0,[]
641,32.050000000000004,-64.6448745727539,24.470966339111328,0.0027785266797730837,0.0,0.0,0.0,1.0,PlanStatus.FAIL,20,0.1811898191103693,-0.033437845705728365,False,,0.32065361153082345,0.03607389449163737,0.6548757141880736,0.0,4.5,False,7.9142998438328505,20,0.1811898191103693,-0.033437845705728365,0.1,60,-64.6448745727539,24.470966339111328,0.004348799008236361,0.0,-51.37001874156735,24.541289649339756,0.0027790104050888476,4.425000000000005,0,[]
642,32.1,-64.6448745727539,24.470966339111328,0.0027785266797730837,0.0,0.0,0.0,1.0,PlanStatus.FAIL,20,0.1811898191103693,-0.033437845705728365,False,,0.32065361153082345,0.03607389449163737,0.6548757141880736,0.0,4.5,False,7.705199997872114,20,0.1811898191103693,-0.033437845705728365,0.1,60,-64.6448745727539,24.470966339111328,0.004348799008236361,0.0,-51.37001874156735,24.541289649339756,0.0027790104050888476,4.425000000000005,0,[]
643,32.15,-64.6448745727539,24.470966339111328,0.0027785266797730837,0.0,0.0,0.0,1.0,PlanStatus.FAIL,20,0.1811898191103693,-0.033437845705728365,False,,0.32065361153082345,0.03607389449163737,0.6548757141880736,0.0,4.5,False,7.8720999881625175,20,0.1811898191103693,-0.033437845705728365,0.1,60,-64.6448745727539,24.470966339111328,0.004348799008236361,0.0,-51.37001874156735,24.541289649339756,0.0027790104050888476,4.425000000000005,0,[]
644,32.2,-64.6448745727539,24.470966339111328,0.0027785266797730837,0.0,0.0,0.0,1.0,PlanStatus.FAIL,20,0.1811898191103693,-0.033437845705728365,False,,0.32065361153082345,0.03607389449163737,0.6548757141880736,0.0,4.5,False,7.911799941211939,20,0.1811898191103693,-0.033437845705728365,0.1,60,-64.6448745727539,24.470966339111328,0.004348799008236361,0.0,-51.37001874156735,24.541289649339756,0.0027790104050888476,4.425000000000005,0,[]
645,32.25,-64.6448745727539,24.470966339111328,0.0027785266797730837,0.0,0.0,0.0,1.0,PlanStatus.FAIL,20,0.1811898191103693,-0.033437845705728365,False,,0.32065361153082345,0.03607389449163737,0.6548757141880736,0.0,4.5,False,8.616299834102392,20,0.1811898191103693,-0.033437845705728365,0.1,60,-64.6448745727539,24.470966339111328,0.004348799008236361,0.0,-51.37001874156735,24.541289649339756,0.0027790104050888476,4.425000000000005,0,[]
646,32.300000000000004,-64.6448745727539,24.470966339111328,0.0027785266797730837,0.0,0.0,0.0,1.0,PlanStatus.FAIL,20,0.1811898191103693,-0.033437845705728365,False,,0.32065361153082345,0.03607389449163737,0.6548757141880736,0.0,4.5,False,8.10999982059002,20,0.1811898191103693,-0.033437845705728365,0.1,60,-64.6448745727539,24.470966339111328,0.004348799008236361,0.0,-51.37001874156735,24.541289649339756,0.0027790104050888476,4.425000000000005,0,[]
647,32.35,-64.6448745727539,24.470966339111328,0.0027785266797730837,0.0,0.0,0.0,1.0,PlanStatus.FAIL,20,0.1811898191103693,-0.033437845705728365,False,,0.32065361153082345,0.03607389449163737,0.6548757141880736,0.0,4.5,False,7.840699981898069,20,0.1811898191103693,-0.033437845705728365,0.1,60,-64.6448745727539,24.470966339111328,0.004348799008236361,0.0,-51.37001874156735,24.541289649339756,0.0027790104050888476,4.425000000000005,0,[]
648,32.4,-64.6448745727539,24.470966339111328,0.0027785266797730837,0.0,0.0,0.0,1.0,PlanStatus.FAIL,20,0.1811898191103693,-0.033437845705728365,False,,0.32065361153082345,0.03607389449163737,0.6548757141880736,0.0,4.5,False,8.96349991671741,20,0.1811898191103693,-0.033437845705728365,0.1,60,-64.6448745727539,24.470966339111328,0.004348799008236361,0.0,-51.37001874156735,24.541289649339756,0.0027790104050888476,4.425000000000005,0,[]
649,32.45,-64.6448745727539,24.470966339111328,0.0027785266797730837,0.0,0.0,0.0,1.0,PlanStatus.FAIL,20,0.1811898191103693,-0.033437845705728365,False,,0.32065361153082345,0.03607389449163737,0.6548757141880736,0.0,4.5,False,9.5017000567168,20,0.1811898191103693,-0.033437845705728365,0.1,60,-64.6448745727539,24.470966339111328,0.004348799008236361,0.0,-51.37001874156735,24.541289649339756,0.0027790104050888476,4.425000000000005,0,[]
650,32.5,-64.6448745727539,24.470966339111328,0.0027785266797730837,0.0,0.0,0.0,1.0,PlanStatus.FAIL,20,0.1811898191103693,-0.033437845705728365,False,,0.32065361153082345,0.03607389449163737,0.6548757141880736,0.0,4.5,False,7.896300172433257,20,0.1811898191103693,-0.033437845705728365,0.1,60,-64.6448745727539,24.470966339111328,0.004348799008236361,0.0,-51.37001874156735,24.541289649339756,0.0027790104050888476,4.425000000000005,0,[]
651,32.550000000000004,-64.6448745727539,24.470966339111328,0.0027785266797730837,0.0,0.0,0.0,1.0,PlanStatus.FAIL,20,0.1811898191103693,-0.033437845705728365,False,,0.32065361153082345,0.03607389449163737,0.6548757141880736,0.0,4.5,False,8.67350003682077,20,0.1811898191103693,-0.033437845705728365,0.1,60,-64.6448745727539,24.470966339111328,0.004348799008236361,0.0,-51.37001874156735,24.541289649339756,0.0027790104050888476,4.425000000000005,0,[]
652,32.6,-64.6448745727539,24.470966339111328,0.0027785266797730837,0.0,0.0,0.0,1.0,PlanStatus.FAIL,20,0.1811898191103693,-0.033437845705728365,False,,0.32065361153082345,0.03607389449163737,0.6548757141880736,0.0,4.5,False,7.75930006057024,20,0.1811898191103693,-0.033437845705728365,0.1,60,-64.6448745727539,24.470966339111328,0.004348799008236361,0.0,-51.37001874156735,24.541289649339756,0.0027790104050888476,4.425000000000005,0,[]
653,32.65,-64.6448745727539,24.470966339111328,0.0027785266797730837,0.0,0.0,0.0,1.0,PlanStatus.FAIL,20,0.1811898191103693,-0.033437845705728365,False,,0.32065361153082345,0.03607389449163737,0.6548757141880736,0.0,4.5,False,8.911499986425042,20,0.1811898191103693,-0.033437845705728365,0.1,60,-64.6448745727539,24.470966339111328,0.004348799008236361,0.0,-51.37001874156735,24.541289649339756,0.0027790104050888476,4.425000000000005,0,[]
654,32.7,-64.6448745727539,24.470966339111328,0.0027785266797730837,0.0,0.0,0.0,1.0,PlanStatus.FAIL,20,0.1811898191103693,-0.033437845705728365,False,,0.32065361153082345,0.03607389449163737,0.6548757141880736,0.0,4.5,False,9.014700073748827,20,0.1811898191103693,-0.033437845705728365,0.1,60,-64.6448745727539,24.470966339111328,0.004348799008236361,0.0,-51.37001874156735,24.541289649339756,0.0027790104050888476,4.425000000000005,0,[]
655,32.75,-64.6448745727539,24.470966339111328,0.0027785266797730837,0.0,0.0,0.0,1.0,PlanStatus.FAIL,20,0.1811898191103693,-0.033437845705728365,False,,0.32065361153082345,0.03607389449163737,0.6548757141880736,0.0,4.5,False,8.976300014182925,20,0.1811898191103693,-0.033437845705728365,0.1,60,-64.6448745727539,24.470966339111328,0.004348799008236361,0.0,-51.37001874156735,24.541289649339756,0.0027790104050888476,4.425000000000005,0,[]
656,32.800000000000004,-64.6448745727539,24.470966339111328,0.0027785266797730837,0.0,0.0,0.0,1.0,PlanStatus.FAIL,20,0.1811898191103693,-0.033437845705728365,False,,0.32065361153082345,0.03607389449163737,0.6548757141880736,0.0,4.5,False,8.839299902319908,20,0.1811898191103693,-0.033437845705728365,0.1,60,-64.6448745727539,24.470966339111328,0.004348799008236361,0.0,-51.37001874156735,24.541289649339756,0.0027790104050888476,4.425000000000005,0,[]
657,32.85,-64.6448745727539,24.470966339111328,0.0027785266797730837,0.0,0.0,0.0,1.0,PlanStatus.FAIL,20,0.1811898191103693,-0.033437845705728365,False,,0.32065361153082345,0.03607389449163737,0.6548757141880736,0.0,4.5,False,8.926499867811799,20,0.1811898191103693,-0.033437845705728365,0.1,60,-64.6448745727539,24.470966339111328,0.004348799008236361,0.0,-51.37001874156735,24.541289649339756,0.0027790104050888476,4.425000000000005,0,[]
658,32.9,-64.6448745727539,24.470966339111328,0.0027785266797730837,0.0,0.0,0.0,1.0,PlanStatus.FAIL,20,0.1811898191103693,-0.033437845705728365,False,,0.32065361153082345,0.03607389449163737,0.6548757141880736,0.0,4.5,False,10.136099997907877,20,0.1811898191103693,-0.033437845705728365,0.1,60,-64.6448745727539,24.470966339111328,0.004348799008236361,0.0,-51.37001874156735,24.541289649339756,0.0027790104050888476,4.425000000000005,0,[]
659,32.95,-64.6448745727539,24.470966339111328,0.0027785266797730837,0.0,0.0,0.0,1.0,PlanStatus.FAIL,20,0.1811898191103693,-0.033437845705728365,False,,0.32065361153082345,0.03607389449163737,0.6548757141880736,0.0,4.5,False,8.922700071707368,20,0.1811898191103693,-0.033437845705728365,0.1,60,-64.6448745727539,24.470966339111328,0.004348799008236361,0.0,-51.37001874156735,24.541289649339756,0.0027790104050888476,4.425000000000005,0,[]
660,33.0,-64.6448745727539,24.470966339111328,0.0027785266797730837,0.0,0.0,0.0,1.0,PlanStatus.FAIL,20,0.1811898191103693,-0.033437845705728365,False,,0.32065361153082345,0.03607389449163737,0.6548757141880736,0.0,4.5,False,9.032800095155835,20,0.1811898191103693,-0.033437845705728365,0.1,60,-64.6448745727539,24.470966339111328,0.004348799008236361,0.0,-51.37001874156735,24.541289649339756,0.0027790104050888476,4.425000000000005,0,[]
661,33.050000000000004,-64.6448745727539,24.470966339111328,0.0027785266797730837,0.0,0.0,0.0,1.0,PlanStatus.FAIL,20,0.1811898191103693,-0.033437845705728365,False,,0.32065361153082345,0.03607389449163737,0.6548757141880736,0.0,4.5,False,9.676000103354454,20,0.1811898191103693,-0.033437845705728365,0.1,60,-64.6448745727539,24.470966339111328,0.004348799008236361,0.0,-51.37001874156735,24.541289649339756,0.0027790104050888476,4.425000000000005,0,[]
662,33.1,-64.6448745727539,24.470966339111328,0.0027785266797730837,0.0,0.0,0.0,1.0,PlanStatus.FAIL,20,0.1811898191103693,-0.033437845705728365,False,,0.32065361153082345,0.03607389449163737,0.6548757141880736,0.0,4.5,False,9.007199900224805,20,0.1811898191103693,-0.033437845705728365,0.1,60,-64.6448745727539,24.470966339111328,0.004348799008236361,0.0,-51.37001874156735,24.541289649339756,0.0027790104050888476,4.425000000000005,0,[]
663,33.15,-64.6448745727539,24.470966339111328,0.0027785266797730837,0.0,0.0,0.0,1.0,PlanStatus.FAIL,20,0.1811898191103693,-0.033437845705728365,False,,0.32065361153082345,0.03607389449163737,0.6548757141880736,0.0,4.5,False,8.821999887004495,20,0.1811898191103693,-0.033437845705728365,0.1,60,-64.6448745727539,24.470966339111328,0.004348799008236361,0.0,-51.37001874156735,24.541289649339756,0.0027790104050888476,4.425000000000005,0,[]
664,33.2,-64.6448745727539,24.470966339111328,0.0027785266797730837,0.0,0.0,0.0,1.0,PlanStatus.FAIL,20,0.1811898191103693,-0.033437845705728365,False,,0.32065361153082345,0.03607389449163737,0.6548757141880736,0.0,4.5,False,9.429699974134564,20,0.1811898191103693,-0.033437845705728365,0.1,60,-64.6448745727539,24.470966339111328,0.004348799008236361,0.0,-51.37001874156735,24.541289649339756,0.0027790104050888476,4.425000000000005,0,[]
665,33.25,-64.6448745727539,24.470966339111328,0.0027785266797730837,0.0,0.0,0.0,1.0,PlanStatus.FAIL,20,0.1811898191103693,-0.033437845705728365,False,,0.32065361153082345,0.03607389449163737,0.6548757141880736,0.0,4.5,False,9.199599968269467,20,0.1811898191103693,-0.033437845705728365,0.1,60,-64.6448745727539,24.470966339111328,0.004348799008236361,0.0,-51.37001874156735,24.541289649339756,0.0027790104050888476,4.425000000000005,0,[]
666,33.300000000000004,-64.6448745727539,24.470966339111328,0.0027785266797730837,0.0,0.0,0.0,1.0,PlanStatus.FAIL,20,0.1811898191103693,-0.033437845705728365,False,,0.32065361153082345,0.03607389449163737,0.6548757141880736,0.0,4.5,False,8.669900009408593,20,0.1811898191103693,-0.033437845705728365,0.1,60,-64.6448745727539,24.470966339111328,0.004348799008236361,0.0,-51.37001874156735,24.541289649339756,0.0027790104050888476,4.425000000000005,0,[]
667,33.35,-64.6448745727539,24.470966339111328,0.0027785266797730837,0.0,0.0,0.0,1.0,PlanStatus.FAIL,20,0.1811898191103693,-0.033437845705728365,False,,0.32065361153082345,0.03607389449163737,0.6548757141880736,0.0,4.5,False,8.718600030988455,20,0.1811898191103693,-0.033437845705728365,0.1,60,-64.6448745727539,24.470966339111328,0.004348799008236361,0.0,-51.37001874156735,24.541289649339756,0.0027790104050888476,4.425000000000005,0,[]
668,33.4,-64.6448745727539,24.470966339111328,0.0027785266797730837,0.0,0.0,0.0,1.0,PlanStatus.FAIL,20,0.1811898191103693,-0.033437845705728365,False,,0.32065361153082345,0.03607389449163737,0.6548757141880736,0.0,4.5,False,9.019300108775496,20,0.1811898191103693,-0.033437845705728365,0.1,60,-64.6448745727539,24.470966339111328,0.004348799008236361,0.0,-51.37001874156735,24.541289649339756,0.0027790104050888476,4.425000000000005,0,[]
669,33.45,-64.6448745727539,24.470966339111328,0.0027785266797730837,0.0,0.0,0.0,1.0,PlanStatus.FAIL,20,0.1811898191103693,-0.033437845705728365,False,,0.32065361153082345,0.03607389449163737,0.6548757141880736,0.0,4.5,False,8.820299990475178,20,0.1811898191103693,-0.033437845705728365,0.1,60,-64.6448745727539,24.470966339111328,0.004348799008236361,0.0,-51.37001874156735,24.541289649339756,0.0027790104050888476,4.425000000000005,0,[]
670,33.5,-64.6448745727539,24.470966339111328,0.0027785266797730837,0.0,0.0,0.0,1.0,PlanStatus.FAIL,20,0.1811898191103693,-0.033437845705728365,False,,0.32065361153082345,0.03607389449163737,0.6548757141880736,0.0,4.5,False,8.642199914902449,20,0.1811898191103693,-0.033437845705728365,0.1,60,-64.6448745727539,24.470966339111328,0.004348799008236361,0.0,-51.37001874156735,24.541289649339756,0.0027790104050888476,4.425000000000005,0,[]
671,33.550000000000004,-64.6448745727539,24.470966339111328,0.0027785266797730837,0.0,0.0,0.0,1.0,PlanStatus.FAIL,20,0.1811898191103693,-0.033437845705728365,False,,0.32065361153082345,0.03607389449163737,0.6548757141880736,0.0,4.5,False,8.718399796634912,20,0.1811898191103693,-0.033437845705728365,0.1,60,-64.6448745727539,24.470966339111328,0.004348799008236361,0.0,-51.37001874156735,24.541289649339756,0.0027790104050888476,4.425000000000005,0,[]
672,33.6,-64.6448745727539,24.470966339111328,0.0027785266797730837,0.0,0.0,0.0,1.0,PlanStatus.FAIL,20,0.1811898191103693,-0.033437845705728365,False,,0.32065361153082345,0.03607389449163737,0.6548757141880736,0.0,4.5,False,8.116699988022447,20,0.1811898191103693,-0.033437845705728365,0.1,60,-64.6448745727539,24.470966339111328,0.004348799008236361,0.0,-51.37001874156735,24.541289649339756,0.0027790104050888476,4.425000000000005,0,[]
673,33.65,-64.6448745727539,24.470966339111328,0.0027785266797730837,0.0,0.0,0.0,1.0,PlanStatus.FAIL,20,0.1811898191103693,-0.033437845705728365,False,,0.32065361153082345,0.03607389449163737,0.6548757141880736,0.0,4.5,False,8.08649999089539,20,0.1811898191103693,-0.033437845705728365,0.1,60,-64.6448745727539,24.470966339111328,0.004348799008236361,0.0,-51.37001874156735,24.541289649339756,0.0027790104050888476,4.425000000000005,0,[]
674,33.7,-64.6448745727539,24.470966339111328,0.0027785266797730837,0.0,0.0,0.0,1.0,PlanStatus.FAIL,20,0.1811898191103693,-0.033437845705728365,False,,0.32065361153082345,0.03607389449163737,0.6548757141880736,0.0,4.5,False,8.049699943512678,20,0.1811898191103693,-0.033437845705728365,0.1,60,-64.6448745727539,24.470966339111328,0.004348799008236361,0.0,-51.37001874156735,24.541289649339756,0.0027790104050888476,4.425000000000005,0,[]
675,33.75,-64.6448745727539,24.470966339111328,0.0027785266797730837,0.0,0.0,0.0,1.0,PlanStatus.FAIL,20,0.1811898191103693,-0.033437845705728365,False,,0.32065361153082345,0.03607389449163737,0.6548757141880736,0.0,4.5,False,8.107599802315235,20,0.1811898191103693,-0.033437845705728365,0.1,60,-64.6448745727539,24.470966339111328,0.004348799008236361,0.0,-51.37001874156735,24.541289649339756,0.0027790104050888476,4.425000000000005,0,[]
676,33.800000000000004,-64.6448745727539,24.470966339111328,0.0027785266797730837,0.0,0.0,0.0,1.0,PlanStatus.FAIL,20,0.1811898191103693,-0.033437845705728365,False,,0.32065361153082345,0.03607389449163737,0.6548757141880736,0.0,4.5,False,7.76659999974072,20,0.1811898191103693,-0.033437845705728365,0.1,60,-64.6448745727539,24.470966339111328,0.004348799008236361,0.0,-51.37001874156735,24.541289649339756,0.0027790104050888476,4.425000000000005,0,[]
677,33.85,-64.6448745727539,24.470966339111328,0.0027785266797730837,0.0,0.0,0.0,1.0,PlanStatus.FAIL,20,0.1811898191103693,-0.033437845705728365,False,,0.32065361153082345,0.03607389449163737,0.6548757141880736,0.0,4.5,False,9.017700096592307,20,0.1811898191103693,-0.033437845705728365,0.1,60,-64.6448745727539,24.470966339111328,0.004348799008236361,0.0,-51.37001874156735,24.541289649339756,0.0027790104050888476,4.425000000000005,0,[]
678,33.9,-64.6448745727539,24.470966339111328,0.0027785266797730837,0.0,0.0,0.0,1.0,PlanStatus.FAIL,20,0.1811898191103693,-0.033437845705728365,False,,0.32065361153082345,0.03607389449163737,0.6548757141880736,0.0,4.5,False,10.080500040203333,20,0.1811898191103693,-0.033437845705728365,0.1,60,-64.6448745727539,24.470966339111328,0.004348799008236361,0.0,-51.37001874156735,24.541289649339756,0.0027790104050888476,4.425000000000005,0,[]
679,33.95,-64.6448745727539,24.470966339111328,0.0027785266797730837,0.0,0.0,0.0,1.0,PlanStatus.FAIL,20,0.1811898191103693,-0.033437845705728365,False,,0.32065361153082345,0.03607389449163737,0.6548757141880736,0.0,4.5,False,7.725500036031008,20,0.1811898191103693,-0.033437845705728365,0.1,60,-64.6448745727539,24.470966339111328,0.004348799008236361,0.0,-51.37001874156735,24.541289649339756,0.0027790104050888476,4.425000000000005,0,[]
680,34.0,-64.6448745727539,24.470966339111328,0.0027785266797730837,0.0,0.0,0.0,1.0,PlanStatus.FAIL,20,0.1811898191103693,-0.033437845705728365,False,,0.32065361153082345,0.03607389449163737,0.6548757141880736,0.0,4.5,False,6.950699957087636,20,0.1811898191103693,-0.033437845705728365,0.1,60,-64.6448745727539,24.470966339111328,0.004348799008236361,0.0,-51.37001874156735,24.541289649339756,0.0027790104050888476,4.425000000000005,0,[]
681,34.050000000000004,-64.6448745727539,24.470966339111328,0.0027785266797730837,0.0,0.0,0.0,1.0,PlanStatus.FAIL,20,0.1811898191103693,-0.033437845705728365,False,,0.32065361153082345,0.03607389449163737,0.6548757141880736,0.0,4.5,False,7.174500031396747,20,0.1811898191103693,-0.033437845705728365,0.1,60,-64.6448745727539,24.470966339111328,0.004348799008236361,0.0,-51.37001874156735,24.541289649339756,0.0027790104050888476,4.425000000000005,0,[]
682,34.1,-64.6448745727539,24.470966339111328,0.0027785266797730837,0.0,0.0,0.0,1.0,PlanStatus.FAIL,20,0.1811898191103693,-0.033437845705728365,False,,0.32065361153082345,0.03607389449163737,0.6548757141880736,0.0,4.5,False,7.625800091773272,20,0.1811898191103693,-0.033437845705728365,0.1,60,-64.6448745727539,24.470966339111328,0.004348799008236361,0.0,-51.37001874156735,24.541289649339756,0.0027790104050888476,4.425000000000005,0,[]
683,34.15,-64.6448745727539,24.470966339111328,0.0027785266797730837,0.0,0.0,0.0,1.0,PlanStatus.FAIL,20,0.1811898191103693,-0.033437845705728365,False,,0.32065361153082345,0.03607389449163737,0.6548757141880736,0.0,4.5,False,6.915200036019087,20,0.1811898191103693,-0.033437845705728365,0.1,60,-64.6448745727539,24.470966339111328,0.004348799008236361,0.0,-51.37001874156735,24.541289649339756,0.0027790104050888476,4.425000000000005,0,[]
684,34.2,-64.6448745727539,24.470966339111328,0.0027785266797730837,0.0,0.0,0.0,1.0,PlanStatus.FAIL,20,0.1811898191103693,-0.033437845705728365,False,,0.32065361153082345,0.03607389449163737,0.6548757141880736,0.0,4.5,False,7.005100138485432,20,0.1811898191103693,-0.033437845705728365,0.1,60,-64.6448745727539,24.470966339111328,0.004348799008236361,0.0,-51.37001874156735,24.541289649339756,0.0027790104050888476,4.425000000000005,0,[]
685,34.25,-64.6448745727539,24.470966339111328,0.0027785266797730837,0.0,0.0,0.0,1.0,PlanStatus.FAIL,20,0.1811898191103693,-0.033437845705728365,False,,0.32065361153082345,0.03607389449163737,0.6548757141880736,0.0,4.5,False,8.143800077959895,20,0.1811898191103693,-0.033437845705728365,0.1,60,-64.6448745727539,24.470966339111328,0.004348799008236361,0.0,-51.37001874156735,24.541289649339756,0.0027790104050888476,4.425000000000005,0,[]
686,34.300000000000004,-64.6448745727539,24.470966339111328,0.0027785266797730837,0.0,0.0,0.0,1.0,PlanStatus.FAIL,20,0.1811898191103693,-0.033437845705728365,False,,0.32065361153082345,0.03607389449163737,0.6548757141880736,0.0,4.5,False,7.249300135299563,20,0.1811898191103693,-0.033437845705728365,0.1,60,-64.6448745727539,24.470966339111328,0.004348799008236361,0.0,-51.37001874156735,24.541289649339756,0.0027790104050888476,4.425000000000005,0,[]
687,34.35,-64.6448745727539,24.470966339111328,0.0027785266797730837,0.0,0.0,0.0,1.0,PlanStatus.FAIL,20,0.1811898191103693,-0.033437845705728365,False,,0.32065361153082345,0.03607389449163737,0.6548757141880736,0.0,4.5,False,7.865899940952659,20,0.1811898191103693,-0.033437845705728365,0.1,60,-64.6448745727539,24.470966339111328,0.004348799008236361,0.0,-51.37001874156735,24.541289649339756,0.0027790104050888476,4.425000000000005,0,[]
688,34.4,-64.6448745727539,24.470966339111328,0.0027785266797730837,0.0,0.0,0.0,1.0,PlanStatus.FAIL,20,0.1811898191103693,-0.033437845705728365,False,,0.32065361153082345,0.03607389449163737,0.6548757141880736,0.0,4.5,False,6.663300096988678,20,0.1811898191103693,-0.033437845705728365,0.1,60,-64.6448745727539,24.470966339111328,0.004348799008236361,0.0,-51.37001874156735,24.541289649339756,0.0027790104050888476,4.425000000000005,0,[]
689,34.45,-64.6448745727539,24.470966339111328,0.0027785266797730837,0.0,0.0,0.0,1.0,PlanStatus.FAIL,20,0.1811898191103693,-0.033437845705728365,False,,0.32065361153082345,0.03607389449163737,0.6548757141880736,0.0,4.5,False,6.675999844446778,20,0.1811898191103693,-0.033437845705728365,0.1,60,-64.6448745727539,24.470966339111328,0.004348799008236361,0.0,-51.37001874156735,24.541289649339756,0.0027790104050888476,4.425000000000005,0,[]
690,34.5,-64.6448745727539,24.470966339111328,0.0027785266797730837,0.0,0.0,0.0,1.0,PlanStatus.FAIL,20,0.1811898191103693,-0.033437845705728365,False,,0.32065361153082345,0.03607389449163737,0.6548757141880736,0.0,4.5,False,6.386500084772706,20,0.1811898191103693,-0.033437845705728365,0.1,60,-64.6448745727539,24.470966339111328,0.004348799008236361,0.0,-51.37001874156735,24.541289649339756,0.0027790104050888476,4.425000000000005,0,[]
691,34.550000000000004,-64.6448745727539,24.470966339111328,0.0027785266797730837,0.0,0.0,0.0,1.0,PlanStatus.FAIL,20,0.1811898191103693,-0.033437845705728365,False,,0.32065361153082345,0.03607389449163737,0.6548757141880736,0.0,4.5,False,6.478199968114495,20,0.1811898191103693,-0.033437845705728365,0.1,60,-64.6448745727539,24.470966339111328,0.004348799008236361,0.0,-51.37001874156735,24.541289649339756,0.0027790104050888476,4.425000000000005,0,[]
692,34.6,-64.6448745727539,24.470966339111328,0.0027785266797730837,0.0,0.0,0.0,1.0,PlanStatus.FAIL,20,0.1811898191103693,-0.033437845705728365,False,,0.32065361153082345,0.03607389449163737,0.6548757141880736,0.0,4.5,False,6.9691999815404415,20,0.1811898191103693,-0.033437845705728365,0.1,60,-64.6448745727539,24.470966339111328,0.004348799008236361,0.0,-51.37001874156735,24.541289649339756,0.0027790104050888476,4.425000000000005,0,[]
693,34.65,-64.6448745727539,24.470966339111328,0.0027785266797730837,0.0,0.0,0.0,1.0,PlanStatus.FAIL,20,0.1811898191103693,-0.033437845705728365,False,,0.32065361153082345,0.03607389449163737,0.6548757141880736,0.0,4.5,False,7.134399842470884,20,0.1811898191103693,-0.033437845705728365,0.1,60,-64.6448745727539,24.470966339111328,0.004348799008236361,0.0,-51.37001874156735,24.541289649339756,0.0027790104050888476,4.425000000000005,0,[]
694,34.7,-64.6448745727539,24.470966339111328,0.0027785266797730837,0.0,0.0,0.0,1.0,PlanStatus.FAIL,20,0.1811898191103693,-0.033437845705728365,False,,0.32065361153082345,0.03607389449163737,0.6548757141880736,0.0,4.5,False,6.960199913010001,20,0.1811898191103693,-0.033437845705728365,0.1,60,-64.6448745727539,24.470966339111328,0.004348799008236361,0.0,-51.37001874156735,24.541289649339756,0.0027790104050888476,4.425000000000005,0,[]
695,34.75,-64.6448745727539,24.470966339111328,0.0027785266797730837,0.0,0.0,0.0,1.0,PlanStatus.FAIL,20,0.1811898191103693,-0.033437845705728365,False,,0.32065361153082345,0.03607389449163737,0.6548757141880736,0.0,4.5,False,7.029900094494224,20,0.1811898191103693,-0.033437845705728365,0.1,60,-64.6448745727539,24.470966339111328,0.004348799008236361,0.0,-51.37001874156735,24.541289649339756,0.0027790104050888476,4.425000000000005,0,[]
696,34.800000000000004,-64.6448745727539,24.470966339111328,0.0027785266797730837,0.0,0.0,0.0,1.0,PlanStatus.FAIL,20,0.1811898191103693,-0.033437845705728365,False,,0.32065361153082345,0.03607389449163737,0.6548757141880736,0.0,4.5,False,7.04649998806417,20,0.1811898191103693,-0.033437845705728365,0.1,60,-64.6448745727539,24.470966339111328,0.004348799008236361,0.0,-51.37001874156735,24.541289649339756,0.0027790104050888476,4.425000000000005,0,[]
697,34.85,-64.6448745727539,24.470966339111328,0.0027785266797730837,0.0,0.0,0.0,1.0,PlanStatus.FAIL,20,0.1811898191103693,-0.033437845705728365,False,,0.32065361153082345,0.03607389449163737,0.6548757141880736,0.0,4.5,False,6.873599952086806,20,0.1811898191103693,-0.033437845705728365,0.1,60,-64.6448745727539,24.470966339111328,0.004348799008236361,0.0,-51.37001874156735,24.541289649339756,0.0027790104050888476,4.425000000000005,0,[]
698,34.9,-64.6448745727539,24.470966339111328,0.0027785266797730837,0.0,0.0,0.0,1.0,PlanStatus.FAIL,20,0.1811898191103693,-0.033437845705728365,False,,0.32065361153082345,0.03607389449163737,0.6548757141880736,0.0,4.5,False,8.239499991759658,20,0.1811898191103693,-0.033437845705728365,0.1,60,-64.6448745727539,24.470966339111328,0.004348799008236361,0.0,-51.37001874156735,24.541289649339756,0.0027790104050888476,4.425000000000005,0,[]
699,34.95,-64.6448745727539,24.470966339111328,0.0027785266797730837,0.0,0.0,0.0,1.0,PlanStatus.FAIL,20,0.1811898191103693,-0.033437845705728365,False,,0.32065361153082345,0.03607389449163737,0.6548757141880736,0.0,4.5,False,7.83309992402792,20,0.1811898191103693,-0.033437845705728365,0.1,60,-64.6448745727539,24.470966339111328,0.004348799008236361,0.0,-51.37001874156735,24.541289649339756,0.0027790104050888476,4.425000000000005,0,[]
700,35.0,-64.6448745727539,24.470966339111328,0.0027785266797730837,0.0,0.0,0.0,1.0,PlanStatus.FAIL,20,0.1811898191103693,-0.033437845705728365,False,,0.32065361153082345,0.03607389449163737,0.6548757141880736,0.0,4.5,False,7.25430017337203,20,0.1811898191103693,-0.033437845705728365,0.1,60,-64.6448745727539,24.470966339111328,0.004348799008236361,0.0,-51.37001874156735,24.541289649339756,0.0027790104050888476,4.425000000000005,0,[]
701,35.050000000000004,-64.6448745727539,24.470966339111328,0.0027785266797730837,0.0,0.0,0.0,1.0,PlanStatus.FAIL,20,0.1811898191103693,-0.033437845705728365,False,,0.32065361153082345,0.03607389449163737,0.6548757141880736,0.0,4.5,False,7.5623998418450356,20,0.1811898191103693,-0.033437845705728365,0.1,60,-64.6448745727539,24.470966339111328,0.004348799008236361,0.0,-51.37001874156735,24.541289649339756,0.0027790104050888476,4.425000000000005,0,[]
702,35.1,-64.6448745727539,24.470966339111328,0.0027785266797730837,0.0,0.0,0.0,1.0,PlanStatus.FAIL,20,0.1811898191103693,-0.033437845705728365,False,,0.32065361153082345,0.03607389449163737,0.6548757141880736,0.0,4.5,False,7.9662001226097345,20,0.1811898191103693,-0.033437845705728365,0.1,60,-64.6448745727539,24.470966339111328,0.004348799008236361,0.0,-51.37001874156735,24.541289649339756,0.0027790104050888476,4.425000000000005,0,[]
703,35.15,-64.6448745727539,24.470966339111328,0.0027785266797730837,0.0,0.0,0.0,1.0,PlanStatus.FAIL,20,0.1811898191103693,-0.033437845705728365,False,,0.32065361153082345,0.03607389449163737,0.6548757141880736,0.0,4.5,False,9.659300092607737,20,0.1811898191103693,-0.033437845705728365,0.1,60,-64.6448745727539,24.470966339111328,0.004348799008236361,0.0,-51.37001874156735,24.541289649339756,0.0027790104050888476,4.425000000000005,0,[]
704,35.2,-64.6448745727539,24.470966339111328,0.0027785266797730837,0.0,0.0,0.0,1.0,PlanStatus.FAIL,20,0.1811898191103693,-0.033437845705728365,False,,0.32065361153082345,0.03607389449163737,0.6548757141880736,0.0,4.5,False,9.064999874681234,20,0.1811898191103693,-0.033437845705728365,0.1,60,-64.6448745727539,24.470966339111328,0.004348799008236361,0.0,-51.37001874156735,24.541289649339756,0.0027790104050888476,4.425000000000005,0,[]
705,35.25,-64.6448745727539,24.470966339111328,0.0027785266797730837,0.0,0.0,0.0,1.0,PlanStatus.FAIL,20,0.1811898191103693,-0.033437845705728365,False,,0.32065361153082345,0.03607389449163737,0.6548757141880736,0.0,4.5,False,7.761900080367923,20,0.1811898191103693,-0.033437845705728365,0.1,60,-64.6448745727539,24.470966339111328,0.004348799008236361,0.0,-51.37001874156735,24.541289649339756,0.0027790104050888476,4.425000000000005,0,[]
706,35.300000000000004,-64.6448745727539,24.470966339111328,0.0027785266797730837,0.0,0.0,0.0,1.0,PlanStatus.FAIL,20,0.1811898191103693,-0.033437845705728365,False,,0.32065361153082345,0.03607389449163737,0.6548757141880736,0.0,4.5,False,7.911699824035168,20,0.1811898191103693,-0.033437845705728365,0.1,60,-64.6448745727539,24.470966339111328,0.004348799008236361,0.0,-51.37001874156735,24.541289649339756,0.0027790104050888476,4.425000000000005,0,[]
707,35.35,-64.6448745727539,24.470966339111328,0.0027785266797730837,0.0,0.0,0.0,1.0,PlanStatus.FAIL,20,0.1811898191103693,-0.033437845705728365,False,,0.32065361153082345,0.03607389449163737,0.6548757141880736,0.0,4.5,False,7.9292000737041235,20,0.1811898191103693,-0.033437845705728365,0.1,60,-64.6448745727539,24.470966339111328,0.004348799008236361,0.0,-51.37001874156735,24.541289649339756,0.0027790104050888476,4.425000000000005,0,[]
708,35.4,-64.6448745727539,24.470966339111328,0.0027785266797730837,0.0,0.0,0.0,1.0,PlanStatus.FAIL,20,0.1811898191103693,-0.033437845705728365,False,,0.32065361153082345,0.03607389449163737,0.6548757141880736,0.0,4.5,False,9.092999855056405,20,0.1811898191103693,-0.033437845705728365,0.1,60,-64.6448745727539,24.470966339111328,0.004348799008236361,0.0,-51.37001874156735,24.541289649339756,0.0027790104050888476,4.425000000000005,0,[]
709,35.45,-64.6448745727539,24.470966339111328,0.0027785266797730837,0.0,0.0,0.0,1.0,PlanStatus.FAIL,20,0.1811898191103693,-0.033437845705728365,False,,0.32065361153082345,0.03607389449163737,0.6548757141880736,0.0,4.5,False,9.130500024184585,20,0.1811898191103693,-0.033437845705728365,0.1,60,-64.6448745727539,24.470966339111328,0.004348799008236361,0.0,-51.37001874156735,24.541289649339756,0.0027790104050888476,4.425000000000005,0,[]
710,35.5,-64.6448745727539,24.470966339111328,0.0027785266797730837,0.0,0.0,0.0,1.0,PlanStatus.FAIL,20,0.1811898191103693,-0.033437845705728365,False,,0.32065361153082345,0.03607389449163737,0.6548757141880736,0.0,4.5,False,9.11609991453588,20,0.1811898191103693,-0.033437845705728365,0.1,60,-64.6448745727539,24.470966339111328,0.004348799008236361,0.0,-51.37001874156735,24.541289649339756,0.0027790104050888476,4.425000000000005,0,[]
711,35.550000000000004,-64.6448745727539,24.470966339111328,0.0027785266797730837,0.0,0.0,0.0,1.0,PlanStatus.FAIL,20,0.1811898191103693,-0.033437845705728365,False,,0.32065361153082345,0.03607389449163737,0.6548757141880736,0.0,4.5,False,9.176400024443865,20,0.1811898191103693,-0.033437845705728365,0.1,60,-64.6448745727539,24.470966339111328,0.004348799008236361,0.0,-51.37001874156735,24.541289649339756,0.0027790104050888476,4.425000000000005,0,[]
712,35.6,-64.6448745727539,24.470966339111328,0.0027785266797730837,0.0,0.0,0.0,1.0,PlanStatus.FAIL,20,0.1811898191103693,-0.033437845705728365,False,,0.32065361153082345,0.03607389449163737,0.6548757141880736,0.0,4.5,False,9.61249996908009,20,0.1811898191103693,-0.033437845705728365,0.1,60,-64.6448745727539,24.470966339111328,0.004348799008236361,0.0,-51.37001874156735,24.541289649339756,0.0027790104050888476,4.425000000000005,0,[]
713,35.65,-64.6448745727539,24.470966339111328,0.0027785266797730837,0.0,0.0,0.0,1.0,PlanStatus.FAIL,20,0.1811898191103693,-0.033437845705728365,False,,0.32065361153082345,0.03607389449163737,0.6548757141880736,0.0,4.5,False,10.359000181779265,20,0.1811898191103693,-0.033437845705728365,0.1,60,-64.6448745727539,24.470966339111328,0.004348799008236361,0.0,-51.37001874156735,24.541289649339756,0.0027790104050888476,4.425000000000005,0,[]
714,35.7,-64.6448745727539,24.470966339111328,0.0027785266797730837,0.0,0.0,0.0,1.0,PlanStatus.FAIL,20,0.1811898191103693,-0.033437845705728365,False,,0.32065361153082345,0.03607389449163737,0.6548757141880736,0.0,4.5,False,9.106999961659312,20,0.1811898191103693,-0.033437845705728365,0.1,60,-64.6448745727539,24.470966339111328,0.004348799008236361,0.0,-51.37001874156735,24.541289649339756,0.0027790104050888476,4.425000000000005,0,[]
715,35.75,-64.6448745727539,24.470966339111328,0.0027785266797730837,0.0,0.0,0.0,1.0,PlanStatus.FAIL,20,0.1811898191103693,-0.033437845705728365,False,,0.32065361153082345,0.03607389449163737,0.6548757141880736,0.0,4.5,False,10.749500012025237,20,0.1811898191103693,-0.033437845705728365,0.1,60,-64.6448745727539,24.470966339111328,0.004348799008236361,0.0,-51.37001874156735,24.541289649339756,0.0027790104050888476,4.425000000000005,0,[]
716,35.800000000000004,-64.6448745727539,24.470966339111328,0.0027785266797730837,0.0,0.0,0.0,1.0,PlanStatus.FAIL,20,0.1811898191103693,-0.033437845705728365,False,,0.32065361153082345,0.03607389449163737,0.6548757141880736,0.0,4.5,False,10.847700061276555,20,0.1811898191103693,-0.033437845705728365,0.1,60,-64.6448745727539,24.470966339111328,0.004348799008236361,0.0,-51.37001874156735,24.541289649339756,0.0027790104050888476,4.425000000000005,0,[]
717,35.85,-64.6448745727539,24.470966339111328,0.0027785266797730837,0.0,0.0,0.0,1.0,PlanStatus.FAIL,20,0.1811898191103693,-0.033437845705728365,False,,0.32065361153082345,0.03607389449163737,0.6548757141880736,0.0,4.5,False,10.603399947285652,20,0.1811898191103693,-0.033437845705728365,0.1,60,-64.6448745727539,24.470966339111328,0.004348799008236361,0.0,-51.37001874156735,24.541289649339756,0.0027790104050888476,4.425000000000005,0,[]
718,35.9,-64.6448745727539,24.470966339111328,0.0027785266797730837,0.0,0.0,0.0,1.0,PlanStatus.FAIL,20,0.1811898191103693,-0.033437845705728365,False,,0.32065361153082345,0.03607389449163737,0.6548757141880736,0.0,4.5,False,10.54109982214868,20,0.1811898191103693,-0.033437845705728365,0.1,60,-64.6448745727539,24.470966339111328,0.004348799008236361,0.0,-51.37001874156735,24.541289649339756,0.0027790104050888476,4.425000000000005,0,[]
719,35.95,-64.6448745727539,24.470966339111328,0.0027785266797730837,0.0,0.0,0.0,1.0,PlanStatus.FAIL,20,0.1811898191103693,-0.033437845705728365,False,,0.32065361153082345,0.03607389449163737,0.6548757141880736,0.0,4.5,False,10.80829999409616,20,0.1811898191103693,-0.033437845705728365,0.1,60,-64.6448745727539,24.470966339111328,0.004348799008236361,0.0,-51.37001874156735,24.541289649339756,0.0027790104050888476,4.425000000000005,0,[]
720,36.0,-64.6448745727539,24.470966339111328,0.0027785266797730837,0.0,0.0,0.0,1.0,PlanStatus.FAIL,20,0.1811898191103693,-0.033437845705728365,False,,0.32065361153082345,0.03607389449163737,0.6548757141880736,0.0,4.5,False,9.108900092542171,20,0.1811898191103693,-0.033437845705728365,0.1,60,-64.6448745727539,24.470966339111328,0.004348799008236361,0.0,-51.37001874156735,24.541289649339756,0.0027790104050888476,4.425000000000005,0,[]
721,36.050000000000004,-64.6448745727539,24.470966339111328,0.0027785266797730837,0.0,0.0,0.0,1.0,PlanStatus.FAIL,20,0.1811898191103693,-0.033437845705728365,False,,0.32065361153082345,0.03607389449163737,0.6548757141880736,0.0,4.5,False,8.774799993261695,20,0.1811898191103693,-0.033437845705728365,0.1,60,-64.6448745727539,24.470966339111328,0.004348799008236361,0.0,-51.37001874156735,24.541289649339756,0.0027790104050888476,4.425000000000005,0,[]
722,36.1,-64.6448745727539,24.470966339111328,0.0027785266797730837,0.0,0.0,0.0,1.0,PlanStatus.FAIL,20,0.1811898191103693,-0.033437845705728365,False,,0.32065361153082345,0.03607389449163737,0.6548757141880736,0.0,4.5,False,9.052800014615059,20,0.1811898191103693,-0.033437845705728365,0.1,60,-64.6448745727539,24.470966339111328,0.004348799008236361,0.0,-51.37001874156735,24.541289649339756,0.0027790104050888476,4.425000000000005,0,[]
723,36.15,-64.6448745727539,24.470966339111328,0.0027785266797730837,0.0,0.0,0.0,1.0,PlanStatus.FAIL,20,0.1811898191103693,-0.033437845705728365,False,,0.32065361153082345,0.03607389449163737,0.6548757141880736,0.0,4.5,False,9.14790015667677,20,0.1811898191103693,-0.033437845705728365,0.1,60,-64.6448745727539,24.470966339111328,0.004348799008236361,0.0,-51.37001874156735,24.541289649339756,0.0027790104050888476,4.425000000000005,0,[]
724,36.2,-64.6448745727539,24.470966339111328,0.0027785266797730837,0.0,0.0,0.0,1.0,PlanStatus.FAIL,20,0.1811898191103693,-0.033437845705728365,False,,0.32065361153082345,0.03607389449163737,0.6548757141880736,0.0,4.5,False,11.421199887990952,20,0.1811898191103693,-0.033437845705728365,0.1,60,-64.6448745727539,24.470966339111328,0.004348799008236361,0.0,-51.37001874156735,24.541289649339756,0.0027790104050888476,4.425000000000005,0,[]
725,36.25,-64.6448745727539,24.470966339111328,0.0027785266797730837,0.0,0.0,0.0,1.0,PlanStatus.FAIL,20,0.1811898191103693,-0.033437845705728365,False,,0.32065361153082345,0.03607389449163737,0.6548757141880736,0.0,4.5,False,9.462699992582202,20,0.1811898191103693,-0.033437845705728365,0.1,60,-64.6448745727539,24.470966339111328,0.004348799008236361,0.0,-51.37001874156735,24.541289649339756,0.0027790104050888476,4.425000000000005,0,[]
726,36.300000000000004,-64.6448745727539,24.470966339111328,0.0027785266797730837,0.0,0.0,0.0,1.0,PlanStatus.FAIL,20,0.1811898191103693,-0.033437845705728365,False,,0.32065361153082345,0.03607389449163737,0.6548757141880736,0.0,4.5,False,8.005900075659156,20,0.1811898191103693,-0.033437845705728365,0.1,60,-64.6448745727539,24.470966339111328,0.004348799008236361,0.0,-51.37001874156735,24.541289649339756,0.0027790104050888476,4.425000000000005,0,[]
727,36.35,-64.6448745727539,24.470966339111328,0.0027785266797730837,0.0,0.0,0.0,1.0,PlanStatus.FAIL,20,0.1811898191103693,-0.033437845705728365,False,,0.32065361153082345,0.03607389449163737,0.6548757141880736,0.0,4.5,False,8.93849995918572,20,0.1811898191103693,-0.033437845705728365,0.1,60,-64.6448745727539,24.470966339111328,0.004348799008236361,0.0,-51.37001874156735,24.541289649339756,0.0027790104050888476,4.425000000000005,0,[]
728,36.4,-64.6448745727539,24.470966339111328,0.0027785266797730837,0.0,0.0,0.0,1.0,PlanStatus.FAIL,20,0.1811898191103693,-0.033437845705728365,False,,0.32065361153082345,0.03607389449163737,0.6548757141880736,0.0,4.5,False,7.874100003391504,20,0.1811898191103693,-0.033437845705728365,0.1,60,-64.6448745727539,24.470966339111328,0.004348799008236361,0.0,-51.37001874156735,24.541289649339756,0.0027790104050888476,4.425000000000005,0,[]
729,36.45,-64.6448745727539,24.470966339111328,0.0027785266797730837,0.0,0.0,0.0,1.0,PlanStatus.FAIL,20,0.1811898191103693,-0.033437845705728365,False,,0.32065361153082345,0.03607389449163737,0.6548757141880736,0.0,4.5,False,9.067900013178587,20,0.1811898191103693,-0.033437845705728365,0.1,60,-64.6448745727539,24.470966339111328,0.004348799008236361,0.0,-51.37001874156735,24.541289649339756,0.0027790104050888476,4.425000000000005,0,[]
730,36.5,-64.6448745727539,24.470966339111328,0.0027785266797730837,0.0,0.0,0.0,1.0,PlanStatus.FAIL,20,0.1811898191103693,-0.033437845705728365,False,,0.32065361153082345,0.03607389449163737,0.6548757141880736,0.0,4.5,False,8.02000006660819,20,0.1811898191103693,-0.033437845705728365,0.1,60,-64.6448745727539,24.470966339111328,0.004348799008236361,0.0,-51.37001874156735,24.541289649339756,0.0027790104050888476,4.425000000000005,0,[]
731,36.550000000000004,-64.6448745727539,24.470966339111328,0.0027785266797730837,0.0,0.0,0.0,1.0,PlanStatus.FAIL,20,0.1811898191103693,-0.033437845705728365,False,,0.32065361153082345,0.03607389449163737,0.6548757141880736,0.0,4.5,False,7.88260018453002,20,0.1811898191103693,-0.033437845705728365,0.1,60,-64.6448745727539,24.470966339111328,0.004348799008236361,0.0,-51.37001874156735,24.541289649339756,0.0027790104050888476,4.425000000000005,0,[]
732,36.6,-64.6448745727539,24.470966339111328,0.0027785266797730837,0.0,0.0,0.0,1.0,PlanStatus.FAIL,20,0.1811898191103693,-0.033437845705728365,False,,0.32065361153082345,0.03607389449163737,0.6548757141880736,0.0,4.5,False,7.923600031062961,20,0.1811898191103693,-0.033437845705728365,0.1,60,-64.6448745727539,24.470966339111328,0.004348799008236361,0.0,-51.37001874156735,24.541289649339756,0.0027790104050888476,4.425000000000005,0,[]
733,36.65,-64.6448745727539,24.470966339111328,0.0027785266797730837,0.0,0.0,0.0,1.0,PlanStatus.FAIL,20,0.1811898191103693,-0.033437845705728365,False,,0.32065361153082345,0.03607389449163737,0.6548757141880736,0.0,4.5,False,7.361399941146374,20,0.1811898191103693,-0.033437845705728365,0.1,60,-64.6448745727539,24.470966339111328,0.004348799008236361,0.0,-51.37001874156735,24.541289649339756,0.0027790104050888476,4.425000000000005,0,[]
734,36.7,-64.6448745727539,24.470966339111328,0.0027785266797730837,0.0,0.0,0.0,1.0,PlanStatus.FAIL,20,0.1811898191103693,-0.033437845705728365,False,,0.32065361153082345,0.03607389449163737,0.6548757141880736,0.0,4.5,False,7.495200028643012,20,0.1811898191103693,-0.033437845705728365,0.1,60,-64.6448745727539,24.470966339111328,0.004348799008236361,0.0,-51.37001874156735,24.541289649339756,0.0027790104050888476,4.425000000000005,0,[]
735,36.75,-64.6448745727539,24.470966339111328,0.0027785266797730837,0.0,0.0,0.0,1.0,PlanStatus.FAIL,20,0.1811898191103693,-0.033437845705728365,False,,0.32065361153082345,0.03607389449163737,0.6548757141880736,0.0,4.5,False,7.639599964022636,20,0.1811898191103693,-0.033437845705728365,0.1,60,-64.6448745727539,24.470966339111328,0.004348799008236361,0.0,-51.37001874156735,24.541289649339756,0.0027790104050888476,4.425000000000005,0,[]
736,36.800000000000004,-64.6448745727539,24.470966339111328,0.0027785266797730837,0.0,0.0,0.0,1.0,PlanStatus.FAIL,20,0.1811898191103693,-0.033437845705728365,False,,0.32065361153082345,0.03607389449163737,0.6548757141880736,0.0,4.5,False,8.039100095629692,20,0.1811898191103693,-0.033437845705728365,0.1,60,-64.6448745727539,24.470966339111328,0.004348799008236361,0.0,-51.37001874156735,24.541289649339756,0.0027790104050888476,4.425000000000005,0,[]
737,36.85,-64.6448745727539,24.470966339111328,0.0027785266797730837,0.0,0.0,0.0,1.0,PlanStatus.FAIL,20,0.1811898191103693,-0.033437845705728365,False,,0.32065361153082345,0.03607389449163737,0.6548757141880736,0.0,4.5,False,7.306399988010526,20,0.1811898191103693,-0.033437845705728365,0.1,60,-64.6448745727539,24.470966339111328,0.004348799008236361,0.0,-51.37001874156735,24.541289649339756,0.0027790104050888476,4.425000000000005,0,[]
738,36.9,-64.6448745727539,24.470966339111328,0.0027785266797730837,0.0,0.0,0.0,1.0,PlanStatus.FAIL,20,0.1811898191103693,-0.033437845705728365,False,,0.32065361153082345,0.03607389449163737,0.6548757141880736,0.0,4.5,False,7.177599938586354,20,0.1811898191103693,-0.033437845705728365,0.1,60,-64.6448745727539,24.470966339111328,0.004348799008236361,0.0,-51.37001874156735,24.541289649339756,0.0027790104050888476,4.425000000000005,0,[]
739,36.95,-64.6448745727539,24.470966339111328,0.0027785266797730837,0.0,0.0,0.0,1.0,PlanStatus.FAIL,20,0.1811898191103693,-0.033437845705728365,False,,0.32065361153082345,0.03607389449163737,0.6548757141880736,0.0,4.5,False,7.501899963244796,20,0.1811898191103693,-0.033437845705728365,0.1,60,-64.6448745727539,24.470966339111328,0.004348799008236361,0.0,-51.37001874156735,24.541289649339756,0.0027790104050888476,4.425000000000005,0,[]
740,37.0,-64.6448745727539,24.470966339111328,0.0027785266797730837,0.0,0.0,0.0,1.0,PlanStatus.FAIL,20,0.1811898191103693,-0.033437845705728365,False,,0.32065361153082345,0.03607389449163737,0.6548757141880736,0.0,4.5,False,8.782099932432175,20,0.1811898191103693,-0.033437845705728365,0.1,60,-64.6448745727539,24.470966339111328,0.004348799008236361,0.0,-51.37001874156735,24.541289649339756,0.0027790104050888476,4.425000000000005,0,[]
741,37.050000000000004,-64.6448745727539,24.470966339111328,0.0027785266797730837,0.0,0.0,0.0,1.0,PlanStatus.FAIL,20,0.1811898191103693,-0.033437845705728365,False,,0.32065361153082345,0.03607389449163737,0.6548757141880736,0.0,4.5,False,7.074099965393543,20,0.1811898191103693,-0.033437845705728365,0.1,60,-64.6448745727539,24.470966339111328,0.004348799008236361,0.0,-51.37001874156735,24.541289649339756,0.0027790104050888476,4.425000000000005,0,[]
742,37.1,-64.6448745727539,24.470966339111328,0.0027785266797730837,0.0,0.0,0.0,1.0,PlanStatus.FAIL,20,0.1811898191103693,-0.033437845705728365,False,,0.32065361153082345,0.03607389449163737,0.6548757141880736,0.0,4.5,False,6.586200091987848,20,0.1811898191103693,-0.033437845705728365,0.1,60,-64.6448745727539,24.470966339111328,0.004348799008236361,0.0,-51.37001874156735,24.541289649339756,0.0027790104050888476,4.425000000000005,0,[]
743,37.15,-64.6448745727539,24.470966339111328,0.0027785266797730837,0.0,0.0,0.0,1.0,PlanStatus.FAIL,20,0.1811898191103693,-0.033437845705728365,False,,0.32065361153082345,0.03607389449163737,0.6548757141880736,0.0,4.5,False,6.666200002655387,20,0.1811898191103693,-0.033437845705728365,0.1,60,-64.6448745727539,24.470966339111328,0.004348799008236361,0.0,-51.37001874156735,24.541289649339756,0.0027790104050888476,4.425000000000005,0,[]
744,37.2,-64.6448745727539,24.470966339111328,0.0027785266797730837,0.0,0.0,0.0,1.0,PlanStatus.FAIL,20,0.1811898191103693,-0.033437845705728365,False,,0.32065361153082345,0.03607389449163737,0.6548757141880736,0.0,4.5,False,6.904599955305457,20,0.1811898191103693,-0.033437845705728365,0.1,60,-64.6448745727539,24.470966339111328,0.004348799008236361,0.0,-51.37001874156735,24.541289649339756,0.0027790104050888476,4.425000000000005,0,[]
745,37.25,-64.6448745727539,24.470966339111328,0.0027785266797730837,0.0,0.0,0.0,1.0,PlanStatus.FAIL,20,0.1811898191103693,-0.033437845705728365,False,,0.32065361153082345,0.03607389449163737,0.6548757141880736,0.0,4.5,False,6.935300072655082,20,0.1811898191103693,-0.033437845705728365,0.1,60,-64.6448745727539,24.470966339111328,0.004348799008236361,0.0,-51.37001874156735,24.541289649339756,0.0027790104050888476,4.425000000000005,0,[]
746,37.300000000000004,-64.6448745727539,24.470966339111328,0.0027785266797730837,0.0,0.0,0.0,1.0,PlanStatus.FAIL,20,0.1811898191103693,-0.033437845705728365,False,,0.32065361153082345,0.03607389449163737,0.6548757141880736,0.0,4.5,False,7.6950001530349255,20,0.1811898191103693,-0.033437845705728365,0.1,60,-64.6448745727539,24.470966339111328,0.004348799008236361,0.0,-51.37001874156735,24.541289649339756,0.0027790104050888476,4.425000000000005,0,[]
747,37.35,-64.6448745727539,24.470966339111328,0.0027785266797730837,0.0,0.0,0.0,1.0,PlanStatus.FAIL,20,0.1811898191103693,-0.033437845705728365,False,,0.32065361153082345,0.03607389449163737,0.6548757141880736,0.0,4.5,False,7.182700093835592,20,0.1811898191103693,-0.033437845705728365,0.1,60,-64.6448745727539,24.470966339111328,0.004348799008236361,0.0,-51.37001874156735,24.541289649339756,0.0027790104050888476,4.425000000000005,0,[]
748,37.4,-64.6448745727539,24.470966339111328,0.0027785266797730837,0.0,0.0,0.0,1.0,PlanStatus.FAIL,20,0.1811898191103693,-0.033437845705728365,False,,0.32065361153082345,0.03607389449163737,0.6548757141880736,0.0,4.5,False,7.310100132599473,20,0.1811898191103693,-0.033437845705728365,0.1,60,-64.6448745727539,24.470966339111328,0.004348799008236361,0.0,-51.37001874156735,24.541289649339756,0.0027790104050888476,4.425000000000005,0,[]
749,37.45,-64.6448745727539,24.470966339111328,0.0027785266797730837,0.0,0.0,0.0,1.0,PlanStatus.FAIL,20,0.1811898191103693,-0.033437845705728365,False,,0.32065361153082345,0.03607389449163737,0.6548757141880736,0.0,4.5,False,7.308200001716614,20,0.1811898191103693,-0.033437845705728365,0.1,60,-64.6448745727539,24.470966339111328,0.004348799008236361,0.0,-51.37001874156735,24.541289649339756,0.0027790104050888476,4.425000000000005,0,[]
750,37.5,-64.6448745727539,24.470966339111328,0.0027785266797730837,0.0,0.0,0.0,1.0,PlanStatus.FAIL,20,0.1811898191103693,-0.033437845705728365,False,,0.32065361153082345,0.03607389449163737,0.6548757141880736,0.0,4.5,False,7.667899830266833,20,0.1811898191103693,-0.033437845705728365,0.1,60,-64.6448745727539,24.470966339111328,0.004348799008236361,0.0,-51.37001874156735,24.541289649339756,0.0027790104050888476,4.425000000000005,0,[]
751,37.550000000000004,-64.6448745727539,24.470966339111328,0.0027785266797730837,0.0,0.0,0.0,1.0,PlanStatus.FAIL,20,0.1811898191103693,-0.033437845705728365,False,,0.32065361153082345,0.03607389449163737,0.6548757141880736,0.0,4.5,False,7.449999917298555,20,0.1811898191103693,-0.033437845705728365,0.1,60,-64.6448745727539,24.470966339111328,0.004348799008236361,0.0,-51.37001874156735,24.541289649339756,0.0027790104050888476,4.425000000000005,0,[]
752,37.6,-64.6448745727539,24.470966339111328,0.0027785266797730837,0.0,0.0,0.0,1.0,PlanStatus.FAIL,20,0.1811898191103693,-0.033437845705728365,False,,0.32065361153082345,0.03607389449163737,0.6548757141880736,0.0,4.5,False,7.301799952983856,20,0.1811898191103693,-0.033437845705728365,0.1,60,-64.6448745727539,24.470966339111328,0.004348799008236361,0.0,-51.37001874156735,24.541289649339756,0.0027790104050888476,4.425000000000005,0,[]
753,37.65,-64.6448745727539,24.470966339111328,0.0027785266797730837,0.0,0.0,0.0,1.0,PlanStatus.FAIL,20,0.1811898191103693,-0.033437845705728365,False,,0.32065361153082345,0.03607389449163737,0.6548757141880736,0.0,4.5,False,8.748800028115511,20,0.1811898191103693,-0.033437845705728365,0.1,60,-64.6448745727539,24.470966339111328,0.004348799008236361,0.0,-51.37001874156735,24.541289649339756,0.0027790104050888476,4.425000000000005,0,[]
754,37.7,-64.6448745727539,24.470966339111328,0.0027785266797730837,0.0,0.0,0.0,1.0,PlanStatus.FAIL,20,0.1811898191103693,-0.033437845705728365,False,,0.32065361153082345,0.03607389449163737,0.6548757141880736,0.0,4.5,False,8.83179996162653,20,0.1811898191103693,-0.033437845705728365,0.1,60,-64.6448745727539,24.470966339111328,0.004348799008236361,0.0,-51.37001874156735,24.541289649339756,0.0027790104050888476,4.425000000000005,0,[]
755,37.75,-64.6448745727539,24.470966339111328,0.0027785266797730837,0.0,0.0,0.0,1.0,PlanStatus.FAIL,20,0.1811898191103693,-0.033437845705728365,False,,0.32065361153082345,0.03607389449163737,0.6548757141880736,0.0,4.5,False,8.142600068822503,20,0.1811898191103693,-0.033437845705728365,0.1,60,-64.6448745727539,24.470966339111328,0.004348799008236361,0.0,-51.37001874156735,24.541289649339756,0.0027790104050888476,4.425000000000005,0,[]
756,37.800000000000004,-64.6448745727539,24.470966339111328,0.0027785266797730837,0.0,0.0,0.0,1.0,PlanStatus.FAIL,20,0.1811898191103693,-0.033437845705728365,False,,0.32065361153082345,0.03607389449163737,0.6548757141880736,0.0,4.5,False,7.859499892219901,20,0.1811898191103693,-0.033437845705728365,0.1,60,-64.6448745727539,24.470966339111328,0.004348799008236361,0.0,-51.37001874156735,24.541289649339756,0.0027790104050888476,4.425000000000005,0,[]
757,37.85,-64.6448745727539,24.470966339111328,0.0027785266797730837,0.0,0.0,0.0,1.0,PlanStatus.FAIL,20,0.1811898191103693,-0.033437845705728365,False,,0.32065361153082345,0.03607389449163737,0.6548757141880736,0.0,4.5,False,7.877800147980452,20,0.1811898191103693,-0.033437845705728365,0.1,60,-64.6448745727539,24.470966339111328,0.004348799008236361,0.0,-51.37001874156735,24.541289649339756,0.0027790104050888476,4.425000000000005,0,[]
758,37.9,-64.6448745727539,24.470966339111328,0.0027785266797730837,0.0,0.0,0.0,1.0,PlanStatus.FAIL,20,0.1811898191103693,-0.033437845705728365,False,,0.32065361153082345,0.03607389449163737,0.6548757141880736,0.0,4.5,False,7.962499978020787,20,0.1811898191103693,-0.033437845705728365,0.1,60,-64.6448745727539,24.470966339111328,0.004348799008236361,0.0,-51.37001874156735,24.541289649339756,0.0027790104050888476,4.425000000000005,0,[]
759,37.95,-64.6448745727539,24.470966339111328,0.0027785266797730837,0.0,0.0,0.0,1.0,PlanStatus.FAIL,20,0.1811898191103693,-0.033437845705728365,False,,0.32065361153082345,0.03607389449163737,0.6548757141880736,0.0,4.5,False,7.976500084623694,20,0.1811898191103693,-0.033437845705728365,0.1,60,-64.6448745727539,24.470966339111328,0.004348799008236361,0.0,-51.37001874156735,24.541289649339756,0.0027790104050888476,4.425000000000005,0,[]
760,38.0,-64.6448745727539,24.470966339111328,0.0027785266797730837,0.0,0.0,0.0,1.0,PlanStatus.FAIL,20,0.1811898191103693,-0.033437845705728365,False,,0.32065361153082345,0.03607389449163737,0.6548757141880736,0.0,4.5,False,7.652200059965253,20,0.1811898191103693,-0.033437845705728365,0.1,60,-64.6448745727539,24.470966339111328,0.004348799008236361,0.0,-51.37001874156735,24.541289649339756,0.0027790104050888476,4.425000000000005,0,[]
761,38.050000000000004,-64.6448745727539,24.470966339111328,0.0027785266797730837,0.0,0.0,0.0,1.0,PlanStatus.FAIL,20,0.1811898191103693,-0.033437845705728365,False,,0.32065361153082345,0.03607389449163737,0.6548757141880736,0.0,4.5,False,8.03459994494915,20,0.1811898191103693,-0.033437845705728365,0.1,60,-64.6448745727539,24.470966339111328,0.004348799008236361,0.0,-51.37001874156735,24.541289649339756,0.0027790104050888476,4.425000000000005,0,[]
762,38.1,-64.6448745727539,24.470966339111328,0.0027785266797730837,0.0,0.0,0.0,1.0,PlanStatus.FAIL,20,0.1811898191103693,-0.033437845705728365,False,,0.32065361153082345,0.03607389449163737,0.6548757141880736,0.0,4.5,False,8.828700054436922,20,0.1811898191103693,-0.033437845705728365,0.1,60,-64.6448745727539,24.470966339111328,0.004348799008236361,0.0,-51.37001874156735,24.541289649339756,0.0027790104050888476,4.425000000000005,0,[]
763,38.15,-64.6448745727539,24.470966339111328,0.0027785266797730837,0.0,0.0,0.0,1.0,PlanStatus.FAIL,20,0.1811898191103693,-0.033437845705728365,False,,0.32065361153082345,0.03607389449163737,0.6548757141880736,0.0,4.5,False,11.98749989271164,20,0.1811898191103693,-0.033437845705728365,0.1,60,-64.6448745727539,24.470966339111328,0.004348799008236361,0.0,-51.37001874156735,24.541289649339756,0.0027790104050888476,4.425000000000005,0,[]
764,38.2,-64.6448745727539,24.470966339111328,0.0027785266797730837,0.0,0.0,0.0,1.0,PlanStatus.FAIL,20,0.1811898191103693,-0.033437845705728365,False,,0.32065361153082345,0.03607389449163737,0.6548757141880736,0.0,4.5,False,9.020899888128042,20,0.1811898191103693,-0.033437845705728365,0.1,60,-64.6448745727539,24.470966339111328,0.004348799008236361,0.0,-51.37001874156735,24.541289649339756,0.0027790104050888476,4.425000000000005,0,[]
765,38.25,-64.6448745727539,24.470966339111328,0.0027785266797730837,0.0,0.0,0.0,1.0,PlanStatus.FAIL,20,0.1811898191103693,-0.033437845705728365,False,,0.32065361153082345,0.03607389449163737,0.6548757141880736,0.0,4.5,False,9.83950006775558,20,0.1811898191103693,-0.033437845705728365,0.1,60,-64.6448745727539,24.470966339111328,0.004348799008236361,0.0,-51.37001874156735,24.541289649339756,0.0027790104050888476,4.425000000000005,0,[]
766,38.300000000000004,-64.6448745727539,24.470966339111328,0.0027785266797730837,0.0,0.0,0.0,1.0,PlanStatus.FAIL,20,0.1811898191103693,-0.033437845705728365,False,,0.32065361153082345,0.03607389449163737,0.6548757141880736,0.0,4.5,False,9.152800077572465,20,0.1811898191103693,-0.033437845705728365,0.1,60,-64.6448745727539,24.470966339111328,0.004348799008236361,0.0,-51.37001874156735,24.541289649339756,0.0027790104050888476,4.425000000000005,0,[]
767,38.35,-64.6448745727539,24.470966339111328,0.0027785266797730837,0.0,0.0,0.0,1.0,PlanStatus.FAIL,20,0.1811898191103693,-0.033437845705728365,False,,0.32065361153082345,0.03607389449163737,0.6548757141880736,0.0,4.5,False,9.130199905484915,20,0.1811898191103693,-0.033437845705728365,0.1,60,-64.6448745727539,24.470966339111328,0.004348799008236361,0.0,-51.37001874156735,24.541289649339756,0.0027790104050888476,4.425000000000005,0,[]
768,38.400000000000006,-64.6448745727539,24.470966339111328,0.0027785266797730837,0.0,0.0,0.0,1.0,PlanStatus.FAIL,20,0.1811898191103693,-0.033437845705728365,False,,0.32065361153082345,0.03607389449163737,0.6548757141880736,0.0,4.5,False,9.126099990680814,20,0.1811898191103693,-0.033437845705728365,0.1,60,-64.6448745727539,24.470966339111328,0.004348799008236361,0.0,-51.37001874156735,24.541289649339756,0.0027790104050888476,4.425000000000005,0,[]
769,38.45,-64.6448745727539,24.470966339111328,0.0027785266797730837,0.0,0.0,0.0,1.0,PlanStatus.FAIL,20,0.1811898191103693,-0.033437845705728365,False,,0.32065361153082345,0.03607389449163737,0.6548757141880736,0.0,4.5,False,11.447499971836805,20,0.1811898191103693,-0.033437845705728365,0.1,60,-64.6448745727539,24.470966339111328,0.004348799008236361,0.0,-51.37001874156735,24.541289649339756,0.0027790104050888476,4.425000000000005,0,[]
770,38.5,-64.6448745727539,24.470966339111328,0.0027785266797730837,0.0,0.0,0.0,1.0,PlanStatus.FAIL,20,0.1811898191103693,-0.033437845705728365,False,,0.32065361153082345,0.03607389449163737,0.6548757141880736,0.0,4.5,False,10.853099869564176,20,0.1811898191103693,-0.033437845705728365,0.1,60,-64.6448745727539,24.470966339111328,0.004348799008236361,0.0,-51.37001874156735,24.541289649339756,0.0027790104050888476,4.425000000000005,0,[]
771,38.550000000000004,-64.6448745727539,24.470966339111328,0.0027785266797730837,0.0,0.0,0.0,1.0,PlanStatus.FAIL,20,0.1811898191103693,-0.033437845705728365,False,,0.32065361153082345,0.03607389449163737,0.6548757141880736,0.0,4.5,False,11.568499961867929,20,0.1811898191103693,-0.033437845705728365,0.1,60,-64.6448745727539,24.470966339111328,0.004348799008236361,0.0,-51.37001874156735,24.541289649339756,0.0027790104050888476,4.425000000000005,0,[]
772,38.6,-64.6448745727539,24.470966339111328,0.0027785266797730837,0.0,0.0,0.0,1.0,PlanStatus.FAIL,20,0.1811898191103693,-0.033437845705728365,False,,0.32065361153082345,0.03607389449163737,0.6548757141880736,0.0,4.5,False,10.743699967861176,20,0.1811898191103693,-0.033437845705728365,0.1,60,-64.6448745727539,24.470966339111328,0.004348799008236361,0.0,-51.37001874156735,24.541289649339756,0.0027790104050888476,4.425000000000005,0,[]
773,38.650000000000006,-64.6448745727539,24.470966339111328,0.0027785266797730837,0.0,0.0,0.0,1.0,PlanStatus.FAIL,20,0.1811898191103693,-0.033437845705728365,False,,0.32065361153082345,0.03607389449163737,0.6548757141880736,0.0,4.5,False,10.820999974384904,20,0.1811898191103693,-0.033437845705728365,0.1,60,-64.6448745727539,24.470966339111328,0.004348799008236361,0.0,-51.37001874156735,24.541289649339756,0.0027790104050888476,4.425000000000005,0,[]
774,38.7,-64.6448745727539,24.470966339111328,0.0027785266797730837,0.0,0.0,0.0,1.0,PlanStatus.FAIL,20,0.1811898191103693,-0.033437845705728365,False,,0.32065361153082345,0.03607389449163737,0.6548757141880736,0.0,4.5,False,11.654800036922097,20,0.1811898191103693,-0.033437845705728365,0.1,60,-64.6448745727539,24.470966339111328,0.004348799008236361,0.0,-51.37001874156735,24.541289649339756,0.0027790104050888476,4.425000000000005,0,[]
775,38.75,-64.6448745727539,24.470966339111328,0.0027785266797730837,0.0,0.0,0.0,1.0,PlanStatus.FAIL,20,0.1811898191103693,-0.033437845705728365,False,,0.32065361153082345,0.03607389449163737,0.6548757141880736,0.0,4.5,False,9.691599989309907,20,0.1811898191103693,-0.033437845705728365,0.1,60,-64.6448745727539,24.470966339111328,0.004348799008236361,0.0,-51.37001874156735,24.541289649339756,0.0027790104050888476,4.425000000000005,0,[]
776,38.800000000000004,-64.6448745727539,24.470966339111328,0.0027785266797730837,0.0,0.0,0.0,1.0,PlanStatus.FAIL,20,0.1811898191103693,-0.033437845705728365,False,,0.32065361153082345,0.03607389449163737,0.6548757141880736,0.0,4.5,False,9.999899892136455,20,0.1811898191103693,-0.033437845705728365,0.1,60,-64.6448745727539,24.470966339111328,0.004348799008236361,0.0,-51.37001874156735,24.541289649339756,0.0027790104050888476,4.425000000000005,0,[]
777,38.85,-64.6448745727539,24.470966339111328,0.0027785266797730837,0.0,0.0,0.0,1.0,PlanStatus.FAIL,20,0.1811898191103693,-0.033437845705728365,False,,0.32065361153082345,0.03607389449163737,0.6548757141880736,0.0,4.5,False,9.536399971693754,20,0.1811898191103693,-0.033437845705728365,0.1,60,-64.6448745727539,24.470966339111328,0.004348799008236361,0.0,-51.37001874156735,24.541289649339756,0.0027790104050888476,4.425000000000005,0,[]
778,38.900000000000006,-64.6448745727539,24.470966339111328,0.0027785266797730837,0.0,0.0,0.0,1.0,PlanStatus.FAIL,20,0.1811898191103693,-0.033437845705728365,False,,0.32065361153082345,0.03607389449163737,0.6548757141880736,0.0,4.5,False,9.372100001201034,20,0.1811898191103693,-0.033437845705728365,0.1,60,-64.6448745727539,24.470966339111328,0.004348799008236361,0.0,-51.37001874156735,24.541289649339756,0.0027790104050888476,4.425000000000005,0,[]
779,38.95,-64.6448745727539,24.470966339111328,0.0027785266797730837,0.0,0.0,0.0,1.0,PlanStatus.FAIL,20,0.1811898191103693,-0.033437845705728365,False,,0.32065361153082345,0.03607389449163737,0.6548757141880736,0.0,4.5,False,9.187099989503622,20,0.1811898191103693,-0.033437845705728365,0.1,60,-64.6448745727539,24.470966339111328,0.004348799008236361,0.0,-51.37001874156735,24.541289649339756,0.0027790104050888476,4.425000000000005,0,[]
780,39.0,-64.6448745727539,24.470966339111328,0.0027785266797730837,0.0,0.0,0.0,1.0,PlanStatus.FAIL,20,0.1811898191103693,-0.033437845705728365,False,,0.32065361153082345,0.03607389449163737,0.6548757141880736,0.0,4.5,False,7.953100139275193,20,0.1811898191103693,-0.033437845705728365,0.1,60,-64.6448745727539,24.470966339111328,0.004348799008236361,0.0,-51.37001874156735,24.541289649339756,0.0027790104050888476,4.425000000000005,0,[]
781,39.050000000000004,-64.6448745727539,24.470966339111328,0.0027785266797730837,0.0,0.0,0.0,1.0,PlanStatus.FAIL,20,0.1811898191103693,-0.033437845705728365,False,,0.32065361153082345,0.03607389449163737,0.6548757141880736,0.0,4.5,False,7.804099936038256,20,0.1811898191103693,-0.033437845705728365,0.1,60,-64.6448745727539,24.470966339111328,0.004348799008236361,0.0,-51.37001874156735,24.541289649339756,0.0027790104050888476,4.425000000000005,0,[]
782,39.1,-64.6448745727539,24.470966339111328,0.0027785266797730837,0.0,0.0,0.0,1.0,PlanStatus.FAIL,20,0.1811898191103693,-0.033437845705728365,False,,0.32065361153082345,0.03607389449163737,0.6548757141880736,0.0,4.5,False,7.831700146198273,20,0.1811898191103693,-0.033437845705728365,0.1,60,-64.6448745727539,24.470966339111328,0.004348799008236361,0.0,-51.37001874156735,24.541289649339756,0.0027790104050888476,4.425000000000005,0,[]
783,39.150000000000006,-64.6448745727539,24.470966339111328,0.0027785266797730837,0.0,0.0,0.0,1.0,PlanStatus.FAIL,20,0.1811898191103693,-0.033437845705728365,False,,0.32065361153082345,0.03607389449163737,0.6548757141880736,0.0,4.5,False,10.35510003566742,20,0.1811898191103693,-0.033437845705728365,0.1,60,-64.6448745727539,24.470966339111328,0.004348799008236361,0.0,-51.37001874156735,24.541289649339756,0.0027790104050888476,4.425000000000005,0,[]
784,39.2,-64.6448745727539,24.470966339111328,0.0027785266797730837,0.0,0.0,0.0,1.0,PlanStatus.FAIL,20,0.1811898191103693,-0.033437845705728365,False,,0.32065361153082345,0.03607389449163737,0.6548757141880736,0.0,4.5,False,8.666899986565113,20,0.1811898191103693,-0.033437845705728365,0.1,60,-64.6448745727539,24.470966339111328,0.004348799008236361,0.0,-51.37001874156735,24.541289649339756,0.0027790104050888476,4.425000000000005,0,[]
785,39.25,-64.6448745727539,24.470966339111328,0.0027785266797730837,0.0,0.0,0.0,1.0,PlanStatus.FAIL,20,0.1811898191103693,-0.033437845705728365,False,,0.32065361153082345,0.03607389449163737,0.6548757141880736,0.0,4.5,False,7.797400001436472,20,0.1811898191103693,-0.033437845705728365,0.1,60,-64.6448745727539,24.470966339111328,0.004348799008236361,0.0,-51.37001874156735,24.541289649339756,0.0027790104050888476,4.425000000000005,0,[]
786,39.300000000000004,-64.6448745727539,24.470966339111328,0.0027785266797730837,0.0,0.0,0.0,1.0,PlanStatus.FAIL,20,0.1811898191103693,-0.033437845705728365,False,,0.32065361153082345,0.03607389449163737,0.6548757141880736,0.0,4.5,False,7.950899889692664,20,0.1811898191103693,-0.033437845705728365,0.1,60,-64.6448745727539,24.470966339111328,0.004348799008236361,0.0,-51.37001874156735,24.541289649339756,0.0027790104050888476,4.425000000000005,0,[]
787,39.35,-64.6448745727539,24.470966339111328,0.0027785266797730837,0.0,0.0,0.0,1.0,PlanStatus.FAIL,20,0.1811898191103693,-0.033437845705728365,False,,0.32065361153082345,0.03607389449163737,0.6548757141880736,0.0,4.5,False,7.666599936783314,20,0.1811898191103693,-0.033437845705728365,0.1,60,-64.6448745727539,24.470966339111328,0.004348799008236361,0.0,-51.37001874156735,24.541289649339756,0.0027790104050888476,4.425000000000005,0,[]
788,39.400000000000006,-64.6448745727539,24.470966339111328,0.0027785266797730837,0.0,0.0,0.0,1.0,PlanStatus.FAIL,20,0.1811898191103693,-0.033437845705728365,False,,0.32065361153082345,0.03607389449163737,0.6548757141880736,0.0,4.5,False,7.500400068238378,20,0.1811898191103693,-0.033437845705728365,0.1,60,-64.6448745727539,24.470966339111328,0.004348799008236361,0.0,-51.37001874156735,24.541289649339756,0.0027790104050888476,4.425000000000005,0,[]
789,39.45,-64.6448745727539,24.470966339111328,0.0027785266797730837,0.0,0.0,0.0,1.0,PlanStatus.FAIL,20,0.1811898191103693,-0.033437845705728365,False,,0.32065361153082345,0.03607389449163737,0.6548757141880736,0.0,4.5,False,8.780800038948655,20,0.1811898191103693,-0.033437845705728365,0.1,60,-64.6448745727539,24.470966339111328,0.004348799008236361,0.0,-51.37001874156735,24.541289649339756,0.0027790104050888476,4.425000000000005,0,[]
790,39.5,-64.6448745727539,24.470966339111328,0.0027785266797730837,0.0,0.0,0.0,1.0,PlanStatus.FAIL,20,0.1811898191103693,-0.033437845705728365,False,,0.32065361153082345,0.03607389449163737,0.6548757141880736,0.0,4.5,False,7.811099989339709,20,0.1811898191103693,-0.033437845705728365,0.1,60,-64.6448745727539,24.470966339111328,0.004348799008236361,0.0,-51.37001874156735,24.541289649339756,0.0027790104050888476,4.425000000000005,0,[]
791,39.550000000000004,-64.6448745727539,24.470966339111328,0.0027785266797730837,0.0,0.0,0.0,1.0,PlanStatus.FAIL,20,0.1811898191103693,-0.033437845705728365,False,,0.32065361153082345,0.03607389449163737,0.6548757141880736,0.0,4.5,False,8.463700069114566,20,0.1811898191103693,-0.033437845705728365,0.1,60,-64.6448745727539,24.470966339111328,0.004348799008236361,0.0,-51.37001874156735,24.541289649339756,0.0027790104050888476,4.425000000000005,0,[]
792,39.6,-64.6448745727539,24.470966339111328,0.0027785266797730837,0.0,0.0,0.0,1.0,PlanStatus.FAIL,20,0.1811898191103693,-0.033437845705728365,False,,0.32065361153082345,0.03607389449163737,0.6548757141880736,0.0,4.5,False,7.51790008507669,20,0.1811898191103693,-0.033437845705728365,0.1,60,-64.6448745727539,24.470966339111328,0.004348799008236361,0.0,-51.37001874156735,24.541289649339756,0.0027790104050888476,4.425000000000005,0,[]
793,39.650000000000006,-64.6448745727539,24.470966339111328,0.0027785266797730837,0.0,0.0,0.0,1.0,PlanStatus.FAIL,20,0.1811898191103693,-0.033437845705728365,False,,0.32065361153082345,0.03607389449163737,0.6548757141880736,0.0,4.5,False,7.514699827879667,20,0.1811898191103693,-0.033437845705728365,0.1,60,-64.6448745727539,24.470966339111328,0.004348799008236361,0.0,-51.37001874156735,24.541289649339756,0.0027790104050888476,4.425000000000005,0,[]
794,39.7,-64.6448745727539,24.470966339111328,0.0027785266797730837,0.0,0.0,0.0,1.0,PlanStatus.FAIL,20,0.1811898191103693,-0.033437845705728365,False,,0.32065361153082345,0.03607389449163737,0.6548757141880736,0.0,4.5,False,8.760099997743964,20,0.1811898191103693,-0.033437845705728365,0.1,60,-64.6448745727539,24.470966339111328,0.004348799008236361,0.0,-51.37001874156735,24.541289649339756,0.0027790104050888476,4.425000000000005,0,[]
795,39.75,-64.6448745727539,24.470966339111328,0.0027785266797730837,0.0,0.0,0.0,1.0,PlanStatus.FAIL,20,0.1811898191103693,-0.033437845705728365,False,,0.32065361153082345,0.03607389449163737,0.6548757141880736,0.0,4.5,False,7.570500019937754,20,0.1811898191103693,-0.033437845705728365,0.1,60,-64.6448745727539,24.470966339111328,0.004348799008236361,0.0,-51.37001874156735,24.541289649339756,0.0027790104050888476,4.425000000000005,0,[]
796,39.800000000000004,-64.6448745727539,24.470966339111328,0.0027785266797730837,0.0,0.0,0.0,1.0,PlanStatus.FAIL,20,0.1811898191103693,-0.033437845705728365,False,,0.32065361153082345,0.03607389449163737,0.6548757141880736,0.0,4.5,False,7.696000160649419,20,0.1811898191103693,-0.033437845705728365,0.1,60,-64.6448745727539,24.470966339111328,0.004348799008236361,0.0,-51.37001874156735,24.541289649339756,0.0027790104050888476,4.425000000000005,0,[]
797,39.85,-64.6448745727539,24.470966339111328,0.0027785266797730837,0.0,0.0,0.0,1.0,PlanStatus.FAIL,20,0.1811898191103693,-0.033437845705728365,False,,0.32065361153082345,0.03607389449163737,0.6548757141880736,0.0,4.5,False,7.865100167691708,20,0.1811898191103693,-0.033437845705728365,0.1,60,-64.6448745727539,24.470966339111328,0.004348799008236361,0.0,-51.37001874156735,24.541289649339756,0.0027790104050888476,4.425000000000005,0,[]
798,39.900000000000006,-64.6448745727539,24.470966339111328,0.0027785266797730837,0.0,0.0,0.0,1.0,PlanStatus.FAIL,20,0.1811898191103693,-0.033437845705728365,False,,0.32065361153082345,0.03607389449163737,0.6548757141880736,0.0,4.5,False,7.948700105771422,20,0.1811898191103693,-0.033437845705728365,0.1,60,-64.6448745727539,24.470966339111328,0.004348799008236361,0.0,-51.37001874156735,24.541289649339756,0.0027790104050888476,4.425000000000005,0,[]
799,39.95,-64.6448745727539,24.470966339111328,0.0027785266797730837,0.0,0.0,0.0,1.0,PlanStatus.FAIL,20,0.1811898191103693,-0.033437845705728365,False,,0.32065361153082345,0.03607389449163737,0.6548757141880736,0.0,4.5,False,8.583000162616372,20,0.1811898191103693,-0.033437845705728365,0.1,60,-64.6448745727539,24.470966339111328,0.004348799008236361,0.0,-51.37001874156735,24.541289649339756,0.0027790104050888476,4.425000000000005,0,[]
800,40.0,-64.6448745727539,24.470966339111328,0.0027785266797730837,0.0,0.0,0.0,1.0,PlanStatus.FAIL,20,0.1811898191103693,-0.033437845705728365,False,,0.32065361153082345,0.03607389449163737,0.6548757141880736,0.0,4.5,False,9.938099887222052,20,0.1811898191103693,-0.033437845705728365,0.1,60,-64.6448745727539,24.470966339111328,0.004348799008236361,0.0,-51.37001874156735,24.541289649339756,0.0027790104050888476,4.425000000000005,0,[]
801,40.050000000000004,-64.6448745727539,24.470966339111328,0.0027785266797730837,0.0,0.0,0.0,1.0,PlanStatus.FAIL,20,0.1811898191103693,-0.033437845705728365,False,,0.32065361153082345,0.03607389449163737,0.6548757141880736,0.0,4.5,False,8.925799978896976,20,0.1811898191103693,-0.033437845705728365,0.1,60,-64.6448745727539,24.470966339111328,0.004348799008236361,0.0,-51.37001874156735,24.541289649339756,0.0027790104050888476,4.425000000000005,0,[]
802,40.1,-64.6448745727539,24.470966339111328,0.0027785266797730837,0.0,0.0,0.0,1.0,PlanStatus.FAIL,20,0.1811898191103693,-0.033437845705728365,False,,0.32065361153082345,0.03607389449163737,0.6548757141880736,0.0,4.5,False,7.489899871870875,20,0.1811898191103693,-0.033437845705728365,0.1,60,-64.6448745727539,24.470966339111328,0.004348799008236361,0.0,-51.37001874156735,24.541289649339756,0.0027790104050888476,4.425000000000005,0,[]
803,40.150000000000006,-64.6448745727539,24.470966339111328,0.0027785266797730837,0.0,0.0,0.0,1.0,PlanStatus.FAIL,20,0.1811898191103693,-0.033437845705728365,False,,0.32065361153082345,0.03607389449163737,0.6548757141880736,0.0,4.5,False,9.567100089043379,20,0.1811898191103693,-0.033437845705728365,0.1,60,-64.6448745727539,24.470966339111328,0.004348799008236361,0.0,-51.37001874156735,24.541289649339756,0.0027790104050888476,4.425000000000005,0,[]
804,40.2,-64.6448745727539,24.470966339111328,0.0027785266797730837,0.0,0.0,0.0,1.0,PlanStatus.FAIL,20,0.1811898191103693,-0.033437845705728365,False,,0.32065361153082345,0.03607389449163737,0.6548757141880736,0.0,4.5,False,7.42320017889142,20,0.1811898191103693,-0.033437845705728365,0.1,60,-64.6448745727539,24.470966339111328,0.004348799008236361,0.0,-51.37001874156735,24.541289649339756,0.0027790104050888476,4.425000000000005,0,[]
805,40.25,-64.6448745727539,24.470966339111328,0.0027785266797730837,0.0,0.0,0.0,1.0,PlanStatus.FAIL,20,0.1811898191103693,-0.033437845705728365,False,,0.32065361153082345,0.03607389449163737,0.6548757141880736,0.0,4.5,False,9.945900179445744,20,0.1811898191103693,-0.033437845705728365,0.1,60,-64.6448745727539,24.470966339111328,0.004348799008236361,0.0,-51.37001874156735,24.541289649339756,0.0027790104050888476,4.425000000000005,0,[]
806,40.300000000000004,-64.6448745727539,24.470966339111328,0.0027785266797730837,0.0,0.0,0.0,1.0,PlanStatus.FAIL,20,0.1811898191103693,-0.033437845705728365,False,,0.32065361153082345,0.03607389449163737,0.6548757141880736,0.0,4.5,False,8.851200109347701,20,0.1811898191103693,-0.033437845705728365,0.1,60,-64.6448745727539,24.470966339111328,0.004348799008236361,0.0,-51.37001874156735,24.541289649339756,0.0027790104050888476,4.425000000000005,0,[]
807,40.35,-64.6448745727539,24.470966339111328,0.0027785266797730837,0.0,0.0,0.0,1.0,PlanStatus.FAIL,20,0.1811898191103693,-0.033437845705728365,False,,0.32065361153082345,0.03607389449163737,0.6548757141880736,0.0,4.5,False,7.611700100824237,20,0.1811898191103693,-0.033437845705728365,0.1,60,-64.6448745727539,24.470966339111328,0.004348799008236361,0.0,-51.37001874156735,24.541289649339756,0.0027790104050888476,4.425000000000005,0,[]
808,40.400000000000006,-64.6448745727539,24.470966339111328,0.0027785266797730837,0.0,0.0,0.0,1.0,PlanStatus.FAIL,20,0.1811898191103693,-0.033437845705728365,False,,0.32065361153082345,0.03607389449163737,0.6548757141880736,0.0,4.5,False,7.779299980029464,20,0.1811898191103693,-0.033437845705728365,0.1,60,-64.6448745727539,24.470966339111328,0.004348799008236361,0.0,-51.37001874156735,24.541289649339756,0.0027790104050888476,4.425000000000005,0,[]
809,40.45,-64.6448745727539,24.470966339111328,0.0027785266797730837,0.0,0.0,0.0,1.0,PlanStatus.FAIL,20,0.1811898191103693,-0.033437845705728365,False,,0.32065361153082345,0.03607389449163737,0.6548757141880736,0.0,4.5,False,7.53120006993413,20,0.1811898191103693,-0.033437845705728365,0.1,60,-64.6448745727539,24.470966339111328,0.004348799008236361,0.0,-51.37001874156735,24.541289649339756,0.0027790104050888476,4.425000000000005,0,[]
810,40.5,-64.6448745727539,24.470966339111328,0.0027785266797730837,0.0,0.0,0.0,1.0,PlanStatus.FAIL,20,0.1811898191103693,-0.033437845705728365,False,,0.32065361153082345,0.03607389449163737,0.6548757141880736,0.0,4.5,False,7.690200116485357,20,0.1811898191103693,-0.033437845705728365,0.1,60,-64.6448745727539,24.470966339111328,0.004348799008236361,0.0,-51.37001874156735,24.541289649339756,0.0027790104050888476,4.425000000000005,0,[]
811,40.550000000000004,-64.6448745727539,24.470966339111328,0.0027785266797730837,0.0,0.0,0.0,1.0,PlanStatus.FAIL,20,0.1811898191103693,-0.033437845705728365,False,,0.32065361153082345,0.03607389449163737,0.6548757141880736,0.0,4.5,False,7.786500034853816,20,0.1811898191103693,-0.033437845705728365,0.1,60,-64.6448745727539,24.470966339111328,0.004348799008236361,0.0,-51.37001874156735,24.541289649339756,0.0027790104050888476,4.425000000000005,0,[]
812,40.6,-64.6448745727539,24.470966339111328,0.0027785266797730837,0.0,0.0,0.0,1.0,PlanStatus.FAIL,20,0.1811898191103693,-0.033437845705728365,False,,0.32065361153082345,0.03607389449163737,0.6548757141880736,0.0,4.5,False,7.771000033244491,20,0.1811898191103693,-0.033437845705728365,0.1,60,-64.6448745727539,24.470966339111328,0.004348799008236361,0.0,-51.37001874156735,24.541289649339756,0.0027790104050888476,4.425000000000005,0,[]
813,40.650000000000006,-64.6448745727539,24.470966339111328,0.0027785266797730837,0.0,0.0,0.0,1.0,PlanStatus.FAIL,20,0.1811898191103693,-0.033437845705728365,False,,0.32065361153082345,0.03607389449163737,0.6548757141880736,0.0,4.5,False,7.670799968764186,20,0.1811898191103693,-0.033437845705728365,0.1,60,-64.6448745727539,24.470966339111328,0.004348799008236361,0.0,-51.37001874156735,24.541289649339756,0.0027790104050888476,4.425000000000005,0,[]
814,40.7,-64.6448745727539,24.470966339111328,0.0027785266797730837,0.0,0.0,0.0,1.0,PlanStatus.FAIL,20,0.1811898191103693,-0.033437845705728365,False,,0.32065361153082345,0.03607389449163737,0.6548757141880736,0.0,4.5,False,7.98900006338954,20,0.1811898191103693,-0.033437845705728365,0.1,60,-64.6448745727539,24.470966339111328,0.004348799008236361,0.0,-51.37001874156735,24.541289649339756,0.0027790104050888476,4.425000000000005,0,[]
815,40.75,-64.6448745727539,24.470966339111328,0.0027785266797730837,0.0,0.0,0.0,1.0,PlanStatus.FAIL,20,0.1811898191103693,-0.033437845705728365,False,,0.32065361153082345,0.03607389449163737,0.6548757141880736,0.0,4.5,False,7.939500035718083,20,0.1811898191103693,-0.033437845705728365,0.1,60,-64.6448745727539,24.470966339111328,0.004348799008236361,0.0,-51.37001874156735,24.541289649339756,0.0027790104050888476,4.425000000000005,0,[]
816,40.800000000000004,-64.6448745727539,24.470966339111328,0.0027785266797730837,0.0,0.0,0.0,1.0,PlanStatus.FAIL,20,0.1811898191103693,-0.033437845705728365,False,,0.32065361153082345,0.03607389449163737,0.6548757141880736,0.0,4.5,False,7.543699815869331,20,0.1811898191103693,-0.033437845705728365,0.1,60,-64.6448745727539,24.470966339111328,0.004348799008236361,0.0,-51.37001874156735,24.541289649339756,0.0027790104050888476,4.425000000000005,0,[]
817,40.85,-64.6448745727539,24.470966339111328,0.0027785266797730837,0.0,0.0,0.0,1.0,PlanStatus.FAIL,20,0.1811898191103693,-0.033437845705728365,False,,0.32065361153082345,0.03607389449163737,0.6548757141880736,0.0,4.5,False,8.327600080519915,20,0.1811898191103693,-0.033437845705728365,0.1,60,-64.6448745727539,24.470966339111328,0.004348799008236361,0.0,-51.37001874156735,24.541289649339756,0.0027790104050888476,4.425000000000005,0,[]
818,40.900000000000006,-64.6448745727539,24.470966339111328,0.0027785266797730837,0.0,0.0,0.0,1.0,PlanStatus.FAIL,20,0.1811898191103693,-0.033437845705728365,False,,0.32065361153082345,0.03607389449163737,0.6548757141880736,0.0,4.5,False,7.628100225701928,20,0.1811898191103693,-0.033437845705728365,0.1,60,-64.6448745727539,24.470966339111328,0.004348799008236361,0.0,-51.37001874156735,24.541289649339756,0.0027790104050888476,4.425000000000005,0,[]
819,40.95,-64.6448745727539,24.470966339111328,0.0027785266797730837,0.0,0.0,0.0,1.0,PlanStatus.FAIL,20,0.1811898191103693,-0.033437845705728365,False,,0.32065361153082345,0.03607389449163737,0.6548757141880736,0.0,4.5,False,7.869800087064505,20,0.1811898191103693,-0.033437845705728365,0.1,60,-64.6448745727539,24.470966339111328,0.004348799008236361,0.0,-51.37001874156735,24.541289649339756,0.0027790104050888476,4.425000000000005,0,[]
820,41.0,-64.6448745727539,24.470966339111328,0.0027785266797730837,0.0,0.0,0.0,1.0,PlanStatus.FAIL,20,0.1811898191103693,-0.033437845705728365,False,,0.32065361153082345,0.03607389449163737,0.6548757141880736,0.0,4.5,False,7.707399781793356,20,0.1811898191103693,-0.033437845705728365,0.1,60,-64.6448745727539,24.470966339111328,0.004348799008236361,0.0,-51.37001874156735,24.541289649339756,0.0027790104050888476,4.425000000000005,0,[]
821,41.050000000000004,-64.6448745727539,24.470966339111328,0.0027785266797730837,0.0,0.0,0.0,1.0,PlanStatus.FAIL,20,0.1811898191103693,-0.033437845705728365,False,,0.32065361153082345,0.03607389449163737,0.6548757141880736,0.0,4.5,False,8.851299993693829,20,0.1811898191103693,-0.033437845705728365,0.1,60,-64.6448745727539,24.470966339111328,0.004348799008236361,0.0,-51.37001874156735,24.541289649339756,0.0027790104050888476,4.425000000000005,0,[]
822,41.1,-64.6448745727539,24.470966339111328,0.0027785266797730837,0.0,0.0,0.0,1.0,PlanStatus.FAIL,20,0.1811898191103693,-0.033437845705728365,False,,0.32065361153082345,0.03607389449163737,0.6548757141880736,0.0,4.5,False,7.671199971809983,20,0.1811898191103693,-0.033437845705728365,0.1,60,-64.6448745727539,24.470966339111328,0.004348799008236361,0.0,-51.37001874156735,24.541289649339756,0.0027790104050888476,4.425000000000005,0,[]
823,41.150000000000006,-64.6448745727539,24.470966339111328,0.0027785266797730837,0.0,0.0,0.0,1.0,PlanStatus.FAIL,20,0.1811898191103693,-0.033437845705728365,False,,0.32065361153082345,0.03607389449163737,0.6548757141880736,0.0,4.5,False,7.8524998389184475,20,0.1811898191103693,-0.033437845705728365,0.1,60,-64.6448745727539,24.470966339111328,0.004348799008236361,0.0,-51.37001874156735,24.541289649339756,0.0027790104050888476,4.425000000000005,0,[]
824,41.2,-64.6448745727539,24.470966339111328,0.0027785266797730837,0.0,0.0,0.0,1.0,PlanStatus.FAIL,20,0.1811898191103693,-0.033437845705728365,False,,0.32065361153082345,0.03607389449163737,0.6548757141880736,0.0,4.5,False,8.052399847656488,20,0.1811898191103693,-0.033437845705728365,0.1,60,-64.6448745727539,24.470966339111328,0.004348799008236361,0.0,-51.37001874156735,24.541289649339756,0.0027790104050888476,4.425000000000005,0,[]
825,41.25,-64.6448745727539,24.470966339111328,0.0027785266797730837,0.0,0.0,0.0,1.0,PlanStatus.FAIL,20,0.1811898191103693,-0.033437845705728365,False,,0.32065361153082345,0.03607389449163737,0.6548757141880736,0.0,4.5,False,7.693199906498194,20,0.1811898191103693,-0.033437845705728365,0.1,60,-64.6448745727539,24.470966339111328,0.004348799008236361,0.0,-51.37001874156735,24.541289649339756,0.0027790104050888476,4.425000000000005,0,[]
826,41.300000000000004,-64.6448745727539,24.470966339111328,0.0027785266797730837,0.0,0.0,0.0,1.0,PlanStatus.FAIL,20,0.1811898191103693,-0.033437845705728365,False,,0.32065361153082345,0.03607389449163737,0.6548757141880736,0.0,4.5,False,7.6917000114917755,20,0.1811898191103693,-0.033437845705728365,0.1,60,-64.6448745727539,24.470966339111328,0.004348799008236361,0.0,-51.37001874156735,24.541289649339756,0.0027790104050888476,4.425000000000005,0,[]
827,41.35,-64.6448745727539,24.470966339111328,0.0027785266797730837,0.0,0.0,0.0,1.0,PlanStatus.FAIL,20,0.1811898191103693,-0.033437845705728365,False,,0.32065361153082345,0.03607389449163737,0.6548757141880736,0.0,4.5,False,8.473000023514032,20,0.1811898191103693,-0.033437845705728365,0.1,60,-64.6448745727539,24.470966339111328,0.004348799008236361,0.0,-51.37001874156735,24.541289649339756,0.0027790104050888476,4.425000000000005,0,[]
828,41.400000000000006,-64.6448745727539,24.470966339111328,0.0027785266797730837,0.0,0.0,0.0,1.0,PlanStatus.FAIL,20,0.1811898191103693,-0.033437845705728365,False,,0.32065361153082345,0.03607389449163737,0.6548757141880736,0.0,4.5,False,7.560600060969591,20,0.1811898191103693,-0.033437845705728365,0.1,60,-64.6448745727539,24.470966339111328,0.004348799008236361,0.0,-51.37001874156735,24.541289649339756,0.0027790104050888476,4.425000000000005,0,[]
829,41.45,-64.6448745727539,24.470966339111328,0.0027785266797730837,0.0,0.0,0.0,1.0,PlanStatus.FAIL,20,0.1811898191103693,-0.033437845705728365,False,,0.32065361153082345,0.03607389449163737,0.6548757141880736,0.0,4.5,False,7.6524000614881516,20,0.1811898191103693,-0.033437845705728365,0.1,60,-64.6448745727539,24.470966339111328,0.004348799008236361,0.0,-51.37001874156735,24.541289649339756,0.0027790104050888476,4.425000000000005,0,[]
830,41.5,-64.6448745727539,24.470966339111328,0.0027785266797730837,0.0,0.0,0.0,1.0,PlanStatus.FAIL,20,0.1811898191103693,-0.033437845705728365,False,,0.32065361153082345,0.03607389449163737,0.6548757141880736,0.0,4.5,False,7.643700111657381,20,0.1811898191103693,-0.033437845705728365,0.1,60,-64.6448745727539,24.470966339111328,0.004348799008236361,0.0,-51.37001874156735,24.541289649339756,0.0027790104050888476,4.425000000000005,0,[]
831,41.550000000000004,-64.6448745727539,24.470966339111328,0.0027785266797730837,0.0,0.0,0.0,1.0,PlanStatus.FAIL,20,0.1811898191103693,-0.033437845705728365,False,,0.32065361153082345,0.03607389449163737,0.6548757141880736,0.0,4.5,False,8.479100186377764,20,0.1811898191103693,-0.033437845705728365,0.1,60,-64.6448745727539,24.470966339111328,0.004348799008236361,0.0,-51.37001874156735,24.541289649339756,0.0027790104050888476,4.425000000000005,0,[]
832,41.6,-64.6448745727539,24.470966339111328,0.0027785266797730837,0.0,0.0,0.0,1.0,PlanStatus.FAIL,20,0.1811898191103693,-0.033437845705728365,False,,0.32065361153082345,0.03607389449163737,0.6548757141880736,0.0,4.5,False,7.675499888136983,20,0.1811898191103693,-0.033437845705728365,0.1,60,-64.6448745727539,24.470966339111328,0.004348799008236361,0.0,-51.37001874156735,24.541289649339756,0.0027790104050888476,4.425000000000005,0,[]
833,41.650000000000006,-64.6448745727539,24.470966339111328,0.0027785266797730837,0.0,0.0,0.0,1.0,PlanStatus.FAIL,20,0.1811898191103693,-0.033437845705728365,False,,0.32065361153082345,0.03607389449163737,0.6548757141880736,0.0,4.5,False,8.944599889218807,20,0.1811898191103693,-0.033437845705728365,0.1,60,-64.6448745727539,24.470966339111328,0.004348799008236361,0.0,-51.37001874156735,24.541289649339756,0.0027790104050888476,4.425000000000005,0,[]
834,41.7,-64.6448745727539,24.470966339111328,0.0027785266797730837,0.0,0.0,0.0,1.0,PlanStatus.FAIL,20,0.1811898191103693,-0.033437845705728365,False,,0.32065361153082345,0.03607389449163737,0.6548757141880736,0.0,4.5,False,8.357899961993098,20,0.1811898191103693,-0.033437845705728365,0.1,60,-64.6448745727539,24.470966339111328,0.004348799008236361,0.0,-51.37001874156735,24.541289649339756,0.0027790104050888476,4.425000000000005,0,[]
835,41.75,-64.6448745727539,24.470966339111328,0.0027785266797730837,0.0,0.0,0.0,1.0,PlanStatus.FAIL,20,0.1811898191103693,-0.033437845705728365,False,,0.32065361153082345,0.03607389449163737,0.6548757141880736,0.0,4.5,False,8.038900094106793,20,0.1811898191103693,-0.033437845705728365,0.1,60,-64.6448745727539,24.470966339111328,0.004348799008236361,0.0,-51.37001874156735,24.541289649339756,0.0027790104050888476,4.425000000000005,0,[]
836,41.800000000000004,-64.6448745727539,24.470966339111328,0.0027785266797730837,0.0,0.0,0.0,1.0,PlanStatus.FAIL,20,0.1811898191103693,-0.033437845705728365,False,,0.32065361153082345,0.03607389449163737,0.6548757141880736,0.0,4.5,False,7.66750006005168,20,0.1811898191103693,-0.033437845705728365,0.1,60,-64.6448745727539,24.470966339111328,0.004348799008236361,0.0,-51.37001874156735,24.541289649339756,0.0027790104050888476,4.425000000000005,0,[]
837,41.85,-64.6448745727539,24.470966339111328,0.0027785266797730837,0.0,0.0,0.0,1.0,PlanStatus.FAIL,20,0.1811898191103693,-0.033437845705728365,False,,0.32065361153082345,0.03607389449163737,0.6548757141880736,0.0,4.5,False,7.753199897706509,20,0.1811898191103693,-0.033437845705728365,0.1,60,-64.6448745727539,24.470966339111328,0.004348799008236361,0.0,-51.37001874156735,24.541289649339756,0.0027790104050888476,4.425000000000005,0,[]
838,41.900000000000006,-64.6448745727539,24.470966339111328,0.0027785266797730837,0.0,0.0,0.0,1.0,PlanStatus.FAIL,20,0.1811898191103693,-0.033437845705728365,False,,0.32065361153082345,0.03607389449163737,0.6548757141880736,0.0,4.5,False,7.718499982729554,20,0.1811898191103693,-0.033437845705728365,0.1,60,-64.6448745727539,24.470966339111328,0.004348799008236361,0.0,-51.37001874156735,24.541289649339756,0.0027790104050888476,4.425000000000005,0,[]
839,41.95,-64.6448745727539,24.470966339111328,0.0027785266797730837,0.0,0.0,0.0,1.0,PlanStatus.FAIL,20,0.1811898191103693,-0.033437845705728365,False,,0.32065361153082345,0.03607389449163737,0.6548757141880736,0.0,4.5,False,8.827300043776631,20,0.1811898191103693,-0.033437845705728365,0.1,60,-64.6448745727539,24.470966339111328,0.004348799008236361,0.0,-51.37001874156735,24.541289649339756,0.0027790104050888476,4.425000000000005,0,[]
840,42.0,-64.6448745727539,24.470966339111328,0.0027785266797730837,0.0,0.0,0.0,1.0,PlanStatus.FAIL,20,0.1811898191103693,-0.033437845705728365,False,,0.32065361153082345,0.03607389449163737,0.6548757141880736,0.0,4.5,False,7.562499959021807,20,0.1811898191103693,-0.033437845705728365,0.1,60,-64.6448745727539,24.470966339111328,0.004348799008236361,0.0,-51.37001874156735,24.541289649339756,0.0027790104050888476,4.425000000000005,0,[]
841,42.050000000000004,-64.6448745727539,24.470966339111328,0.0027785266797730837,0.0,0.0,0.0,1.0,PlanStatus.FAIL,20,0.1811898191103693,-0.033437845705728365,False,,0.32065361153082345,0.03607389449163737,0.6548757141880736,0.0,4.5,False,7.606899831444025,20,0.1811898191103693,-0.033437845705728365,0.1,60,-64.6448745727539,24.470966339111328,0.004348799008236361,0.0,-51.37001874156735,24.541289649339756,0.0027790104050888476,4.425000000000005,0,[]
842,42.1,-64.6448745727539,24.470966339111328,0.0027785266797730837,0.0,0.0,0.0,1.0,PlanStatus.FAIL,20,0.1811898191103693,-0.033437845705728365,False,,0.32065361153082345,0.03607389449163737,0.6548757141880736,0.0,4.5,False,7.767800008878112,20,0.1811898191103693,-0.033437845705728365,0.1,60,-64.6448745727539,24.470966339111328,0.004348799008236361,0.0,-51.37001874156735,24.541289649339756,0.0027790104050888476,4.425000000000005,0,[]
843,42.150000000000006,-64.6448745727539,24.470966339111328,0.0027785266797730837,0.0,0.0,0.0,1.0,PlanStatus.FAIL,20,0.1811898191103693,-0.033437845705728365,False,,0.32065361153082345,0.03607389449163737,0.6548757141880736,0.0,4.5,False,7.510900031775236,20,0.1811898191103693,-0.033437845705728365,0.1,60,-64.6448745727539,24.470966339111328,0.004348799008236361,0.0,-51.37001874156735,24.541289649339756,0.0027790104050888476,4.425000000000005,0,[]
844,42.2,-64.6448745727539,24.470966339111328,0.0027785266797730837,0.0,0.0,0.0,1.0,PlanStatus.FAIL,20,0.1811898191103693,-0.033437845705728365,False,,0.32065361153082345,0.03607389449163737,0.6548757141880736,0.0,4.5,False,7.697700057178736,20,0.1811898191103693,-0.033437845705728365,0.1,60,-64.6448745727539,24.470966339111328,0.004348799008236361,0.0,-51.37001874156735,24.541289649339756,0.0027790104050888476,4.425000000000005,0,[]
845,42.25,-64.6448745727539,24.470966339111328,0.0027785266797730837,0.0,0.0,0.0,1.0,PlanStatus.FAIL,20,0.1811898191103693,-0.033437845705728365,False,,0.32065361153082345,0.03607389449163737,0.6548757141880736,0.0,4.5,False,7.64960004016757,20,0.1811898191103693,-0.033437845705728365,0.1,60,-64.6448745727539,24.470966339111328,0.004348799008236361,0.0,-51.37001874156735,24.541289649339756,0.0027790104050888476,4.425000000000005,0,[]
846,42.300000000000004,-64.6448745727539,24.470966339111328,0.0027785266797730837,0.0,0.0,0.0,1.0,PlanStatus.FAIL,20,0.1811898191103693,-0.033437845705728365,False,,0.32065361153082345,0.03607389449163737,0.6548757141880736,0.0,4.5,False,9.282500017434359,20,0.1811898191103693,-0.033437845705728365,0.1,60,-64.6448745727539,24.470966339111328,0.004348799008236361,0.0,-51.37001874156735,24.541289649339756,0.0027790104050888476,4.425000000000005,0,[]
847,42.35,-64.6448745727539,24.470966339111328,0.0027785266797730837,0.0,0.0,0.0,1.0,PlanStatus.FAIL,20,0.1811898191103693,-0.033437845705728365,False,,0.32065361153082345,0.03607389449163737,0.6548757141880736,0.0,4.5,False,7.453199941664934,20,0.1811898191103693,-0.033437845705728365,0.1,60,-64.6448745727539,24.470966339111328,0.004348799008236361,0.0,-51.37001874156735,24.541289649339756,0.0027790104050888476,4.425000000000005,0,[]
848,42.400000000000006,-64.6448745727539,24.470966339111328,0.0027785266797730837,0.0,0.0,0.0,1.0,PlanStatus.FAIL,20,0.1811898191103693,-0.033437845705728365,False,,0.32065361153082345,0.03607389449163737,0.6548757141880736,0.0,4.5,False,7.816799916327,20,0.1811898191103693,-0.033437845705728365,0.1,60,-64.6448745727539,24.470966339111328,0.004348799008236361,0.0,-51.37001874156735,24.541289649339756,0.0027790104050888476,4.425000000000005,0,[]
849,42.45,-64.6448745727539,24.470966339111328,0.0027785266797730837,0.0,0.0,0.0,1.0,PlanStatus.FAIL,20,0.1811898191103693,-0.033437845705728365,False,,0.32065361153082345,0.03607389449163737,0.6548757141880736,0.0,4.5,False,7.658599875867367,20,0.1811898191103693,-0.033437845705728365,0.1,60,-64.6448745727539,24.470966339111328,0.004348799008236361,0.0,-51.37001874156735,24.541289649339756,0.0027790104050888476,4.425000000000005,0,[]
850,42.5,-64.6448745727539,24.470966339111328,0.0027785266797730837,0.0,0.0,0.0,1.0,PlanStatus.FAIL,20,0.1811898191103693,-0.033437845705728365,False,,0.32065361153082345,0.03607389449163737,0.6548757141880736,0.0,4.5,False,9.197399951517582,20,0.1811898191103693,-0.033437845705728365,0.1,60,-64.6448745727539,24.470966339111328,0.004348799008236361,0.0,-51.37001874156735,24.541289649339756,0.0027790104050888476,4.425000000000005,0,[]
851,42.550000000000004,-64.6448745727539,24.470966339111328,0.0027785266797730837,0.0,0.0,0.0,1.0,PlanStatus.FAIL,20,0.1811898191103693,-0.033437845705728365,False,,0.32065361153082345,0.03607389449163737,0.6548757141880736,0.0,4.5,False,7.785700028762221,20,0.1811898191103693,-0.033437845705728365,0.1,60,-64.6448745727539,24.470966339111328,0.004348799008236361,0.0,-51.37001874156735,24.541289649339756,0.0027790104050888476,4.425000000000005,0,[]
852,42.6,-64.6448745727539,24.470966339111328,0.0027785266797730837,0.0,0.0,0.0,1.0,PlanStatus.FAIL,20,0.1811898191103693,-0.033437845705728365,False,,0.32065361153082345,0.03607389449163737,0.6548757141880736,0.0,4.5,False,7.417500019073486,20,0.1811898191103693,-0.033437845705728365,0.1,60,-64.6448745727539,24.470966339111328,0.004348799008236361,0.0,-51.37001874156735,24.541289649339756,0.0027790104050888476,4.425000000000005,0,[]
853,42.650000000000006,-64.6448745727539,24.470966339111328,0.0027785266797730837,0.0,0.0,0.0,1.0,PlanStatus.FAIL,20,0.1811898191103693,-0.033437845705728365,False,,0.32065361153082345,0.03607389449163737,0.6548757141880736,0.0,4.5,False,8.015200030058622,20,0.1811898191103693,-0.033437845705728365,0.1,60,-64.6448745727539,24.470966339111328,0.004348799008236361,0.0,-51.37001874156735,24.541289649339756,0.0027790104050888476,4.425000000000005,0,[]
854,42.7,-64.6448745727539,24.470966339111328,0.0027785266797730837,0.0,0.0,0.0,1.0,PlanStatus.FAIL,20,0.1811898191103693,-0.033437845705728365,False,,0.32065361153082345,0.03607389449163737,0.6548757141880736,0.0,4.5,False,7.67620000988245,20,0.1811898191103693,-0.033437845705728365,0.1,60,-64.6448745727539,24.470966339111328,0.004348799008236361,0.0,-51.37001874156735,24.541289649339756,0.0027790104050888476,4.425000000000005,0,[]
855,42.75,-64.6448745727539,24.470966339111328,0.0027785266797730837,0.0,0.0,0.0,1.0,PlanStatus.FAIL,20,0.1811898191103693,-0.033437845705728365,False,,0.32065361153082345,0.03607389449163737,0.6548757141880736,0.0,4.5,False,7.525600027292967,20,0.1811898191103693,-0.033437845705728365,0.1,60,-64.6448745727539,24.470966339111328,0.004348799008236361,0.0,-51.37001874156735,24.541289649339756,0.0027790104050888476,4.425000000000005,0,[]
856,42.800000000000004,-64.6448745727539,24.470966339111328,0.0027785266797730837,0.0,0.0,0.0,1.0,PlanStatus.FAIL,20,0.1811898191103693,-0.033437845705728365,False,,0.32065361153082345,0.03607389449163737,0.6548757141880736,0.0,4.5,False,7.655199849978089,20,0.1811898191103693,-0.033437845705728365,0.1,60,-64.6448745727539,24.470966339111328,0.004348799008236361,0.0,-51.37001874156735,24.541289649339756,0.0027790104050888476,4.425000000000005,0,[]
857,42.85,-64.6448745727539,24.470966339111328,0.0027785266797730837,0.0,0.0,0.0,1.0,PlanStatus.FAIL,20,0.1811898191103693,-0.033437845705728365,False,,0.32065361153082345,0.03607389449163737,0.6548757141880736,0.0,4.5,False,7.740700151771307,20,0.1811898191103693,-0.033437845705728365,0.1,60,-64.6448745727539,24.470966339111328,0.004348799008236361,0.0,-51.37001874156735,24.541289649339756,0.0027790104050888476,4.425000000000005,0,[]
858,42.900000000000006,-64.6448745727539,24.470966339111328,0.0027785266797730837,0.0,0.0,0.0,1.0,PlanStatus.FAIL,20,0.1811898191103693,-0.033437845705728365,False,,0.32065361153082345,0.03607389449163737,0.6548757141880736,0.0,4.5,False,7.708600023761392,20,0.1811898191103693,-0.033437845705728365,0.1,60,-64.6448745727539,24.470966339111328,0.004348799008236361,0.0,-51.37001874156735,24.541289649339756,0.0027790104050888476,4.425000000000005,0,[]
859,42.95,-64.6448745727539,24.470966339111328,0.0027785266797730837,0.0,0.0,0.0,1.0,PlanStatus.FAIL,20,0.1811898191103693,-0.033437845705728365,False,,0.32065361153082345,0.03607389449163737,0.6548757141880736,0.0,4.5,False,7.993299979716539,20,0.1811898191103693,-0.033437845705728365,0.1,60,-64.6448745727539,24.470966339111328,0.004348799008236361,0.0,-51.37001874156735,24.541289649339756,0.0027790104050888476,4.425000000000005,0,[]
860,43.0,-64.6448745727539,24.470966339111328,0.0027785266797730837,0.0,0.0,0.0,1.0,PlanStatus.FAIL,20,0.1811898191103693,-0.033437845705728365,False,,0.32065361153082345,0.03607389449163737,0.6548757141880736,0.0,4.5,False,8.0808000639081,20,0.1811898191103693,-0.033437845705728365,0.1,60,-64.6448745727539,24.470966339111328,0.004348799008236361,0.0,-51.37001874156735,24.541289649339756,0.0027790104050888476,4.425000000000005,0,[]
861,43.050000000000004,-64.6448745727539,24.470966339111328,0.0027785266797730837,0.0,0.0,0.0,1.0,PlanStatus.FAIL,20,0.1811898191103693,-0.033437845705728365,False,,0.32065361153082345,0.03607389449163737,0.6548757141880736,0.0,4.5,False,7.7234001364558935,20,0.1811898191103693,-0.033437845705728365,0.1,60,-64.6448745727539,24.470966339111328,0.004348799008236361,0.0,-51.37001874156735,24.541289649339756,0.0027790104050888476,4.425000000000005,0,[]
862,43.1,-64.6448745727539,24.470966339111328,0.0027785266797730837,0.0,0.0,0.0,1.0,PlanStatus.FAIL,20,0.1811898191103693,-0.033437845705728365,False,,0.32065361153082345,0.03607389449163737,0.6548757141880736,0.0,4.5,False,7.78719992376864,20,0.1811898191103693,-0.033437845705728365,0.1,60,-64.6448745727539,24.470966339111328,0.004348799008236361,0.0,-51.37001874156735,24.541289649339756,0.0027790104050888476,4.425000000000005,0,[]
863,43.150000000000006,-64.6448745727539,24.470966339111328,0.0027785266797730837,0.0,0.0,0.0,1.0,PlanStatus.FAIL,20,0.1811898191103693,-0.033437845705728365,False,,0.32065361153082345,0.03607389449163737,0.6548757141880736,0.0,4.5,False,7.557299919426441,20,0.1811898191103693,-0.033437845705728365,0.1,60,-64.6448745727539,24.470966339111328,0.004348799008236361,0.0,-51.37001874156735,24.541289649339756,0.0027790104050888476,4.425000000000005,0,[]
864,43.2,-64.6448745727539,24.470966339111328,0.0027785266797730837,0.0,0.0,0.0,1.0,PlanStatus.FAIL,20,0.1811898191103693,-0.033437845705728365,False,,0.32065361153082345,0.03607389449163737,0.6548757141880736,0.0,4.5,False,7.61239998973906,20,0.1811898191103693,-0.033437845705728365,0.1,60,-64.6448745727539,24.470966339111328,0.004348799008236361,0.0,-51.37001874156735,24.541289649339756,0.0027790104050888476,4.425000000000005,0,[]
865,43.25,-64.6448745727539,24.470966339111328,0.0027785266797730837,0.0,0.0,0.0,1.0,PlanStatus.FAIL,20,0.1811898191103693,-0.033437845705728365,False,,0.32065361153082345,0.03607389449163737,0.6548757141880736,0.0,4.5,False,8.934099925681949,20,0.1811898191103693,-0.033437845705728365,0.1,60,-64.6448745727539,24.470966339111328,0.004348799008236361,0.0,-51.37001874156735,24.541289649339756,0.0027790104050888476,4.425000000000005,0,[]
866,43.300000000000004,-64.6448745727539,24.470966339111328,0.0027785266797730837,0.0,0.0,0.0,1.0,PlanStatus.FAIL,20,0.1811898191103693,-0.033437845705728365,False,,0.32065361153082345,0.03607389449163737,0.6548757141880736,0.0,4.5,False,8.992499904707074,20,0.1811898191103693,-0.033437845705728365,0.1,60,-64.6448745727539,24.470966339111328,0.004348799008236361,0.0,-51.37001874156735,24.541289649339756,0.0027790104050888476,4.425000000000005,0,[]
867,43.35,-64.6448745727539,24.470966339111328,0.0027785266797730837,0.0,0.0,0.0,1.0,PlanStatus.FAIL,20,0.1811898191103693,-0.033437845705728365,False,,0.32065361153082345,0.03607389449163737,0.6548757141880736,0.0,4.5,False,8.56189988553524,20,0.1811898191103693,-0.033437845705728365,0.1,60,-64.6448745727539,24.470966339111328,0.004348799008236361,0.0,-51.37001874156735,24.541289649339756,0.0027790104050888476,4.425000000000005,0,[]
868,43.400000000000006,-64.6448745727539,24.470966339111328,0.0027785266797730837,0.0,0.0,0.0,1.0,PlanStatus.FAIL,20,0.1811898191103693,-0.033437845705728365,False,,0.32065361153082345,0.03607389449163737,0.6548757141880736,0.0,4.5,False,9.441700065508485,20,0.1811898191103693,-0.033437845705728365,0.1,60,-64.6448745727539,24.470966339111328,0.004348799008236361,0.0,-51.37001874156735,24.541289649339756,0.0027790104050888476,4.425000000000005,0,[]
869,43.45,-64.6448745727539,24.470966339111328,0.0027785266797730837,0.0,0.0,0.0,1.0,PlanStatus.FAIL,20,0.1811898191103693,-0.033437845705728365,False,,0.32065361153082345,0.03607389449163737,0.6548757141880736,0.0,4.5,False,8.516400121152401,20,0.1811898191103693,-0.033437845705728365,0.1,60,-64.6448745727539,24.470966339111328,0.004348799008236361,0.0,-51.37001874156735,24.541289649339756,0.0027790104050888476,4.425000000000005,0,[]
870,43.5,-64.6448745727539,24.470966339111328,0.0027785266797730837,0.0,0.0,0.0,1.0,PlanStatus.FAIL,20,0.1811898191103693,-0.033437845705728365,False,,0.32065361153082345,0.03607389449163737,0.6548757141880736,0.0,4.5,False,11.265699984505773,20,0.1811898191103693,-0.033437845705728365,0.1,60,-64.6448745727539,24.470966339111328,0.004348799008236361,0.0,-51.37001874156735,24.541289649339756,0.0027790104050888476,4.425000000000005,0,[]
871,43.550000000000004,-64.6448745727539,24.470966339111328,0.0027785266797730837,0.0,0.0,0.0,1.0,PlanStatus.FAIL,20,0.1811898191103693,-0.033437845705728365,False,,0.32065361153082345,0.03607389449163737,0.6548757141880736,0.0,4.5,False,8.463399950414896,20,0.1811898191103693,-0.033437845705728365,0.1,60,-64.6448745727539,24.470966339111328,0.004348799008236361,0.0,-51.37001874156735,24.541289649339756,0.0027790104050888476,4.425000000000005,0,[]
872,43.6,-64.6448745727539,24.470966339111328,0.0027785266797730837,0.0,0.0,0.0,1.0,PlanStatus.FAIL,20,0.1811898191103693,-0.033437845705728365,False,,0.32065361153082345,0.03607389449163737,0.6548757141880736,0.0,4.5,False,8.426500018686056,20,0.1811898191103693,-0.033437845705728365,0.1,60,-64.6448745727539,24.470966339111328,0.004348799008236361,0.0,-51.37001874156735,24.541289649339756,0.0027790104050888476,4.425000000000005,0,[]
873,43.650000000000006,-64.6448745727539,24.470966339111328,0.0027785266797730837,0.0,0.0,0.0,1.0,PlanStatus.FAIL,20,0.1811898191103693,-0.033437845705728365,False,,0.32065361153082345,0.03607389449163737,0.6548757141880736,0.0,4.5,False,8.40789987705648,20,0.1811898191103693,-0.033437845705728365,0.1,60,-64.6448745727539,24.470966339111328,0.004348799008236361,0.0,-51.37001874156735,24.541289649339756,0.0027790104050888476,4.425000000000005,0,[]
874,43.7,-64.6448745727539,24.470966339111328,0.0027785266797730837,0.0,0.0,0.0,1.0,PlanStatus.FAIL,20,0.1811898191103693,-0.033437845705728365,False,,0.32065361153082345,0.03607389449163737,0.6548757141880736,0.0,4.5,False,8.628199808299541,20,0.1811898191103693,-0.033437845705728365,0.1,60,-64.6448745727539,24.470966339111328,0.004348799008236361,0.0,-51.37001874156735,24.541289649339756,0.0027790104050888476,4.425000000000005,0,[]
875,43.75,-64.6448745727539,24.470966339111328,0.0027785266797730837,0.0,0.0,0.0,1.0,PlanStatus.FAIL,20,0.1811898191103693,-0.033437845705728365,False,,0.32065361153082345,0.03607389449163737,0.6548757141880736,0.0,4.5,False,8.573299972340465,20,0.1811898191103693,-0.033437845705728365,0.1,60,-64.6448745727539,24.470966339111328,0.004348799008236361,0.0,-51.37001874156735,24.541289649339756,0.0027790104050888476,4.425000000000005,0,[]
876,43.800000000000004,-64.6448745727539,24.470966339111328,0.0027785266797730837,0.0,0.0,0.0,1.0,PlanStatus.FAIL,20,0.1811898191103693,-0.033437845705728365,False,,0.32065361153082345,0.03607389449163737,0.6548757141880736,0.0,4.5,False,9.343599900603294,20,0.1811898191103693,-0.033437845705728365,0.1,60,-64.6448745727539,24.470966339111328,0.004348799008236361,0.0,-51.37001874156735,24.541289649339756,0.0027790104050888476,4.425000000000005,0,[]
877,43.85,-64.6448745727539,24.470966339111328,0.0027785266797730837,0.0,0.0,0.0,1.0,PlanStatus.FAIL,20,0.1811898191103693,-0.033437845705728365,False,,0.32065361153082345,0.03607389449163737,0.6548757141880736,0.0,4.5,False,8.042000001296401,20,0.1811898191103693,-0.033437845705728365,0.1,60,-64.6448745727539,24.470966339111328,0.004348799008236361,0.0,-51.37001874156735,24.541289649339756,0.0027790104050888476,4.425000000000005,0,[]
878,43.900000000000006,-64.6448745727539,24.470966339111328,0.0027785266797730837,0.0,0.0,0.0,1.0,PlanStatus.FAIL,20,0.1811898191103693,-0.033437845705728365,False,,0.32065361153082345,0.03607389449163737,0.6548757141880736,0.0,4.5,False,8.242499781772494,20,0.1811898191103693,-0.033437845705728365,0.1,60,-64.6448745727539,24.470966339111328,0.004348799008236361,0.0,-51.37001874156735,24.541289649339756,0.0027790104050888476,4.425000000000005,0,[]
879,43.95,-64.6448745727539,24.470966339111328,0.0027785266797730837,0.0,0.0,0.0,1.0,PlanStatus.FAIL,20,0.1811898191103693,-0.033437845705728365,False,,0.32065361153082345,0.03607389449163737,0.6548757141880736,0.0,4.5,False,8.088500006124377,20,0.1811898191103693,-0.033437845705728365,0.1,60,-64.6448745727539,24.470966339111328,0.004348799008236361,0.0,-51.37001874156735,24.541289649339756,0.0027790104050888476,4.425000000000005,0,[]
880,44.0,-64.6448745727539,24.470966339111328,0.0027785266797730837,0.0,0.0,0.0,1.0,PlanStatus.FAIL,20,0.1811898191103693,-0.033437845705728365,False,,0.32065361153082345,0.03607389449163737,0.6548757141880736,0.0,4.5,False,7.859900128096342,20,0.1811898191103693,-0.033437845705728365,0.1,60,-64.6448745727539,24.470966339111328,0.004348799008236361,0.0,-51.37001874156735,24.541289649339756,0.0027790104050888476,4.425000000000005,0,[]
881,44.050000000000004,-64.6448745727539,24.470966339111328,0.0027785266797730837,0.0,0.0,0.0,1.0,PlanStatus.FAIL,20,0.1811898191103693,-0.033437845705728365,False,,0.32065361153082345,0.03607389449163737,0.6548757141880736,0.0,4.5,False,8.292099926620722,20,0.1811898191103693,-0.033437845705728365,0.1,60,-64.6448745727539,24.470966339111328,0.004348799008236361,0.0,-51.37001874156735,24.541289649339756,0.0027790104050888476,4.425000000000005,0,[]
882,44.1,-64.6448745727539,24.470966339111328,0.0027785266797730837,0.0,0.0,0.0,1.0,PlanStatus.FAIL,20,0.1811898191103693,-0.033437845705728365,False,,0.32065361153082345,0.03607389449163737,0.6548757141880736,0.0,4.5,False,8.585899835452437,20,0.1811898191103693,-0.033437845705728365,0.1,60,-64.6448745727539,24.470966339111328,0.004348799008236361,0.0,-51.37001874156735,24.541289649339756,0.0027790104050888476,4.425000000000005,0,[]
883,44.150000000000006,-64.6448745727539,24.470966339111328,0.0027785266797730837,0.0,0.0,0.0,1.0,PlanStatus.FAIL,20,0.1811898191103693,-0.033437845705728365,False,,0.32065361153082345,0.03607389449163737,0.6548757141880736,0.0,4.5,False,7.967500016093254,20,0.1811898191103693,-0.033437845705728365,0.1,60,-64.6448745727539,24.470966339111328,0.004348799008236361,0.0,-51.37001874156735,24.541289649339756,0.0027790104050888476,4.425000000000005,0,[]
884,44.2,-64.6448745727539,24.470966339111328,0.0027785266797730837,0.0,0.0,0.0,1.0,PlanStatus.FAIL,20,0.1811898191103693,-0.033437845705728365,False,,0.32065361153082345,0.03607389449163737,0.6548757141880736,0.0,4.5,False,7.972900057211518,20,0.1811898191103693,-0.033437845705728365,0.1,60,-64.6448745727539,24.470966339111328,0.004348799008236361,0.0,-51.37001874156735,24.541289649339756,0.0027790104050888476,4.425000000000005,0,[]
885,44.25,-64.6448745727539,24.470966339111328,0.0027785266797730837,0.0,0.0,0.0,1.0,PlanStatus.FAIL,20,0.1811898191103693,-0.033437845705728365,False,,0.32065361153082345,0.03607389449163737,0.6548757141880736,0.0,4.5,False,8.129199966788292,20,0.1811898191103693,-0.033437845705728365,0.1,60,-64.6448745727539,24.470966339111328,0.004348799008236361,0.0,-51.37001874156735,24.541289649339756,0.0027790104050888476,4.425000000000005,0,[]
886,44.300000000000004,-64.6448745727539,24.470966339111328,0.0027785266797730837,0.0,0.0,0.0,1.0,PlanStatus.FAIL,20,0.1811898191103693,-0.033437845705728365,False,,0.32065361153082345,0.03607389449163737,0.6548757141880736,0.0,4.5,False,8.52260016836226,20,0.1811898191103693,-0.033437845705728365,0.1,60,-64.6448745727539,24.470966339111328,0.004348799008236361,0.0,-51.37001874156735,24.541289649339756,0.0027790104050888476,4.425000000000005,0,[]
887,44.35,-64.6448745727539,24.470966339111328,0.0027785266797730837,0.0,0.0,0.0,1.0,PlanStatus.FAIL,20,0.1811898191103693,-0.033437845705728365,False,,0.32065361153082345,0.03607389449163737,0.6548757141880736,0.0,4.5,False,8.62310011871159,20,0.1811898191103693,-0.033437845705728365,0.1,60,-64.6448745727539,24.470966339111328,0.004348799008236361,0.0,-51.37001874156735,24.541289649339756,0.0027790104050888476,4.425000000000005,0,[]
888,44.400000000000006,-64.6448745727539,24.470966339111328,0.0027785266797730837,0.0,0.0,0.0,1.0,PlanStatus.FAIL,20,0.1811898191103693,-0.033437845705728365,False,,0.32065361153082345,0.03607389449163737,0.6548757141880736,0.0,4.5,False,8.296000072732568,20,0.1811898191103693,-0.033437845705728365,0.1,60,-64.6448745727539,24.470966339111328,0.004348799008236361,0.0,-51.37001874156735,24.541289649339756,0.0027790104050888476,4.425000000000005,0,[]
889,44.45,-64.6448745727539,24.470966339111328,0.0027785266797730837,0.0,0.0,0.0,1.0,PlanStatus.FAIL,20,0.1811898191103693,-0.033437845705728365,False,,0.32065361153082345,0.03607389449163737,0.6548757141880736,0.0,4.5,False,8.036799961701035,20,0.1811898191103693,-0.033437845705728365,0.1,60,-64.6448745727539,24.470966339111328,0.004348799008236361,0.0,-51.37001874156735,24.541289649339756,0.0027790104050888476,4.425000000000005,0,[]
890,44.5,-64.6448745727539,24.470966339111328,0.0027785266797730837,0.0,0.0,0.0,1.0,PlanStatus.FAIL,20,0.1811898191103693,-0.033437845705728365,False,,0.32065361153082345,0.03607389449163737,0.6548757141880736,0.0,4.5,False,8.186999941244721,20,0.1811898191103693,-0.033437845705728365,0.1,60,-64.6448745727539,24.470966339111328,0.004348799008236361,0.0,-51.37001874156735,24.541289649339756,0.0027790104050888476,4.425000000000005,0,[]
891,44.550000000000004,-64.6448745727539,24.470966339111328,0.0027785266797730837,0.0,0.0,0.0,1.0,PlanStatus.FAIL,20,0.1811898191103693,-0.033437845705728365,False,,0.32065361153082345,0.03607389449163737,0.6548757141880736,0.0,4.5,False,8.543299976736307,20,0.1811898191103693,-0.033437845705728365,0.1,60,-64.6448745727539,24.470966339111328,0.004348799008236361,0.0,-51.37001874156735,24.541289649339756,0.0027790104050888476,4.425000000000005,0,[]
892,44.6,-64.6448745727539,24.470966339111328,0.0027785266797730837,0.0,0.0,0.0,1.0,PlanStatus.FAIL,20,0.1811898191103693,-0.033437845705728365,False,,0.32065361153082345,0.03607389449163737,0.6548757141880736,0.0,4.5,False,7.969599915668368,20,0.1811898191103693,-0.033437845705728365,0.1,60,-64.6448745727539,24.470966339111328,0.004348799008236361,0.0,-51.37001874156735,24.541289649339756,0.0027790104050888476,4.425000000000005,0,[]
893,44.650000000000006,-64.6448745727539,24.470966339111328,0.0027785266797730837,0.0,0.0,0.0,1.0,PlanStatus.FAIL,20,0.1811898191103693,-0.033437845705728365,False,,0.32065361153082345,0.03607389449163737,0.6548757141880736,0.0,4.5,False,9.306299965828657,20,0.1811898191103693,-0.033437845705728365,0.1,60,-64.6448745727539,24.470966339111328,0.004348799008236361,0.0,-51.37001874156735,24.541289649339756,0.0027790104050888476,4.425000000000005,0,[]
894,44.7,-64.6448745727539,24.470966339111328,0.0027785266797730837,0.0,0.0,0.0,1.0,PlanStatus.FAIL,20,0.1811898191103693,-0.033437845705728365,False,,0.32065361153082345,0.03607389449163737,0.6548757141880736,0.0,4.5,False,9.389600018039346,20,0.1811898191103693,-0.033437845705728365,0.1,60,-64.6448745727539,24.470966339111328,0.004348799008236361,0.0,-51.37001874156735,24.541289649339756,0.0027790104050888476,4.425000000000005,0,[]
895,44.75,-64.6448745727539,24.470966339111328,0.0027785266797730837,0.0,0.0,0.0,1.0,PlanStatus.FAIL,20,0.1811898191103693,-0.033437845705728365,False,,0.32065361153082345,0.03607389449163737,0.6548757141880736,0.0,4.5,False,8.943800115957856,20,0.1811898191103693,-0.033437845705728365,0.1,60,-64.6448745727539,24.470966339111328,0.004348799008236361,0.0,-51.37001874156735,24.541289649339756,0.0027790104050888476,4.425000000000005,0,[]
896,44.800000000000004,-64.6448745727539,24.470966339111328,0.0027785266797730837,0.0,0.0,0.0,1.0,PlanStatus.FAIL,20,0.1811898191103693,-0.033437845705728365,False,,0.32065361153082345,0.03607389449163737,0.6548757141880736,0.0,4.5,False,7.749600103124976,20,0.1811898191103693,-0.033437845705728365,0.1,60,-64.6448745727539,24.470966339111328,0.004348799008236361,0.0,-51.37001874156735,24.541289649339756,0.0027790104050888476,4.425000000000005,0,[]
897,44.85,-64.6448745727539,24.470966339111328,0.0027785266797730837,0.0,0.0,0.0,1.0,PlanStatus.FAIL,20,0.1811898191103693,-0.033437845705728365,False,,0.32065361153082345,0.03607389449163737,0.6548757141880736,0.0,4.5,False,10.185500141233206,20,0.1811898191103693,-0.033437845705728365,0.1,60,-64.6448745727539,24.470966339111328,0.004348799008236361,0.0,-51.37001874156735,24.541289649339756,0.0027790104050888476,4.425000000000005,0,[]
898,44.900000000000006,-64.6448745727539,24.470966339111328,0.0027785266797730837,0.0,0.0,0.0,1.0,PlanStatus.FAIL,20,0.1811898191103693,-0.033437845705728365,False,,0.32065361153082345,0.03607389449163737,0.6548757141880736,0.0,4.5,False,7.768800016492605,20,0.1811898191103693,-0.033437845705728365,0.1,60,-64.6448745727539,24.470966339111328,0.004348799008236361,0.0,-51.37001874156735,24.541289649339756,0.0027790104050888476,4.425000000000005,0,[]
899,44.95,-64.6448745727539,24.470966339111328,0.0027785266797730837,0.0,0.0,0.0,1.0,PlanStatus.FAIL,20,0.1811898191103693,-0.033437845705728365,False,,0.32065361153082345,0.03607389449163737,0.6548757141880736,0.0,4.5,False,8.403600193560123,20,0.1811898191103693,-0.033437845705728365,0.1,60,-64.6448745727539,24.470966339111328,0.004348799008236361,0.0,-51.37001874156735,24.541289649339756,0.0027790104050888476,4.425000000000005,0,[]
900,45.0,-64.6448745727539,24.470966339111328,0.0027785266797730837,0.0,0.0,0.0,1.0,PlanStatus.FAIL,20,0.1811898191103693,-0.033437845705728365,False,,0.32065361153082345,0.03607389449163737,0.6548757141880736,0.0,4.5,False,7.871000096201897,20,0.1811898191103693,-0.033437845705728365,0.1,60,-64.6448745727539,24.470966339111328,0.004348799008236361,0.0,-51.37001874156735,24.541289649339756,0.0027790104050888476,4.425000000000005,0,[]
901,45.050000000000004,-64.6448745727539,24.470966339111328,0.0027785266797730837,0.0,0.0,0.0,1.0,PlanStatus.FAIL,20,0.1811898191103693,-0.033437845705728365,False,,0.32065361153082345,0.03607389449163737,0.6548757141880736,0.0,4.5,False,8.0228999722749,20,0.1811898191103693,-0.033437845705728365,0.1,60,-64.6448745727539,24.470966339111328,0.004348799008236361,0.0,-51.37001874156735,24.541289649339756,0.0027790104050888476,4.425000000000005,0,[]
902,45.1,-64.6448745727539,24.470966339111328,0.0027785266797730837,0.0,0.0,0.0,1.0,PlanStatus.FAIL,20,0.1811898191103693,-0.033437845705728365,False,,0.32065361153082345,0.03607389449163737,0.6548757141880736,0.0,4.5,False,11.013700161129236,20,0.1811898191103693,-0.033437845705728365,0.1,60,-64.6448745727539,24.470966339111328,0.004348799008236361,0.0,-51.37001874156735,24.541289649339756,0.0027790104050888476,4.425000000000005,0,[]
903,45.150000000000006,-64.6448745727539,24.470966339111328,0.0027785266797730837,0.0,0.0,0.0,1.0,PlanStatus.FAIL,20,0.1811898191103693,-0.033437845705728365,False,,0.32065361153082345,0.03607389449163737,0.6548757141880736,0.0,4.5,False,7.6998998410999775,20,0.1811898191103693,-0.033437845705728365,0.1,60,-64.6448745727539,24.470966339111328,0.004348799008236361,0.0,-51.37001874156735,24.541289649339756,0.0027790104050888476,4.425000000000005,0,[]
904,45.2,-64.6448745727539,24.470966339111328,0.0027785266797730837,0.0,0.0,0.0,1.0,PlanStatus.FAIL,20,0.1811898191103693,-0.033437845705728365,False,,0.32065361153082345,0.03607389449163737,0.6548757141880736,0.0,4.5,False,7.814900018274784,20,0.1811898191103693,-0.033437845705728365,0.1,60,-64.6448745727539,24.470966339111328,0.004348799008236361,0.0,-51.37001874156735,24.541289649339756,0.0027790104050888476,4.425000000000005,0,[]
905,45.25,-64.6448745727539,24.470966339111328,0.0027785266797730837,0.0,0.0,0.0,1.0,PlanStatus.FAIL,20,0.1811898191103693,-0.033437845705728365,False,,0.32065361153082345,0.03607389449163737,0.6548757141880736,0.0,4.5,False,8.003900060430169,20,0.1811898191103693,-0.033437845705728365,0.1,60,-64.6448745727539,24.470966339111328,0.004348799008236361,0.0,-51.37001874156735,24.541289649339756,0.0027790104050888476,4.425000000000005,0,[]
906,45.300000000000004,-64.6448745727539,24.470966339111328,0.0027785266797730837,0.0,0.0,0.0,1.0,PlanStatus.FAIL,20,0.1811898191103693,-0.033437845705728365,False,,0.32065361153082345,0.03607389449163737,0.6548757141880736,0.0,4.5,False,8.015499915927649,20,0.1811898191103693,-0.033437845705728365,0.1,60,-64.6448745727539,24.470966339111328,0.004348799008236361,0.0,-51.37001874156735,24.541289649339756,0.0027790104050888476,4.425000000000005,0,[]
907,45.35,-64.6448745727539,24.470966339111328,0.0027785266797730837,0.0,0.0,0.0,1.0,PlanStatus.FAIL,20,0.1811898191103693,-0.033437845705728365,False,,0.32065361153082345,0.03607389449163737,0.6548757141880736,0.0,4.5,False,7.986100157722831,20,0.1811898191103693,-0.033437845705728365,0.1,60,-64.6448745727539,24.470966339111328,0.004348799008236361,0.0,-51.37001874156735,24.541289649339756,0.0027790104050888476,4.425000000000005,0,[]
908,45.400000000000006,-64.6448745727539,24.470966339111328,0.0027785266797730837,0.0,0.0,0.0,1.0,PlanStatus.FAIL,20,0.1811898191103693,-0.033437845705728365,False,,0.32065361153082345,0.03607389449163737,0.6548757141880736,0.0,4.5,False,8.156999945640564,20,0.1811898191103693,-0.033437845705728365,0.1,60,-64.6448745727539,24.470966339111328,0.004348799008236361,0.0,-51.37001874156735,24.541289649339756,0.0027790104050888476,4.425000000000005,0,[]
909,45.45,-64.6448745727539,24.470966339111328,0.0027785266797730837,0.0,0.0,0.0,1.0,PlanStatus.FAIL,20,0.1811898191103693,-0.033437845705728365,False,,0.32065361153082345,0.03607389449163737,0.6548757141880736,0.0,4.5,False,7.994000101462007,20,0.1811898191103693,-0.033437845705728365,0.1,60,-64.6448745727539,24.470966339111328,0.004348799008236361,0.0,-51.37001874156735,24.541289649339756,0.0027790104050888476,4.425000000000005,0,[]
910,45.5,-64.6448745727539,24.470966339111328,0.0027785266797730837,0.0,0.0,0.0,1.0,PlanStatus.FAIL,20,0.1811898191103693,-0.033437845705728365,False,,0.32065361153082345,0.03607389449163737,0.6548757141880736,0.0,4.5,False,8.042600005865097,20,0.1811898191103693,-0.033437845705728365,0.1,60,-64.6448745727539,24.470966339111328,0.004348799008236361,0.0,-51.37001874156735,24.541289649339756,0.0027790104050888476,4.425000000000005,0,[]
911,45.550000000000004,-64.6448745727539,24.470966339111328,0.0027785266797730837,0.0,0.0,0.0,1.0,PlanStatus.FAIL,20,0.1811898191103693,-0.033437845705728365,False,,0.32065361153082345,0.03607389449163737,0.6548757141880736,0.0,4.5,False,8.384099928662181,20,0.1811898191103693,-0.033437845705728365,0.1,60,-64.6448745727539,24.470966339111328,0.004348799008236361,0.0,-51.37001874156735,24.541289649339756,0.0027790104050888476,4.425000000000005,0,[]
912,45.6,-64.6448745727539,24.470966339111328,0.0027785266797730837,0.0,0.0,0.0,1.0,PlanStatus.FAIL,20,0.1811898191103693,-0.033437845705728365,False,,0.32065361153082345,0.03607389449163737,0.6548757141880736,0.0,4.5,False,7.9500998836010695,20,0.1811898191103693,-0.033437845705728365,0.1,60,-64.6448745727539,24.470966339111328,0.004348799008236361,0.0,-51.37001874156735,24.541289649339756,0.0027790104050888476,4.425000000000005,0,[]
913,45.650000000000006,-64.6448745727539,24.470966339111328,0.0027785266797730837,0.0,0.0,0.0,1.0,PlanStatus.FAIL,20,0.1811898191103693,-0.033437845705728365,False,,0.32065361153082345,0.03607389449163737,0.6548757141880736,0.0,4.5,False,8.70419992133975,20,0.1811898191103693,-0.033437845705728365,0.1,60,-64.6448745727539,24.470966339111328,0.004348799008236361,0.0,-51.37001874156735,24.541289649339756,0.0027790104050888476,4.425000000000005,0,[]
914,45.7,-64.6448745727539,24.470966339111328,0.0027785266797730837,0.0,0.0,0.0,1.0,PlanStatus.FAIL,20,0.1811898191103693,-0.033437845705728365,False,,0.32065361153082345,0.03607389449163737,0.6548757141880736,0.0,4.5,False,7.975999964401126,20,0.1811898191103693,-0.033437845705728365,0.1,60,-64.6448745727539,24.470966339111328,0.004348799008236361,0.0,-51.37001874156735,24.541289649339756,0.0027790104050888476,4.425000000000005,0,[]
915,45.75,-64.6448745727539,24.470966339111328,0.0027785266797730837,0.0,0.0,0.0,1.0,PlanStatus.FAIL,20,0.1811898191103693,-0.033437845705728365,False,,0.32065361153082345,0.03607389449163737,0.6548757141880736,0.0,4.5,False,8.082499960437417,20,0.1811898191103693,-0.033437845705728365,0.1,60,-64.6448745727539,24.470966339111328,0.004348799008236361,0.0,-51.37001874156735,24.541289649339756,0.0027790104050888476,4.425000000000005,0,[]
916,45.800000000000004,-64.6448745727539,24.470966339111328,0.0027785266797730837,0.0,0.0,0.0,1.0,PlanStatus.FAIL,20,0.1811898191103693,-0.033437845705728365,False,,0.32065361153082345,0.03607389449163737,0.6548757141880736,0.0,4.5,False,7.8754001297056675,20,0.1811898191103693,-0.033437845705728365,0.1,60,-64.6448745727539,24.470966339111328,0.004348799008236361,0.0,-51.37001874156735,24.541289649339756,0.0027790104050888476,4.425000000000005,0,[]
917,45.85,-64.6448745727539,24.470966339111328,0.0027785266797730837,0.0,0.0,0.0,1.0,PlanStatus.FAIL,20,0.1811898191103693,-0.033437845705728365,False,,0.32065361153082345,0.03607389449163737,0.6548757141880736,0.0,4.5,False,8.038599975407124,20,0.1811898191103693,-0.033437845705728365,0.1,60,-64.6448745727539,24.470966339111328,0.004348799008236361,0.0,-51.37001874156735,24.541289649339756,0.0027790104050888476,4.425000000000005,0,[]
918,45.900000000000006,-64.6448745727539,24.470966339111328,0.0027785266797730837,0.0,0.0,0.0,1.0,PlanStatus.FAIL,20,0.1811898191103693,-0.033437845705728365,False,,0.32065361153082345,0.03607389449163737,0.6548757141880736,0.0,4.5,False,8.838500129058957,20,0.1811898191103693,-0.033437845705728365,0.1,60,-64.6448745727539,24.470966339111328,0.004348799008236361,0.0,-51.37001874156735,24.541289649339756,0.0027790104050888476,4.425000000000005,0,[]
919,45.95,-64.6448745727539,24.470966339111328,0.0027785266797730837,0.0,0.0,0.0,1.0,PlanStatus.FAIL,20,0.1811898191103693,-0.033437845705728365,False,,0.32065361153082345,0.03607389449163737,0.6548757141880736,0.0,4.5,False,7.885099854320288,20,0.1811898191103693,-0.033437845705728365,0.1,60,-64.6448745727539,24.470966339111328,0.004348799008236361,0.0,-51.37001874156735,24.541289649339756,0.0027790104050888476,4.425000000000005,0,[]
920,46.0,-64.6448745727539,24.470966339111328,0.0027785266797730837,0.0,0.0,0.0,1.0,PlanStatus.FAIL,20,0.1811898191103693,-0.033437845705728365,False,,0.32065361153082345,0.03607389449163737,0.6548757141880736,0.0,4.5,False,9.468999924138188,20,0.1811898191103693,-0.033437845705728365,0.1,60,-64.6448745727539,24.470966339111328,0.004348799008236361,0.0,-51.37001874156735,24.541289649339756,0.0027790104050888476,4.425000000000005,0,[]
921,46.050000000000004,-64.6448745727539,24.470966339111328,0.0027785266797730837,0.0,0.0,0.0,1.0,PlanStatus.FAIL,20,0.1811898191103693,-0.033437845705728365,False,,0.32065361153082345,0.03607389449163737,0.6548757141880736,0.0,4.5,False,7.991499966010451,20,0.1811898191103693,-0.033437845705728365,0.1,60,-64.6448745727539,24.470966339111328,0.004348799008236361,0.0,-51.37001874156735,24.541289649339756,0.0027790104050888476,4.425000000000005,0,[]
922,46.1,-64.6448745727539,24.470966339111328,0.0027785266797730837,0.0,0.0,0.0,1.0,PlanStatus.FAIL,20,0.1811898191103693,-0.033437845705728365,False,,0.32065361153082345,0.03607389449163737,0.6548757141880736,0.0,4.5,False,7.703900104388595,20,0.1811898191103693,-0.033437845705728365,0.1,60,-64.6448745727539,24.470966339111328,0.004348799008236361,0.0,-51.37001874156735,24.541289649339756,0.0027790104050888476,4.425000000000005,0,[]
923,46.150000000000006,-64.6448745727539,24.470966339111328,0.0027785266797730837,0.0,0.0,0.0,1.0,PlanStatus.FAIL,20,0.1811898191103693,-0.033437845705728365,False,,0.32065361153082345,0.03607389449163737,0.6548757141880736,0.0,4.5,False,8.930099895223975,20,0.1811898191103693,-0.033437845705728365,0.1,60,-64.6448745727539,24.470966339111328,0.004348799008236361,0.0,-51.37001874156735,24.541289649339756,0.0027790104050888476,4.425000000000005,0,[]
924,46.2,-64.6448745727539,24.470966339111328,0.0027785266797730837,0.0,0.0,0.0,1.0,PlanStatus.FAIL,20,0.1811898191103693,-0.033437845705728365,False,,0.32065361153082345,0.03607389449163737,0.6548757141880736,0.0,4.5,False,8.69280006736517,20,0.1811898191103693,-0.033437845705728365,0.1,60,-64.6448745727539,24.470966339111328,0.004348799008236361,0.0,-51.37001874156735,24.541289649339756,0.0027790104050888476,4.425000000000005,0,[]
925,46.25,-64.6448745727539,24.470966339111328,0.0027785266797730837,0.0,0.0,0.0,1.0,PlanStatus.FAIL,20,0.1811898191103693,-0.033437845705728365,False,,0.32065361153082345,0.03607389449163737,0.6548757141880736,0.0,4.5,False,8.876699954271317,20,0.1811898191103693,-0.033437845705728365,0.1,60,-64.6448745727539,24.470966339111328,0.004348799008236361,0.0,-51.37001874156735,24.541289649339756,0.0027790104050888476,4.425000000000005,0,[]
926,46.300000000000004,-64.6448745727539,24.470966339111328,0.0027785266797730837,0.0,0.0,0.0,1.0,PlanStatus.FAIL,20,0.1811898191103693,-0.033437845705728365,False,,0.32065361153082345,0.03607389449163737,0.6548757141880736,0.0,4.5,False,7.623600075021386,20,0.1811898191103693,-0.033437845705728365,0.1,60,-64.6448745727539,24.470966339111328,0.004348799008236361,0.0,-51.37001874156735,24.541289649339756,0.0027790104050888476,4.425000000000005,0,[]
927,46.35,-64.6448745727539,24.470966339111328,0.0027785266797730837,0.0,0.0,0.0,1.0,PlanStatus.FAIL,20,0.1811898191103693,-0.033437845705728365,False,,0.32065361153082345,0.03607389449163737,0.6548757141880736,0.0,4.5,False,9.201300097629428,20,0.1811898191103693,-0.033437845705728365,0.1,60,-64.6448745727539,24.470966339111328,0.004348799008236361,0.0,-51.37001874156735,24.541289649339756,0.0027790104050888476,4.425000000000005,0,[]
928,46.400000000000006,-64.6448745727539,24.470966339111328,0.0027785266797730837,0.0,0.0,0.0,1.0,PlanStatus.FAIL,20,0.1811898191103693,-0.033437845705728365,False,,0.32065361153082345,0.03607389449163737,0.6548757141880736,0.0,4.5,False,7.883799960836768,20,0.1811898191103693,-0.033437845705728365,0.1,60,-64.6448745727539,24.470966339111328,0.004348799008236361,0.0,-51.37001874156735,24.541289649339756,0.0027790104050888476,4.425000000000005,0,[]
929,46.45,-64.6448745727539,24.470966339111328,0.0027785266797730837,0.0,0.0,0.0,1.0,PlanStatus.FAIL,20,0.1811898191103693,-0.033437845705728365,False,,0.32065361153082345,0.03607389449163737,0.6548757141880736,0.0,4.5,False,7.5801999773830175,20,0.1811898191103693,-0.033437845705728365,0.1,60,-64.6448745727539,24.470966339111328,0.004348799008236361,0.0,-51.37001874156735,24.541289649339756,0.0027790104050888476,4.425000000000005,0,[]
930,46.5,-64.6448745727539,24.470966339111328,0.0027785266797730837,0.0,0.0,0.0,1.0,PlanStatus.FAIL,20,0.1811898191103693,-0.033437845705728365,False,,0.32065361153082345,0.03607389449163737,0.6548757141880736,0.0,4.5,False,7.724100025370717,20,0.1811898191103693,-0.033437845705728365,0.1,60,-64.6448745727539,24.470966339111328,0.004348799008236361,0.0,-51.37001874156735,24.541289649339756,0.0027790104050888476,4.425000000000005,0,[]
931,46.550000000000004,-64.6448745727539,24.470966339111328,0.0027785266797730837,0.0,0.0,0.0,1.0,PlanStatus.FAIL,20,0.1811898191103693,-0.033437845705728365,False,,0.32065361153082345,0.03607389449163737,0.6548757141880736,0.0,4.5,False,10.660900035873055,20,0.1811898191103693,-0.033437845705728365,0.1,60,-64.6448745727539,24.470966339111328,0.004348799008236361,0.0,-51.37001874156735,24.541289649339756,0.0027790104050888476,4.425000000000005,0,[]
932,46.6,-64.6448745727539,24.470966339111328,0.0027785266797730837,0.0,0.0,0.0,1.0,PlanStatus.FAIL,20,0.1811898191103693,-0.033437845705728365,False,,0.32065361153082345,0.03607389449163737,0.6548757141880736,0.0,4.5,False,7.784999907016754,20,0.1811898191103693,-0.033437845705728365,0.1,60,-64.6448745727539,24.470966339111328,0.004348799008236361,0.0,-51.37001874156735,24.541289649339756,0.0027790104050888476,4.425000000000005,0,[]
933,46.650000000000006,-64.6448745727539,24.470966339111328,0.0027785266797730837,0.0,0.0,0.0,1.0,PlanStatus.FAIL,20,0.1811898191103693,-0.033437845705728365,False,,0.32065361153082345,0.03607389449163737,0.6548757141880736,0.0,4.5,False,7.854799972847104,20,0.1811898191103693,-0.033437845705728365,0.1,60,-64.6448745727539,24.470966339111328,0.004348799008236361,0.0,-51.37001874156735,24.541289649339756,0.0027790104050888476,4.425000000000005,0,[]
934,46.7,-64.6448745727539,24.470966339111328,0.0027785266797730837,0.0,0.0,0.0,1.0,PlanStatus.FAIL,20,0.1811898191103693,-0.033437845705728365,False,,0.32065361153082345,0.03607389449163737,0.6548757141880736,0.0,4.5,False,7.8211999498307705,20,0.1811898191103693,-0.033437845705728365,0.1,60,-64.6448745727539,24.470966339111328,0.004348799008236361,0.0,-51.37001874156735,24.541289649339756,0.0027790104050888476,4.425000000000005,0,[]
935,46.75,-64.6448745727539,24.470966339111328,0.0027785266797730837,0.0,0.0,0.0,1.0,PlanStatus.FAIL,20,0.1811898191103693,-0.033437845705728365,False,,0.32065361153082345,0.03607389449163737,0.6548757141880736,0.0,4.5,False,9.678300004452467,20,0.1811898191103693,-0.033437845705728365,0.1,60,-64.6448745727539,24.470966339111328,0.004348799008236361,0.0,-51.37001874156735,24.541289649339756,0.0027790104050888476,4.425000000000005,0,[]
936,46.800000000000004,-64.6448745727539,24.470966339111328,0.0027785266797730837,0.0,0.0,0.0,1.0,PlanStatus.FAIL,20,0.1811898191103693,-0.033437845705728365,False,,0.32065361153082345,0.03607389449163737,0.6548757141880736,0.0,4.5,False,7.798800012096763,20,0.1811898191103693,-0.033437845705728365,0.1,60,-64.6448745727539,24.470966339111328,0.004348799008236361,0.0,-51.37001874156735,24.541289649339756,0.0027790104050888476,4.425000000000005,0,[]
937,46.85,-64.6448745727539,24.470966339111328,0.0027785266797730837,0.0,0.0,0.0,1.0,PlanStatus.FAIL,20,0.1811898191103693,-0.033437845705728365,False,,0.32065361153082345,0.03607389449163737,0.6548757141880736,0.0,4.5,False,8.295599836856127,20,0.1811898191103693,-0.033437845705728365,0.1,60,-64.6448745727539,24.470966339111328,0.004348799008236361,0.0,-51.37001874156735,24.541289649339756,0.0027790104050888476,4.425000000000005,0,[]
938,46.900000000000006,-64.6448745727539,24.470966339111328,0.0027785266797730837,0.0,0.0,0.0,1.0,PlanStatus.FAIL,20,0.1811898191103693,-0.033437845705728365,False,,0.32065361153082345,0.03607389449163737,0.6548757141880736,0.0,4.5,False,7.316900184378028,20,0.1811898191103693,-0.033437845705728365,0.1,60,-64.6448745727539,24.470966339111328,0.004348799008236361,0.0,-51.37001874156735,24.541289649339756,0.0027790104050888476,4.425000000000005,0,[]
939,46.95,-64.6448745727539,24.470966339111328,0.0027785266797730837,0.0,0.0,0.0,1.0,PlanStatus.FAIL,20,0.1811898191103693,-0.033437845705728365,False,,0.32065361153082345,0.03607389449163737,0.6548757141880736,0.0,4.5,False,7.427700096741319,20,0.1811898191103693,-0.033437845705728365,0.1,60,-64.6448745727539,24.470966339111328,0.004348799008236361,0.0,-51.37001874156735,24.541289649339756,0.0027790104050888476,4.425000000000005,0,[]
940,47.0,-64.6448745727539,24.470966339111328,0.0027785266797730837,0.0,0.0,0.0,1.0,PlanStatus.FAIL,20,0.1811898191103693,-0.033437845705728365,False,,0.32065361153082345,0.03607389449163737,0.6548757141880736,0.0,4.5,False,7.676000008359551,20,0.1811898191103693,-0.033437845705728365,0.1,60,-64.6448745727539,24.470966339111328,0.004348799008236361,0.0,-51.37001874156735,24.541289649339756,0.0027790104050888476,4.425000000000005,0,[]
941,47.050000000000004,-64.6448745727539,24.470966339111328,0.0027785266797730837,0.0,0.0,0.0,1.0,PlanStatus.FAIL,20,0.1811898191103693,-0.033437845705728365,False,,0.32065361153082345,0.03607389449163737,0.6548757141880736,0.0,4.5,False,7.5922999531030655,20,0.1811898191103693,-0.033437845705728365,0.1,60,-64.6448745727539,24.470966339111328,0.004348799008236361,0.0,-51.37001874156735,24.541289649339756,0.0027790104050888476,4.425000000000005,0,[]
942,47.1,-64.6448745727539,24.470966339111328,0.0027785266797730837,0.0,0.0,0.0,1.0,PlanStatus.FAIL,20,0.1811898191103693,-0.033437845705728365,False,,0.32065361153082345,0.03607389449163737,0.6548757141880736,0.0,4.5,False,7.540900027379394,20,0.1811898191103693,-0.033437845705728365,0.1,60,-64.6448745727539,24.470966339111328,0.004348799008236361,0.0,-51.37001874156735,24.541289649339756,0.0027790104050888476,4.425000000000005,0,[]
943,47.150000000000006,-64.6448745727539,24.470966339111328,0.0027785266797730837,0.0,0.0,0.0,1.0,PlanStatus.FAIL,20,0.1811898191103693,-0.033437845705728365,False,,0.32065361153082345,0.03607389449163737,0.6548757141880736,0.0,4.5,False,7.770399795845151,20,0.1811898191103693,-0.033437845705728365,0.1,60,-64.6448745727539,24.470966339111328,0.004348799008236361,0.0,-51.37001874156735,24.541289649339756,0.0027790104050888476,4.425000000000005,0,[]
944,47.2,-64.6448745727539,24.470966339111328,0.0027785266797730837,0.0,0.0,0.0,1.0,PlanStatus.FAIL,20,0.1811898191103693,-0.033437845705728365,False,,0.32065361153082345,0.03607389449163737,0.6548757141880736,0.0,4.5,False,7.3599000461399555,20,0.1811898191103693,-0.033437845705728365,0.1,60,-64.6448745727539,24.470966339111328,0.004348799008236361,0.0,-51.37001874156735,24.541289649339756,0.0027790104050888476,4.425000000000005,0,[]
945,47.25,-64.6448745727539,24.470966339111328,0.0027785266797730837,0.0,0.0,0.0,1.0,PlanStatus.FAIL,20,0.1811898191103693,-0.033437845705728365,False,,0.32065361153082345,0.03607389449163737,0.6548757141880736,0.0,4.5,False,7.208999944850802,20,0.1811898191103693,-0.033437845705728365,0.1,60,-64.6448745727539,24.470966339111328,0.004348799008236361,0.0,-51.37001874156735,24.541289649339756,0.0027790104050888476,4.425000000000005,0,[]
946,47.300000000000004,-64.6448745727539,24.470966339111328,0.0027785266797730837,0.0,0.0,0.0,1.0,PlanStatus.FAIL,20,0.1811898191103693,-0.033437845705728365,False,,0.32065361153082345,0.03607389449163737,0.6548757141880736,0.0,4.5,False,8.131899870932102,20,0.1811898191103693,-0.033437845705728365,0.1,60,-64.6448745727539,24.470966339111328,0.004348799008236361,0.0,-51.37001874156735,24.541289649339756,0.0027790104050888476,4.425000000000005,0,[]
947,47.35,-64.6448745727539,24.470966339111328,0.0027785266797730837,0.0,0.0,0.0,1.0,PlanStatus.FAIL,20,0.1811898191103693,-0.033437845705728365,False,,0.32065361153082345,0.03607389449163737,0.6548757141880736,0.0,4.5,False,6.717599928379059,20,0.1811898191103693,-0.033437845705728365,0.1,60,-64.6448745727539,24.470966339111328,0.004348799008236361,0.0,-51.37001874156735,24.541289649339756,0.0027790104050888476,4.425000000000005,0,[]
948,47.400000000000006,-64.6448745727539,24.470966339111328,0.0027785266797730837,0.0,0.0,0.0,1.0,PlanStatus.FAIL,20,0.1811898191103693,-0.033437845705728365,False,,0.32065361153082345,0.03607389449163737,0.6548757141880736,0.0,4.5,False,6.984400097280741,20,0.1811898191103693,-0.033437845705728365,0.1,60,-64.6448745727539,24.470966339111328,0.004348799008236361,0.0,-51.37001874156735,24.541289649339756,0.0027790104050888476,4.425000000000005,0,[]
949,47.45,-64.6448745727539,24.470966339111328,0.0027785266797730837,0.0,0.0,0.0,1.0,PlanStatus.FAIL,20,0.1811898191103693,-0.033437845705728365,False,,0.32065361153082345,0.03607389449163737,0.6548757141880736,0.0,4.5,False,6.876799976453185,20,0.1811898191103693,-0.033437845705728365,0.1,60,-64.6448745727539,24.470966339111328,0.004348799008236361,0.0,-51.37001874156735,24.541289649339756,0.0027790104050888476,4.425000000000005,0,[]
950,47.5,-64.6448745727539,24.470966339111328,0.0027785266797730837,0.0,0.0,0.0,1.0,PlanStatus.FAIL,20,0.1811898191103693,-0.033437845705728365,False,,0.32065361153082345,0.03607389449163737,0.6548757141880736,0.0,4.5,False,6.749599939212203,20,0.1811898191103693,-0.033437845705728365,0.1,60,-64.6448745727539,24.470966339111328,0.004348799008236361,0.0,-51.37001874156735,24.541289649339756,0.0027790104050888476,4.425000000000005,0,[]
951,47.550000000000004,-64.6448745727539,24.470966339111328,0.0027785266797730837,0.0,0.0,0.0,1.0,PlanStatus.FAIL,20,0.1811898191103693,-0.033437845705728365,False,,0.32065361153082345,0.03607389449163737,0.6548757141880736,0.0,4.5,False,7.19279982149601,20,0.1811898191103693,-0.033437845705728365,0.1,60,-64.6448745727539,24.470966339111328,0.004348799008236361,0.0,-51.37001874156735,24.541289649339756,0.0027790104050888476,4.425000000000005,0,[]
952,47.6,-64.6448745727539,24.470966339111328,0.0027785266797730837,0.0,0.0,0.0,1.0,PlanStatus.FAIL,20,0.1811898191103693,-0.033437845705728365,False,,0.32065361153082345,0.03607389449163737,0.6548757141880736,0.0,4.5,False,8.393599884584546,20,0.1811898191103693,-0.033437845705728365,0.1,60,-64.6448745727539,24.470966339111328,0.004348799008236361,0.0,-51.37001874156735,24.541289649339756,0.0027790104050888476,4.425000000000005,0,[]
953,47.650000000000006,-64.6448745727539,24.470966339111328,0.0027785266797730837,0.0,0.0,0.0,1.0,PlanStatus.FAIL,20,0.1811898191103693,-0.033437845705728365,False,,0.32065361153082345,0.03607389449163737,0.6548757141880736,0.0,4.5,False,7.197299972176552,20,0.1811898191103693,-0.033437845705728365,0.1,60,-64.6448745727539,24.470966339111328,0.004348799008236361,0.0,-51.37001874156735,24.541289649339756,0.0027790104050888476,4.425000000000005,0,[]
954,47.7,-64.6448745727539,24.470966339111328,0.0027785266797730837,0.0,0.0,0.0,1.0,PlanStatus.FAIL,20,0.1811898191103693,-0.033437845705728365,False,,0.32065361153082345,0.03607389449163737,0.6548757141880736,0.0,4.5,False,7.763999979943037,20,0.1811898191103693,-0.033437845705728365,0.1,60,-64.6448745727539,24.470966339111328,0.004348799008236361,0.0,-51.37001874156735,24.541289649339756,0.0027790104050888476,4.425000000000005,0,[]
955,47.75,-64.6448745727539,24.470966339111328,0.0027785266797730837,0.0,0.0,0.0,1.0,PlanStatus.FAIL,20,0.1811898191103693,-0.033437845705728365,False,,0.32065361153082345,0.03607389449163737,0.6548757141880736,0.0,4.5,False,7.346099941059947,20,0.1811898191103693,-0.033437845705728365,0.1,60,-64.6448745727539,24.470966339111328,0.004348799008236361,0.0,-51.37001874156735,24.541289649339756,0.0027790104050888476,4.425000000000005,0,[]
956,47.800000000000004,-64.6448745727539,24.470966339111328,0.0027785266797730837,0.0,0.0,0.0,1.0,PlanStatus.FAIL,20,0.1811898191103693,-0.033437845705728365,False,,0.32065361153082345,0.03607389449163737,0.6548757141880736,0.0,4.5,False,7.018399890512228,20,0.1811898191103693,-0.033437845705728365,0.1,60,-64.6448745727539,24.470966339111328,0.004348799008236361,0.0,-51.37001874156735,24.541289649339756,0.0027790104050888476,4.425000000000005,0,[]
957,47.85,-64.6448745727539,24.470966339111328,0.0027785266797730837,0.0,0.0,0.0,1.0,PlanStatus.FAIL,20,0.1811898191103693,-0.033437845705728365,False,,0.32065361153082345,0.03607389449163737,0.6548757141880736,0.0,4.5,False,7.780799875035882,20,0.1811898191103693,-0.033437845705728365,0.1,60,-64.6448745727539,24.470966339111328,0.004348799008236361,0.0,-51.37001874156735,24.541289649339756,0.0027790104050888476,4.425000000000005,0,[]
958,47.900000000000006,-64.6448745727539,24.470966339111328,0.0027785266797730837,0.0,0.0,0.0,1.0,PlanStatus.FAIL,20,0.1811898191103693,-0.033437845705728365,False,,0.32065361153082345,0.03607389449163737,0.6548757141880736,0.0,4.5,False,7.2725999634712934,20,0.1811898191103693,-0.033437845705728365,0.1,60,-64.6448745727539,24.470966339111328,0.004348799008236361,0.0,-51.37001874156735,24.541289649339756,0.0027790104050888476,4.425000000000005,0,[]
959,47.95,-64.6448745727539,24.470966339111328,0.0027785266797730837,0.0,0.0,0.0,1.0,PlanStatus.FAIL,20,0.1811898191103693,-0.033437845705728365,False,,0.32065361153082345,0.03607389449163737,0.6548757141880736,0.0,4.5,False,8.15330003388226,20,0.1811898191103693,-0.033437845705728365,0.1,60,-64.6448745727539,24.470966339111328,0.004348799008236361,0.0,-51.37001874156735,24.541289649339756,0.0027790104050888476,4.425000000000005,0,[]
960,48.0,-64.6448745727539,24.470966339111328,0.0027785266797730837,0.0,0.0,0.0,1.0,PlanStatus.FAIL,20,0.1811898191103693,-0.033437845705728365,False,,0.32065361153082345,0.03607389449163737,0.6548757141880736,0.0,4.5,False,8.677799953147769,20,0.1811898191103693,-0.033437845705728365,0.1,60,-64.6448745727539,24.470966339111328,0.004348799008236361,0.0,-51.37001874156735,24.541289649339756,0.0027790104050888476,4.425000000000005,0,[]
961,48.050000000000004,-64.6448745727539,24.470966339111328,0.0027785266797730837,0.0,0.0,0.0,1.0,PlanStatus.FAIL,20,0.1811898191103693,-0.033437845705728365,False,,0.32065361153082345,0.03607389449163737,0.6548757141880736,0.0,4.5,False,8.442800026386976,20,0.1811898191103693,-0.033437845705728365,0.1,60,-64.6448745727539,24.470966339111328,0.004348799008236361,0.0,-51.37001874156735,24.541289649339756,0.0027790104050888476,4.425000000000005,0,[]
962,48.1,-64.6448745727539,24.470966339111328,0.0027785266797730837,0.0,0.0,0.0,1.0,PlanStatus.FAIL,20,0.1811898191103693,-0.033437845705728365,False,,0.32065361153082345,0.03607389449163737,0.6548757141880736,0.0,4.5,False,8.272799896076322,20,0.1811898191103693,-0.033437845705728365,0.1,60,-64.6448745727539,24.470966339111328,0.004348799008236361,0.0,-51.37001874156735,24.541289649339756,0.0027790104050888476,4.425000000000005,0,[]
963,48.150000000000006,-64.6448745727539,24.470966339111328,0.0027785266797730837,0.0,0.0,0.0,1.0,PlanStatus.FAIL,20,0.1811898191103693,-0.033437845705728365,False,,0.32065361153082345,0.03607389449163737,0.6548757141880736,0.0,4.5,False,9.755699895322323,20,0.1811898191103693,-0.033437845705728365,0.1,60,-64.6448745727539,24.470966339111328,0.004348799008236361,0.0,-51.37001874156735,24.541289649339756,0.0027790104050888476,4.425000000000005,0,[]
964,48.2,-64.6448745727539,24.470966339111328,0.0027785266797730837,0.0,0.0,0.0,1.0,PlanStatus.FAIL,20,0.1811898191103693,-0.033437845705728365,False,,0.32065361153082345,0.03607389449163737,0.6548757141880736,0.0,4.5,False,8.341599954292178,20,0.1811898191103693,-0.033437845705728365,0.1,60,-64.6448745727539,24.470966339111328,0.004348799008236361,0.0,-51.37001874156735,24.541289649339756,0.0027790104050888476,4.425000000000005,0,[]
965,48.25,-64.6448745727539,24.470966339111328,0.0027785266797730837,0.0,0.0,0.0,1.0,PlanStatus.FAIL,20,0.1811898191103693,-0.033437845705728365,False,,0.32065361153082345,0.03607389449163737,0.6548757141880736,0.0,4.5,False,9.03169997036457,20,0.1811898191103693,-0.033437845705728365,0.1,60,-64.6448745727539,24.470966339111328,0.004348799008236361,0.0,-51.37001874156735,24.541289649339756,0.0027790104050888476,4.425000000000005,0,[]
966,48.300000000000004,-64.6448745727539,24.470966339111328,0.0027785266797730837,0.0,0.0,0.0,1.0,PlanStatus.FAIL,20,0.1811898191103693,-0.033437845705728365,False,,0.32065361153082345,0.03607389449163737,0.6548757141880736,0.0,4.5,False,8.926700102165341,20,0.1811898191103693,-0.033437845705728365,0.1,60,-64.6448745727539,24.470966339111328,0.004348799008236361,0.0,-51.37001874156735,24.541289649339756,0.0027790104050888476,4.425000000000005,0,[]
967,48.35,-64.6448745727539,24.470966339111328,0.0027785266797730837,0.0,0.0,0.0,1.0,PlanStatus.FAIL,20,0.1811898191103693,-0.033437845705728365,False,,0.32065361153082345,0.03607389449163737,0.6548757141880736,0.0,4.5,False,8.905299939215183,20,0.1811898191103693,-0.033437845705728365,0.1,60,-64.6448745727539,24.470966339111328,0.004348799008236361,0.0,-51.37001874156735,24.541289649339756,0.0027790104050888476,4.425000000000005,0,[]
968,48.400000000000006,-64.6448745727539,24.470966339111328,0.0027785266797730837,0.0,0.0,0.0,1.0,PlanStatus.FAIL,20,0.1811898191103693,-0.033437845705728365,False,,0.32065361153082345,0.03607389449163737,0.6548757141880736,0.0,4.5,False,8.944599889218807,20,0.1811898191103693,-0.033437845705728365,0.1,60,-64.6448745727539,24.470966339111328,0.004348799008236361,0.0,-51.37001874156735,24.541289649339756,0.0027790104050888476,4.425000000000005,0,[]
969,48.45,-64.6448745727539,24.470966339111328,0.0027785266797730837,0.0,0.0,0.0,1.0,PlanStatus.FAIL,20,0.1811898191103693,-0.033437845705728365,False,,0.32065361153082345,0.03607389449163737,0.6548757141880736,0.0,4.5,False,8.601699955761433,20,0.1811898191103693,-0.033437845705728365,0.1,60,-64.6448745727539,24.470966339111328,0.004348799008236361,0.0,-51.37001874156735,24.541289649339756,0.0027790104050888476,4.425000000000005,0,[]
970,48.5,-64.6448745727539,24.470966339111328,0.0027785266797730837,0.0,0.0,0.0,1.0,PlanStatus.FAIL,20,0.1811898191103693,-0.033437845705728365,False,,0.32065361153082345,0.03607389449163737,0.6548757141880736,0.0,4.5,False,9.1130998916924,20,0.1811898191103693,-0.033437845705728365,0.1,60,-64.6448745727539,24.470966339111328,0.004348799008236361,0.0,-51.37001874156735,24.541289649339756,0.0027790104050888476,4.425000000000005,0,[]
971,48.550000000000004,-64.6448745727539,24.470966339111328,0.0027785266797730837,0.0,0.0,0.0,1.0,PlanStatus.FAIL,20,0.1811898191103693,-0.033437845705728365,False,,0.32065361153082345,0.03607389449163737,0.6548757141880736,0.0,4.5,False,12.370600132271647,20,0.1811898191103693,-0.033437845705728365,0.1,60,-64.6448745727539,24.470966339111328,0.004348799008236361,0.0,-51.37001874156735,24.541289649339756,0.0027790104050888476,4.425000000000005,0,[]
972,48.6,-64.6448745727539,24.470966339111328,0.0027785266797730837,0.0,0.0,0.0,1.0,PlanStatus.FAIL,20,0.1811898191103693,-0.033437845705728365,False,,0.32065361153082345,0.03607389449163737,0.6548757141880736,0.0,4.5,False,10.922599816694856,20,0.1811898191103693,-0.033437845705728365,0.1,60,-64.6448745727539,24.470966339111328,0.004348799008236361,0.0,-51.37001874156735,24.541289649339756,0.0027790104050888476,4.425000000000005,0,[]
973,48.650000000000006,-64.6448745727539,24.470966339111328,0.0027785266797730837,0.0,0.0,0.0,1.0,PlanStatus.FAIL,20,0.1811898191103693,-0.033437845705728365,False,,0.32065361153082345,0.03607389449163737,0.6548757141880736,0.0,4.5,False,10.607299860566854,20,0.1811898191103693,-0.033437845705728365,0.1,60,-64.6448745727539,24.470966339111328,0.004348799008236361,0.0,-51.37001874156735,24.541289649339756,0.0027790104050888476,4.425000000000005,0,[]
974,48.7,-64.6448745727539,24.470966339111328,0.0027785266797730837,0.0,0.0,0.0,1.0,PlanStatus.FAIL,20,0.1811898191103693,-0.033437845705728365,False,,0.32065361153082345,0.03607389449163737,0.6548757141880736,0.0,4.5,False,10.077700018882751,20,0.1811898191103693,-0.033437845705728365,0.1,60,-64.6448745727539,24.470966339111328,0.004348799008236361,0.0,-51.37001874156735,24.541289649339756,0.0027790104050888476,4.425000000000005,0,[]
975,48.75,-64.6448745727539,24.470966339111328,0.0027785266797730837,0.0,0.0,0.0,1.0,PlanStatus.FAIL,20,0.1811898191103693,-0.033437845705728365,False,,0.32065361153082345,0.03607389449163737,0.6548757141880736,0.0,4.5,False,10.613000020384789,20,0.1811898191103693,-0.033437845705728365,0.1,60,-64.6448745727539,24.470966339111328,0.004348799008236361,0.0,-51.37001874156735,24.541289649339756,0.0027790104050888476,4.425000000000005,0,[]
976,48.800000000000004,-64.6448745727539,24.470966339111328,0.0027785266797730837,0.0,0.0,0.0,1.0,PlanStatus.FAIL,20,0.1811898191103693,-0.033437845705728365,False,,0.32065361153082345,0.03607389449163737,0.6548757141880736,0.0,4.5,False,9.027899941429496,20,0.1811898191103693,-0.033437845705728365,0.1,60,-64.6448745727539,24.470966339111328,0.004348799008236361,0.0,-51.37001874156735,24.541289649339756,0.0027790104050888476,4.425000000000005,0,[]
977,48.85,-64.6448745727539,24.470966339111328,0.0027785266797730837,0.0,0.0,0.0,1.0,PlanStatus.FAIL,20,0.1811898191103693,-0.033437845705728365,False,,0.32065361153082345,0.03607389449163737,0.6548757141880736,0.0,4.5,False,9.799699997529387,20,0.1811898191103693,-0.033437845705728365,0.1,60,-64.6448745727539,24.470966339111328,0.004348799008236361,0.0,-51.37001874156735,24.541289649339756,0.0027790104050888476,4.425000000000005,0,[]
978,48.900000000000006,-64.6448745727539,24.470966339111328,0.0027785266797730837,0.0,0.0,0.0,1.0,PlanStatus.FAIL,20,0.1811898191103693,-0.033437845705728365,False,,0.32065361153082345,0.03607389449163737,0.6548757141880736,0.0,4.5,False,8.994500152766705,20,0.1811898191103693,-0.033437845705728365,0.1,60,-64.6448745727539,24.470966339111328,0.004348799008236361,0.0,-51.37001874156735,24.541289649339756,0.0027790104050888476,4.425000000000005,0,[]
979,48.95,-64.6448745727539,24.470966339111328,0.0027785266797730837,0.0,0.0,0.0,1.0,PlanStatus.FAIL,20,0.1811898191103693,-0.033437845705728365,False,,0.32065361153082345,0.03607389449163737,0.6548757141880736,0.0,4.5,False,9.186099981889129,20,0.1811898191103693,-0.033437845705728365,0.1,60,-64.6448745727539,24.470966339111328,0.004348799008236361,0.0,-51.37001874156735,24.541289649339756,0.0027790104050888476,4.425000000000005,0,[]
980,49.0,-64.6448745727539,24.470966339111328,0.0027785266797730837,0.0,0.0,0.0,1.0,PlanStatus.FAIL,20,0.1811898191103693,-0.033437845705728365,False,,0.32065361153082345,0.03607389449163737,0.6548757141880736,0.0,4.5,False,9.001199854537845,20,0.1811898191103693,-0.033437845705728365,0.1,60,-64.6448745727539,24.470966339111328,0.004348799008236361,0.0,-51.37001874156735,24.541289649339756,0.0027790104050888476,4.425000000000005,0,[]
981,49.050000000000004,-64.6448745727539,24.470966339111328,0.0027785266797730837,0.0,0.0,0.0,1.0,PlanStatus.FAIL,20,0.1811898191103693,-0.033437845705728365,False,,0.32065361153082345,0.03607389449163737,0.6548757141880736,0.0,4.5,False,9.419200010597706,20,0.1811898191103693,-0.033437845705728365,0.1,60,-64.6448745727539,24.470966339111328,0.004348799008236361,0.0,-51.37001874156735,24.541289649339756,0.0027790104050888476,4.425000000000005,0,[]
982,49.1,-64.6448745727539,24.470966339111328,0.0027785266797730837,0.0,0.0,0.0,1.0,PlanStatus.FAIL,20,0.1811898191103693,-0.033437845705728365,False,,0.32065361153082345,0.03607389449163737,0.6548757141880736,0.0,4.5,False,8.066399954259396,20,0.1811898191103693,-0.033437845705728365,0.1,60,-64.6448745727539,24.470966339111328,0.004348799008236361,0.0,-51.37001874156735,24.541289649339756,0.0027790104050888476,4.425000000000005,0,[]
983,49.150000000000006,-64.6448745727539,24.470966339111328,0.0027785266797730837,0.0,0.0,0.0,1.0,PlanStatus.FAIL,20,0.1811898191103693,-0.033437845705728365,False,,0.32065361153082345,0.03607389449163737,0.6548757141880736,0.0,4.5,False,7.816199911758304,20,0.1811898191103693,-0.033437845705728365,0.1,60,-64.6448745727539,24.470966339111328,0.004348799008236361,0.0,-51.37001874156735,24.541289649339756,0.0027790104050888476,4.425000000000005,0,[]
984,49.2,-64.6448745727539,24.470966339111328,0.0027785266797730837,0.0,0.0,0.0,1.0,PlanStatus.FAIL,20,0.1811898191103693,-0.033437845705728365,False,,0.32065361153082345,0.03607389449163737,0.6548757141880736,0.0,4.5,False,8.132999995723367,20,0.1811898191103693,-0.033437845705728365,0.1,60,-64.6448745727539,24.470966339111328,0.004348799008236361,0.0,-51.37001874156735,24.541289649339756,0.0027790104050888476,4.425000000000005,0,[]
985,49.25,-64.6448745727539,24.470966339111328,0.0027785266797730837,0.0,0.0,0.0,1.0,PlanStatus.FAIL,20,0.1811898191103693,-0.033437845705728365,False,,0.32065361153082345,0.03607389449163737,0.6548757141880736,0.0,4.5,False,7.89860007353127,20,0.1811898191103693,-0.033437845705728365,0.1,60,-64.6448745727539,24.470966339111328,0.004348799008236361,0.0,-51.37001874156735,24.541289649339756,0.0027790104050888476,4.425000000000005,0,[]
986,49.300000000000004,-64.6448745727539,24.470966339111328,0.0027785266797730837,0.0,0.0,0.0,1.0,PlanStatus.FAIL,20,0.1811898191103693,-0.033437845705728365,False,,0.32065361153082345,0.03607389449163737,0.6548757141880736,0.0,4.5,False,7.907500024884939,20,0.1811898191103693,-0.033437845705728365,0.1,60,-64.6448745727539,24.470966339111328,0.004348799008236361,0.0,-51.37001874156735,24.541289649339756,0.0027790104050888476,4.425000000000005,0,[]
987,49.35,-64.6448745727539,24.470966339111328,0.0027785266797730837,0.0,0.0,0.0,1.0,PlanStatus.FAIL,20,0.1811898191103693,-0.033437845705728365,False,,0.32065361153082345,0.03607389449163737,0.6548757141880736,0.0,4.5,False,7.878300035372376,20,0.1811898191103693,-0.033437845705728365,0.1,60,-64.6448745727539,24.470966339111328,0.004348799008236361,0.0,-51.37001874156735,24.541289649339756,0.0027790104050888476,4.425000000000005,0,[]
988,49.400000000000006,-64.6448745727539,24.470966339111328,0.0027785266797730837,0.0,0.0,0.0,1.0,PlanStatus.FAIL,20,0.1811898191103693,-0.033437845705728365,False,,0.32065361153082345,0.03607389449163737,0.6548757141880736,0.0,4.5,False,7.9166998621076345,20,0.1811898191103693,-0.033437845705728365,0.1,60,-64.6448745727539,24.470966339111328,0.004348799008236361,0.0,-51.37001874156735,24.541289649339756,0.0027790104050888476,4.425000000000005,0,[]
989,49.45,-64.6448745727539,24.470966339111328,0.0027785266797730837,0.0,0.0,0.0,1.0,PlanStatus.FAIL,20,0.1811898191103693,-0.033437845705728365,False,,0.32065361153082345,0.03607389449163737,0.6548757141880736,0.0,4.5,False,7.64990015886724,20,0.1811898191103693,-0.033437845705728365,0.1,60,-64.6448745727539,24.470966339111328,0.004348799008236361,0.0,-51.37001874156735,24.541289649339756,0.0027790104050888476,4.425000000000005,0,[]
990,49.5,-64.6448745727539,24.470966339111328,0.0027785266797730837,0.0,0.0,0.0,1.0,PlanStatus.FAIL,20,0.1811898191103693,-0.033437845705728365,False,,0.32065361153082345,0.03607389449163737,0.6548757141880736,0.0,4.5,False,8.26170016080141,20,0.1811898191103693,-0.033437845705728365,0.1,60,-64.6448745727539,24.470966339111328,0.004348799008236361,0.0,-51.37001874156735,24.541289649339756,0.0027790104050888476,4.425000000000005,0,[]
991,49.550000000000004,-64.6448745727539,24.470966339111328,0.0027785266797730837,0.0,0.0,0.0,1.0,PlanStatus.FAIL,20,0.1811898191103693,-0.033437845705728365,False,,0.32065361153082345,0.03607389449163737,0.6548757141880736,0.0,4.5,False,7.9391999170184135,20,0.1811898191103693,-0.033437845705728365,0.1,60,-64.6448745727539,24.470966339111328,0.004348799008236361,0.0,-51.37001874156735,24.541289649339756,0.0027790104050888476,4.425000000000005,0,[]
992,49.6,-64.6448745727539,24.470966339111328,0.0027785266797730837,0.0,0.0,0.0,1.0,PlanStatus.FAIL,20,0.1811898191103693,-0.033437845705728365,False,,0.32065361153082345,0.03607389449163737,0.6548757141880736,0.0,4.5,False,8.68520000949502,20,0.1811898191103693,-0.033437845705728365,0.1,60,-64.6448745727539,24.470966339111328,0.004348799008236361,0.0,-51.37001874156735,24.541289649339756,0.0027790104050888476,4.425000000000005,0,[]
993,49.650000000000006,-64.6448745727539,24.470966339111328,0.0027785266797730837,0.0,0.0,0.0,1.0,PlanStatus.FAIL,20,0.1811898191103693,-0.033437845705728365,False,,0.32065361153082345,0.03607389449163737,0.6548757141880736,0.0,4.5,False,7.7852001413702965,20,0.1811898191103693,-0.033437845705728365,0.1,60,-64.6448745727539,24.470966339111328,0.004348799008236361,0.0,-51.37001874156735,24.541289649339756,0.0027790104050888476,4.425000000000005,0,[]
994,49.7,-64.6448745727539,24.470966339111328,0.0027785266797730837,0.0,0.0,0.0,1.0,PlanStatus.FAIL,20,0.1811898191103693,-0.033437845705728365,False,,0.32065361153082345,0.03607389449163737,0.6548757141880736,0.0,4.5,False,8.202900178730488,20,0.1811898191103693,-0.033437845705728365,0.1,60,-64.6448745727539,24.470966339111328,0.004348799008236361,0.0,-51.37001874156735,24.541289649339756,0.0027790104050888476,4.425000000000005,0,[]
995,49.75,-64.6448745727539,24.470966339111328,0.0027785266797730837,0.0,0.0,0.0,1.0,PlanStatus.FAIL,20,0.1811898191103693,-0.033437845705728365,False,,0.32065361153082345,0.03607389449163737,0.6548757141880736,0.0,4.5,False,8.629400050267577,20,0.1811898191103693,-0.033437845705728365,0.1,60,-64.6448745727539,24.470966339111328,0.004348799008236361,0.0,-51.37001874156735,24.541289649339756,0.0027790104050888476,4.425000000000005,0,[]
996,49.800000000000004,-64.6448745727539,24.470966339111328,0.0027785266797730837,0.0,0.0,0.0,1.0,PlanStatus.FAIL,20,0.1811898191103693,-0.033437845705728365,False,,0.32065361153082345,0.03607389449163737,0.6548757141880736,0.0,4.5,False,7.82880000770092,20,0.1811898191103693,-0.033437845705728365,0.1,60,-64.6448745727539,24.470966339111328,0.004348799008236361,0.0,-51.37001874156735,24.541289649339756,0.0027790104050888476,4.425000000000005,0,[]
997,49.85,-64.6448745727539,24.470966339111328,0.0027785266797730837,0.0,0.0,0.0,1.0,PlanStatus.FAIL,20,0.1811898191103693,-0.033437845705728365,False,,0.32065361153082345,0.03607389449163737,0.6548757141880736,0.0,4.5,False,7.577000185847282,20,0.1811898191103693,-0.033437845705728365,0.1,60,-64.6448745727539,24.470966339111328,0.004348799008236361,0.0,-51.37001874156735,24.541289649339756,0.0027790104050888476,4.425000000000005,0,[]
998,49.900000000000006,-64.6448745727539,24.470966339111328,0.0027785266797730837,0.0,0.0,0.0,1.0,PlanStatus.FAIL,20,0.1811898191103693,-0.033437845705728365,False,,0.32065361153082345,0.03607389449163737,0.6548757141880736,0.0,4.5,False,7.739899912849069,20,0.1811898191103693,-0.033437845705728365,0.1,60,-64.6448745727539,24.470966339111328,0.004348799008236361,0.0,-51.37001874156735,24.541289649339756,0.0027790104050888476,4.425000000000005,0,[]
999,49.95,-64.6448745727539,24.470966339111328,0.0027785266797730837,0.0,0.0,0.0,1.0,PlanStatus.FAIL,20,0.1811898191103693,-0.033437845705728365,False,,0.32065361153082345,0.03607389449163737,0.6548757141880736,0.0,4.5,False,7.5536000076681376,20,0.1811898191103693,-0.033437845705728365,0.1,60,-64.6448745727539,24.470966339111328,0.004348799008236361,0.0,-51.37001874156735,24.541289649339756,0.0027790104050888476,4.425000000000005,0,[]
