step,t,ego_x,ego_y,ego_yaw,ego_speed,ctrl_steer,ctrl_throttle,ctrl_brake,plan_status,num_candidates,ego_s0,ego_l0,best_valid,best_min_clearance_m,best_max_curvature,best_max_yaw_rate,best_cost_total,best_l_target,best_v_target,best_collision,timing_plan_total_ms,debug_num_candidates,debug_ego_s0,debug_ego_l0,traj_dt,traj_len,traj0_x,traj0_y,traj0_yaw,traj0_v,trajN_x,trajN_y,trajN_yaw,trajN_v,num_obstacles,obstacles
0,0.0,-64.64485931396484,24.47098159790039,0.0027785219984352303,0.0,-9.095916539081372e-06,0.5,0.0,PlanStatus.OK,20,0.18120512024478977,-0.03342262937986634,True,53.03542783926351,5.624789917586036e-06,1.7809514032780457e-05,0.0018895603513766782,-0.03342262937986634,4.0,False,7.425900083035231,20,0.18120512024478977,-0.03342262937986634,0.1,60,-64.64485931396484,24.47098159790039,0.0027790104048607107,0.0,-52.844904864440295,24.503768192315945,0.0027771030639968035,3.933333333333339,1,"[{""id"": 134, ""x"": -110.19766998291016, ""y"": -9.835138320922852, ""vx"": -0.000835526967421174, ""vy"": 0.30784380435943604, ""r"": 2.5906050205230713}]"
1,0.05,-64.64485931396484,24.47098159790039,0.0027785219984352303,0.002394466600333477,-9.08621950657107e-06,0.5,0.0,PlanStatus.OK,20,0.18120512024478977,-0.03342262937986634,True,53.019921355353105,5.783386272796508e-06,1.7404436705326792e-05,0.0018900770219697199,-0.03342262937986634,4.0,False,7.926899939775467,20,0.18120512024478977,-0.03342262937986634,0.1,60,-64.64485931396484,24.47098159790039,0.0027790104048548924,0.002394466600333477,-52.83784121475762,24.50378780884955,0.00277710306399402,3.933373241110001,1,"[{""id"": 134, ""x"": -110.19778442382812, ""y"": -9.8092041015625, ""vx"": -0.0014770677080377936, ""vy"": 0.6490539312362671, ""r"": 2.5906050205230713}]"
2,0.1,-64.64485931396484,24.47098159790039,0.0027785219984352303,0.00012598415736953195,-9.095405403058976e-06,0.5,0.0,PlanStatus.OK,20,0.18120512024478977,-0.03342262937986634,True,52.99475281997398,5.610999280899765e-06,1.7788198052094174e-05,0.0018910012416267386,-0.03342262937986634,4.0,False,7.930699968710542,20,0.18120512024478977,-0.03342262937986634,0.1,60,-64.64485931396484,24.47098159790039,0.0027790104047834513,0.00012598415736953195,-52.84453321258552,24.5037692244341,0.0027771030639966985,3.9333354330692933,1,"[{""id"": 134, ""x"": -110.19796752929688, ""y"": -9.76708698272705, ""vx"": -0.0020901027601212263, ""vy"": 0.962459921836853, ""r"": 2.5906050205230713}]"
3,0.15000000000000002,-64.64485931396484,24.470977783203125,0.0027785219984352303,0.0007868103188375848,-9.092726941162255e-06,0.5,0.0,PlanStatus.OK,20,0.18120510964372002,-0.0334264440623995,True,52.96541778898436,5.641166387125347e-06,1.7676394835734743e-05,0.0018920339963743274,-0.0334264440623995,4.0,False,7.552700117230415,20,0.18120510964372002,-0.0334264440623995,0.1,60,-64.64485931396484,24.470977783203125,0.00277901040517666,0.0007868103188375848,-52.84258378280235,24.5037708235182,0.0027771030639963884,3.933346446838651,1,"[{""id"": 134, ""x"": -110.19818878173828, ""y"": -9.717948913574219, ""vx"": -0.0017014375189319253, ""vy"": 1.0137693881988525, ""r"": 2.5906050205230713}]"
4,0.2,-64.64485931396484,24.470977783203125,0.0027785219984352303,0.0010386850714070432,-9.091706488106865e-06,0.5,0.0,PlanStatus.OK,20,0.18120510964372002,-0.0334264440623995,True,52.932571783030276,5.6634599517902785e-06,1.763378294230688e-05,0.0018932029847758597,-0.0334264440623995,4.0,False,7.939500035718083,20,0.18120510964372002,-0.0334264440623995,0.1,60,-64.64485931396484,24.470977783203125,0.0027790104053668366,0.0010386850714070432,-52.841840755100144,24.503772886988013,0.002777103063995161,3.93335064475119,1,"[{""id"": 134, ""x"": -110.19876098632812, ""y"": -9.66243839263916, ""vx"": -0.004644404165446758, ""vy"": 1.184431791305542, ""r"": 2.5906050205230713}]"
5,0.25,-64.64486694335938,24.470977783203125,0.0027785219984352303,0.0009936714814647318,-9.091904757951852e-06,0.5,0.0,PlanStatus.OK,20,0.1811974802786493,-0.033426422860262414,True,52.89953378224137,5.659188927150676e-06,1.7641852933180345e-05,0.0018943832937313159,-0.033426422860262414,4.0,False,8.243699790909886,20,0.1811974802786493,-0.033426422860262414,0.1,60,-64.64486694335938,24.470977783203125,0.0027790104052194363,0.0009936714814647318,-52.84198117408192,24.503772518231244,0.0027771030639953376,3.933349894524696,1,"[{""id"": 134, ""x"": -110.19923400878906, ""y"": -9.606691360473633, ""vx"": -0.004701448138803244, ""vy"": 1.0705032348632812, ""r"": 2.5906050205230713}]"
6,0.30000000000000004,-64.64486694335938,24.470977783203125,0.0027785219984352303,0.0008377075780642205,-9.092536856769584e-06,0.5,0.0,PlanStatus.OK,20,0.1811974802786493,-0.033426422860262414,True,52.86612962135139,5.645384275674311e-06,1.7668238710883723e-05,0.0018955792767654375,-0.033426422860262414,4.0,False,8.403400192037225,20,0.1811974802786493,-0.033426422860262414,0.1,60,-64.64486694335938,24.470977783203125,0.0027790104051383492,0.0008377075780642205,-52.842441265852116,24.5037712405057,0.0027771030640118513,3.9333472951262998,1,"[{""id"": 134, ""x"": -110.19950866699219, ""y"": -9.550528526306152, ""vx"": -0.0023710529785603285, ""vy"": 1.1614054441452026, ""r"": 2.5906050205230713}]"
7,0.35000000000000003,-64.64486694335938,24.470977783203125,0.0027785219984352303,0.0006603051014318883,-9.093256267078687e-06,0.5,0.0,PlanStatus.OK,20,0.1811974802786493,-0.033426422860262414,True,52.83357732853198,5.629680259921408e-06,1.7698251862561208e-05,0.0018967464684045228,-0.033426422860262414,4.0,False,7.543599931523204,20,0.1811974802786493,-0.033426422860262414,0.1,60,-64.64486694335938,24.470977783203125,0.0027790104047743097,0.0006603051014318883,-52.842964601173485,24.503769787145835,0.00277710306399517,3.9333443384183533,1,"[{""id"": 134, ""x"": -110.19971466064453, ""y"": -9.49582290649414, ""vx"": -0.0028370856307446957, ""vy"": 1.0535149574279785, ""r"": 2.5906050205230713}]"
8,0.4,-64.64486694335938,24.470977783203125,0.0027785219984352303,0.0004983711760529993,-9.093912012758665e-06,0.5,0.0,PlanStatus.OK,20,0.1811974802786493,-0.033426422860262414,True,52.80040393123529,5.6153436736786536e-06,1.7725648712501804e-05,0.0018979372186378794,-0.033426422860262414,4.0,False,8.030700031667948,20,0.1811974802786493,-0.033426422860262414,0.1,60,-64.64486694335938,24.470977783203125,0.002779010404929925,0.0004983711760529993,-52.84344230444169,24.503768460511218,0.002777103064000667,3.933341639519604,1,"[{""id"": 134, ""x"": -110.19981384277344, ""y"": -9.440163612365723, ""vx"": -0.0009776951046660542, ""vy"": 1.1543900966644287, ""r"": 2.5906050205230713}]"
9,0.45,-64.64486694335938,24.470977783203125,0.0027785219984352303,0.00016604427690989233,-9.095259883906692e-06,0.5,0.0,PlanStatus.OK,20,0.1811974802786493,-0.033426422860262414,True,52.76648865126459,5.606997791269516e-06,1.7781875453078654e-05,0.0018991620368820118,-0.033426422860262414,4.0,False,7.293100003153086,20,0.1811974802786493,-0.033426422860262414,0.1,60,-64.64486694335938,24.470977783203125,0.002779010404903766,0.00016604427690989233,-52.844422665076245,24.503765737941695,0.0027771030639983218,3.933336100737951,1,"[{""id"": 134, ""x"": -110.20014190673828, ""y"": -9.382893562316895, ""vx"": -0.009361728094518185, ""vy"": 1.2289769649505615, ""r"": 2.5906050205230713}]"
10,0.5,-64.64486694335938,24.470977783203125,0.0027785219984352303,0.00022438052098794646,-9.095023415284231e-06,0.5,0.0,PlanStatus.OK,20,0.1811974802786493,-0.033426422860262414,True,52.72268880578977,5.600612733075299e-06,1.7772004996361064e-05,0.0019007334867747689,-0.033426422860262414,4.0,False,7.5345998629927635,20,0.1811974802786493,-0.033426422860262414,0.1,60,-64.64486694335938,24.470977783203125,0.002779010405023576,0.00022438052098794646,-52.84425057380885,24.503766215858107,0.0027771030639906187,3.9333370730086874,1,"[{""id"": 134, ""x"": -110.20053100585938, ""y"": -9.30888557434082, ""vx"": 0.0008200237643904984, ""vy"": 1.516336441040039, ""r"": 2.5906050205230713}]"
11,0.55,-64.64486694335938,24.470977783203125,0.0027785219984352303,0.00021638872620007718,-9.095056157093495e-06,0.5,0.0,PlanStatus.OK,20,0.1811974802786493,-0.033426422860262414,True,52.67166238301689,5.601487613845601e-06,1.777335736166414e-05,0.001902571285166035,-0.033426422860262414,4.0,False,7.325300015509129,20,0.1811974802786493,-0.033426422860262414,0.1,60,-64.64486694335938,24.470977783203125,0.0027790104050026596,0.00021638872620007718,-52.84427414951407,24.50376615038578,0.002777103063997468,3.9333369398121003,1,"[{""id"": 134, ""x"": -110.20089721679688, ""y"": -9.222651481628418, ""vx"": -0.0027888433542102575, ""vy"": 1.862249732017517, ""r"": 2.5906050205230713}]"
12,0.6000000000000001,-64.64486694335938,24.470977783203125,0.0027785219984352303,0.00018402100643207024,-9.09518712433055e-06,0.5,0.0,PlanStatus.OK,20,0.1811974802786493,-0.033426422860262414,True,52.61140860744869,5.605030251931127e-06,1.7778833888652118e-05,0.0019047471490622582,-0.033426422860262414,4.0,False,9.99350007623434,20,0.1811974802786493,-0.033426422860262414,0.1,60,-64.64486694335938,24.470977783203125,0.002779010404889476,0.00018402100643207024,-52.84436963392526,24.503765885215042,0.0027771030639964335,3.9333364003501123,1,"[{""id"": 134, ""x"": -110.20069122314453, ""y"": -9.121503829956055, ""vx"": -0.00021139289310667664, ""vy"": 1.9987250566482544, ""r"": 2.5906050205230713}]"
13,0.65,-64.64486694335938,24.470977783203125,0.0027785219984352303,0.00014657975325468528,-9.095339009945747e-06,0.5,0.0,PlanStatus.OK,20,0.1811974802786493,-0.033426422860262414,True,52.54259719166549,5.609128178277232e-06,1.778516865312725e-05,0.0019072381664285284,-0.033426422860262414,4.0,False,7.338099880144,20,0.1811974802786493,-0.033426422860262414,0.1,60,-64.64486694335938,24.470977783203125,0.0027790104047752478,0.00014657975325468528,-52.844480085203266,24.503765578479676,0.0027771030640029257,3.93333577632922,1,"[{""id"": 134, ""x"": -110.2008285522461, ""y"": -9.005242347717285, ""vx"": -0.0016106723342090845, ""vy"": 2.4152846336364746, ""r"": 2.5906050205230713}]"
14,0.7000000000000001,-64.64486694335938,24.470977783203125,0.0027785219984352303,0.000110387821711407,-9.095485438592732e-06,0.5,0.0,PlanStatus.OK,20,0.1811974802786493,-0.033426422860262414,True,52.46547711786851,5.613089630687409e-06,1.779129195704412e-05,0.0019100374354337698,-0.033426422860262414,4.0,False,7.1118001360446215,20,0.1811974802786493,-0.033426422860262414,0.1,60,-64.64486694335938,24.470977783203125,0.002779010404771201,0.000110387821711407,-52.84458685099643,24.5037652819793,0.0027771030640038196,3.9333351731303554,1,"[{""id"": 134, ""x"": -110.20089721679688, ""y"": -8.874746322631836, ""vx"": -0.0004978349315933883, ""vy"": 2.7046427726745605, ""r"": 2.5906050205230713}]"
15,0.75,-64.64483642578125,24.470977783203125,0.0027755493488981595,0.0031105096615903593,-2.7751173092838144e-06,0.5,0.0,PlanStatus.OK,20,0.18122799773893228,-0.033426507668817905,True,52.38140753171932,5.847533726500505e-06,1.728196233429999e-05,0.0019130596729664772,-0.033426507668817905,4.0,False,7.15889991261065,20,0.18122799773893228,-0.033426507668817905,0.1,60,-64.64483642578125,24.470977783203125,0.0027790104053021,0.0031105096615903593,-52.83570600755258,24.50378986025136,0.002777103063993743,3.933385175161028,1,"[{""id"": 134, ""x"": -110.20138549804688, ""y"": -8.731501579284668, ""vx"": -0.004617300350219011, ""vy"": 2.967857837677002, ""r"": 2.5906050205230713}]"
16,0.8,-64.61518859863281,24.4710636138916,0.0027729179168757547,0.8606069394855983,5.055365363659803e-06,0.5,0.0,PlanStatus.OK,20,0.21087594892792796,-0.033423068825855745,True,52.30923883651081,8.268662060147043e-06,1.598524972533117e-05,0.00191581852154212,-0.033423068825855745,4.0,False,7.767300121486187,20,0.21087594892792796,-0.033423068825855745,0.1,60,-64.61518859863281,24.4710636138916,0.002779010405109391,0.8606069394855983,-50.27645351477329,24.51090548841932,0.002779010405139363,3.947676782324756,1,"[{""id"": 134, ""x"": -110.20155334472656, ""y"": -8.56763744354248, ""vx"": -0.004537701141089201, ""vy"": 3.4097001552581787, ""r"": 2.5906050205230713}]"
17,0.8500000000000001,-64.55342102050781,24.471193313598633,0.0028896325120944285,1.4566926543499528,-0.0002417817449895665,0.5,0.0,PlanStatus.OK,20,0.27264364897707444,-0.0334650221410175,True,52.2588673523916,7.601104868465051e-06,1.782638937152404e-05,0.0019185809427354475,-0.0334650221410175,4.0,False,7.256899960339069,20,0.27264364897707444,-0.0334650221410175,0.1,60,-64.55342102050781,24.471193313598633,0.002779010405107065,1.4566926543499528,-48.45623982763151,24.515920033391417,0.002778885702938354,3.9576115442391724,1,"[{""id"": 134, ""x"": -110.2021255493164, ""y"": -8.395186424255371, ""vx"": -0.00809432938694954, ""vy"": 3.6587910652160645, ""r"": 2.5906050205230713}]"
18,0.9,-64.47007751464844,24.471385955810547,0.0029578939601561482,1.7959457991547856,-0.00038624773151241243,0.5,0.0,PlanStatus.OK,20,0.35598736836394684,-0.033503992844841575,True,52.21633959180987,7.407170279979952e-06,1.69761825486673e-05,0.0019191994875278242,-0.033503992844841575,4.0,False,7.220499916002154,20,0.35598736836394684,-0.033503992844841575,0.1,60,-64.47007751464844,24.471385955810547,0.002779010405091847,1.7959457991547856,-47.372103409121515,24.51889389668063,0.0027790104050934364,3.963265763319253,1,"[{""id"": 134, ""x"": -110.20297241210938, ""y"": -8.204644203186035, ""vx"": -0.012906932272017002, ""vy"": 3.92507004737854, ""r"": 2.5906050205230713}]"
19,0.9500000000000001,-64.37208557128906,24.47163963317871,0.0029190331343356577,2.05429902209608,-0.0002984085585922003,0.5,0.0,PlanStatus.OK,20,0.4539796383037712,-0.033522636735934065,True,52.178579890612525,5.636142503895758e-06,1.8797768610318705e-05,0.0019210604955448973,-0.033522636735934065,4.0,False,6.933400174602866,20,0.4539796383037712,-0.033522636735934065,0.1,60,-64.37208557128906,24.47163963317871,0.002779010405081257,2.05429902209608,-46.511972421143355,24.52126557183628,0.002779010405102268,3.9675716503682628,1,"[{""id"": 134, ""x"": -110.20431518554688, ""y"": -7.999640941619873, ""vx"": -0.009053044952452183, ""vy"": 4.100200176239014, ""r"": 2.5906050205230713}]"
20,1.0,-64.26305389404297,24.471967697143555,0.002789877883770896,2.260761079454482,-2.220050919277128e-05,0.5,0.0,PlanStatus.OK,20,0.5630118062218278,-0.033497573813434364,True,52.14239148032614,6.95149013946298e-06,1.8134208507273458e-05,0.001922319524218669,-0.033497573813434364,4.0,False,7.073899963870645,20,0.5630118062218278,-0.033497573813434364,0.1,60,-64.26305389404297,24.471967697143555,0.002779010405092502,2.260761079454482,-45.79388006811539,24.523286164590075,0.0027788554738182756,3.9710126846575795,1,"[{""id"": 134, ""x"": -110.20502471923828, ""y"": -7.780917644500732, ""vx"": -0.011409026570618153, ""vy"": 4.5206522941589355, ""r"": 2.5906050205230713}]"
21,1.05,-64.14476776123047,24.472248077392578,0.002929612697810593,2.4360387100066667,-0.0003187653492204845,0.469188392162323,0.0,PlanStatus.OK,20,0.6812982614573299,-0.033545912617840665,True,52.1086785812177,6.870817998688385e-06,1.8846636728824494e-05,0.001923300862349064,-0.033545912617840665,4.0,False,6.959600141271949,20,0.6812982614573299,-0.033545912617840665,0.1,60,-64.14476776123047,24.472248077392578,0.002779010405083063,2.4360387100066667,-45.15852687765313,24.52500227142717,0.002777103063966387,3.973933978500099,1,"[{""id"": 134, ""x"": -110.20585632324219, ""y"": -7.551270484924316, ""vx"": -0.0121105145663023, ""vy"": 4.661569118499756, ""r"": 2.5906050205230713}]"
22,1.1,-64.01811218261719,24.472639083862305,0.002780330295218367,2.5964963472357665,-2.0104614577576285e-06,0.4210510849952698,0.0,PlanStatus.OK,20,0.807954437606465,-0.03350688437574538,True,52.07534096224661,6.078563389962496e-06,1.7945029975969737e-05,0.0019248421760902448,-0.03350688437574538,4.0,False,6.844499846920371,20,0.807954437606465,-0.03350688437574538,0.1,60,-64.01811218261719,24.472639083862305,0.0027790104050893958,2.5964963472357665,-44.55852307408167,24.526708089782048,0.0027783938005765617,3.9766082724539356,1,"[{""id"": 134, ""x"": -110.20679473876953, ""y"": -7.307793617248535, ""vx"": -0.012030567042529583, ""vy"": 5.023304462432861, ""r"": 2.5906050205230713}]"
23,1.1500000000000001,-63.88398361206055,24.47296905517578,0.002908061898926967,2.739039942766188,-0.00027309192228130996,0.37828803062438965,0.0,PlanStatus.OK,20,0.9420834072252817,-0.033549658549854845,True,52.04293982717474,4.733153660541389e-06,1.7788318335720983e-05,0.0019259295826488958,-0.033549658549854845,4.0,False,7.862600032240152,20,0.9420834072252817,-0.033549658549854845,0.1,60,-63.88398361206055,24.47296905517578,0.002779010405090628,2.739039942766188,-44.003892520873315,24.528206649368702,0.002779021006198628,3.978983999046104,1,"[{""id"": 134, ""x"": -110.20756530761719, ""y"": -7.052955627441406, ""vx"": -0.010825064964592457, ""vy"": 5.105730056762695, ""r"": 2.5906050205230713}]"
24,1.2000000000000002,-63.7432975769043,24.473392486572266,0.0027687328008345873,2.8621135995749327,2.2552054360858165e-05,0.3413659334182739,0.0,PlanStatus.OK,20,1.0827700758486152,-0.03351719624074628,True,52.010771083424,5.2263290294822756e-06,1.7396376274050364e-05,0.00192707553417587,-0.03351719624074628,4.0,False,6.9339999463409185,20,1.0827700758486152,-0.03351719624074628,0.1,60,-63.7432975769043,24.473392486572266,0.0027790104050870058,2.8621135995749327,-43.500140599986366,24.52963904566502,0.0027790036437071253,3.981035226659589,1,"[{""id"": 134, ""x"": -110.20865631103516, ""y"": -6.785599231719971, ""vx"": -0.03760431334376335, ""vy"": 5.417498588562012, ""r"": 2.5906050205230713}]"
25,1.25,-63.5970458984375,24.473758697509766,0.0028901035066973713,2.9659750461325274,-0.00023502184194512665,0.3102074861526489,0.0,PlanStatus.OK,20,1.229022207275013,-0.03355742113042841,True,51.98508942288492,5.627331397219616e-06,1.8331825653713704e-05,0.0019281665654730478,-0.03355742113042841,4.0,False,7.154500111937523,20,1.229022207275013,-0.03355742113042841,0.1,60,-63.5970458984375,24.473758697509766,0.002779010405088822,2.9659750461325274,-43.04749883695303,24.53085671522897,0.002778999804068359,3.9827662507688877,1,"[{""id"": 134, ""x"": -110.21014404296875, ""y"": -6.518134593963623, ""vx"": -0.03737528994679451, ""vy"": 5.296240329742432, ""r"": 2.5906050205230713}]"
26,1.3,-63.44614028930664,24.474218368530273,0.002758478070191831,3.051975200175941,4.428230749908835e-05,0.28440743684768677,0.0,PlanStatus.OK,20,1.3799285111207757,-0.033517119603087245,True,51.967434497509956,5.075490680833862e-06,1.8978748296616735e-05,0.001928823458056122,-0.033517119603087245,4.0,False,7.282700156792998,20,1.3799285111207757,-0.033517119603087245,0.1,60,-63.44614028930664,24.474218368530273,0.0027790104050846288,3.051975200175941,-42.64289376473216,24.532021421108283,0.0027790095560591105,3.984199586669603,1,"[{""id"": 134, ""x"": -110.2113037109375, ""y"": -6.255599021911621, ""vx"": -0.0372343473136425, ""vy"": 5.107905387878418, ""r"": 2.5906050205230713}]"
27,1.35,-63.29141616821289,24.474609375,0.002875739341642082,3.122062845835196,-0.00020456462516449392,0.26338115334510803,0.0,PlanStatus.OK,20,1.5346531213651924,-0.03355609403220181,True,51.97683241029603,4.804364732869537e-06,1.85496200053167e-05,0.0019284525348984448,-0.03355609403220181,4.0,False,7.276799995452166,20,1.5346531213651924,-0.03355609403220181,0.1,60,-63.29141616821289,24.474609375,0.0027790104050927178,3.122062845835196,-42.28141191074791,24.532987014780346,0.002779021006236156,3.9853677140972437,1,"[{""id"": 134, ""x"": -110.2117919921875, ""y"": -6.034936428070068, ""vx"": -0.03903224691748619, ""vy"": 3.8975322246551514, ""r"": 2.5906050205230713}]"
28,1.4000000000000001,-63.13361358642578,24.475080490112305,0.0027500982153594636,3.1783781134876126,6.20456921751611e-05,0.24648655951023102,0.0,PlanStatus.OK,20,1.6924564030381206,-0.03352351519135731,True,52.02155990402914,5.478930730579714e-06,1.8606815810578818e-05,0.0019265569084333627,-0.03352351519135731,4.0,False,7.152399979531765,20,1.6924564030381206,-0.03352351519135731,0.1,60,-63.13361358642578,24.475080490112305,0.0027790104051046375,3.1783781134876126,-41.957479951806846,24.533919809782944,0.002779021006279356,3.986306301891462,1,"[{""id"": 134, ""x"": -110.21289825439453, ""y"": -5.871312618255615, ""vx"": -0.03139777481555939, ""vy"": 3.165787935256958, ""r"": 2.5906050205230713}]"
29,1.4500000000000002,-62.97333908081055,24.475488662719727,0.002864659655239781,3.223071684946523,-0.00018106777861248702,0.2330784946680069,0.0,PlanStatus.OK,20,1.8527314240763204,-0.033560748105547225,True,52.070462828518146,4.836475199408728e-06,1.8813575492363302e-05,0.00192507635920977,-0.033560748105547225,4.0,False,7.0571000687778,20,1.8527314240763204,-0.033560748105547225,0.1,60,-62.97333908081055,24.475488662719727,0.002779010405094893,3.223071684946523,-41.66535991680605,24.53469407642701,0.002778243237846141,3.9870511947491205,1,"[{""id"": 134, ""x"": -110.21395874023438, ""y"": -5.710057258605957, ""vx"": -0.02637319453060627, ""vy"": 3.147902727127075, ""r"": 2.5906050205230713}]"
30,1.5,-62.81112289428711,24.47597312927246,0.002743546422958948,3.2581275718315976,7.593743066536263e-05,0.22256173193454742,0.0,PlanStatus.OK,20,2.0149483305464204,-0.03352708331352905,True,52.11916791010261,5.773962161836598e-06,1.906217868062436e-05,0.0019233810030934756,-0.03352708331352905,4.0,False,7.289699977263808,20,2.0149483305464204,-0.03352708331352905,0.1,60,-62.81112289524301,24.475973129269804,0.0027790104051142726,3.2581275718315976,-41.3997292446581,24.535465424184714,0.002777092470175963,3.9876354595305306,1,"[{""id"": 134, ""x"": -110.21572875976562, ""y"": -5.542520523071289, ""vx"": -0.026916423812508583, ""vy"": 3.4291274547576904, ""r"": 2.5906050205230713}]"
31,1.55,-62.64686965942383,24.476898193359375,0.0027781521727447914,3.2899394669598148,2.4972264327516314e-06,0.21301816403865814,0.0,PlanStatus.OK,20,2.1792035019139657,-0.033058483659921443,True,52.168726554504616,4.724940093790264e-06,1.7928012137030484e-05,0.001921229077355796,-0.033058483659921443,4.0,False,7.288999855518341,20,2.1792035019139657,-0.033058483659921443,0.1,60,-62.64686967072324,24.476898193327976,0.0027790104051342323,3.2899394669598148,-41.141631263200914,24.536650789448807,0.00277709247020516,3.9881656577826736,1,"[{""id"": 134, ""x"": -110.21695709228516, ""y"": -5.372009754180908, ""vx"": -0.02791336178779602, ""vy"": 3.415273666381836, ""r"": 2.5906050205230713}]"
32,1.6,-62.4817008972168,24.4764404296875,0.0023755038020938026,3.3092745574436973,0.0008569408673793077,0.20721763372421265,0.0,PlanStatus.OK,20,2.3443703542022174,-0.033975250682119096,True,52.21522719532754,5.547967667056991e-06,1.863466856615384e-05,0.001919666399707605,-0.033975250682119096,4.0,False,8.20209993980825,20,2.3443703542022174,-0.033975250682119096,0.1,60,-62.48170091953273,24.476440429625498,0.0027790104051583675,3.3092745574436973,-40.91942418912242,24.536351110070083,0.002777092470249533,3.9884879092907357,1,"[{""id"": 134, ""x"": -110.21829986572266, ""y"": -5.1936235427856445, ""vx"": -0.02751021645963192, ""vy"": 3.66534161567688, ""r"": 2.5906050205230713}]"
33,1.6500000000000001,-62.315765380859375,24.476253509521484,0.0022296884503308586,3.3250435327093055,0.0011663684854283929,0.20248694717884064,0.0,PlanStatus.OK,20,2.5103047103560314,-0.03462330605932511,True,52.26004654756446,5.1759630236017655e-06,1.8171029176877046e-05,0.001917980413767208,-0.03462330605932511,4.0,False,7.45679996907711,20,2.5103047103560314,-0.03462330605932511,0.1,60,-62.31576541455897,24.476253509427867,0.0027790104051690417,3.3250435327093055,-40.70697036883598,24.536293287462975,0.0027776687079184856,3.9887507255451555,1,"[{""id"": 134, ""x"": -110.21976470947266, ""y"": -5.008363723754883, ""vx"": -0.028581636026501656, ""vy"": 3.7831666469573975, ""r"": 2.5906050205230713}]"
34,1.7000000000000002,-62.14918899536133,24.47702407836914,0.002164510833580234,3.3254581735305586,0.001304679666645825,0.2023625522851944,0.0,PlanStatus.OK,20,2.6768825940442946,-0.03431565709986427,True,52.3010439674026,5.526160134425411e-06,1.8822343039927997e-05,0.0019164758519573499,-0.03431565709986427,4.0,False,6.997799966484308,20,2.6768825940442946,-0.03431565709986427,0.1,60,-62.14918903966424,24.477024078246078,0.0027789500844313656,3.3254581735305586,-40.539170797768044,24.537067257343704,0.0027784800131797297,3.9887576362255115,1,"[{""id"": 134, ""x"": -110.22124481201172, ""y"": -4.8116631507873535, ""vx"": -0.03159802034497261, ""vy"": 4.042165279388428, ""r"": 2.5906050205230713}]"
35,1.75,-61.98313903808594,24.476591110229492,0.0024650562347882697,3.337161076091633,0.0006669008289463818,0.19885167479515076,0.0,PlanStatus.OK,20,2.842930706905171,-0.035210077532683834,True,52.3371236551076,5.146260173504206e-06,1.8896729540190428e-05,0.0019153208279126732,-0.035210077532683834,4.0,False,7.143300026655197,20,2.842930706905171,-0.035210077532683834,0.1,60,-61.98313909469494,24.476591110072267,0.00277799782601389,3.337161076091633,-40.338597411399995,24.536730232546017,0.0027790210062073302,3.9889526846015224,1,"[{""id"": 134, ""x"": -110.22293090820312, ""y"": -4.604940891265869, ""vx"": -0.03317895159125328, ""vy"": 4.151134967803955, ""r"": 2.5906050205230713}]"
36,1.8,-61.816287994384766,24.47751808166504,0.0024299454206628823,3.3442471659802204,0.0007393615087494254,0.19672584533691406,0.0,PlanStatus.OK,20,3.0097837486538066,-0.0347467712057371,True,52.368828143839295,5.311322751603258e-06,1.890376920674411e-05,0.0019139727375880186,-0.0347467712057371,4.0,False,7.822199957445264,20,3.0097837486538066,-0.0347467712057371,0.1,60,-61.81628799373637,24.47751808166684,0.002777103063931986,3.3442471659802204,-40.150842417169116,24.53771531707822,0.002779021006197379,3.989070786099682,1,"[{""id"": 134, ""x"": -110.22476196289062, ""y"": -4.384314060211182, ""vx"": -0.03635010868310928, ""vy"": 4.568736553192139, ""r"": 2.5906050205230713}]"
37,1.85,-61.64900207519531,24.47818374633789,0.002589663825702531,3.3490349109801225,0.0003970697580371052,0.1952895224094391,0.0,PlanStatus.OK,20,3.1770708713809843,-0.03454567874136378,True,52.396257338392225,5.12427512983164e-06,1.842306207671361e-05,0.0019130614008326177,-0.03454567874136378,4.0,False,7.0189000107347965,20,3.1770708713809843,-0.03454567874136378,0.1,60,-61.6490020635281,24.478183746370295,0.002777103063952116,3.3490349109801225,-39.96943270617594,24.538420553014515,0.0027790210061945484,3.9891505818496595,1,"[{""id"": 134, ""x"": -110.2266845703125, ""y"": -4.1519927978515625, ""vx"": -0.037647467106580734, ""vy"": 4.725417137145996, ""r"": 2.5906050205230713}]"
38,1.9000000000000001,-61.4814453125,24.478771209716797,0.0025117767667907215,3.352957577092191,0.0005610382067970932,0.19411273300647736,0.0,PlanStatus.OK,20,3.3446286193968344,-0.03442353942873843,True,52.42073296481727,5.334535861241141e-06,1.8754074390019485e-05,0.0019120874436859105,-0.03442353942873843,4.0,False,7.213900098577142,20,3.3446286193968344,-0.03442353942873843,0.1,60,-61.48144528987267,24.47877120977965,0.0027771030639655494,3.352957577092191,-39.7903041243356,24.5390404954118,0.0027790191004911442,3.989215959618196,1,"[{""id"": 134, ""x"": -110.22867584228516, ""y"": -3.9104268550872803, ""vx"": -0.03900694474577904, ""vy"": 4.9065399169921875, ""r"": 2.5906050205230713}]"
39,1.9500000000000002,-61.31370544433594,24.479232788085938,0.0026549307779838625,3.355937739875494,0.00025725719751790166,0.1932186782360077,0.0,PlanStatus.OK,20,3.5123691225801554,-0.034427793142551566,True,52.445580167761506,5.025109503409588e-06,1.8367894256783243e-05,0.0019113559747063575,-0.034427793142551566,4.0,False,7.202800130471587,20,3.5123691225801554,-0.034427793142551566,0.1,60,-61.31370541069108,24.479232788179406,0.0027771030639836287,3.355937739875494,-39.61377281065528,24.539526823430588,0.002779009718207721,3.989265628997924,1,"[{""id"": 134, ""x"": -110.23075866699219, ""y"": -3.666191339492798, ""vx"": -0.03947470709681511, ""vy"": 4.900667190551758, ""r"": 2.5906050205230713}]"
40,2.0,-61.14582824707031,24.47974395751953,0.0025681762248799295,3.3582301597164737,0.0004413570277392864,0.19253094494342804,0.0,PlanStatus.OK,20,3.680247092054798,-0.03438283735971495,True,52.480169609321784,5.365018111559532e-06,1.8819050262176146e-05,0.0019102268039819551,-0.03438283735971495,4.0,False,7.010699948295951,20,3.680247092054798,-0.03438283735971495,0.1,60,-61.145828202460024,24.47974395764348,0.002777200100700891,3.3582301597164737,-39.43913300181485,24.54005710463093,0.0027790004366013755,3.989303835995285,1,"[{""id"": 134, ""x"": -110.2327880859375, ""y"": -3.438328266143799, ""vx"": -0.03245249390602112, ""vy"": 4.064358234405518, ""r"": 2.5906050205230713}]"
41,2.0500000000000003,-60.97785949707031,24.480180740356445,0.0027028224246727034,3.3599487435810693,0.0001556296192575246,0.1920153796672821,0.0,PlanStatus.OK,20,3.848216407331795,-0.03441252213775899,True,52.546831390171135,4.888218456842078e-06,1.7859016394547456e-05,0.0019075442189196575,-0.03441252213775899,4.0,False,7.16250017285347,20,3.848216407331795,-0.03441252213775899,0.1,60,-60.97785944139665,24.48018074051115,0.0027781515015120823,3.3599487435810693,-39.266094449693284,24.54050829507861,0.0027789998040651117,3.989332479059686,1,"[{""id"": 134, ""x"": -110.23416137695312, ""y"": -3.2740700244903564, ""vx"": -0.0216052308678627, ""vy"": 2.789339780807495, ""r"": 2.5906050205230713}]"
42,2.1,-60.809818267822266,24.48068618774414,0.0026093982654989386,3.3612296657785574,0.0003563885111361742,0.19163109362125397,0.0,PlanStatus.OK,20,4.0162583267031495,-0.03437377492184092,True,52.63285290468507,4.7679684059033864e-06,1.740362799542653e-05,0.0019042920226224056,-0.03437377492184092,4.0,False,7.087900070473552,20,4.0162583267031495,-0.03437377492184092,0.1,60,-60.809818267822266,24.48068618774414,0.0027790104050878545,3.3612296657785574,-39.09427458086415,24.541024531055147,0.0027789998040604193,3.989353827762981,1,"[{""id"": 134, ""x"": -110.23517608642578, ""y"": -3.1481029987335205, ""vx"": -0.021054323762655258, ""vy"": 2.5734176635742188, ""r"": 2.5906050205230713}]"
43,2.15,-60.6417236328125,24.48111915588379,0.0027380003379739934,3.362162738963458,8.677553705638275e-05,0.19135117530822754,0.0,PlanStatus.OK,20,4.184353515845819,-0.03440794459253219,True,52.71852555026188,4.735029392570528e-06,1.766205179692948e-05,0.0019011737216228545,-0.03440794459253219,4.0,False,8.482200093567371,20,4.184353515845819,-0.03440794459253219,0.1,60,-60.6417236328125,24.48111915588379,0.002779010405097293,3.362162738963458,-38.92342739045801,24.54146514678341,0.002778999804065168,3.989369378982727,1,"[{""id"": 134, ""x"": -110.23619842529297, ""y"": -3.020036458969116, ""vx"": -0.02003331296145916, ""vy"": 2.5430684089660645, ""r"": 2.5906050205230713}]"
44,2.2,-60.47359085083008,24.481624603271484,0.0026398256611760693,3.3628383258759773,0.0002960250712931156,0.19114850461483002,0.0,PlanStatus.OK,20,4.352487053234168,-0.0343697413057504,True,52.800085883147965,5.009897900641194e-06,1.8044520327812133e-05,0.0018981616258136058,-0.0343697413057504,4.0,False,7.122799986973405,20,4.352487053234168,-0.0343697413057504,0.1,60,-60.47359085083008,24.481624603271484,0.0027790104050928227,3.3628383258759773,-38.75330163953749,24.541976132408024,0.002779003676258468,3.989380638764602,1,"[{""id"": 134, ""x"": -110.2373046875, ""y"": -2.881769895553589, ""vx"": -0.023026248440146446, ""vy"": 2.9028303623199463, ""r"": 2.5906050205230713}]"
45,2.25,-60.3054313659668,24.48206329345703,0.00276422727322477,3.3633133878380623,3.203658343409188e-05,0.19100598990917206,0.0,PlanStatus.OK,20,4.520647107881543,-0.03439836917082677,True,52.8763494873537,4.840702247927936e-06,1.8515256779735693e-05,0.0018956878529241459,-0.03439836917082677,4.0,False,7.095100125297904,20,4.520647107881543,-0.03439836917082677,0.1,60,-60.3054313659668,24.48206329345703,0.0027790104050851587,3.3633133878380623,-38.583740738554795,24.542418718951126,0.002779012687837616,3.9893885564639664,1,"[{""id"": 134, ""x"": -110.2389144897461, ""y"": -2.73002552986145, ""vx"": -0.0270039364695549, ""vy"": 3.1138699054718018, ""r"": 2.5906050205230713}]"
46,2.3000000000000003,-60.13726043701172,24.48256492614746,0.002662401152900995,3.3636449095109997,0.00024811827461235225,0.19090652465820312,0.0,PlanStatus.OK,20,4.688818781494176,-0.03436408657727781,True,52.948335767234234,5.273091103155707e-06,1.8939215085172698e-05,0.0018931547151828576,-0.03436408657727781,4.0,False,8.34549986757338,20,4.688818781494176,-0.03436408657727781,0.1,60,-60.13726043701171,24.48256492614746,0.002779010405093011,3.3636449095109997,-38.41459183564028,24.542923071241546,0.002779021006232375,3.989394081825179,1,"[{""id"": 134, ""x"": -110.24027252197266, ""y"": -2.567964792251587, ""vx"": -0.027219858020544052, ""vy"": 3.3584938049316406, ""r"": 2.5906050205230713}]"
47,2.35,-59.96907043457031,24.483001708984375,0.0027835198467426573,3.363868187480156,-8.903606612875592e-06,0.19083954393863678,0.0,PlanStatus.OK,20,4.8570093483013,-0.034394706592178005,True,53.01583767425824,4.588549445685486e-06,1.7892035176323047e-05,0.001890608727425206,-0.034394706592178005,4.0,False,6.942200008779764,20,4.8570093483013,-0.034394706592178005,0.1,60,-59.96907043457031,24.483001708984375,0.0027790104050910845,3.363868187480156,-38.245743176962236,24.543361686285717,0.0027790210062548205,3.9893978031246675,1,"[{""id"": 134, ""x"": -110.2416000366211, ""y"": -2.3946335315704346, ""vx"": -0.027532584965229034, ""vy"": 3.515570878982544, ""r"": 2.5906050205230713}]"
48,2.4000000000000004,-59.80088424682617,24.483505249023438,0.002678882843112088,3.364015405222182,0.0002131429937435314,0.19079537689685822,0.0,PlanStatus.OK,20,5.025196285944609,-0.03435855906163842,True,53.078506432994374,4.966783319578629e-06,1.823998327451712e-05,0.0018885447992561262,-0.03435855906163842,4.0,False,7.018500007688999,20,5.025196285944609,-0.03435855906163842,0.1,60,-59.80088424682617,24.483505249023438,0.0027790104050993453,3.364015405222182,-38.07712270969414,24.543866434982796,0.0027790210062685373,3.9894002567537035,1,"[{""id"": 134, ""x"": -110.24312591552734, ""y"": -2.2085111141204834, ""vx"": -0.03159116953611374, ""vy"": 3.8808534145355225, ""r"": 2.5906050205230713}]"
49,2.45,-59.63315200805664,24.484193801879883,0.0028342593072924714,3.369810226613305,-0.00011657689901767299,0.18905693292617798,0.0,PlanStatus.OK,20,5.192929790518091,-0.03413613790083638,True,53.13547601323125,4.851621632675554e-06,1.887143409665549e-05,0.0018865968730708655,-0.03413613790083638,4.0,False,7.942900061607361,20,5.192929790518091,-0.03413613790083638,0.1,60,-59.63315200805664,24.484193801879883,0.002779010405089656,3.369810226613305,-37.89229582568545,24.544602496117935,0.00277902100629218,3.9894968371102095,1,"[{""id"": 134, ""x"": -110.24496459960938, ""y"": -2.0079476833343506, ""vx"": -0.03265427425503731, ""vy"": 4.097204685211182, ""r"": 2.5906050205230713}]"
50,2.5,-59.464759826660156,24.483816146850586,0.002992140547298886,3.36842012405808,-0.00045161109301261604,0.189473956823349,0.0,PlanStatus.OK,20,5.3613202721711986,-0.03498175449373491,True,53.18673617548828,4.7603347211627794e-06,1.7011930674259816e-05,0.0018842482338988977,-0.03498175449373491,4.0,False,6.95940013974905,20,5.3613202721711986,-0.03498175449373491,0.1,60,-59.464759826660156,24.483816146850586,0.002779010405089295,3.36842012405808,-37.72800442982364,24.544213257365175,0.002778546484035256,3.989473668734289,1,"[{""id"": 134, ""x"": -110.24671936035156, ""y"": -1.792426586151123, ""vx"": -0.03572499006986618, ""vy"": 4.47146463394165, ""r"": 2.5906050205230713}]"
51,2.5500000000000003,-59.29634475708008,24.483688354492188,0.003358948855416618,3.367382269460083,-0.0012300023809075356,0.18978531658649445,0.0,PlanStatus.OK,20,5.529734336289587,-0.03557757298698563,True,53.233835626352196,4.926448314863561e-06,1.8017657446149117e-05,0.0018827588399564312,-0.03557757298698563,4.0,False,8.157799951732159,20,5.529734336289587,-0.03557757298698563,0.1,60,-59.29634475708008,24.483688354492188,0.0027790104050930946,3.367382269460083,-37.56265100828884,24.544076639496726,0.0027777471548540034,3.989456371157681,1,"[{""id"": 134, ""x"": -110.24871826171875, ""y"": -1.5641952753067017, ""vx"": -0.037842389196157455, ""vy"": 4.698362827301025, ""r"": 2.5906050205230713}]"
52,2.6,-59.12828826904297,24.483896255493164,0.003389942692974041,3.3551333305509314,-0.0012957716826349497,0.19346000254154205,0.0,PlanStatus.OK,20,5.697790753143788,-0.03583670291656896,True,53.274509282697046,5.0551884643393154e-06,1.9161279680031916e-05,0.001881864333858548,-0.03583670291656896,4.0,False,6.971300113946199,20,5.697790753143788,-0.03583670291656896,0.1,60,-59.12828826904296,24.483896255493164,0.002779010405097623,3.3551333305509314,-37.43072874104786,24.54418386984473,0.002777109335018166,3.9892522221758493,1,"[{""id"": 134, ""x"": -110.25080108642578, ""y"": -1.3188555240631104, ""vx"": -0.03905031457543373, ""vy"": 5.072910785675049, ""r"": 2.5906050205230713}]"
53,2.6500000000000004,-58.95965576171875,24.48422622680664,0.003318046446143284,3.3693020748158142,-0.0011432049795985222,0.18920937180519104,0.0,PlanStatus.OK,20,5.866423526295062,-0.0359753637665517,True,53.312209533682854,5.165201832606439e-06,1.8841934822473247e-05,0.0018801873321802696,-0.0359753637665517,4.0,False,9.656900074332952,20,5.866423526295062,-0.0359753637665517,0.1,60,-58.95965576171875,24.48422622680664,0.002779010405096721,3.3693020748158142,-37.22029858398172,24.544629593967056,0.0027770924702044627,3.9894883679135873,1,"[{""id"": 134, ""x"": -110.25253295898438, ""y"": -1.0628539323806763, ""vx"": -0.038370225578546524, ""vy"": 5.082440376281738, ""r"": 2.5906050205230713}]"
54,2.7,-58.791351318359375,24.4849853515625,0.0031165291556313262,3.3588072220660385,-0.0007155706407502294,0.1923578381538391,0.0,PlanStatus.OK,20,6.034729429368641,-0.03568396113930483,True,53.350390007077905,4.808120579151186e-06,1.7958310165916598e-05,0.001878808353094807,-0.03568396113930483,4.0,False,8.249300066381693,20,6.034729429368641,-0.03568396113930483,0.1,60,-58.79135132072309,24.48498535155593,0.0027790104051220914,3.3588072220660385,-37.08295382628253,24.54530241779096,0.0027770924702261806,3.9893134537010915,1,"[{""id"": 134, ""x"": -110.25457000732422, ""y"": -0.8038824200630188, ""vx"": -0.03876751288771629, ""vy"": 5.246264457702637, ""r"": 2.5906050205230713}]"
55,2.75,-58.62291717529297,24.485559463500977,0.0030509958872409868,3.373719442450265,-0.0005765067180618644,0.1878841668367386,0.0,PlanStatus.OK,20,6.203164517496539,-0.0355779310513955,True,53.39082662708209,4.905121870409251e-06,1.8637836839462477e-05,0.0018775620387696057,-0.0355779310513955,4.0,False,7.082300027832389,20,6.203164517496539,-0.0355779310513955,0.1,60,-58.62291718907949,24.485559463462668,0.002779010405139802,3.373719442450265,-36.87052878719338,24.545998373780836,0.002777092470253168,3.9895619907074926,1,"[{""id"": 134, ""x"": -110.25636291503906, ""y"": -0.5467392802238464, ""vx"": -0.038511425256729126, ""vy"": 5.07762336730957, ""r"": 2.5906050205230713}]"
56,2.8000000000000003,-58.45457077026367,24.486087799072266,0.00287793410887247,3.3622231827169022,-0.00020925667195115238,0.19133304059505463,0.0,PlanStatus.OK,20,6.371511740713287,-0.03551743332930037,True,53.423370953743095,4.844123248700436e-06,1.8626290771237702e-05,0.0018763752582414755,-0.03551743332930037,4.0,False,6.904600188136101,20,6.371511740713287,-0.03551743332930037,0.1,60,-58.454570795431195,24.48608779900234,0.0027790104051601604,3.3622231827169022,-36.736096214211244,24.546432378083846,0.002777527879865971,3.9893703863786194,1,"[{""id"": 134, ""x"": -110.25873565673828, ""y"": -0.26655125617980957, ""vx"": -0.04518836736679077, ""vy"": 5.895701885223389, ""r"": 2.5906050205230713}]"
57,2.85,-58.28605651855469,24.486555099487305,0.00284338947655305,3.3759111088449867,-0.0001359525485895574,0.18722666800022125,0.0,PlanStatus.OK,20,6.540026640344475,-0.03551843697483709,True,53.44155579258823,5.063292660196596e-06,1.851201690482654e-05,0.001875656815077394,-0.03551843697483709,4.0,False,7.128400029614568,20,6.540026640344475,-0.03551843697483709,0.1,60,-58.286056555139055,24.486555099385672,0.002779010405181775,3.3759111088449867,-36.52720273651074,24.547011895291472,0.0027785376310968776,3.9895985184807445,1,"[{""id"": 134, ""x"": -110.26112365722656, ""y"": 0.052040670067071915, ""vx"": -0.05194557085633278, ""vy"": 6.648637771606445, ""r"": 2.5906050205230713}]"
58,2.9000000000000004,-58.11764144897461,24.4870548248291,0.002699550429587324,3.3635993123845402,0.00016928506374824792,0.19092020392417908,0.0,PlanStatus.OK,20,6.708442448338837,-0.03548674019100453,True,53.450835493630706,4.876721155135915e-06,1.7728497725467453e-05,0.0018753594935207467,-0.03548674019100453,4.0,False,8.002799935638905,20,6.708442448338837,-0.03548674019100453,0.1,60,-58.117641496925565,24.48705482469591,0.002778751156411735,3.3635993123845402,-36.39510732634537,24.5474106890624,0.002779021006214785,3.989393321873086,1,"[{""id"": 134, ""x"": -110.263671875, ""y"": 0.39741796255111694, ""vx"": -0.05418434366583824, ""vy"": 7.0294694900512695, ""r"": 2.5906050205230713}]"
59,2.95,-57.94908142089844,24.487516403198242,0.002690714144314225,3.3766245337458773,0.0001878472976386547,0.18701264262199402,0.0,PlanStatus.OK,20,6.877003108258846,-0.03549359307317218,True,53.45510857378467,5.2842400820999995e-06,1.852915841288761e-05,0.0018751035456134873,-0.03549359307317218,4.0,False,7.104499964043498,20,6.877003108258846,-0.03549359307317218,0.1,60,-57.94908148026988,24.487516403033347,0.002777795702445663,3.3766245337458773,-36.188123043788934,24.547979051303734,0.002779021006197364,3.989610408895761,1,"[{""id"": 134, ""x"": -110.26638793945312, ""y"": 0.7618034482002258, ""vx"": -0.05741676315665245, ""vy"": 7.447000980377197, ""r"": 2.5906050205230713}]"
60,3.0,-57.78064727783203,24.48801612854004,0.002569236027755132,3.3638965457044763,0.00044269493082538247,0.1908310353755951,0.0,PlanStatus.OK,20,7.045438057303838,-0.03546186262955381,True,53.4560985323992,4.601260625333591e-06,1.7933624174635947e-05,0.0018751516771631485,-0.03546186262955381,4.0,False,7.529499940574169,20,7.045438057303838,-0.03546186262955381,0.1,60,-57.78064727475873,24.488016128548573,0.0027771030639433883,3.3638965457044763,-36.05723625316208,24.54837451994684,0.002779021006195619,3.9893982757617312,1,"[{""id"": 134, ""x"": -110.26944732666016, ""y"": 1.1417183876037598, ""vx"": -0.06858139485120773, ""vy"": 7.69681978225708, ""r"": 2.5906050205230713}]"
61,3.0500000000000003,-57.612083435058594,24.488489151000977,0.0025793011642148153,3.376640334783672,0.000417817325796932,0.18700790405273438,0.0,PlanStatus.OK,20,7.214002563700547,-0.03545696055517522,True,53.454389873059704,5.4069211735734094e-06,1.8903232288582268e-05,0.0018755221230865179,-0.03545696055517522,4.0,False,7.447100011631846,20,7.214002563700547,-0.03545696055517522,0.1,60,-57.612083420585996,24.488489151041176,0.0027771030639531474,3.376640334783672,-35.85107837883644,24.54895234057837,0.0027790210062049146,3.9896106722464006,1,"[{""id"": 134, ""x"": -110.2728500366211, ""y"": 1.5369946956634521, ""vx"": -0.07402031123638153, ""vy"": 8.041943550109863, ""r"": 2.5906050205230713}]"
62,3.1,-57.44364547729492,24.488990783691406,0.0024737903108515637,3.3637448404980743,0.0006416524411179125,0.1908765435218811,0.0,PlanStatus.OK,20,7.382441265026377,-0.035423098766429004,True,53.45091866159342,4.974511673223162e-06,1.9185909125134237e-05,0.0018755451670744408,-0.035423098766429004,4.0,False,6.939099868759513,20,7.382441265026377,-0.035423098766429004,0.1,60,-57.44364545145581,24.48899078376318,0.0027771030639773433,3.3637448404980743,-35.7206819832527,24.54934857551656,0.002779015399746776,3.989395747341646,1,"[{""id"": 134, ""x"": -110.27645874023438, ""y"": 1.9452004432678223, ""vx"": -0.0770895779132843, ""vy"": 8.238147735595703, ""r"": 2.5906050205230713}]"
63,3.1500000000000004,-57.275081634521484,24.48946189880371,0.0024974625360058705,3.376401043975402,0.0005914235953241587,0.18707968294620514,0.0,PlanStatus.OK,20,7.55100576612619,-0.03542010403331912,True,53.44728719799383,5.230276225550728e-06,1.8230289144482818e-05,0.0018753917817781174,-0.03542010403331912,4.0,False,7.3784999549388885,20,7.55100576612619,-0.03542010403331912,0.1,60,-57.27508159729668,24.489461898907127,0.0027771030639969297,3.376401043975402,-35.51478248520687,24.549923766398955,0.0027790044577978095,3.9896066840662545,1,"[{""id"": 134, ""x"": -110.28024291992188, ""y"": 2.363361120223999, ""vx"": -0.0799194946885109, ""vy"": 8.431879043579102, ""r"": 2.5906050205230713}]"
64,3.2,-57.10664367675781,24.489973068237305,0.002403783243919081,3.363462565046567,0.0007902118959464133,0.19096122682094574,0.0,PlanStatus.OK,20,7.7194444939365034,-0.03537670553817845,True,53.446078056950185,4.899221955684401e-06,1.759582591946522e-05,0.0018752551634866807,-0.03537670553817845,4.0,False,8.286100113764405,20,7.7194444939365034,-0.03537670553817845,0.1,60,-57.106643628213185,24.489973068372183,0.0027774244406663074,3.363462565046567,-35.38451289381985,24.550329185162557,0.002778999804064368,3.9893910427507735,1,"[{""id"": 134, ""x"": -110.28409576416016, ""y"": 2.7844173908233643, ""vx"": -0.08005635440349579, ""vy"": 8.400260925292969, ""r"": 2.5906050205230713}]"
65,3.25,-56.93810272216797,24.490447998046875,0.0024376295766753314,3.3761144110837202,0.0007187756709754467,0.18716567754745483,0.0,PlanStatus.OK,20,7.887986117534777,-0.03536983255974353,True,53.44902021431731,5.122645992127324e-06,1.8950661547422962e-05,0.0018755587838714559,-0.03536983255974353,4.0,False,7.414899999275804,20,7.887986117534777,-0.03536983255974353,0.1,60,-56.93810266226261,24.49044799821334,0.0027783795219057735,3.3761144110837202,-35.17864913836382,24.550908154976344,0.0027789998040613087,3.9896019068513997,1,"[{""id"": 134, ""x"": -110.2879867553711, ""y"": 3.2042925357818604, ""vx"": -0.07987195253372192, ""vy"": 8.394694328308105, ""r"": 2.5906050205230713}]"
66,3.3000000000000003,-56.76968765258789,24.490966796875,0.0023526541920301128,3.363186358624815,0.000902036321349442,0.19104409217834473,0.0,PlanStatus.OK,20,8.056401911072353,-0.03531884871385265,True,53.45715759520902,5.242329403354483e-06,1.8914823908490128e-05,0.0018753880863241815,-0.03531884871385265,4.0,False,8.766300044953823,20,8.056401911072353,-0.03531884871385265,0.1,60,-56.76968765258789,24.490966796875,0.0027790104050867547,3.363186358624815,-35.048371744273396,24.551321180803754,0.0027789998040602497,3.9893864393104197,1,"[{""id"": 134, ""x"": -110.2918701171875, ""y"": 3.6194212436676025, ""vx"": -0.07927116006612778, ""vy"": 8.240299224853516, ""r"": 2.5906050205230713}]"
67,3.35,-56.60114288330078,24.491439819335938,0.002394060365271365,3.3758660619403433,0.0008175534312613308,0.18724018335342407,0.0,PlanStatus.OK,20,8.224947344065429,-0.03531421514415322,True,53.47071552164199,5.3462918219693545e-06,1.9253818252522488e-05,0.0018750225564580537,-0.03531421514415322,4.0,False,8.36799992248416,20,8.224947344065429,-0.03531421514415322,0.1,60,-56.60114288330078,24.491439819335938,0.0027790104050919103,3.3758660619403433,-34.84242199456019,24.551898150178797,0.002778999804062067,3.9895977676990166,1,"[{""id"": 134, ""x"": -110.29576110839844, ""y"": 4.029491424560547, ""vx"": -0.07904578745365143, ""vy"": 8.1806640625, ""r"": 2.5906050205230713}]"
68,3.4000000000000004,-56.4327278137207,24.491954803466797,0.00231575614714193,3.362964205958091,0.0009837219258770347,0.1911107450723648,0.0,PlanStatus.OK,20,8.393363194464069,-0.035267259630194475,True,53.48974011808363,5.1143951966489836e-06,1.8258395092399064e-05,0.0018738253580596182,-0.035267259630194475,4.0,False,7.789399940520525,20,8.393363194464069,-0.035267259630194475,0.1,60,-56.4327278137207,24.491954803466797,0.002779010405083962,3.362964205958091,-34.71206726082828,24.552307363795773,0.0027790028362181416,3.989382736765966,1,"[{""id"": 134, ""x"": -110.29962921142578, ""y"": 4.433365345001221, ""vx"": -0.07765735685825348, ""vy"": 8.013126373291016, ""r"": 2.5906050205230713}]"
69,3.45,-56.26420593261719,24.492435455322266,0.002362814255618495,3.3756753312992753,0.0008838597568683326,0.18729740381240845,0.0,PlanStatus.OK,20,8.561885760564072,-0.03525493308900679,True,53.51376869187768,5.3914114546000305e-06,1.8788703743180535e-05,0.0018730049715744229,-0.03525493308900679,4.0,False,7.782799890264869,20,8.561885760564072,-0.03525493308900679,0.1,60,-56.26420593261719,24.492435455322266,0.0027790104050836257,3.3756753312992753,-34.506047718614774,24.5528922223099,0.00277900831039611,3.9895945888549984,1,"[{""id"": 134, ""x"": -110.30347442626953, ""y"": 4.832566261291504, ""vx"": -0.07801241427659988, ""vy"": 7.970506191253662, ""r"": 2.5906050205230713}]"
70,3.5,-56.09581756591797,24.49295425415039,0.002289145602261479,3.3628020286959566,0.0010401912732049823,0.19115939736366272,0.0,PlanStatus.OK,20,8.730274918786035,-0.03520408868502081,True,53.542461349115776,4.831413024603326e-06,1.719631010334982e-05,0.0018717689335802689,-0.03520408868502081,4.0,False,11.13839983008802,20,8.730274918786035,-0.03520408868502081,0.1,60,-56.09581756591797,24.49295425415039,0.002779010405098485,3.3628020286959566,-34.375635456677806,24.55330548487607,0.002779010405121886,3.9893800338115892,1,"[{""id"": 134, ""x"": -110.30731964111328, ""y"": 5.227265357971191, ""vx"": -0.07748305797576904, ""vy"": 7.849740505218506, ""r"": 2.5906050205230713}]"
71,3.5500000000000003,-55.92729949951172,24.49343490600586,0.0023400876607106266,3.375541731442523,0.0009320871322415769,0.1873374879360199,0.0,PlanStatus.OK,20,8.898793670203503,-0.03519175154276458,True,53.574951226473004,5.2311766114812206e-06,1.8482234984866855e-05,0.0018710930852913453,-0.03519175154276458,4.0,False,7.64789991080761,20,8.898793670203503,-0.03519175154276458,0.1,60,-55.92729949951172,24.49343490600586,0.0027790104050884152,3.375541731442523,-34.16953542611389,24.553890577669854,0.0027790104051536586,3.989592362190718,1,"[{""id"": 134, ""x"": -110.31114196777344, ""y"": 5.620413303375244, ""vx"": -0.07670609652996063, ""vy"": 7.8784661293029785, ""r"": 2.5906050205230713}]"
72,3.6,-55.75890350341797,24.49395179748535,0.0022697183102431363,3.3626903385236817,0.0010814173147082329,0.1911928951740265,0.0,PlanStatus.OK,20,9.067190452490001,-0.035142835682187616,True,53.60873862889667,5.094240127871734e-06,1.8765148902038717e-05,0.001869978776460868,-0.035142835682187616,4.0,False,7.766399998217821,20,9.067190452490001,-0.035142835682187616,0.1,60,-55.758903503417976,24.49395179748535,0.0027790104050970012,3.3626903385236817,-34.03905090142213,24.55430211250464,0.002779010405167892,3.989378172308727,1,"[{""id"": 134, ""x"": -110.31292724609375, ""y"": 6.013072967529297, ""vx"": 0.0050752293318510056, ""vy"": 7.8412933349609375, ""r"": 2.5906050205230713}]"
73,3.6500000000000004,-55.59038543701172,24.494436264038086,0.002323477233708558,3.3754510025721483,0.000967335538007319,0.18736469745635986,0.0,PlanStatus.OK,20,9.235709214508539,-0.035126683857394675,True,53.64325213513124,5.0863526538958816e-06,1.7832877962260796e-05,0.0018685540451500028,-0.035126683857394675,4.0,False,7.184700109064579,20,9.235709214508539,-0.035126683857394675,0.1,60,-55.59038543701172,24.494436264038086,0.0027790104050919697,3.3754510025721483,-33.83288903522136,24.55489119183802,0.002779010405194833,3.989590850042867,1,"[{""id"": 134, ""x"": -110.31290435791016, ""y"": 6.4083251953125, ""vx"": 0.0328369177877903, ""vy"": 7.9517340660095215, ""r"": 2.5906050205230713}]"
74,3.7,-55.42198944091797,24.494958877563477,0.0022555224132762533,3.362616758303383,0.0011115418747067451,0.19121497869491577,0.0,PlanStatus.OK,20,9.404106012696642,-0.03507204597301619,True,53.67913546051362,5.2670474201876205e-06,1.880212908043303e-05,0.0018673538973166411,-0.03507204597301619,4.0,False,7.543100044131279,20,9.404106012696642,-0.03507204597301619,0.1,60,-55.42198944091797,24.494958877563477,0.0027790104050954166,3.362616758303383,-33.70235390492843,24.555308353176933,0.002778418396164272,3.9893769459717134,1,"[{""id"": 134, ""x"": -110.31208801269531, ""y"": 6.806656360626221, ""vx"": 0.04479902982711792, ""vy"": 7.975623607635498, ""r"": 2.5906050205230713}]"
75,3.75,-55.253475189208984,24.495439529418945,0.0023113406052486327,3.375391475803512,0.0009930903324857354,0.1873825639486313,0.0,PlanStatus.OK,20,9.572620949431576,-0.03505969822969142,True,53.71643528133867,4.9567767005804694e-06,1.9222590112201454e-05,0.0018663237944984928,-0.03505969822969142,4.0,False,8.039499865844846,20,9.572620949431576,-0.03505969822969142,0.1,60,-55.253475189208984,24.495439529418945,0.0027790104050815913,3.375391475803512,-33.49615436721232,24.555893339807966,0.0027774326260757093,3.9895898579300546,1,"[{""id"": 134, ""x"": -110.31065368652344, ""y"": 7.209329605102539, ""vx"": 0.05563272535800934, ""vy"": 8.102496147155762, ""r"": 2.5906050205230713}]"
76,3.8000000000000003,-55.0850830078125,24.495962142944336,0.002245149088741204,3.3625684248732486,0.0011335548479110003,0.19122947752475739,0.0,PlanStatus.OK,20,9.741013932937143,-0.03500504974424082,True,53.75563184774236,4.987745466217218e-06,1.7751934537264293e-05,0.001864452456154038,-0.03500504974424082,4.0,False,7.862200029194355,20,9.741013932937143,-0.03500504974424082,0.1,60,-55.0850830078125,24.495962142944336,0.0027790104050900684,3.3625684248732486,-33.365590030510305,24.55631058005579,0.0027771030639489476,3.9893761404145485,1,"[{""id"": 134, ""x"": -110.30873107910156, ""y"": 7.614713191986084, ""vx"": 0.05998526141047478, ""vy"": 8.105988502502441, ""r"": 2.5906050205230713}]"
77,3.85,-54.91657257080078,24.496442794799805,0.0023024757117997615,3.3753543380756197,0.0010119022335857153,0.1873936951160431,0.0,PlanStatus.OK,20,9.90952505498954,-0.034992691399843956,True,53.79714388612649,4.842481825508741e-06,1.6698775248788662e-05,0.0018630084838541674,-0.034992691399843956,4.0,False,8.027200121432543,20,9.90952505498954,-0.034992691399843956,0.1,60,-54.91657257080078,24.496442794799805,0.0027790104051018034,3.3753543380756197,-33.159361280329534,24.556895658414177,0.0027771030639663153,3.9895892389679366,1,"[{""id"": 134, ""x"": -110.30638122558594, ""y"": 8.022432327270508, ""vx"": 0.06558019667863846, ""vy"": 8.182732582092285, ""r"": 2.5906050205230713}]"
78,3.9000000000000004,-54.74818420410156,24.496965408325195,0.002237576764688592,3.3625389084399364,0.0011496237711980939,0.19123832881450653,0.0,PlanStatus.OK,20,10.077914223812572,-0.03493803231332442,True,53.84157783746571,4.822025408339114e-06,1.904505847421297e-05,0.0018620244490781396,-0.03493803231332442,4.0,False,7.156800013035536,20,10.077914223812572,-0.03493803231332442,0.1,60,-54.74818420929362,24.496965408310768,0.0027790104051262626,3.3625389084399364,-33.028778275643035,24.557312961106163,0.002777103063976277,3.989375648474005,1,"[{""id"": 134, ""x"": -110.3037109375, ""y"": 8.430079460144043, ""vx"": 0.06747546792030334, ""vy"": 8.128913879394531, ""r"": 2.5906050205230713}]"
79,3.95,-54.57966995239258,24.497446060180664,0.002296006883108986,3.3753312517820633,0.0010256294626742601,0.18740062415599823,0.0,PlanStatus.OK,20,10.246429160547505,-0.03492568456999618,True,53.88926688771001,4.905643724053323e-06,1.7860543640503025e-05,0.001859864432749997,-0.03492568456999618,4.0,False,7.439200067892671,20,10.246429160547505,-0.03492568456999618,0.1,60,-54.57966996880841,24.49744606013505,0.0027790104051438154,3.3753312517820633,-32.82252674222153,24.55789809910619,0.0027771205373324295,3.9895888541963647,1,"[{""id"": 134, ""x"": -110.30076599121094, ""y"": 8.837336540222168, ""vx"": 0.07051253318786621, ""vy"": 8.15522289276123, ""r"": 2.5906050205230713}]"
80,4.0,-54.41128158569336,24.497968673706055,0.002232044723717198,3.3625212993040434,0.001161363092251122,0.19124360382556915,0.0,PlanStatus.OK,20,10.414818329370537,-0.03487102548347,True,53.94052249516113,4.8383060303202004e-06,1.824801115401977e-05,0.0018582779718257386,-0.03487102548347,4.0,False,8.857999928295612,20,10.414818329370537,-0.03487102548347,0.1,60,-54.41128161328318,24.497968673629405,0.0027790104051632213,3.3625212993040434,-32.69192758941086,24.558315695742646,0.0027777449427177376,3.989375354988397,1,"[{""id"": 134, ""x"": -110.29763793945312, ""y"": 9.242454528808594, ""vx"": 0.07142055034637451, ""vy"": 8.066130638122559, ""r"": 2.5906050205230713}]"
81,4.05,-54.24277114868164,24.498449325561523,0.0022912766512821927,3.375317452828188,0.0010356673737987876,0.18740476667881012,0.0,PlanStatus.OK,20,10.583329451422934,-0.03485866713906246,True,53.99532833938311,5.2022454325530104e-06,1.888621183250474e-05,0.0018566805307242377,-0.03485866713906246,4.0,False,7.919100113213062,20,10.583329451422934,-0.03485866713906246,0.1,60,-54.2427711874655,24.498449325453784,0.0027790104051894767,3.375317452828188,-32.48566864526735,24.558901251362276,0.0027787309943949263,3.989588624213798,1,"[{""id"": 134, ""x"": -110.29430389404297, ""y"": 9.646037101745605, ""vx"": 0.07319746166467667, ""vy"": 8.077136993408203, ""r"": 2.5906050205230713}]"
82,4.1000000000000005,-54.07438659667969,24.498971939086914,0.002228006289595445,3.36251107228312,0.0011699330061674118,0.19124667346477509,0.0,PlanStatus.OK,20,10.75171480556343,-0.03480399745146058,True,54.05373730493946,4.789032884467308e-06,1.8418333919655028e-05,0.001854486004468645,-0.03480399745146058,4.0,False,7.32510001398623,20,10.75171480556343,-0.03480399745146058,0.1,60,-54.07438664658062,24.49897193894831,0.002778506996514852,3.36251107228312,-32.35506276999238,24.559318877281697,0.0027790104050935158,3.989375184538061,1,"[{""id"": 134, ""x"": -110.29086303710938, ""y"": 10.047208786010742, ""vx"": 0.07333158701658249, ""vy"": 7.9889421463012695, ""r"": 2.5906050205230713}]"
83,4.15,-53.9058837890625,24.49945068359375,0.0022878241646151222,3.375309844715646,0.001042023068293929,0.18740704655647278,0.0,PlanStatus.OK,20,10.920218292950223,-0.0347935252461736,True,54.11555853670076,4.9458790059991045e-06,1.8470418260202112e-05,0.0018523109476257134,-0.0347935252461736,4.0,False,7.352699991315603,20,10.920218292950223,-0.0347935252461736,0.1,60,-53.90588385013079,24.499450683424147,0.002777552515816861,3.375309844715646,-32.148803729493544,24.559902547022695,0.0027790104050896456,3.98958849741192,1,"[{""id"": 134, ""x"": -110.28732299804688, ""y"": 10.447420120239258, ""vx"": 0.07425881177186966, ""vy"": 8.017380714416504, ""r"": 2.5906050205230713}]"
84,4.2,-53.73750305175781,24.49997329711914,0.0022250188158218377,3.362505124659572,0.0011723340721800923,0.19124846160411835,0.0,PlanStatus.OK,20,11.088599898666853,-0.03473867596835434,True,54.180660234580415,4.66503265544616e-06,1.8536217283988098e-05,0.0018502684497110327,-0.03473867596835434,4.0,False,7.45809986256063,20,11.088599898666853,-0.03473867596835434,0.1,60,-53.73750304588737,24.499973297135444,0.002777103063945956,3.362505124659572,-32.01819670470345,24.560320355727548,0.002779010405092806,3.9893750854109946,1,"[{""id"": 134, ""x"": -110.28372955322266, ""y"": 10.846388816833496, ""vx"": 0.07420219480991364, ""vy"": 7.95554256439209, ""r"": 2.5906050205230713}]"
85,4.25,-53.56899642944336,24.50045394897461,0.0022851014465045715,3.3753055459945562,0.0010420674225315452,0.18740834295749664,0.0,PlanStatus.OK,20,11.257107206012817,-0.03472598562195836,True,54.245344745341114,4.896756527706104e-06,1.823597802756271e-05,0.0018479055036300417,-0.03472598562195836,4.0,False,7.101600058376789,20,11.257107206012817,-0.03472598562195836,0.1,60,-53.568996412414144,24.50045394902191,0.0027771030639448,3.3753055459945562,-31.811928986180952,24.560906267734598,0.0027790104050829686,3.9895884257665646,1,"[{""id"": 134, ""x"": -110.27645111083984, ""y"": 11.245627403259277, ""vx"": 0.23646259307861328, ""vy"": 8.004693984985352, ""r"": 2.5906050205230713}]"
86,4.3,-53.40061950683594,24.500972747802734,0.0022223756804547992,3.362501526766301,0.001175170298665762,0.1912495493888855,0.0,PlanStatus.OK,20,11.42548492008983,-0.03467478826100809,True,54.30907579365731,4.461147981584901e-06,1.7204698050700407e-05,0.0018454978880336472,-0.03467478826100809,4.0,False,7.485800189897418,20,11.42548492008983,-0.03467478826100809,0.1,60,-53.40061947869594,24.500972747880905,0.0027771030639812,3.362501526766301,-31.68132377543267,24.56132041946723,0.0027790104050891035,3.9893750254460993,1,"[{""id"": 134, ""x"": -110.26512145996094, ""y"": 11.64479923248291, ""vx"": 0.29193469882011414, ""vy"": 7.9681549072265625, ""r"": 2.5906050205230713}]"
87,4.3500000000000005,-53.232112884521484,24.501455307006836,0.002282589908746086,3.375303389489718,0.001047397032380104,0.18740898370742798,0.0,PlanStatus.OK,20,11.593992232732688,-0.0346601905733254,True,54.373647812236236,5.180023289494433e-06,1.880549415973331e-05,0.0018436306245271786,-0.0346601905733254,4.0,False,7.838299963623285,20,11.593992232732688,-0.0346601905733254,0.1,60,-53.23211284525355,24.501455307115933,0.0027771030639894665,3.375303389489718,-31.47505180483431,24.561908250639526,0.0027790104050868405,3.9895883898248203,1,"[{""id"": 134, ""x"": -110.25172424316406, ""y"": 12.045536041259766, ""vx"": 0.3355993330478668, ""vy"": 8.0448579788208, ""r"": 2.5906050205230713}]"
88,4.4,-53.06373596191406,24.501977920532227,0.002220144242744557,3.3625012946364703,0.0011799056082963943,0.19124960899353027,0.0,PlanStatus.OK,20,11.762369957403495,-0.034605178529812444,True,54.43953426155766,4.927365697525184e-06,1.895034268958786e-05,0.0018415062563556385,-0.034605178529812444,4.0,False,7.289200089871883,20,11.762369957403495,-0.034605178529812444,0.1,60,-53.06373591159492,24.50197792067204,0.002777666718105363,3.3625012946364703,-31.344440917208964,24.56232623284559,0.0027790104050858036,3.989375021577273,1,"[{""id"": 134, ""x"": -110.23681640625, ""y"": 12.447101593017578, ""vx"": 0.3547653257846832, ""vy"": 8.01848316192627, ""r"": 2.5906050205230713}]"
89,4.45,-52.89522933959961,24.50245475769043,0.0022806648385909328,3.3753024460168715,0.0010526523692533374,0.18740926682949066,0.0,PlanStatus.OK,20,11.930877254155664,-0.03459630286595779,True,54.50698596853366,5.244677619835896e-06,1.8221126657004018e-05,0.0018389980069972737,-0.03459630286595779,4.0,False,8.278199937194586,20,11.930877254155664,-0.03459630286595779,0.1,60,-52.89522927817413,24.502454757861123,0.0027786209992067866,3.3753024460168715,-31.138171045053504,24.562908336140357,0.0027790104050958086,3.989588374100273,1,"[{""id"": 134, ""x"": -110.22057342529297, ""y"": 12.850284576416016, ""vx"": 0.37817683815956116, ""vy"": 8.090636253356934, ""r"": 2.5906050205230713}]"
90,4.5,-52.72684860229492,24.50297737121582,0.0022185437453472573,3.3624996414694412,0.0011874476913362741,0.19125010073184967,0.0,PlanStatus.OK,20,12.099258727626799,-0.03454149073559142,True,54.576316560242375,4.621234743989986e-06,1.671633422682759e-05,0.0018364728369716584,-0.03454149073559142,4.0,False,7.857899880036712,20,12.099258727626799,-0.03454149073559142,0.1,60,-52.72684860229492,24.50297737121582,0.002779010405084094,3.3624996414694412,-31.00755850167644,24.563326123033864,0.0027790104050967905,3.9893749940245034,1,"[{""id"": 134, ""x"": -110.2032699584961, ""y"": 13.253742218017578, ""vx"": 0.38731518387794495, ""vy"": 8.05018138885498, ""r"": 2.5906050205230713}]"
91,4.55,-52.55834197998047,24.503456115722656,0.002279495804499145,3.37530128570231,0.0010606670984998345,0.18740960955619812,0.0,PlanStatus.OK,20,12.267766029696125,-0.034531029131390806,True,54.643029462791745,5.419118690572463e-06,1.9135907278508384e-05,0.0018347627779515604,-0.034531029131390806,4.0,False,8.271999889984727,20,12.267766029696125,-0.034531029131390806,0.1,60,-52.558341979980476,24.503456115722656,0.002779010405092968,3.37530128570231,-30.801287176576768,24.563909816312854,0.0027790104050882756,3.9895883547617,1,"[{""id"": 134, ""x"": -110.18004608154297, ""y"": 13.65715217590332, ""vx"": 0.6568413376808167, ""vy"": 8.063389778137207, ""r"": 2.5906050205230713}]"
92,4.6000000000000005,-52.38996505737305,24.503978729248047,0.002217872493513908,3.362498490533516,0.0011914375936612487,0.19125045835971832,0.0,PlanStatus.OK,20,12.436143754471551,-0.03447633824166248,True,54.70139344973634,4.9796521976085255e-06,1.876955253671351e-05,0.0018327486384398261,-0.03447633824166248,4.0,False,7.249899907037616,20,12.436143754471551,-0.03447633824166248,0.1,60,-52.38996505737305,24.503978729248047,0.0027790104050960888,3.362498490533516,-30.67067836369097,24.56432747159816,0.0027790104051010544,3.9893749748422196,1,"[{""id"": 134, ""x"": -110.14484405517578, ""y"": 14.05770492553711, ""vx"": 0.9164718389511108, ""vy"": 7.9655070304870605, ""r"": 2.5906050205230713}]"
93,4.65,-52.22146224975586,24.50446319580078,0.0022791670705520884,3.3752998818279467,0.0010613646591082215,0.18741004168987274,0.0,PlanStatus.OK,20,12.604647257759947,-0.034460144012591794,True,54.754296538614,5.4673566167295085e-06,1.8880900422256486e-05,0.00183100470961108,-0.034460144012591794,4.0,False,7.895100163295865,20,12.604647257759947,-0.034460144012591794,0.1,60,-52.22146224975587,24.50446319580078,0.0027790104050903625,3.3752998818279467,-30.464411613069704,24.56491688481161,0.0027790104051220615,3.989588331363807,1,"[{""id"": 134, ""x"": -110.1007080078125, ""y"": 14.456758499145508, ""vx"": 1.111380934715271, ""vy"": 7.976746082305908, ""r"": 2.5906050205230713}]"
94,4.7,-52.05308532714844,24.504981994628906,0.0022176769176213557,3.362497067866552,0.0011918526142835617,0.19125087559223175,0.0,PlanStatus.OK,20,12.773024971934303,-0.0344092678054002,True,54.804128640368674,5.250429197739126e-06,1.868659504854729e-05,0.0018291209174062508,-0.0344092678054002,4.0,False,7.025600178167224,20,12.773024971934303,-0.0344092678054002,0.1,60,-52.05308532714844,24.504981994628906,0.0027790104050880947,3.362497067866552,-30.333802855565636,24.565330725245744,0.002779010405133783,3.98937495113111,1,"[{""id"": 134, ""x"": -110.05036163330078, ""y"": 14.854249000549316, ""vx"": 1.203412413597107, ""vy"": 7.908229827880859, ""r"": 2.5906050205230713}]"
95,4.75,-51.88458251953125,24.50546646118164,0.0022790146669975195,3.375298930769443,0.0010616880608722568,0.18741032481193542,0.0,PlanStatus.OK,20,12.9415284752227,-0.03439307357632594,True,54.85184794549816,5.356200019190792e-06,1.844126207966798e-05,0.0018273148864398508,-0.03439307357632594,4.0,False,7.098800037056208,20,12.9415284752227,-0.03439307357632594,0.1,60,-51.88458251953125,24.50546646118164,0.0027790104050997135,3.375298930769443,-30.12753471366293,24.565920142325606,0.0027790104051760027,3.989588315512814,1,"[{""id"": 134, ""x"": -109.99483489990234, ""y"": 15.251665115356445, ""vx"": 1.3027634620666504, ""vy"": 7.948990345001221, ""r"": 2.5906050205230713}]"
96,4.800000000000001,-51.71620559692383,24.505985260009766,0.0022175489610533556,3.3624961149800408,0.0011921240948140621,0.19125115871429443,0.0,PlanStatus.OK,20,13.109906189397057,-0.034342197369134346,True,54.898314384333844,5.204430701532181e-06,1.8467582712047327e-05,0.0018258436277445733,-0.034342197369134346,4.0,False,7.20479991286993,20,13.109906189397057,-0.034342197369134346,0.1,60,-51.71620559692383,24.505985260009766,0.0027790104050932846,3.3624961149800408,-29.996925961494906,24.566333982744922,0.002779010405201889,3.9893749352496735,1,"[{""id"": 134, ""x"": -109.93517303466797, ""y"": 15.648408889770508, ""vx"": 1.3468334674835205, ""vy"": 7.896596431732178, ""r"": 2.5906050205230713}]"
97,4.8500000000000005,-51.54770278930664,24.5064697265625,0.002278909076821487,3.3752975008906874,0.0010619121603667736,0.18741075694561005,0.0,PlanStatus.OK,20,13.278409692685452,-0.03432600314006366,True,54.943917294469266,5.260421842096382e-06,1.8596746118545483e-05,0.0018246065787390874,-0.03432600314006366,4.0,False,8.336400147527456,20,13.278409692685452,-0.03432600314006366,0.1,60,-51.54770278930664,24.5064697265625,0.002779010405088808,3.3752975008906874,-29.790662275298157,24.566923310113623,0.002778816578261287,3.9895882916815206,1,"[{""id"": 134, ""x"": -109.87171936035156, ""y"": 16.04555892944336, ""vx"": 1.4137777090072632, ""vy"": 7.947141647338867, ""r"": 2.5906050205230713}]"
98,4.9,-51.37932586669922,24.506988525390625,0.002217457154816559,3.3624951620301258,0.0011923189740628004,0.1912514567375183,0.0,PlanStatus.OK,20,13.446787406859809,-0.03427512693287205,True,54.98447145872744,4.956007172048499e-06,1.8858612705827116e-05,0.0018233500177484083,-0.03427512693287205,4.0,False,7.094800006598234,20,13.446787406859809,-0.03427512693287205,0.1,60,-51.37932586669922,24.506988525390625,0.0027790104050866775,3.3624951620301258,-29.66006330017998,24.567336841468833,0.00277810992919325,3.9893749193671657,1,"[{""id"": 134, ""x"": -109.80015563964844, ""y"": 16.44062042236328, ""vx"": 1.678918719291687, ""vy"": 7.830852508544922, ""r"": 2.5906050205230713}]"
99,4.95,-51.21082305908203,24.50747299194336,0.002278831054523926,3.375297501659669,0.0010620777029544115,0.18741075694561005,0.0,PlanStatus.OK,20,13.615290910148206,-0.03425893270379782,True,55.01741070579676,5.40856085158636e-06,1.997760619648105e-05,0.0018226456036389267,-0.03425893270379782,4.0,False,7.386300014331937,20,13.615290910148206,-0.03425893270379782,0.1,60,-51.21082305908203,24.50747299194336,0.002779010405097742,3.375297501659669,-29.45381140661125,24.567925775652938,0.0027770126445982096,3.989588291694334,1,"[{""id"": 134, ""x"": -109.71768951416016, ""y"": 16.833328247070312, ""vx"": 1.887540340423584, ""vy"": 7.829277992248535, ""r"": 2.5906050205230713}]"
100,5.0,-51.04244613647461,24.507991790771484,0.0022173923963095836,3.3624954008919383,0.0011924563441425562,0.19125138223171234,0.0,PlanStatus.OK,20,13.783668624322562,-0.0342080564966062,True,55.046384914901616,5.204981083842422e-06,1.9133173612562865e-05,0.0018211845064121791,-0.0342080564966062,4.0,False,7.19210016541183,20,13.783668624322562,-0.0342080564966062,0.1,60,-51.04244613647461,24.507991790771484,0.0027790104050930816,3.3624954008919383,-29.323211664410852,24.56833931853063,0.002776895319198563,3.989374923348198,1,"[{""id"": 134, ""x"": -109.62838745117188, ""y"": 17.224197387695312, ""vx"": 1.9861540794372559, ""vy"": 7.757729530334473, ""r"": 2.5906050205230713}]"
101,5.050000000000001,-50.87394332885742,24.50847625732422,0.002278774358321032,3.3752975017491504,0.0010621980763971806,0.18741074204444885,0.0,PlanStatus.OK,20,13.952172127610957,-0.03419186226753552,True,55.06771328845322,5.527187368517823e-06,1.902996084471656e-05,0.0018206284498545702,-0.03419186226753552,4.0,False,7.160400040447712,20,13.952172127610957,-0.03419186226753552,0.1,60,-50.87394332885742,24.50847625732422,0.0027790104051056384,3.3752975017491504,-29.116960426925292,24.56892826572741,0.002776939427794158,3.9895882916958314,1,"[{""id"": 134, ""x"": -109.52825164794922, ""y"": 17.61231231689453, ""vx"": 2.343873977661133, ""vy"": 7.683777809143066, ""r"": 2.5906050205230713}]"
102,5.1000000000000005,-50.70556640625,24.508996963500977,0.0022173442825594207,3.3624954013389847,0.0011925584403797984,0.19125138223171234,0.0,PlanStatus.OK,20,14.120549847085849,-0.03413907871907465,True,55.08014821508509,5.3952246617356464e-06,1.9144600556346425e-05,0.001820351549381391,-0.03413907871907465,4.0,False,7.115100044757128,20,14.120549847085849,-0.03413907871907465,0.1,60,-50.705566414099515,24.508996963479163,0.002779010405123278,3.3624954013389847,-28.98636061487956,24.56934372546277,0.0027769671692724454,3.9893749233556397,1,"[{""id"": 134, ""x"": -109.4161605834961, ""y"": 17.99593162536621, ""vx"": 2.5181610584259033, ""vy"": 7.58150053024292, ""r"": 2.5906050205230713}]"
103,5.15,-50.53706359863281,24.509479522705078,0.002278734827023601,3.3752970250903127,0.001062281895428896,0.1874108910560608,0.0,PlanStatus.OK,20,14.289053345073711,-0.034124791831264475,True,55.086691389021894,5.432455349403162e-06,1.8647237509266702e-05,0.0018195841391437167,-0.034124791831264475,4.0,False,9.82859986834228,20,14.289053345073711,-0.034124791831264475,0.1,60,-50.53706361744649,24.509479522652803,0.0027790104051562035,3.3752970250903127,-28.780110740497474,24.569930776294395,0.0027770111644213617,3.989588283751499,1,"[{""id"": 134, ""x"": -109.2953109741211, ""y"": 18.37797737121582, ""vx"": 2.6997792720794678, ""vy"": 7.588680744171143, ""r"": 2.5906050205230713}]"
104,5.2,-50.36868667602539,24.510000228881836,0.002217309952748494,3.3624949244791122,0.001192631316371262,0.19125151634216309,0.0,PlanStatus.OK,20,14.457431064548603,-0.03407200828279673,True,55.084506090988825,5.059436383194349e-06,1.734278641701923e-05,0.10181934582165231,-0.03407200828279673,3.5,False,7.376899942755699,20,14.457431064548603,-0.03407200828279673,0.1,60,-50.36868670575228,24.51000022879925,0.002779010405179833,3.3624949244791122,-30.124404846968925,24.566249906813418,0.0027790104051778294,3.4977082487413225,1,"[{""id"": 134, ""x"": -109.16285705566406, ""y"": 18.7554988861084, ""vx"": 3.0014164447784424, ""vy"": 7.407966613769531, ""r"": 2.5906050205230713}]"
105,5.25,-50.2001838684082,24.510482788085938,0.0022787046584018776,3.3752975013045194,0.0010623459238559008,0.18741075694561005,0.0,PlanStatus.OK,20,14.625934562536463,-0.0340577213949831,True,55.07228620364453,5.271275488566116e-06,1.7841424193847794e-05,0.10181983781596257,-0.0340577213949831,3.5,False,7.280000019818544,20,14.625934562536463,-0.0340577213949831,0.1,60,-50.20018390906852,24.51048278797299,0.002779010405191365,3.3752975013045194,-29.918134598847836,24.566837422397878,0.002779010405213226,3.4979216250217298,1,"[{""id"": 134, ""x"": -109.017333984375, ""y"": 19.128292083740234, ""vx"": 3.2528581619262695, ""vy"": 7.360184669494629, ""r"": 2.5906050205230713}]"
106,5.300000000000001,-50.03180694580078,24.511003494262695,0.002217283945315974,3.3624951626592945,0.001192686497233808,0.1912514567375183,0.0,PlanStatus.OK,20,14.794312282011354,-0.034004937846508376,True,55.04962935869265,4.967401181045673e-06,1.70159238355172e-05,0.10182041950776907,-0.034004937846508376,3.5,False,7.016099989414215,20,14.794312282011354,-0.034004937846508376,0.1,60,-50.03180699731885,24.511003494119603,0.0027782690157997225,3.3624951626592945,-29.787527725592547,24.56725308080356,0.0027787698442163548,3.497708252710979,1,"[{""id"": 134, ""x"": -108.85853576660156, ""y"": 19.494504928588867, ""vx"": 3.5654048919677734, ""vy"": 7.139651298522949, ""r"": 2.5906050205230713}]"
107,5.3500000000000005,-49.863304138183594,24.511486053466797,0.00227868281215856,3.375297025012012,0.0010618286905810237,0.1874108910560608,0.0,PlanStatus.OK,20,14.962815779999216,-0.033990650958684206,True,55.0163243996464,5.2496269841183425e-06,1.7757238529739552e-05,0.10182166431831731,-0.033990650958684206,3.5,False,7.078099995851517,20,14.962815779999216,-0.033990650958684206,0.1,60,-49.86330420060436,24.511486053293442,0.0027773130621889137,3.375297025012012,-29.581277106767647,24.567840098413896,0.0027775020977896317,3.4979216170835388,1,"[{""id"": 134, ""x"": -108.68619537353516, ""y"": 19.85474967956543, ""vx"": 3.8248391151428223, ""vy"": 7.0693864822387695, ""r"": 2.5906050205230713}]"
108,5.4,-49.69492721557617,24.512006759643555,0.002217243373721242,3.362494921689297,0.0011891447938978672,0.19125151634216309,0.0,PlanStatus.OK,20,15.131193564204962,-0.03393761718076077,True,54.97583922752205,5.654021306033265e-06,1.976873610292501e-05,0.10182353714473806,-0.03393761718076077,3.5,False,7.32380012050271,20,15.131193564204962,-0.03393761718076077,0.1,60,-49.694927207084014,24.51200675966714,0.00277710306394271,3.362494921689297,-29.450677234601265,24.568255795610607,0.0027768729499996784,3.497708248694832,1,"[{""id"": 134, ""x"": -108.50430297851562, ""y"": 20.210975646972656, ""vx"": 3.943993330001831, ""vy"": 6.970487594604492, ""r"": 2.5906050205230713}]"
109,5.45,-49.526424407958984,24.512487411499023,0.0022784843754484305,3.37529700555032,0.0010561092058196664,0.1874108910560608,0.0,PlanStatus.OK,20,15.29969705686837,-0.03392491624056795,True,54.92501758518026,5.231392455074422e-06,1.7684685998144156e-05,0.10182467031368966,-0.03392491624056795,3.5,False,7.229599868878722,20,15.29969705686837,-0.03392491624056795,0.1,60,-49.526424388566795,24.51248741155289,0.002777103063956661,3.37529700555032,-29.244425918864305,24.568841243938024,0.002776916728749075,3.497921616759171,1,"[{""id"": 134, ""x"": -108.30937194824219, ""y"": 20.560821533203125, ""vx"": 4.308152198791504, ""vy"": 6.794778823852539, ""r"": 2.5906050205230713}]"
110,5.5,-49.35804748535156,24.51300811767578,0.00221673492841547,3.3624951239986416,0.001187140354886651,0.1912514567375183,0.0,PlanStatus.OK,20,15.468074776242277,-0.03387181153834093,True,54.86466008665433,5.891085317010257e-06,2.058414049462779e-05,0.10182741074331321,-0.03387181153834093,3.5,False,7.601100020110607,20,15.468074776242277,-0.03387181153834093,0.1,60,-49.3580474551117,24.51300811775979,0.0027771030639784583,3.3624951239986416,-29.1138253912696,24.569257023143642,0.0027769442850535367,3.4977082520666563,1,"[{""id"": 134, ""x"": -108.1025161743164, ""y"": 20.903350830078125, ""vx"": 4.453063011169434, ""vy"": 6.6606125831604, ""r"": 2.5906050205230713}]"
111,5.550000000000001,-49.189544677734375,24.51348876953125,0.0022777735923176505,3.3752974580606523,0.001057617599144578,0.18741075694561005,0.0,PlanStatus.OK,20,15.636578268905685,-0.03385911059814112,True,54.79716336618808,5.229276392315985e-06,1.7764481607209816e-05,0.10182894378520635,-0.03385911059814112,3.5,False,7.476300001144409,20,15.636578268905685,-0.03385911059814112,0.1,60,-49.18954463662379,24.51348876964547,0.0027771030640057256,3.3752974580606523,-28.907573292861652,24.569842488313913,0.0027769879521813406,3.4979216243010196,1,"[{""id"": 134, ""x"": -107.8862075805664, ""y"": 21.241872787475586, ""vx"": 4.641483783721924, ""vy"": 6.616705894470215, ""r"": 2.5906050205230713}]"
112,5.6000000000000005,-49.02116775512695,24.514007568359375,0.002216034288183373,3.3624951204354465,0.0011886272113770247,0.1912514567375183,0.0,PlanStatus.OK,20,15.804955982982698,-0.0338079132371832,True,54.720830561235786,6.124772587470571e-06,2.138666922890664e-05,0.10183238590080282,-0.0338079132371832,3.5,False,7.076899986714125,20,15.804955982982698,-0.0338079132371832,0.1,60,-49.02116770322104,24.514007568503605,0.002777904787187767,3.3624951204354465,-28.776974049322348,24.57025636580191,0.0027770153528161386,3.4977082520072513,1,"[{""id"": 134, ""x"": -107.65886688232422, ""y"": 21.572425842285156, ""vx"": 4.877188682556152, ""vy"": 6.365529537200928, ""r"": 2.5906050205230713}]"
113,5.65,-48.852664947509766,24.514490127563477,0.002277156956092594,3.3752976987539483,0.0010651573538780212,0.18741069734096527,0.0,PlanStatus.OK,20,15.973459480943003,-0.03379330495570044,True,54.635589117884415,5.704143245104105e-06,1.8099185051046254e-05,0.20183441121155654,-0.03379330495570044,3.0,False,7.511400151997805,20,15.973459480943003,-0.03379330495570044,0.1,60,-48.852664884765375,24.51449012773784,0.0027788601451645147,3.3752976987539483,-30.04560933062979,24.566747585340213,0.0027790104051986855,3.0062549616459004,1,"[{""id"": 134, ""x"": -107.42031860351562, ""y"": 21.895219802856445, ""vx"": 5.089295864105225, ""vy"": 6.263369083404541, ""r"": 2.5906050205230713}]"
114,5.7,-48.68428421020508,24.5150089263916,0.0022157635508108365,3.362496109356891,0.001195949618704617,0.19125117361545563,0.0,PlanStatus.OK,20,16.14184094534458,-0.03374238872636119,True,54.54457969979875,5.429274277882591e-06,1.7452277065906074e-05,0.20183721470907556,-0.03374238872636119,3.0,False,7.992099970579147,20,16.14184094534458,-0.03374238872636119,0.1,60,-48.68428421020508,24.5150089263916,0.002779010405092101,3.362496109356891,-29.914993210337503,24.567161486257973,0.002779010405205714,3.0060416018226035,1,"[{""id"": 134, ""x"": -107.17415618896484, ""y"": 22.212244033813477, ""vx"": 5.166072845458984, ""vy"": 6.14254093170166, ""r"": 2.5906050205230713}]"
115,5.75,-48.515785217285156,24.515493392944336,0.0022773403084918624,3.375297744271982,0.001065277261659503,0.18741068243980408,0.0,PlanStatus.OK,20,16.310340633950442,-0.03372618389622196,True,54.44528354650086,5.534779122850909e-06,1.838725884762988e-05,0.20184082810381807,-0.03372618389622196,3.0,False,7.848300039768219,20,16.310340633950442,-0.03372618389622196,0.1,60,-48.51578521728515,24.515493392944336,0.0027790104050874295,3.375297744271982,-29.708739456852587,24.567750619342004,0.0027781634421234916,3.0062549624045256,1,"[{""id"": 134, ""x"": -106.91761779785156, ""y"": 22.52074432373047, ""vx"": 5.459380149841309, ""vy"": 5.918956279754639, ""r"": 2.5906050205230713}]"
116,5.800000000000001,-48.34740447998047,24.51601219177246,0.002216114651149861,3.362495168741949,0.0011952032800763845,0.1912514567375183,0.0,PlanStatus.OK,20,16.478722162807333,-0.03367531829009889,True,54.33872116417203,5.9075739043737924e-06,1.812393192177509e-05,0.2018442484591246,-0.03367531829009889,3.0,False,7.680900162085891,20,16.478722162807333,-0.03367531829009889,0.1,60,-48.34740447998047,24.51601219177246,0.0027790104050876845,3.362495168741949,-29.578137159070245,24.56816415152659,0.0027772328411885634,3.0060415861456917,1,"[{""id"": 134, ""x"": -106.6520767211914, ""y"": 22.82028579711914, ""vx"": 5.552985668182373, ""vy"": 5.765445232391357, ""r"": 2.5906050205230713}]"
117,5.8500000000000005,-48.17890548706055,24.516496658325195,0.0022776867274930325,3.375296792579285,0.0010645409347489476,0.18741096556186676,0.0,PlanStatus.OK,20,16.647221851413196,-0.033659113459956105,True,54.22647401446599,5.59981450525778e-06,1.8638336860628442e-05,0.20184829959730272,-0.033659113459956105,3.0,False,7.756799925118685,20,16.647221851413196,-0.033659113459956105,0.1,60,-48.17890548706054,24.516496658325195,0.00277901040509442,3.375296792579285,-29.37189087844391,24.568753084074896,0.0027768943758826312,3.0062549465429815,1,"[{""id"": 134, ""x"": -106.37909698486328, ""y"": 23.114355087280273, ""vx"": 5.710786819458008, ""vy"": 5.694393634796143, ""r"": 2.5906050205230713}]"
118,5.9,-48.01052474975586,24.51701545715332,0.002216419198184674,3.362494214359721,0.0011945258593186736,0.191251739859581,0.0,PlanStatus.OK,20,16.815603380270087,-0.03360824785383305,True,54.10707483550499,6.7325695923890545e-06,2.029859142670381e-05,0.20185255360919213,-0.03360824785383305,3.0,False,8.003500057384372,20,16.815603380270087,-0.03360824785383305,0.1,60,-48.01052474975586,24.51701545715332,0.0027790104050933848,3.362494214359721,-29.241288523830338,24.569166625631336,0.0027769217555148945,3.00604157023932,1,"[{""id"": 134, ""x"": -106.09744262695312, ""y"": 23.398813247680664, ""vx"": 5.895320892333984, ""vy"": 5.401355266571045, ""r"": 2.5906050205230713}]"
119,5.95,-47.84202575683594,24.517499923706055,0.0022779447212236343,3.375296314398926,0.0010639209067448974,0.1874110996723175,0.0,PlanStatus.OK,20,16.984103068875946,-0.03359204302369382,True,53.97982617820208,5.6744999781093005e-06,1.8852686265546752e-05,0.2018567819758659,-0.03359204302369382,3.0,False,8.507999824360013,20,16.984103068875946,-0.03359204302369382,0.1,60,-47.84202575683594,24.517499923706055,0.0027790104050929303,3.375296314398926,-29.035040790288438,24.56975557677767,0.002776965075590861,3.006254938573325,1,"[{""id"": 134, ""x"": -105.80631256103516, ""y"": 23.673492431640625, ""vx"": 6.087467670440674, ""vy"": 5.2606987953186035, ""r"": 2.5906050205230713}]"
120,6.0,-47.67364501953125,24.51801872253418,0.002216634799800267,3.362493259370321,0.0011940235272049904,0.19125202298164368,0.0,PlanStatus.OK,20,17.15248459773284,-0.03354117741757075,True,53.84503365484622,6.6646725936482545e-06,2.013404969780294e-05,0.20186151538766342,-0.03354117741757075,3.0,False,7.8305997885763645,20,17.15248459773284,-0.03354117741757075,0.1,60,-47.67364501953125,24.51801872253418,0.0027790104050854276,3.362493259370321,-28.904439777365308,24.57016912374919,0.0027769922928094566,3.0060415543228505,1,"[{""id"": 134, ""x"": -105.50636291503906, ""y"": 23.936777114868164, ""vx"": 6.260832786560059, ""vy"": 4.94356107711792, ""r"": 2.5906050205230713}]"
121,6.050000000000001,-47.50514602661133,24.518503189086914,0.00227812547287965,3.37529559782359,0.0,0.0,1.0,PlanStatus.FAIL,20,17.3209842863387,-0.03352497258742797,False,53.70248189871503,0.14058729098574368,0.43346650902373085,2.9350789977162517,-0.03352497258742797,3.0,False,7.698899833485484,20,17.3209842863387,-0.03352497258742797,0.1,60,-47.50514602661133,24.518503189086914,0.00277901040509106,3.37529559782359,-28.68374883202104,24.584464487136422,0.04612362325018789,3.0062549266303993,1,"[{""id"": 134, ""x"": -105.19729614257812, ""y"": 24.189727783203125, ""vx"": 6.449961185455322, ""vy"": 4.7923712730407715, ""r"": 2.5906050205230713}]"
122,6.1000000000000005,-47.337669372558594,24.51896858215332,0.0021659153649734933,3.3214696642041805,0.0,0.0,1.0,PlanStatus.FAIL,20,17.48846158701973,-0.03352500008327138,False,53.55362189371954,0.18656339011829334,0.5740904442208471,3.234335961759567,-0.03352500008327138,3.0,False,7.848700042814016,20,17.48846158701973,-0.03352500008327138,0.1,60,-47.337669372558594,24.51896858215332,0.002779010405095118,3.3214696642041805,-28.676273308951,24.588853104844198,0.06018601863122177,3.0053578277367246,1,"[{""id"": 134, ""x"": -104.8818359375, ""y"": 24.43562889099121, ""vx"": 6.5039873123168945, ""vy"": 4.667090892791748, ""r"": 2.5906050205230713}]"
123,6.15,-47.17429733276367,24.519338607788086,0.002146209533352858,3.224390540992501,0.0013434914872050285,0.23268283903598785,0.0,PlanStatus.OK,20,17.65183402426596,-0.03360898789144768,True,53.39305305734737,5.697303152405918e-06,1.793353710773278e-05,0.2018768263489253,-0.03360898789144768,3.0,False,8.057400118559599,20,17.65183402426596,-0.03360898789144768,0.1,60,-47.17429733276367,24.519338607788086,0.002779010405091504,3.224390540992501,-28.812501423281976,24.57035662977715,0.002777011985513352,3.003739842349869,1,"[{""id"": 134, ""x"": -104.55775451660156, ""y"": 24.671180725097656, ""vx"": 6.747506141662598, ""vy"": 4.38629150390625, ""r"": 2.5906050205230713}]"
124,6.2,-47.01675796508789,24.51978302001953,0.0020184676567084124,3.115414114507959,0.0016145845875144005,0.2653757631778717,0.0,PlanStatus.OK,20,17.809374018636458,-0.033602380354541675,True,53.22045472701953,6.265710249283631e-06,1.927320603785799e-05,0.20188315698975,-0.033602380354541675,3.0,False,7.689999882131815,20,17.809374018636458,-0.033602380354541675,0.1,60,-47.01675796508789,24.51978302001953,0.0027790104050952518,3.115414114507959,-28.97642747550957,24.569908009190357,0.002776977490647354,3.0019235685751458,1,"[{""id"": 134, ""x"": -104.22657775878906, ""y"": 24.896448135375977, ""vx"": 6.808463096618652, ""vy"": 4.230056285858154, ""r"": 2.5906050205230713}]"
125,6.25,-46.86107635498047,24.52022361755371,0.002060418165512315,3.1166263523898667,0.0015255633043125272,0.26501208543777466,0.0,PlanStatus.OK,20,17.96505625201116,-0.03359442477920389,True,53.040628893732425,4.73612488949434e-06,1.4608833242236649e-05,0.20188851052550444,-0.03359442477920389,3.0,False,7.482799934223294,20,17.96505625201116,-0.03359442477920389,0.1,60,-46.86107635498047,24.52022361755371,0.002779010405110635,3.1166263523898667,-28.8171831438752,24.570358191525916,0.0027770109412059364,3.0019437725398364,1,"[{""id"": 134, ""x"": -103.88920593261719, ""y"": 25.11526870727539, ""vx"": 6.9466986656188965, ""vy"": 4.138557434082031, ""r"": 2.5906050205230713}]"
126,6.300000000000001,-46.70560836791992,24.52071762084961,0.0019722112273392856,3.1063166915757088,0.0,0.0,1.0,PlanStatus.FAIL,20,18.12052501157886,-0.033532469988462835,False,52.85513889773231,0.17310311532208505,0.5319849653058591,3.1450099871416803,-0.033532469988462835,3.0,False,9.12240007892251,20,18.12052501157886,-0.033532469988462835,0.1,60,-46.705608375628366,24.52071762082819,0.0027790104051191936,3.1063166915757088,-28.67853851698982,24.587514607069874,0.05597547036868838,3.001771944859592,1,"[{""id"": 134, ""x"": -103.54568481445312, ""y"": 25.323408126831055, ""vx"": 7.048185348510742, ""vy"": 3.8369131088256836, ""r"": 2.5906050205230713}]"
127,6.3500000000000005,-46.55023956298828,24.521093368530273,0.0019584094730122474,3.0976756345872056,0.0,0.0,1.0,PlanStatus.FAIL,20,18.275894260767476,-0.0335884947285003,False,52.66379195770959,0.8876803307868799,2.7036474324781303,7.793246581002144,-0.0335884947285003,3.0,False,7.817999925464392,20,18.275894260767476,-0.0335884947285003,0.1,60,-46.550239580663245,24.521093368481164,0.0027790104051393844,3.0976756345872056,-28.566795162660735,24.653052696983615,0.27314174463509466,3.001627927243119,1,"[{""id"": 134, ""x"": -103.19580841064453, ""y"": 25.521207809448242, ""vx"": 7.1859354972839355, ""vy"": 3.687147378921509, ""r"": 2.5906050205230713}]"
128,6.4,-46.398651123046875,24.521453857421875,0.0017539379982403082,2.9787378106363778,0.0021760310046374798,0.30637866258621216,0.0,PlanStatus.OK,20,18.427483117159255,-0.033649272538558324,True,52.46538189882097,5.978245594928899e-06,1.7876478380887857e-05,0.20190985111771625,-0.033649272538558324,3.0,False,8.070299867540598,20,18.427483117159255,-0.033649272538558324,0.1,60,-46.39865115048286,24.52145385734565,0.0027790104051640245,2.9787378106363778,-28.76153236265352,24.57045788905722,0.002777022981566018,2.999645630177262,1,"[{""id"": 134, ""x"": -102.84208679199219, ""y"": 25.71184539794922, ""vx"": 7.193730354309082, ""vy"": 3.568434953689575, ""r"": 2.5906050205230713}]"
129,6.45,-46.25210189819336,24.52182388305664,0.0017608800321657907,2.912919927018177,0.0021613100543618202,0.32612401247024536,0.0,PlanStatus.OK,20,18.574032804424483,-0.033686509629137266,True,52.25681798101802,5.899129764019236e-06,1.746194560903365e-05,0.20191735481277046,-0.033686509629137266,3.0,False,10.21560002118349,20,18.574032804424483,-0.033686509629137266,0.1,60,-46.25210193507572,24.521823882954184,0.0027790104051725936,2.912919927018177,-28.809141231837522,24.57028843941479,0.002777013167785113,2.9985486654503086,1,"[{""id"": 134, ""x"": -102.48285675048828, ""y"": 25.89105987548828, ""vx"": 7.371059417724609, ""vy"": 3.2252604961395264, ""r"": 2.5906050205230713}]"
130,6.5,-46.10729217529297,24.52229118347168,0.001655342131072718,2.8906855819885786,0.002385271480306983,0.33279433846473694,0.0,PlanStatus.OK,20,18.71884326678086,-0.033621638227255064,True,52.042241100879004,6.407557234870834e-06,1.853974431138654e-05,0.20192544446112162,-0.033621638227255064,3.0,False,7.278800010681152,20,18.71884326678086,-0.033621638227255064,0.1,60,-46.10729222139067,24.522291183343636,0.002778957038356807,2.8906855819885786,-28.729929070898603,24.57057328776766,0.002777029489647464,2.99817809303313,1,"[{""id"": 134, ""x"": -102.11911010742188, ""y"": 26.0572509765625, ""vx"": 7.399747371673584, ""vy"": 3.025312662124634, ""r"": 2.5906050205230713}]"
131,6.550000000000001,-45.96150207519531,24.522735595703125,0.0017121942485249422,2.9342946917029287,0.0,0.0,1.0,PlanStatus.FAIL,20,18.864634038942405,-0.033582379395509,False,51.824481341587855,1.0738469939469366,4.206732979485046,10.15825730148132,-0.033582379395509,4.0,False,9.212699951604009,20,18.864634038942405,-0.033582379395509,0.1,60,-45.9615021305775,24.522735595549307,0.0027779776770148128,2.9342946917029287,-25.937920299082613,26.197539554810135,0.531439866238873,3.9822382448617133,1,"[{""id"": 134, ""x"": -101.75091552734375, ""y"": 26.215431213378906, ""vx"": 7.514513969421387, ""vy"": 2.8980391025543213, ""r"": 2.5906050205230713}]"
132,6.6000000000000005,-45.81509017944336,24.52313232421875,0.001537406096785728,2.9120096232042703,0.0,0.0,1.0,PlanStatus.FAIL,20,19.011046535916247,-0.03359251100208616,False,51.604609497383784,0.803517832143761,3.1163532085540577,7.596760170485487,-0.03359251100208616,4.0,False,8.0464999191463,20,19.011046535916247,-0.03359251100208616,0.1,60,-45.81509017873171,24.523132324220725,0.002777103063930782,2.9120096232042703,-25.8685471763448,26.238313630506518,0.5314554820393803,3.9818668270534014,1,"[{""id"": 134, ""x"": -101.37971496582031, ""y"": 26.367136001586914, ""vx"": 7.510247707366943, ""vy"": 2.7997848987579346, ""r"": 2.5906050205230713}]"
133,6.65,-45.67117691040039,24.523393630981445,0.0014601635020517715,2.846725729688299,0.0,0.0,1.0,PlanStatus.FAIL,20,19.154959975683195,-0.03373086671370305,False,51.37903698514489,0.9547932822837804,3.7100229837808785,8.991409885270448,-0.03373086671370305,4.0,False,7.336200214922428,20,19.154959975683195,-0.03373086671370305,0.1,60,-45.67117690037553,24.523393631009288,0.0027771030639485877,2.846725729688299,-25.91036379579212,26.213573288991327,0.5314486320830873,3.980778762161472,1,"[{""id"": 134, ""x"": -101.00503540039062, ""y"": 26.513710021972656, ""vx"": 7.603362083435059, ""vy"": 2.7351808547973633, ""r"": 2.5906050205230713}]"
134,6.7,-45.53384780883789,24.52365493774414,0.0011874812937115275,2.6724510700312654,0.0033709113486111164,0.39826467633247375,0.0,PlanStatus.OK,20,19.292289273359202,-0.033850937537137735,True,51.14517210788861,6.742168368874569e-06,1.906710032540445e-05,0.20195923029593785,-0.033850937537137735,3.0,False,8.694499963894486,20,19.292289273359202,-0.033850937537137735,0.1,60,-45.53384778986139,24.523654937796852,0.0027771030639619763,2.6724510700312654,-28.800268638452724,24.57014865107525,0.002777015982745511,2.994540851167197,1,"[{""id"": 134, ""x"": -100.62838745117188, ""y"": 26.65570068359375, ""vx"": 7.581857681274414, ""vy"": 2.6683361530303955, ""r"": 2.5906050205230713}]"
135,6.75,-45.40401840209961,24.523950576782227,0.0011784104213970953,2.5609463854066776,0.0033900963608175516,0.43171608448028564,0.0,PlanStatus.OK,20,19.422119000475067,-0.03391584881886935,True,50.90173787598526,6.804049395538962e-06,1.9042950156712354e-05,0.20196860339097714,-0.03391584881886935,3.0,False,8.521100040525198,20,19.422119000475067,-0.03391584881886935,0.1,60,-45.40401837464151,24.523950576858503,0.002777103063967348,2.5609463854066776,-28.99936005616815,24.569530856095554,0.0027769740932789416,2.992682439756779,1,"[{""id"": 134, ""x"": -100.24940490722656, ""y"": 26.793947219848633, ""vx"": 7.655365467071533, ""vy"": 2.6283602714538574, ""r"": 2.5906050205230713}]"
136,6.800000000000001,-45.277835845947266,24.524383544921875,0.0010403360518866577,2.51560430388522,0.00368307251483202,0.44531869888305664,0.0,PlanStatus.OK,20,19.548302272444374,-0.033833303861677384,True,50.65276500655472,6.4334125433658864e-06,1.859906684116997e-05,0.2019781696143196,-0.033833303861677384,3.0,False,7.321499986574054,20,19.548302272444374,-0.033833303861677384,0.1,60,-45.27783581036795,24.52438354502072,0.002777103063983076,2.51560430388522,-29.00693531272225,24.569592364617804,0.002776972147110064,2.991926738398088,1,"[{""id"": 134, ""x"": -99.86851501464844, ""y"": 26.923473358154297, ""vx"": 7.676660060882568, ""vy"": 2.3262062072753906, ""r"": 2.5906050205230713}]"
137,6.8500000000000005,-45.15007781982422,24.52480697631836,0.001095123439271095,2.5848757750659552,0.0,0.0,1.0,PlanStatus.FAIL,20,19.67606098182465,-0.03376467084773282,False,50.402096984897554,0.267573253128285,0.8167071972899066,3.753518793297248,-0.03376467084773282,3.0,False,7.665400160476565,20,19.67606098182465,-0.03376467084773282,0.1,60,-45.15007777604362,24.52480697644,0.002777103064000076,2.5848757750659552,-28.663553460066765,24.59604265701512,0.08444769858107899,2.993081262917768,1,"[{""id"": 134, ""x"": -99.4845962524414, ""y"": 27.039987564086914, ""vx"": 7.775513648986816, ""vy"": 2.0705742835998535, ""r"": 2.5906050205230713}]"
138,6.9,-45.02025604248047,24.525148391723633,0.0008703504976552243,2.5913798162717026,0.0,0.0,1.0,PlanStatus.FAIL,20,19.805883206700933,-0.03378378475119915,False,50.151858724367266,1.094755512408868,3.3298955433647834,9.113508301347139,-0.03378378475119915,3.0,False,8.25539999641478,20,19.805883206700933,-0.03378378475119915,0.1,60,-45.020255990263244,24.525148391868726,0.002777588060530206,2.5913798162717026,-28.535375472321995,24.67127303921945,0.33576656477531336,2.993189663604532,1,"[{""id"": 134, ""x"": -99.09917449951172, ""y"": 27.14754295349121, ""vx"": 7.758724689483643, ""vy"": 1.9125208854675293, ""r"": 2.5906050205230713}]"
139,6.95,-44.891448974609375,24.525325775146484,0.000743237155636213,2.555025537901411,0.0,0.0,1.0,PlanStatus.FAIL,20,19.934690270484293,-0.03396411205539179,False,49.89809592095698,1.2117177540812634,3.6947278412855833,9.86927999460632,-0.03396411205539179,3.0,False,8.11599986627698,20,19.934690270484293,-0.03396411205539179,0.1,60,-44.89144891372282,24.525325775315682,0.0027785321676532236,2.555025537901411,-28.516740653283385,24.682004772583937,0.3722498001381168,2.9925837589650253,1,"[{""id"": 134, ""x"": -98.7113037109375, ""y"": 27.24843406677246, ""vx"": 7.8442583084106445, ""vy"": 1.799106240272522, ""r"": 2.5906050205230713}]"
140,7.0,-44.76826095581055,24.5255069732666,0.0004087485114764985,2.394469651275548,0.005024059675633907,0.4816591143608093,0.0,PlanStatus.OK,20,20.057878252007143,-0.034125131024230135,True,49.636674475014004,7.347995670048679e-06,1.8521518176197772e-05,0.20201852160121486,-0.034125131024230135,3.0,False,8.080200059339404,20,20.057878252007143,-0.034125131024230135,0.1,60,-44.76826095585242,24.525506973266484,0.002779021006208079,2.394469651275548,-28.854719928698174,24.569723243435696,0.0027770059053154245,2.9899078275212574,1,"[{""id"": 134, ""x"": -98.32170867919922, ""y"": 27.338573455810547, ""vx"": 7.845012664794922, ""vy"": 1.4787266254425049, ""r"": 2.5906050205230713}]"
141,7.050000000000001,-44.65187454223633,24.52574920654297,0.0004009263860345289,2.297111372273859,0.005040213465690613,0.5,0.0,PlanStatus.OK,20,20.17426488932847,-0.034206338555081775,True,49.365360352906094,7.464489546213416e-06,1.858960823127205e-05,0.20202981467977513,-0.034206338555081775,3.0,False,8.005000185221434,20,20.17426488932847,-0.034206338555081775,0.1,60,-44.65187454236271,24.525749206542617,0.002779021006200221,2.297111372273859,-29.025524910244084,24.569167705755067,0.002776969769637285,2.988285189537896,1,"[{""id"": 134, ""x"": -97.92945098876953, ""y"": 27.41692352294922, ""vx"": 7.935018539428711, ""vy"": 1.2812250852584839, ""r"": 2.5906050205230713}]"
142,7.1000000000000005,-44.538787841796875,24.526166915893555,0.0002795825978644034,2.2559739008520854,0.005299441050738096,0.5,0.0,PlanStatus.OK,20,20.287352313907864,-0.03410290072899598,True,49.08872266557855,6.606857721294995e-06,1.8714546979729275e-05,0.20204106979256076,-0.03410290072899598,3.0,False,7.696300046518445,20,20.287352313907864,-0.03410290072899598,0.1,60,-44.53878784200465,24.526166915892976,0.002779021006210708,2.2559739008520854,-29.033792369125095,24.569248184977145,0.002776967590479046,2.9875995650141944,1,"[{""id"": 134, ""x"": -97.53543853759766, ""y"": 27.487592697143555, ""vx"": 7.918684959411621, ""vy"": 1.162408471107483, ""r"": 2.5906050205230713}]"
143,7.15,-44.42350387573242,24.526580810546875,0.00036084252819048066,2.3422978159026733,0.0,0.0,1.0,PlanStatus.FAIL,20,20.402636985026458,-0.03400938382491812,False,48.81141965658873,0.3285582795591735,0.9995417317557866,4.145330471255435,-0.03400938382491812,3.0,False,8.834500098600984,20,20.402636985026458,-0.03400938382491812,0.1,60,-44.42350387602276,24.52658081054607,0.0027790210061877903,2.3422978159026733,-28.65399373773733,24.601371173099846,0.10273115561158579,2.9890382969317195,1,"[{""id"": 134, ""x"": -97.13877868652344, ""y"": 27.552074432373047, ""vx"": 8.005325317382812, ""vy"": 1.0621426105499268, ""r"": 2.5906050205230713}]"
144,7.2,-44.30531311035156,24.526874542236328,0.0001087272006703604,2.3657231825101617,0.0,0.0,1.0,PlanStatus.FAIL,20,20.520828110301952,-0.034044107466659417,False,48.53527718344751,1.0462868447639384,4.0073194656507125,9.596352894343052,-0.034044107466659417,4.0,False,8.324800059199333,20,20.520828110301952,-0.034044107466659417,0.1,60,-44.3053131107275,24.526874542235284,0.002779021006215012,2.3657231825101617,-25.955926751497636,26.186433843045915,0.5314439552382758,3.972762053041828,1,"[{""id"": 134, ""x"": -96.7408676147461, ""y"": 27.605985641479492, ""vx"": 7.98258113861084, ""vy"": 0.755603015422821, ""r"": 2.5906050205230713}]"
145,7.25,-44.18723678588867,24.5269775390625,-5.273058551990759e-05,2.347236417912209,0.0,0.0,1.0,PlanStatus.FAIL,20,20.63890426504588,-0.03426924720186061,False,48.256762247601614,0.8227032568906414,3.1274999403123362,7.542539334014981,-0.03426924720186061,4.0,False,9.199100080877542,20,20.63890426504588,-0.03426924720186061,0.1,60,-44.187236786352884,24.52697753906121,0.0027790210062057998,2.347236417912209,-25.901227198333206,26.218339621872154,0.5314602860099186,3.9724539402985495,1,"[{""id"": 134, ""x"": -96.34125518798828, ""y"": 27.64879608154297, ""vx"": 8.052400588989258, ""vy"": 0.5805530548095703, ""r"": 2.5906050205230713}]"
146,7.300000000000001,-44.074180603027344,24.527076721191406,-0.0004271710388487098,2.195480358728657,0.006804646458476782,0.5,0.0,PlanStatus.OK,20,20.75196028697229,-0.03448425055858987,True,47.97217925704083,7.503861701015127e-06,1.7750215623663426e-05,0.20208850074325815,-0.03448425055858987,3.0,False,9.449899895116687,20,20.75196028697229,-0.03448425055858987,0.1,60,-44.07418060357713,24.52707672118988,0.0027790210062120044,2.195480358728657,-28.747665831264303,24.56966141909135,0.0027770308964695143,2.9865913393121386,1,"[{""id"": 134, ""x"": -95.94093322753906, ""y"": 27.68475341796875, ""vx"": 8.015786170959473, ""vy"": 0.48739761114120483, ""r"": 2.5906050205230713}]"
147,7.3500000000000005,-43.967430114746094,24.52728271484375,-0.00041758365892442453,2.107744938739273,0.006784323137253523,0.5,0.0,PlanStatus.OK,20,20.858710935499,-0.03457491916919165,True,47.67957186672991,7.07898512648561e-06,1.8778647745292844e-05,0.2021014881216798,-0.03457491916919165,3.0,False,8.226600009948015,20,20.858710935499,-0.03457491916919165,0.1,60,-43.96743011537558,24.527282714842002,0.002779013916692488,2.107744938739273,-28.89972092520654,24.569148485190006,0.002776998532456733,2.9851290823123278,1,"[{""id"": 134, ""x"": -95.5391616821289, ""y"": 27.715335845947266, ""vx"": 8.078922271728516, ""vy"": 0.4074559807777405, ""r"": 2.5906050205230713}]"
148,7.4,-43.86378479003906,24.527687072753906,-0.0005060005746057646,2.0677563413237787,0.0069719599559903145,0.5,0.0,PlanStatus.OK,20,20.96235698369974,-0.0344585949842661,True,47.3834593959986,7.661158160284828e-06,1.983782256352682e-05,0.20211486609088164,-0.0344585949842661,3.0,False,7.522299885749817,20,20.96235698369974,-0.0344585949842661,0.1,60,-43.86378479074215,24.527687072751952,0.0027790036347786757,2.0677563413237787,-28.914040003094026,24.569225044919712,0.002776994885236813,2.9844626056887344,1,"[{""id"": 134, ""x"": -95.13722229003906, ""y"": 27.741579055786133, ""vx"": 8.031561851501465, ""vy"": 0.3610267639160156, ""r"": 2.5906050205230713}]"
149,7.45,-43.757781982421875,24.528100967407227,-0.00039201731245966387,2.158422887919013,0.0,0.0,1.0,PlanStatus.FAIL,20,21.068360532938108,-0.03433928412964948,False,47.088750016502374,1.0190997493497456,3.086266653189733,8.602602110653182,-0.03433928412964948,3.0,False,7.253300165757537,20,21.068360532938108,-0.03433928412964948,0.1,60,-43.75778198237211,24.528100967407365,0.002778999804054917,2.158422887919013,-28.54778385596921,24.663343822725523,0.31140367586062373,2.9859737147986607,1,"[{""id"": 134, ""x"": -94.7345199584961, ""y"": 27.76425552368164, ""vx"": 8.083674430847168, ""vy"": 0.3166729211807251, ""r"": 2.5906050205230713}]"
150,7.5,-43.64875793457031,24.528348922729492,-0.000664192375865762,2.182734040366006,0.0,0.0,1.0,PlanStatus.FAIL,20,21.177384848869213,-0.034394307182483964,False,46.79736829098175,0.810102174019408,3.0385729114354176,7.269184766172802,-0.034394307182483964,4.0,False,7.891499903053045,20,21.177384848869213,-0.034394307182483964,0.1,60,-43.64875793444096,24.52834892272985,0.002778999804061009,2.182734040366006,-25.855449602173152,26.245113629454494,0.5314729513693102,3.9697122340060953,1,"[{""id"": 134, ""x"": -94.332275390625, ""y"": 27.78400421142578, ""vx"": 8.027432441711426, ""vy"": 0.2885327637195587, ""r"": 2.5906050205230713}]"
151,7.550000000000001,-43.5396614074707,24.528383255004883,-0.0008484829932620827,2.1698473842507333,0.0,0.0,1.0,PlanStatus.FAIL,20,21.28648105011085,-0.03466315387686425,False,46.50565754603315,0.8538020480168683,2.901557874784956,7.5687066636578635,-0.03466315387686425,3.5,False,7.140700006857514,20,21.28648105011085,-0.03466315387686425,0.1,60,-43.539661407260155,24.52838325500547,0.0027789998040550446,2.1698473842507333,-27.062567077789744,25.535305071737046,0.5312027711277464,3.4778307897375105,1,"[{""id"": 134, ""x"": -93.92974090576172, ""y"": 27.801366806030273, ""vx"": 8.073629379272461, ""vy"": 0.2617393136024475, ""r"": 2.5906050205230713}]"
152,7.6000000000000005,-43.43540573120117,24.528409957885742,-0.0012463592601199209,2.0205913737702215,0.0,0.0,1.0,PlanStatus.FAIL,20,21.390736398012898,-0.03492617723012377,False,46.209739102404484,0.547735802848457,1.656862500840968,5.55517282519423,-0.03492617723012377,3.0,False,7.209800183773041,20,21.390736398012898,-0.03492617723012377,0.1,60,-43.435405730911825,24.528409957886545,0.002778999804059316,2.0205913737702215,-28.619933920622408,24.620304013075156,0.1684632453948138,2.9836765228961704,1,"[{""id"": 134, ""x"": -93.5279312133789, ""y"": 27.816789627075195, ""vx"": 8.015190124511719, ""vy"": 0.2431439757347107, ""r"": 2.5906050205230713}]"
153,7.65,-43.35622787475586,24.528682708740234,-0.002422943699679766,1.110188013679749,0.011040173470973969,0.5,0.0,PlanStatus.OK,20,21.469914706693046,-0.03487346239316828,True,45.8883617944382,8.73586357306843e-06,1.576371725482955e-05,0.10218295222796873,-0.03487346239316828,3.5,False,7.710500154644251,20,21.469914706693046,-0.03487346239316828,0.1,60,-43.35622787440841,24.5286827087412,0.002778999804028374,1.110188013679749,-29.75623191366185,24.566471456666505,0.0027785711482773956,3.46016980022799,1,"[{""id"": 134, ""x"": -93.1258773803711, ""y"": 27.829185485839844, ""vx"": 8.062765121459961, ""vy"": 0.16773225367069244, ""r"": 2.5906050205230713}]"
154,7.7,-43.33755874633789,24.528839111328125,-0.002647714495682453,0.005274245734145446,0.011518077924847603,0.5,0.0,PlanStatus.OK,20,21.48858419766392,-0.03476894184664798,True,45.50714110256742,9.823835778234017e-06,1.7199389209352108e-05,0.002202408462862773,-0.03476894184664798,4.0,False,7.291699992492795,20,21.48858419766392,-0.03476894184664798,0.1,60,-43.337558745977724,24.528839111329127,0.0027789998043243097,0.005274245734145446,-31.522045330296603,24.56166890311384,0.002779010405094603,3.933421237428905,1,"[{""id"": 134, ""x"": -92.72447967529297, ""y"": 27.839263916015625, ""vx"": 8.006392478942871, ""vy"": 0.14398980140686035, ""r"": 2.5906050205230713}]"
155,7.75,-43.33763122558594,24.528839111328125,-0.0026477147557567786,5.864003065931023e-05,0.0115180853754282,0.5,0.0,PlanStatus.OK,20,21.488511718695744,-0.03476874042709166,True,45.10699637628615,1.0704605546665343e-05,1.8360534503199764e-05,0.0022222267730570206,-0.03476874042709166,4.0,False,7.197200087830424,20,21.488511718695744,-0.03476874042709166,0.1,60,-43.33763122522582,24.528839111329127,0.002778999804124866,5.864003065931023e-05,-31.53750378695756,24.561626145211676,0.0027790104050930396,3.933334310667178,1,"[{""id"": 134, ""x"": -92.32291412353516, ""y"": 27.84795379638672, ""vx"": 8.04915714263916, ""vy"": 0.12610779702663422, ""r"": 2.5906050205230713}]"
156,7.800000000000001,-43.331546783447266,24.528860092163086,-0.002614158665947455,0.16069980339585913,0.011446665041148663,0.5,0.0,PlanStatus.OK,20,21.494596195645506,-0.03476466831489417,True,44.71427781004867,1.2129957569574988e-05,1.7084710206920727e-05,0.0022411273299654225,-0.03476466831489417,4.0,False,7.4217000510543585,20,21.494596195645506,-0.03476466831489417,0.1,60,-43.33154678308271,24.5288600921641,0.0027789998040860593,0.16069980339585913,-31.057529742798387,24.562964073636238,0.0027790104050940687,3.936011663389927,1,"[{""id"": 134, ""x"": -91.92268371582031, ""y"": 27.855573654174805, ""vx"": 7.973701477050781, ""vy"": 0.11556296795606613, ""r"": 2.5906050205230713}]"
157,7.8500000000000005,-43.3153076171875,24.528879165649414,-0.0024911206235857944,0.3830391839853011,0.01118533592671156,0.5,0.0,PlanStatus.OK,20,21.510835352204218,-0.03479072348398548,True,44.33279903748477,8.384903728337702e-06,1.8351069877419607e-05,0.0022599396103558027,-0.03479072348398548,4.0,False,8.12499993480742,20,21.510835352204218,-0.03479072348398548,0.1,60,-43.31530761681069,24.528879165650462,0.0027789998039599775,0.3830391839853011,-30.38539196996051,24.564805901039417,0.002779010405134198,3.939717319733088,1,"[{""id"": 134, ""x"": -91.52359771728516, ""y"": 27.862367630004883, ""vx"": 7.986422061920166, ""vy"": 0.10668057948350906, ""r"": 2.5906050205230713}]"
158,7.9,-43.291107177734375,24.52893829345703,-0.0023941818199812353,0.5355347179430797,0.010979494079947472,0.5,0.0,PlanStatus.OK,20,21.535035862525298,-0.03479884883461916,True,43.96229471146298,1.0477225679545033e-05,1.8588719233230203e-05,0.0022793791826259094,-0.03479884883461916,4.0,False,7.208199938759208,20,21.535035862525298,-0.03479884883461916,0.1,60,-43.29110717733962,24.52893829345813,0.002778999804016325,0.5355347179430797,-29.91133147842217,24.56611519808753,0.0027790104052125334,3.9422589119657205,1,"[{""id"": 134, ""x"": -91.12757873535156, ""y"": 27.868486404418945, ""vx"": 7.874439716339111, ""vy"": 0.10030488669872284, ""r"": 2.5906050205230713}]"
159,7.95,-43.258480072021484,24.529142379760742,-0.002598712851773646,0.7129383941267932,0.01141339261084795,0.5,0.0,PlanStatus.OK,20,21.567663409406382,-0.0346854339226477,True,43.602986310261876,1.2651234959553888e-05,1.8818525975771924e-05,0.0022992651433955675,-0.0346854339226477,4.0,False,7.081400137394667,20,21.567663409406382,-0.0346854339226477,0.1,60,-43.25848007160402,24.529142379761904,0.002778999804061126,0.7129383941267932,-29.35540640640587,24.567772536673058,0.002776889715654239,3.945215639902113,1,"[{""id"": 134, ""x"": -90.73438262939453, ""y"": 27.874080657958984, ""vx"": 7.857889175415039, ""vy"": 0.09516815841197968, ""r"": 2.5906050205230713}]"
160,8.0,-43.21900939941406,24.529260635375977,-0.0023121561983324695,0.827105513044724,0.010805226862430573,0.5,0.0,PlanStatus.OK,20,21.607134258232968,-0.03467686761430359,True,43.2548603604121,1.1883158994684622e-05,1.9263892700027013e-05,0.00231766831081582,-0.03467686761430359,4.0,False,7.658400107175112,20,21.607134258232968,-0.03467686761430359,0.1,60,-43.21900939896768,24.529260635377216,0.0027789998041039344,0.827105513044724,-28.979176661759503,24.56882588566656,0.002776971342920183,3.9471184252174116,1,"[{""id"": 134, ""x"": -90.3455581665039, ""y"": 27.87924575805664, ""vx"": 7.722107410430908, ""vy"": 0.09057832509279251, ""r"": 2.5906050205230713}]"
161,8.05,-43.17301559448242,24.52953338623047,-0.0023020364462644936,0.9614125525975806,0.010783658362925053,0.5,0.0,PlanStatus.OK,20,21.65312864353692,-0.03453193442339079,True,42.91672592813969,1.2405906952608498e-05,1.79634448737101e-05,0.1023348598550268,-0.03453193442339079,3.5,False,7.194400066509843,20,21.65312864353692,-0.03453193442339079,0.1,60,-43.17301559400424,24.529533386231797,0.0027789998041018974,0.9614125525975806,-30.01189943049697,24.566102633424723,0.00277901040520298,3.4576902092099644,1,"[{""id"": 134, ""x"": -89.96024322509766, ""y"": 27.88408660888672, ""vx"": 7.697251796722412, ""vy"": 0.08780691027641296, ""r"": 2.5906050205230713}]"
162,8.1,-43.11925506591797,24.529821395874023,-0.0023148193594225487,1.1479013652032393,0.010810615494847298,0.5,0.0,PlanStatus.OK,20,21.706889764887244,-0.03439332619800907,True,42.59088612075878,7.305374217552674e-06,1.7120520619863e-05,0.10235223157067788,-0.03439332619800907,3.5,False,7.279000012204051,20,21.706889764887244,-0.03439332619800907,0.1,60,-43.1192550654025,24.529821395875455,0.002778999804071844,1.1479013652032393,-29.408035021871182,24.567918499174333,0.002776883099476219,3.460798356086724,1,"[{""id"": 134, ""x"": -89.5794906616211, ""y"": 27.88866424560547, ""vx"": 7.561036109924316, ""vy"": 0.08476030081510544, ""r"": 2.5906050205230713}]"
163,8.15,-43.05873489379883,24.530162811279297,-0.002555569382040037,1.2554690036610823,0.011321456171572208,0.5,0.0,PlanStatus.OK,20,21.767410652104857,-0.03422009744106653,True,42.27492944702677,7.406742523779229e-06,1.874560002891948e-05,0.10236966575060695,-0.03422009744106653,3.5,False,8.374799974262714,20,21.767410652104857,-0.03422009744106653,0.1,60,-43.05873489324205,24.530162811280846,0.0027789998040659227,1.2554690036610823,-29.030223703828298,24.56914089825409,0.0027769637400048624,3.4625911500610185,1,"[{""id"": 134, ""x"": -89.20188903808594, ""y"": 27.893049240112305, ""vx"": 7.547993183135986, ""vy"": 0.08289804309606552, ""r"": 2.5906050205230713}]"
164,8.200000000000001,-42.98938751220703,24.53046417236328,-0.0024985779947866663,1.4767888433317526,0.011200431734323502,0.5,0.0,PlanStatus.OK,20,21.836758603398778,-0.03411145363256711,True,41.97161044195329,9.88205875146169e-06,1.9067070570629417e-05,0.20238660445166762,-0.03411145363256711,3.0,False,7.959000067785382,20,21.836758603398778,-0.03411145363256711,0.1,60,-42.989387511601855,24.53046417236496,0.0027789998040590475,1.4767888433317526,-29.782915172155032,24.56715937295888,0.0027786938737312064,2.974613147388858,1,"[{""id"": 134, ""x"": -88.828125, ""y"": 27.89727210998535, ""vx"": 7.427536964416504, ""vy"": 0.08071506023406982, ""r"": 2.5906050205230713}]"
165,8.25,-42.91221618652344,24.53074073791504,-0.0021747372161215433,1.5871990594056877,0.010513181798160076,0.5,0.0,PlanStatus.OK,20,21.91393039966629,-0.03404934797166091,True,41.67833097700812,1.0127441468254902e-05,1.9105447216054283e-05,0.2024036108466307,-0.03404934797166091,3.0,False,7.524900138378143,20,21.91393039966629,-0.03404934797166091,0.1,60,-42.91221618586366,24.530740737916872,0.0027790096767757616,1.5871990594056877,-29.380069274700244,24.568340137448818,0.0027768936928847508,2.9764533176567585,1,"[{""id"": 134, ""x"": -88.45659637451172, ""y"": 27.901371002197266, ""vx"": 7.434792995452881, ""vy"": 0.07943066209554672, ""r"": 2.5906050205230713}]"
166,8.3,-42.82636642456055,24.531057357788086,-0.001812014675652751,1.8014615518149582,0.0,0.0,1.0,PlanStatus.FAIL,20,21.999780710012846,-0.033971305485804834,False,41.39652188332479,0.3402295421903641,1.030200290883976,4.215327030417501,-0.033971305485804834,3.0,False,8.788600098341703,20,21.999780710012846,-0.033971305485804834,0.1,60,-42.82636642384045,24.531057357790086,0.0027790209805890085,1.8014615518149582,-28.65257066218938,24.60225078389426,0.10579701209389415,2.9800243591969147,1,"[{""id"": 134, ""x"": -88.08792114257812, ""y"": 27.90492057800293, ""vx"": 7.332610130310059, ""vy"": 0.06027941033244133, ""r"": 2.5906050205230713}]"
167,8.35,-42.73426818847656,24.531068801879883,-0.001716673638665077,1.8510825228874945,0.0,0.0,1.0,PlanStatus.FAIL,20,22.09187862154473,-0.03421580403680275,False,41.12232386992033,0.7561117942860255,2.8181111866937805,6.749899906536774,-0.03421580403680275,4.0,False,7.490799995139241,20,22.09187862154473,-0.03421580403680275,0.1,60,-42.73426819453924,24.531068801863036,0.0027790210062212935,1.8510825228874945,-25.910425119513704,26.212991970755816,0.5314573356578829,3.964184708714786,1,"[{""id"": 134, ""x"": -87.72062683105469, ""y"": 27.90803337097168, ""vx"": 7.355541229248047, ""vy"": 0.05399822071194649, ""r"": 2.5906050205230713}]"
168,8.4,-42.639984130859375,24.53093719482422,-0.0017092166575756924,1.8982091927577962,0.0,0.0,1.0,PlanStatus.FAIL,20,22.186161949347955,-0.03460942762367465,False,40.85259489049244,0.9408085405775841,3.775176722650436,10.356145488483786,-0.03460942762367465,4.5,False,8.866899879649282,20,22.186161949347955,-0.03460942762367465,0.1,60,-42.63998414328478,24.530937194789693,0.0027790210062465124,1.8982091927577962,-24.44152151113902,27.076501475739725,0.5317902407437736,4.456636819879303,1,"[{""id"": 134, ""x"": -87.35562133789062, ""y"": 27.910932540893555, ""vx"": 7.2621378898620605, ""vy"": 0.050793617963790894, ""r"": 2.5906050205230713}]"
169,8.450000000000001,-42.54999542236328,24.530790328979492,-0.0017086840253576767,1.724183132229028,0.0,0.0,1.0,PlanStatus.FAIL,20,22.276149902212033,-0.03500637309061992,False,40.57971022750723,0.6120339178703934,1.8458339173063565,5.963958919097135,-0.03500637309061992,3.0,False,7.6299000065773726,20,22.276149902212033,-0.03500637309061992,0.1,60,-42.54999544100638,24.530790328927694,0.0027790210062361596,1.724183132229028,-28.610425255689396,24.625793462637326,0.18736039004878519,2.97873638553716,1,"[{""id"": 134, ""x"": -86.99174499511719, ""y"": 27.913673400878906, ""vx"": 7.288119316101074, ""vy"": 0.04847750440239906, ""r"": 2.5906050205230713}]"
170,8.5,-42.47529602050781,24.53066635131836,-0.0017086841553948392,1.0850655380128544,0.009524391032755375,0.5,0.0,PlanStatus.OK,20,22.350848671081444,-0.035337941212717786,True,40.29394813559386,9.641508131557987e-06,1.8487494471627897e-05,0.10248643655495926,-0.035337941212717786,3.5,False,7.124300114810467,20,22.350848671081444,-0.035337941212717786,0.1,60,-42.47529604441826,24.530666351251927,0.0027790210062599336,1.0850655380128544,-28.949482480224074,24.56824727258036,0.0027769859891721774,3.459751092300211,1,"[{""id"": 134, ""x"": -86.63024139404297, ""y"": 27.916290283203125, ""vx"": 7.189849853515625, ""vy"": 0.04712726175785065, ""r"": 2.5906050205230713}]"
171,8.55,-42.45683670043945,24.53065299987793,-0.001709749419830871,0.006208552015789422,0.009527532383799553,0.5,0.0,PlanStatus.OK,20,22.36930788276569,-0.035402591373788025,True,39.95357167473514,1.7475959071941162e-05,1.581245081360219e-05,0.0025091047497723274,-0.035402591373788025,4.0,False,7.232300005853176,20,22.36930788276569,-0.035402591373788025,0.1,60,-42.45683672565394,24.530652999807877,0.002779021005947327,0.006208552015789422,-30.638567106738982,24.56349045263626,0.0027790104051094422,3.9334368092002623,1,"[{""id"": 134, ""x"": -86.27020263671875, ""y"": 27.918813705444336, ""vx"": 7.2076544761657715, ""vy"": 0.046370942145586014, ""r"": 2.5906050205230713}]"
172,8.6,-42.45693588256836,24.530656814575195,-0.0017102819220117243,2.8889340243443013e-05,0.009528671391308308,0.5,0.0,PlanStatus.OK,20,22.36920871162088,-0.03539850106238895,True,39.59763259463769,1.589745280451006e-05,1.4910912939070618e-05,0.0025311113742022694,-0.03539850106238895,4.0,False,7.638200186192989,20,22.36920871162088,-0.03539850106238895,0.1,60,-42.45693590777317,24.530656814505168,0.002779021006141871,2.8889340243443013e-05,-30.656896221950333,24.563443606030432,0.0027790104050964383,3.933333814822339,1,"[{""id"": 134, ""x"": -85.91310119628906, ""y"": 27.921255111694336, ""vx"": 7.09680700302124, ""vy"": 0.045487239956855774, ""r"": 2.5906050205230713}]"
173,8.65,-42.451087951660156,24.53067398071289,-0.001686846104419027,0.15224523667741824,0.009478744119405746,0.5,0.0,PlanStatus.OK,20,22.375056667652434,-0.035397586492898106,True,39.249682326363775,1.3629378428884682e-05,1.8868805760816586e-05,0.0025538330593013157,-0.035397586492898106,4.0,False,7.216600002720952,20,22.375056667652434,-0.035397586492898106,0.1,60,-42.451087977263526,24.530673980641758,0.0027790210061106554,0.15224523667741824,-30.20201183543744,24.564708652300975,0.002779010405160836,3.9358707539446254,1,"[{""id"": 134, ""x"": -85.55805206298828, ""y"": 27.923622131347656, ""vx"": 7.104593276977539, ""vy"": 0.044791169464588165, ""r"": 2.5906050205230713}]"
174,8.700000000000001,-42.436492919921875,24.5307559967041,-0.0016229302382571253,0.35259147360771126,0.009342902339994907,0.5,0.0,PlanStatus.OK,20,22.389651870956214,-0.0353561306659707,True,38.91386855770234,1.6534376113016967e-05,1.695209917430135e-05,0.002575513621850118,-0.0353561306659707,4.0,False,7.243599975481629,20,22.389651870956214,-0.0353561306659707,0.1,60,-42.43649294649044,24.530755996630287,0.0027790210062750096,0.35259147360771126,-29.596418039486696,24.566432568993804,0.0027777535274063946,3.939209857893458,1,"[{""id"": 134, ""x"": -85.2064208984375, ""y"": 27.92591667175293, ""vx"": 6.98347806930542, ""vy"": 0.04355146735906601, ""r"": 2.5906050205230713}]"
175,8.75,-42.414466857910156,24.53093910217285,-0.0017475664373471588,0.5287036421307866,0.009607239626348019,0.5,0.0,PlanStatus.OK,20,22.411678356768103,-0.035234236714501564,True,38.5878360782112,1.0717734226497944e-05,2.0763264847157258e-05,0.0025976295746692516,-0.035234236714501564,4.0,False,8.582100039348006,20,22.411678356768103,-0.035234236714501564,0.1,60,-42.41446688588383,24.530939102095132,0.0027790210063106118,0.5287036421307866,-29.054910747696173,24.568058200906684,0.0027769569617331043,3.942145060702182,1,"[{""id"": 134, ""x"": -84.85716247558594, ""y"": 27.928178787231445, ""vx"": 6.987324237823486, ""vy"": 0.043936338275671005, ""r"": 2.5906050205230713}]"
176,8.8,-42.38347244262695,24.531164169311523,-0.0017939051802402122,0.6846110484838647,0.009705462493002415,0.5,0.0,PlanStatus.OK,20,22.442673277832604,-0.035095304465197624,True,38.2743241442286,1.044538866277261e-05,1.6656925927518995e-05,0.10261711262882785,-0.035095304465197624,3.5,False,7.6021000277251005,20,22.442673277832604,-0.035095304465197624,0.1,60,-42.38347247258814,24.531164169228287,0.0027790210062599787,0.6846110484838647,-30.03891756232482,24.565464177344715,0.0027790104051978945,3.453076850808068,1,"[{""id"": 134, ""x"": -84.51148223876953, ""y"": 27.93043327331543, ""vx"": 6.863938331604004, ""vy"": 0.04459572210907936, ""r"": 2.5906050205230713}]"
177,8.85,-42.34474182128906,24.531339645385742,-0.0018924420105359814,0.8444061533473766,0.009914465248584747,0.5,0.0,PlanStatus.OK,20,22.481404237264183,-0.03502746214031589,True,37.97082206902805,1.29366307804228e-05,1.8480965473677974e-05,0.10263933307557459,-0.03502746214031589,3.5,False,8.45389999449253,20,22.481404237264183,-0.03502746214031589,0.1,60,-42.344741853808685,24.5313396452954,0.002779021006242761,0.8444061533473766,-29.528819276342123,24.566948953416826,0.002777162308672353,3.4557401025557866,1,"[{""id"": 134, ""x"": -84.1680908203125, ""y"": 27.932640075683594, ""vx"": 6.871870994567871, ""vy"": 0.04301703721284866, ""r"": 2.5906050205230713}]"
178,8.9,-42.29971694946289,24.531391143798828,-0.0013784519201506884,0.9512202914201303,0.00882368627935648,0.5,0.0,PlanStatus.OK,20,22.526429078342865,-0.035101088829636036,True,37.6769533195255,1.2944848622490394e-05,1.9590166005709064e-05,0.10266002707662852,-0.035101088829636036,3.5,False,7.893300149589777,20,22.526429078342865,-0.035101088829636036,0.1,60,-42.299716985098755,24.53139114369983,0.0027790210062683344,0.9512202914201303,-29.168725589618376,24.567875285875967,0.0027769368002024484,3.457520338190339,1,"[{""id"": 134, ""x"": -83.82804870605469, ""y"": 27.934783935546875, ""vx"": 6.753424644470215, ""vy"": 0.041784726083278656, ""r"": 2.5906050205230713}]"
179,8.950000000000001,-42.24735641479492,24.531564712524414,-0.0010902980202412776,1.0895207738203005,0.00821213610470295,0.5,0.0,PlanStatus.OK,20,22.578789893172377,-0.035073031612721094,True,37.392279978104106,0.06835254042914128,0.2408363783803111,0.1572551185870393,-0.035073031612721094,3.5,False,8.342900080606341,20,22.578789893172377,-0.035073031612721094,0.1,60,-42.24735645394397,24.531564712415662,0.002779021006261132,1.0895207738203005,-28.691765493925498,24.5779630592455,0.02686060007353266,3.459825346230331,1,"[{""id"": 134, ""x"": -83.4898910522461, ""y"": 27.93692970275879, ""vx"": 6.770220756530762, ""vy"": 0.0429307259619236, ""r"": 2.5906050205230713}]"
180,9.0,-42.188411712646484,24.531843185424805,-0.0011195929222693117,1.2738606224967124,0.008274298161268234,0.5,0.0,PlanStatus.OK,20,22.637735141588283,-0.034958368142269054,True,37.11710539544399,1.0197449331562745e-05,1.8070401425662914e-05,0.20269879981491398,-0.034958368142269054,3.0,False,7.615000009536743,20,22.637735141588283,-0.034958368142269054,0.1,60,-42.18841175564154,24.531843185305373,0.0027790210062816813,1.2738606224967124,-29.580593100658106,24.56687427709143,0.002777230442664344,2.9712310103749395,1,"[{""id"": 134, ""x"": -83.15469360351562, ""y"": 27.9388370513916, ""vx"": 6.65955924987793, ""vy"": 0.033433929085731506, ""r"": 2.5906050205230713}]"
181,9.05,-42.121177673339844,24.532079696655273,-0.0009454221219595483,1.389763212573605,0.007904659025371075,0.5,0.0,PlanStatus.OK,20,22.7049695785411,-0.03490870239214038,True,36.85169798526524,1.2425192201629584e-05,1.900066362854006e-05,0.20271852203493695,-0.03490870239214038,3.0,False,7.684099953621626,20,22.7049695785411,-0.03490870239214038,0.1,60,-42.121177720800226,24.532079696523443,0.0027790210063065673,1.389763212573605,-29.171483438307952,24.56806001430202,0.00277694090530695,2.9731627202095527,1,"[{""id"": 134, ""x"": -82.82100677490234, ""y"": 27.94054412841797, ""vx"": 6.6850457191467285, ""vy"": 0.030705802142620087, ""r"": 2.5906050205230713}]"
182,9.1,-42.04492950439453,24.53234100341797,-0.0007068028882884485,1.61192398177414,0.0,0.0,1.0,PlanStatus.FAIL,20,22.781218179231956,-0.03485929162890812,False,36.597839623466335,0.7631531823106702,2.8201472514015045,6.725558408440272,-0.03485929162890812,4.0,False,8.002799935638905,20,22.781218179231956,-0.03485929162890812,0.1,60,-42.04492955691373,24.532341003272094,0.0027790210063456952,1.61192398177414,-25.92415566028861,26.204195659326565,0.531465558728986,3.960198733029562,1,"[{""id"": 134, ""x"": -82.4898910522461, ""y"": 27.942169189453125, ""vx"": 6.579540252685547, ""vy"": 0.029471328482031822, ""r"": 2.5906050205230713}]"
183,9.15,-41.9622802734375,24.532400131225586,-0.0006530070342688479,1.6617652178779612,0.0,0.0,1.0,PlanStatus.FAIL,20,22.86386725535814,-0.035029847702941395,False,36.35165397165729,1.221651541976912,3.673607441500185,9.805973128918984,-0.035029847702941395,3.0,False,8.069199975579977,20,22.86386725535814,-0.035029847702941395,0.1,60,-41.962280331797125,24.5324001310635,0.0027786513822729442,1.6617652178779612,-28.263316277536063,24.829570317409996,0.5309261792946045,2.9776960869646305,1,"[{""id"": 134, ""x"": -82.16004943847656, ""y"": 27.943737030029297, ""vx"": 6.608859539031982, ""vy"": 0.02871805801987648, ""r"": 2.5906050205230713}]"
184,9.200000000000001,-41.877281188964844,24.53236198425293,-0.0006482133443067052,1.7151312857797179,0.0,0.0,1.0,PlanStatus.FAIL,20,22.94886590559774,-0.03530420846549547,False,36.11036512052974,0.893249622437932,2.9682022796087573,7.653692265939903,-0.03530420846549547,3.5,False,7.670300081372261,20,22.94886590559774,-0.03530420846549547,0.1,60,-41.877281253568725,24.53236198407351,0.0027776576016025605,1.7151312857797179,-26.786333699555392,25.696893703464635,0.5312749983701086,3.4702521880963286,1,"[{""id"": 134, ""x"": -81.83275604248047, ""y"": 27.945255279541016, ""vx"": 6.502573490142822, ""vy"": 0.028177451342344284, ""r"": 2.5906050205230713}]"
185,9.25,-41.799827575683594,24.532316207885742,-0.0006476807771072708,1.2903734558402224,0.007272842340171337,0.5,0.0,PlanStatus.OK,20,23.026319161169145,-0.0355651788345171,True,35.86292162109637,1.2016321801654405e-05,1.8567392168727763e-05,0.20279295038332593,-0.0355651788345171,3.0,False,7.799699902534485,20,23.026319161169145,-0.0355651788345171,0.1,60,-41.79982757387822,24.532316207890755,0.0027770924701844427,1.2903734558402224,-29.143335503492626,24.567481702639913,0.00277694926942569,2.9715062242640062,1,"[{""id"": 134, ""x"": -81.50682067871094, ""y"": 27.946739196777344, ""vx"": 6.530026912689209, ""vy"": 0.02776961587369442, ""r"": 2.5906050205230713}]"
186,9.3,-41.7735481262207,24.53232192993164,-0.0006311691783487794,0.14921589676490865,0.007238551042973995,0.5,0.0,PlanStatus.OK,20,23.052598525185985,-0.03563243717809872,True,35.567243412109775,9.796054441234812e-06,1.868282838228888e-05,0.002816625480067236,-0.03563243717809872,4.0,False,7.546100066974759,20,23.052598525185985,-0.03563243717809872,0.1,60,-41.77354812260606,24.53232192994168,0.002777092470153821,0.14921589676490865,-29.533434586167946,24.566331159945,0.0027774129780748576,3.9358202649460874,1,"[{""id"": 134, ""x"": -81.18363952636719, ""y"": 27.948177337646484, ""vx"": 6.418323993682861, ""vy"": 0.027043309062719345, ""r"": 2.5906050205230713}]"
187,9.35,-41.77360916137695,24.532318115234375,-0.0006343649716568745,0.0056561231201270505,0.007245493121445179,0.5,0.0,PlanStatus.OK,20,23.05253747967134,-0.0356360823605994,True,35.24692049288031,1.2394681705593271e-05,1.8749551217271676e-05,0.0028419966420600413,-0.0356360823605994,4.0,False,8.453299989923835,20,23.05253747967134,-0.0356360823605994,0.1,60,-41.77360915776613,24.532318115244404,0.00277709247041641,0.0056561231201270505,-29.956969211212858,24.565151133267815,0.0027790104051980116,3.9334276020520056,1,"[{""id"": 134, ""x"": -80.86204528808594, ""y"": 27.94956398010254, ""vx"": 6.441474437713623, ""vy"": 0.026165561750531197, ""r"": 2.5906050205230713}]"
188,9.4,-41.76495361328125,24.532344818115234,-0.000607200663519485,0.2453964584313034,0.007187567185610533,0.5,0.0,PlanStatus.OK,20,23.061193068546498,-0.03563341680925632,True,34.93830536437328,9.748722666327076e-06,1.6353480746193055e-05,0.0028666872306003584,-0.03563341680925632,4.0,False,7.999200141057372,20,23.061193068546498,-0.03563341680925632,0.1,60,-41.76495360907588,24.532344818126912,0.002777092470237367,0.2453964584313034,-29.241134569625522,24.567141878562,0.0027769169131092743,3.937423274307187,1,"[{""id"": 134, ""x"": -80.54347229003906, ""y"": 27.950904846191406, ""vx"": 6.32383918762207, ""vy"": 0.025291385129094124, ""r"": 2.5906050205230713}]"
189,9.450000000000001,-41.74698257446289,24.532379150390625,-0.0004814994925770356,0.40952207866459533,0.006920637097209692,0.5,0.0,PlanStatus.OK,20,23.079164133410178,-0.03564899183868643,True,34.64077067636439,1.114191851605674e-05,1.71436066600519e-05,0.0028922176594194256,-0.03564899183868643,4.0,False,8.089600130915642,20,23.079164133410178,-0.03564899183868643,0.1,60,-41.74698256902018,24.532379150405742,0.0027770924701479285,0.40952207866459533,-28.73903962222065,24.56852063322575,0.002777028958367005,3.9401587013110766,1,"[{""id"": 134, ""x"": -80.2266845703125, ""y"": 27.952280044555664, ""vx"": 6.3444061279296875, ""vy"": 0.027585744857788086, ""r"": 2.5906050205230713}]"
190,9.5,-41.72045135498047,24.532474517822266,-0.00030200246761498563,0.6075304318031364,0.0065395412966609,0.5,0.0,PlanStatus.OK,20,23.1056955154289,-0.035627304329938506,True,34.354930472468205,1.4024119123717475e-05,1.8318283892732913e-05,0.1029162968586701,-0.035627304329938506,3.5,False,7.996500004082918,20,23.1056955154289,-0.035627304329938506,0.1,60,-41.720451347718154,24.532474517842434,0.0027770924701528785,0.6075304318031364,-29.603303230907937,24.566142274924125,0.0027776186544799224,3.4517921738633826,1,"[{""id"": 134, ""x"": -79.9130630493164, ""y"": 27.953659057617188, ""vx"": 6.2239203453063965, ""vy"": 0.027140846475958824, ""r"": 2.5906050205230713}]"
191,9.55,-41.686912536621094,24.532604217529297,-5.326321773792343e-05,0.7216621008889978,0.006011578254401684,0.5,0.0,PlanStatus.OK,20,23.139234564646223,-0.03559074540324633,True,34.077862106231976,1.6197148363760084e-05,1.8814051024893322e-05,0.10294029453900971,-0.03559074540324633,3.5,False,7.9685000237077475,20,23.139234564646223,-0.03559074540324633,0.1,60,-41.686912527064194,24.53260421755584,0.0027770924701872595,0.7216621008889978,-29.233110229769714,24.567206833427406,0.002776923984735425,3.4536943683481542,1,"[{""id"": 134, ""x"": -79.60122680664062, ""y"": 27.95502471923828, ""vx"": 6.245918273925781, ""vy"": 0.027233535423874855, ""r"": 2.5906050205230713}]"
192,9.600000000000001,-41.64591598510742,24.53272247314453,6.39470506989581e-05,0.8539397608697199,0.005762721411883831,0.5,0.0,PlanStatus.OK,20,23.180231286478676,-0.03558634131218668,True,33.81133062534652,1.2814314809315289e-05,2.1370640361237717e-05,0.10296368618640395,-0.03558634131218668,3.5,False,7.6142000034451485,20,23.180231286478676,-0.03558634131218668,0.1,60,-41.64591597273814,24.532722473178886,0.0027770924701956503,0.8539397608697199,-28.801934467997146,24.568408620207745,0.0027770199924402744,3.4558989960145,1,"[{""id"": 134, ""x"": -79.29249572753906, ""y"": 27.956371307373047, ""vx"": 6.126738548278809, ""vy"": 0.026683732867240906, ""r"": 2.5906050205230713}]"
193,9.65,-41.59756851196289,24.532922744750977,-9.05474770626941e-06,1.0497692274108352,0.00591748533770442,0.5,0.0,PlanStatus.OK,20,23.228579129361663,-0.03552033570905269,True,33.55373908269943,8.556013425459465e-06,1.4040129647759428e-05,0.20298382137796114,-0.03552033570905269,3.0,False,7.977300090715289,20,23.228579129361663,-0.03552033570905269,0.1,60,-41.59756849630464,24.53292274479447,0.0027770924701715034,1.0497692274108352,-29.650811002263836,24.566117320478064,0.002777733418632949,2.967496153790179,1,"[{""id"": 134, ""x"": -78.98538208007812, ""y"": 27.95771026611328, ""vx"": 6.153660774230957, ""vy"": 0.026769155636429787, ""r"": 2.5906050205230713}]"
194,9.700000000000001,-41.54146957397461,24.533178329467773,3.435680989268782e-05,1.1922872553530017,0.005825241561979055,0.5,0.0,PlanStatus.OK,20,23.284678560807254,-0.035420543715838554,True,33.306732391749534,7.486189718343819e-06,1.8072955086010332e-05,0.20300628333638532,-0.035420543715838554,3.0,False,7.677400019019842,20,23.284678560807254,-0.035420543715838554,0.1,60,-41.541469554528234,24.53317832952179,0.0027770924702085853,1.1922872553530017,-29.174327683872736,24.567540273271927,0.002776941932537225,2.969871454255881,1,"[{""id"": 134, ""x"": -78.68113708496094, ""y"": 27.95903205871582, ""vx"": 6.038408279418945, ""vy"": 0.02624432183802128, ""r"": 2.5906050205230713}]"
195,9.75,-41.47797393798828,24.53339385986328,0.00020857699181494924,1.3210929403630558,0.005455420818179846,0.5,0.0,PlanStatus.OK,20,23.348174550493933,-0.03538134717736955,True,33.06846894028443,8.538271695341332e-06,1.67961538778379e-05,0.2030279440822451,-0.03538134717736955,3.0,False,7.695399923250079,20,23.348174550493933,-0.03538134717736955,0.1,60,-41.477973914230866,24.533393859929273,0.002777092470221002,1.3210929403630558,-28.73089593063704,24.568810893604898,0.0027770399899794056,2.972018215672715,1,"[{""id"": 134, ""x"": -78.37825775146484, ""y"": 27.96034812927246, ""vx"": 6.071295738220215, ""vy"": 0.026369674131274223, ""r"": 2.5906050205230713}]"
196,9.8,-41.405906677246094,24.533647537231445,0.00027207574752316125,1.529588461448586,0.0,0.0,1.0,PlanStatus.FAIL,20,23.420242237820805,-0.035327807977311235,False,32.84138290999466,0.842626860523969,3.042412591547593,7.140383867279322,-0.035327807977311235,4.0,False,7.817399920895696,20,23.420242237820805,-0.035327807977311235,0.1,60,-41.40590664861462,24.53364753731098,0.0027770924702382504,1.529588461448586,-25.58343869939401,26.404012094506218,0.5315532801672358,3.95882647435747,1,"[{""id"": 134, ""x"": -78.0780258178711, ""y"": 27.96162223815918, ""vx"": 5.959644794464111, ""vy"": 0.02458244003355503, ""r"": 2.5906050205230713}]"
197,9.850000000000001,-41.327396392822266,24.53374481201172,0.0003009944845490799,1.5787483096807968,0.0,0.0,1.0,PlanStatus.FAIL,20,23.49875248964036,-0.03544856361158872,False,32.62189826273662,1.1541434143984004,4.214179738297098,9.803080210352284,-0.03544856361158872,4.0,False,9.794000070542097,20,23.49875248964036,-0.03544856361158872,0.1,60,-41.32739635872571,24.53374481210644,0.002777092470240749,1.5787483096807968,-25.391227395580696,26.516915293108156,0.5316003773715532,3.9596458051613492,1,"[{""id"": 134, ""x"": -77.77896118164062, ""y"": 27.962858200073242, ""vx"": 5.996528148651123, ""vy"": 0.02421717159450054, ""r"": 2.5906050205230713}]"
198,9.9,-41.24647521972656,24.533781051635742,0.0003033232550755293,1.6346870654386692,0.0,0.0,1.0,PlanStatus.FAIL,20,23.579673451335065,-0.03563704941892767,False,32.40735368479451,0.8170262356229384,3.1817179431095552,8.81223638269037,-0.03563704941892767,4.5,False,7.859000004827976,20,23.579673451335065,-0.03563704941892767,0.1,60,-41.24647517988727,24.533781051746423,0.002777092470233159,1.6346870654386692,-23.911701436543073,27.387193136322363,0.5319372767093555,4.4522447844239865,1,"[{""id"": 134, ""x"": -77.48243713378906, ""y"": 27.964008331298828, ""vx"": 5.885526657104492, ""vy"": 0.021138688549399376, ""r"": 2.5906050205230713}]"
199,9.950000000000001,-41.17302322387695,24.53380584716797,0.0003036103121119722,1.211988868264178,0.005250271875411272,0.5,0.0,PlanStatus.OK,20,23.653125232804445,-0.035816236704706086,True,32.18652148234308,1.0755864067498647e-05,1.4739178542284848e-05,0.2031110751464149,-0.035816236704706086,3.0,False,7.770400028675795,20,23.653125232804445,-0.035816236704706086,0.1,60,-41.173023178763856,24.53380584729331,0.0027770924702450943,1.211988868264178,-28.74780066514913,24.568329058214637,0.00277703879782032,2.970199814471064,1,"[{""id"": 134, ""x"": -77.18705749511719, ""y"": 27.965105056762695, ""vx"": 5.92284631729126, ""vy"": 0.020824039354920387, ""r"": 2.5906050205230713}]"
200,10.0,-41.1512336730957,24.533823013305664,0.0003075016091842415,0.005889044099581963,0.005245457869023085,0.5,0.0,PlanStatus.OK,20,23.67491474723449,-0.03585958215282802,True,31.91687155065275,2.111358638376491e-05,1.8831392532558944e-05,0.0031403557370184936,-0.03585958215282802,4.0,False,8.655699901282787,20,23.67491474723449,-0.03585958215282802,0.1,60,-41.15123362642113,24.533823013435345,0.0027770924699198345,0.005889044099581963,-29.333950781195924,24.56665796583317,0.002776896673974458,3.9334314840683238,1,"[{""id"": 134, ""x"": -76.894287109375, ""y"": 27.966169357299805, ""vx"": 5.8091325759887695, ""vy"": 0.020135823637247086, ""r"": 2.5906050205230713}]"
201,10.05,-41.15131378173828,24.533823013305664,0.0003072842845762437,0.004909495223475958,0.005245919339358807,0.5,0.0,PlanStatus.OK,20,23.67483463890082,-0.03585935968400611,True,31.626748268788795,2.072918224673944e-05,1.8622970406568726e-05,0.003169052599376797,-0.03585935968400611,4.0,False,7.625900208950043,20,23.67483463890082,-0.03585935968400611,0.1,60,-41.151313735069536,24.533823013435327,0.0027770924699396407,0.004909495223475958,-29.336920281196935,24.566649942156726,0.0027768960072281786,3.933415158253728,1,"[{""id"": 134, ""x"": -76.60279846191406, ""y"": 27.967201232910156, ""vx"": 5.844445705413818, ""vy"": 0.019515149295330048, ""r"": 2.5906050205230713}]"
202,10.100000000000001,-41.142967224121094,24.533849716186523,0.000326637227846869,0.23955981310959346,0.005204737186431885,0.5,0.0,PlanStatus.OK,20,23.683181238488963,-0.03585583603863142,True,31.347793970301147,2.8347453818563778e-05,1.8344058512528155e-05,0.10319773714059385,-0.03585583603863142,3.5,False,7.5147999450564384,20,23.683181238488963,-0.03585583603863142,0.1,60,-41.142967176879786,24.53384971631778,0.002777092470276043,0.23955981310959346,-30.111308348604165,24.564502467568325,0.0027790104051922163,3.445659330218498,1,"[{""id"": 134, ""x"": -76.3140869140625, ""y"": 27.968202590942383, ""vx"": 5.726682186126709, ""vy"": 0.018982332199811935, ""r"": 2.5906050205230713}]"
203,10.15,-41.12457275390625,24.533885955810547,0.000432767415706301,0.4170645902041847,0.00497943302616477,0.5,0.0,PlanStatus.OK,20,23.701575738413204,-0.035870679633414136,True,31.080241222191752,2.269214682448823e-05,1.65051618020726e-05,0.10322469735218107,-0.035870679633414136,3.5,False,8.466299856081605,20,23.701575738413204,-0.035870679633414136,0.1,60,-41.1245727053729,24.533885955945394,0.002777092470300624,0.4170645902041847,-29.569299883202596,24.565993322321464,0.002777407814744344,3.4486177431700757,1,"[{""id"": 134, ""x"": -76.02676391601562, ""y"": 27.969188690185547, ""vx"": 5.760204315185547, ""vy"": 0.01893790066242218, ""r"": 2.5906050205230713}]"
204,10.200000000000001,-41.09881591796875,24.53403091430664,0.0004405810562234108,0.5440768950999779,0.004959925543516874,0.5,0.0,PlanStatus.OK,20,23.727332877591913,-0.035797250719490706,True,30.82291553309895,2.3345108040444142e-05,1.9693706565363824e-05,0.10325227713985617,-0.035797250719490706,3.5,False,7.848700042814016,20,23.727332877591913,-0.035797250719490706,0.1,60,-41.09881586775659,24.534030914446156,0.0027770924701883606,0.5440768950999779,-29.16889400570344,24.567178654554915,0.0027769389501823816,3.4507346149183364,1,"[{""id"": 134, ""x"": -75.74234771728516, ""y"": 27.970149993896484, ""vx"": 5.639718055725098, ""vy"": 0.018242191523313522, ""r"": 2.5906050205230713}]"
205,10.25,-41.06654739379883,24.534215927124023,0.00035242811598215184,0.6644008309326163,0.005142890848219395,0.5,0.0,PlanStatus.OK,20,23.759601791127615,-0.03570185117584591,True,30.57350691379731,1.9775960436976673e-05,1.9865851325719976e-05,0.10327801338591555,-0.03570185117584591,3.5,False,7.938700029626489,20,23.759601791127615,-0.03570185117584591,0.1,60,-41.066547341498705,24.534215927269344,0.0027770924702176978,0.6644008309326163,-28.781705666783193,24.568349287047045,0.0027770251639631523,3.4527400138488744,1,"[{""id"": 134, ""x"": -75.45935821533203, ""y"": 27.971132278442383, ""vx"": 5.673835277557373, ""vy"": 0.019860684871673584, ""r"": 2.5906050205230713}]"
206,10.3,-41.02708053588867,24.534358978271484,0.00034105262754422367,0.851000260425169,0.005169449374079704,0.5,0.0,PlanStatus.OK,20,23.79906889411463,-0.03566840355304391,True,30.334166070613357,1.6228586377638778e-05,1.7528273532985486e-05,0.20330148490070257,-0.03566840355304391,3.0,False,7.532299961894751,20,23.79906889411463,-0.03566840355304391,0.1,60,-41.02708048092271,24.534358978424216,0.00277709247027296,0.851000260425169,-29.666687865860837,24.565925164014267,0.0027778468220212163,2.9641833376737563,1,"[{""id"": 134, ""x"": -75.17926788330078, ""y"": 27.972091674804688, ""vx"": 5.553369522094727, ""vy"": 0.01832030527293682, ""r"": 2.5906050205230713}]"
207,10.350000000000001,-40.97928237915039,24.534603118896484,0.00025437029382947065,0.9982275542021211,0.005349465645849705,0.5,0.0,PlanStatus.OK,20,23.84686754453776,-0.03555700360001976,True,30.104442859499393,9.764088532080101e-06,1.893571773787378e-05,0.20332619087726816,-0.03555700360001976,3.0,False,7.682699942961335,20,23.84686754453776,-0.03555700360001976,0.1,60,-40.97928232107843,24.534603119057852,0.0027770924702687403,0.9982275542021211,-29.184613707448715,24.567375248946917,0.002776940109173549,2.9666371259033744,1,"[{""id"": 134, ""x"": -74.90050506591797, ""y"": 27.973052978515625, ""vx"": 5.590834140777588, ""vy"": 0.0194044578820467, ""r"": 2.5906050205230713}]"
208,10.4,-40.92449188232422,24.534868240356445,0.00018872143865622374,1.182509022685423,0.0,0.0,1.0,PlanStatus.FAIL,20,23.90165856635113,-0.03544404124298271,False,29.884420103792507,0.773360419177501,2.321391806703736,6.990379886350606,-0.03544404124298271,3.0,False,7.527300156652927,20,23.90165856635113,-0.03544404124298271,0.1,60,-40.924491820691536,24.53486824052771,0.002777457211615478,1.182509022685423,-28.58649564672891,24.639334928522096,0.2349161876056453,2.969708483711425,1,"[{""id"": 134, ""x"": -74.6244888305664, ""y"": 27.97398567199707, ""vx"": 5.472643852233887, ""vy"": 0.017829634249210358, ""r"": 2.5906050205230713}]"
209,10.450000000000001,-40.88285446166992,24.53525733947754,-0.0005720470021490203,0.40057931973749394,0.0071031199768185616,0.5,0.0,PlanStatus.OK,20,23.943296907009437,-0.03517057444104546,True,29.652462679243193,3.114941891216034e-05,1.6935866518547928e-05,0.10338103220973507,-0.03517057444104546,3.5,False,7.480999920517206,20,23.943296907009437,-0.03517057444104546,0.1,60,-40.88285439768855,24.535257339655338,0.002777092470258088,0.40057931973749394,-29.376229489888505,24.567229570191937,0.002776891430829002,3.4483429886622954,1,"[{""id"": 134, ""x"": -74.34962463378906, ""y"": 27.97492218017578, ""vx"": 5.514739036560059, ""vy"": 0.018898943439126015, ""r"": 2.5906050205230713}]"
210,10.5,-40.88010787963867,24.535322189331055,-0.0006407565582730647,0.13402146604243156,0.007249336689710617,0.5,0.0,PlanStatus.OK,20,23.94604365854335,-0.03511335234007145,True,29.38443727205518,8.038634287731042e-06,1.4831766813228238e-05,0.1034069204018761,-0.03511335234007145,3.5,False,7.549399975687265,20,23.94604365854335,-0.03511335234007145,0.1,60,-40.88010781557539,24.53532218950908,0.002777092470142185,0.13402146604243156,-30.159785923710867,24.565110234101503,0.002779010405165847,3.443900357767377,1,"[{""id"": 134, ""x"": -74.07733917236328, ""y"": 27.97585678100586, ""vx"": 5.399144172668457, ""vy"": 0.018522650003433228, ""r"": 2.5906050205230713}]"
211,10.55,-40.8691520690918,24.535377502441406,-0.0006705838974633709,0.29226371708909465,0.0073136393912136555,0.5,0.0,PlanStatus.OK,20,23.95699958045274,-0.03508846470287791,True,29.125569532771898,4.084558846280447e-05,1.5213231003043115e-05,0.10344371966083261,-0.03508846470287791,3.5,False,7.1217999793589115,20,23.95699958045274,-0.03508846470287791,0.1,60,-40.86915200433255,24.53537750262137,0.002777092470256565,0.29226371708909465,-29.682029955462156,24.566462502053398,0.002778105101140824,3.446537728618147,1,"[{""id"": 134, ""x"": -73.8060302734375, ""y"": 27.97675323486328, ""vx"": 5.444850444793701, ""vy"": 0.01729491725564003, ""r"": 2.5906050205230713}]"
212,10.600000000000001,-40.84833908081055,24.53540802001953,-0.000440486844299106,0.4816409037620886,0.006823190022259951,0.5,0.0,PlanStatus.OK,20,23.97781257322666,-0.03511574676117296,True,28.879011530387984,1.4439585474218333e-05,1.88473907122063e-05,0.10346871413076666,-0.03511574676117296,3.5,False,8.037099847570062,20,23.97781257322666,-0.03511574676117296,0.1,60,-40.84833901459146,24.535408020203555,0.0027782165770890628,0.4816409037620886,-29.102607335509692,24.56804423758828,0.00277695146363165,3.4496940150627036,1,"[{""id"": 134, ""x"": -73.53721618652344, ""y"": 27.977645874023438, ""vx"": 5.33000373840332, ""vy"": 0.017830204218626022, ""r"": 2.5906050205230713}]"
213,10.65,-40.81963348388672,24.535490036010742,-0.0002609898030824107,0.6524514118827002,0.006442474201321602,0.5,0.0,PlanStatus.OK,20,24.006518219506432,-0.035113461649472176,True,28.64124526247319,8.606651815469392e-06,1.8813155200810006e-05,0.2034955402086442,-0.035113461649472176,3.0,False,7.374800043180585,20,24.006518219506432,-0.035113461649472176,0.1,60,-40.81963348389157,24.535490036010728,0.0027790210062247174,0.6524514118827002,-30.044943474466354,24.56542927397468,0.002779010405210016,2.9608741901980458,1,"[{""id"": 134, ""x"": -73.26933288574219, ""y"": 27.97854995727539, ""vx"": 5.376722812652588, ""vy"": 0.018083669245243073, ""r"": 2.5906050205230713}]"
214,10.700000000000001,-40.78306198120117,24.535680770874023,-0.000364853036831565,0.7942576569842382,0.0066632116213440895,0.5,0.0,PlanStatus.OK,20,24.043090111027496,-0.03502436036608255,True,28.41381207425718,7.836787536898337e-06,1.716707350018533e-05,0.20352341809696672,-0.03502436036608255,3.0,False,7.24199996329844,20,24.043090111027496,-0.03502436036608255,0.1,60,-40.78306198123317,24.535680770873935,0.0027790210062084747,0.7942576569842382,-29.590065870177753,24.56678197978414,0.002777293697875192,2.9632376276163983,1,"[{""id"": 134, ""x"": -73.00396728515625, ""y"": 27.97944450378418, ""vx"": 5.260087013244629, ""vy"": 0.01772516407072544, ""r"": 2.5906050205230713}]"
215,10.75,-40.73916244506836,24.535734176635742,0.0001842025497279488,0.9530755041666495,0.005498410202562809,0.5,0.0,PlanStatus.OK,20,24.086989626058827,-0.035092952386634076,True,28.19470220018261,8.123936561239454e-06,1.4217667914785508e-05,0.20354999182829006,-0.035092952386634076,3.0,False,7.888799998909235,20,24.086989626058827,-0.035092952386634076,0.1,60,-40.73916244513308,24.53573417663556,0.0027790210062155953,0.9530755041666495,-29.077700516328214,24.568136198228885,0.002776962169227798,2.9658845917361156,1,"[{""id"": 134, ""x"": -72.73961639404297, ""y"": 27.980287551879883, ""vx"": 5.305694580078125, ""vy"": 0.01596228964626789, ""r"": 2.5906050205230713}]"
216,10.8,-40.68796157836914,24.5360050201416,-5.486111845563231e-05,1.0486052886131887,0.006005929782986641,0.5,0.0,PlanStatus.OK,20,24.138191047725932,-0.034964398027576137,True,27.985808404296737,9.767908225135483e-06,1.9034729941370607e-05,0.20357734822268378,-0.034964398027576137,3.0,False,8.381800027564168,20,24.138191047725932,-0.034964398027576137,0.1,60,-40.68796157847158,24.536005020141317,0.0027790210061993145,1.0486052886131887,-28.744716759009293,24.56918946131057,0.002777034543929366,2.967476754810222,1,"[{""id"": 134, ""x"": -72.4782485961914, ""y"": 27.981098175048828, ""vx"": 5.168822288513184, ""vy"": 0.015668973326683044, ""r"": 2.5906050205230713}]"
217,10.850000000000001,-40.62980651855469,24.53624153137207,-8.202536157444054e-05,1.2310104930855224,0.0,0.0,1.0,PlanStatus.FAIL,20,24.196346540244825,-0.03488950163520792,False,27.786979222597452,0.9394344940685453,3.3890815128270924,7.950594119682284,-0.03488950163520792,4.0,False,7.866499945521355,20,24.196346540244825,-0.03488950163520792,0.1,60,-40.62980651869994,24.536241531371665,0.002779021006204889,1.2310104930855224,-25.673570240119396,26.351500841689393,0.5315239383910144,3.9538501748847557,1,"[{""id"": 134, ""x"": -72.22003173828125, ""y"": 27.981895446777344, ""vx"": 5.1583452224731445, ""vy"": 0.01534760557115078, ""r"": 2.5906050205230713}]"
218,10.9,-40.59365463256836,24.536598205566406,-0.0006753776524440949,0.21279451888449638,0.0073211002163589,0.5,0.0,PlanStatus.OK,20,24.232499277835302,-0.03463329553941404,True,27.598447925508232,9.03123740480702e-06,1.8497337709137696e-05,0.10362777956996691,-0.03463329553941404,3.5,False,7.8524998389184475,20,24.232499277835302,-0.03463329553941404,0.1,60,-40.59365463273908,24.53659820556593,0.002779021006266975,0.21279451888449638,-29.640969208791294,24.5670316934278,0.002777849066426045,3.445213241981411,1,"[{""id"": 134, ""x"": -71.99418640136719, ""y"": 27.98259162902832, ""vx"": 4.008442401885986, ""vy"": 0.012216250412166119, ""r"": 2.5906050205230713}]"
219,10.950000000000001,-40.59103775024414,24.53661346435547,-0.0006769754190609797,0.14381039256442057,0.007324274629354477,0.5,0.0,PlanStatus.OK,20,24.235116192458932,-0.034625309170861054,True,27.438805995614636,6.922953817718962e-06,1.517852780220496e-05,0.10364785103818941,-0.034625309170861054,3.5,False,7.556600030511618,20,24.235116192458932,-0.034625309170861054,0.1,60,-40.591037750416746,24.53661346435499,0.0027790210063647976,0.14381039256442057,-29.841838663868867,24.56648186017329,0.0027790104052220098,3.444063506542737,1,"[{""id"": 134, ""x"": -71.8309097290039, ""y"": 27.98310089111328, ""vx"": 2.7762181758880615, ""vy"": 0.00855014193803072, ""r"": 2.5906050205230713}]"
220,11.0,-40.58017349243164,24.53665542602539,-0.0006838997679323483,0.2730556157491069,0.007339388597756624,0.5,0.0,PlanStatus.OK,20,24.245980524931568,-0.03461353962478936,True,27.348352459948433,9.973040713037856e-06,1.9313710611797673e-05,0.1036617426020703,-0.03461353962478936,3.5,False,7.273999974131584,20,24.245980524931568,-0.03461353962478936,0.1,60,-40.58017349261216,24.53665542602489,0.002779021006241671,0.2730556157491069,-29.44973506961674,24.567582487174604,0.0027768745605842287,3.4462175935958164,1,"[{""id"": 134, ""x"": -71.72901916503906, ""y"": 27.98334503173828, ""vx"": 1.55680251121521, ""vy"": 0.005040346644818783, ""r"": 2.5906050205230713}]"
221,11.05,-40.56020736694336,24.536684036254883,-0.00044421523731592627,0.4682376605907564,0.006831297650933266,0.5,0.0,PlanStatus.OK,20,24.265946652829456,-0.034640415716501914,True,27.33187310756838,8.616940033716838e-06,1.844466927204344e-05,0.10366343318642686,-0.034640415716501914,3.5,False,7.382899988442659,20,24.265946652829456,-0.034640415716501914,0.1,60,-40.56020736713868,24.53668403625434,0.0027790210061338855,0.4682376605907564,-28.854035783855895,24.56920985818194,0.0027770037232388296,3.449470627676508,1,"[{""id"": 134, ""x"": -71.69252014160156, ""y"": 27.982948303222656, ""vx"": 0.2017643302679062, ""vy"": -0.003792102914303541, ""r"": 2.5906050205230713}]"
222,11.100000000000001,-40.53199005126953,24.536720275878906,-0.00025406556799355935,0.6187805052443242,0.006428152788430452,0.5,0.0,PlanStatus.OK,20,24.294163960253332,-0.03468259264447688,True,27.35947136954415,1.0311904232523835e-05,1.886288386363389e-05,0.203658775555743,-0.03468259264447688,3.0,False,7.703999988734722,20,24.294163960253332,-0.03468259264447688,0.1,60,-40.53199005148584,24.536720275878306,0.0027790210061937612,0.6187805052443242,-29.85662884636984,24.566383474301603,0.002779010405229508,2.960313008420744,1,"[{""id"": 134, ""x"": -71.69210052490234, ""y"": 27.982704162597656, ""vx"": -0.0002491770719643682, ""vy"": -3.0348262953339145e-05, ""r"": 2.5906050205230713}]"
223,11.15,-40.49497604370117,24.536800384521484,-4.2610569821902815e-06,0.7775905214743091,0.005898395087569952,0.5,0.0,PlanStatus.OK,20,24.33117804751629,-0.034705346883392316,True,27.396010103791795,1.0428035843519207e-05,1.7982394433318193e-05,0.20365406256068272,-0.034705346883392316,3.0,False,8.490300038829446,20,24.33117804751629,-0.034705346883392316,0.1,60,-40.49497604394487,24.536800384520806,0.0027790210061768702,0.7775905214743091,-29.351168345102572,24.567764392492137,0.0027769013383825607,2.9629598420245697,1,"[{""id"": 134, ""x"": -71.69185638427734, ""y"": 27.98270606994629, ""vx"": -0.0005235201097093523, ""vy"": -3.67071625078097e-05, ""r"": 2.5906050205230713}]"
224,11.200000000000001,-40.451805114746094,24.53693389892578,0.0001225340589560306,0.9343766470859489,0.005629631690680981,0.5,0.0,PlanStatus.OK,20,24.3743491808067,-0.03469180575865536,True,27.438610445493154,9.751518978393052e-06,1.800806851044029e-05,0.20364829583542637,-0.03469180575865536,3.0,False,8.2717000041157,20,24.3743491808067,-0.03469180575865536,0.1,60,-40.45180511502144,24.536933898925017,0.0027790210062030732,0.9343766470859489,-28.845523999603238,24.569182105739795,0.002777011082210132,2.9655729441181,1,"[{""id"": 134, ""x"": -71.69155883789062, ""y"": 27.982709884643555, ""vx"": -0.0005396588239818811, ""vy"": -3.296646900707856e-05, ""r"": 2.5906050205230713}]"
225,11.25,-40.40140914916992,24.537086486816406,0.0002654598305468381,1.0542756773767659,0.0,0.0,1.0,PlanStatus.FAIL,20,24.424745375824447,-0.03467926972394362,False,27.48842118098447,0.8332567585116057,2.9783470362022557,6.977560530346327,-0.03467926972394362,4.0,False,8.335700025781989,20,24.424745375824447,-0.03467926972394362,0.1,60,-40.40140914948223,24.53708648681554,0.002779021006180765,1.0542756773767659,-25.92552625141806,26.203592321643523,0.5314621752473693,3.9509045946229495,1,"[{""id"": 134, ""x"": -71.69129180908203, ""y"": 27.982711791992188, ""vx"": -0.00046699203085154295, ""vy"": -2.7126627173856832e-05, ""r"": 2.5906050205230713}]"
226,11.3,-40.343074798583984,24.537153244018555,0.00030439550900905084,1.2290127734367144,0.0,0.0,1.0,PlanStatus.FAIL,20,24.483079686673097,-0.03477462495657253,False,27.54619382687481,1.2272292621816763,4.415304475062644,10.172379562087011,-0.03477462495657253,4.0,False,8.393500000238419,20,24.483079686673097,-0.03477462495657253,0.1,60,-40.34307479894016,24.537153244017563,0.0027790210062155333,1.2290127734367144,-25.432133451578157,26.49360676419051,0.5315769075371573,3.95381687955727,1,"[{""id"": 134, ""x"": -71.69108581542969, ""y"": 27.98271369934082, ""vx"": -0.0003743811685126275, ""vy"": -2.150566979253199e-05, ""r"": 2.5906050205230713}]"
227,11.350000000000001,-40.30131149291992,24.537172317504883,0.00030796801997720255,0.3614421058173809,0.005235310643911362,0.5,0.0,PlanStatus.OK,20,24.52484288407469,-0.03487161249823486,True,27.58754653006511,9.036416343745602e-06,1.7064176580342157e-05,0.10362901683653489,-0.03487161249823486,3.5,False,8.5831000469625,20,24.52484288407469,-0.03487161249823486,0.1,60,-40.30131149330797,24.537172317503803,0.0027790210063293385,0.3614421058173809,-28.910181244644953,24.568822742803782,0.00277699264493276,3.447690701763628,1,"[{""id"": 134, ""x"": -71.69092559814453, ""y"": 27.982717514038086, ""vx"": -0.0002882714616134763, ""vy"": -1.6683694411767647e-05, ""r"": 2.5906050205230713}]"
228,11.4,-40.29962158203125,24.537172317504883,0.0003059068659313871,0.0002500787961679189,0.005238644778728485,0.5,0.0,PlanStatus.OK,20,24.526532788437812,-0.03487630879004697,True,27.589097426458917,9.486875415700776e-06,1.90933457045123e-05,0.10362891200752045,-0.03487630879004697,3.5,False,7.97539995983243,20,24.526532788437812,-0.03487630879004697,0.1,60,-40.29962158242059,24.5371723175038,0.0027790210067487066,0.0002500787961679189,-29.973923776428055,24.56586379273776,0.002779010405194518,3.4416708346466054,1,"[{""id"": 134, ""x"": -71.6907958984375, ""y"": 27.982717514038086, ""vx"": -0.00021685677347704768, ""vy"": -1.2294443877181038e-05, ""r"": 2.5906050205230713}]"
229,11.450000000000001,-40.2954216003418,24.53718376159668,0.00031436240239238867,0.1384013197727945,0.005221163388341665,0.5,0.0,PlanStatus.OK,20,24.530732785712466,-0.034876536564758316,True,27.59317249930223,9.939239832713718e-06,1.6689316183738333e-05,0.10362880457681391,-0.034876536564758316,3.5,False,8.647199952974916,20,24.530732785712466,-0.034876536564758316,0.1,60,-40.29542160073425,24.53718376159559,0.002779021006343334,0.1384013197727945,-29.562202252170014,24.567007178389037,0.0027773612798903135,3.4439733553295495,1,"[{""id"": 134, ""x"": -71.6906967163086, ""y"": 27.982717514038086, ""vx"": -0.00016096490435302258, ""vy"": -9.388360012962949e-06, ""r"": 2.5906050205230713}]"
230,11.5,-40.28349685668945,24.537189483642578,0.0004591603759044289,0.3227607926513688,0.004914410412311554,0.5,0.0,PlanStatus.OK,20,24.54265749921936,-0.03490395361140671,True,27.604949843985608,8.599145909465688e-06,1.6845499625889847e-05,0.10362656258739837,-0.03490395361140671,3.5,False,8.206899976357818,20,24.54265749921936,-0.03490395361140671,0.1,60,-40.28349685709104,24.537189483641463,0.0027790210061392957,0.3227607926513688,-29.006467708136096,24.568523011534825,0.0027769717661941594,3.4470460132108522,1,"[{""id"": 134, ""x"": -71.69062042236328, ""y"": 27.98271942138672, ""vx"": -0.00011840873776236549, ""vy"": -6.897317234688671e-06, ""r"": 2.5906050205230713}]"
231,11.55,-40.26448440551758,24.537296295166016,0.00034624579166987816,0.4304703357550622,0.005154300015419722,0.5,0.0,PlanStatus.OK,20,24.56167017380619,-0.034849978433596426,True,27.62378424720271,1.0162498051789987e-05,1.7061645232645598e-05,0.20362364619825446,-0.034849978433596426,3.0,False,8.396900026127696,20,24.56167017380619,-0.034849978433596426,0.1,60,-40.26448440593259,24.53729629516486,0.0027790210062259278,0.4304703357550622,-30.144636033985652,24.565415710834554,0.0027790104051899486,2.9571745055959155,1,"[{""id"": 134, ""x"": -71.69056701660156, ""y"": 27.98271942138672, ""vx"": -8.66758418851532e-05, ""vy"": -5.433423211798072e-06, ""r"": 2.5906050205230713}]"
232,11.600000000000001,-40.23862075805664,24.53741455078125,0.0002783169136515121,0.5921438290482144,0.005298808217048645,0.5,0.0,PlanStatus.OK,20,24.587534050029678,-0.0348035988020782,True,27.649443169752175,7.82941456277973e-06,1.3744959057818834e-05,0.20362014907620085,-0.0348035988020782,3.0,False,8.151499787345529,20,24.587534050029678,-0.0348035988020782,0.1,60,-40.238620758490185,24.537414550780046,0.0027790210061810973,0.5921438290482144,-29.641853497187157,24.566858933966078,0.002777665084221287,2.959869063817468,1,"[{""id"": 134, ""x"": -71.6905288696289, ""y"": 27.98271942138672, ""vx"": -6.323821435216814e-05, ""vy"": -4.047983111377107e-06, ""r"": 2.5906050205230713}]"
233,11.65,-40.20452117919922,24.53749656677246,0.0004635137600340028,0.75364193624565,0.004906127229332924,0.5,0.0,PlanStatus.OK,20,24.62163372513625,-0.03481634645154057,True,27.683300943509824,6.818491595292185e-06,1.3750787716945365e-05,0.20361547456528484,-0.03481634645154057,3.0,False,8.160300087183714,20,24.62163372513625,-0.03481634645154057,0.1,60,-40.204521179658094,24.537496566771186,0.0027790210062012834,0.75364193624565,-29.131380809880575,24.568263734852945,0.0027769494677457028,2.9625606989374296,1,"[{""id"": 134, ""x"": -71.69049835205078, ""y"": 27.98271942138672, ""vx"": -4.602330955094658e-05, ""vy"": -2.6458792490302585e-06, ""r"": 2.5906050205230713}]"
234,11.700000000000001,-40.1624755859375,24.537593841552734,0.0006842649773035148,0.9242623091001108,0.0,0.0,1.0,PlanStatus.FAIL,20,24.663679426368212,-0.034835917483386124,False,27.725086833360297,0.7775185838875607,2.3276848421686176,7.0097069696007654,-0.034835917483386124,3.0,False,8.384100161492825,20,24.663679426368212,-0.034835917483386124,0.1,60,-40.16247558642769,24.537593841551374,0.002779021006178285,0.9242623091001108,-28.586632253164172,24.639959875742083,0.23554548835151773,2.965404371818336,1,"[{""id"": 134, ""x"": -71.69049835205078, ""y"": 27.98271942138672, ""vx"": -2.2248897948884405e-05, ""vy"": -1.0705738304750412e-06, ""r"": 2.5906050205230713}]"
235,11.75,-40.13602828979492,24.53799819946289,-0.0001800296734347112,0.19105941064681156,0.006270757410675287,0.5,0.0,PlanStatus.OK,20,24.69012774410286,-0.034505058631584214,True,27.751318711490214,9.110313873106612e-06,1.8398306601973176e-05,0.10360766925837475,-0.034505058631584214,3.5,False,8.82480014115572,20,24.69012774410286,-0.034505058631584214,0.1,60,-40.136028290299805,24.537998199461487,0.002779021006091712,0.19105941064681156,-29.247495093187457,24.568252576941884,0.002776918116442381,3.4448509901774456,1,"[{""id"": 134, ""x"": -71.69048309326172, ""y"": 27.98271942138672, ""vx"": -2.4997949367389083e-05, ""vy"": -1.7283830402448075e-06, ""r"": 2.5906050205230713}]"
236,11.8,-40.1349983215332,24.538000106811523,-0.00018109493787074287,0.10426227569471146,0.0062727793119847775,0.5,0.0,PlanStatus.OK,20,24.691157713687936,-0.03450601359006435,True,27.75232722125882,9.246594194729428e-06,2.0167138494470854e-05,0.10360852199741374,-0.03450601359006435,3.5,False,8.930300129577518,20,24.691157713687936,-0.03450601359006435,0.1,60,-40.134998322038854,24.538000106810117,0.0027790210063206072,0.10426227569471146,-29.502493673292353,24.56754350751975,0.002776993691377592,3.44340437126158,1,"[{""id"": 134, ""x"": -71.69046783447266, ""y"": 27.98271942138672, ""vx"": -2.1947458662907593e-05, ""vy"": -2.8898341497551883e-08, ""r"": 2.5906050205230713}]"
237,11.850000000000001,-40.12519073486328,24.537981033325195,-4.793690470100295e-06,0.2476852102282532,0.00589905958622694,0.5,0.0,PlanStatus.OK,20,24.700965209480543,-0.03455234245703737,True,27.76207139040414,8.280519814628979e-06,1.769696010143606e-05,0.10360638930512144,-0.03455234245703737,3.5,False,8.14030016772449,20,24.700965209480543,-0.03455234245703737,0.1,60,-40.1251907353768,24.537981033323767,0.002779021006200203,0.2476852102282532,-29.069627517887497,24.568699228013365,0.0027769566949204395,3.4457947535038076,1,"[{""id"": 134, ""x"": -71.69046020507812, ""y"": 27.98271942138672, ""vx"": -1.7573403965798207e-05, ""vy"": 2.0981660853180983e-08, ""r"": 2.5906050205230713}]"
238,11.9,-40.10858917236328,24.538183212280273,-0.0002609898030824107,0.3966793086613349,0.006443089805543423,0.5,0.0,PlanStatus.OK,20,24.71756726973284,-0.03439630031420506,True,27.778537929639285,1.0648717719170925e-05,1.8543351382287188e-05,0.20360414282145667,-0.03439630031420506,3.0,False,8.30129999667406,20,24.71756726973284,-0.03439630031420506,0.1,60,-40.10858917288659,24.53818321227882,0.002779021006182516,0.3966793086613349,-30.088423949366934,24.566025605076003,0.0027790104051974114,2.9566113218110215,1,"[{""id"": 134, ""x"": -71.69044494628906, ""y"": 27.98271942138672, ""vx"": -1.3465640222420916e-05, ""vy"": -5.1903143116760475e-08, ""r"": 2.5906050205230713}]"
239,11.950000000000001,-40.08401870727539,24.53839874267578,-0.0006087986251921138,0.5427382314802265,0.00718148285523057,0.5,0.0,PlanStatus.OK,20,24.742138238905188,-0.034249052501684314,True,27.802940307199542,1.071471653262928e-05,1.568860985631717e-05,0.20360085611086987,-0.034249052501684314,3.0,False,8.632299955934286,20,24.742138238905188,-0.034249052501684314,0.1,60,-40.084018707814295,24.538398742674282,0.002779021006220233,0.5427382314802265,-29.632997898328505,24.567438073262593,0.0027776004606404406,2.9590456371913345,1,"[{""id"": 134, ""x"": -71.69044494628906, ""y"": 27.98271942138672, ""vx"": -1.0065790775115602e-05, ""vy"": -7.750713848508894e-08, ""r"": 2.5906050205230713}]"
240,12.0,-40.05243682861328,24.538537979125977,-0.0006716492269179838,0.6861205718312514,0.007319414056837559,0.5,0.0,PlanStatus.OK,20,24.773720382555137,-0.03419758318039413,True,27.834313842974623,9.203083455024915e-06,1.6888882625062072e-05,0.20359688407647725,-0.03419758318039413,3.0,False,8.368399925529957,20,24.773720382555137,-0.03419758318039413,0.1,60,-40.052436829174276,24.538537979124417,0.002779021006228852,0.6861205718312514,-29.178478608932586,24.568751709874583,0.002776937280860839,2.961435342863857,1,"[{""id"": 134, ""x"": -71.69043731689453, ""y"": 27.98271942138672, ""vx"": -7.460636879841331e-06, ""vy"": -8.191361366982619e-09, ""r"": 2.5906050205230713}]"
241,12.05,-40.012229919433594,24.538660049438477,-0.0005139900253667116,0.8396538218588846,0.0,0.0,1.0,PlanStatus.FAIL,20,24.813927475712322,-0.0341872490406519,False,27.87427170663039,0.2161189746560767,0.6515517169091425,3.417442924992511,-0.0341872490406519,3.0,False,8.510300191119313,20,24.813927475712322,-0.0341872490406519,0.1,60,-40.012229920023564,24.53866004943684,0.0027790210061823546,0.8396538218588846,-28.67240483959816,24.590356234655236,0.06793215139188041,2.9639942303643143,1,"[{""id"": 134, ""x"": -71.69043731689453, ""y"": 27.98271942138672, ""vx"": -5.455057817016495e-06, ""vy"": -2.3906222779146447e-08, ""r"": 2.5906050205230713}]"
242,12.100000000000001,-39.99515914916992,24.538496017456055,-6.924218326248353e-06,0.005659826028449224,0.005903174635022879,0.5,0.0,PlanStatus.OK,20,24.83099772420988,-0.03439872035775679,True,27.891252662424314,8.371035117948451e-06,1.861627249279997e-05,0.1035896422804933,-0.03439872035775679,3.5,False,8.336199913173914,20,24.83099772420988,-0.03439872035775679,0.1,60,-39.995159149775986,24.53849601745437,0.002779021006196919,0.005659826028449224,-29.653517520757042,24.567231424382403,0.0027779259105971147,3.441760997100476,1,"[{""id"": 134, ""x"": -71.6904296875, ""y"": 27.98271942138672, ""vx"": -1.8245542605654919e-06, ""vy"": -1.386492609611878e-08, ""r"": 2.5906050205230713}]"
243,12.15,-39.994171142578125,24.538497924804688,-4.793690470100295e-06,0.10274970580870015,0.005898939445614815,0.5,0.0,PlanStatus.OK,20,24.831985732287066,-0.034399558704028166,True,27.892234680883632,8.029286942928184e-06,1.7999041829388357e-05,0.10358931962612006,-0.034399558704028166,3.5,False,8.509499952197075,20,24.831985732287066,-0.034399558704028166,0.1,60,-39.99417114318493,24.538497924803,0.0027790210063634918,0.10274970580870015,-29.366140206039578,24.56802860570295,0.0027768923173080366,3.4433791617634775,1,"[{""id"": 134, ""x"": -71.6904296875, ""y"": 27.98271942138672, ""vx"": -2.6406830784253543e-06, ""vy"": -6.534803986824045e-08, ""r"": 2.5906050205230713}]"
244,12.200000000000001,-39.98481369018555,24.538522720336914,2.3584488674333488e-05,0.27342299009218013,0.005839160643517971,0.5,0.0,PlanStatus.OK,20,24.84134321745328,-0.034400767790843424,True,27.90153471085563,8.915035069923087e-06,1.8606126019494323e-05,0.10358881812241175,-0.034400767790843424,3.5,False,8.868600009009242,20,24.84134321745328,-0.034400767790843424,0.1,60,-39.9848136907992,24.53852272033521,0.0027790210061660924,0.27342299009218013,-28.85334264212415,24.56945143120979,0.0027770027077734,3.446223716501541,1,"[{""id"": 134, ""x"": -71.6904296875, ""y"": 27.98271942138672, ""vx"": -2.4678217869222863e-06, ""vy"": 3.7531093788345515e-09, ""r"": 2.5906050205230713}]"
245,12.25,-39.96778869628906,24.538471221923828,0.0002602666664211836,0.41927414757145476,0.005343599244952202,0.5,0.0,PlanStatus.OK,20,24.858368002493165,-0.03449957875983808,True,27.9184657443384,1.2544094478714972e-05,1.7938788278628465e-05,0.2035861338736023,-0.03449957875983808,3.0,False,8.495100075379014,20,24.858368002493165,-0.03449957875983808,0.1,60,-39.96778869691693,24.538471221922084,0.0027790210061595473,0.41927414757145476,-29.880968971657847,24.56649884725737,0.0027790104052163324,2.956987902459524,1,"[{""id"": 134, ""x"": -71.6904296875, ""y"": 27.98271942138672, ""vx"": -2.0269987999199657e-06, ""vy"": 7.509008526085381e-08, ""r"": 2.5906050205230713}]"
246,12.3,-39.944114685058594,24.538490295410156,0.0005268114945434782,0.5395797883042516,0.004774914123117924,0.5,0.0,PlanStatus.OK,20,24.88204197531255,-0.03454629583698958,True,27.941999484362753,1.0032850794871867e-05,1.9339042860522584e-05,0.20358360175260826,-0.03454629583698958,3.0,False,8.372100070118904,20,24.88204197531255,-0.03454629583698958,0.1,60,-39.94411468570465,24.538490295408362,0.002779021006135388,0.5395797883042516,-29.50242267663847,24.567503422281863,0.002776868348951644,2.9589929964717427,1,"[{""id"": 134, ""x"": -71.6904296875, ""y"": 27.98271942138672, ""vx"": -1.5840671494515846e-06, ""vy"": -3.399373582624321e-08, ""r"": 2.5906050205230713}]"
247,12.350000000000001,-39.91312789916992,24.538509368896484,0.0008407067059199301,0.6791582986050843,0.00411474984139204,0.5,0.0,PlanStatus.OK,20,24.91302869455203,-0.034613335242372076,True,27.972803617945214,8.862749575966363e-06,1.6954752157533753e-05,0.2035786462888465,-0.034613335242372076,3.0,False,8.399499813094735,20,24.91302869455203,-0.034613335242372076,0.1,60,-39.91312789983997,24.538509368894623,0.002779021006211752,0.6791582986050843,-29.059719264423595,24.56866575034632,0.0027769643124758276,2.9613193049767492,1,"[{""id"": 134, ""x"": -71.6904296875, ""y"": 27.98271942138672, ""vx"": -1.2049038105033105e-06, ""vy"": 6.5113088254520335e-09, ""r"": 2.5906050205230713}]"
248,12.4,-39.875755310058594,24.53893280029297,0.00015678281609391923,0.7975724510479001,0.0,0.0,1.0,PlanStatus.FAIL,20,24.950402316073216,-0.03429376455746991,False,28.009913287627725,0.2845430258727278,0.8559657554757808,3.8540874678466737,-0.03429376455746991,3.0,False,9.327700128778815,20,24.950402316073216,-0.03429376455746991,0.1,60,-39.87575531074963,24.538932800291047,0.0027790124080089647,0.7975724510479001,-28.66174182868572,24.59649268958077,0.08837355839161384,2.9632928741841313,1,"[{""id"": 134, ""x"": -71.6904296875, ""y"": 27.98271942138672, ""vx"": -8.76196622812131e-07, ""vy"": 5.431611160844341e-09, ""r"": 2.5906050205230713}]"
249,12.450000000000001,-39.86288070678711,24.53900909423828,4.968000308582509e-05,0.0005711393192878042,0.005785815883427858,0.5,0.0,PlanStatus.OK,20,24.96327708165193,-0.03425324965365046,True,28.022704944122403,1.1492170961703063e-05,1.8901900804592364e-05,0.10357384829003366,-0.03425324965365046,3.5,False,8.264499949291348,20,24.96327708165193,-0.03425324965365046,0.1,60,-39.86288070748668,24.539009094236338,0.002779021005698341,0.0005711393192878042,-29.536260630930226,24.567702504773504,0.0027771999050441197,3.441676185655319,1,"[{""id"": 134, ""x"": -71.6904296875, ""y"": 27.98271942138672, ""vx"": -6.691626026622544e-07, ""vy"": -2.7996109874806052e-09, ""r"": 2.5906050205230713}]"
250,12.5,-39.86188507080078,24.539011001586914,5.238327251324424e-05,0.10204009224389798,0.005782744847238064,0.5,0.0,PlanStatus.OK,20,24.964272719094186,-0.03425410920214062,True,28.02369459782321,7.547637588440563e-06,1.7611472963962975e-05,0.10357246196385417,-0.03425410920214062,3.5,False,8.227800019085407,20,24.964272719094186,-0.03425410920214062,0.1,60,-39.86188507150109,24.539011001584967,0.002779021006310448,0.10204009224389798,-29.235958474189076,24.56853556383742,0.0027769199674191466,3.4433673348707363,1,"[{""id"": 134, ""x"": -71.6904296875, ""y"": 27.98271942138672, ""vx"": 0.0, ""vy"": 0.0, ""r"": 2.5906050205230713}]"
251,12.55,-39.85319900512695,24.53903579711914,7.80837645022124e-05,0.2414956717767596,0.005733467638492584,0.5,0.0,PlanStatus.OK,20,24.972958820134195,-0.03425345249355877,True,28.032327611915598,1.0378254928186306e-05,2.099770676632952e-05,0.10357279074337386,-0.03425345249355877,3.5,False,8.40629986487329,20,24.972958820134195,-0.03425345249355877,0.1,60,-39.85319900583356,24.539035797117176,0.0027790191842423,0.2414956717767596,-28.81591603067627,24.569702682212306,0.0027770099996465604,3.44569159452961,1,"[{""id"": 134, ""x"": -71.6904296875, ""y"": 27.98271942138672, ""vx"": -2.629573145895847e-07, ""vy"": -1.5103736039634441e-09, ""r"": 2.5906050205230713}]"
252,12.600000000000001,-39.83739471435547,24.53900909423828,0.00013283964225668674,0.3735903547550709,0.0056157889775931835,0.5,0.0,PlanStatus.OK,20,24.988762975670014,-0.03432407567081691,True,28.048043168372963,9.957349325835105e-06,1.6578075450624646e-05,0.2035691053668435,-0.03432407567081691,3.0,False,8.281300077214837,20,24.988762975670014,-0.03432407567081691,0.1,60,-39.83739471507503,24.53900909423628,0.002779005511147187,0.3735903547550709,-29.88534165744171,24.566662199253518,0.002779010405227362,2.9562265059125803,1,"[{""id"": 134, ""x"": -71.6904296875, ""y"": 27.98271942138672, ""vx"": -3.02860541978589e-07, ""vy"": -1.651826564419423e-09, ""r"": 2.5906050205230713}]"
253,12.65,-39.81414794921875,24.53908920288086,8.602627997478296e-05,0.5440023405222091,0.005716331303119659,0.5,0.0,PlanStatus.OK,20,25.012009874390625,-0.03430857024837054,True,28.071146749157982,9.931555037495814e-06,1.8501803992153863e-05,0.20356638677650649,-0.03430857024837054,3.0,False,8.064700057730079,20,25.012009874390625,-0.03430857024837054,0.1,60,-39.81414794921002,24.539089202880884,0.002778999804031791,0.5440023405222091,-29.359421542082526,24.568138251755563,0.002776898796018634,2.9590667056753723,1,"[{""id"": 134, ""x"": -71.6904296875, ""y"": 27.98271942138672, ""vx"": -2.5363110012222023e-07, ""vy"": 2.4698760814345633e-09, ""r"": 2.5906050205230713}]"
254,12.700000000000001,-39.78314208984375,24.539215087890625,7.242447403989005e-05,0.6880279164200808,0.005745088215917349,0.5,0.0,PlanStatus.OK,20,25.043015963873025,-0.03426885089092244,True,28.101959911815207,1.0467125707371583e-05,1.7891583267604268e-05,0.20356303527502054,-0.03426885089092244,3.0,False,7.508500013500452,20,25.043015963873025,-0.03426885089092244,0.1,60,-39.7831420898125,24.53921508789071,0.002778999804073432,0.6880279164200808,-28.903580907320126,24.56944383451766,0.0027769964691344586,2.961467131940337,1,"[{""id"": 134, ""x"": -71.6904296875, ""y"": 27.98271942138672, ""vx"": -1.593943039779333e-07, ""vy"": -6.673921970623553e-10, ""r"": 2.5906050205230713}]"
255,12.75,-39.74497604370117,24.539352416992188,0.0001620134471770483,0.8026870993017785,0.0,0.0,1.0,PlanStatus.FAIL,20,25.08118224427762,-0.03423758561787816,False,28.13989116050122,0.9196579085440197,3.3012198187157136,7.747451826359132,-0.03423758561787816,4.0,False,7.522600004449487,20,25.08118224427762,-0.03423758561787816,0.1,60,-39.74497604364225,24.53935241699235,0.0027789998040769013,0.8026870993017785,-25.999383252633155,26.16066763513707,0.5314376942304841,3.9467114516550357,1,"[{""id"": 134, ""x"": -71.6904296875, ""y"": 27.98271942138672, ""vx"": -1.6189429175028636e-07, ""vy"": -7.520937206351164e-10, ""r"": 2.5906050205230713}]"
256,12.8,-39.73067855834961,24.539180755615234,0.0007956198958098228,0.0020711589337281317,0.004210733808577061,0.5,0.0,PlanStatus.OK,20,25.095479197374306,-0.034448978989822604,True,28.15412473078063,1.2559509769446147e-05,1.869722809374249e-05,0.10355703386854051,-0.034448978989822604,3.5,False,7.6766000129282475,20,25.095479197374306,-0.034448978989822604,0.1,60,-39.73067855827987,24.53918075561543,0.0027789998036411886,0.0020711589337281317,-29.39964535698319,24.56788614369824,0.0027768851997865183,3.4417011859822266,1,"[{""id"": 134, ""x"": -71.6904296875, ""y"": 27.98271942138672, ""vx"": -1.195938210685199e-07, ""vy"": -2.028614831672826e-09, ""r"": 2.5906050205230713}]"
257,12.850000000000001,-39.72968292236328,24.539186477661133,0.0007976311806037807,0.10233862416516769,0.004206703510135412,0.5,0.0,PlanStatus.OK,20,25.09647484541761,-0.034446023834669354,True,28.155114024541447,9.320735301830593e-06,1.8711947426248814e-05,0.1035566861205126,-0.034446023834669354,3.5,False,7.458599982783198,20,25.09647484541761,-0.034446023834669354,0.1,60,-39.72968292229282,24.539186477661328,0.002778999803997414,0.10233862416516769,-29.102887410262834,24.568713184233744,0.0027769491610203593,3.4433723104027507,1,"[{""id"": 134, ""x"": -71.6904296875, ""y"": 27.98271942138672, ""vx"": -9.907431319788884e-08, ""vy"": -2.716813440883925e-09, ""r"": 2.5906050205230713}]"
258,12.9,-39.721160888671875,24.53921127319336,0.0008153446478376165,0.23386134425834681,0.004168957471847534,0.5,0.0,PlanStatus.OK,20,25.10499691510858,-0.034444911097664864,True,28.16358437842308,8.93857299583519e-06,1.3526205801888368e-05,0.20355392956006887,-0.034444911097664864,3.0,False,7.699400186538696,20,25.10499691510858,-0.034444911097664864,0.1,60,-39.72116088859519,24.539211273193573,0.0027789998040408416,0.23386134425834681,-30.181306798329558,24.565718871036612,0.0027790104051753626,2.9538976890709745,1,"[{""id"": 134, ""x"": -71.6904296875, ""y"": 27.98271942138672, ""vx"": -3.9996439937795e-08, ""vy"": -6.814630637563823e-08, ""r"": 2.5906050205230713}]"
259,12.950000000000001,-39.707115173339844,24.539194107055664,0.0010191703580600766,0.31633547168769277,0.003736339043825865,0.5,0.0,PlanStatus.OK,20,25.119042528499605,-0.034501110158988865,True,28.177551188804422,1.0514776061621365e-05,1.7200111940259347e-05,0.20355255643294404,-0.034501110158988865,3.0,False,7.541200146079063,20,25.119042528499605,-0.034501110158988865,0.1,60,-39.70711517325277,24.539194107055906,0.0027789998040611504,0.31633547168769277,-29.92396336600082,24.566377833675478,0.0027790104052258556,2.9552722578614627,1,"[{""id"": 134, ""x"": -71.6904296875, ""y"": 27.98271942138672, ""vx"": -2.715421487664571e-08, ""vy"": -5.941792391439549e-09, ""r"": 2.5906050205230713}]"
260,13.0,-39.686214447021484,24.53934097290039,0.0008323418053612618,0.48625050592445257,0.004132645670324564,0.5,0.0,PlanStatus.OK,20,25.139943582251163,-0.034412327920955575,True,28.198316183905497,1.3524940232103888e-05,1.8192598798937726e-05,0.20355075906992529,-0.034412327920955575,3.0,False,7.7396000269800425,20,25.139943582251163,-0.034412327920955575,0.1,60,-39.68621444691938,24.539340972900675,0.0027789998040213177,0.48625050592445257,-29.40185176268171,24.567916667855346,0.0027768898740128255,2.958104175098739,1,"[{""id"": 134, ""x"": -71.6904296875, ""y"": 27.98271942138672, ""vx"": -3.7214594073020635e-08, ""vy"": -1.0729610533388723e-09, ""r"": 2.5906050205230713}]"
261,13.05,-39.65678787231445,24.539438247680664,0.0009287871829523294,0.6430367525406764,0.00392785994336009,0.5,0.0,PlanStatus.OK,20,25.169370313656152,-0.03439682985638618,True,28.22756366102545,1.3934756220655639e-05,1.9087370443813742e-05,0.20354796089947694,-0.03439682985638618,3.0,False,7.944900076836348,20,25.169370313656152,-0.03439682985638618,0.1,60,-39.65678787219093,24.53943824768101,0.002778999804064566,0.6430367525406764,-28.909949858362175,24.569298168597083,0.002776995726468889,2.9607172792090104,1,"[{""id"": 134, ""x"": -71.6904296875, ""y"": 27.98271942138672, ""vx"": -3.885575949880149e-08, ""vy"": -4.4546349942109487e-10, ""r"": 2.5906050205230713}]"
262,13.100000000000001,-39.61945343017578,24.539541244506836,0.0009882827608644988,0.7975303414805266,0.0,0.0,1.0,PlanStatus.FAIL,20,25.20670489785875,-0.034397585701772544,False,28.26467352524773,0.7149476631581606,2.7310817799231266,7.684990865797361,-0.034397585701772544,4.5,False,7.960699964314699,20,25.20670489785875,-0.034397585701772544,0.1,60,-39.61945343002503,24.539541244507255,0.0027789998040518107,0.7975303414805266,-24.63625938114872,26.96215685413844,0.5317418794580192,4.438292172358007,1,"[{""id"": 134, ""x"": -71.6904296875, ""y"": 27.98271942138672, ""vx"": -4.535773978631141e-09, ""vy"": -3.734932008114811e-08, ""r"": 2.5906050205230713}]"
263,13.15,-39.60282516479492,24.53957176208496,0.0010104698315847337,0.0056502009799490605,0.0037551752757281065,0.5,0.0,PlanStatus.OK,20,25.22333318383917,-0.0344132781282454,True,28.28120357180304,1.1995479925798839e-05,1.8043322900316433e-05,0.10354059295116921,-0.0344132781282454,3.5,False,7.588099921122193,20,25.22333318383917,-0.0344132781282454,0.1,60,-39.602825164631966,24.539571762085412,0.002778999804582077,0.0056502009799490605,-29.261245707040686,24.568306172789462,0.0027769149542554578,3.441760836682995,1,"[{""id"": 134, ""x"": -71.6904296875, ""y"": 27.98271942138672, ""vx"": -1.988863829183174e-08, ""vy"": -3.405848492121777e-09, ""r"": 2.5906050205230713}]"
264,13.200000000000001,-39.60183334350586,24.53957176208496,0.0010120781962303705,0.10272320094427105,0.003751629265025258,0.5,0.0,PlanStatus.OK,20,25.224325001298396,-0.03441603439586761,True,28.28218973205533,1.1220024979653831e-05,1.770587106678708e-05,0.10354019341854302,-0.03441603439586761,3.5,False,7.446199888363481,20,25.224325001298396,-0.03441603439586761,0.1,60,-39.601833343342165,24.539571762085416,0.0027789998038631213,0.10272320094427105,-28.973914384351474,24.569101332757207,0.002776976841119032,3.443378720015742,1,"[{""id"": 134, ""x"": -71.6904296875, ""y"": 27.98271942138672, ""vx"": -2.9208728768992387e-09, ""vy"": -1.577423525134236e-08, ""r"": 2.5906050205230713}]"
265,13.25,-39.59245300292969,24.53959846496582,0.001029871961412113,0.2754717439463296,0.0037136690225452185,0.5,0.0,PlanStatus.OK,20,25.23370537986036,-0.034415399549189214,True,28.29151370137479,1.3581857614492656e-05,1.833398833083876e-05,0.20353888776448154,-0.034415399549189214,3.0,False,7.552199997007847,20,25.23370537986036,-0.034415399549189214,0.1,60,-39.59245300275916,24.539598464966293,0.0027789998041373894,0.2754717439463296,-29.929848726332143,24.566447189096543,0.0027790104052228897,2.9545911957324367,1,"[{""id"": 134, ""x"": -71.6904296875, ""y"": 27.98271942138672, ""vx"": -3.6626401911377116e-10, ""vy"": 2.3481230293498356e-09, ""r"": 2.5906050205230713}]"
266,13.3,-39.57560348510742,24.53968048095703,0.001042336023447469,0.3820819914530484,0.0036871139891445637,0.5,0.0,PlanStatus.OK,20,25.250555060541735,-0.034380208621130504,True,28.30825841407667,7.764237461406231e-06,1.729211175765903e-05,0.20353643847095554,-0.034380208621130504,3.0,False,7.311000023037195,20,25.250555060541735,-0.034380208621130504,0.1,60,-39.57560348492478,24.53968048095754,0.002778999804040697,0.3820819914530484,-29.598519782508443,24.567402658337855,0.0027773502396775114,2.9563680331908837,1,"[{""id"": 134, ""x"": -71.6904296875, ""y"": 27.98271942138672, ""vx"": -9.015822755031877e-09, ""vy"": -7.982234317971404e-11, ""r"": 2.5906050205230713}]"
267,13.350000000000001,-39.552249908447266,24.539737701416016,0.0010101402523961201,0.5349307290922198,0.003755303332582116,0.5,0.0,PlanStatus.OK,20,25.27390870603942,-0.03438788788452647,True,28.331472923934633,8.342593263608537e-06,1.8686883152766592e-05,0.20353331890073384,-0.03438788788452647,3.0,False,7.582399994134903,20,25.27390870603942,-0.03438788788452647,0.1,60,-39.55224990824756,24.53973770141657,0.0027789998040985216,0.5349307290922198,-29.124304971117937,24.56871184394234,0.002776949563811447,2.95891551215154,1,"[{""id"": 134, ""x"": -71.6904296875, ""y"": 27.98271942138672, ""vx"": -1.438943408871296e-09, ""vy"": 7.511959804196167e-11, ""r"": 2.5906050205230713}]"
268,13.4,-39.52119827270508,24.53973388671875,0.0014314199575931677,0.6751532674575852,0.0,0.0,1.0,PlanStatus.FAIL,20,25.30496021127725,-0.034477994945633895,False,28.36234846482197,0.24864327403834274,0.7480739417339288,3.6227218263077097,-0.034477994945633895,3.0,False,7.946699857711792,20,25.30496021127725,-0.034477994945633895,0.1,60,-39.52119827248215,24.539733886719368,0.002778999804073742,0.6751532674575852,-28.667307415732346,24.593011646175295,0.0775843765052645,2.9612525544576234,1,"[{""id"": 134, ""x"": -71.6904296875, ""y"": 27.98271942138672, ""vx"": -8.073501867045252e-09, ""vy"": 8.386014660466401e-10, ""r"": 2.5906050205230713}]"
269,13.450000000000001,-39.51213836669922,24.539794921875,0.0013677962849356316,0.00045581204275602083,0.0029969103634357452,0.5,0.0,PlanStatus.OK,20,25.3140202519155,-0.03444213746967576,True,28.371350443422777,9.133206423300989e-06,1.8805848528038842e-05,0.10352959394613864,-0.03444213746967576,3.5,False,8.269899990409613,20,25.3140202519155,-0.03444213746967576,0.1,60,-39.512138366469905,24.539794921875636,0.002778999804240273,0.00045581204275602083,-29.185888831028752,24.56848657695234,0.0027769312720129337,3.4416742635340416,1,"[{""id"": 134, ""x"": -71.6904296875, ""y"": 27.98271942138672, ""vx"": -1.3260989639718446e-08, ""vy"": 6.2071464634883e-10, ""r"": 2.5906050205230713}]"
270,13.5,-39.51114273071289,24.539794921875,0.001369172338190281,0.10105072018351842,0.0029938521329313517,0.5,0.0,PlanStatus.OK,20,25.31501588405726,-0.03444490433832387,True,28.3723404290399,1.1078749973610954e-05,1.649015127008855e-05,0.1035294202588094,-0.03444490433832387,3.5,False,7.343699922785163,20,25.31501588405726,-0.03444490433832387,0.1,60,-39.51114273048284,24.53979492187564,0.0027789998041614123,0.10105072018351842,-28.888165021466243,24.56931059136202,0.002776995452124595,3.443350845336389,1,"[{""id"": 134, ""x"": -71.6904296875, ""y"": 27.98271942138672, ""vx"": -1.3900444129077982e-09, ""vy"": 1.7670002350200775e-08, ""r"": 2.5906050205230713}]"
271,13.55,-39.5030632019043,24.53980827331543,0.0013956822343068785,0.1719813876624394,0.002937508746981621,0.5,0.0,PlanStatus.OK,20,25.323095418771025,-0.034454005929528846,True,28.380372698210607,1.2726124970523599e-05,1.7063671632964843e-05,0.20352799984736605,-0.034454005929528846,3.0,False,7.504899986088276,20,25.323095418771025,-0.034454005929528846,0.1,60,-39.503063201668276,24.539808273316087,0.0027789998039318155,0.1719813876624394,-30.145754281318247,24.56580857723868,0.002779010405174462,2.952866356461044,1,"[{""id"": 134, ""x"": -71.6904296875, ""y"": 27.98271942138672, ""vx"": -1.651478243047677e-08, ""vy"": -4.55505133611922e-10, ""r"": 2.5906050205230713}]"
272,13.600000000000001,-39.48920440673828,24.539737701416016,0.0016659482221288236,0.2987442415331,0.0023638473358005285,0.5,0.0,PlanStatus.OK,20,25.336953964303405,-0.034563091095910804,True,28.39416042130648,1.4698409655668387e-05,1.9126273793656536e-05,0.2035264362191708,-0.034563091095910804,3.0,False,7.800299907103181,20,25.336953964303405,-0.034563091095910804,0.1,60,-39.48920440649136,24.5397377014167,0.0027789998041466532,0.2987442415331,-29.757952436067356,24.566777051518834,0.0027785086348495877,2.9549790706922234,1,"[{""id"": 134, ""x"": -71.6904296875, ""y"": 27.98271942138672, ""vx"": -1.3993966874181751e-08, ""vy"": -6.436228217054918e-10, ""r"": 2.5906050205230713}]"
273,13.65,-39.46886444091797,24.539794921875,0.001459595239651203,0.43530247053111853,0.0028016120195388794,0.5,0.0,PlanStatus.OK,20,25.357294010598057,-0.034562395546152605,True,28.41437910331117,1.479002088725028e-05,1.8766009878103465e-05,0.20352434224408583,-0.034562395546152605,3.0,False,7.5303001794964075,20,25.357294010598057,-0.034562395546152605,0.1,60,-39.46886444065614,24.53979492187573,0.002778999804036586,0.43530247053111853,-29.334803837532426,24.567952787567982,0.0027769046478822224,2.9572550411755194,1,"[{""id"": 134, ""x"": -71.6904296875, ""y"": 27.98271942138672, ""vx"": -1.1410241640419372e-08, ""vy"": 1.508788372017733e-10, ""r"": 2.5906050205230713}]"
274,13.700000000000001,-39.44117736816406,24.53999900817871,0.001218247566234398,0.6167004488110227,0.003313621273264289,0.5,0.0,PlanStatus.OK,20,25.384981543595686,-0.03443525230122816,True,28.441887930495,1.0022558182260406e-05,1.6580280859778557e-05,0.203519831598289,-0.03443525230122816,3.0,False,9.098999900743365,20,25.384981543595686,-0.03443525230122816,0.1,60,-39.441177367882986,24.539999008179493,0.002778999804051499,0.6167004488110227,-28.772043118581628,24.569642719991595,0.002777025640678533,2.960278340813512,1,"[{""id"": 134, ""x"": -71.6904296875, ""y"": 27.98271942138672, ""vx"": 8.382231797554596e-09, ""vy"": 1.7019260667439085e-08, ""r"": 2.5906050205230713}]"
275,13.75,-39.405494689941406,24.540103912353516,0.0013786295509148022,0.7932375271881801,0.0,0.0,1.0,PlanStatus.FAIL,20,25.42066437556093,-0.03442951055965476,False,28.477358102522416,1.0848101986694516,3.852787664664299,8.92147807444642,-0.03442951055965476,4.0,False,7.590000052005053,20,25.42066437556093,-0.03442951055965476,0.1,60,-39.40549468963433,24.54010391235437,0.0027789998041214585,0.7932375271881801,-25.731395052190678,26.318014372357414,0.5315020376585289,3.946553958786473,1,"[{""id"": 134, ""x"": -71.6904296875, ""y"": 27.98271942138672, ""vx"": 1.2419898443027932e-09, ""vy"": -2.8972770849122753e-09, ""r"": 2.5906050205230713}]"
276,13.8,-39.39375305175781,24.540233612060547,0.0012051732397949527,0.0005705308452784155,0.0033420040272176266,0.5,0.0,PlanStatus.OK,20,25.432406328840152,-0.03433244132166027,True,28.489019827701895,9.51017619538234e-06,1.8098535259224342e-05,0.10351467964736241,-0.03433244132166027,3.5,False,7.627099985256791,20,25.432406328840152,-0.03433244132166027,0.1,60,-39.393753051443056,24.54023361206142,0.0027789998045092885,0.0005705308452784155,-29.067175117222202,24.568925939920064,0.002776956461910586,3.441676175514091,1,"[{""id"": 134, ""x"": -71.6904296875, ""y"": 27.98271942138672, ""vx"": 4.870929437572613e-09, ""vy"": -3.908531831520179e-10, ""r"": 2.5906050205230713}]"
277,13.850000000000001,-39.392757415771484,24.540239334106445,0.0012066860921446589,0.10182141522563982,0.0033386549912393093,0.5,0.0,PlanStatus.OK,20,25.43340197688346,-0.03432948616650702,True,28.490009249279055,1.0044468385806303e-05,1.850992737679677e-05,0.10351499663965213,-0.03432948616650702,3.5,False,7.711499929428101,20,25.43340197688346,-0.03432948616650702,0.1,60,-39.392757415456025,24.540239334107323,0.0027789998041186465,0.10182141522563982,-28.767516255381718,24.569761057557198,0.002777020823655603,3.443363690253762,1,"[{""id"": 134, ""x"": -71.6904296875, ""y"": 27.98271942138672, ""vx"": 8.051128652653006e-09, ""vy"": 2.577682789439706e-10, ""r"": 2.5906050205230713}]"
278,13.9,-39.38391876220703,24.540260314941406,0.0012263826911267494,0.23831118471760887,0.0032966958824545145,0.5,0.0,PlanStatus.OK,20,25.44224065462384,-0.034333067997470657,True,28.498795910956353,1.4930587212705435e-05,1.900021035877459e-05,0.203514174273114,-0.034333067997470657,3.0,False,7.38730002194643,20,25.44224065462384,-0.034333067997470657,0.1,60,-39.38391876188511,24.5402603149423,0.002778999804045811,0.23831118471760887,-29.83093771927782,24.56680439639159,0.002779010405230116,2.9539718530786256,1,"[{""id"": 134, ""x"": -71.6904296875, ""y"": 27.98271942138672, ""vx"": 1.002505545244503e-08, ""vy"": -3.4011568561531647e-10, ""r"": 2.5906050205230713}]"
279,13.950000000000001,-39.36841583251953,24.540136337280273,0.0016438790951150684,0.3678739713396274,0.0024106092751026154,0.5,0.0,PlanStatus.OK,20,25.457743179914605,-0.03450012776298339,True,28.514224742977667,1.452579085659611e-05,1.7769616761039754e-05,0.20351189140486847,-0.03450012776298339,3.0,False,7.992299972102046,20,25.457743179914605,-0.03450012776298339,0.1,60,-39.3684158321847,24.540136337281204,0.002778999804029675,0.3678739713396274,-29.433259959339846,24.56774164949549,0.0027768832646595677,2.956131232855659,1,"[{""id"": 134, ""x"": -71.6904296875, ""y"": 27.98271942138672, ""vx"": 9.106806864167538e-09, ""vy"": -6.830792598222502e-10, ""r"": 2.5906050205230713}]"
280,14.0,-39.34638214111328,24.540258407592773,0.0016191508381632744,0.5019940850090011,0.0024629656691104174,0.5,0.0,PlanStatus.OK,20,25.479777125472513,-0.034439289467136286,True,28.53612167518167,1.1934929272076602e-05,1.6733489209596122e-05,0.20350901778099026,-0.034439289467136286,3.0,False,7.575599942356348,20,25.479777125472513,-0.034439289467136286,0.1,60,-39.346382140762955,24.540258407593747,0.0027789998040662718,0.5019940850090011,-29.015609383873088,24.56896228993936,0.0027769731792090515,2.958366568083486,1,"[{""id"": 134, ""x"": -71.6904296875, ""y"": 27.98271942138672, ""vx"": 5.452224893787161e-09, ""vy"": 1.0978016273810454e-09, ""r"": 2.5906050205230713}]"
281,14.05,-39.31629943847656,24.54019546508789,0.001847940172601837,0.6745363415884276,0.0,0.0,1.0,PlanStatus.FAIL,20,25.509859537030373,-0.03458583144610147,False,28.566042236137534,0.8097479869837804,2.8447291081506636,6.617553870555484,-0.03458583144610147,4.0,False,7.703199982643127,20,25.509859537030373,-0.03458583144610147,0.1,60,-39.31629943810269,24.540195465088928,0.0027789998040424245,0.6745363415884276,-25.955747351520092,26.18592957996335,0.5314536686067416,3.9445756056931396,1,"[{""id"": 134, ""x"": -71.6904296875, ""y"": 27.98271942138672, ""vx"": 7.499074139438733e-10, ""vy"": 1.3863754588783195e-09, ""r"": 2.5906050205230713}]"
282,14.100000000000001,-39.30527114868164,24.540307998657227,0.0015621898796059526,0.00045184443083001247,0.0025843894109129906,0.5,0.0,PlanStatus.OK,20,25.52088809697083,-0.034503945887036355,True,28.576996825673895,1.4419785156896586e-05,1.8930040209951156e-05,0.10350415626074745,-0.034503945887036355,3.5,False,8.0033999402076,20,25.52088809697083,-0.034503945887036355,0.1,60,-39.305271148300584,24.540307998658285,0.002778999803720456,0.00045184443083001247,-28.979051270480813,24.5689991558864,0.002776976124381791,3.4416741974071856,1,"[{""id"": 134, ""x"": -71.6904296875, ""y"": 27.98271942138672, ""vx"": -4.173162704290689e-09, ""vy"": 5.514614875856694e-10, ""r"": 2.5906050205230713}]"
283,14.15,-39.30427169799805,24.54030990600586,0.0015633867416505372,0.10130712248367904,0.0025817113928496838,0.5,0.0,PlanStatus.OK,20,25.52188754909564,-0.03450481601544564,True,28.577990476017597,1.1818458446093704e-05,1.726865946753177e-05,0.20350346498543495,-0.03450481601544564,3.0,False,7.4899999890476465,20,25.52188754909564,-0.03450481601544564,0.1,60,-39.304271697616244,24.54030990600692,0.0027789998039256495,0.10130712248367904,-30.155451053971085,24.56573081945509,0.002779010405175552,2.9516884520413913,1,"[{""id"": 134, ""x"": -71.6904296875, ""y"": 27.98271942138672, ""vx"": -6.520608053506294e-09, ""vy"": -1.2618874001280034e-10, ""r"": 2.5906050205230713}]"
284,14.200000000000001,-39.29518127441406,24.54035186767578,0.0015186587690906286,0.22392372012135567,0.002676480682566762,0.5,0.0,PlanStatus.OK,20,25.530978054189028,-0.03448811676039916,True,28.58702555853435,9.632454570655303e-06,1.5412868475694376e-05,0.20350183224881835,-0.03448811676039916,3.0,False,7.451399927958846,20,25.530978054189028,-0.03448811676039916,0.1,60,-39.2951812740258,24.54035186767686,0.0027789998039636555,0.22392372012135567,-29.784646673523874,24.566777900267333,0.0027787043776363726,2.953732062002021,1,"[{""id"": 134, ""x"": -71.6904296875, ""y"": 27.98271942138672, ""vx"": -6.87564616352887e-10, ""vy"": -5.265465286008464e-10, ""r"": 2.5906050205230713}]"
285,14.25,-39.27994918823242,24.540456771850586,0.0012740628973892001,0.3339021882762104,0.003195414552465081,0.5,0.0,PlanStatus.OK,20,25.546210373081532,-0.034425542900701656,True,28.60216132981347,1.2671689905046453e-05,1.601866816896419e-05,0.20350087160250752,-0.034425542900701656,3.0,False,7.770299911499023,20,25.546210373081532,-0.034425542900701656,0.1,60,-39.27994918783375,24.540456771851694,0.002778999804056096,0.3339021882762104,-29.44500860281875,24.567783609556034,0.0027768806247073967,2.9555650364712722,1,"[{""id"": 134, ""x"": -71.6904296875, ""y"": 27.98271942138672, ""vx"": -2.2721944326065113e-09, ""vy"": -6.627454141039379e-10, ""r"": 2.5906050205230713}]"
286,14.3,-39.25880813598633,24.54047393798828,0.001589670633178533,0.4871368993727727,0.00252553541213274,0.5,0.0,PlanStatus.OK,20,25.56735139139783,-0.03446712773371958,True,28.623182408346146,1.215560105835579e-05,1.9980821706388e-05,0.203498873476529,-0.03446712773371958,3.0,False,7.193700177595019,20,25.56735139139783,-0.03446712773371958,0.1,60,-39.25880813557172,24.540473937989432,0.0027789998041498907,0.4871368993727727,-28.9718677353327,24.569055922926967,0.002776982734273959,2.9581189483228774,1,"[{""id"": 134, ""x"": -71.6904296875, ""y"": 27.98271942138672, ""vx"": -3.8568477300771065e-09, ""vy"": -7.888065201022698e-10, ""r"": 2.5906050205230713}]"
287,14.350000000000001,-39.228759765625,24.54054832458496,0.0017351411263862577,0.6829044808972337,0.0,0.0,1.0,PlanStatus.FAIL,20,25.597399852449925,-0.03447624573214444,False,28.653055252258284,0.8713464516096033,2.8595415168185423,7.422655207466557,-0.03447624573214444,3.5,False,8.696399861946702,20,25.597399852449925,-0.03447624573214444,0.1,60,-39.22875976518832,24.540548324586176,0.002778999804010406,0.6829044808972337,-27.127616566109772,25.49729856425867,0.5311860012326279,3.453048408014958,1,"[{""id"": 134, ""x"": -71.6904296875, ""y"": 27.98271942138672, ""vx"": 9.192536509772253e-09, ""vy"": 1.784447434260983e-08, ""r"": 2.5906050205230713}]"
288,14.4,-39.22189712524414,24.54085350036621,0.0009949221983126075,0.00033856788496728236,0.0037881669122725725,0.5,0.0,PlanStatus.OK,20,25.60426331441361,-0.03419014238103079,True,28.65984746934278,9.76944759306308e-06,1.6243443731632154e-05,0.10349372571319937,-0.03419014238103079,3.5,False,7.53420009277761,20,25.60426331441361,-0.03419014238103079,0.1,60,-39.22189712480611,24.54085350036743,0.0027789998036976604,0.00033856788496728236,-28.896017847942492,24.569543546007385,0.002776992568147392,3.44167230946475,1,"[{""id"": 134, ""x"": -71.6904296875, ""y"": 27.98271942138672, ""vx"": -4.154989685645205e-09, ""vy"": -2.2647452802004864e-09, ""r"": 2.5906050205230713}]"
289,14.450000000000001,-39.22090148925781,24.54085922241211,0.0009966399892305737,0.10069966170452459,0.003784384112805128,0.5,0.0,PlanStatus.OK,20,25.605258962456915,-0.03418718722587754,True,28.660836954896816,1.257755580506889e-05,1.919572786865647e-05,0.20349372125705023,-0.03418718722587754,3.0,False,7.970999926328659,20,25.605258962456915,-0.03418718722587754,0.1,60,-39.220901488819095,24.540859222413328,0.0027789998041678585,0.10069966170452459,-30.073872853231105,24.566275156723478,0.0027790104051944836,2.9516783276950784,1,"[{""id"": 134, ""x"": -71.6904296875, ""y"": 27.98271942138672, ""vx"": -3.7965359744873695e-09, ""vy"": -2.067513243941832e-10, ""r"": 2.5906050205230713}]"
290,14.5,-39.213623046875,24.540895462036133,0.0009727614601177995,0.16122829367130062,0.003834981005638838,0.5,0.0,PlanStatus.OK,20,25.612537477444402,-0.03417117450571046,True,28.66807103605523,1.1514837531692271e-05,1.8570523645212132e-05,0.2034925313085539,-0.03417117450571046,3.0,False,8.43190005980432,20,25.612537477444402,-0.03417117450571046,0.1,60,-39.213623046431216,24.540895462037366,0.00277899980408431,0.16122829367130062,-29.88803564986243,24.566807614356804,0.0027790104052344256,2.9526871382278554,1,"[{""id"": 134, ""x"": -71.6904296875, ""y"": 27.98271942138672, ""vx"": -2.5076070109264492e-09, ""vy"": 4.2337169881001557e-10, ""r"": 2.5906050205230713}]"
291,14.55,-39.19989013671875,24.540990829467773,0.0007863601445167121,0.3351853199200121,0.004230348858982325,0.5,0.0,PlanStatus.OK,20,25.626270599597884,-0.03411397114783454,True,28.681717456318687,1.5126621902920058e-05,1.749902844821582e-05,0.20349148092508562,-0.03411397114783454,3.0,False,7.6506000477820635,20,25.626270599597884,-0.03411397114783454,0.1,60,-39.19989013626578,24.54099082946903,0.0027789998041116517,0.3351853199200121,-29.361171184717776,24.56832799282641,0.002776898071235069,2.955586421998664,1,"[{""id"": 134, ""x"": -71.6904296875, ""y"": 27.98271942138672, ""vx"": -5.026339344738062e-10, ""vy"": 5.853829643243103e-10, ""r"": 2.5906050205230713}]"
292,14.600000000000001,-39.1811408996582,24.541017532348633,0.0008759332531200329,0.39048833352356227,0.0040402160957455635,0.5,0.0,PlanStatus.OK,20,25.645019838467007,-0.034139372429138524,True,28.70035962438535,1.3075451226455781e-05,1.827076812632028e-05,0.20348923842936106,-0.034139372429138524,3.0,False,7.501599844545126,20,25.645019838467007,-0.034139372429138524,0.1,60,-39.18114089919132,24.54101753234993,0.0027789998041007767,0.39048833352356227,-29.17929425053417,24.568807655756864,0.0027769369771550607,2.9565081388920573,1,"[{""id"": 134, ""x"": -71.6904296875, ""y"": 27.98271942138672, ""vx"": 0.0, ""vy"": 0.0, ""r"": 2.5906050205230713}]"
293,14.65,-39.153324127197266,24.54108428955078,0.0009982047264081577,0.6050817184064035,0.0,0.0,1.0,PlanStatus.FAIL,20,25.672836689033787,-0.03414991819048754,False,28.72801491758959,0.8389875259996125,2.983218083365132,6.991546211393464,-0.03414991819048754,4.0,False,7.426799973472953,20,25.672836689033787,-0.03414991819048754,0.1,60,-39.153324126710096,24.541084289552135,0.00277899980407925,0.6050817184064035,-25.991911518466978,26.165159040711647,0.5314379242624282,3.9434180286401093,1,"[{""id"": 134, ""x"": -71.6904296875, ""y"": 27.98271942138672, ""vx"": 2.0361590191697587e-09, ""vy"": 8.112945315552622e-10, ""r"": 2.5906050205230713}]"
294,14.700000000000001,-39.1435546875,24.541433334350586,0.00023980847228702667,0.0004991136062139031,0.00539056584239006,0.5,0.0,PlanStatus.OK,20,25.68260706100135,-0.033828023974549794,True,28.737693472223434,1.1488111923387815e-05,2.1072581922357107e-05,0.10348546141731504,-0.033828023974549794,3.5,False,7.593700196594,20,25.68260706100135,-0.033828023974549794,0.1,60,-39.143554687010415,24.541433334351947,0.0027789998038551516,0.0004991136062139031,-28.81720762816254,24.57012452418015,0.0027770075369809065,3.4416749852267676,1,"[{""id"": 134, ""x"": -71.6904296875, ""y"": 27.98271942138672, ""vx"": 3.25342330853573e-09, ""vy"": 5.229843780263366e-10, ""r"": 2.5906050205230713}]"
295,14.75,-39.14255905151367,24.54143524169922,0.00024226820649086113,0.10104148421085303,0.005385208874940872,0.5,0.0,PlanStatus.OK,20,25.683602698443625,-0.03382888350193313,True,28.738683388701112,1.511607756900686e-05,1.722983369695577e-05,0.20348399981898516,-0.03382888350193313,3.0,False,7.582399994134903,20,25.683602698443625,-0.03382888350193313,0.1,60,-39.14255905102336,24.541435241700583,0.002778999803839453,0.10104148421085303,-29.994522048257707,24.566853979111357,0.002779010405196602,2.9516840247368523,1,"[{""id"": 134, ""x"": -71.6904296875, ""y"": 27.98271942138672, ""vx"": 3.4010787519633823e-09, ""vy"": 1.625460460674688e-10, ""r"": 2.5906050205230713}]"
296,14.8,-39.13456344604492,24.541494369506836,0.00012348269631185405,0.16982828529170033,0.005637194495648146,0.5,0.0,PlanStatus.OK,20,25.691598437353957,-0.033791975680064805,True,28.746628470128726,1.3639710388775388e-05,1.5505672376295992e-05,0.20348313553332004,-0.033791975680064805,3.0,False,7.375099929049611,20,25.691598437353957,-0.033791975680064805,0.1,60,-39.13456344554942,24.541494369508214,0.0027789998040068996,0.16982828529170033,-29.783609775632804,24.567476923333967,0.002778696632917452,2.9528304714215245,1,"[{""id"": 134, ""x"": -71.6904296875, ""y"": 27.98271942138672, ""vx"": 1.964517215569117e-09, ""vy"": -2.886292316262029e-10, ""r"": 2.5906050205230713}]"
297,14.850000000000001,-39.12081527709961,24.541522979736328,0.00014498106583698324,0.2937420013153647,0.005591437686234713,0.5,0.0,PlanStatus.OK,20,25.70534663271957,-0.03380157167067603,True,28.760297498722203,1.6264333860014262e-05,1.8348958836199303e-05,0.20348218116423986,-0.03380157167067603,3.0,False,9.138200199231505,20,25.70534663271957,-0.03380157167067603,0.1,60,-39.120815276594115,24.54152297973773,0.002778999804006532,0.2937420013153647,-29.404349627589223,24.568520489727778,0.002776888322718103,2.954895700021925,1,"[{""id"": 134, ""x"": -71.6904296875, ""y"": 27.98271942138672, ""vx"": 3.7986447321003425e-10, ""vy"": -4.148043852847394e-10, ""r"": 2.5906050205230713}]"
298,14.9,-39.10047912597656,24.54154396057129,0.00031442907894751256,0.46438400939974656,0.005231698043644428,0.5,0.0,PlanStatus.OK,20,25.725682763621908,-0.03383710500397545,True,28.78051894843143,1.0278455064658004e-05,1.5900121807716806e-05,0.20347880875221896,-0.03383710500397545,3.0,False,7.515000179409981,20,25.725682763621908,-0.03383710500397545,0.1,60,-39.10047912545595,24.541543960572735,0.002778999804108373,0.46438400939974656,-28.88066586385289,24.569939216803615,0.0027769992686086523,2.9577397334899924,1,"[{""id"": 134, ""x"": -71.6904296875, ""y"": 27.98271942138672, ""vx"": -1.204788602215956e-09, ""vy"": -5.408654635274956e-10, ""r"": 2.5906050205230713}]"
299,14.950000000000001,-39.07297897338867,24.541471481323242,0.0007478271423831403,0.6142673637427564,0.0,0.0,1.0,PlanStatus.FAIL,20,25.753182608600675,-0.0339860067924364,False,28.807874799551932,0.7875665143581664,2.934841386351628,8.06753794139847,-0.0339860067924364,4.5,False,8.39759991504252,20,25.753182608600675,-0.0339860067924364,0.1,60,-39.072978972845945,24.541471481324752,0.0027789998040428734,0.6142673637427564,-24.63129735374876,26.96552259834535,0.5317323409726247,4.435237789395712,1,"[{""id"": 134, ""x"": -71.6904296875, ""y"": 27.98271942138672, ""vx"": -2.7894417886642486e-09, ""vy"": -6.669264585035251e-10, ""r"": 2.5906050205230713}]"
300,15.0,-39.06658172607422,24.541522979736328,0.0006350812163484837,0.0002526511290385244,0.004551769699901342,0.5,0.0,PlanStatus.OK,20,25.75957997432658,-0.03395228650435879,True,28.814231342365844,1.415060304643796e-05,1.6924116348565957e-05,0.1034760048981038,-0.03395228650435879,3.5,False,7.940900046378374,20,25.75957997432658,-0.03395228650435879,0.1,60,-39.06658172552743,24.54152297973785,0.0027789998037484813,0.0002526511290385244,-28.740968517805673,24.570211982150663,0.0027770243902439816,3.4416708775188143,1,"[{""id"": 134, ""x"": -71.6904296875, ""y"": 27.98271942138672, ""vx"": -3.6189475860481934e-09, ""vy"": -1.679872491111567e-10, ""r"": 2.5906050205230713}]"
301,15.05,-39.065582275390625,24.541528701782227,0.0006371621360430147,0.10055525501102744,0.004547216463834047,0.5,0.0,PlanStatus.OK,20,25.76057943705242,-0.03394934195023502,True,28.81522467890418,1.3949552771318137e-05,1.8742671921319343e-05,0.20347512586073707,-0.03394934195023502,3.0,False,8.496499853208661,20,25.76057943705242,-0.03394934195023502,0.1,60,-39.065582274843166,24.541528701783747,0.002778999804069629,0.10055525501102744,-29.918979648545818,24.56694345385318,0.0027790104052243937,2.951675920916849,1,"[{""id"": 134, ""x"": -71.6904296875, ""y"": 27.98271942138672, ""vx"": -4.6402170994497283e-10, ""vy"": -2.2866790405640103e-10, ""r"": 2.5906050205230713}]"
302,15.100000000000001,-39.05833053588867,24.54156494140625,0.0006267223625178764,0.16040044258519678,0.004569296259433031,0.5,0.0,PlanStatus.OK,20,25.76783124926216,-0.03393325502286166,True,28.822432620508046,1.3267671637986326e-05,1.796884141864845e-05,0.20347358478111752,-0.03393325502286166,3.0,False,8.093300042673945,20,25.76783124926216,-0.03393325502286166,0.1,60,-39.05833053533625,24.541564941407785,0.002778999804124245,0.16040044258519678,-29.73519301951012,24.567470089596462,0.00277834145254765,2.952673340709757,1,"[{""id"": 134, ""x"": -71.6904296875, ""y"": 27.98271942138672, ""vx"": -1.2078116284897078e-09, ""vy"": -2.8367005966423164e-10, ""r"": 2.5906050205230713}]"
303,15.15,-39.0447998046875,24.541576385498047,0.0006783451004946616,0.3109594973501192,0.004459585063159466,0.5,0.0,PlanStatus.OK,20,25.781361960018618,-0.03395941282621512,True,28.835887571219757,1.693070586540014e-05,1.873024254895727e-05,0.2034739136096517,-0.03395941282621512,3.0,False,9.29320021532476,20,25.781361960018618,-0.03395941282621512,0.1,60,-39.044799804124914,24.54157638549961,0.002778999804008812,0.3109594973501192,-29.27755367698538,24.568714752875994,0.0027769155426732132,2.955182658289166,1,"[{""id"": 134, ""x"": -71.6904296875, ""y"": 27.98271942138672, ""vx"": -2.2427260049084907e-09, ""vy"": -4.4540326982200895e-10, ""r"": 2.5906050205230713}]"
304,15.200000000000001,-39.024375915527344,24.541547775268555,0.0008082929275654797,0.4822171023129449,0.004183655139058828,0.5,0.0,PlanStatus.OK,20,25.80178569080589,-0.034044780856146845,True,28.856201998870098,1.2635511537827632e-05,1.5206819595891402e-05,0.20347003607075503,-0.034044780856146845,3.0,False,7.951400009915233,20,25.80178569080589,-0.034044780856146845,0.1,60,-39.0243759149486,24.541547775270164,0.0027789998040878205,0.4822171023129449,-28.751966685440685,24.57008894512871,0.0027770277278865614,2.958036951705211,1,"[{""id"": 134, ""x"": -71.6904296875, ""y"": 27.98271942138672, ""vx"": -1.9045560684105567e-09, ""vy"": -3.5492483951848897e-10, ""r"": 2.5906050205230713}]"
305,15.25,-38.99775695800781,24.541488647460938,0.0012260412135377578,0.564595139987766,0.0,0.0,1.0,PlanStatus.FAIL,20,25.82840438122256,-0.03417788241796556,False,28.882680782334162,0.8211234854652901,2.869974187566367,6.662344191794398,-0.03417788241796556,4.0,False,7.982200011610985,20,25.82840438122256,-0.03417788241796556,0.1,60,-38.99775695740752,24.541488647462607,0.0027789998040100355,0.564595139987766,-25.96083437908404,26.183398016540977,0.5314454555760854,3.9427432523331247,1,"[{""id"": 134, ""x"": -71.6904296875, ""y"": 27.98271942138672, ""vx"": -6.115927764227536e-10, ""vy"": -3.8908307131713116e-10, ""r"": 2.5906050205230713}]"
306,15.3,-38.99055480957031,24.54181671142578,0.00036947641061999025,0.0003238888948758059,0.005115398671478033,0.5,0.0,PlanStatus.OK,20,25.835607413538078,-0.03386983446324768,True,28.889809036038102,1.6496129490287893e-05,1.8098178160451048e-05,0.2034667118536117,-0.03386983446324768,3.0,False,7.932599866762757,20,25.835607413538078,-0.03386983446324768,0.1,60,-38.99055480897026,24.541816711427447,0.002778999804353295,0.0003238888948758059,-30.139633554558753,24.566409760567858,0.002779010405184893,2.9500053981482446,1,"[{""id"": 134, ""x"": -71.6904296875, ""y"": 27.98271942138672, ""vx"": 1.268770088991289e-10, ""vy"": 6.881089587018607e-10, ""r"": 2.5906050205230713}]"
307,15.350000000000001,-38.98955535888672,24.541820526123047,0.0003718358048982323,0.10070598888546177,0.0051102545112371445,0.5,0.0,PlanStatus.OK,20,25.836606870963404,-0.033868797250392206,True,28.89080259993115,9.14441153504982e-06,1.8867680024810436e-05,0.20346536997735556,-0.033868797250392206,3.0,False,8.297499967738986,20,25.836606870963404,-0.033868797250392206,0.1,60,-38.98955535828596,24.541820526124717,0.0027789998040209578,0.10070598888546177,-29.84250807431959,24.567236514711603,0.0027790104052304076,2.9516784331480936,1,"[{""id"": 134, ""x"": -71.6904296875, ""y"": 27.98271942138672, ""vx"": 1.2107472802114216e-09, ""vy"": 9.988365690105638e-10, ""r"": 2.5906050205230713}]"
308,15.4,-38.98160934448242,24.54180145263672,0.0005394637528624095,0.17641839603435713,0.004754401743412018,0.5,0.0,PlanStatus.OK,20,25.844552801679676,-0.03390995260711989,True,28.89870699324787,1.2712095212701302e-05,1.7667642901952017e-05,0.20346512266165823,-0.03390995260711989,3.0,False,7.934799883514643,20,25.844552801679676,-0.03390995260711989,0.1,60,-38.98160934387522,24.541801452638406,0.002778999804074708,0.17641839603435713,-29.611229558623787,24.567837622509117,0.002777439869258408,2.952940306600569,1,"[{""id"": 134, ""x"": -71.6904296875, ""y"": 27.98271942138672, ""vx"": 1.8303875082281706e-09, ""vy"": 2.765258022563444e-10, ""r"": 2.5906050205230713}]"
309,15.450000000000001,-38.96794891357422,24.54182243347168,0.0006424321521317667,0.3189518481126871,0.004535746295005083,0.5,0.0,PlanStatus.OK,20,25.858213238144916,-0.03392693413912659,True,28.912290294658156,1.4236863784461188e-05,1.7901298653357108e-05,0.20346390168900041,-0.03392693413912659,3.0,False,8.112400071695447,20,25.858213238144916,-0.03392693413912659,0.1,60,-38.967948912956885,24.541822433473396,0.0027789998040755838,0.3189518481126871,-29.17713392062147,24.56902609377002,0.0027769367849238722,2.955315864135209,1,"[{""id"": 134, ""x"": -71.6904296875, ""y"": 27.98271942138672, ""vx"": 5.161995483837778e-11, ""vy"": 1.175851083168311e-10, ""r"": 2.5906050205230713}]"
310,15.5,-38.94776153564453,24.541854858398438,0.000865943408177496,0.41415567406604425,0.0040613142773509026,0.5,0.0,PlanStatus.OK,20,25.878400628231457,-0.033950609984677665,True,28.93236365918066,1.4997313574266632e-05,1.6479712478872574e-05,0.20346145812960303,-0.033950609984677665,3.0,False,8.331699995324016,20,25.878400628231457,-0.033950609984677665,0.1,60,-38.94776153501224,24.541854858400196,0.0027789998040234714,0.41415567406604425,-28.87612194527754,24.569838330341444,0.0027770008098805107,2.9569025945677683,1,"[{""id"": 134, ""x"": -71.6904296875, ""y"": 27.98271942138672, ""vx"": 4.236489214992645e-10, ""vy"": 1.6750824338718218e-10, ""r"": 2.5906050205230713}]"
311,15.55,-38.92094802856445,24.54186248779297,0.0011020340042032278,0.6028244144788453,0.0,0.0,1.0,PlanStatus.FAIL,20,25.90521405297545,-0.03401749525461925,False,28.959029646276342,0.9937469206313144,2.9662497200683844,8.375569170147774,-0.03401749525461925,3.0,False,8.141699945554137,20,25.90521405297545,-0.03401749525461925,0.1,60,-38.92094802791158,24.541862487794784,0.0027789998040000513,0.6028244144788453,-28.334776520884358,24.7887828283491,0.5309077979557432,2.960047073574646,1,"[{""id"": 134, ""x"": -71.6904296875, ""y"": 27.98271942138672, ""vx"": 7.955696657013789e-10, ""vy"": 1.9936223505379047e-10, ""r"": 2.5906050205230713}]"
312,15.600000000000001,-38.91012191772461,24.541982650756836,0.000991393639905415,0.0004757895115749062,0.003795602358877659,0.5,0.0,PlanStatus.OK,20,25.916040455943584,-0.03392741847592987,True,28.969784040426276,1.2868720324857702e-05,1.5772741118694894e-05,0.20345631863125838,-0.03392741847592987,3.0,False,8.099399972707033,20,25.916040455943584,-0.03392741847592987,0.1,60,-38.91012191706567,24.541982650758666,0.002778999803774644,0.0004757895115749062,-30.058752563694362,24.566576946026636,0.002779010405183982,2.95000792982519,1,"[{""id"": 134, ""x"": -71.6904296875, ""y"": 27.98271942138672, ""vx"": 2.6366794858567744e-10, ""vy"": -1.6392474877502394e-10, ""r"": 2.5906050205230713}]"
313,15.65,-38.90912628173828,24.54198455810547,0.0009931341873268365,0.10119399165090795,0.0037918160669505596,0.5,0.0,PlanStatus.OK,20,25.91703609338586,-0.033928278003309664,True,28.97077403775119,1.354011072436737e-05,1.7020713075667493e-05,0.20345589151295632,-0.033928278003309664,3.0,False,7.964199874550104,20,25.91703609338586,-0.033928278003309664,0.1,60,-38.90912628107861,24.541984558107302,0.0027789998039481163,0.10119399165090795,-29.760644959733664,24.567404390310827,0.002778527788915921,2.9516865665275143,1,"[{""id"": 134, ""x"": -71.6904296875, ""y"": 27.98271942138672, ""vx"": -4.80123885093775e-10, ""vy"": -2.18442847144118e-10, ""r"": 2.5906050205230713}]"
314,15.700000000000001,-38.90020751953125,24.54199981689453,0.0009853781207634685,0.19538387177014666,0.003808148903772235,0.5,0.0,PlanStatus.OK,20,25.925954863557944,-0.03393780447969345,True,28.9796424954597,1.4127133496582182e-05,1.7102072921715283e-05,0.20345595016594945,-0.03393780447969345,3.0,False,8.23180004954338,20,25.925954863557944,-0.03393780447969345,0.1,60,-38.900207518864974,24.541999816896382,0.0027789998041011367,0.19538387177014666,-29.473891471585063,24.568191144353488,0.002776873801206905,2.95325639786284,1,"[{""id"": 134, ""x"": -71.6904296875, ""y"": 27.98271942138672, ""vx"": -7.728320206012995e-10, ""vy"": 8.035658943805757e-11, ""r"": 2.5906050205230713}]"
315,15.75,-38.885154724121094,24.542158126831055,0.0006977337064571303,0.3501931178598034,0.0044182948768138885,0.5,0.0,PlanStatus.OK,20,25.94100804078569,-0.03382132681611986,True,28.99459662337702,1.797882455248026e-05,1.8603167307464606e-05,0.20345497232385842,-0.03382132681611986,3.0,False,8.085399866104126,20,25.94100804078569,-0.03382132681611986,0.1,60,-38.88515472344631,24.54215812683293,0.0027789998040827395,0.3501931178598034,-29.002192971431803,24.56961751122023,0.002776973482851195,2.955836551964331,1,"[{""id"": 134, ""x"": -71.6904296875, ""y"": 27.98271942138672, ""vx"": -4.009254594983247e-10, ""vy"": 1.1917450359888448e-10, ""r"": 2.5906050205230713}]"
316,15.8,-38.86424255371094,24.542255401611328,0.0008301463879450603,0.4553433559516654,0.0,0.0,1.0,PlanStatus.FAIL,20,25.961920400771472,-0.03378216725413662,False,29.01538465497564,0.29637218072993543,0.8883790463126754,3.9234407306463943,-0.03378216725413662,3.0,False,9.188800118863583,20,25.961920400771472,-0.03378216725413662,0.1,60,-38.86424255302196,24.542255401613243,0.0027790047854353702,0.4553433559516654,-28.660328755512737,24.59791551126931,0.09161488585169988,2.9575890559325235,1,"[{""id"": 134, ""x"": -71.6904296875, ""y"": 27.98271942138672, ""vx"": -2.900469101008163e-11, ""vy"": 1.510292446660344e-10, ""r"": 2.5906050205230713}]"
317,15.850000000000001,-38.859169006347656,24.542325973510742,0.0007115898163181359,0.00019262564678828738,0.00438933027908206,0.5,0.0,PlanStatus.OK,20,25.966994124662712,-0.0337256949962115,True,29.020423213013636,1.555575135241877e-05,1.8939824172289378e-05,0.2034503401671096,-0.0337256949962115,3.0,False,7.5795999728143215,20,25.966994124662712,-0.0337256949962115,0.1,60,-38.8591690056562,24.542325973512664,0.0027789998042041814,0.00019262564678828738,-30.008634985844004,24.566917947914174,0.002779010405191691,2.950003210427449,1,"[{""id"": 134, ""x"": -71.6904296875, ""y"": 27.98271942138672, ""vx"": 3.4291608441705534e-10, ""vy"": 1.82882348154223e-10, ""r"": 2.5906050205230713}]"
318,15.9,-38.85817337036133,24.54233169555664,0.0007135954444955205,0.09969787980101642,0.004385010804980993,0.5,0.0,PlanStatus.OK,20,25.967989772706016,-0.03372273984105827,True,29.021412830916546,1.4454341923654765e-05,1.646062506130159e-05,0.20345035642728126,-0.03372273984105827,3.0,False,8.168000029399991,20,25.967989772706016,-0.03372273984105827,0.1,60,-38.858173369669224,24.542331695558563,0.002778999804197991,0.09969787980101642,-29.714109453068318,24.56773915167353,0.002778187000206946,2.9516616313300186,1,"[{""id"": 134, ""x"": -71.6904296875, ""y"": 27.98271942138672, ""vx"": 2.9427862924258363e-10, ""vy"": 1.547572486826354e-10, ""r"": 2.5906050205230713}]"
319,15.950000000000001,-38.85226058959961,24.542369842529297,0.0006388534643983914,0.20104255119077863,0.004543451126664877,0.5,0.0,PlanStatus.OK,20,25.973902636646315,-0.03370102461113074,True,29.027289445549933,1.3347121532830957e-05,1.8277350877231487e-05,0.20344940957321866,-0.03370102461113074,3.0,False,9.573499904945493,20,25.973902636646315,-0.03370102461113074,0.1,60,-38.852260588903725,24.54236984253123,0.0027789998040948782,0.20104255119077863,-29.409256741962988,24.568607410425823,0.002776887131385784,2.9533507091865125,1,"[{""id"": 134, ""x"": -71.6904296875, ""y"": 27.98271942138672, ""vx"": 4.4181197589310273e-10, ""vy"": -1.0624032903416847e-10, ""r"": 2.5906050205230713}]"
320,16.0,-38.839847564697266,24.542404174804688,0.0006270472603686363,0.3186037911355246,0.004568325821310282,0.5,0.0,PlanStatus.OK,20,25.98631570902605,-0.03370118821768064,True,29.039631352369597,1.897287711558913e-05,1.9187229143525705e-05,0.20344930975624703,-0.03370118821768064,3.0,False,7.897400064393878,20,25.98631570902605,-0.03370118821768064,0.1,60,-38.83984756399251,24.542404174806645,0.0027790130193236593,0.3186037911355246,-29.050069681595268,24.56960469610386,0.002776962880406162,2.9553100631855918,1,"[{""id"": 134, ""x"": -71.6904296875, ""y"": 27.98271942138672, ""vx"": -3.022856132073315e-10, ""vy"": -2.1030142904887583e-10, ""r"": 2.5906050205230713}]"
321,16.05,-38.82069778442383,24.54237937927246,0.0009163492583866562,0.41135987045768524,0.003954323939979076,0.5,0.0,PlanStatus.OK,20,26.00546534573131,-0.03377920093714601,True,29.0586796156394,1.3748641179355948e-05,1.9001996454156428e-05,0.2034460640787698,-0.03377920093714601,3.0,False,8.111200062558055,20,26.00546534573131,-0.03377920093714601,0.1,60,-38.82069778477979,24.542379379271473,0.0027790210061355417,0.41135987045768524,-28.757315415541193,24.570339671346506,0.0027770250694395065,2.9568559978409614,1,"[{""id"": 134, ""x"": -71.6904296875, ""y"": 27.98271942138672, ""vx"": -3.6862704555495895e-10, ""vy"": 1.1205030653327341e-10, ""r"": 2.5906050205230713}]"
322,16.1,-38.79478073120117,24.542516708374023,0.0006688597997430186,0.5459711578418729,0.0,0.0,1.0,PlanStatus.FAIL,20,26.031382680515843,-0.03371389630849301,False,29.08444168886895,0.9200732572158219,2.965504820100998,7.5988477618061046,-0.03371389630849301,3.5,False,8.15759995020926,20,26.031382680515843,-0.03371389630849301,0.1,60,-38.79478073324155,24.542516708368353,0.00277902100618336,0.5459711578418729,-27.102082100078395,25.513176908684517,0.5311845189841018,3.4507661859640346,1,"[{""id"": 134, ""x"": -71.6904296875, ""y"": 27.98271942138672, ""vx"": 3.2906964913398395e-12, ""vy"": 1.4487869237633788e-10, ""r"": 2.5906050205230713}]"
323,16.150000000000002,-38.788856506347656,24.542509078979492,0.0007614371569139225,0.00023858314430535277,0.004283512011170387,0.5,0.0,PlanStatus.OK,20,26.037306861290887,-0.03373798919768699,True,29.09033457972184,1.7341927584820642e-05,1.805293217093957e-05,0.20344297193535527,-0.03373798919768699,3.0,False,7.6518000569194555,20,26.037306861290887,-0.03373798919768699,0.1,60,-38.78885650877495,24.542509078972746,0.0027790210064430666,0.00023858314430535277,-29.93818691766835,24.567101430083703,0.0027790104052197724,2.9500039763857426,1,"[{""id"": 134, ""x"": -71.6904296875, ""y"": 27.98271942138672, ""vx"": 3.75211473002679e-10, ""vy"": 1.767329060875511e-10, ""r"": 2.5906050205230713}]"
324,16.2,-38.78785705566406,24.54251480102539,0.0007634020184408315,0.10042761504425306,0.004279269836843014,0.5,0.0,PlanStatus.OK,20,26.038306324016787,-0.0337350446647515,True,29.091328016396787,1.3533441613651964e-05,1.8690659037332545e-05,0.20344204934034407,-0.0337350446647515,3.0,False,7.76830012910068,20,26.038306324016787,-0.0337350446647515,0.1,60,-38.78785705815616,24.542514801018466,0.002779021006270995,0.10042761504425306,-29.641646547372915,24.567928066783626,0.002777659443027865,2.9516737935840704,1,"[{""id"": 134, ""x"": -71.6904296875, ""y"": 27.98271942138672, ""vx"": -3.830665784576581e-10, ""vy"": -2.0423764068855377e-10, ""r"": 2.5906050205230713}]"
325,16.25,-38.78035354614258,24.542560577392578,0.0005889758901622999,0.16027317273084452,0.0046492828987538815,0.5,0.0,PlanStatus.OK,20,26.045809931776972,-0.0337101208580675,True,29.09878609363757,1.2552061562791756e-05,1.8443084442050506e-05,0.203441320915541,-0.0337101208580675,3.0,False,7.067300146445632,20,26.045809931776972,-0.0337101208580675,0.1,60,-38.78035354912066,24.542560577384304,0.0027790210063059376,0.16027317273084452,-29.45761483262492,24.56846402758329,0.0027768769501948613,2.9526712195455116,1,"[{""id"": 134, ""x"": -71.6904296875, ""y"": 27.98271942138672, ""vx"": -2.2303438262927244e-10, ""vy"": 1.365024482335997e-10, ""r"": 2.5906050205230713}]"
326,16.3,-38.76640319824219,24.54265594482422,0.000513582813992025,0.3666640332051332,0.0048090615309774876,0.5,0.0,PlanStatus.OK,20,26.059760490836176,-0.03365352205464652,True,29.112650963334644,1.25781210751274e-05,1.7572198822268098e-05,0.20343940732531235,-0.03365352205464652,3.0,False,7.574600167572498,20,26.059760490836176,-0.03365352205464652,0.1,60,-38.76640320212069,24.54265594481344,0.002779021006204335,0.3666640332051332,-28.834866174692056,24.570249987582912,0.0027770080167391154,2.956111067220091,1,"[{""id"": 134, ""x"": -71.6904296875, ""y"": 27.98271942138672, ""vx"": 1.325832221787948e-10, ""vy"": 1.3950397781403723e-10, ""r"": 2.5906050205230713}]"
327,16.35,-38.74628448486328,24.54273223876953,0.0004964231425244183,0.4490015779102409,0.0,0.0,1.0,PlanStatus.FAIL,20,26.07987933854935,-0.03363313865907084,False,29.132652890010228,0.8649852147591627,2.5772270054609203,7.547181467952059,-0.03363313865907084,3.0,False,7.3327000718563795,20,26.07987933854935,-0.03363313865907084,0.1,60,-38.746284490044395,24.542732238755132,0.0027790210062949706,0.4490015779102409,-28.575033315991096,24.648164288048147,0.2604997019977183,2.957483359631835,1,"[{""id"": 134, ""x"": -71.6904296875, ""y"": 27.98271942138672, ""vx"": 5.341609793374502e-11, ""vy"": -1.7929036033592638e-10, ""r"": 2.5906050205230713}]"
328,16.400000000000002,-38.74085235595703,24.542938232421875,1.8065225885995663e-05,0.0001959616231266001,0.00586099736392498,0.5,0.0,PlanStatus.OK,20,26.08531201893951,-0.033442241783076865,True,29.13803426020818,1.2361803984293743e-05,1.641618073308388e-05,0.20343632682917148,-0.033442241783076865,3.0,False,7.1131999138742685,20,26.08531201893951,-0.033442241783076865,0.1,60,-38.74085236145911,24.542938232406584,0.0027790210062357762,0.0001959616231266001,-29.890308503193328,24.567530233594862,0.002779010405207267,2.9500032660270525,1,"[{""id"": 134, ""x"": -71.6904296875, ""y"": 27.98271942138672, ""vx"": -2.392769316017507e-10, ""vy"": 1.1254546600225623e-10, ""r"": 2.5906050205230713}]"
329,16.45,-38.7398567199707,24.54294204711914,2.071146995395271e-05,0.09980908550967309,0.005855278577655554,0.5,0.0,PlanStatus.OK,20,26.086307661682326,-0.03344119399029861,True,29.139024118757803,1.9453768646072052e-05,1.844869586434955e-05,0.20343810480455818,-0.03344119399029861,3.0,False,7.794300094246864,20,26.086307661682326,-0.03344119399029861,0.1,60,-38.739856725536825,24.542942047103672,0.002779021006459956,0.09980908550967309,-29.595474593206855,24.568350132578566,0.002777325061815477,2.951663484758492,1,"[{""id"": 134, ""x"": -71.6904296875, ""y"": 27.98271942138672, ""vx"": 1.3262965725679976e-10, ""vy"": 1.5136403241911012e-10, ""r"": 2.5906050205230713}]"
330,16.5,-38.73401641845703,24.54292869567871,0.00012218257663284133,0.17669095331444137,0.005639831535518169,0.5,0.0,PlanStatus.OK,20,26.092147903539924,-0.0334707756788696,True,29.144834246290337,1.7011447715560833e-05,1.8401499254257214e-05,0.2034366436026177,-0.0334707756788696,3.0,False,7.193800061941147,20,26.092147903539924,-0.0334707756788696,0.1,60,-38.73401642440507,24.542928695662184,0.0027790210061681255,0.17669095331444137,-29.36285315275086,24.56896651962453,0.002776896469364635,2.952944849221907,1,"[{""id"": 134, ""x"": -71.6904296875, ""y"": 27.98271942138672, ""vx"": -1.728985149496154e-10, ""vy"": -1.9351942270873224e-10, ""r"": 2.5906050205230713}]"
331,16.55,-38.72148513793945,24.542911529541016,0.00030823089010140154,0.29137316984414724,0.005244903732091188,0.5,0.0,PlanStatus.OK,20,26.104679087963266,-0.0335227663972459,True,29.15729962816782,1.756938973543843e-05,1.7144248393653923e-05,0.20343554427236143,-0.0335227663972459,3.0,False,8.51739989593625,20,26.104679087963266,-0.0335227663972459,0.1,60,-38.72148514470686,24.54291152952221,0.0027790210062265284,0.29137316984414724,-29.012040120628942,24.569888726530547,0.0027769701631198303,2.954856219497405,1,"[{""id"": 134, ""x"": -71.6904296875, ""y"": 27.98271942138672, ""vx"": -1.2529921544768285e-09, ""vy"": -8.484165592292925e-10, ""r"": 2.5906050205230713}]"
332,16.6,-38.7027473449707,24.542917251586914,0.0004457853060171771,0.45185149561315846,0.0,0.0,1.0,PlanStatus.FAIL,20,26.123416824478134,-0.033569117026688355,False,29.175935721194314,0.8082374166379216,2.853976627853451,6.677629210609167,-0.033569117026688355,4.0,False,8.212200133129954,20,26.123416824478134,-0.033569117026688355,0.1,60,-38.702747352960536,24.542917251564713,0.0027790210061489342,0.45185149561315846,-25.99332379803626,26.164983011714142,0.531427696785878,3.940864191593556,1,"[{""id"": 134, ""x"": -71.6904296875, ""y"": 27.98271942138672, ""vx"": -2.3072941335300357e-09, ""vy"": -3.598091824486005e-10, ""r"": 2.5906050205230713}]"
333,16.650000000000002,-38.69907760620117,24.54296875,0.00032565596741787785,0.0001629824175213621,0.005208270624279976,0.5,0.0,PlanStatus.OK,20,26.127086692192044,-0.033527817080461694,True,29.179580331559052,1.6970864430220914e-05,1.847355159997465e-05,0.2034326171821276,-0.033527817080461694,3.0,False,8.140899939462543,20,26.127086692192044,-0.033527817080461694,0.1,60,-38.69907761441847,24.542968749977167,0.0027790210065565496,0.0001629824175213621,-29.84863104493896,24.567560480355347,0.0027790104052202833,2.9500027163736267,1,"[{""id"": 134, ""x"": -71.6904296875, ""y"": 27.98271942138672, ""vx"": -1.920889225459632e-09, ""vy"": -5.531602736627561e-13, ""r"": 2.5906050205230713}]"
334,16.7,-38.698081970214844,24.542972564697266,0.0003279995946901545,0.09950396716064167,0.005203166976571083,0.5,0.0,PlanStatus.OK,20,26.128082334934856,-0.03352676928768699,True,29.180570204211847,1.2234954785188957e-05,1.9799140085559504e-05,0.20343221364349484,-0.03352676928768699,3.0,False,8.274200139567256,20,26.128082334934856,-0.03352676928768699,0.1,60,-38.69808197849626,24.542972564674255,0.0027790210062436176,0.09950396716064167,-29.554603416676212,24.568378051733887,0.0027770304912194525,2.9516583994526804,1,"[{""id"": 134, ""x"": -71.6904296875, ""y"": 27.98271942138672, ""vx"": 0.0, ""vy"": 0.0, ""r"": 2.5906050205230713}]"
335,16.75,-38.69275665283203,24.54296112060547,0.0004197447465296993,0.19651583576334325,0.005008363630622625,0.5,0.0,PlanStatus.OK,20,26.13340759995075,-0.03355301248511529,True,29.18586800330977,1.8478470066692136e-05,1.982732862337855e-05,0.20343279899677522,-0.03355301248511529,3.0,False,7.786799920722842,20,26.13340759995075,-0.03355301248511529,0.1,60,-38.69275666146452,24.54296112058148,0.0027790210063064957,0.19651583576334325,-29.26311867685699,24.569161239735468,0.0027769175745495757,2.9532752639293864,1,"[{""id"": 134, ""x"": -71.6904296875, ""y"": 27.98271942138672, ""vx"": 9.083774843432479e-10, ""vy"": 1.198252469469807e-10, ""r"": 2.5906050205230713}]"
336,16.8,-38.68136215209961,24.542943954467773,0.0006108780494592748,0.2630700490213768,0.004602695815265179,0.5,0.0,PlanStatus.OK,20,26.144802008978584,-0.03360184407265481,True,29.19720289443486,1.91131654616526e-05,1.7984759160091963e-05,0.2034307006255867,-0.03360184407265481,3.0,False,7.596300216391683,20,26.144802008978584,-0.03360184407265481,0.1,60,-38.681362161483044,24.5429439544417,0.002779021006154814,0.2630700490213768,-29.055407534524196,24.56968921722628,0.0027769613767082754,2.9543845008170218,1,"[{""id"": 134, ""x"": -71.6904296875, ""y"": 27.98271942138672, ""vx"": 1.2802642279652332e-09, ""vy"": 1.5685054643999052e-10, ""r"": 2.5906050205230713}]"
337,16.85,-38.662715911865234,24.54308319091797,0.00048120330042992,0.4435689006596121,0.0,0.0,1.0,PlanStatus.FAIL,20,26.163448564151462,-0.03351442638671799,False,29.215734343303012,0.767925179782838,2.6667403543736867,6.184104783460569,-0.03351442638671799,4.0,False,7.637700065970421,20,26.163448564151462,-0.03351442638671799,0.1,60,-38.662715922429456,24.543083190888613,0.002779021006206962,0.4435689006596121,-25.979926335677543,26.172920823611207,0.531429741826511,3.940726148344331,1,"[{""id"": 134, ""x"": -71.6904296875, ""y"": 27.98271942138672, ""vx"": 1.6521871648578212e-09, ""vy"": 1.8870391360614747e-10, ""r"": 2.5906050205230713}]"
338,16.900000000000002,-38.65869140625,24.543119430541992,0.00041226442376962786,0.0001706779968800417,0.00502448296174407,0.5,0.0,PlanStatus.OK,20,26.16747315493671,-0.033489371073882425,True,29.219733449050878,1.5581208390769303e-05,1.5262245812918893e-05,0.20342723274683086,-0.033489371073882425,3.0,False,7.683600066229701,20,26.16747315493671,-0.033489371073882425,0.1,60,-38.65869141706625,24.543119430511936,0.002779021006514194,0.0001706779968800417,-29.808223650483573,24.567711180219046,0.002778877693123844,2.9500028446332855,1,"[{""id"": 134, ""x"": -71.6904296875, ""y"": 27.98271942138672, ""vx"": 1.5730265978675106e-09, ""vy"": -1.3262646536560396e-10, ""r"": 2.5906050205230713}]"
339,16.95,-38.65769958496094,24.54312515258789,0.0004145110758278944,0.09946862149803683,0.005019584205001593,0.5,0.0,PlanStatus.OK,20,26.168464988297544,-0.03348640533872812,True,29.22071934395543,1.8013627557421863e-05,2.0201273486812263e-05,0.20342872096027217,-0.03348640533872812,3.0,False,7.729299832135439,20,26.168464988297544,-0.03348640533872812,0.1,60,-38.657699595840285,24.54312515255766,0.0027790210061571937,0.09946862149803683,-29.514328647129116,24.568530254780804,0.0027768647641034216,2.9516578103583027,1,"[{""id"": 134, ""x"": -71.6904296875, ""y"": 27.98271942138672, ""vx"": 8.292483366645342e-10, ""vy"": -1.9397208839144753e-10, ""r"": 2.5906050205230713}]"
340,17.0,-38.65107727050781,24.543161392211914,0.00037521586086573377,0.17264233550253902,0.005102884490042925,0.5,0.0,PlanStatus.OK,20,26.175087377889305,-0.03346856938192737,True,29.227302301036623,2.1246494929019903e-05,1.9186499937580946e-05,0.20342818805717394,-0.03346856938192737,3.0,False,10.465000057592988,20,26.175087377889305,-0.03346856938192737,0.1,60,-38.65107728180881,24.54316139218051,0.002779021006400388,0.17264233550253902,-29.29186332248937,24.56916586056737,0.00277691133740535,2.9528773722583757,1,"[{""id"": 134, ""x"": -71.6904296875, ""y"": 27.98271942138672, ""vx"": -3.9965028508781586e-10, ""vy"": -2.9701341386356717e-10, ""r"": 2.5906050205230713}]"
341,17.05,-38.638671875,24.543230056762695,0.0003113284728424418,0.3131612379350279,0.0052383108995854855,0.5,0.0,PlanStatus.OK,20,26.187492916313957,-0.033434379906626975,True,29.239633931169685,2.0519861623602864e-05,1.8965674746561703e-05,0.20342623178652347,-0.033434379906626975,3.0,False,7.542300038039684,20,26.187492916313957,-0.033434379906626975,0.1,60,-38.63867188708936,24.543230056729104,0.0027790210061785846,0.3131612379350279,-28.86496442655209,24.570385545798946,0.0027770005700667078,2.9552193539655804,1,"[{""id"": 134, ""x"": -71.6904296875, ""y"": 27.98271942138672, ""vx"": -1.1434568847334958e-09, ""vy"": -3.457040487209184e-10, ""r"": 2.5906050205230713}]"
342,17.1,-38.61977767944336,24.543363571166992,0.0002230184477087602,0.40682426840527974,0.0,0.0,1.0,PlanStatus.FAIL,20,26.206387409949965,-0.033353373316654486,False,29.258412890155462,0.8777062538109106,2.6137437372941057,7.6262851060955725,-0.033353373316654486,3.0,False,6.679999874904752,20,26.206387409949965,-0.033353373316654486,0.1,60,-38.61977769271878,24.543363571130104,0.0027790210062154405,0.40682426840527974,-28.57337883342537,24.649460035218166,0.2641513742220801,2.9567804044734243,1,"[{""id"": 134, ""x"": -71.6904296875, ""y"": 27.98271942138672, ""vx"": -9.834247860496248e-10, ""vy"": -4.946211842882242e-12, ""r"": 2.5906050205230713}]"
343,17.150000000000002,-38.61479568481445,24.543392181396484,9.60744303301014e-05,0.0001814439934399256,0.005695459898561239,0.5,0.0,PlanStatus.OK,20,26.211369464849344,-0.03333860824754288,True,29.26336520326555,1.6316702292420393e-05,1.4533483903710238e-05,0.2034219499676367,-0.03333860824754288,3.0,False,6.997900083661079,20,26.211369464849344,-0.03333860824754288,0.1,60,-38.614795698404315,24.543392181358723,0.0027790210069820764,0.0001814439934399256,-29.764299825760123,24.567983913314592,0.0027785543208501597,2.950003024066557,1,"[{""id"": 134, ""x"": -71.6904296875, ""y"": 27.98271942138672, ""vx"": 2.134294407873938e-10, ""vy"": 1.480689598709617e-10, ""r"": 2.5906050205230713}]"
344,17.2,-38.61380386352539,24.54339599609375,9.865435138147034e-05,0.09959242626370132,0.005689853802323341,0.5,0.0,PlanStatus.OK,20,26.212361292909623,-0.03333754985365697,True,29.264351311128472,1.4321017874232788e-05,1.8702268903547647e-05,0.2034223741813095,-0.03333754985365697,3.0,False,6.936999969184399,20,26.212361292909623,-0.03333754985365697,0.1,60,-38.61380387717858,24.543395996055814,0.0027790210061866614,0.09959242626370132,-29.470071277661173,24.56880200940064,0.002776873846267845,2.9516598737710633,1,"[{""id"": 134, ""x"": -71.6904296875, ""y"": 27.98271942138672, ""vx"": 5.853497131447227e-10, ""vy"": 1.802751559143445e-10, ""r"": 2.5906050205230713}]"
345,17.25,-38.60826873779297,24.543365478515625,0.0002470185940778575,0.16616350738856636,0.005374935921281576,0.5,0.0,PlanStatus.OK,20,26.217896312459406,-0.03338344952482384,True,29.26985991487367,1.314563778024774e-05,1.9469893104595744e-05,0.20342184794476711,-0.03338344952482384,3.0,False,6.79449993185699,20,26.217896312459406,-0.03338344952482384,0.1,60,-38.60826875182131,24.543365478476645,0.0027790210061872525,0.16616350738856636,-29.268169123758774,24.569316778319525,0.0027769160836091625,2.9527693917898086,1,"[{""id"": 134, ""x"": -71.6904296875, ""y"": 27.98271942138672, ""vx"": 9.572703740801103e-10, ""vy"": 2.1213043821521893e-10, ""r"": 2.5906050205230713}]"
346,17.3,-38.597267150878906,24.543447494506836,0.00013647533503121747,0.2663141491248242,0.005609408020973206,0.5,0.0,PlanStatus.OK,20,26.22889808481497,-0.033332007452096295,True,29.28079406470725,1.9392367642111263e-05,2.0899047631526765e-05,0.20342198591561536,-0.033332007452096295,3.0,False,7.100600050762296,20,26.22889808481497,-0.033332007452096295,0.1,60,-38.597267165592854,24.54344749446595,0.002779021006288822,0.2663141491248242,-28.961749763791463,24.570219142768718,0.0027769798640547077,2.9544385691520825,1,"[{""id"": 134, ""x"": -71.6904296875, ""y"": 27.98271942138672, ""vx"": 4.253687402311357e-10, ""vy"": -1.5115667051368575e-10, ""r"": 2.5906050205230713}]"
347,17.35,-38.57693862915039,24.543535232543945,-4.7936899621426287e-05,0.4473112332416212,0.0,0.0,1.0,PlanStatus.FAIL,20,26.249226771870912,-0.03330076306997842,False,29.301004686676173,1.0519475343261213,3.4376035435660666,8.678619323049627,-0.03330076306997842,3.5,False,6.871999939903617,20,26.249226771870912,-0.03330076306997842,0.1,60,-38.57693864515608,24.543535232499472,0.0027790210062239693,0.4473112332416212,-27.165194785535416,25.476570057746112,0.5311663016709536,3.4491218538873647,1,"[{""id"": 134, ""x"": -71.6904296875, ""y"": 27.98271942138672, ""vx"": -3.184231212038924e-10, ""vy"": -2.0567490766065788e-10, ""r"": 2.5906050205230713}]"
348,17.400000000000002,-38.57206344604492,24.54342269897461,0.0003008767358983442,0.0001885403520923349,0.005260856822133064,0.5,0.0,PlanStatus.OK,20,26.254101623418226,-0.03342684442358801,True,29.305865413492377,1.701426895708502e-05,1.78790886570801e-05,0.20341754643264065,-0.03342684442358801,3.0,False,6.984899984672666,20,26.254101623418226,-0.03342684442358801,0.1,60,-38.572063462425476,24.543422698929096,0.002779021006392748,0.0001885403520923349,-29.721550241510545,24.568014386191358,0.002778240911795652,2.950003142339204,1,"[{""id"": 134, ""x"": -71.6904296875, ""y"": 27.98271942138672, ""vx"": -1.0622155377504328e-09, ""vy"": -2.6005700370923535e-10, ""r"": 2.5906050205230713}]"
349,17.45,-38.57107162475586,24.543424606323242,0.0003032211759028871,0.09953252712630173,0.005255750380456448,0.5,0.0,PlanStatus.OK,20,26.25509344617795,-0.033427693370970527,True,29.306851732571488,1.868317664579956e-05,1.585865305095066e-05,0.20341780632862316,-0.033427693370970527,3.0,False,7.248899899423122,20,26.25509344617795,-0.033427693370970527,0.1,60,-38.57107164120077,24.54342460627755,0.0027790210060194814,0.09953252712630173,-29.427519379587856,24.568830028636448,0.002776882867251934,2.9516588754521047,1,"[{""id"": 134, ""x"": -71.6904296875, ""y"": 27.98271942138672, ""vx"": -6.758071879886529e-10, ""vy"": 9.838362069469753e-11, ""r"": 2.5906050205230713}]"
350,17.5,-38.56577682495117,24.543474197387695,0.00019139308467116273,0.1066516472373338,0.005493048578500748,0.5,0.0,PlanStatus.OK,20,26.260388363351325,-0.033392816838952004,True,29.31211309473845,2.233242914278406e-05,1.907412711971146e-05,0.203417846938219,-0.033392816838952004,3.0,False,7.0275000762194395,20,26.260388363351325,-0.033392816838952004,0.1,60,-38.56577684171991,24.5434741973411,0.0027790210061574717,0.1066516472373338,-29.401225418245318,24.568937921605873,0.0027768883070859954,2.9517775274539577,1,"[{""id"": 134, ""x"": -71.6904296875, ""y"": 27.98271942138672, ""vx"": -3.0388544458581634e-10, ""vy"": 1.3025447387349232e-10, ""r"": 2.5906050205230713}]"
351,17.55,-38.55378341674805,24.5435733795166,0.00016780245783638834,0.26264950054910347,0.0055429344065487385,0.5,0.0,PlanStatus.OK,20,26.27238200087105,-0.03332696498346668,True,29.324032159106693,1.4513865566086306e-05,1.955218443653456e-05,0.2034157803426768,-0.03332696498346668,3.0,False,7.253000047057867,20,26.27238200087105,-0.03332696498346668,0.1,60,-38.55378343425457,24.54357337946796,0.002779021006218824,0.26264950054910347,-28.9290794141421,24.570314911498592,0.002776986657230062,2.954377491675821,1,"[{""id"": 134, ""x"": -71.6904296875, ""y"": 27.98271942138672, ""vx"": 5.161995136893083e-11, ""vy"": 1.1758512219461892e-10, ""r"": 2.5906050205230713}]"
352,17.6,-38.5350227355957,24.54360008239746,0.0003597501510060466,0.4549043907592111,0.0,0.0,1.0,PlanStatus.FAIL,20,26.29114268378724,-0.03335239846562327,False,29.342689907113098,0.8931256161362179,2.868115961167067,7.380254011272962,-0.03335239846562327,3.5,False,7.827800000086427,20,26.29114268378724,-0.03335239846562327,0.1,60,-38.535022754322306,24.54360008234543,0.002779021006213471,0.4549043907592111,-27.109862120963733,25.509020811606863,0.5311792479419843,3.4492484065126483,1,"[{""id"": 134, ""x"": -71.6904296875, ""y"": 27.98271942138672, ""vx"": 4.236489214992645e-10, ""vy"": 1.6750825726496998e-10, ""r"": 2.5906050205230713}]"
353,17.650000000000002,-38.53070831298828,24.543697357177734,0.00013563046733115004,0.0001803717406384128,0.005611521657556295,0.5,0.0,PlanStatus.OK,20,26.29545736006293,-0.0332671139165983,True,29.346971273152022,1.6693829260906807e-05,1.6771602823983066e-05,0.20341259543741833,-0.0332671139165983,3.0,False,7.151799974963069,20,26.29545736006293,-0.0332671139165983,0.1,60,-38.53070833194381,24.54369735712507,0.0027790210060796377,0.0001803717406384128,-29.68022260306408,24.568288878521834,0.002777939108098049,2.9500030061956757,1,"[{""id"": 134, ""x"": -71.6904296875, ""y"": 27.98271942138672, ""vx"": 7.955696657013789e-10, ""vy"": 1.9936219342042705e-10, ""r"": 2.5906050205230713}]"
354,17.7,-38.52971649169922,24.543703079223633,0.0001381553013895119,0.09938893419138858,0.005606032442301512,0.5,0.0,PlanStatus.OK,20,26.29644919342376,-0.033264148181443964,True,29.347957212946426,1.565228525007979e-05,1.743038704101786e-05,0.20341249466200226,-0.033264148181443964,3.0,False,7.962800096720457,20,26.29644919342376,-0.033264148181443964,0.1,60,-38.52971651071669,24.543703079170793,0.0027790210061824057,0.09938893419138858,-29.386591086495233,24.569107229164615,0.0027768911319869406,2.9516564822365248,1,"[{""id"": 134, ""x"": -71.6904296875, ""y"": 27.98271942138672, ""vx"": 3.72916628132991e-11, ""vy"": -1.816079647776192e-10, ""r"": 2.5906050205230713}]"
355,17.75,-38.52490997314453,24.54372787475586,0.00012718527695189795,0.14373468971402573,0.005629257764667273,0.5,0.0,PlanStatus.OK,20,26.301255762325408,-0.03325271014380104,True,29.352735536475848,2.2458005085800983e-05,2.0735728352727113e-05,0.20341424968692368,-0.03325271014380104,3.0,False,8.724399842321873,20,26.301255762325408,-0.03325271014380104,0.1,60,-38.5249099924637,24.54372787470218,0.002779021006461917,0.14373468971402573,-29.250976363184584,24.569495261606555,0.002776919330149478,2.9523955781619033,1,"[{""id"": 134, ""x"": -71.6904296875, ""y"": 27.98271942138672, ""vx"": -7.065007467943474e-10, ""vy"": -2.360075468388345e-10, ""r"": 2.5906050205230713}]"
356,17.8,-38.51421356201172,24.54375648498535,0.00018765306958293495,0.2816740369176316,0.005500792060047388,0.5,0.0,PlanStatus.OK,20,26.311952211662607,-0.033253825537755015,True,29.3633719710742,2.1820386218013565e-05,1.8503511847673196e-05,0.2034117271951632,-0.033253825537755015,3.0,False,7.624899968504906,20,26.311952211662607,-0.033253825537755015,0.1,60,-38.51421358201751,24.543756484929766,0.0027790210062285485,0.2816740369176316,-28.83339518954655,24.570653769401904,0.0027770062271186505,2.9546945672819636,1,"[{""id"": 134, ""x"": -71.6904296875, ""y"": 27.98271942138672, ""vx"": -3.200923415214163e-10, ""vy"": 1.2243304980952274e-10, ""r"": 2.5906050205230713}]"
357,17.85,-38.495567321777344,24.543903350830078,0.00011182557988902163,0.4243012095853797,0.0,0.0,1.0,PlanStatus.FAIL,20,26.330598788037708,-0.033158778486744166,False,29.38190375606198,0.9851262867995418,3.2121765201077324,8.186806954243506,-0.033158778486744166,3.5,False,7.912299828603864,20,26.330598788037708,-0.033158778486744166,0.1,60,-38.49556734291837,24.54390335077134,0.0027790210061872187,0.4243012095853797,-27.15364537579147,25.48351881690706,0.5311675652267264,3.448738353493095,1,"[{""id"": 134, ""x"": -71.6904296875, ""y"": 27.98271942138672, ""vx"": 5.18283020667365e-11, ""vy"": 1.5430470790001038e-10, ""r"": 2.5906050205230713}]"
358,17.900000000000002,-38.49146270751953,24.543914794921875,0.00011709231253941795,0.0001707641200797004,0.005650861654430628,0.5,0.0,PlanStatus.OK,20,26.33470341824898,-0.03315874123370072,True,29.38598534422347,1.900837048158471e-05,1.7101210134972192e-05,0.20340874235830053,-0.03315874123370072,3.0,False,8.008999982848763,20,26.33470341824898,-0.03315874123370072,0.1,60,-38.49146272892301,24.54391479486241,0.002779021006523208,0.0001707641200797004,-29.641008553074638,24.568506144006133,0.0027776538267422915,2.9500028460686663,1,"[{""id"": 134, ""x"": -71.6904296875, ""y"": 27.98271942138672, ""vx"": 4.2374906361608566e-10, ""vy"": 1.8615788077713802e-10, ""r"": 2.5906050205230713}]"
359,17.95,-38.490474700927734,24.54391860961914,0.00011962269755915837,0.09940140332943614,0.005645360331982374,0.5,0.0,PlanStatus.OK,20,26.335691431626724,-0.03315767223870363,True,29.38696769992066,1.8969900371849513e-05,1.752597138429679e-05,0.2034086467156364,-0.03315767223870363,3.0,False,9.445399977266788,20,26.335691431626724,-0.03315767223870363,0.1,60,-38.49047472239371,24.5439186095595,0.0027790210064337203,0.09940140332943614,-29.34731565247831,24.569322770693585,0.0027768990887739437,2.9516566900554873,1,"[{""id"": 134, ""x"": -71.6904296875, ""y"": 27.98271942138672, ""vx"": -3.3452898784425145e-10, ""vy"": -1.9481243007657412e-10, ""r"": 2.5906050205230713}]"
360,18.0,-38.48408508300781,24.543956756591797,8.243232100212467e-05,0.1674928726369406,0.005724200047552586,0.5,0.0,PlanStatus.OK,20,26.342081130884388,-0.03313728227291633,True,29.39331939236819,2.0902729092742513e-05,1.7595244204949255e-05,0.2034082772343326,-0.03313728227291633,3.0,False,8.356200065463781,20,26.342081130884388,-0.03313728227291633,0.1,60,-38.484085104868925,24.54395675653106,0.0027790210062262257,0.1674928726369406,-29.14007413138714,24.569918661782506,0.002776942020071143,2.9527915478772853,1,"[{""id"": 134, ""x"": -71.6904296875, ""y"": 27.98271942138672, ""vx"": -1.4177532481340904e-09, ""vy"": -1.4874714793222665e-08, ""r"": 2.5906050205230713}]"
361,18.05,-38.47234344482422,24.544036865234375,1.2618519770728159e-05,0.2939063547369438,0.005872215609997511,0.5,0.0,PlanStatus.OK,20,26.353822946351237,-0.03308980415683403,True,29.404990345455893,1.6569960215302287e-05,1.7403051712594313e-05,0.20340613585299966,-0.03308980415683403,3.0,False,8.901699911803007,20,26.353822946351237,-0.03308980415683403,0.1,60,-38.47234346740331,24.54403686517164,0.0027790210064221723,0.2939063547369438,-28.75544591903136,24.57103426002186,0.0027770215021200276,2.9548984392456137,1,"[{""id"": 134, ""x"": -71.6904296875, ""y"": 27.98271942138672, ""vx"": -1.9680164164981306e-09, ""vy"": -3.9044706356961e-10, ""r"": 2.5906050205230713}]"
362,18.1,-38.45387268066406,24.544185638427734,-0.0001800296734347112,0.43356230178869365,0.0,0.0,1.0,PlanStatus.FAIL,20,26.372294052630274,-0.03299236211349015,False,29.423347673988424,0.9868604961603247,3.1700021625862584,8.039473256080164,-0.03299236211349015,3.5,False,8.535700151696801,20,26.372294052630274,-0.03299236211349015,0.1,60,-38.45387270435192,24.544185638361924,0.002779021006199344,0.43356230178869365,-27.094352803628357,25.518546623261116,0.5311792047411412,3.448892705029808,1,"[{""id"": 134, ""x"": -71.6904296875, ""y"": 27.98271942138672, ""vx"": -2.0341657247513467e-09, ""vy"": -2.661396623915291e-11, ""r"": 2.5906050205230713}]"
363,18.150000000000002,-38.448875427246094,24.544172286987305,-0.00011291802209203704,0.00018132347885594573,0.006138959899544716,0.5,0.0,PlanStatus.OK,20,26.37729124964758,-0.033019600956710526,True,29.4283197742104,1.789286920952762e-05,1.8877305409787347e-05,0.20340402800727997,-0.033019600956710526,3.0,False,8.791500004008412,20,26.37729124964758,-0.033019600956710526,0.1,60,-38.448875451271725,24.544172286920553,0.002779021006571244,0.00018132347885594573,-29.59839357825123,24.56876362148203,0.002777344973417733,2.950003022057981,1,"[{""id"": 134, ""x"": -71.6904296875, ""y"": 27.98271942138672, ""vx"": -1.6622482279515793e-09, ""vy"": 6.217567259658718e-12, ""r"": 2.5906050205230713}]"
364,18.2,-38.447879791259766,24.544174194335938,-0.0001102548610019578,0.09955329697333122,0.006133176852017641,0.5,0.0,PlanStatus.OK,20,26.37828688708984,-0.03302046050520063,True,29.42930992971808,1.6258329991876505e-05,1.6846965932176307e-05,0.20340357540553547,-0.03302046050520063,3.0,False,8.91220010817051,20,26.37828688708984,-0.03302046050520063,0.1,60,-38.44787981534943,24.544174194269008,0.0027790210064494794,0.09955329697333122,-29.30427604897165,24.56957950129253,0.002776907699870313,2.9516592216162265,1,"[{""id"": 134, ""x"": -71.6904296875, ""y"": 27.98271942138672, ""vx"": -9.554053104210425e-10, ""vy"": 9.243589782492734e-10, ""r"": 2.5906050205230713}]"
365,18.25,-38.44139862060547,24.544172286987305,-5.113269292952138e-05,0.1515652079763592,0.006007653195410967,0.5,0.0,PlanStatus.OK,20,26.38476802741669,-0.03304037913267923,True,29.43575690614984,1.9961538262988842e-05,1.7469373409530718e-05,0.2034031664768544,-0.03304037913267923,3.0,False,8.899400010704994,20,26.38476802741669,-0.03304037913267923,0.1,60,-38.44139864512264,24.54417228691919,0.002779021006175915,0.1515652079763592,-29.14437357637212,24.570003625685505,0.002776940807020137,2.9525260867996086,1,"[{""id"": 134, ""x"": -71.6904296875, ""y"": 27.98271942138672, ""vx"": 1.2853716702121432e-10, ""vy"": 1.1489045270707265e-09, ""r"": 2.5906050205230713}]"
366,18.3,-38.42934799194336,24.544246673583984,-0.00014966963700780786,0.2999082911870189,0.0,0.0,1.0,PlanStatus.FAIL,20,26.39681881626723,-0.03299948173032597,False,29.44773597774453,0.16489517175832985,0.4952057090660192,3.083681294694034,-0.03299948173032597,3.0,False,8.815599838271737,20,26.39681881626723,-0.03299948173032597,0.1,60,-38.42934801719711,24.544246673513822,0.0027790210062691024,0.2999082911870189,-28.681053461423875,24.586656207643827,0.05229754385626712,2.954998471519787,1,"[{""id"": 134, ""x"": -71.6904296875, ""y"": 27.98271942138672, ""vx"": 7.154429826350395e-10, ""vy"": 8.735737133669375e-11, ""r"": 2.5906050205230713}]"
367,18.35,-38.42795181274414,24.54425811767578,-0.00010279800994973593,8.45908793020975e-05,0.006117484997957945,0.5,0.0,PlanStatus.OK,20,26.398215021878467,-0.03299191768904839,True,29.449123579163498,2.4362189900752405e-05,1.8882225626716542e-05,0.20340314333820358,-0.03299191768904839,3.0,False,8.881299989297986,20,26.398215021878467,-0.03299191768904839,0.1,60,-38.42795183808093,24.544258117605388,0.002779021006005187,8.45908793020975e-05,-29.577757011223998,24.568848610259167,0.002777195870032809,2.950001409847991,1,"[{""id"": 134, ""x"": -71.6904296875, ""y"": 27.98271942138672, ""vx"": 2.0089319097138514e-09, ""vy"": 2.042640015464947e-11, ""r"": 2.5906050205230713}]"
368,18.400000000000002,-38.426963806152344,24.544261932373047,-0.00010013484885965669,0.09838725624579969,0.006111703347414732,0.5,0.0,PlanStatus.OK,20,26.39920303525621,-0.0329908486940513,True,29.450105956579563,1.4808105639408507e-05,1.813059049228863e-05,0.20340107395339954,-0.0329908486940513,3.0,False,8.6260000243783,20,26.39920303525621,-0.0329908486940513,0.1,60,-38.42696383155118,24.544261932302483,0.0027790210063120993,0.09838725624579969,-29.28680127423753,24.569657639716684,0.0027769112392406247,2.9516397876040945,1,"[{""id"": 134, ""x"": -71.6904296875, ""y"": 27.98271942138672, ""vx"": -9.411403600889656e-11, ""vy"": 7.922407174731916e-11, ""r"": 2.5906050205230713}]"
369,18.45,-38.42251968383789,24.544267654418945,-5.060006071150553e-05,0.16844725484920767,0.006006503477692604,0.5,0.0,PlanStatus.OK,20,26.403647156311457,-0.032997476963615664,True,29.45452593836132,1.6938517967922855e-05,1.523837494234355e-05,0.20340013694226997,-0.032997476963615664,3.0,False,9.712399914860725,20,26.403647156311457,-0.032997476963615664,0.1,60,-38.422519709524636,24.544267654347582,0.002779021006390053,0.16844725484920767,-29.07569838944478,24.570237237947786,0.002776954844922456,2.9528074542474907,1,"[{""id"": 134, ""x"": -71.6904296875, ""y"": 27.98271942138672, ""vx"": 5.175464223849957e-11, ""vy"": 1.3277152988155905e-10, ""r"": 2.5906050205230713}]"
370,18.5,-38.41259002685547,24.544349670410156,-0.0001624528102401882,0.21771671736475742,0.0062438081949949265,0.5,0.0,PlanStatus.OK,20,26.41357700287461,-0.03294305597892706,True,29.464394565125296,1.2771903968018795e-05,1.88333359974922e-05,0.2033990821919523,-0.03294305597892706,3.0,False,8.757999865338206,20,26.41357700287461,-0.03294305597892706,0.1,60,-38.41259005313071,24.54434967033716,0.0027790210062947477,0.21771671736475742,-28.92043707254376,24.57072282100065,0.0027769866460608432,2.9536286119560797,1,"[{""id"": 134, ""x"": -71.6904296875, ""y"": 27.98271942138672, ""vx"": -2.9406182350255605e-11, ""vy"": 9.265228168020556e-11, ""r"": 2.5906050205230713}]"
371,18.55,-38.39666748046875,24.54432487487793,1.3680327046882253e-05,0.3635061205903095,0.0,0.0,1.0,PlanStatus.FAIL,20,26.429499418869575,-0.03301210044933055,False,29.4802353802729,0.9208563293957456,3.191285433671277,7.370266836727356,-0.03301210044933055,4.0,False,8.183300029486418,20,26.429499418869575,-0.03301210044933055,0.1,60,-38.396667507812765,24.544324874801962,0.0027790210063432194,0.3635061205903095,-25.954386426805694,26.188500938802544,0.5314267099375197,3.939391768676503,1,"[{""id"": 134, ""x"": -71.6904296875, ""y"": 27.98271942138672, ""vx"": 1.1645910624746847e-10, ""vy"": 1.4965668981847813e-10, ""r"": 2.5906050205230713}]"
372,18.6,-38.39322280883789,24.54426383972168,0.00016807335775537795,0.0001434890094268158,0.0055426787585020065,0.5,0.0,PlanStatus.OK,20,26.432943907581155,-0.03308270817239482,True,29.48366809882257,1.3890759568027437e-05,2.0659113263120366e-05,0.2033974447460897,-0.03308270817239482,3.0,False,8.631199831143022,20,26.432943907581155,-0.03308270817239482,0.1,60,-38.393222836460154,24.54426383964494,0.002779021005675771,0.0001434890094268158,-29.542857203507516,24.568854732458444,0.0027769444938942696,2.950002391483488,1,"[{""id"": 134, ""x"": -71.6904296875, ""y"": 27.98271942138672, ""vx"": 3.745512233699344e-11, ""vy"": -4.1573983144971294e-10, ""r"": 2.5906050205230713}]"
373,18.650000000000002,-38.39223098754883,24.544269561767578,0.00017056560124986282,0.09931960500869572,0.0055372584611177444,0.5,0.0,PlanStatus.OK,20,26.433935740941987,-0.033079742437240475,True,29.48465408609897,2.4592617471088326e-05,2.0874178259578692e-05,0.20339945409169086,-0.033079742437240475,3.0,False,8.851800113916397,20,26.433935740941987,-0.033079742437240475,0.1,60,-38.392231015231886,24.54426956169067,0.0027790210063706835,0.09931960500869572,-29.249321259207704,24.569672825953035,0.0027769192175677924,2.9516553267501475,1,"[{""id"": 134, ""x"": -71.6904296875, ""y"": 27.98271942138672, ""vx"": 1.8102941368169922e-10, ""vy"": 1.303910174277334e-10, ""r"": 2.5906050205230713}]"
374,18.7,-38.38615798950195,24.544227600097656,0.00038226819881439296,0.16443925574374835,0.005087933968752623,0.5,0.0,PlanStatus.OK,20,26.440008598925914,-0.03313858091254833,True,29.49069927704908,2.345643628729957e-05,1.8890089257552443e-05,0.20339753759622117,-0.03313858091254833,3.0,False,8.245900040492415,20,26.440008598925914,-0.03313858091254833,0.1,60,-38.386158017622364,24.544227600019532,0.0027790210062600814,0.16443925574374835,-29.05116254613177,24.570164269634493,0.002776960467429549,2.9527406542623984,1,"[{""id"": 134, ""x"": -71.6904296875, ""y"": 27.98271942138672, ""vx"": 1.0019986229625744e-10, ""vy"": 1.2702616736248729e-10, ""r"": 2.5906050205230713}]"
375,18.75,-38.373844146728516,24.544340133666992,0.00021486710068037424,0.3183702120681517,0.0,0.0,1.0,PlanStatus.FAIL,20,26.452322706882487,-0.033060268161444806,False,29.502936480797374,0.79227384173784,2.3563613226935853,7.078235795603145,-0.033060268161444806,3.0,False,8.248199941590428,20,26.452322706882487,-0.033060268161444806,0.1,60,-38.3738441755676,24.54434013358687,0.002779021006274412,0.3183702120681517,-28.586430719118066,24.64213714482162,0.23841312822290356,2.955306170201132,1,"[{""id"": 134, ""x"": -71.6904296875, ""y"": 27.98271942138672, ""vx"": 1.937953270081394e-11, ""vy"": 1.1787788800621257e-10, ""r"": 2.5906050205230713}]"
376,18.8,-38.3720817565918,24.544384002685547,0.00011634168927294597,9.11959753121084e-05,0.0056524574756622314,0.5,0.0,PlanStatus.OK,20,26.454085212126547,-0.033021297025195705,True,29.50468505689151,1.9221960272374775e-05,2.0773906938770584e-05,0.20339611223360776,-0.033021297025195705,3.0,False,7.805100176483393,20,26.454085212126547,-0.033021297025195705,0.1,60,-38.37208178550912,24.54438400260521,0.002779021006700576,9.11959753121084e-05,-29.521872105009656,24.568974417309175,0.0027768627438971146,2.9500015199329193,1,"[{""id"": 134, ""x"": -71.6904296875, ""y"": 27.98271942138672, ""vx"": 0.0, ""vy"": 0.0, ""r"": 2.5906050205230713}]"
377,18.85,-38.37109375,24.544389724731445,0.00011883127513292016,0.09829805152790082,0.005647044163197279,0.5,0.0,PlanStatus.OK,20,26.455073230804842,-0.03301832068893374,True,29.505667256976757,1.7567115792214992e-05,2.0751454089069574e-05,0.20339561576497245,-0.03301832068893374,3.0,False,8.051699958741665,20,26.455073230804842,-0.03301832068893374,0.1,60,-38.37109377897763,24.54438972465094,0.002779021006152284,0.09829805152790082,-29.231199000936563,24.56978457263445,0.00277692279804445,2.9516383008588005,1,"[{""id"": 134, ""x"": -71.6904296875, ""y"": 27.98271942138672, ""vx"": -7.793521383803181e-11, ""vy"": 7.734920343116514e-11, ""r"": 2.5906050205230713}]"
378,18.900000000000002,-38.36682891845703,24.54440689086914,0.00012904688897170138,0.16151507900510526,0.005625290330499411,0.5,0.0,PlanStatus.OK,20,26.45933809358426,-0.03301300665871544,True,29.50990780127669,1.783087256809609e-05,1.7680880633574696e-05,0.2033943211659142,-0.03301300665871544,3.0,False,9.77130001410842,20,26.45933809358426,-0.03301300665871544,0.1,60,-38.36682894770153,24.544406890787894,0.002779021006261078,0.16151507900510526,-29.040460403265474,24.570319563973488,0.002776962186235692,2.952691917983421,1,"[{""id"": 134, ""x"": -71.6904296875, ""y"": 27.98271942138672, ""vx"": -1.5645816586751238e-10, ""vy"": -1.5854177692897764e-10, ""r"": 2.5906050205230713}]"
379,18.95,-38.35601806640625,24.54448890686035,3.1443841317759054e-05,0.23677564721473096,0.005832327529788017,0.5,0.0,PlanStatus.OK,20,26.470149131813063,-0.032961034530478335,True,29.52065316540093,1.3464973037296197e-05,1.776734662060995e-05,0.2033919047081522,-0.032961034530478335,3.0,False,8.87960009276867,20,26.470149131813063,-0.032961034530478335,0.1,60,-38.356018096291926,24.544488906777325,0.0027790210062078285,0.23677564721473096,-28.807650827054864,24.571018053886668,0.002777009997377354,2.95394626078691,1,"[{""id"": 134, ""x"": -71.6904296875, ""y"": 27.98271942138672, ""vx"": -2.2144923395028826e-10, ""vy"": -1.9697000974705503e-10, ""r"": 2.5906050205230713}]"
380,19.0,-38.33985900878906,24.54466438293457,-0.00014327806664626302,0.3561775067370453,0.0,0.0,1.0,PlanStatus.FAIL,20,26.486308614683498,-0.03283046543661267,False,29.53670899342609,0.8111432466611187,2.9777804032491666,8.122423737740771,-0.03283046543661267,4.5,False,8.213100023567677,20,26.486308614683498,-0.03283046543661267,0.1,60,-38.33985903957949,24.54466438284903,0.002779021006279592,0.3561775067370453,-24.655774971358206,26.95237705755476,0.5316972995606737,4.430936291778953,1,"[{""id"": 134, ""x"": -71.6904296875, ""y"": 27.98271942138672, ""vx"": -5.941287045674315e-11, ""vy"": -1.3838015455736041e-10, ""r"": 2.5906050205230713}]"
381,19.05,-38.33595657348633,24.544626235961914,-6.285059766220869e-05,0.00015257467461150933,0.006032716017216444,0.5,0.0,PlanStatus.OK,20,26.49021092890597,-0.03287945719768736,True,29.540594770002627,2.0745895864745443e-05,1.8562918953049685e-05,0.20339188140574427,-0.03287945719768736,3.0,False,8.3341000135988,20,26.49021092890597,-0.03287945719768736,0.1,60,-38.33595660457014,24.544626235875562,0.0027790210057686894,0.00015257467461150933,-29.485568733247742,24.569217068614574,0.0027768700760308573,2.9500025429112435,1,"[{""id"": 134, ""x"": -71.6904296875, ""y"": 27.98271942138672, ""vx"": -1.2407305738371122e-10, ""vy"": -1.4018317062713948e-10, ""r"": 2.5906050205230713}]"
382,19.1,-38.334964752197266,24.544628143310547,-6.018743657212945e-05,0.09927675085703595,0.006026932969689369,0.5,0.0,PlanStatus.OK,20,26.491202751665693,-0.03288030614506985,True,29.541581168410538,2.2676111488963363e-05,1.7701904972485145e-05,0.2033920712076165,-0.03288030614506985,3.0,False,7.980399997904897,20,26.491202751665693,-0.03288030614506985,0.1,60,-38.33496478334477,24.544628143224017,0.002779021006162467,0.09927675085703595,-29.1921858545891,24.570030925657928,0.0027769304405863837,2.951654612514287,1,"[{""id"": 134, ""x"": -71.6904296875, ""y"": 27.98271942138672, ""vx"": -5.955650556055403e-11, ""vy"": -5.551424320238141e-10, ""r"": 2.5906050205230713}]"
383,19.150000000000002,-38.330177307128906,24.544654846191406,-9.161273337140313e-05,0.1506473053873398,0.006093557924032211,0.5,0.0,PlanStatus.OK,20,26.49599025245522,-0.03286690776060605,True,29.546340648519177,1.8125906768305502e-05,1.8409060067543434e-05,0.20339025221336063,-0.03286690776060605,3.0,False,7.944999961182475,20,26.49599025245522,-0.03286690776060605,0.1,60,-38.330177338567175,24.54465484610407,0.002779021006353846,0.1506473053873398,-29.035868690340386,24.57047841433747,0.0027769625491604645,2.9525107884231185,1,"[{""id"": 134, ""x"": -71.6904296875, ""y"": 27.98271942138672, ""vx"": 3.1015037760262487e-10, ""vy"": 9.419374308317074e-11, ""r"": 2.5906050205230713}]"
384,19.200000000000003,-38.31995391845703,24.544628143310547,8.26014018227973e-05,0.27868461570230296,0.0,0.0,1.0,PlanStatus.FAIL,20,26.506213527441947,-0.032922021513656995,False,29.55651292639186,0.427832569076739,1.2759235808159337,4.75697072428491,-0.032922021513656995,3.0,False,8.478900184854865,20,26.506213527441947,-0.032922021513656995,0.1,60,-38.31995395059711,24.54462814322126,0.002779021006271835,0.27868461570230296,-28.64084815422153,24.610349558795043,0.1303693403511046,2.9546447435950345,1,"[{""id"": 134, ""x"": -71.6904296875, ""y"": 27.98271942138672, ""vx"": 6.820708997601344e-10, ""vy"": 1.260805071456872e-10, ""r"": 2.5906050205230713}]"
385,19.25,-38.31817626953125,24.54463768005371,3.9799702261795905e-05,7.486630114088955e-05,0.005814885720610619,0.5,0.0,PlanStatus.OK,20,26.507991196006152,-0.0329174249246663,True,29.558280238177012,1.4675776376107381e-05,1.79784766516939e-05,0.20338844137768428,-0.0329174249246663,3.0,False,8.003900060430169,20,26.507991196006152,-0.0329174249246663,0.1,60,-38.318176301779694,24.544637679964122,0.00277902100678702,7.486630114088955e-05,-29.468019145729667,24.569227834370523,0.002776873737837456,2.9500012477716844,1,"[{""id"": 134, ""x"": -71.6904296875, ""y"": 27.98271942138672, ""vx"": -1.2722284337129963e-09, ""vy"": -1.48630032725805e-08, ""r"": 2.5906050205230713}]"
386,19.3,-38.31718826293945,24.544641494750977,4.2380972448726834e-05,0.0983318095677391,0.0058092777617275715,0.5,0.0,PlanStatus.OK,20,26.508979209383895,-0.032916355929669176,True,29.559262652176542,2.5742146419337814e-05,1.8092765159843406e-05,0.2033904883877333,-0.032916355929669176,3.0,False,7.60670006275177,20,26.508979209383895,-0.032916355929669176,0.1,60,-38.31718829524957,24.544641494661217,0.002779021006403353,0.0983318095677391,-29.177198222802918,24.57003649597809,0.0027769336384735354,2.951638863492798,1,"[{""id"": 134, ""x"": -71.6904296875, ""y"": 27.98271942138672, ""vx"": -1.8224889375417774e-09, ""vy"": -3.7926567442170267e-10, ""r"": 2.5906050205230713}]"
387,19.35,-38.31287384033203,24.54466438293457,1.380121081233503e-05,0.16278930061411856,0.005869848653674126,0.5,0.0,PlanStatus.OK,20,26.513293678937938,-0.0329054576900803,True,29.56355201857474,2.5512150146514825e-05,1.9417432381863692e-05,0.2033903296311401,-0.0329054576900803,3.0,False,8.10610014013946,20,26.513293678937938,-0.0329054576900803,0.1,60,-38.31287387290524,24.54466438284408,0.0027790210063310043,0.16278930061411856,-28.982750924843604,24.570587372673135,0.002776973642587747,2.9527131550102337,1,"[{""id"": 134, ""x"": -71.6904296875, ""y"": 27.98271942138672, ""vx"": -2.1150030615757487e-09, ""vy"": -3.898790665313179e-11, ""r"": 2.5906050205230713}]"
388,19.400000000000002,-38.30234909057617,24.544748306274414,-0.00013741909599344337,0.2731826666573165,0.0,0.0,1.0,PlanStatus.FAIL,20,26.52381862127715,-0.03285078313731441,False,29.5740127952608,0.4356988898950732,1.2990583420893822,4.806901498797356,-0.03285078313731441,3.0,False,7.389699807390571,20,26.52381862127715,-0.03285078313731441,0.1,60,-38.302349123762056,24.544748306182225,0.0027790210062309645,0.2731826666573165,-28.639701682556534,24.611105237354504,0.13268281643598068,2.9545530444442907,1,"[{""id"": 134, ""x"": -71.6904296875, ""y"": 27.98271942138672, ""vx"": -1.7430964449616226e-09, ""vy"": -1.67029164479561e-13, ""r"": 2.5906050205230713}]"
389,19.450000000000003,-38.300724029541016,24.544721603393555,-6.870954799672169e-05,7.569913209323214e-05,0.006045150104910135,0.5,0.0,PlanStatus.OK,20,26.5254436018294,-0.032882001988001265,True,29.575632044378608,2.0624251454882044e-05,1.5381729943590022e-05,0.203387447192589,-0.032882001988001265,3.0,False,7.934400113299489,20,26.5254436018294,-0.032882001988001265,0.1,60,-38.300724062861484,24.54472160330099,0.0027790210064158917,7.569913209323214e-05,-29.450565852792835,24.56931172370525,0.0027768772833504695,2.9500012616522016,1,"[{""id"": 134, ""x"": -71.6904296875, ""y"": 27.98271942138672, ""vx"": -4.3345513289771986e-10, ""vy"": -3.2186939225020694e-10, ""r"": 2.5906050205230713}]"
390,19.5,-38.299739837646484,24.544723510742188,-6.604638690664245e-05,0.09812124129966958,0.006039368454366922,0.5,0.0,PlanStatus.OK,20,26.526427795224052,-0.03288282973316138,True,29.576610864949856,1.878094974187069e-05,1.6914954180315307e-05,0.20338692011326628,-0.03288282973316138,3.0,False,7.4881999753415585,20,26.526427795224052,-0.03288282973316138,0.1,60,-38.299739871030205,24.544723510649447,0.0027790210062812594,0.09812124129966958,-29.160372301134103,24.570116747386074,0.0027769369964501887,2.9516353540216596,1,"[{""id"": 134, ""x"": -71.6904296875, ""y"": 27.98271942138672, ""vx"": 5.15585241167571e-10, ""vy"": 9.706799808384403e-10, ""r"": 2.5906050205230713}]"
391,19.55,-38.295555114746094,24.544742584228516,-5.645901104601852e-05,0.15898826052337642,0.00601895060390234,0.5,0.0,PlanStatus.OK,20,26.530612554970784,-0.03287538573836119,True,29.58077163007823,2.0149349782729995e-05,1.9874683124185277e-05,0.20338735388944224,-0.03287538573836119,3.0,False,7.341299904510379,20,26.530612554970784,-0.03287538573836119,0.1,60,-38.29555514838758,24.544742584135058,0.002779021006259753,0.15898826052337642,-28.97664566282401,24.57063439905763,0.0027769747685716458,2.952649804342057,1,"[{""id"": 134, ""x"": -71.6904296875, ""y"": 27.98271942138672, ""vx"": 1.2646580449526823e-09, ""vy"": 2.9519411914868954e-10, ""r"": 2.5906050205230713}]"
392,19.6,-38.28501510620117,24.54473304748535,-4.740426740341044e-05,0.20332825828337325,0.0059996857307851315,0.5,0.0,PlanStatus.OK,20,26.541152496312936,-0.03291421331214964,True,29.591257217317036,2.7487653821002597e-05,1.9041957151403298e-05,0.2033865042398317,-0.03291421331214964,3.0,False,7.862300146371126,20,26.541152496312936,-0.03291421331214964,0.1,60,-38.28501514055142,24.544733047389926,0.002779021006277828,0.20332825828337325,-28.835314885888632,24.570988050812243,0.0027770040485277157,2.9533888043047254,1,"[{""id"": 134, ""x"": -71.6904296875, ""y"": 27.98271942138672, ""vx"": 1.636630608814471e-09, ""vy"": 3.130018744190721e-10, ""r"": 2.5906050205230713}]"
393,19.650000000000002,-38.26935958862305,24.544755935668945,3.3632524739176983e-06,0.34014611010828877,0.0,0.0,1.0,PlanStatus.FAIL,20,26.55680801704431,-0.03293483217314876,False,29.606828171908496,1.0817206477333339,3.5257281004460586,8.863317539125667,-0.03293483217314876,3.5,False,7.32080009765923,20,26.55680801704431,-0.03293483217314876,0.1,60,-38.269359623989196,24.5447559355707,0.002779021006208603,0.34014611010828877,-27.172693933578756,25.4725845896361,0.5311612290958594,3.4473357685018073,1,"[{""id"": 134, ""x"": -71.6904296875, ""y"": 27.98271942138672, ""vx"": 5.1619961777271683e-11, ""vy"": 1.1758512219461892e-10, ""r"": 2.5906050205230713}]"
394,19.700000000000003,-38.26566696166992,24.544729232788086,9.875509767319588e-05,0.00014780097050212684,0.0056897797621786594,0.5,0.0,PlanStatus.OK,20,26.560500555530673,-0.03297179682555844,True,29.610504149161507,2.1679407614427383e-05,1.6306805361914964e-05,0.20338333842812312,-0.03297179682555844,3.0,False,8.014800027012825,20,26.560500555530673,-0.03297179682555844,0.1,60,-38.26566699731056,24.54472923268908,0.00277902100555185,0.00014780097050212684,-29.415299078864077,24.56931986152258,0.0027768846899295183,2.950002463349506,1,"[{""id"": 134, ""x"": -71.6904296875, ""y"": 27.98271942138672, ""vx"": 4.236489492548401e-10, ""vy"": 1.675082988983334e-10, ""r"": 2.5906050205230713}]"
395,19.75,-38.26467514038086,24.54473114013672,0.00010129035908653385,0.09924073178577814,0.005684268195182085,0.5,0.0,PlanStatus.OK,20,26.561492378290396,-0.03297264577293737,True,29.611490570080235,2.4989900702863433e-05,1.8792101004008223e-05,0.20338407321765892,-0.03297264577293737,3.0,False,7.278800010681152,20,26.561492378290396,-0.03297264577293737,0.1,60,-38.26467517608548,24.544731140037534,0.002779021006235368,0.09924073178577814,-29.122008434013267,24.570133466771882,0.0027769452053752236,2.951654012196429,1,"[{""id"": 134, ""x"": -71.6904296875, ""y"": 27.98271942138672, ""vx"": -3.3462912996107264e-10, ""vy"": -2.1346138745492738e-10, ""r"": 2.5906050205230713}]"
396,19.8,-38.25979995727539,24.54469871520996,0.00027632250117940187,0.15578231965939277,0.00531277060508728,0.5,0.0,PlanStatus.OK,20,26.566367452461026,-0.03301861879330887,True,29.61634348904599,2.2046570798412793e-05,2.115789954687617e-05,0.2033838580163909,-0.03301861879330887,3.0,False,8.982100058346987,20,26.566367452461026,-0.03301861879330887,0.1,60,-38.25979999334023,24.544698715109774,0.002779021006386739,0.15578231965939277,-28.950350471162842,24.570564187935716,0.0027769808330045183,2.9525963719943267,1,"[{""id"": 134, ""x"": -71.6904296875, ""y"": 27.98271942138672, ""vx"": -1.7459590717638918e-10, ""vy"": 1.272787292228017e-10, ""r"": 2.5906050205230713}]"
397,19.85,-38.24882507324219,24.544851303100586,2.3034439603851697e-05,0.2844065006127331,0.0,0.0,1.0,PlanStatus.FAIL,20,26.57734271815938,-0.03289653088590683,False,29.627245207086574,0.9345150680322336,3.2834910563168527,7.641701255285533,-0.03289653088590683,4.0,False,7.392599945887923,20,26.57734271815938,-0.03289653088590683,0.1,60,-38.24882510986997,24.544851302998836,0.002779021006308798,0.2844065006127331,-26.027946779061143,26.145386991126344,0.5314086608919498,3.9380734416768837,1,"[{""id"": 134, ""x"": -71.6904296875, ""y"": 27.98271942138672, ""vx"": 1.9732415701412265e-10, ""vy"": 1.592689313767437e-10, ""r"": 2.5906050205230713}]"
398,19.900000000000002,-38.24717330932617,24.544803619384766,0.00014401310170786814,7.585011853075372e-05,0.005593739915639162,0.5,0.0,PlanStatus.OK,20,26.578994343183272,-0.03294880469831027,True,29.628893187775702,1.617722237479324e-05,1.779145477805947e-05,0.20338031841218238,-0.03294880469831027,3.0,False,7.246900117024779,20,26.578994343183272,-0.03294880469831027,0.1,60,-38.24717334611711,24.544803619282565,0.0027790210062955505,7.585011853075372e-05,-29.39701916379494,24.569393615662886,0.002776888422030858,2.9500012641686384,1,"[{""id"": 134, ""x"": -71.6904296875, ""y"": 27.98271942138672, ""vx"": -3.3457750459042757e-10, ""vy"": -2.0401955125315396e-10, ""r"": 2.5906050205230713}]"
399,19.950000000000003,-38.24618911743164,24.544809341430664,0.0001464921789396396,0.09825745203941695,0.005588348489254713,0.5,0.0,PlanStatus.OK,20,26.579978547179035,-0.0329458177609371,True,29.629871635264017,2.6076385292271977e-05,1.7065032704927444e-05,0.20338204037507818,-0.0329458177609371,3.0,False,7.597800111398101,20,26.579978547179035,-0.0329458177609371,0.1,60,-38.24618915428177,24.544809341328296,0.0027790210062155415,0.09825745203941695,-29.106424312235166,24.57020357170701,0.0027769483257946833,2.9516376242006594,1,"[{""id"": 134, ""x"": -71.6904296875, ""y"": 27.98271942138672, ""vx"": 5.1831476610697536e-11, ""vy"": 1.5428401611838893e-10, ""r"": 2.5906050205230713}]"
400,20.0,-38.24191665649414,24.54482650756836,0.00015773941822595203,0.16198326802369134,0.005564405117183924,0.5,0.0,PlanStatus.OK,20,26.584251039323522,-0.03294052493293755,True,29.634119947720677,2.633489090900121e-05,1.82892538294014e-05,0.20338227727026179,-0.03294052493293755,3.0,False,8.048600051552057,20,26.584251039323522,-0.03294052493293755,0.1,60,-38.241916693609774,24.544826507465256,0.002779021006196056,0.16198326802369134,-28.91417725296913,24.570742735724508,0.002776987934307213,2.952699721133726,1,"[{""id"": 134, ""x"": -71.6904296875, ""y"": 27.98271942138672, ""vx"": -2.5568325234814893e-10, ""vy"": 8.391651956651813e-11, ""r"": 2.5906050205230713}]"
401,20.05,-38.23033142089844,24.544801712036133,0.000382803691849986,0.2676448314475752,0.0,0.0,1.0,PlanStatus.FAIL,20,26.595836161275894,-0.032997515941055766,False,29.645647024706413,0.7573559939729179,2.2514414477762568,6.85386162119224,-0.032997515941055766,3.0,False,7.321200100705028,20,26.595836161275894,-0.032997515941055766,0.1,60,-38.23033145881553,24.544801711930802,0.0027790210063772733,0.2676448314475752,-28.59173181739286,24.63909765169811,0.22792113918645404,2.9544607471907947,1,"[{""id"": 134, ""x"": -71.6904296875, ""y"": 27.98271942138672, ""vx"": 1.1654327503052286e-10, ""vy"": 1.6531481739079368e-10, ""r"": 2.5906050205230713}]"
402,20.1,-38.22844696044922,24.544824600219727,0.00035963477553352835,8.840368345450805e-05,0.005136176943778992,0.5,0.0,PlanStatus.OK,20,26.597720678054976,-0.03297986479427787,True,29.64751927741233,2.5071320535003123e-05,1.8827398503258944e-05,0.20338010000990217,-0.03297986479427787,3.0,False,7.894899928942323,20,26.597720678054976,-0.03297986479427787,0.1,60,-38.228446998465884,24.544824600114122,0.002779021006754192,8.840368345450805e-05,-29.378257363401705,24.56941465563386,0.002776892349820028,2.950001473394727,1,"[{""id"": 134, ""x"": -71.6904296875, ""y"": 27.98271942138672, ""vx"": 6.790304429848959e-11, ""vy"": 1.3635266526978995e-10, ""r"": 2.5906050205230713}]"
403,20.150000000000002,-38.22746658325195,24.54482650756836,0.000361905321920423,0.09806051964129368,0.005131228361278772,0.5,0.0,PlanStatus.OK,20,26.598701056767094,-0.03298068193833035,True,29.64849432614998,1.7414359804318883e-05,1.5231287142027268e-05,0.203378009308554,-0.03298068193833035,3.0,False,7.73969991132617,20,26.598701056767094,-0.03298068193833035,0.1,60,-38.227466621331914,24.544826507462577,0.0027790210062053644,0.09806051964129368,-29.088284285924683,24.57021908208575,0.0027769521954476425,2.951634341994023,1,"[{""id"": 134, ""x"": -71.6904296875, ""y"": 27.98271942138672, ""vx"": -1.2920939491956052e-11, ""vy"": 1.2785938974246847e-10, ""r"": 2.5906050205230713}]"
404,20.200000000000003,-38.22333908081055,24.54483985900879,0.0003733720314279161,0.15614427924148325,0.00510682538151741,0.5,0.0,PlanStatus.OK,20,26.602828580374133,-0.032978800950678316,True,29.652598854795237,2.0292424874086446e-05,1.8176492091390162e-05,0.203378949535952,-0.032978800950678316,3.0,False,9.023800026625395,20,26.602828580374133,-0.032978800950678316,0.1,60,-38.22333911915085,24.544839858902286,0.00277902100642537,0.15614427924148325,-28.91282482667623,24.570708215381636,0.002776988397636846,2.9526024046540265,1,"[{""id"": 134, ""x"": -71.6904296875, ""y"": 27.98271942138672, ""vx"": -9.40727148956988e-11, ""vy"": 8.19842665977788e-11, ""r"": 2.5906050205230713}]"
405,20.25,-38.21329116821289,24.54486846923828,0.00041767952882255254,0.2618562850960335,0.0,0.0,1.0,PlanStatus.FAIL,20,26.612876533680335,-0.032978114155898366,False,29.66259126154928,0.7572177702205846,2.2508845512004414,6.852746810716301,-0.032978114155898366,3.0,False,7.4437998700886965,20,26.612876533680335,-0.032978114155898366,0.1,60,-38.213291207191446,24.544868469130005,0.0027790210062923187,0.2618562850960335,-28.59177230777248,24.639096377314363,0.22786544942897086,2.9543642714182647,1,"[{""id"": 134, ""x"": -71.6904296875, ""y"": 27.98271942138672, ""vx"": -1.7490468795511305e-10, ""vy"": 7.870640944540597e-11, ""r"": 2.5906050205230713}]"
406,20.3,-38.211631774902344,24.54486846923828,0.00042938254836378327,7.809647639092828e-05,0.004988167900592089,0.5,0.0,PlanStatus.OK,20,26.614535920583176,-0.032982725638831575,True,29.66424197400574,2.8476988418454516e-05,1.8430142622273202e-05,0.20337871449491504,-0.032982725638831575,3.0,False,8.189799962565303,20,26.614535920583176,-0.032982725638831575,0.1,60,-38.2116318139919,24.544868469129696,0.0027790210065686853,7.809647639092828e-05,-29.36147397204468,24.56945840111113,0.0027768958201050916,2.9500013016079407,1,"[{""id"": 134, ""x"": -71.6904296875, ""y"": 27.98271942138672, ""vx"": -2.706185449341536e-11, ""vy"": -1.336349086944466e-10, ""r"": 2.5906050205230713}]"
407,20.35,-38.21064758300781,24.544872283935547,0.0004315640518035865,0.09795908520608207,0.004983408376574516,0.5,0.0,PlanStatus.OK,20,26.615520119278383,-0.032981646042723266,True,29.6652206280029,2.1476217409392236e-05,1.6642528453828312e-05,0.20337697555062378,-0.032981646042723266,3.0,False,7.843400118872523,20,26.615520119278383,-0.032981646042723266,0.1,60,-38.21064762215869,24.54487228382679,0.0027790210063043195,0.09795908520608207,-29.071765880817345,24.570263989449977,0.0027769556091389366,2.951632651420099,1,"[{""id"": 134, ""x"": -71.6904296875, ""y"": 27.98271942138672, ""vx"": -1.1074646755204753e-09, ""vy"": -8.372335047468482e-10, ""r"": 2.5906050205230713}]"
408,20.400000000000002,-38.206703186035156,24.544906616210938,0.0003620258013515733,0.1406726436401671,0.0051309214904904366,0.5,0.0,PlanStatus.OK,20,26.619464596429836,-0.032958275447842446,True,29.66914088868301,1.924160797115032e-05,2.0467967733095623e-05,0.20337718873878255,-0.032958275447842446,3.0,False,8.28919978812337,20,26.619464596429836,-0.032958275447842446,0.1,60,-38.206703225409,24.544906616101564,0.002779021006118097,0.1406726436401671,-28.941827642419632,24.570648199426557,0.0027769823187382436,2.9523445440606677,1,"[{""id"": 134, ""x"": -71.6904296875, ""y"": 27.98271942138672, ""vx"": -2.3234629775714666e-09, ""vy"": -3.678590487776745e-10, ""r"": 2.5906050205230713}]"
409,20.450000000000003,-38.19740295410156,24.544958114624023,0.0002883445994083661,0.18968456854757798,0.005287221632897854,0.5,0.0,PlanStatus.OK,20,26.62876493556579,-0.03293262274025283,True,29.67838724078714,2.5287939247602383e-05,1.792819550551581e-05,0.20337621442682155,-0.03293262274025283,3.0,False,8.258000016212463,20,26.62876493556579,-0.03293262274025283,0.1,60,-38.19740299403544,24.544958114513094,0.0027790210063105753,0.18968456854757798,-28.787955410569605,24.571101160839785,0.0027770139104888276,2.9531614094757925,1,"[{""id"": 134, ""x"": -71.6904296875, ""y"": 27.98271942138672, ""vx"": -3.1964753066660023e-09, ""vy"": -4.745510095993666e-10, ""r"": 2.5906050205230713}]"
410,20.5,-38.18172836303711,24.545063018798828,0.00020198633455746146,0.3621609478042026,0.0,0.0,1.0,PlanStatus.FAIL,20,26.644439757633712,-0.03287127893229433,False,29.693969242145307,0.9678416351157461,2.8395807999920155,8.073086670355375,-0.03287127893229433,3.0,False,10.720600141212344,20,26.644439757633712,-0.03287127893229433,0.1,60,-38.18172840389029,24.545063018685347,0.0027790210063210834,0.3621609478042026,-28.310148718204395,24.804572204165083,0.5309116143897762,2.956036015796733,1,"[{""id"": 134, ""x"": -71.6904296875, ""y"": 27.98271942138672, ""vx"": -3.185011421269479e-10, ""vy"": -2.136765070437363e-10, ""r"": 2.5906050205230713}]"
411,20.55,-38.17993927001953,24.545082092285156,0.00013479766870523656,0.00011944561813064372,0.0056132972240448,0.5,0.0,PlanStatus.OK,20,26.6462288967483,-0.03285717744029862,True,29.695747047975246,2.031804763608831e-05,1.5009290891807893e-05,0.20337363113224627,-0.03285717744029862,3.0,False,8.296999847516418,20,26.6462288967483,-0.03285717744029862,0.1,60,-38.17993931096856,24.54508209217141,0.002779021006453449,0.00011944561813064372,-29.32966195632079,24.569672289650512,0.0027769021133934608,2.9500019907603052,1,"[{""id"": 134, ""x"": -71.6904296875, ""y"": 27.98271942138672, ""vx"": -1.0622841495333546e-09, ""vy"": -2.724895864503196e-10, ""r"": 2.5906050205230713}]"
412,20.6,-38.17894744873047,24.545087814331055,0.00013730316786298412,0.09897433925648923,0.005607848986983299,0.5,0.0,PlanStatus.OK,20,26.647220730109133,-0.032854211705144264,True,29.69673310758506,2.517230696641692e-05,1.8336766420897106e-05,0.20337451269692552,-0.032854211705144264,3.0,False,8.219900075346231,20,26.647220730109133,-0.032854211705144264,0.1,60,-38.17894748973864,24.545087814217144,0.002779021006192698,0.09897433925648923,-29.037073369258554,24.570487765023866,0.002776962259208189,2.951649572320941,1,"[{""id"": 134, ""x"": -71.6904296875, ""y"": 27.98271942138672, ""vx"": -5.950160919532266e-10, ""vy"": -3.1509500564297355e-10, ""r"": 2.5906050205230713}]"
413,20.650000000000002,-38.173797607421875,24.545108795166016,0.00011816555800630431,0.17058858500338742,0.0056483750231564045,0.5,0.0,PlanStatus.OK,20,26.652370609837842,-0.03284754244995174,True,29.701853928615613,2.168823238678158e-05,1.8693172669204637e-05,0.20337296226087834,-0.03284754244995174,3.0,False,8.263899944722652,20,26.652370609837842,-0.03284754244995174,0.1,60,-38.17379764874795,24.54510879505122,0.0027790210064360856,0.17058858500338742,-28.820680087511672,24.571095363186593,0.0027770067111602334,2.9528431430833937,1,"[{""id"": 134, ""x"": -71.6904296875, ""y"": 27.98271942138672, ""vx"": -6.207361707977199e-11, ""vy"": 3.2124363932850564e-12, ""r"": 2.5906050205230713}]"
414,20.700000000000003,-38.16251754760742,24.545108795166016,0.0003453721369929398,0.24934102471980682,0.0,0.0,1.0,PlanStatus.FAIL,20,26.66365062609461,-0.0328788899327785,False,29.713075141395528,0.8376900499479417,2.489841738523566,7.364309713735716,-0.0328788899327785,3.0,False,8.005700074136257,20,26.66365062609461,-0.0328788899327785,0.1,60,-38.162517589688186,24.545108795049124,0.002779021006356117,0.24934102471980682,-28.579904501590246,24.646178992814587,0.25176117052734215,2.9541556837453258,1,"[{""id"": 134, ""x"": -71.6904296875, ""y"": 27.98271942138672, ""vx"": 3.098465650719362e-10, ""vy"": 3.5169599871265333e-11, ""r"": 2.5906050205230713}]"
415,20.75,-38.16074752807617,24.545122146606445,0.0003335909000984042,8.722746056589877e-05,0.005191445350646973,0.5,0.0,PlanStatus.OK,20,26.665420675894858,-0.03287045745903215,True,29.714834568772552,3.102614040745539e-05,1.7842218313049614e-05,0.2033738155709435,-0.03287045745903215,3.0,False,8.253299864009023,20,26.665420675894858,-0.03287045745903215,0.1,60,-38.16074757025835,24.545122146489273,0.0027790210065265566,8.722746056589877e-05,-29.310566844316003,24.569712035601512,0.0027769060711668797,2.9500014537910055,1,"[{""id"": 134, ""x"": -71.6904296875, ""y"": 27.98271942138672, ""vx"": 6.817674202963531e-10, ""vy"": 6.702285254567286e-11, ""r"": 2.5906050205230713}]"
416,20.8,-38.15975570678711,24.54512596130371,0.0003358799442716789,0.09827562506660932,0.005186457186937332,0.5,0.0,PlanStatus.OK,20,26.666412503955137,-0.03286939906514619,True,29.715820829239618,1.8232864296925913e-05,1.7618389616018762e-05,0.20337114655243796,-0.03286939906514619,3.0,False,8.090900024399161,20,26.666412503955137,-0.03286939906514619,0.1,60,-38.15975574903079,24.54512596118637,0.0027790210062501506,0.09827562506660932,-29.019944264736896,24.570520145185256,0.0027769658444402245,2.9516379270844473,1,"[{""id"": 134, ""x"": -71.6904296875, ""y"": 27.98271942138672, ""vx"": 1.053689135943614e-09, ""vy"": 9.8876205834042e-11, ""r"": 2.5906050205230713}]"
417,20.85,-38.1555061340332,24.545141220092773,0.0003454297759652629,0.1614224504290336,0.0051661161705851555,0.5,0.0,PlanStatus.OK,20,26.670662102703858,-0.03286594997175504,True,29.72004669042193,1.680612654404869e-05,1.817807310738103e-05,0.20336986874291954,-0.03286594997175504,3.0,False,8.213100023567677,20,26.670662102703858,-0.03286594997175504,0.1,60,-38.15550617654181,24.545141219974695,0.00277902100621548,0.1614224504290336,-28.82942793380087,24.5710526625031,0.0027770050120042846,2.9526903741738146,1,"[{""id"": 134, ""x"": -71.6904296875, ""y"": 27.98271942138672, ""vx"": 1.425610851590875e-09, ""vy"": 1.3072953830572942e-10, ""r"": 2.5906050205230713}]"
418,20.900000000000002,-38.14461898803711,24.54520606994629,0.00027980041011176093,0.24773699116566292,0.0,0.0,1.0,PlanStatus.FAIL,20,26.681549386878366,-0.03283135593712857,False,29.73087049036073,0.9424090518371708,3.306732661500214,7.689712280149502,-0.03283135593712857,4.0,False,7.648000027984381,20,26.681549386878366,-0.03283135593712857,0.1,60,-38.14461903119032,24.54520606982642,0.0027790210063456536,0.24773699116566292,-26.031378338410565,26.14344319135546,0.5314068189403881,3.9374622831860884,1,"[{""id"": 134, ""x"": -71.6904296875, ""y"": 27.98271942138672, ""vx"": 0.0, ""vy"": 0.0, ""r"": 2.5906050205230713}]"
419,20.950000000000003,-38.14297866821289,24.545236587524414,0.00019102956578311017,7.734346500909387e-05,0.005493970587849617,0.5,0.0,PlanStatus.OK,20,26.68318978517741,-0.03280539695422902,True,29.732499154883982,2.5446337907536136e-05,1.801934529688503e-05,0.20337089125838795,-0.03280539695422902,3.0,False,7.687200093641877,20,26.68318978517741,-0.03280539695422902,0.1,60,-38.14297871143577,24.545236587404354,0.0027790210060712303,7.734346500909387e-05,-29.292828513820442,24.569826354674134,0.0027769095636168925,2.9500012890577536,1,"[{""id"": 134, ""x"": -71.6904296875, ""y"": 27.98271942138672, ""vx"": -3.0398986106128234e-10, ""vy"": 1.0154324603384168e-10, ""r"": 2.5906050205230713}]"
420,21.0,-38.14199447631836,24.545238494873047,0.00019342961292931056,0.09806363970687434,0.005488746799528599,0.5,0.0,PlanStatus.OK,20,26.684173978572066,-0.03280622469938912,True,29.73347802609888,2.869109016506733e-05,1.801232558543229e-05,0.2033714243040873,-0.03280622469938912,3.0,False,7.726999931037426,20,26.684173978572066,-0.03280622469938912,0.1,60,-38.14199451960459,24.54523849475281,0.002779021006409156,0.09806363970687434,-29.0028096673465,24.570630902524986,0.0027769691024919795,2.951634393995112,1,"[{""id"": 134, ""x"": -71.6904296875, ""y"": 27.98271942138672, ""vx"": 6.7916734736162e-11, ""vy"": 1.403504951147383e-10, ""r"": 2.5906050205230713}]"
421,21.05,-38.137840270996094,24.545257568359375,0.00020124699201484514,0.15724902261290277,0.00547208683565259,0.5,0.0,PlanStatus.OK,20,26.688328220858516,-0.03279869589570651,True,29.73760865323443,2.5408961411529053e-05,1.8915094450928406e-05,0.20336966681227517,-0.03279869589570651,3.0,False,7.584600010886788,20,26.688328220858516,-0.03279869589570651,0.1,60,-38.13784031453516,24.545257568238437,0.0027790210063874258,0.15724902261290277,-28.824073906725225,24.57113478499085,0.0027770057543967,2.9526208170435475,1,"[{""id"": 134, ""x"": -71.6904296875, ""y"": 27.98271942138672, ""vx"": 2.1545040751469458e-10, ""vy"": -1.20696660999009e-10, ""r"": 2.5906050205230713}]"
422,21.1,-38.12749099731445,24.54530906677246,0.00021134345117607007,0.2052805427118992,0.0,0.0,1.0,PlanStatus.FAIL,20,26.698677597691667,-0.03277595849342118,False,29.747898806758926,0.2914430041192753,0.8711480858279564,3.8875852978779823,-0.03277595849342118,3.0,False,8.770399959757924,20,26.698677597691667,-0.03277595849342118,0.1,60,-38.12749104147752,24.54530906664979,0.0027790210063775495,0.2052805427118992,-28.661633532373028,24.598316295651724,0.08989178528905623,2.95342134237853,1,"[{""id"": 134, ""x"": -71.6904296875, ""y"": 27.98271942138672, ""vx"": -3.0426014485662733e-10, ""vy"": 6.814266512167322e-11, ""r"": 2.5906050205230713}]"
423,21.150000000000002,-38.125816345214844,24.54534339904785,0.00013706741048718753,7.894780413429417e-05,0.0056084818206727505,0.5,0.0,PlanStatus.OK,20,26.70035233873464,-0.0327462802379783,True,29.749561247114876,2.0321088696725922e-05,1.8982491424546742e-05,0.20336812184225048,-0.0327462802379783,3.0,False,7.969300029799342,20,26.70035233873464,-0.0327462802379783,0.1,60,-38.125816389443685,24.545343398925,0.0027790210060070243,7.894780413429417e-05,-29.27566278525839,24.569933139910688,0.0027769129392591066,2.9500013157967335,1,"[{""id"": 134, ""x"": -71.6904296875, ""y"": 27.98271942138672, ""vx"": 6.796577883827482e-11, ""vy"": 1.4967163619594714e-10, ""r"": 2.5906050205230713}]"
424,21.200000000000003,-38.12483215332031,24.54534912109375,0.00013953473561038887,0.0980516423855332,0.005603116005659103,0.5,0.0,PlanStatus.OK,20,26.701336542730402,-0.032743293300601564,True,29.75053973533361,2.9900653941633278e-05,1.9246149631940192e-05,0.20336992157518718,-0.032743293300601564,3.0,False,7.583700120449066,20,26.701336542730402,-0.032743293300601564,0.1,60,-38.12483219760727,24.545349120970734,0.0027790210065714504,0.0980516423855332,-28.98568400935405,24.570741392121686,0.0027769723461913945,2.9516341940397623,1,"[{""id"": 134, ""x"": -71.6904296875, ""y"": 27.98271942138672, ""vx"": -1.2851604329344735e-11, ""vy"": 1.3956907851664369e-10, ""r"": 2.5906050205230713}]"
425,21.25,-38.120697021484375,24.545366287231445,0.00014805402279035587,0.15659835222994659,0.005584966856986284,0.5,0.0,PlanStatus.OK,20,26.70547170630362,-0.03273761883263857,True,29.75465160684722,3.360095095750854e-05,1.8796828535911497e-05,0.2033692815816979,-0.03273761883263857,3.0,False,7.5205999892205,20,26.70547170630362,-0.03273761883263857,0.1,60,-38.12069706602473,24.545366287107726,0.002779021006220532,0.15659835222994659,-28.808851220890784,24.57123813617151,0.0027770085471563316,2.952609972537168,1,"[{""id"": 134, ""x"": -71.6904296875, ""y"": 27.98271942138672, ""vx"": -9.401587841573189e-11, ""vy"": 1.0028802788220048e-10, ""r"": 2.5906050205230713}]"
426,21.3,-38.11063003540039,24.545368194580078,0.0002421805451886224,0.21934463993086212,0.0,0.0,1.0,PlanStatus.FAIL,20,26.715538658814733,-0.03276368782115441,False,29.764666050763374,0.625745253406117,1.860159142051442,6.014612791404614,-0.03276368782115441,3.0,False,9.821100160479546,20,26.715538658814733,-0.03276368782115441,0.1,60,-38.1106300806123,24.545368194454497,0.0027790210062354987,0.21934463993086212,-28.61144637519455,24.627794513649487,0.18879290281226616,2.9536557439988447,1,"[{""id"": 134, ""x"": -71.6904296875, ""y"": 27.98271942138672, ""vx"": -1.7484604042383722e-10, ""vy"": 9.628867841948718e-11, ""r"": 2.5906050205230713}]"
427,21.35,-38.10880661010742,24.545368194580078,0.0002057002609399423,7.790594225354681e-05,0.005462838802486658,0.5,0.0,PlanStatus.OK,20,26.717362077066586,-0.03276875515182568,True,29.76647999765604,3.1678414277818184e-05,2.02291325272037e-05,0.20336866522649746,-0.03276875515182568,3.0,False,8.094200165942311,20,26.717362077066586,-0.03276875515182568,0.1,60,-38.10880665544156,24.545368194454156,0.0027790210065797394,7.790594225354681e-05,-29.2586575486703,24.569957887659456,0.0027769164839005424,2.9500012984323742,1,"[{""id"": 134, ""x"": -71.6904296875, ""y"": 27.98271942138672, ""vx"": -1.0957563849334218e-11, ""vy"": -1.4483264587639155e-10, ""r"": 2.5906050205230713}]"
428,21.400000000000002,-38.10782241821289,24.54537010192871,0.00020810919937713557,0.09806322394437887,0.005457596853375435,0.5,0.0,PlanStatus.OK,20,26.71834627046124,-0.032769582896985776,True,29.767458879808785,1.886247319411372e-05,2.0515280607239297e-05,0.2033659863150964,-0.032769582896985776,3.0,False,6.89089996740222,20,26.71834627046124,-0.032769582896985776,0.1,60,-38.107822463610376,24.545370101802614,0.00277902100618801,0.09806322394437887,-28.968641561241885,24.570762429558425,0.0027769759558700564,2.951634387065739,1,"[{""id"": 134, ""x"": -71.6904296875, ""y"": 27.98271942138672, ""vx"": -7.561924003640641e-11, ""vy"": -1.4629843170244072e-10, ""r"": 2.5906050205230713}]"
429,21.450000000000003,-38.10368347167969,24.54538917541504,0.00021624796531003983,0.1566601483030815,0.005440255161374807,0.5,0.0,PlanStatus.OK,20,26.72248525401755,-0.03276201168886198,True,29.771574374775064,2.262210611108576e-05,1.623830057182786e-05,0.20336509911128411,-0.03276201168886198,3.0,False,7.044400088489056,20,26.72248525401755,-0.03276201168886198,0.1,60,-38.10368351732819,24.545389175288243,0.0027790210063360983,0.1566601483030815,-28.791656844765612,24.571261492905556,0.0027770122059324947,2.9526110024717176,1,"[{""id"": 134, ""x"": -71.6904296875, ""y"": 27.98271942138672, ""vx"": -1.3179871638513418e-09, ""vy"": -6.211289260704689e-10, ""r"": 2.5906050205230713}]"
430,21.5,-38.093284606933594,24.545446395874023,0.00012679484849850952,0.24414716988325613,0.0,0.0,1.0,PlanStatus.FAIL,20,26.732884237625324,-0.03273369007720604,False,29.78191339769161,0.7703761020272379,2.695052452171655,6.290778218156952,-0.03273369007720604,4.0,False,7.201399886980653,20,26.732884237625324,-0.03273369007720604,0.1,60,-38.093284653199106,24.545446395745515,0.002779021006241781,0.24414716988325613,-25.996366837507466,26.164135182851112,0.5314127807945558,3.9374024528313893,1,"[{""id"": 134, ""x"": -71.6904296875, ""y"": 27.98271942138672, ""vx"": -2.3720316821851384e-09, ""vy"": -3.754711541681388e-10, ""r"": 2.5906050205230713}]"
431,21.55,-38.09160614013672,24.545427322387695,0.00014414925061711193,7.97963363506732e-05,0.00559345493093133,0.5,0.0,PlanStatus.OK,20,26.734562644935288,-0.03275742797836504,True,29.783585090022406,2.9650604800192725e-05,2.1488589069603055e-05,0.20336651462419433,-0.03275742797836504,3.0,False,7.77890020981431,20,26.734562644935288,-0.03275742797836504,0.1,60,-38.09160618654181,24.5454273222588,0.002779021006799469,7.97963363506732e-05,-29.241452895847257,24.570016991422115,0.0027769199817407587,2.9500013299389405,1,"[{""id"": 134, ""x"": -71.6904296875, ""y"": 27.98271942138672, ""vx"": -1.9856278843377595e-09, ""vy"": -1.6229052823835133e-11, ""r"": 2.5906050205230713}]"
432,21.6,-38.09062576293945,24.54543113708496,0.00014662790522810494,0.09806131335595451,0.005588064435869455,0.5,0.0,PlanStatus.OK,20,26.735543028947962,-0.03275633778114909,True,29.784559988648056,2.9433115491300582e-05,2.120192133220778e-05,0.2033662706181266,-0.03275633778114909,3.0,False,7.424399955198169,20,26.735543028947962,-0.03275633778114909,0.1,60,-38.09062580940493,24.545431136955898,0.002779021006343043,0.09806131335595451,-28.951451922356497,24.570823410580804,0.0027769794214158967,2.951634355222601,1,"[{""id"": 134, ""x"": -71.6904296875, ""y"": 27.98271942138672, ""vx"": -1.278785521918735e-09, ""vy"": 9.019308078173083e-10, ""r"": 2.5906050205230713}]"
433,21.650000000000002,-38.08649444580078,24.545446395874023,0.00015581176358219232,0.15629784222069573,0.005568505264818668,0.5,0.0,PlanStatus.OK,20,26.73967437253809,-0.03275256005333977,True,29.788668305602528,2.486964282452806e-05,1.4692316923138084e-05,0.20336379568944704,-0.03275256005333977,3.0,False,7.698299828916788,20,26.73967437253809,-0.03275256005333977,0.1,60,-38.08649449252186,24.54544639574425,0.002779021006271641,0.15629784222069573,-28.77553791394587,24.571315707642157,0.00277701545803454,2.9526049640370133,1,"[{""id"": 134, ""x"": -71.6904296875, ""y"": 27.98271942138672, ""vx"": -1.948429473319635e-10, ""vy"": 1.1264761345941565e-09, ""r"": 2.5906050205230713}]"
434,21.700000000000003,-38.07664108276367,24.545509338378906,9.773118505487147e-05,0.23112178137893838,0.0,0.0,1.0,PlanStatus.FAIL,20,26.74952787244499,-0.032717000459122,False,29.798464134163687,0.8592099941670552,3.0076671767501826,7.007072076317147,-0.032717000459122,4.0,False,8.841499919071794,20,26.74952787244499,-0.032717000459122,0.1,60,-38.07664113005574,24.545509338247548,0.002779021006301304,0.23112178137893838,-26.01510308465137,26.153139644071622,0.5314084296635895,3.937185363022984,1,"[{""id"": 134, ""x"": -71.6904296875, ""y"": 27.98271942138672, ""vx"": 2.953279287787325e-10, ""vy"": 3.6800726355146196e-10, ""r"": 2.5906050205230713}]"
435,21.75,-38.07540512084961,24.545509338378906,9.574739499348123e-05,7.257498135189626e-05,0.00569616723805666,0.5,0.0,PlanStatus.OK,20,26.750763829586415,-0.032720435218824416,True,29.799693684684016,2.097101895779525e-05,2.0250069831012803e-05,0.20336278271323238,-0.032720435218824416,3.0,False,8.362699998542666,20,26.750763829586415,-0.032720435218824416,0.1,60,-38.07540516822463,24.545509338247317,0.002779021006643924,7.257498135189626e-05,-29.225274449581715,24.570098911164752,0.0027769231939580104,2.950001209583025,1,"[{""id"": 134, ""x"": -71.6904296875, ""y"": 27.98271942138672, ""vx"": 2.778295093985861e-10, ""vy"": -1.507976521430976e-10, ""r"": 2.5906050205230713}]"
436,21.8,-38.07441711425781,24.545515060424805,9.825829069347674e-05,0.09812502460756521,0.005690708290785551,0.5,0.0,PlanStatus.OK,20,26.75175184826471,-0.03271745888255885,True,29.80067598442372,3.44623419173946e-05,1.9896612809830808e-05,0.2033652729862201,-0.03271745888255885,3.0,False,10.722499806433916,20,26.75175184826471,-0.03271745888255885,0.1,60,-38.07441716169087,24.545515060293056,0.0027790210063587707,0.09812502460756521,-28.935056582973885,24.570907819693396,0.0027769826020134342,2.9516354170767958,1,"[{""id"": 134, ""x"": -71.6904296875, ""y"": 27.98271942138672, ""vx"": 8.114492411337437e-10, ""vy"": 1.417884559762328e-10, ""r"": 2.5906050205230713}]"
437,21.85,-38.07023239135742,24.545534133911133,0.00010648609144614975,0.1592040952998388,0.005673174746334553,0.5,0.0,PlanStatus.OK,20,26.755936608011446,-0.03271001488775854,True,29.804837064563785,3.74649271838981e-05,1.9268346356849687e-05,0.2033647615664698,-0.03271001488775854,3.0,False,8.844800060614944,20,26.755936608011446,-0.03271001488775854,0.1,60,-38.07023243904367,24.54553413377868,0.002779021006390181,0.1592040952998388,-28.75070436622613,24.57142721695568,0.0027770203014958073,2.9526534015883295,1,"[{""id"": 134, ""x"": -71.6904296875, ""y"": 27.98271942138672, ""vx"": 1.1833705126917948e-09, ""vy"": 1.7374325589347706e-10, ""r"": 2.5906050205230713}]"
438,21.900000000000002,-38.05938720703125,24.54555320739746,0.00012195996926511286,0.23332579701542375,0.0,0.0,1.0,PlanStatus.FAIL,20,26.766781803464745,-0.03272108043134736,False,29.81562408968697,0.7641597528158969,2.6545985939182697,6.2062152255394585,-0.03272108043134736,4.0,False,8.680300088599324,20,26.766781803464745,-0.03272108043134736,0.1,60,-38.059387255418,24.545553207263065,0.0027790210063065967,0.23332579701542375,-25.994672407385355,26.165145485324302,0.5314129349342452,3.937222096616928,1,"[{""id"": 134, ""x"": -71.6904296875, ""y"": 27.98271942138672, ""vx"": 8.778432980527384e-10, ""vy"": -1.711373820434403e-10, ""r"": 2.5906050205230713}]"
439,21.950000000000003,-38.058101654052734,24.54556655883789,8.705412621727608e-05,7.745527746076717e-05,0.00571461534127593,0.5,0.0,PlanStatus.OK,20,26.768067388583013,-0.03271130161660909,True,29.8169016235886,3.5021274353631585e-05,1.8893144737141404e-05,0.20336345776213968,-0.03271130161660909,3.0,False,8.670800132676959,20,26.768067388583013,-0.03271130161660909,0.1,60,-38.05810170250613,24.54556655870331,0.0027790210059467015,7.745527746076717e-05,-29.20795798927605,24.5701561319489,0.0027769267135801033,2.9500012909212936,1,"[{""id"": 134, ""x"": -71.6904296875, ""y"": 27.98271942138672, ""vx"": 1.3405480892014765e-10, ""vy"": -2.2649551678632918e-10, ""r"": 2.5906050205230713}]"
440,22.0,-38.0571174621582,24.545570373535156,8.958155289156731e-05,0.09810051458120007,0.005709121003746986,0.5,0.0,PlanStatus.OK,20,26.76905158727822,-0.03271022202050076,True,29.817880328010865,2.0968992795583248e-05,1.8526907615635038e-05,0.20336044112079582,-0.03271022202050076,3.0,False,8.68660002015531,20,26.76905158727822,-0.03271022202050076,0.1,60,-38.057117510672086,24.545570373400405,0.0027790210062611912,0.09810051458120007,-28.917830628630547,24.57096289341411,0.0027769860952285607,2.9516350085763507,1,"[{""id"": 134, ""x"": -71.6904296875, ""y"": 27.98271942138672, ""vx"": -6.097376492597562e-10, ""vy"": -2.808777377349969e-10, ""r"": 2.5906050205230713}]"
441,22.05,-38.05295181274414,24.54558753967285,9.758263385124455e-05,0.15794697961790302,0.005692070350050926,0.5,0.0,PlanStatus.OK,20,26.773217268311722,-0.032704632361416505,True,29.82202265120673,2.4979671256815576e-05,1.6704581154219564e-05,0.203360477570841,-0.032704632361416505,3.0,False,8.946500020101666,20,26.773217268311722,-0.032704632361416505,0.1,60,-38.05295186151247,24.545587539537397,0.0027790210061858604,0.15794697961790302,-28.73713336039169,24.57147028696741,0.002777023048534873,2.9526324496602996,1,"[{""id"": 134, ""x"": -71.6904296875, ""y"": 27.98271942138672, ""vx"": -4.497045791307386e-10, ""vy"": 5.987989271094563e-11, ""r"": 2.5906050205230713}]"
442,22.1,-38.04240798950195,24.545589447021484,0.00021275214375853237,0.26421995093222556,0.0,0.0,1.0,PlanStatus.FAIL,20,26.78376105613974,-0.03273202648870889,False,29.832511679762206,1.059695061086449,3.4440501697606782,8.681959517755043,-0.03273202648870889,3.5,False,8.384800050407648,20,26.78376105613974,-0.03273202648870889,0.1,60,-38.04240803897671,24.54558944688407,0.0027790210061700267,0.26421995093222556,-27.170216863005873,25.47427296337061,0.531159902931423,3.446070332515538,1,"[{""id"": 134, ""x"": -71.6904296875, ""y"": 27.98271942138672, ""vx"": -7.778448024575724e-11, ""vy"": 9.1869345464346e-11, ""r"": 2.5906050205230713}]"
443,22.150000000000002,-38.04079818725586,24.545595169067383,0.00022414083096846462,8.138588184500912e-05,0.005423708353191614,0.5,0.0,PlanStatus.OK,20,26.785370868071286,-0.032730778133405705,True,29.83411256725178,3.1177798621374526e-05,1.753826100566163e-05,0.2033605562588028,-0.032730778133405705,3.0,False,7.512300042435527,20,26.785370868071286,-0.032730778133405705,0.1,60,-38.04079823683034,24.54559516892969,0.002779021006132947,8.138588184500912e-05,-29.190644375077888,24.570184734696518,0.0027769303180335816,2.9500013564313683,1,"[{""id"": 134, ""x"": -71.6904296875, ""y"": 27.98271942138672, ""vx"": 2.941362986508267e-10, ""vy"": 1.2372257385262486e-10, ""r"": 2.5906050205230713}]"
444,22.200000000000003,-38.039817810058594,24.54560089111328,0.00022652052729871787,0.09806742916644337,0.005418528337031603,0.5,0.0,PlanStatus.OK,20,26.786351257384514,-0.03272778059492134,True,29.835087288401148,3.358822208835173e-05,1.8966963750174752e-05,0.20336083426603802,-0.03272778059492134,3.0,False,9.45549993775785,20,26.786351257384514,-0.03272778059492134,0.1,60,-38.039817859690416,24.54560089097543,0.0027790210061791553,0.09806742916644337,-28.900630026358186,24.57099310132518,0.002776989702448826,2.951634457152774,1,"[{""id"": 134, ""x"": -71.6904296875, ""y"": 27.98271942138672, ""vx"": 2.9427862924258363e-10, ""vy"": 1.547572486826354e-10, ""r"": 2.5906050205230713}]"
445,22.25,-38.03568649291992,24.54561424255371,0.0002354266262734884,0.15636230500404094,0.0053995586931705475,0.5,0.0,PlanStatus.OK,20,26.79048259567409,-0.032725910208380386,True,29.839195867841553,2.7769154335959626e-05,1.7662466283265357e-05,0.20335924140937098,-0.032725910208380386,3.0,False,7.87960016168654,20,26.79048259567409,-0.032725910208380386,0.1,60,-38.03568654280964,24.54561424241514,0.002779021006319125,0.15636230500404094,-28.72454390134454,24.57148397082371,0.0027770257530392163,2.952606038416732,1,"[{""id"": 134, ""x"": -71.6904296875, ""y"": 27.98271942138672, ""vx"": 6.661990403777907e-10, ""vy"": 1.866613114076543e-10, ""r"": 2.5906050205230713}]"
446,22.3,-38.02534484863281,24.545602798461914,0.0003840550719749912,0.2706477724852479,0.0,0.0,1.0,PlanStatus.FAIL,20,26.80082416822385,-0.03276609386570532,False,29.849485175595937,0.8851768243598699,2.8684383766001953,7.4238718749140045,-0.03276609386570532,3.5,False,7.495699916034937,20,26.80082416822385,-0.03276609386570532,0.1,60,-38.02534489923729,24.54560279832136,0.0027790210062405086,0.2706477724852479,-27.13921982766951,25.492445360179364,0.5311670799401207,3.446177462874754,1,"[{""id"": 134, ""x"": -71.6904296875, ""y"": 27.98271942138672, ""vx"": 1.342983779739626e-10, ""vy"": -1.7662589446576504e-10, ""r"": 2.5906050205230713}]"
447,22.35,-38.023468017578125,24.54561996459961,0.0003293847830554766,8.35284837252881e-05,0.0052003744058310986,0.5,0.0,PlanStatus.OK,20,26.802701039736196,-0.03275414354050671,True,29.85135055752628,2.7996264896810193e-05,1.724332232629685e-05,0.20335778639497126,-0.03275414354050671,3.0,False,8.347599999979138,20,26.802701039736196,-0.03275414354050671,0.1,60,-38.023468068282696,24.54561996445878,0.002779021006194602,8.35284837252881e-05,-29.173309342388656,24.570209508086663,0.002776933943423694,2.9500013921413983,1,"[{""id"": 134, ""x"": -71.6904296875, ""y"": 27.98271942138672, ""vx"": -6.094935112166411e-10, ""vy"": -2.3114408997937375e-10, ""r"": 2.5906050205230713}]"
448,22.400000000000002,-38.02248764038086,24.545623779296875,0.00033167278693145043,0.09804865148172368,0.005195388570427895,0.5,0.0,PlanStatus.OK,20,26.803681423748866,-0.032753053343290754,True,29.85232547793882,3.443080836145174e-05,1.707590999623903e-05,0.20335887027064764,-0.032753053343290754,3.0,False,7.882299832999706,20,26.803681423748866,-0.032753053343290754,0.1,60,-38.02248769114567,24.54562377915588,0.002779021006470219,0.09804865148172368,-28.883356724547195,24.57101579700698,0.002776993366744957,2.9516341441913587,1,"[{""id"": 134, ""x"": -71.6904296875, ""y"": 27.98271942138672, ""vx"": -2.2308506431034658e-10, ""vy"": 1.2729657605792255e-10, ""r"": 2.5906050205230713}]"
449,22.450000000000003,-38.01836013793945,24.54563331604004,0.0003495812448906073,0.15692801812310644,0.0,0.0,1.0,PlanStatus.FAIL,20,26.807808936754796,-0.03275498703817545,False,29.856430672584693,0.10571666518991031,0.31769327028353056,2.7057415018960675,-0.03275498703817545,3.0,False,7.641900097951293,20,26.807808936754796,-0.03275498703817545,0.1,60,-38.018360188967996,24.545633315898307,0.0027790210063483463,0.15692801812310644,-28.69046866869396,24.581412358864,0.034546296804529024,2.9526154669687172,1,"[{""id"": 134, ""x"": -71.6904296875, ""y"": 27.98271942138672, ""vx"": 1.4883561050282879e-10, ""vy"": 1.5916615248023902e-10, ""r"": 2.5906050205230713}]"
450,22.5,-38.01702117919922,24.545639038085938,0.0003415727436853391,3.3614140923251015e-05,0.005174511112272739,0.5,0.0,PlanStatus.OK,20,26.80914790622634,-0.03275298600404957,True,29.85776212897256,3.4460275415041215e-05,1.7766449974185305e-05,0.2033582879910069,-0.03275298600404957,3.0,False,7.623699959367514,20,26.80914790622634,-0.03275298600404957,0.1,60,-38.01702123030922,24.54563903794398,0.0027790210062741136,3.3614140923251015e-05,-29.167010264989415,24.57022815798735,0.0027769352311501,2.9500005602356834,1,"[{""id"": 134, ""x"": -71.6904296875, ""y"": 27.98271942138672, ""vx"": 6.967313531669461e-11, ""vy"": -1.621622419678559e-10, ""r"": 2.5906050205230713}]"
451,22.55,-38.01604461669922,24.545644760131836,0.00034378093725276625,0.0968342688673592,0.00516969570890069,0.5,0.0,PlanStatus.OK,20,26.81012448085703,-0.03274997786445403,True,29.85873306279185,2.9050521568328912e-05,1.6809675133558875e-05,0.20335704259217438,-0.03274997786445403,3.0,False,7.510799914598465,20,26.81012448085703,-0.03274997786445403,0.1,60,-38.01604466786621,24.54564475998972,0.0027790210064588205,0.0968342688673592,-28.88049634283412,24.571026815857902,0.002776993937990833,2.9516139044811243,1,"[{""id"": 134, ""x"": -71.6904296875, ""y"": 27.98271942138672, ""vx"": -4.4971715240649246e-10, ""vy"": 6.939254032500841e-11, ""r"": 2.5906050205230713}]"
452,22.6,-38.013362884521484,24.545650482177734,0.0003590196022265512,0.03449109865084179,0.00513743981719017,0.5,0.0,PlanStatus.OK,20,26.812806218580985,-0.03275170842111513,True,29.86140035416978,2.433181428565019e-05,1.8729079663587674e-05,0.20335551476601216,-0.03275170842111513,3.0,False,7.555300137028098,20,26.812806218580985,-0.03275170842111513,0.1,60,-38.01336293586056,24.545650482035143,0.0027790210057635533,0.03449109865084179,-29.061711408997038,24.57052184874797,0.0027769568077203356,2.9505748516441828,1,"[{""id"": 134, ""x"": -71.6904296875, ""y"": 27.98271942138672, ""vx"": 1.325832221787948e-10, ""vy"": 1.3950397781403723e-10, ""r"": 2.5906050205230713}]"
453,22.650000000000002,-38.00526428222656,24.545650482177734,0.00048711056363400076,0.24294560642439905,0.0,0.0,1.0,PlanStatus.FAIL,20,26.820904789603347,-0.03277421457804227,False,29.869457114371244,0.8708346104587812,3.179450774658335,8.571510487309329,-0.03277421457804227,4.5,False,7.9842000268399715,20,26.820904789603347,-0.03277421457804227,0.1,60,-38.005264334112795,24.545650482033622,0.0027790210063358455,0.24294560642439905,-24.65530124421447,26.952716801028178,0.5316959680248484,4.429049093440409,1,"[{""id"": 134, ""x"": -71.6904296875, ""y"": 27.98271942138672, ""vx"": -1.7294962684211157e-10, ""vy"": -2.0284365853662223e-10, ""r"": 2.5906050205230713}]"
454,22.700000000000003,-38.0038948059082,24.545654296875,0.0004872913477993076,6.575378262158424e-05,0.004865286871790886,0.5,0.0,PlanStatus.OK,20,26.822274271234615,-0.03277420569406357,True,29.870819129950313,4.273388349828953e-05,1.886238438325496e-05,0.2033583765682987,-0.03277420569406357,3.0,False,8.325000060722232,20,26.822274271234615,-0.03277420569406357,0.1,60,-38.00389485788099,24.54565429673065,0.0027790210059138367,6.575378262158424e-05,-29.1537901990816,24.570243650024338,0.0027769380111118385,2.9500010958963805,1,"[{""id"": 134, ""x"": -71.6904296875, ""y"": 27.98271942138672, ""vx"": -1.4150074445495875e-09, ""vy"": -6.291033805005952e-10, ""r"": 2.5906050205230713}]"
455,22.75,-38.00291442871094,24.545658111572266,0.0004894214540505925,0.09781288074586598,0.0048606363125145435,0.5,0.0,PlanStatus.OK,20,26.823254655247286,-0.03277311549684762,True,29.871794056533425,2.911874093997823e-05,1.6968335688743313e-05,0.20335540965553342,-0.03277311549684762,3.0,False,8.039700100198388,20,26.823254655247286,-0.03277311549684762,0.1,60,-38.002914480743954,24.54565811142775,0.002779021006013511,0.09781288074586598,-28.864480628839683,24.571048154369056,0.0027769973388460083,2.951630214679096,1,"[{""id"": 134, ""x"": -71.6904296875, ""y"": 27.98271942138672, ""vx"": 1.1148571843477839e-08, ""vy"": 1.7661465179230618e-08, ""r"": 2.5906050205230713}]"
456,22.8,-37.9990234375,24.545671463012695,0.0005030407662385007,0.1397872917613734,0.004831683821976185,0.5,0.0,PlanStatus.OK,20,26.82714566853714,-0.03277057724036629,True,29.875663599584314,3.1681373858859036e-05,1.9016201159606505e-05,0.20335580357886457,-0.03277057724036629,3.0,False,8.699000114575028,20,26.82714566853714,-0.03277057724036629,0.1,60,-37.9990234897749,24.545671462867507,0.0027790210061867603,0.1397872917613734,-28.736776066576034,24.571405334305684,0.002777023513555556,2.9523297881960238,1,"[{""id"": 134, ""x"": -71.6904296875, ""y"": 27.98271942138672, ""vx"": -3.133975523539334e-09, ""vy"": -1.6476810194010483e-10, ""r"": 2.5906050205230713}]"
457,22.85,-37.9880256652832,24.545711517333984,0.00044491314676760866,0.2590238965184718,0.0,0.0,1.0,PlanStatus.FAIL,20,26.838143509597955,-0.032761086074417675,False,29.88660054075178,0.8688637780965525,2.8141044359368026,7.303342425104834,-0.032761086074417675,3.5,False,8.612799923866987,20,26.838143509597955,-0.032761086074417675,0.1,60,-37.988025718237814,24.54571151718691,0.002779021006141285,0.2590238965184718,-27.13661669412696,25.493980531964027,0.531167610032845,3.445983731608639,1,"[{""id"": 134, ""x"": -71.6904296875, ""y"": 27.98271942138672, ""vx"": -2.761777473381244e-09, ""vy"": -7.68794056194011e-11, ""r"": 2.5906050205230713}]"
458,22.900000000000002,-37.986331939697266,24.545705795288086,0.0004407266003176526,8.538117924585653e-05,0.0049641006626188755,0.5,0.0,PlanStatus.OK,20,26.839837212741948,-0.03277151499114248,True,29.88828610776676,2.5579248874950518e-05,1.8405704136198985e-05,0.20335286530487712,-0.03277151499114248,3.0,False,10.219299932941794,20,26.839837212741948,-0.03277151499114248,0.1,60,-37.98633199277578,24.545705795140666,0.002779021005649249,8.538117924585653e-05,-29.136170872241287,24.57029526920276,0.002776941616456903,2.950001423019651,1,"[{""id"": 134, ""x"": -71.6904296875, ""y"": 27.98271942138672, ""vx"": -1.5698208288839055e-09, ""vy"": 6.555670450936191e-10, ""r"": 2.5906050205230713}]"
459,22.950000000000003,-37.9853515625,24.54570960998535,0.00044290829881319966,0.09796431133196168,0.0049593402072787285,0.5,0.0,PlanStatus.OK,20,26.84081759675462,-0.03277042479392653,True,29.889261039940465,4.5359506532440934e-05,1.8704061156902922e-05,0.2033565618365496,-0.03277042479392653,3.0,False,8.89699999243021,20,26.84081759675462,-0.03277042479392653,0.1,60,-37.985351615638706,24.545709609837765,0.0027790210062212184,0.09796431133196168,-28.846472513970053,24.571100854268288,0.0027770010189067437,2.951632738522197,1,"[{""id"": 134, ""x"": -71.6904296875, ""y"": 27.98271942138672, ""vx"": 4.3575684727237274e-10, ""vy"": 7.676106417164874e-10, ""r"": 2.5906050205230713}]"
460,23.0,-37.98128890991211,24.545743942260742,0.0003805102589224736,0.15460088953782228,0.0,0.0,1.0,PlanStatus.FAIL,20,26.844880329064665,-0.032747382833456656,False,29.893299252908456,0.273043125569396,0.8161825887271323,3.769692709797665,-0.032747382833456656,3.0,False,8.722899947315454,20,26.844880329064665,-0.032747382833456656,0.1,60,-37.98128896327003,24.545743942112544,0.0027790210064955294,0.15460088953782228,-28.664488551181776,24.596673323458607,0.08439523480914729,2.9525766814922982,1,"[{""id"": 134, ""x"": -71.6904296875, ""y"": 27.98271942138672, ""vx"": 0.0, ""vy"": 0.0, ""r"": 2.5906050205230713}]"
461,23.05,-37.98031997680664,24.545732498168945,0.0004125756026997333,3.0368123445429295e-05,0.0050238389521837234,0.5,0.0,PlanStatus.OK,20,26.84584922662529,-0.03276151956305091,True,29.894264349378446,3.326178507237203e-05,1.912005260196973e-05,0.2033536750065431,-0.03276151956305091,3.0,False,8.740399964153767,20,26.84584922662529,-0.03276151956305091,0.1,60,-37.98032003024881,24.545732498020516,0.0027790210065744185,3.0368123445429295e-05,-29.13032165935628,24.57032150779915,0.002776942781993844,2.950000506135394,1,"[{""id"": 134, ""x"": -71.6904296875, ""y"": 27.98271942138672, ""vx"": 1.3128453879573954e-09, ""vy"": -1.9237290926898964e-10, ""r"": 2.5906050205230713}]"
462,23.1,-37.979347229003906,24.545734405517578,0.0004147380231859247,0.09684414963591216,0.0050191208720207214,0.5,0.0,PlanStatus.OK,20,26.846821975972336,-0.032762315504881,True,29.895231886899403,3.896140702971987e-05,1.8943460891795647e-05,0.20335464353747024,-0.032762315504881,3.0,False,10.224900208413601,20,26.846821975972336,-0.032762315504881,0.1,60,-37.97934728250884,24.545734405368975,0.002779021006126688,0.09684414963591216,-28.843772846089575,24.571116460646294,0.0027770015304689442,2.9516140691606028,1,"[{""id"": 134, ""x"": -71.6904296875, ""y"": 27.98271942138672, ""vx"": 1.8458014006128565e-09, ""vy"": 1.1906414743023674e-10, ""r"": 2.5906050205230713}]"
463,23.150000000000002,-37.97662353515625,24.545745849609375,0.000415832058344182,0.03374342754080632,0.005016881972551346,0.5,0.0,PlanStatus.OK,20,26.849545691105842,-0.03275844064994917,True,29.897940374536994,3.312104961238229e-05,1.618896051238522e-05,0.20335355289288107,-0.03275844064994917,3.0,False,8.704799925908446,20,26.849545691105842,-0.03275844064994917,0.1,60,-37.976623588826925,24.54574584946031,0.002779021006375604,0.03374342754080632,-29.027180523624008,24.570611008696815,0.002776963914226174,2.9505623904590164,1,"[{""id"": 134, ""x"": -71.6904296875, ""y"": 27.98271942138672, ""vx"": 2.2177224501263026e-09, ""vy"": 1.5102118167131806e-10, ""r"": 2.5906050205230713}]"
464,23.200000000000003,-37.96870422363281,24.545894622802734,0.00015111751954014922,0.20972558162639926,0.0,0.0,1.0,PlanStatus.FAIL,20,26.857465385492343,-0.032631675935824805,False,29.90580377625478,0.8630210809331729,2.9662050079297533,6.840477040149566,-0.032631675935824805,4.0,False,9.082400007173419,20,26.857465385492343,-0.032631675935824805,0.1,60,-37.9687042775942,24.545894622652863,0.0027790210063487687,0.20972558162639926,-25.976584182875733,26.17587965749483,0.5314153257047819,3.936828759693771,1,"[{""id"": 134, ""x"": -71.6904296875, ""y"": 27.98271942138672, ""vx"": 2.3652582115119003e-09, ""vy"": -1.10026279753761e-10, ""r"": 2.5906050205230713}]"
465,23.25,-37.967185974121094,24.5458984375,0.00016742749567802683,6.732839628217234e-05,0.005544062703847885,0.5,0.0,PlanStatus.OK,20,26.858983639742487,-0.03263208049514303,True,29.907313815037774,5.0173078722333464e-05,1.8817860383000054e-05,0.20335546733210808,-0.03263208049514303,3.0,False,9.65730007737875,20,26.858983639742487,-0.03263208049514303,0.1,60,-37.967186028178695,24.545898437349862,0.0027790210071431632,6.732839628217234e-05,-29.117079479686744,24.570487720450668,0.00277694504242589,2.950001122139938,1,"[{""id"": 134, ""x"": -71.6904296875, ""y"": 27.98271942138672, ""vx"": 1.6211602060778318e-09, ""vy"": -2.1408753936302816e-10, ""r"": 2.5906050205230713}]"
466,23.3,-37.96620178222656,24.545902252197266,0.0001698548343737282,0.09786595552985086,0.005538778379559517,0.5,0.0,PlanStatus.OK,20,26.859967838437697,-0.03263100089903825,True,29.90829254875097,2.7673947735818986e-05,1.7687506927094657e-05,0.2033507965409191,-0.03263100089903825,3.0,False,8.633599849417806,20,26.859967838437697,-0.03263100089903825,0.1,60,-37.96620183634431,24.54590225204696,0.002779021006204655,0.09786595552985086,-28.827614079599737,24.571292648898996,0.0027770041444282268,2.9516310992588317,1,"[{""id"": 134, ""x"": -71.6904296875, ""y"": 27.98271942138672, ""vx"": 2.3197549783859905e-11, ""vy"": -6.300009403048534e-10, ""r"": 2.5906050205230713}]"
467,23.35,-37.96214294433594,24.545934677124023,0.000109481928234777,0.15451033684973084,0.0,0.0,1.0,PlanStatus.FAIL,20,26.86402675076465,-0.032609855678729156,False,29.912327188108662,0.3798513632309157,1.13242728886972,4.448847784676624,-0.032609855678729156,3.0,False,8.634299971163273,20,26.86402675076465,-0.032609855678729156,0.1,60,-37.96214299867388,24.545934676973108,0.002779021006253273,0.15451033684973084,-28.648317431903834,24.606326478317836,0.11601970806511643,2.9525751722808318,1,"[{""id"": 134, ""x"": -71.6904296875, ""y"": 27.98271942138672, ""vx"": -1.273310457072796e-09, ""vy"": 2.4561047640148104e-10, ""r"": 2.5906050205230713}]"
468,23.400000000000002,-37.96117401123047,24.54592514038086,0.00014170859936688923,3.2518172587378e-05,0.005598641932010651,0.5,0.0,PlanStatus.OK,20,26.864995653625833,-0.032622085067054996,True,29.913292096697994,4.404946233100904e-05,1.651980193952563e-05,0.20335351610148394,-0.032622085067054996,3.0,False,9.249099995940924,20,26.864995653625833,-0.032622085067054996,0.1,60,-37.96117406564974,24.545925140229716,0.0027790210058806944,3.2518172587378e-05,-29.111170671022617,24.570514124561978,0.0027769462138441435,2.9500005419695405,1,"[{""id"": 134, ""x"": -71.6904296875, ""y"": 27.98271942138672, ""vx"": -2.308741642309542e-09, ""vy"": 7.449429961781107e-10, ""r"": 2.5906050205230713}]"
469,23.450000000000003,-37.960205078125,24.545927047729492,0.00014410919917103067,0.09686940287693219,0.005593413487076759,0.5,0.0,PlanStatus.OK,20,26.865964588290343,-0.0326228704077739,True,29.914255845497394,3.526336017381394e-05,1.7359835274501252e-05,0.20335161395919557,-0.0326228704077739,3.0,False,8.454700000584126,20,26.865964588290343,-0.0326228704077739,0.1,60,-37.960205132606546,24.54592704757818,0.0027790210061515714,0.09686940287693219,-28.82455742360153,24.57130926785736,0.0027770047254475176,2.9516144900479455,1,"[{""id"": 134, ""x"": -71.6904296875, ""y"": 27.98271942138672, ""vx"": 2.134294407873938e-10, ""vy"": 1.4806891823759827e-10, ""r"": 2.5906050205230713}]"
470,23.5,-37.95749282836914,24.545936584472656,0.00015113530212213498,0.03342880536685974,0.005578586831688881,0.5,0.0,PlanStatus.OK,20,26.86867685407569,-0.0326208710907805,True,29.916953159392044,4.370882540396345e-05,1.7552464008237754e-05,0.2033537410781095,-0.0326208710907805,3.0,False,8.592999773100019,20,26.86867685407569,-0.0326208710907805,0.1,60,-37.95749288301798,24.545936584320877,0.0027790210060011085,0.03342880536685974,-29.008979158724113,24.5707991237468,0.00277696706967684,2.950557146756117,1,"[{""id"": 134, ""x"": -71.6904296875, ""y"": 27.98271942138672, ""vx"": 5.853496576335715e-10, ""vy"": 1.8027516979213232e-10, ""r"": 2.5906050205230713}]"
471,23.55,-37.949485778808594,24.546056747436523,-7.456850239489601e-05,0.21519391151436268,0.0,0.0,1.0,PlanStatus.FAIL,20,26.876684206652175,-0.03252296032120391,False,29.924906806285662,0.7854062882556816,2.8586902710993023,7.816079154754383,-0.03252296032120391,4.5,False,8.392099989578128,20,26.876684206652175,-0.03252296032120391,0.1,60,-37.949485833795634,24.546056747283806,0.00277902100625172,0.21519391151436268,-24.67777796017739,26.93976790912088,0.531684815302769,4.428586565191912,1,"[{""id"": 134, ""x"": -71.6904296875, ""y"": 27.98271942138672, ""vx"": 9.572703740801103e-10, ""vy"": 2.121305631153092e-10, ""r"": 2.5906050205230713}]"
472,23.6,-37.94791793823242,24.54605484008789,-5.9654804354113604e-05,6.819759561882683e-05,0.006025953218340874,0.5,0.0,PlanStatus.OK,20,26.87825203587361,-0.03252922471875848,True,29.926466770489675,3.1013585374291137e-05,1.706655852297574e-05,0.2033493857675578,-0.03252922471875848,3.0,False,9.196399943903089,20,26.87825203587361,-0.03252922471875848,0.1,60,-37.94791799332841,24.54605483993487,0.0027790210054174564,6.819759561882683e-05,-29.09781026505645,24.570644086758826,0.00277694860425961,2.950001136626596,1,"[{""id"": 134, ""x"": -71.6904296875, ""y"": 27.98271942138672, ""vx"": 4.253687402311357e-10, ""vy"": -1.5115672602483698e-10, ""r"": 2.5906050205230713}]"
473,23.650000000000002,-37.94693374633789,24.546058654785156,-5.699164326403437e-05,0.09783973784660216,0.006020161788910627,0.5,0.0,PlanStatus.OK,20,26.87923623456882,-0.03252814512265013,True,29.92744551064203,5.1888526574134125e-05,1.8880735095320317e-05,0.20335330995501572,-0.03252814512265013,3.0,False,8.949500042945147,20,26.87923623456882,-0.03252814512265013,0.1,60,-37.9469338014938,24.54605865463197,0.002779021006252272,0.09783973784660216,-28.80842468992295,24.571448794506125,0.0027770075035250235,2.9516306622974464,1,"[{""id"": 134, ""x"": -71.6904296875, ""y"": 27.98271942138672, ""vx"": -3.1842306569274115e-10, ""vy"": -2.0567490766065788e-10, ""r"": 2.5906050205230713}]"
474,23.700000000000003,-37.94306945800781,24.546066284179688,-2.556634646476069e-05,0.13738778713047675,0.0,0.0,1.0,PlanStatus.FAIL,20,26.88310052917926,-0.032531254682199334,False,29.93128914100913,0.20270567373894086,0.6069561115184603,3.3222129360166037,-0.032531254682199334,3.0,False,8.374799974262714,20,26.88310052917926,-0.032531254682199334,0.1,60,-37.94306951341142,24.546066284025812,0.002779021006558829,0.13738778713047675,-28.6754005216348,24.59051782835922,0.06347258358190366,2.9522897964521713,1,"[{""id"": 134, ""x"": -71.6904296875, ""y"": 27.98271942138672, ""vx"": -1.0622154267281303e-09, ""vy"": -2.600569204425085e-10, ""r"": 2.5906050205230713}]"
475,23.75,-37.94179916381836,24.546066284179688,-2.556634646476069e-05,3.370990371792722e-05,0.0059536173939704895,0.5,0.0,PlanStatus.OK,20,26.884370818463502,-0.03253478485189168,True,29.93255289947507,4.1353063181083075e-05,1.7627392755936375e-05,0.2033508324692818,-0.03253478485189168,3.0,False,8.887599920853972,20,26.884370818463502,-0.03253478485189168,0.1,60,-37.94179921930769,24.546066284025574,0.002779021006563313,3.370990371792722e-05,-29.091793728779635,24.570655234452964,0.002776949849700562,2.950000561831732,1,"[{""id"": 134, ""x"": -71.6904296875, ""y"": 27.98271942138672, ""vx"": -6.758071879886529e-10, ""vy"": 9.838363457248533e-11, ""r"": 2.5906050205230713}]"
476,23.8,-37.94083023071289,24.54606819152832,-2.2903183342850783e-05,0.09677285104188205,0.005947825498878956,0.5,0.0,PlanStatus.OK,20,26.885339753128015,-0.03253557019261413,True,29.933516654483242,4.324278718337521e-05,1.7213216018693682e-05,0.2033509098087879,-0.03253557019261413,3.0,False,9.49969980865717,20,26.885339753128015,-0.03253557019261413,0.1,60,-37.94083028626436,24.546068191374037,0.002779021006234442,0.09677285104188205,-28.805468737736668,24.57144957824395,0.0027770081461317405,2.9516128808506967,1,"[{""id"": 134, ""x"": -71.6904296875, ""y"": 27.98271942138672, ""vx"": -3.0388544458581634e-10, ""vy"": 1.3025447387349232e-10, ""r"": 2.5906050205230713}]"
477,23.85,-37.93838882446289,24.54607391357422,-7.4568505442642005e-06,0.02544402316975296,0.005915141198784113,0.5,0.0,PlanStatus.OK,20,26.887781165852246,-0.03253663287933131,True,29.93594492206826,4.3168740205661885e-05,1.7225392641164426e-05,0.20335146528971768,-0.03253663287933131,3.0,False,8.435999974608421,20,26.887781165852246,-0.03253663287933131,0.1,60,-37.93838888016936,24.546073913419505,0.0027790210061991736,0.02544402316975296,-29.013429636679632,24.57087100311435,0.002776965811517658,2.950424067052833,1,"[{""id"": 134, ""x"": -71.6904296875, ""y"": 27.98271942138672, ""vx"": 5.161995136893083e-11, ""vy"": 1.1758512219461892e-10, ""r"": 2.5906050205230713}]"
478,23.900000000000002,-37.93140411376953,24.546159744262695,-0.00020346549102740846,0.15472395007217526,0.0,0.0,1.0,PlanStatus.FAIL,20,26.89476608809929,-0.03247021315503873,False,29.94288501985217,0.5602109283817469,1.6650778243197155,5.5956989923817035,-0.03247021315503873,3.0,False,8.491399930790067,20,26.89476608809929,-0.03247021315503873,0.1,60,-37.931404169799684,24.546159744107083,0.0027790210063663163,0.15472395007217526,-28.621402645639197,24.622289608710606,0.1692847673475076,2.952578732501206,1,"[{""id"": 134, ""x"": -71.6904296875, ""y"": 27.98271942138672, ""vx"": 4.2364886598811324e-10, ""vy"": 1.6750824338718218e-10, ""r"": 2.5906050205230713}]"
479,23.950000000000003,-37.92985916137695,24.546142578125,-0.0001336906785946551,5.6063783724091804e-05,0.006183068733662367,0.5,0.0,PlanStatus.OK,20,26.896310986821074,-0.03249167267607353,True,29.944423767703803,5.667042164482468e-05,1.8743790797916618e-05,0.20335268746904037,-0.03249167267607353,3.0,False,8.508099941536784,20,26.896310986821074,-0.03249167267607353,0.1,60,-37.92985921754094,24.546142577969015,0.002779021006445403,5.6063783724091804e-05,-29.07978867915608,24.570731684601526,0.0027769521328621545,2.9500009343963938,1,"[{""id"": 134, ""x"": -71.6904296875, ""y"": 27.98271942138672, ""vx"": 7.955696657013789e-10, ""vy"": 1.9936220729821486e-10, ""r"": 2.5906050205230713}]"
480,24.0,-37.92887496948242,24.546144485473633,-0.00013102751750457584,0.09785551567301276,0.0061772712506353855,0.5,0.0,PlanStatus.OK,20,26.89729518021573,-0.03249250042123715,True,29.945402706849436,3.378973535922553e-05,1.8862087461145663e-05,0.20334785729223495,-0.03249250042123715,3.0,False,8.65720002911985,20,26.89729518021573,-0.03249250042123715,0.1,60,-37.92887502570951,24.546144485317473,0.002779021006181709,0.09785551567301276,-28.790320749410586,24.571534714710452,0.0027770109913330355,2.9516309252612185,1,"[{""id"": 134, ""x"": -71.6904296875, ""y"": 27.98271942138672, ""vx"": 3.72916628132991e-11, ""vy"": -1.8160799253319482e-10, ""r"": 2.5906050205230713}]"
481,24.05,-37.92488098144531,24.546173095703125,-0.00016937702907439422,0.14661265313160954,0.0,0.0,1.0,PlanStatus.FAIL,20,26.901289232338474,-0.03247498966458904,False,29.94937326848995,0.45981160825377493,1.3685007839650989,4.957082946672294,-0.03247498966458904,3.0,False,9.363999823108315,20,26.901289232338474,-0.03247498966458904,0.1,60,-37.92488103789224,24.546173095546354,0.0027790210064136253,0.14661265313160954,-28.636372670751857,24.613495401815992,0.13962705980263915,2.9524435442188572,1,"[{""id"": 134, ""x"": -71.6904296875, ""y"": 27.98271942138672, ""vx"": -7.065007467943474e-10, ""vy"": -2.360075468388345e-10, ""r"": 2.5906050205230713}]"
482,24.1,-37.92353057861328,24.54617691040039,-0.0001778991445626478,3.6086924674030934e-05,0.006276884116232395,0.5,0.0,PlanStatus.OK,20,26.902639640557066,-0.03247492777505801,True,29.95071634507567,4.4180293489121156e-05,1.8812751525522364e-05,0.2033494950147295,-0.03247492777505801,3.0,False,8.555199950933456,20,26.902639640557066,-0.03247492777505801,0.1,60,-37.92353063514469,24.546176910243386,0.002779021006730053,3.6086924674030934e-05,-29.07351950591234,24.570765838968214,0.002776953344402748,2.9500006014487417,1,"[{""id"": 134, ""x"": -71.6904296875, ""y"": 27.98271942138672, ""vx"": -3.200923415214163e-10, ""vy"": 1.2243304980952274e-10, ""r"": 2.5906050205230713}]"
483,24.150000000000002,-37.92255783081055,24.546178817749023,-0.00017523598347256856,0.09681434410064581,0.0062710861675441265,0.5,0.0,PlanStatus.OK,20,26.90361238990411,-0.03247572371688808,True,29.95168390095705,4.452721139427428e-05,1.7975732826899793e-05,0.20334933978483272,-0.03247572371688808,3.0,False,8.75139981508255,20,26.90361238990411,-0.03247572371688808,0.1,60,-37.92255788740426,24.546178817591848,0.002779021006374784,0.09681434410064581,-28.787075275175876,24.571560504262056,0.0027770115579490774,2.9516135724016817,1,"[{""id"": 134, ""x"": -71.6904296875, ""y"": 27.98271942138672, ""vx"": 5.182829165839564e-11, ""vy"": 1.5430469402222258e-10, ""r"": 2.5906050205230713}]"
484,24.200000000000003,-37.91989517211914,24.546186447143555,-0.00015765912027804557,0.04224510933347699,0.006233857944607735,0.5,0.0,PlanStatus.OK,20,26.906275059515945,-0.0324754939267284,True,29.95433210572652,5.867643350552696e-05,2.0675409388585045e-05,0.20335301337844733,-0.0324754939267284,3.0,False,8.747299900278449,20,26.906275059515945,-0.0324754939267284,0.1,60,-37.91989522887921,24.546186446985917,0.002779021006233486,0.04224510933347699,-28.945378375786834,24.57112112118083,0.002776979387100724,2.9507040851555546,1,"[{""id"": 134, ""x"": -71.6904296875, ""y"": 27.98271942138672, ""vx"": 4.2374906361608566e-10, ""vy"": 1.861578391437746e-10, ""r"": 2.5906050205230713}]"
485,24.25,-37.91165542602539,24.546161651611328,-9.480853480682088e-05,0.20997586532300014,0.0,0.0,1.0,PlanStatus.FAIL,20,26.914514704884894,-0.0325231877612158,False,29.96253203687769,0.8740850085643553,3.18492066905747,8.578532005365602,-0.0325231877612158,4.5,False,9.393699932843447,20,26.914514704884894,-0.0325231877612158,0.1,60,-37.91165548338563,24.546161651452024,0.002779021006245795,0.20997586532300014,-24.658483513926654,26.951117398589634,0.531688846090138,4.428499597755382,1,"[{""id"": 134, ""x"": -71.6904296875, ""y"": 27.98271942138672, ""vx"": -3.3452898784425145e-10, ""vy"": -1.9481243007657412e-10, ""r"": 2.5906050205230713}]"
486,24.3,-37.9100341796875,24.54616928100586,-0.00013315804637663924,6.83222134521734e-05,0.006181945558637381,0.5,0.0,PlanStatus.OK,20,26.9161359661646,-0.03252006386797416,True,29.964144185602528,4.948281416871448e-05,1.7517567698927677e-05,0.20334908450350486,-0.03252006386797416,3.0,False,8.735599927604198,20,26.9161359661646,-0.03252006386797416,0.1,60,-37.91003423714391,24.54616928084629,0.0027790210057591826,6.83222134521734e-05,-29.059929203977667,24.570758442941845,0.002776956281730823,2.9500011387035587,1,"[{""id"": 134, ""x"": -71.6904296875, ""y"": 27.98271942138672, ""vx"": -3.851599594817401e-10, ""vy"": 5.2517226678538975e-11, ""r"": 2.5906050205230713}]"
487,24.35,-37.90904998779297,24.546173095703125,-0.00013049488528656,0.09779868030153308,0.006176141556352377,0.5,0.0,PlanStatus.OK,20,26.917120164859806,-0.032518984271865815,True,29.96512293779776,5.1453216368112734e-05,1.623162631840796e-05,0.20334940506634885,-0.032518984271865815,3.0,False,8.860499830916524,20,26.917120164859806,-0.032518984271865815,0.1,60,-37.90905004530919,24.546173095543388,0.0027790210061990656,0.09779868030153308,-28.77066509913962,24.571562815576428,0.0027770151394298495,2.9516299780050286,1,"[{""id"": 134, ""x"": -71.6904296875, ""y"": 27.98271942138672, ""vx"": -1.2933654147673224e-11, ""vy"": 1.339634236874332e-10, ""r"": 2.5906050205230713}]"
488,24.400000000000002,-37.90523910522461,24.54619026184082,-0.0001283643564144966,0.13400526671888965,0.0,0.0,1.0,PlanStatus.FAIL,20,26.92093108041753,-0.03251240870953419,False,29.96891251792892,0.3594793138317899,1.071889609954938,4.318879148608805,-0.03251240870953419,3.0,False,8.495300076901913,20,26.92093108041753,-0.03251240870953419,0.1,60,-37.90523916296815,24.54619026168045,0.0027790210063432,0.13400526671888965,-28.65145083585413,24.604599923124127,0.10996593901306781,2.9522334211119854,1,"[{""id"": 134, ""x"": -71.6904296875, ""y"": 27.98271942138672, ""vx"": 3.5898703454328995e-10, ""vy"": 1.6582078765647879e-10, ""r"": 2.5906050205230713}]"
489,24.450000000000003,-37.90400695800781,24.546194076538086,-0.0001320927738132849,3.3404668549097864e-05,0.006179687101393938,0.5,0.0,PlanStatus.OK,20,26.92216323347753,-0.032512018185592115,True,29.97013795420832,6.353409206551358e-05,1.7473803093220885e-05,0.20335129140686112,-0.032512018185592115,3.0,False,9.306399850174785,20,26.92216323347753,-0.032512018185592115,0.1,60,-37.90400701582792,24.546194076377503,0.0027790210059299796,3.3404668549097864e-05,-29.05400545502156,24.570782938855807,0.00277695745607107,2.95000055674448,1,"[{""id"": 134, ""x"": -71.6904296875, ""y"": 27.98271942138672, ""vx"": 1.3218332206577088e-08, ""vy"": 1.7829755449838558e-08, ""r"": 2.5906050205230713}]"
490,24.5,-37.903038024902344,24.54619789123535,-0.00012942961272320564,0.09676659160782071,0.006173882633447647,0.5,0.0,PlanStatus.OK,20,26.923132173442596,-0.032510896185042604,True,29.97110152786641,3.971457694533994e-05,1.4446836118457013e-05,0.20334642386548424,-0.032510896185042604,3.0,False,9.045799961313605,20,26.923132173442596,-0.032510896185042604,0.1,60,-37.90303808278121,24.54619789107461,0.002779021006195278,0.09676659160782071,-28.76769800608077,24.571579143439617,0.0027770156974132637,2.9516127765267983,1,"[{""id"": 134, ""x"": -71.6904296875, ""y"": 27.98271942138672, ""vx"": -1.8193583306569394e-09, ""vy"": -6.222953263801401e-10, ""r"": 2.5906050205230713}]"
491,24.55,-37.900596618652344,24.54620361328125,-0.00011345065431005288,0.02530860619717472,0.006140068173408508,0.5,0.0,PlanStatus.OK,20,26.92557358616683,-0.03251195887175977,True,29.97352982491573,1.535851490467491e-05,2.0019101071842328e-05,0.2033421165893668,-0.03251195887175977,3.0,False,8.069999981671572,20,26.92557358616683,-0.03251195887175977,0.1,60,-37.90059667668618,24.546203613120078,0.002779021006138738,0.02530860619717472,-28.9760399002415,24.570999508713516,0.0027769733176787083,2.950421810103289,1,"[{""id"": 134, ""x"": -71.6904296875, ""y"": 27.98271942138672, ""vx"": -3.3580715985692677e-09, ""vy"": -1.5015606535939696e-08, ""r"": 2.5906050205230713}]"
492,24.6,-37.89354705810547,24.546295166015625,-0.0003259708849164081,0.16146701178543785,0.0,0.0,1.0,PlanStatus.FAIL,20,26.932623373918638,-0.03243999734254135,False,29.980533953394648,0.9366231661649432,3.273572826823241,7.604785389608218,-0.03243999734254135,4.0,False,8.112699957564473,20,26.932623373918638,-0.03243999734254135,0.1,60,-37.8935471164519,24.546295165853582,0.002779021006381024,0.16146701178543785,-26.03443497542867,26.142087561213533,0.5313995796246921,3.9360244501964274,1,"[{""id"": 134, ""x"": -71.6904296875, ""y"": 27.98271942138672, ""vx"": -2.9719362526492432e-09, ""vy"": -9.449182408749479e-11, ""r"": 2.5906050205230713}]"
493,24.650000000000002,-37.89192581176758,24.546276092529297,-0.00025779400977431557,5.75274547518527e-05,0.006446437910199165,0.5,0.0,PlanStatus.OK,20,26.93424456099057,-0.032463576227046806,True,29.982148813066765,1.600805134531872e-05,1.640885946441878e-05,0.2033405808906006,-0.032463576227046806,3.0,False,7.578500080853701,20,26.93424456099057,-0.032463576227046806,0.1,60,-37.891925870257914,24.546276092366856,0.002779021006551942,5.75274547518527e-05,-29.041854040004797,24.570865125336866,0.0027769597358013338,2.9500009587909095,1,"[{""id"": 134, ""x"": -71.6904296875, ""y"": 27.98271942138672, ""vx"": -2.3945176952366864e-09, ""vy"": 7.109660637993898e-10, ""r"": 2.5906050205230713}]"
494,24.700000000000003,-37.89094543457031,24.54627799987793,-0.00025459820021157516,0.09783993564096877,0.0064394972287118435,0.5,0.0,PlanStatus.OK,20,26.93522493970269,-0.03246439337109926,True,29.98312396895475,5.633628283853277e-05,1.5609613957818375e-05,0.20334857506938142,-0.03246439337109926,3.0,False,7.795900106430054,20,26.93522493970269,-0.03246439337109926,0.1,60,-37.8909454931235,24.546277999715315,0.0027790210061344545,0.09783993564096877,-28.752440178997063,24.571668018081162,0.002777018532515844,2.9516306655940183,1,"[{""id"": 134, ""x"": -71.6904296875, ""y"": 27.98271942138672, ""vx"": 4.675010378818456e-10, ""vy"": 1.0257911187139257e-09, ""r"": 2.5906050205230713}]"
495,24.75,-37.886924743652344,24.546308517456055,-0.0002956108809987954,0.15006466633604007,0.0,0.0,1.0,PlanStatus.FAIL,20,26.939245699903736,-0.03244504948095385,False,29.987120954257115,0.738771033840564,2.1930540146597335,6.730919162075852,-0.03244504948095385,3.0,False,7.50099983997643,20,26.939245699903736,-0.03244504948095385,0.1,60,-37.88692480242223,24.54630851729284,0.0027790210062502135,0.15006466633604007,-28.59497638994567,24.637833392234516,0.22208239250601783,2.952501077772263,1,"[{""id"": 134, ""x"": -71.6904296875, ""y"": 27.98271942138672, ""vx"": 1.345924038886892e-09, ""vy"": 4.871236192194317e-10, ""r"": 2.5906050205230713}]"
496,24.8,-37.88555908203125,24.546310424804688,-0.0003030677320510173,3.6513915339394234e-05,0.006542513612657785,0.5,0.0,PlanStatus.OK,20,26.940611361551916,-0.03244693733713237,True,29.988479420732453,1.7142835109319617e-05,1.757181865289989e-05,0.20334017184713707,-0.03244693733713237,3.0,False,7.646700134500861,20,26.940611361551916,-0.03244693733713237,0.1,60,-37.88555914089001,24.546310424641224,0.002779021006193735,3.6513915339394234e-05,-29.03554977901171,24.570899271175293,0.002776960949829926,2.950000608565254,1,"[{""id"": 134, ""x"": -71.6904296875, ""y"": 27.98271942138672, ""vx"": 1.7179692113344913e-09, ""vy"": 4.1885955814890963e-10, ""r"": 2.5906050205230713}]"
497,24.85,-37.88459014892578,24.546316146850586,-0.0003004045384516474,0.09678379404067601,0.0065367030911147594,0.5,0.0,PlanStatus.OK,20,26.94158030681754,-0.032443907995318017,True,29.989442807443986,7.159066225825514e-05,1.905300097098609e-05,0.2033509583377297,-0.032443907995318017,3.0,False,7.591900182887912,20,26.94158030681754,-0.032443907995318017,0.1,60,-37.884590207839665,24.54631614668697,0.002779021006240231,0.09678379404067601,-28.749200706894936,24.571697499656956,0.0027770190717837915,2.95161306323401,1,"[{""id"": 134, ""x"": -71.6904296875, ""y"": 27.98271942138672, ""vx"": 9.789214994171402e-10, ""vy"": -2.0798333888460974e-10, ""r"": 2.5906050205230713}]"
498,24.900000000000002,-37.882164001464844,24.546321868896484,-0.00028549086885649435,0.02449392631896185,0.006505150347948074,0.5,0.0,PlanStatus.OK,20,26.94400646081163,-0.03244492827759401,True,29.991855938675982,1.2250168931083924e-05,2.1214756431987662e-05,0.20333962839860362,-0.03244492827759401,3.0,False,7.46740004979074,20,26.94400646081163,-0.03244492827759401,0.1,60,-37.882164060532396,24.54632186873244,0.002779021006768526,0.02449392631896185,-28.960011737651055,24.571111049810263,0.002776976278021794,2.9504082321053136,1,"[{""id"": 134, ""x"": -71.6904296875, ""y"": 27.98271942138672, ""vx"": -6.059270307723352e-10, ""vy"": -3.748824028981801e-10, ""r"": 2.5906050205230713}]"
499,24.950000000000003,-37.874656677246094,24.546260833740234,4.680171989218962e-05,0.1818008140721084,0.0,0.0,1.0,PlanStatus.FAIL,20,26.95151358642326,-0.03252682618300883,False,29.999330958675287,0.9226285961132175,3.1697121850705012,7.29727116538265,-0.03252682618300883,4.0,False,8.1515999045223,20,26.95151358642326,-0.03252682618300883,0.1,60,-37.87465673693366,24.546260833574472,0.0027790210062659726,0.1818008140721084,-25.966577823280392,26.18188013960703,0.5314156833790945,3.936363346901208,1,"[{""id"": 134, ""x"": -71.6904296875, ""y"": 27.98271942138672, ""vx"": -1.964369777951447e-09, ""vy"": -7.693287118470948e-10, ""r"": 2.5906050205230713}]"
500,25.0,-37.87303161621094,24.54634666442871,-0.0001214401375802906,7.084582700713463e-05,0.006157092750072479,0.5,0.0,PlanStatus.OK,20,26.953138879708263,-0.03244551189890545,True,30.000939016254435,1.8201850449466787e-05,1.8657746192274685e-05,0.20333913500145626,-0.03244551189890545,3.0,False,7.515500066801906,20,26.953138879708263,-0.03244551189890545,0.1,60,-37.87303167585098,24.54634666426308,0.0027790210060669373,7.084582700713463e-05,-29.022922056588996,24.570935763792775,0.0027769635085886668,2.950001180763786,1,"[{""id"": 134, ""x"": -71.6904296875, ""y"": 27.98271942138672, ""vx"": -2.096692597319816e-09, ""vy"": -6.620274883850641e-10, ""r"": 2.5906050205230713}]"
501,25.05,-37.87205123901367,24.546350479125977,-0.00011877697649021137,0.09780308270786578,0.006151276174932718,0.5,0.0,PlanStatus.OK,20,26.954119263720933,-0.032444421701689485,True,30.00191398521767,1.1267714903715312e-05,1.704020509210591e-05,0.20333767517866408,-0.032444421701689485,3.0,False,7.334900088608265,20,26.954119263720933,-0.032444421701689485,0.1,60,-37.87205129871306,24.54635047896018,0.0027790210062206824,0.09780308270786578,-28.73365617008998,24.57174015402703,0.0027770222313743833,2.951630051378467,1,"[{""id"": 134, ""x"": -71.6904296875, ""y"": 27.98271942138672, ""vx"": -2.048680558530691e-09, ""vy"": -8.354563707513307e-10, ""r"": 2.5906050205230713}]"
502,25.1,-37.86817169189453,24.546363830566406,-9.9069584423625e-05,0.1386697205769855,0.0,0.0,1.0,PlanStatus.FAIL,20,26.95799883296318,-0.03244185164187458,False,30.005772310224522,0.6524525728900673,1.9373404641963268,6.181665330957039,-0.03244185164187458,3.0,False,7.51060014590621,20,26.95799883296318,-0.03244185164187458,0.1,60,-37.868171751831916,24.54636383039995,0.002779021006154866,0.1386697205769855,-28.607762633512966,24.630330391924605,0.19651103443387283,2.952311162009617,1,"[{""id"": 134, ""x"": -71.6904296875, ""y"": 27.98271942138672, ""vx"": 0.0, ""vy"": 0.0, ""r"": 2.5906050205230713}]"
503,25.150000000000002,-37.86689376831055,24.54636573791504,-0.00010013484885965669,3.4251507458469405e-05,0.00611188355833292,0.5,0.0,PlanStatus.OK,20,26.95927675691305,-0.03244349567252084,True,30.00704349603688,1.7058834264486373e-05,1.74856902563714e-05,0.20333829330219622,-0.03244349567252084,3.0,False,7.503399858251214,20,26.95927675691305,-0.03244349567252084,0.1,60,-37.86689382833093,24.546365737748353,0.0027790210057586323,3.4251507458469405e-05,-29.016892646823667,24.570954523701026,0.0027769647247261205,2.95000057085846,1,"[{""id"": 134, ""x"": -71.6904296875, ""y"": 27.98271942138672, ""vx"": -3.0398988881685796e-10, ""vy"": 1.0154319746158436e-10, ""r"": 2.5906050205230713}]"
504,25.200000000000003,-37.865928649902344,24.546371459960938,-9.747168776957746e-05,0.09676175819454298,0.006106066517531872,0.5,0.0,PlanStatus.OK,20,26.960241887496135,-0.032440455729595294,True,30.00800309350953,1.2139815336203622e-05,1.72735083172346e-05,0.2033372062727402,-0.032440455729595294,3.0,False,7.790899835526943,20,26.960241887496135,-0.032440455729595294,0.1,60,-37.86592870997748,24.5463714597941,0.002779021006245177,0.09676175819454298,-28.730605713143007,24.57175259130041,0.0027770228274923035,2.9516126959699047,1,"[{""id"": 134, ""x"": -71.6904296875, ""y"": 27.98271942138672, ""vx"": 1.947978583993759e-11, ""vy"": 3.625395122996977e-11, ""r"": 2.5906050205230713}]"
505,25.25,-37.86285400390625,24.546396255493164,-0.00012889698863251248,0.08993198505945403,0.006172812078148127,0.5,0.0,PlanStatus.OK,20,26.963316590526773,-0.0324242047879278,True,30.01105948954916,1.0759448387426707e-05,1.598177024438735e-05,0.20333640767277125,-0.0324242047879278,3.0,False,7.6991000678390265,20,26.963316590526773,-0.0324242047879278,0.1,60,-37.86285406414356,24.546396255325874,0.0027790210065577877,0.08993198505945403,-28.747677390748798,24.571721433203333,0.0027770192674653397,2.9514988664176576,1,"[{""id"": 134, ""x"": -71.6904296875, ""y"": 27.98271942138672, ""vx"": 3.9120134909254034e-10, ""vy"": 1.425704138080519e-10, ""r"": 2.5906050205230713}]"
506,25.3,-37.855224609375,24.546369552612305,-3.2490565298966704e-05,0.1873687578546306,0.0,0.0,1.0,PlanStatus.FAIL,20,26.970945881389525,-0.032472109786047594,False,30.018652527767003,0.8465186263795851,3.0788322000759294,8.326583861982675,-0.032472109786047594,4.5,False,7.745899958536029,20,26.970945881389525,-0.032472109786047594,0.1,60,-37.855224670179076,24.54636955244344,0.002779021006372338,0.1873687578546306,-24.667314951356087,26.945977871762246,0.531685696643115,4.4281228126309085,1,"[{""id"": 134, ""x"": -71.6904296875, ""y"": 27.98271942138672, ""vx"": 8.567313525276177e-11, ""vy"": -2.0230794817166498e-10, ""r"": 2.5906050205230713}]"
507,25.35,-37.85380935668945,24.546342849731445,2.403530313510499e-05,6.166874137609001e-05,0.005848390981554985,0.5,0.0,PlanStatus.OK,20,26.972361054402334,-0.032502745575676305,True,30.020063235630204,1.4588445651299085e-05,1.7968822501163682e-05,0.20333649561270256,-0.032502745575676305,3.0,False,7.751400116831064,20,26.972361054402334,-0.032502745575676305,0.1,60,-37.8538094176396,24.546342849562176,0.002779021006563016,6.166874137609001e-05,-29.003728545159326,24.570931830446668,0.0027769676483540037,2.9500010278123554,1,"[{""id"": 134, ""x"": -71.6904296875, ""y"": 27.98271942138672, ""vx"": -2.0703105896302532e-10, ""vy"": 9.55163725890884e-11, ""r"": 2.5906050205230713}]"
508,25.400000000000002,-37.85282897949219,24.54634666442871,2.660112328165432e-05,0.09781944807274792,0.0058427779003977776,0.5,0.0,PlanStatus.OK,20,26.973341438415005,-0.03250165537846034,True,30.02103821045982,0.05749956254329443,0.17298705896030195,0.23987795790540356,-0.03250165537846034,3.0,False,8.246999932453036,20,26.973341438415005,-0.03250165537846034,0.1,60,-37.852829040501746,24.54634666425928,0.002779021006239329,0.09781944807274792,-28.698199292610497,24.577167741063025,0.020075672835909716,2.951630324134548,1,"[{""id"": 134, ""x"": -71.6904296875, ""y"": 27.98271942138672, ""vx"": 1.648755160177373e-10, ""vy"": 1.3433415491093115e-10, ""r"": 2.5906050205230713}]"
509,25.450000000000003,-37.84895324707031,24.54635238647461,5.972336644809526e-05,0.1376891559439533,0.0,0.0,1.0,PlanStatus.FAIL,20,26.977217171772498,-0.0325067040826079,False,30.024893534129397,0.7473844540361774,2.2184790064695363,6.785191650304336,-0.0325067040826079,3.0,False,8.030900033190846,20,26.977217171772498,-0.0325067040826079,0.1,60,-37.84895330833232,24.546352386304477,0.0027790210062488075,0.1376891559439533,-28.59368655277671,24.63851915703053,0.22462489229861135,2.952294819265737,1,"[{""id"": 134, ""x"": -71.6904296875, ""y"": 27.98271942138672, ""vx"": 8.571306858717875e-11, ""vy"": -1.8699373993680268e-10, ""r"": 2.5906050205230713}]"
510,25.5,-37.84768295288086,24.54635238647461,6.023417680476204e-05,3.390034078549242e-05,0.005771576892584562,0.5,0.0,PlanStatus.OK,20,26.97848746105674,-0.032510234252300194,True,30.026157329691657,1.344461723305405e-05,1.842080620246319e-05,0.20333565579371193,-0.032510234252300194,3.0,False,7.356800138950348,20,26.97848746105674,-0.032510234252300194,0.1,60,-37.84768301422916,24.546352386304235,0.0027790210063134246,3.390034078549242e-05,-28.99768456479902,24.570941125923397,0.0027769689098729256,2.9500005650056798,1,"[{""id"": 134, ""x"": -71.6904296875, ""y"": 27.98271942138672, ""vx"": -2.0697996094831694e-10, ""vy"": 1.0484090678941627e-10, ""r"": 2.5906050205230713}]"
511,25.55,-37.84671401977539,24.546356201171875,6.269749922155205e-05,0.09677284032017056,0.005766181740909815,0.5,0.0,PlanStatus.OK,20,26.979456401021807,-0.03250911225175068,True,30.02712092087002,0.07389562882383757,0.2221722383383375,0.25029834210623564,-0.03250911225175068,3.0,False,7.616700138896704,20,26.979456401021807,-0.03250911225175068,0.1,60,-37.84671408118232,24.546356201001338,0.002779021006510111,0.09677284032017056,-28.695591189839664,24.57869021788233,0.024994191421746137,2.951612880672006,1,"[{""id"": 134, ""x"": -71.6904296875, ""y"": 27.98271942138672, ""vx"": 2.134294824207572e-10, ""vy"": 1.4806894599317388e-10, ""r"": 2.5906050205230713}]"
512,25.6,-37.84426498413086,24.546361923217773,7.790491463969931e-05,0.026233779242706,0.005734005477279425,0.5,0.0,PlanStatus.OK,20,26.98190544311111,-0.032510196140690194,True,30.029556851764916,1.4356084711253573e-05,1.872366918032834e-05,0.20333545912251016,-0.032510196140690194,3.0,False,7.53420009277761,20,26.98190544311111,-0.032510196140690194,0.1,60,-37.84426504569339,24.546361923046806,0.0027790210060676637,0.026233779242706,-28.916983815052294,24.571165271168844,0.002776985327137377,2.9504372296540455,1,"[{""id"": 134, ""x"": -71.6904296875, ""y"": 27.98271942138672, ""vx"": -9.408567674951129e-11, ""vy"": 7.80362441332727e-11, ""r"": 2.5906050205230713}]"
513,25.650000000000002,-37.83660888671875,24.546432495117188,-9.693904742423895e-05,0.20097810677925532,0.0,0.0,1.0,PlanStatus.FAIL,20,26.98956170707992,-0.032460900941934795,False,30.037166673460312,0.9595688553878904,3.1060503681010525,7.942738845264847,-0.032460900941934795,3.5,False,7.681799819692969,20,26.98956170707992,-0.032460900941934795,0.1,60,-37.836608948667234,24.54643249494515,0.0027778787451318,0.20097810677925532,-27.15377554520485,25.48424409050847,0.5311609918454718,3.4450163017796496,1,"[{""id"": 134, ""x"": -71.6904296875, ""y"": 27.98271942138672, ""vx"": -1.2075156430313427e-09, ""vy"": -1.4851636365165177e-08, ""r"": 2.5906050205230713}]"
514,25.700000000000003,-37.834800720214844,24.54641342163086,-3.355582770316774e-05,6.608098192711014e-05,0.005970609840005636,0.5,0.0,PlanStatus.OK,20,26.99136981359608,-0.03248499928083829,True,30.038967522931365,1.1010862016538136e-05,1.9390540189657968e-05,0.20333388828858087,-0.03248499928083829,3.0,False,7.482500048354268,20,26.99136981359608,-0.03248499928083829,0.1,60,-37.83480078232259,24.54641342145838,0.002779021006680739,6.608098192711014e-05,-28.98470840177965,24.57100239583671,0.002776971440782797,2.9500011013497014,1,"[{""id"": 134, ""x"": -71.6904296875, ""y"": 27.98271942138672, ""vx"": -1.9649220028838954e-09, ""vy"": -6.318047196529619e-10, ""r"": 2.5906050205230713}]"
515,25.75,-37.83382034301758,24.546417236328125,-3.0892666613088495e-05,0.09781079222413346,0.0,0.0,1.0,PlanStatus.FAIL,20,26.992350197608754,-0.032483909083622316,False,30.039942503776132,0.161187123896736,0.48310159298767574,3.0578029923020544,-0.032483909083622316,3.0,False,8.342700079083443,20,26.992350197608754,-0.032483909083622316,0.1,60,-37.83382040518465,24.54641723615548,0.0027781013545540756,0.09781079222413346,-28.681878266988978,24.5867698423186,0.051087130023508585,2.9516301798703983,1,"[{""id"": 134, ""x"": -71.6904296875, ""y"": 27.98271942138672, ""vx"": -2.2443225056179017e-09, ""vy"": -4.237746611956972e-11, ""r"": 2.5906050205230713}]"
516,25.8,-37.83388900756836,24.546415328979492,-3.036003439507265e-05,5.3835472768009384e-06,0.005963828414678574,0.5,0.0,PlanStatus.OK,20,26.992281528022563,-0.03248562560490726,True,30.039874382786714,1.0858280916040772e-05,1.9445283542902578e-05,0.2033337651492412,-0.03248562560490726,3.0,False,7.646800018846989,20,26.992281528022563,-0.03248562560490726,0.1,60,-37.833889069734425,24.54641532880685,0.0027790210061626472,5.3835472768009384e-06,-28.983975806730772,24.5710038039344,0.0027769715924795117,2.9500000897257905,1,"[{""id"": 134, ""x"": -71.6904296875, ""y"": 27.98271942138672, ""vx"": -1.112435366046327e-09, ""vy"": -3.4494826439690485e-10, ""r"": 2.5906050205230713}]"
517,25.85,-37.83295440673828,24.54642105102539,-2.822950552300926e-05,0.09446960821040513,0.0,0.0,1.0,PlanStatus.FAIL,20,26.993216141145368,-0.03248250085309938,False,30.04080362892303,0.11179157367378198,0.33562023157678367,2.74382256490661,-0.03248250085309938,3.0,False,7.619500160217285,20,26.993216141145368,-0.03248250085309938,0.1,60,-37.83295446895691,24.5464210508526,0.002778007682187441,0.09446960821040513,-28.689612947250577,24.582230695886583,0.03633899205081643,2.951574493470169,1,"[{""id"": 134, ""x"": -71.6904296875, ""y"": 27.98271942138672, ""vx"": -2.2396938470503613e-10, ""vy"": -6.281173497990622e-11, ""r"": 2.5906050205230713}]"
518,25.900000000000002,-37.83304977416992,24.54642105102539,-2.7696873304993412e-05,1.7447153497483416e-06,0.005958177614957094,0.5,0.0,PlanStatus.OK,20,26.993120774081987,-0.032482235825344756,True,30.040708748919066,1.0701512662335699e-05,1.950716827722309e-05,0.20333365024003971,-0.032482235825344756,3.0,False,7.619099924340844,20,26.993120774081987,-0.032482235825344756,0.1,60,-37.83304983638207,24.546421050852622,0.002779021006242212,1.7447153497483416e-06,-28.98314736801408,24.5710094943011,0.00277697174617021,2.9500000290785935,1,"[{""id"": 134, ""x"": -71.6904296875, ""y"": 27.98271942138672, ""vx"": 7.417428893319311e-10, ""vy"": 9.431904146595116e-10, ""r"": 2.5906050205230713}]"
519,25.950000000000003,-37.832176208496094,24.546422958374023,-2.556634646476069e-05,0.09143778842486373,0.005953542422503233,0.5,0.0,PlanStatus.OK,20,26.993994341683116,-0.032482756138309046,True,30.04157765727207,0.06736211993468029,0.202566189772167,0.2461422673625249,-0.032482756138309046,3.0,False,7.603400154039264,20,26.993994341683116,-0.032482756138309046,0.1,60,-37.83217627076396,24.5464229582011,0.002777919918479097,0.09143778842486373,-28.696637203591177,24.578106702665252,0.02303358621340379,2.951523963140413,1,"[{""id"": 134, ""x"": -71.6904296875, ""y"": 27.98271942138672, ""vx"": 5.1619961777271683e-11, ""vy"": 1.1758512219461892e-10, ""r"": 2.5906050205230713}]"
520,26.0,-37.83066940307617,24.546424865722656,-2.23705531566656e-05,0.010153281726370917,0.005946869496256113,0.5,0.0,PlanStatus.OK,20,26.9955011465851,-0.03248503623556566,True,30.043076569479553,1.2145351365649525e-05,2.108380115765484e-05,0.20333390379249447,-0.03248503623556566,3.0,False,7.680600043386221,20,26.9955011465851,-0.03248503623556566,0.1,60,-37.83066946544281,24.546424865549458,0.0027785380570052023,0.010153281726370917,-28.950822711219175,24.571096459851702,0.0027769783293201656,2.9501692213621045,1,"[{""id"": 134, ""x"": -71.6904296875, ""y"": 27.98271942138672, ""vx"": 4.236489492548401e-10, ""vy"": 1.675082850205456e-10, ""r"": 2.5906050205230713}]"
521,26.05,-37.82670211791992,24.54644203186035,-3.0892666613088495e-05,0.08453123062724884,0.0059648542664945126,0.5,0.0,PlanStatus.OK,20,26.999468464126767,-0.032478895318753274,True,30.047021849835232,1.6210545424654564e-05,1.752696315421385e-05,0.20333372848227121,-0.032478895318753274,3.0,False,7.887399988248944,20,26.999468464126767,-0.032478895318753274,0.1,60,-37.82670218052327,24.546442031686496,0.0027771690990118975,0.08453123062724884,-28.727459459248173,24.571722889044914,0.0027770236973009327,2.9514088538437875,1,"[{""id"": 134, ""x"": -71.6904296875, ""y"": 27.98271942138672, ""vx"": 7.955697212125301e-10, ""vy"": 1.9936219342042705e-10, ""r"": 2.5906050205230713}]"
522,26.1,-37.818660736083984,24.546566009521484,-0.0001603222813681248,0.2110896756282728,0.0,0.0,1.0,PlanStatus.FAIL,20,27.00751022188789,-0.032377250788037375,False,30.055009707364476,0.924043398573563,2.9417770307452296,7.527416842879038,-0.032377250788037375,3.5,False,7.543100044131279,20,27.00751022188789,-0.032377250788037375,0.1,60,-37.81866073561488,24.546566009522788,0.002777092470148416,0.2110896756282728,-27.11271461279947,25.508464562984557,0.5311691789341239,3.445184827927139,1,"[{""id"": 134, ""x"": -71.6904296875, ""y"": 27.98271942138672, ""vx"": 1.167491658904396e-09, ""vy"": 2.312155883421596e-10, ""r"": 2.5906050205230713}]"
523,26.150000000000002,-37.8173713684082,24.546588897705078,-0.00019441075957578438,7.583779859132217e-05,0.006311941426247358,0.5,0.0,PlanStatus.OK,20,27.008799648154238,-0.03235794338136205,True,30.05629018155919,1.16537839179995e-05,2.0694109523302674e-05,0.20333228577471277,-0.03235794338136205,3.0,False,7.323900004848838,20,27.008799648154238,-0.03235794338136205,0.1,60,-37.81737136785892,24.546588897706602,0.0027770924711736237,7.583779859132217e-05,-28.96725135048899,24.57117793034467,0.002776974424536507,2.9500012639633137,1,"[{""id"": 134, ""x"": -71.6904296875, ""y"": 27.98271942138672, ""vx"": 1.5394142627300766e-09, ""vy"": 2.630687334637116e-10, ""r"": 2.5906050205230713}]"
524,26.200000000000003,-37.816383361816406,24.54659080505371,-0.00019174759848570515,0.09819689927311613,0.0,0.0,1.0,PlanStatus.FAIL,20,27.00978765623304,-0.032358779822226624,False,30.057272951296554,0.2646004964208503,0.790487757619543,3.715090463351984,-0.032358779822226624,3.0,False,7.516799960285425,20,27.00978765623304,-0.032358779822226624,0.1,60,-37.81638336120545,24.54659080505541,0.0027770924700307124,0.09819689927311613,-28.66596121596524,24.59625937993403,0.08182574970777255,2.9516366149878883,1,"[{""id"": 134, ""x"": -71.6904296875, ""y"": 27.98271942138672, ""vx"": 1.0075136280818242e-09, ""vy"": -1.0021819485395156e-10, ""r"": 2.5906050205230713}]"
525,26.25,-37.81644821166992,24.54659080505371,-0.00019121495001304397,6.485779148953434e-06,0.0063051581382751465,0.5,0.0,PlanStatus.OK,20,27.009722806629593,-0.032358599728418404,True,30.057208432530956,1.1814845034256898e-05,2.0747724248978278e-05,0.20333222405606546,-0.032358599728418404,3.0,False,8.192799985408783,20,27.009722806629593,-0.032358599728418404,0.1,60,-37.81644821106302,24.546590805055395,0.00277709246991079,6.485779148953434e-06,-28.966532840997466,24.571179269305727,0.0027769745729842384,2.950000108096318,1,"[{""id"": 134, ""x"": -71.6904296875, ""y"": 27.98271942138672, ""vx"": -2.670373366875367e-10, ""vy"": -4.868362935006587e-10, ""r"": 2.5906050205230713}]"
526,26.3,-37.81550598144531,24.54659652709961,-0.00018855178892296473,0.09485444851079798,0.0,0.0,1.0,PlanStatus.FAIL,20,27.01066504911148,-0.03235549436168284,False,30.058145274910004,0.214306190567522,0.6411396329926458,3.395379661177225,-0.03235549436168284,3.0,False,7.799300132319331,20,27.01066504911148,-0.03235549436168284,0.1,60,-37.815505980779676,24.546596527101457,0.0027770924700665986,0.09485444851079798,-28.673690264836107,24.591725679863032,0.06689093541370135,2.9515809074751833,1,"[{""id"": 134, ""x"": -71.6904296875, ""y"": 27.98271942138672, ""vx"": -1.3209273674874566e-09, ""vy"": -2.8159796716664687e-10, ""r"": 2.5906050205230713}]"
527,26.35,-37.81560134887695,24.54659652709961,-0.0001880191567049489,1.9949223366602917e-06,0.006298374850302935,0.5,0.0,PlanStatus.OK,20,27.01056968204759,-0.03235522951784722,True,30.058050394346168,1.1980961846371748e-05,2.0809898158020285e-05,0.20333217303139411,-0.03235522951784722,3.0,False,8.322000037878752,20,27.01056968204759,-0.03235522951784722,0.1,60,-37.815601348217264,24.546596527101443,0.0027770924699927315,1.9949223366602917e-06,-28.965699286406007,24.57118495431231,0.002776974726785371,2.9500000332487044,1,"[{""id"": 134, ""x"": -71.6904296875, ""y"": 27.98271942138672, ""vx"": -1.6136390001975087e-09, ""vy"": 1.800184480649225e-11, ""r"": 2.5906050205230713}]"
528,26.400000000000002,-37.814720153808594,24.546600341796875,-0.0001858886278328855,0.0917781998034707,0.0,0.0,1.0,PlanStatus.FAIL,20,27.011450884311706,-0.032353861992332845,False,30.058926705898017,0.16827320818337976,0.5041384570631565,3.1027716119463875,-0.032353861992332845,3.0,False,7.393399951979518,20,27.011450884311706,-0.032353861992332845,0.1,60,-37.81472015309396,24.54660034179886,0.002777092470214724,0.0917781998034707,-28.680821708391424,24.587540916058433,0.053190816137163324,2.9515296366633907,1,"[{""id"": 134, ""x"": -71.6904296875, ""y"": 27.98271942138672, ""vx"": 2.9427862924258363e-10, ""vy"": 1.547572486826354e-10, ""r"": 2.5906050205230713}]"
529,26.450000000000003,-37.814842224121094,24.546600341796875,-0.00018535599561486966,2.7269846829937603e-06,0.006292722187936306,0.5,0.0,PlanStatus.OK,20,27.011328814469927,-0.03235352299222326,True,30.058805258746723,1.2131343450594604e-05,2.0866657560606253e-05,0.20333212772567086,-0.03235352299222326,3.0,False,8.753800066187978,20,27.011328814469927,-0.03235352299222326,0.1,60,-37.814842223414075,24.54660034179884,0.0027770924705706667,2.7269846829937603e-06,-28.964938060016493,24.571188774775226,0.002776974873325261,2.9500000454497455,1,"[{""id"": 134, ""x"": -71.6904296875, ""y"": 27.98271942138672, ""vx"": 6.661990958889419e-10, ""vy"": 1.8666138079659333e-10, ""r"": 2.5906050205230713}]"
530,26.5,-37.81401824951172,24.546600341796875,-0.00018322546674280626,0.08927166138975615,0.0,0.0,1.0,PlanStatus.FAIL,20,27.012152785901957,-0.03235581124296653,False,30.059625027104502,0.13139496799483788,0.394137370933037,2.8683652614389885,-0.03235581124296653,3.0,False,7.750099990516901,20,27.012152785901957,-0.03235581124296653,0.1,60,-37.814018248753236,24.54660034179898,0.0027770924700163866,0.08927166138975615,-28.686577792197376,24.5841594425008,0.0421907061790315,2.9514878610231614,1,"[{""id"": 134, ""x"": -71.6904296875, ""y"": 27.98271942138672, ""vx"": -9.207794249288526e-11, ""vy"": -1.9430895781269442e-10, ""r"": 2.5906050205230713}]"
531,26.55,-37.81416702270508,24.546600341796875,-0.00018269283452479042,3.9258806733242294e-06,0.006287069525569677,0.5,0.0,PlanStatus.OK,20,27.012004013282283,-0.032355398086582964,True,30.059477013358205,1.2265267910179439e-05,2.0917229995942935e-05,0.20333208744051035,-0.032355398086582964,3.0,False,7.446300005540252,20,27.012004013282283,-0.032355398086582964,0.1,60,-37.814167021955896,24.546600341798957,0.002777092470198459,3.9258806733242294e-06,-28.964259380849466,24.57118878437815,0.002776975019153635,2.950000065431346,1,"[{""id"": 134, ""x"": -71.6904296875, ""y"": 27.98271942138672, ""vx"": -3.8478603636704634e-10, ""vy"": 1.0447291642901035e-10, ""r"": 2.5906050205230713}]"
532,26.6,-37.81337356567383,24.54660415649414,-0.00018056230565272703,0.08773175303307343,0.0,0.0,1.0,PlanStatus.FAIL,20,27.012797477847624,-0.0323537869047398,False,30.060266035135484,0.11003478851751768,0.33031071354645186,2.7325985995209736,-0.0323537869047398,3.0,False,7.4881999753415585,20,27.012797477847624,-0.0323537869047398,0.1,60,-37.813373564875164,24.546604156496358,0.0027770924702128453,0.08773175303307343,-28.689932070699697,24.582192604491322,0.03580803964339874,2.951462195883887,1,"[{""id"": 134, ""x"": -71.6904296875, ""y"": 27.98271942138672, ""vx"": -1.2879448375857638e-11, ""vy"": 1.4329085140651898e-10, ""r"": 2.5906050205230713}]"
533,26.650000000000002,-37.81353759765625,24.54660415649414,-0.0001800296734347112,4.364819046782717e-06,0.006281416863203049,0.5,0.0,PlanStatus.OK,20,27.012633446497727,-0.03235333137334254,True,30.060102840459045,1.2389904752793355e-05,2.096425476787525e-05,0.203332049873371,-0.03235333137334254,3.0,False,8.209899999201298,20,27.012633446497727,-0.03235333137334254,0.1,60,-37.81353759686783,24.54660415649633,0.0027770924701236116,4.364819046782717e-06,-28.96362870752871,24.57119260248199,0.0027769751376315794,2.9500000727469824,1,"[{""id"": 134, ""x"": -71.6904296875, ""y"": 27.98271942138672, ""vx"": 1.346542460867184e-10, ""vy"": -1.1775622144050146e-10, ""r"": 2.5906050205230713}]"
534,26.700000000000003,-37.81275939941406,24.546606063842773,-0.0001778991445626478,0.0869315389227956,0.0,0.0,1.0,PlanStatus.FAIL,20,27.013411647035966,-0.0323535851577652,False,30.060876873967892,0.10049599427110104,0.30177946046585624,2.671969545204953,-0.0323535851577652,3.0,False,7.539200130850077,20,27.013411647035966,-0.0323535851577652,0.1,60,-37.81275939857709,24.546606063845097,0.002777092470158957,0.0869315389227956,-28.691434553498887,24.5813107818077,0.03295491398137479,2.9514488589820482,1,"[{""id"": 134, ""x"": -71.6904296875, ""y"": 27.98271942138672, ""vx"": -1.5835907585248776e-10, ""vy"": 1.313640307643027e-10, ""r"": 2.5906050205230713}]"
535,26.75,-37.81293487548828,24.546606063842773,-0.00017736651234463193,4.8050636180590855e-06,0.006275764666497707,0.5,0.0,PlanStatus.OK,20,27.013236171638404,-0.03235309784510767,True,30.06070229358344,1.250925809163997e-05,2.1009271001320128e-05,0.2033320138820718,-0.03235309784510767,3.0,False,8.858900051563978,20,27.013236171638404,-0.03235309784510767,0.1,60,-37.81293487466227,24.54660606384507,0.0027770924704490574,4.8050636180590855e-06,-28.963024735027197,24.571194513249587,0.00277697525890093,2.9500000800843984,1,"[{""id"": 134, ""x"": -71.6904296875, ""y"": 27.98271942138672, ""vx"": -1.2818239525369535e-11, ""vy"": 1.4662401848219986e-10, ""r"": 2.5906050205230713}]"
536,26.8,-37.81216049194336,24.546606063842773,-0.00017523598347256856,0.08655563984920185,0.0,0.0,1.0,PlanStatus.FAIL,20,27.014010552197213,-0.03235524837705642,False,30.06147272447984,0.09771638280269089,0.29346216632565575,2.6543011883460794,-0.03235524837705642,3.0,False,7.395199965685606,20,27.014010552197213,-0.03235524837705642,0.1,60,-37.81216049106897,24.546606063845203,0.0027770924700125546,0.08655563984920185,-28.691872433611607,24.58105178873979,0.03212318447139462,2.9514425939974847,1,"[{""id"": 134, ""x"": -71.6904296875, ""y"": 27.98271942138672, ""vx"": 1.325832221787948e-10, ""vy"": 1.3950397781403723e-10, ""r"": 2.5906050205230713}]"
537,26.85,-37.812339782714844,24.546606063842773,-0.0001747033512545527,5.031361353433908e-06,0.006270112004131079,0.5,0.0,PlanStatus.OK,20,27.013831262117094,-0.03235475047064546,True,30.061294348837635,1.2627034285951576e-05,2.1053653445242404e-05,0.20333197830544894,-0.03235475047064546,3.0,False,8.141899947077036,20,27.013831262117094,-0.03235475047064546,0.1,60,-37.812339781851655,24.54660606384517,0.0027770924701277316,5.031361353433908e-06,-28.962429026467724,24.57119451491155,0.002776975386947624,2.95000008385602,1,"[{""id"": 134, ""x"": -71.6904296875, ""y"": 27.98271942138672, ""vx"": 5.175160300296966e-11, ""vy"": 1.3780541985308759e-10, ""r"": 2.5906050205230713}]"
538,26.900000000000002,-37.81157302856445,24.546607971191406,-0.0001725728223824893,0.08638890125108713,0.0,0.0,1.0,PlanStatus.FAIL,20,27.014598018607668,-0.03235497247380785,False,30.06205699695476,0.09823759585767872,0.2950213144667046,2.657612309178335,-0.03235497247380785,3.0,False,8.27899994328618,20,27.014598018607668,-0.03235497247380785,0.1,60,-37.81157302765342,24.546607971193936,0.0027770924698678383,0.08638890125108713,-28.69179034467161,24.581100300275033,0.03227909930379025,2.951439815020854,1,"[{""id"": 134, ""x"": -71.6904296875, ""y"": 27.98271942138672, ""vx"": -2.906873873553817e-11, ""vy"": 1.2865714049681287e-10, ""r"": 2.5906050205230713}]"
539,26.950000000000003,-37.81175231933594,24.546607971191406,-0.00017204019016447346,5.173701780351781e-06,0.006264459807425737,0.5,0.0,PlanStatus.OK,20,27.01441872852755,-0.03235447456739334,True,30.061878621280044,1.2743278623386812e-05,2.109746258376413e-05,0.20333194320374265,-0.03235447456739334,3.0,False,7.633799919858575,20,27.01441872852755,-0.03235447456739334,0.1,60,-37.8117523184361,24.546607971193904,0.0027770924708142193,5.173701780351781e-06,-28.961841190172702,24.571196423243933,0.0027769755047556723,2.950000086228365,1,"[{""id"": 134, ""x"": -71.6904296875, ""y"": 27.98271942138672, ""vx"": -1.0792099158773993e-10, ""vy"": -1.4396522862725192e-10, ""r"": 2.5906050205230713}]"
540,27.0,-37.81098937988281,24.54660987854004,-0.00016990966129241006,0.08631992274867514,0.0,0.0,1.0,PlanStatus.FAIL,20,27.015181670335565,-0.032354685976805846,False,30.062637474311664,0.100311303263391,0.3012256707020227,2.6707907708401257,-0.032354685976805846,3.0,False,7.999599911272526,20,27.015181670335565,-0.032354685976805846,0.1,60,-37.81098937893536,24.54660987854267,0.0027770924700618667,0.08631992274867514,-28.691463455396683,24.581292537994457,0.032899535003150945,2.951438665379141,1,"[{""id"": 134, ""x"": -71.6904296875, ""y"": 27.98271942138672, ""vx"": -1.3502917672880699e-09, ""vy"": -6.180879141837181e-10, ""r"": 2.5906050205230713}]"
541,27.05,-37.81116485595703,24.54660987854004,-0.00016937702907439422,5.316434936015355e-06,0.006258807145059109,0.5,0.0,PlanStatus.OK,20,27.015006194938003,-0.032354198664144775,True,30.062462893832354,1.2859521967984955e-05,2.114127000491829e-05,0.20333190810409268,-0.032354198664144775,3.0,False,7.639099843800068,20,27.015006194938003,-0.032354198664144775,0.1,60,-37.81116485502055,24.54660987854264,0.0027770924706454906,5.316434936015355e-06,-28.961253352718405,24.571198331579595,0.0027769756225335114,2.950000088607253,1,"[{""id"": 134, ""x"": -71.6904296875, ""y"": 27.98271942138672, ""vx"": -2.4043365076664713e-09, ""vy"": -3.7243011452581243e-10, ""r"": 2.5906050205230713}]"
542,27.1,-37.81040573120117,24.54660987854004,-0.00016777913242034667,0.08627759547935022,0.0,0.0,1.0,PlanStatus.FAIL,20,27.015765316766586,-0.03235630682107982,False,30.063218144232977,0.10281737852563244,0.30872310606716724,2.686717263359405,-0.03235630682107982,3.0,False,7.5258000288158655,20,27.015765316766586,-0.03235630682107982,0.1,60,-37.81040573021726,24.54660987854277,0.002777092470190763,0.08627759547935022,-28.691067973117374,24.5815228326294,0.03364927863949438,2.9514379599246596,1,"[{""id"": 134, ""x"": -71.6904296875, ""y"": 27.98271942138672, ""vx"": -2.017931599596068e-09, ""vy"": -1.318783277026725e-11, ""r"": 2.5906050205230713}]"
543,27.150000000000002,-37.81058120727539,24.54660987854004,-0.00016724650020233083,5.360629330453013e-06,0.006254285108298063,0.5,0.0,PlanStatus.OK,20,27.015589841369025,-0.032355819508422284,True,30.063043563723056,1.2974978695669244e-05,2.1184752101175222e-05,0.20333187320145532,-0.032355819508422284,3.0,False,7.410000078380108,20,27.015589841369025,-0.032355819508422284,0.1,60,-37.81058120630244,24.546609878542743,0.0027770924692100333,5.360629330453013e-06,-28.960669624423907,24.57119833175375,0.0027769757480496375,2.950000089343822,1,"[{""id"": 134, ""x"": -71.6904296875, ""y"": 27.98271942138672, ""vx"": -1.06377129327484e-09, ""vy"": -3.100314727166875e-10, ""r"": 2.5906050205230713}]"
544,27.200000000000003,-37.80982208251953,24.546613693237305,-0.00016511597133026743,0.08626594254562286,0.0,0.0,1.0,PlanStatus.FAIL,20,27.016348973791363,-0.03235411298279831,False,30.063798429351017,0.10581453544871716,0.31768700771953634,2.7057649705990245,-0.03235411298279831,3.0,False,7.416600128635764,20,27.016348973791363,-0.03235411298279831,0.1,60,-37.80982208149927,24.54661369324014,0.002777092470022848,0.08626594254562286,-28.690596567688644,24.581802122676596,0.03454566890663589,2.951437765709092,1,"[{""id"": 134, ""x"": -71.6904296875, ""y"": 27.98271942138672, ""vx"": 0.0, ""vy"": 0.0, ""r"": 2.5906050205230713}]"
545,27.25,-37.80999755859375,24.546613693237305,-0.0001645833391122516,5.401068748444781e-06,0.006248632445931435,0.5,0.0,PlanStatus.OK,20,27.0161734983938,-0.03235362567014077,True,30.063623848808504,1.3090437239710037e-05,2.122826486117193e-05,0.2033318383486303,-0.03235362567014077,3.0,False,7.670000195503235,20,27.0161734983938,-0.03235362567014077,0.1,60,-37.809997557584445,24.546613693240108,0.002777092470365059,5.401068748444781e-06,-28.960085898944204,24.571202146608478,0.0027769758563956754,2.9500000900178116,1,"[{""id"": 134, ""x"": -71.6904296875, ""y"": 27.98271942138672, ""vx"": 9.89716530952478e-10, ""vy"": 1.0178986126208045e-11, ""r"": 2.5906050205230713}]"
546,27.3,-37.80923843383789,24.546615600585938,-0.0001624528102401882,0.08626414598177973,0.0,0.0,1.0,PlanStatus.FAIL,20,27.01693262551926,-0.03235382648579631,False,30.064378907033472,0.10897479574697845,0.32713735840705116,2.725849329224598,-0.03235382648579631,3.0,False,7.597499992698431,20,27.01693262551926,-0.03235382648579631,0.1,60,-37.809238432781214,24.546615600588872,0.002777092470403399,0.08626414598177973,-28.690099189837177,24.58209444859029,0.035490704091258506,2.9514377357663655,1,"[{""id"": 134, ""x"": -71.6904296875, ""y"": 27.98271942138672, ""vx"": 1.3455403458095816e-09, ""vy"": 2.828574596769329e-10, ""r"": 2.5906050205230713}]"
547,27.35,-37.80941390991211,24.546615600585938,-0.00016192017802217236,5.454981176898561e-06,0.006242979783564806,0.5,0.0,PlanStatus.OK,20,27.0167571501217,-0.03235333917313879,True,30.06420432645934,1.3205897964875586e-05,2.1271761083581364e-05,0.20333180347504762,-0.03235333917313879,3.0,False,7.378099951893091,20,27.0167571501217,-0.03235333917313879,0.1,60,-37.809413908866404,24.54661560058884,0.0027770924703696123,5.454981176898561e-06,-28.95950213785194,24.571204054218008,0.002776975973325471,2.950000090916357,1,"[{""id"": 134, ""x"": -71.6904296875, ""y"": 27.98271942138672, ""vx"": 1.7174631716798672e-09, ""vy"": 3.147251903534709e-10, ""r"": 2.5906050205230713}]"
548,27.400000000000002,-37.80865478515625,24.546615600585938,-0.00015978964915010896,0.08625907995906393,0.0,0.0,1.0,PlanStatus.FAIL,20,27.01751627195028,-0.03235544733007383,False,30.06495957727015,0.11208662564646862,0.3364415104084184,2.745625870052044,-0.03235544733007383,3.0,False,7.439400069415569,20,27.01751627195028,-0.03235544733007383,0.1,60,-37.80865478406311,24.546615600588975,0.00277709246996782,0.08625907995906393,-28.689609149383603,24.58238025530654,0.036421119413478045,2.9514376513326495,1,"[{""id"": 134, ""x"": -71.6904296875, ""y"": 27.98271942138672, ""vx"": 1.1855624260093123e-09, ""vy"": -4.856189061985816e-11, ""r"": 2.5906050205230713}]"
549,27.450000000000003,-37.80883026123047,24.546615600585938,-0.00015925701693209312,5.4138324439678035e-06,0.006237327586859465,0.5,0.0,PlanStatus.OK,20,27.01734079655272,-0.032354960017416286,True,30.064784996665402,1.332132918945462e-05,2.1315216898664877e-05,0.20333176857093788,-0.032354960017416286,3.0,False,7.469600066542625,20,27.01734079655272,-0.032354960017416286,0.1,60,-37.8088302601483,24.546615600588943,0.002777092470294507,5.4138324439678035e-06,-28.95891866130415,24.57120405369328,0.0027769760987954475,2.950000090230543,1,"[{""id"": 134, ""x"": -71.6904296875, ""y"": 27.98271942138672, ""vx"": -2.506930496526394e-10, ""vy"": -4.5019027394843647e-10, ""r"": 2.5906050205230713}]"
550,27.5,-37.80807113647461,24.54661750793457,-0.00015765912027804557,0.08625695497702197,0.0,0.0,1.0,PlanStatus.FAIL,20,27.018099923678182,-0.03235516083307183,False,30.065540055166217,0.11524572955247578,0.34588450570013557,2.7657028758023223,-0.03235516083307183,3.0,False,8.010300109162927,20,27.018099923678182,-0.03235516083307183,0.1,60,-37.80807113534505,24.546617507937707,0.002777092470075176,0.08625695497702197,-28.68911260505615,24.582672092031604,0.037365419058357136,2.9514376159162863,1,"[{""id"": 134, ""x"": -71.6904296875, ""y"": 27.98271942138672, ""vx"": -1.6281981318755356e-09, ""vy"": -3.1281174872610507e-10, ""r"": 2.5906050205230713}]"
551,27.55,-37.808250427246094,24.54661750793457,-0.0001565938720966592,5.38977862193636e-06,0.006231674924492836,0.5,0.0,PlanStatus.OK,20,27.017920633598063,-0.03235466292666087,True,30.065361679298746,1.3436012001905039e-05,2.1358407282928704e-05,0.20333173392256948,-0.03235466292666087,3.0,False,7.431900128722191,20,27.017920633598063,-0.03235466292666087,0.1,60,-37.80825042612774,24.546617507937675,0.0027770924702342323,5.38977862193636e-06,-28.958338944559443,24.571205960665512,0.002776976214863499,2.9500000898296403,1,"[{""id"": 134, ""x"": -71.6904296875, ""y"": 27.98271942138672, ""vx"": -1.209687350289812e-09, ""vy"": -3.8714853545229744e-10, ""r"": 2.5906050205230713}]"
552,27.6,-37.80748748779297,24.546621322631836,-0.00015499595918796633,0.08625299915673391,0.0,0.0,1.0,PlanStatus.FAIL,20,27.01868358070296,-0.03235296699479032,False,30.066120340731793,0.11837513763765145,0.35523620840399595,2.7855911389201955,-0.03235296699479032,3.0,False,7.514399942010641,20,27.01868358070296,-0.03235296699479032,0.1,60,-37.807487486627075,24.546621322635072,0.0027770924701754425,0.08625299915673391,-28.688621666302573,24.582962849715553,0.038300589435211786,2.951437549985947,1,"[{""id"": 134, ""x"": -71.6904296875, ""y"": 27.98271942138672, ""vx"": -1.4265930103896096e-10, ""vy"": -9.905940651089296e-11, ""r"": 2.5906050205230713}]"
553,27.650000000000002,-37.80766677856445,24.54661750793457,-0.0001544633269699505,5.439079061500844e-06,0.0062271528877317905,0.5,0.0,PlanStatus.OK,20,27.018504280029084,-0.03235628377093484,True,30.065942349711086,1.3551469914335677e-05,2.1401878436662705e-05,0.20333169903093126,-0.03235628377093484,3.0,False,7.87770003080368,20,27.018504280029084,-0.03235628377093484,0.1,60,-37.80766677740963,24.54661750793778,0.0027770924705798807,5.439079061500844e-06,-28.957755201215864,24.57120596088183,0.002776976340383765,2.9500000906513155,1,"[{""id"": 134, ""x"": -71.6904296875, ""y"": 27.98271942138672, ""vx"": 2.1342949629854502e-10, ""vy"": 1.480689598709617e-10, ""r"": 2.5906050205230713}]"
554,27.700000000000003,-37.80690383911133,24.546621322631836,-0.0001523327980978871,0.08625555524420417,0.0,0.0,1.0,PlanStatus.FAIL,20,27.01926722713398,-0.03235458783906785,False,30.06670101128379,0.12161624073417647,0.36492094937879443,2.806189316083445,-0.03235458783906785,3.0,False,7.698200177401304,20,27.01926722713398,-0.03235458783906785,0.1,60,-37.80690383790896,24.546621322635175,0.0027770924697849094,0.08625555524420417,-28.688112283360503,24.583260011978886,0.039269063659331326,2.951437592587401,1,"[{""id"": 134, ""x"": -71.6904296875, ""y"": 27.98271942138672, ""vx"": 5.85349768655874e-10, ""vy"": 1.8027519754770793e-10, ""r"": 2.5906050205230713}]"
555,27.75,-37.80708312988281,24.546621322631836,-0.00015180016587987126,5.468971068205836e-06,0.006221500225365162,0.5,0.0,PlanStatus.OK,20,27.01908793705386,-0.03235408993265333,True,30.066522635351753,1.3666925799924523e-05,2.1445377267979154e-05,0.20333166418789383,-0.03235408993265333,3.0,False,7.47169996611774,20,27.01908793705386,-0.03235408993265333,0.1,60,-37.80708312869165,24.546621322635144,0.0027770924708364173,5.468971068205836e-06,-28.957171506833067,24.571209775650512,0.0027769764486906094,2.950000091149515,1,"[{""id"": 134, ""x"": -71.6904296875, ""y"": 27.98271942138672, ""vx"": 9.572704851024127e-10, ""vy"": 2.1213053535973359e-10, ""r"": 2.5906050205230713}]"
556,27.8,-37.80632019042969,24.54662322998047,-0.00014966963700780786,0.0862529980247096,0.0,0.0,1.0,PlanStatus.FAIL,20,27.019850878861877,-0.03235430134206584,False,30.067281489505312,0.12477458664697337,0.3743558629298784,2.8262615002912717,-0.03235430134206584,3.0,False,7.998300017789006,20,27.019850878861877,-0.03235430134206584,0.1,60,-37.806320189190906,24.546623229983908,0.0027770924701727723,0.0862529980247096,-28.68761683595828,24.58355120495553,0.04021255512987899,2.9514375499670815,1,"[{""id"": 134, ""x"": -71.6904296875, ""y"": 27.98271942138672, ""vx"": 6.517423267737854e-10, ""vy"": -1.327524618011111e-10, ""r"": 2.5906050205230713}]"
557,27.85,-37.80649948120117,24.54662322998047,-0.00014913700478979202,5.420431556705311e-06,0.0062158480286598206,0.5,0.0,PlanStatus.OK,20,27.01967158878176,-0.032353803435651335,True,30.06710311354098,1.378235543397814e-05,2.1488839034261402e-05,0.2033316293154622,-0.032353803435651335,3.0,False,7.461499888449907,20,27.01967158878176,-0.032353803435651335,0.1,60,-37.80649947997361,24.54662322998388,0.0027770924694154897,5.420431556705311e-06,-28.95658804794698,24.57121168242115,0.002776976565553636,2.9500000903405277,1,"[{""id"": 134, ""x"": -71.6904296875, ""y"": 27.98271942138672, ""vx"": -9.204619705327488e-11, ""vy"": -1.8811163737808556e-10, ""r"": 2.5906050205230713}]"
558,27.900000000000002,-37.80573654174805,24.5466251373291,-0.00014700647591772863,0.0862517157354365,0.0,0.0,1.0,PlanStatus.FAIL,20,27.020434530589778,-0.03235401484506031,False,30.067861967835306,0.12795561221290203,0.3838566182553258,2.846477832100647,-0.03235401484506031,3.0,False,7.493200013414025,20,27.020434530589778,-0.03235401484506031,0.1,60,-37.80573654047286,24.546625137332644,0.0027770924700578985,0.0862517157354365,-28.68711815315843,24.58384429740036,0.04116263077861527,2.9514375285955863,1,"[{""id"": 134, ""x"": -71.6904296875, ""y"": 27.98271942138672, ""vx"": -8.358387315610116e-10, ""vy"": -2.4249269259257744e-10, ""r"": 2.5906050205230713}]"
559,27.950000000000003,-37.80591583251953,24.54662322998047,-0.0001464738436997128,5.373152970335962e-06,0.006210195366293192,0.5,0.0,PlanStatus.OK,20,27.020255235212783,-0.03235542427992886,True,30.067683784268624,1.3897784644160737e-05,2.149069331462347e-05,0.20333158844235635,-0.03235542427992886,3.0,False,7.564800092950463,20,27.020255235212783,-0.03235542427992886,0.1,60,-37.80591583125548,24.54662322998398,0.0027770924701782935,5.373152970335962e-06,-28.95600458949322,24.571211681846545,0.002776976691035498,2.9500000895525473,1,"[{""id"": 134, ""x"": -71.6904296875, ""y"": 27.98271942138672, ""vx"": -1.9159362985021744e-09, ""vy"": -8.964149977863656e-10, ""r"": 2.5906050205230713}]"
560,28.0,-37.805152893066406,24.5466251373291,-0.00014487594704566524,0.0862554785931578,0.0,0.0,1.0,PlanStatus.FAIL,20,27.0210181770208,-0.03235563568933781,False,30.068442638699295,0.13122255403106556,0.393612685414025,2.8672402359128126,-0.03235563568933781,3.0,False,7.57979997433722,20,27.0210181770208,-0.03235563568933781,0.1,60,-37.80515289175474,24.546625137332743,0.002777092470256344,0.0862554785931578,-28.686605708106075,24.584143257555017,0.04213823762185957,2.9514375913098876,1,"[{""id"": 134, ""x"": -71.6904296875, ""y"": 27.98271942138672, ""vx"": -3.616742016987473e-09, ""vy"": -1.5027129762756886e-08, ""r"": 2.5906050205230713}]"
561,28.05,-37.80533218383789,24.5466251373291,-0.00014381069886427886,5.371505153039936e-06,0.006204543169587851,0.5,0.0,PlanStatus.OK,20,27.02083888694068,-0.032355137782926854,True,30.06826426267142,1.4013228357208442e-05,2.1444077019641336e-05,0.2033315406274299,-0.032355137782926854,3.0,False,7.4581000953912735,20,27.02083888694068,-0.032355137782926854,0.1,60,-37.805332182537434,24.546625137332715,0.0027770924692327127,5.371505153039936e-06,-28.95542099228949,24.571213589001438,0.0027769768079337295,2.9500000895250875,1,"[{""id"": 134, ""x"": -71.6904296875, ""y"": 27.98271942138672, ""vx"": 5.161995483837778e-11, ""vy"": 1.1758512219461892e-10, ""r"": 2.5906050205230713}]"
562,28.1,-37.804569244384766,24.546627044677734,-0.000142212785955586,0.08625630461364499,0.0,0.0,1.0,PlanStatus.FAIL,20,27.021601828748697,-0.032355349192335826,False,30.06902311724283,0.13444189795186867,0.40322401294243015,2.8877001136884886,-0.032355349192335826,3.0,False,7.3819998651742935,20,27.021601828748697,-0.032355349192335826,0.1,60,-37.804569243036696,24.54662704468148,0.0027770924699091907,0.08625630461364499,-28.68610167511526,24.58443949107182,0.043099370492155516,2.9514376050768925,1,"[{""id"": 134, ""x"": -71.6904296875, ""y"": 27.98271942138672, ""vx"": -2.7434268398685013e-11, ""vy"": -1.8567411497194541e-10, ""r"": 2.5906050205230713}]"
563,28.150000000000002,-37.80474853515625,24.546627044677734,-0.00014168015373757016,5.365123917967537e-06,0.006200020667165518,0.5,0.0,PlanStatus.OK,20,27.021422538668578,-0.032354851285924864,True,30.06884474118268,1.412867139949727e-05,2.1397464595941836e-05,0.20333149281539126,-0.032354851285924864,3.0,False,7.595200091600418,20,27.021422538668578,-0.032354851285924864,0.1,60,-37.804748533819385,24.546627044681447,0.0027770924702961984,5.365123917967537e-06,-28.954837409047332,24.571215496117624,0.0027769769248218693,2.9500000894187295,1,"[{""id"": 134, ""x"": -71.6904296875, ""y"": 27.98271942138672, ""vx"": -1.1075168560026327e-09, ""vy"": -8.465596557094557e-10, ""r"": 2.5906050205230713}]"
564,28.200000000000003,-37.803985595703125,24.546627044677734,-0.00013954962486550676,0.08625582827906937,0.0,0.0,1.0,PlanStatus.FAIL,20,27.022185475179718,-0.032356970036609776,False,30.069603788313707,0.13764430456092852,0.4127835709688703,2.9080523377702177,-0.032356970036609776,3.0,False,8.80929990671575,20,27.022185475179718,-0.032356970036609776,0.1,60,-37.80398559431856,24.54662704468158,0.0027770924703258582,0.08625582827906937,-28.685599988159307,24.5847321356514,0.04405532641966812,2.951437597137981,1,"[{""id"": 134, ""x"": -71.6904296875, ""y"": 27.98271942138672, ""vx"": -2.1618185019889324e-09, ""vy"": -3.579531671071834e-10, ""r"": 2.5906050205230713}]"
565,28.25,-37.80416488647461,24.546627044677734,-0.0001390169926474909,5.418393683376442e-06,0.0061943684704601765,0.5,0.0,PlanStatus.OK,20,27.022006185099603,-0.03235647213019882,True,30.06942541222228,1.4244131107303741e-05,2.1350823754761293e-05,0.20333144498379593,-0.03235647213019882,3.0,False,8.447200059890747,20,27.022006185099603,-0.03235647213019882,0.1,60,-37.80416488510126,24.54662704468155,0.002777092469861958,5.418393683376442e-06,-28.954253654009694,24.571215496366865,0.002776977050400269,2.9500000903065606,1,"[{""id"": 134, ""x"": -71.6904296875, ""y"": 27.98271942138672, ""vx"": -1.5973236067168273e-09, ""vy"": -3.2857735976499214e-10, ""r"": 2.5906050205230713}]"
566,28.3,-37.803401947021484,24.546630859375,-0.00013688646377542753,0.08625748901681315,0.0,0.0,1.0,PlanStatus.FAIL,20,27.022769132204495,-0.03235477619833181,False,30.07018407465528,0.14087923518911818,0.422436913640579,2.9286112831027444,-0.03235477619833181,3.0,False,8.282899856567383,20,27.022769132204495,-0.03235477619833181,0.1,60,-37.8034019456006,24.546630859378947,0.002777092470042028,0.08625748901681315,-28.68509479589596,24.585031261621296,0.04502066079660387,2.9514376248169447,1,"[{""id"": 134, ""x"": -71.6904296875, ""y"": 27.98271942138672, ""vx"": -3.0435681752649657e-10, ""vy"": -3.6358008270731546e-10, ""r"": 2.5906050205230713}]"
567,28.35,-37.80358123779297,24.546630859375,-0.00013635383968473434,5.433364504373624e-06,0.006188715808093548,0.5,0.0,PlanStatus.OK,20,27.022589842124376,-0.03235427829192086,True,30.070005698530565,1.4359580498333699e-05,2.1304228191789017e-05,0.20333139720165538,-0.03235427829192086,3.0,False,8.304699789732695,20,27.022589842124376,-0.03235427829192086,0.1,60,-37.803581236383295,24.546630859378915,0.0027770924700616026,5.433364504373624e-06,-28.953670003621724,24.571219311013742,0.002776977158652108,2.950000090556072,1,"[{""id"": 134, ""x"": -71.6904296875, ""y"": 27.98271942138672, ""vx"": 5.0860177180922506e-11, ""vy"": -3.9982055860532384e-11, ""r"": 2.5906050205230713}]"
568,28.400000000000002,-37.802818298339844,24.546632766723633,-0.00013422331081267095,0.08625615435487,0.0,0.0,1.0,PlanStatus.FAIL,20,27.023352783932392,-0.032354489701329835,False,30.07076455352417,0.14406970415414325,0.4319563994109322,2.9488876317982804,-0.032354489701329835,3.0,False,9.53699997626245,20,27.023352783932392,-0.032354489701329835,0.1,60,-37.802818296882556,24.54663276672768,0.002777092470095586,0.08625615435487,-28.684596246127928,24.585324276339847,0.045972609489799386,2.9514376025725824,1,"[{""id"": 134, ""x"": -71.6904296875, ""y"": 27.98271942138672, ""vx"": 1.146082007075222e-09, ""vy"": 9.955539725936546e-10, ""r"": 2.5906050205230713}]"
569,28.450000000000003,-37.80299758911133,24.546632766723633,-0.0001336906785946551,5.45871648255746e-06,0.0061830636113882065,0.5,0.0,PlanStatus.OK,20,27.023173493852276,-0.03235399179491532,True,30.07058617736719,1.4475032486901391e-05,2.1257615783584934e-05,0.2033313493988058,-0.03235399179491532,3.0,False,8.567200042307377,20,27.023173493852276,-0.03235399179491532,0.1,60,-37.80299758766525,24.546632766727647,0.002777092470281281,5.45871648255746e-06,-28.953086326771984,24.571221218390082,0.0027769772755482517,2.950000090978612,1,"[{""id"": 134, ""x"": -71.6904296875, ""y"": 27.98271942138672, ""vx"": 1.765722235091971e-09, ""vy"": 2.7328347917965345e-10, ""r"": 2.5906050205230713}]"
570,28.5,-37.8022346496582,24.546632766723633,-0.0001320927738132849,0.08625616133898933,0.0,0.0,1.0,PlanStatus.FAIL,20,27.023936430363417,-0.032356110545603785,False,30.07134522491023,0.14728604332072537,0.4415519787883735,2.969328407463464,-0.032356110545603785,3.0,False,9.265900123864412,20,27.023936430363417,-0.032356110545603785,0.1,60,-37.80223464816442,24.546632766727782,0.0027770924701301337,0.08625616133898933,-28.68409333289971,24.58561764104824,0.04693216755270362,2.951437602688984,1,"[{""id"": 134, ""x"": -71.6904296875, ""y"": 27.98271942138672, ""vx"": 2.9427862924258363e-10, ""vy"": 1.547572348048476e-10, ""r"": 2.5906050205230713}]"
571,28.55,-37.80241394042969,24.546632766723633,-0.0001315601497225917,5.386093060777888e-06,0.006178541108965874,0.5,0.0,PlanStatus.OK,20,27.023757140283298,-0.03235561263919283,True,30.071166848721987,1.4590454969375047e-05,2.1211011770228168e-05,0.20333130157245352,-0.03235561263919283,3.0,False,7.951599778607488,20,27.023757140283298,-0.03235561263919283,0.1,60,-37.80241393894711,24.54663276672775,0.002777092470437693,5.386093060777888e-06,-28.95250294309363,24.57122121760827,0.002776977401066403,2.9500000897682206,1,"[{""id"": 134, ""x"": -71.6904296875, ""y"": 27.98271942138672, ""vx"": 6.661990958889419e-10, ""vy"": 1.866613114076543e-10, ""r"": 2.5906050205230713}]"
572,28.6,-37.80165100097656,24.546634674072266,-0.00012942961272320564,0.0862574654455433,0.0,0.0,1.0,PlanStatus.FAIL,20,27.024520082091314,-0.0323558240486018,False,30.07192570399262,0.15052342834439733,0.45120775682675013,2.98990294974819,-0.0323558240486018,3.0,False,8.322899928316474,20,27.024520082091314,-0.0323558240486018,0.1,60,-37.80165099944638,24.546634674076515,0.002777092470248976,0.0862574654455433,-28.683588086790742,24.585914587123046,0.04789774547428381,2.951437624424096,1,"[{""id"": 134, ""x"": -71.6904296875, ""y"": 27.98271942138672, ""vx"": 1.0381209225585053e-09, ""vy"": 2.1851438714026727e-10, ""r"": 2.5906050205230713}]"
573,28.650000000000002,-37.80183029174805,24.546634674072266,-0.00012889698863251248,5.344355514983395e-06,0.006172888912260532,0.5,0.0,PlanStatus.OK,20,27.024340792011195,-0.032355326142190846,True,30.07174732777211,1.4705886278726092e-05,2.116441988879881e-05,0.20333125377334726,-0.032355326142190846,3.0,False,8.554399944841862,20,27.024340792011195,-0.032355326142190846,0.1,60,-37.80183029022907,24.546634674076483,0.002777092469845566,5.344355514983395e-06,-28.95191946414234,24.571223124435182,0.002776977517931133,2.9500000890725957,1,"[{""id"": 134, ""x"": -71.6904296875, ""y"": 27.98271942138672, ""vx"": 9.589593563674725e-10, ""vy"": -1.0281604040374148e-10, ""r"": 2.5906050205230713}]"
574,28.700000000000003,-37.80106735229492,24.54663848876953,-0.00012676645976044908,0.08625739789130941,0.0,0.0,1.0,PlanStatus.FAIL,20,27.02510373911609,-0.03235363021032029,False,30.07250599078148,0.15373851149630702,0.46079440426634566,3.010335742942919,-0.03235363021032029,3.0,False,9.679500013589859,20,27.02510373911609,-0.03235363021032029,0.1,60,-37.801067350728424,24.546638488773883,0.002777092470150528,0.08625739789130941,-28.68308728018345,24.586211138714347,0.048856410326939506,2.951437623298189,1,"[{""id"": 134, ""x"": -71.6904296875, ""y"": 27.98271942138672, ""vx"": 2.151810396533449e-10, ""vy"": -1.6416253079132304e-10, ""r"": 2.5906050205230713}]"
575,28.75,-37.801246643066406,24.54663848876953,-0.00012623382754243322,5.417338491554646e-06,0.006167236249893904,0.5,0.0,PlanStatus.OK,20,27.02492444903597,-0.032353132303909335,True,30.072327614527687,1.482135478742941e-05,2.1117820795750995e-05,0.20333120600438062,-0.032353132303909335,3.0,False,8.536099921911955,20,27.02492444903597,-0.032353132303909335,0.1,60,-37.80124664151112,24.54663848877385,0.0027770924706649164,5.417338491554646e-06,-28.95133564261852,24.57122693955755,0.0027769776261761365,2.9500000902889774,1,"[{""id"": 134, ""x"": -71.6904296875, ""y"": 27.98271942138672, ""vx"": -5.286114324043467e-10, ""vy"": -2.185440717283882e-10, ""r"": 2.5906050205230713}]"
576,28.8,-37.80048370361328,24.54663848876953,-0.00012410329867036985,0.08625639915150471,0.0,0.0,1.0,PlanStatus.FAIL,20,27.025687385547112,-0.03235525105459779,False,30.07308666248268,0.15694449706240912,0.47035368360397356,3.030710708892541,-0.03235525105459779,3.0,False,8.43019993044436,20,27.025687385547112,-0.03235525105459779,0.1,60,-37.80048370201028,24.546638488773983,0.0027770924702582253,0.08625639915150471,-28.682586919444873,24.586503005161347,0.04981233838530171,2.9514376066525294,1,"[{""id"": 134, ""x"": -71.6904296875, ""y"": 27.98271942138672, ""vx"": -1.2724039599731896e-09, ""vy"": -2.729262649214803e-10, ""r"": 2.5906050205230713}]"
577,28.85,-37.800662994384766,24.54663848876953,-0.00012357066645235398,5.425038034606717e-06,0.006161583587527275,0.5,0.0,PlanStatus.OK,20,27.025508095466993,-0.032354753148186845,True,30.072908286197624,1.49368002802057e-05,2.1071204889758915e-05,0.2033311581883223,-0.032354753148186845,3.0,False,8.450000081211329,20,27.025508095466993,-0.032354753148186845,0.1,60,-37.80066299279299,24.54663848877395,0.0027770924700650287,5.425038034606717e-06,-28.950752022013344,24.571226939433906,0.002776977751746873,2.9500000904173036,1,"[{""id"": 134, ""x"": -71.6904296875, ""y"": 27.98271942138672, ""vx"": -1.1123729715123432e-09, ""vy"": 6.783123368547805e-11, ""r"": 2.5906050205230713}]"
578,28.900000000000002,-37.79990005493164,24.546640396118164,-0.00012197276979830644,0.08625742696742819,0.0,0.0,1.0,PlanStatus.FAIL,20,27.02627103727501,-0.03235496455759581,False,30.073667141890347,0.1601834464709943,0.48000866842777756,3.0512951921675144,-0.03235496455759581,3.0,False,8.490500040352345,20,27.02627103727501,-0.03235496455759581,0.1,60,-37.79990005329224,24.54664039612272,0.0027770924698946853,0.08625742696742819,-28.68208237451365,24.5867995398221,0.050777836985238765,2.951437623782789,1,"[{""id"": 134, ""x"": -71.6904296875, ""y"": 27.98271942138672, ""vx"": 1.325832221787948e-10, ""vy"": 1.3950396393624942e-10, ""r"": 2.5906050205230713}]"
579,28.950000000000003,-37.800079345703125,24.546640396118164,-0.0001214401375802906,5.424633392301901e-06,0.006157061085104942,0.5,0.0,PlanStatus.OK,20,27.026091747194894,-0.032354466651184854,True,30.073488765573025,1.5052244947589134e-05,2.1024610895388658e-05,0.20333111039897966,-0.032354466651184854,3.0,False,8.850600104779005,20,27.026091747194894,-0.032354466651184854,0.1,60,-37.80007934407494,24.546640396122687,0.0027770924701425188,5.424633392301901e-06,-28.95016842113783,24.571228846599606,0.0027769778686376153,2.950000090410556,1,"[{""id"": 134, ""x"": -71.6904296875, ""y"": 27.98271942138672, ""vx"": 5.044993311997814e-10, ""vy"": 1.7389088780017659e-10, ""r"": 2.5906050205230713}]"
580,29.0,-37.79931640625,24.546642303466797,-0.00011930960870822721,0.08625735180359992,0.0,0.0,1.0,PlanStatus.FAIL,20,27.02685468900291,-0.032354678060593806,False,30.07424762140643,0.16340642542428593,0.48961426026030636,3.071778166826802,-0.032354678060593806,3.0,False,8.377100108191371,20,27.02685468900291,-0.032354678060593806,0.1,60,-37.79931640457419,24.54664230347145,0.002777092470290022,0.08625735180359992,-28.681580628637484,24.587094431320512,0.051738396285406524,2.951437622530063,1,"[{""id"": 134, ""x"": -71.6904296875, ""y"": 27.98271942138672, ""vx"": 8.764200476463202e-10, ""vy"": 2.0574618397883881e-10, ""r"": 2.5906050205230713}]"
581,29.05,-37.799495697021484,24.546642303466797,-0.00011877697649021137,5.407999551547628e-06,0.006151408422738314,0.5,0.0,PlanStatus.OK,20,27.02667539892279,-0.03235418015418285,True,30.074069245056847,1.5167684412372129e-05,2.09780231717532e-05,0.20333106261196174,-0.03235418015418285,3.0,False,8.863699855282903,20,27.02667539892279,-0.03235418015418285,0.1,60,-37.79949569535689,24.54664230347142,0.0027770924698417507,5.407999551547628e-06,-28.949584868133535,24.57123075363243,0.002776977985493792,2.9500000901333254,1,"[{""id"": 134, ""x"": -71.6904296875, ""y"": 27.98271942138672, ""vx"": 3.4451835828619437e-10, ""vy"": -1.575407998499756e-10, ""r"": 2.5906050205230713}]"
582,29.1,-37.79873275756836,24.546642303466797,-0.00011664644761814797,0.08625738920110058,0.0,0.0,1.0,PlanStatus.FAIL,20,27.02743833543393,-0.03235629890486778,False,30.074828293419436,0.16663518494096288,0.4992361608088601,3.0922978805213166,-0.03235629890486778,3.0,False,8.735300041735172,20,27.02743833543393,-0.03235629890486778,0.1,60,-37.79873275585605,24.546642303471554,0.0027770924701295066,0.08625738920110058,-28.68107763880618,24.587387841449317,0.05270058646548033,2.951437623153356,1,"[{""id"": 134, ""x"": -71.6904296875, ""y"": 27.98271942138672, ""vx"": -3.992735031488337e-10, ""vy"": -2.1205903699694773e-10, ""r"": 2.5906050205230713}]"
583,29.150000000000002,-37.798912048339844,24.546642303466797,-0.00011611381540013212,5.43239250509665e-06,0.006145755760371685,0.5,0.0,PlanStatus.OK,20,27.027259045353812,-0.03235580099845682,True,30.0746499170386,1.528313531069259e-05,2.0931410526364713e-05,0.20333101480485183,-0.03235580099845682,3.0,False,8.728600107133389,20,27.027259045353812,-0.03235580099845682,0.1,60,-37.79891204663875,24.546642303471522,0.002777092470557809,5.43239250509665e-06,-28.949001198295594,24.571230753645736,0.002776978111103848,2.9500000905398784,1,"[{""id"": 134, ""x"": -71.6904296875, ""y"": 27.98271942138672, ""vx"": -9.186789662329886e-10, ""vy"": 2.645945615387113e-11, ""r"": 2.5906050205230713}]"
584,29.200000000000003,-37.79814910888672,24.54664421081543,-0.00011398328652806874,0.08625736636157189,0.0,0.0,1.0,PlanStatus.FAIL,20,27.02802198716183,-0.03235601240786577,False,30.07540877314895,0.1698629479044022,0.5088525149871125,3.112811260375588,-0.03235601240786577,3.0,False,8.489500032737851,20,27.02802198716183,-0.03235601240786577,0.1,60,-37.798149107138,24.546644210820286,0.0027770924702815135,0.08625736636157189,-28.680575760240338,24.587682810995016,0.05366222200024107,2.951437622772694,1,"[{""id"": 134, ""x"": -71.6904296875, ""y"": 27.98271942138672, ""vx"": -5.464509955643848e-10, ""vy"": 1.0799078992151934e-10, ""r"": 2.5906050205230713}]"
585,29.25,-37.7983283996582,24.54664421081543,-0.00011345065431005288,5.492038147731878e-06,0.006140103098005056,0.5,0.0,PlanStatus.OK,20,27.027842697081713,-0.03235551450145482,True,30.07523039673584,1.5398598117096985e-05,2.0884809632123157e-05,0.20333096702554165,-0.03235551450145482,3.0,False,8.367899805307388,20,27.027842697081713,-0.03235551450145482,0.1,60,-37.798328397920706,24.546644210820254,0.002777092470074395,5.492038147731878e-06,-28.94841742028701,24.57123266130354,0.002776978228015903,2.950000091533973,1,"[{""id"": 134, ""x"": -71.6904296875, ""y"": 27.98271942138672, ""vx"": -1.745291550170336e-10, ""vy"": 1.398473836733416e-10, ""r"": 2.5906050205230713}]"
586,29.3,-37.797569274902344,24.546648025512695,-0.00011185275765600534,0.0862573585454748,0.0,0.0,1.0,PlanStatus.FAIL,20,27.028601829504048,-0.0323538079758344,False,30.07598526536144,0.17306984635290332,0.5184041124271197,3.1331920405250195,-0.0323538079758344,3.0,False,8.456700015813112,20,27.028601829504048,-0.0323538079758344,0.1,60,-37.797569273117574,24.54664802551765,0.0027770924702355303,0.0862573585454748,-28.68007808862415,24.58797753486066,0.05461738185210988,2.9514376226424237,1,"[{""id"": 134, ""x"": -71.6904296875, ""y"": 27.98271942138672, ""vx"": 0.0, ""vy"": 0.0, ""r"": 2.5906050205230713}]"
587,29.35,-37.79774475097656,24.546648025512695,-0.00011132013356531216,5.4066560474542745e-06,0.006135581061244011,0.5,0.0,PlanStatus.OK,20,27.028426354106486,-0.03235332066317331,True,30.075810684158725,1.5514018007799083e-05,2.0838262664592787e-05,0.20333091926911803,-0.03235332066317331,3.0,False,8.363599888980389,20,27.028426354106486,-0.03235332066317331,0.1,60,-37.797744749202764,24.546648025517623,0.0027770924700330265,5.4066560474542745e-06,-28.947834065881604,24.57123647512909,0.0027769783361199477,2.950000090110939,1,"[{""id"": 134, ""x"": -71.6904296875, ""y"": 27.98271942138672, ""vx"": 3.7512670747474886e-10, ""vy"": 1.611841077275855e-10, ""r"": 2.5906050205230713}]"
588,29.400000000000002,-37.7969856262207,24.546648025512695,-0.00010918959656592611,0.08625729836061817,0.0,0.0,1.0,PlanStatus.FAIL,20,27.02918547593507,-0.032355428820108355,False,30.076565937688834,0.17630283070969038,0.5280334599281137,3.1537386044035447,-0.032355428820108355,3.0,False,8.235499961301684,20,27.02918547593507,-0.032355428820108355,0.1,60,-37.796985624399426,24.546648025517754,0.002777092469997862,0.08625729836061817,-28.67957534667924,24.588270799686814,0.05558031672738157,2.9514376216393474,1,"[{""id"": 134, ""x"": -71.6904296875, ""y"": 27.98271942138672, ""vx"": 7.470474239212876e-10, ""vy"": 1.9304516318818798e-10, ""r"": 2.5906050205230713}]"
589,29.450000000000003,-37.79716110229492,24.546648025512695,-0.00010865696434791025,5.428640319058174e-06,0.006129927933216095,0.5,0.0,PlanStatus.OK,20,27.029010000537507,-0.03235494150745083,True,30.076391356455524,1.5629468139681638e-05,2.0791658126230635e-05,0.2033308714704157,-0.03235494150745083,3.0,False,8.11309996061027,20,27.029010000537507,-0.03235494150745083,0.1,60,-37.79716110048462,24.546648025517722,0.0027770924701485894,5.428640319058174e-06,-28.94725040315456,24.571236475122866,0.0027769784617556214,2.950000090477337,1,"[{""id"": 134, ""x"": -71.6904296875, ""y"": 27.98271942138672, ""vx"": -1.1229630073050778e-11, ""vy"": -1.879250505210095e-10, ""r"": 2.5906050205230713}]"
590,29.5,-37.79640197753906,24.546649932861328,-0.00010652643547584686,0.08625859479456627,0.0,0.0,1.0,PlanStatus.FAIL,20,27.02976912766297,-0.032355142323106365,False,30.077146417742824,0.17955799568199543,0.5377262774128931,3.1744261492074606,-0.032355142323106365,3.0,False,7.943300064653158,20,27.02976912766297,-0.032355142323106365,0.1,60,-37.796401975681384,24.546649932866487,0.002777092470315915,0.08625859479456627,-28.679070120209843,24.58856773490774,0.056549598593589635,2.9514376432465723,1,"[{""id"": 134, ""x"": -71.6904296875, ""y"": 27.98271942138672, ""vx"": 1.2862601650454053e-08, ""vy"": 1.7802578966552574e-08, ""r"": 2.5906050205230713}]"
591,29.55,-37.79657745361328,24.546649932861328,-0.00010599380325783102,5.403315175382895e-06,0.006124275270849466,0.5,0.0,PlanStatus.OK,20,27.029593652265408,-0.03235465501044882,True,30.076971836477952,1.574490478651017e-05,2.0745084619347952e-05,0.2033308236971986,-0.03235465501044882,3.0,False,8.59640003181994,20,27.029593652265408,-0.03235465501044882,0.1,60,-37.796577451766574,24.54664993286646,0.002777092469171441,5.403315175382895e-06,-28.946666875786033,24.571238382084843,0.00277697857861574,2.950000090055255,1,"[{""id"": 134, ""x"": -71.6904296875, ""y"": 27.98271942138672, ""vx"": -1.967941809510876e-09, ""vy"": -3.859013941731604e-10, ""r"": 2.5906050205230713}]"
592,29.6,-37.79581832885742,24.54665184020996,-0.00010439590660378348,0.08625643358682632,0.0,0.0,1.0,PlanStatus.FAIL,20,27.030352779390867,-0.03235485582610436,False,30.077726897905208,0.18275855015657164,0.5472548008469262,3.1947665867776425,-0.03235485582610436,3.0,False,8.138699922710657,20,27.030352779390867,-0.03235485582610436,0.1,60,-37.795818326963335,24.546651840215223,0.0027770924700288866,0.08625643358682632,-28.678573668244734,24.588859518959286,0.057502451052631604,2.9514376072264428,1,"[{""id"": 134, ""x"": -71.6904296875, ""y"": 27.98271942138672, ""vx"": -2.9050128969032585e-09, ""vy"": -2.7120075074549277e-09, ""r"": 2.5906050205230713}]"
593,29.650000000000002,-37.79599380493164,24.546649932861328,-0.00010333064216775178,5.404737007832731e-06,0.006118622608482838,0.5,0.0,PlanStatus.OK,20,27.03017729869643,-0.032356275854722796,True,30.077552508981483,1.586034890575352e-05,2.0698489350615135e-05,0.20333077590355622,-0.032356275854722796,3.0,False,7.838000077754259,20,27.03017729869643,-0.032356275854722796,0.1,60,-37.795993803048425,24.546649932866558,0.0027770924703745124,5.404737007832731e-06,-28.94608327371968,24.57123838191032,0.002776978704236837,2.9500000900789494,1,"[{""id"": 134, ""x"": -71.6904296875, ""y"": 27.98271942138672, ""vx"": -2.93960300545848e-09, ""vy"": -8.456212119423157e-11, ""r"": 2.5906050205230713}]"
594,29.700000000000003,-37.79523468017578,24.54665184020996,-0.00010173274551370423,0.08625098643310765,0.0,0.0,1.0,PlanStatus.FAIL,20,27.03093642582189,-0.03235647667037834,False,30.07830757054431,0.18590907261453524,0.5566336988524906,3.214789015354684,-0.03235647667037834,3.0,False,8.177499985322356,20,27.03093642582189,-0.03235647667037834,0.1,60,-37.79523467824519,24.546651840215322,0.002777092470318369,0.08625098643310765,-28.67808459718922,24.589144758243595,0.058440340975196986,2.9514375164405497,1,"[{""id"": 134, ""x"": -71.6904296875, ""y"": 27.98271942138672, ""vx"": -2.341475680012195e-09, ""vy"": -3.199907561146631e-10, ""r"": 2.5906050205230713}]"
595,29.75,-37.79541015625,24.54665184020996,-0.00010120012142301106,5.441092128431648e-06,0.006114100571721792,0.5,0.0,PlanStatus.OK,20,27.030760950424327,-0.03235598935772079,True,30.078132989217295,1.59758051357484e-05,2.0651906017087746e-05,0.20333072813777384,-0.03235598935772079,3.0,False,8.182999910786748,20,27.030760950424327,-0.03235598935772079,0.1,60,-37.795410154330376,24.546651840215294,0.0027770924693555185,5.441092128431648e-06,-28.945499564410934,24.571240289377684,0.0027769788211289476,2.9500000906848696,1,"[{""id"": 134, ""x"": -71.6904296875, ""y"": 27.98271942138672, ""vx"": 1.2600271936946683e-09, ""vy"": 7.52169493356547e-10, ""r"": 2.5906050205230713}]"
596,29.8,-37.79465103149414,24.546655654907227,-9.9069584423625e-05,0.08625789364567066,0.0,0.0,1.0,PlanStatus.FAIL,20,27.031520082846665,-0.03235428283210037,False,30.07888785855507,0.18925998961898977,0.5666055665905915,3.2360851635347365,-0.03235428283210037,3.0,False,7.63060012832284,20,27.031520082846665,-0.03235428283210037,0.1,60,-37.79465102952726,24.54665565491269,0.0027770924698021088,0.08625789364567066,-28.677566090099837,24.589451702071337,0.05943752786177646,2.951437631560759,1,"[{""id"": 134, ""x"": -71.6904296875, ""y"": 27.98271942138672, ""vx"": 2.2667403509757378e-09, ""vy"": 2.45691716971308e-10, ""r"": 2.5906050205230713}]"
597,29.85,-37.79482650756836,24.546655654907227,-9.853696033293181e-05,5.417464424732511e-06,0.006108447909355164,0.5,0.0,PlanStatus.OK,20,27.031344607449103,-0.032353795519442834,True,30.078713277195504,1.609124356616025e-05,2.0605357421875012e-05,0.20333068039713978,-0.032353795519442834,3.0,False,7.495200028643012,20,27.031344607449103,-0.032353795519442834,0.1,60,-37.79482650561245,24.54665565491266,0.002777092470181112,5.417464424732511e-06,-28.94491602783018,24.571244103709443,0.0027769789292396226,2.9500000902910726,1,"[{""id"": 134, ""x"": -71.6904296875, ""y"": 27.98271942138672, ""vx"": 2.6386282048207477e-09, ""vy"": 2.82442097487845e-10, ""r"": 2.5906050205230713}]"
598,29.900000000000002,-37.7940673828125,24.54665756225586,-9.640642333354576e-05,0.08625686496290927,0.0,0.0,1.0,PlanStatus.FAIL,20,27.032103734574566,-0.03235399633509837,False,30.079468339042563,0.19248476197716644,0.5762012539719473,3.2565795273243134,-0.03235399633509837,3.0,False,7.748000090941787,20,27.032103734574566,-0.03235399633509837,0.1,60,-37.79406738080921,24.546657562261423,0.0027770924700720556,0.08625686496290927,-28.677066764145028,24.589745173577274,0.06039709671622938,2.9514376144160455,1,"[{""id"": 134, ""x"": -71.6904296875, ""y"": 27.98271942138672, ""vx"": 1.8995804929033966e-09, ""vy"": -3.4439670559827107e-10, ""r"": 2.5906050205230713}]"
599,29.950000000000003,-37.79424285888672,24.546655654907227,-9.587379924285257e-05,5.454567960260471e-06,0.006102795246988535,0.5,0.0,PlanStatus.OK,20,27.031928253880125,-0.032355416363716805,True,30.079293950014005,1.620669799000907e-05,2.055876091840072e-05,0.20333063261277565,-0.032355416363716805,3.0,False,7.7176999766379595,20,27.031928253880125,-0.032355416363716805,0.1,60,-37.79424285689429,24.546655654912758,0.0027770924701943814,5.454567960260471e-06,-28.944332320517596,24.57124410382741,0.002776979054903068,2.9500000909094695,1,"[{""id"": 134, ""x"": -71.6904296875, ""y"": 27.98271942138672, ""vx"": 3.1473179618046743e-10, ""vy"": -5.112949508223608e-10, ""r"": 2.5906050205230713}]"
600,30.0,-37.79348373413086,24.54665756225586,-9.427589446148237e-05,0.08625636470911745,0.0,0.0,1.0,PlanStatus.FAIL,20,27.032687381005587,-0.03235561717937234,False,30.080049011996614,0.195721899217084,0.5858331108766,3.277152480593448,-0.03235561717937234,3.0,False,7.926000049337745,20,27.032687381005587,-0.03235561717937234,0.1,60,-37.793483732091055,24.546657562261526,0.0027770924701039654,0.08625636470911745,-28.676565139543683,24.590037782892818,0.061360282531652745,2.9514376060784824,1,"[{""id"": 134, ""x"": -71.6904296875, ""y"": 27.98271942138672, ""vx"": -1.2699215012901277e-09, ""vy"": -6.373577221552296e-10, ""r"": 2.5906050205230713}]"
601,30.05,-37.793663024902344,24.54665756225586,-9.374326224346653e-05,5.3923551917421576e-06,0.006098272744566202,0.5,0.0,PlanStatus.OK,20,27.032508090925468,-0.032355119272961384,True,30.0798706353267,1.632136946497927e-05,2.0512512848539118e-05,0.20333058516505534,-0.032355119272961384,3.0,False,7.762499852105975,20,27.032508090925468,-0.032355119272961384,0.1,60,-37.79366302287376,24.546657562261494,0.0027770924701936007,5.3923551917421576e-06,-28.94375271632205,24.57124601048878,0.002776979170907381,2.9500000898725895,1,"[{""id"": 134, ""x"": -71.6904296875, ""y"": 27.98271942138672, ""vx"": 1.1455510318114648e-08, ""vy"": 1.7628597248631195e-08, ""r"": 2.5906050205230713}]"
602,30.1,-37.79290008544922,24.546659469604492,-9.161273337140313e-05,0.08625756462547644,0.0,0.0,1.0,PlanStatus.FAIL,20,27.033271032733484,-0.03235533068237033,False,30.080629492697426,0.1989869541942519,0.5955454411725412,3.2979028815365248,-0.03235533068237033,3.0,False,7.854299852624536,20,27.033271032733484,-0.03235533068237033,0.1,60,-37.79290008337301,24.54665946961026,0.0027770924703867327,0.08625756462547644,-28.676060158145063,24.59033457469026,0.06233151567890908,2.951437626077088,1,"[{""id"": 134, ""x"": -71.6904296875, ""y"": 27.98271942138672, ""vx"": -2.8270308316535875e-09, ""vy"": -1.9832434305921964e-10, ""r"": 2.5906050205230713}]"
603,30.150000000000002,-37.7930793762207,24.546659469604492,-9.108010115338729e-05,5.455421313826979e-06,0.0060926200821995735,0.5,0.0,PlanStatus.OK,20,27.03309174265337,-0.03235483277595938,True,30.080451115995274,1.64368330007791e-05,2.0465933315907958e-05,0.20333053741111767,-0.03235483277595938,3.0,False,7.5575001537799835,20,27.03309174265337,-0.03235483277595938,0.1,60,-37.79307937415572,24.546659469610226,0.002777092470478107,5.455421313826979e-06,-28.94316892821916,24.571247918175228,0.0027769792878139963,2.9500000909236856,1,"[{""id"": 134, ""x"": -71.6904296875, ""y"": 27.98271942138672, ""vx"": 5.161995483837778e-11, ""vy"": 1.1758512219461892e-10, ""r"": 2.5906050205230713}]"
604,30.200000000000003,-37.79231643676758,24.546661376953125,-8.89495722813239e-05,0.0862565584282085,0.0,0.0,1.0,PlanStatus.FAIL,20,27.033854684461385,-0.03235504418536835,False,30.08120997350659,0.20221768446148533,0.6051540696885181,3.3184351105225374,-0.03235504418536835,3.0,False,7.653499953448772,20,27.033854684461385,-0.03235504418536835,0.1,60,-37.79231643465497,24.54666137695899,0.0027770924702979678,0.0862565584282085,-28.675560775232526,24.590628079857066,0.06329237864682934,2.9514376093071397,1,"[{""id"": 134, ""x"": -71.6904296875, ""y"": 27.98271942138672, ""vx"": 4.236489492548401e-10, ""vy"": 1.6750824338718218e-10, ""r"": 2.5906050205230713}]"
605,30.25,-37.79249572753906,24.546659469604492,-8.841694819063071e-05,5.439839161856424e-06,0.006086967419832945,0.5,0.0,PlanStatus.OK,20,27.03367538908439,-0.03235645362023335,True,30.08103178912475,1.6552271603804043e-05,2.0419356401859233e-05,0.20333048963378045,-0.03235645362023335,3.0,False,9.707999881356955,20,27.03367538908439,-0.03235645362023335,0.1,60,-37.792495725437554,24.54665946961033,0.0027770924702782023,5.439839161856424e-06,-28.94258537632475,24.57124791786182,0.002776979413473026,2.9500000906639894,1,"[{""id"": 134, ""x"": -71.6904296875, ""y"": 27.98271942138672, ""vx"": 7.955697212125301e-10, ""vy"": 1.9936220729821486e-10, ""r"": 2.5906050205230713}]"
606,30.3,-37.79173278808594,24.546661376953125,-8.68190434092605e-05,0.08625677408610415,0.0,0.0,1.0,PlanStatus.FAIL,20,27.034438330892407,-0.0323566650296423,False,30.081790646772262,0.20547210840171587,0.6148326329661168,3.339117936298035,-0.0323566650296423,3.0,False,7.528499932959676,20,27.034438330892407,-0.0323566650296423,0.1,60,-37.79173278593681,24.546661376959094,0.0027770924703911406,0.08625677408610415,-28.6750573341802,24.590921755781608,0.06426023509999834,2.9514376129014326,1,"[{""id"": 134, ""x"": -71.6904296875, ""y"": 27.98271942138672, ""vx"": 1.167491436859791e-09, ""vy"": 2.3121550507543276e-10, ""r"": 2.5906050205230713}]"
607,30.35,-37.79191207885742,24.546661376953125,-8.575378710055147e-05,5.4581452616989784e-06,0.006081314757466316,0.5,0.0,PlanStatus.OK,20,27.034259040812287,-0.03235616712323135,True,30.08161227000663,1.6667722554481882e-05,2.0372792191077765e-05,0.20333044188445304,-0.03235616712323135,3.0,False,7.615799782797694,20,27.034259040812287,-0.03235616712323135,0.1,60,-37.79191207671951,24.54666137695906,0.002777092470206566,5.4581452616989784e-06,-28.942001720253863,24.57124982518176,0.0027769795303592007,2.9500000909690893,1,"[{""id"": 134, ""x"": -71.6904296875, ""y"": 27.98271942138672, ""vx"": 6.355907467003874e-10, ""vy"": -1.3207145099780604e-10, ""r"": 2.5906050205230713}]"
608,30.400000000000002,-37.7911491394043,24.54666519165039,-8.415588231918127e-05,0.08625628879686446,0.0,0.0,1.0,PlanStatus.FAIL,20,27.03502198791718,-0.032354471191364344,False,30.082370935449923,0.2087132958447546,0.6244682005362967,3.359716630943833,-0.032354471191364344,3.0,False,8.50440002977848,20,27.03502198791718,-0.032354471191364344,0.1,60,-37.7911491372189,24.54666519165646,0.002777092470114967,0.08625628879686446,-28.67455758681175,24.591217686789,0.06522379196532462,2.9514376048132798,1,"[{""id"": 134, ""x"": -71.6904296875, ""y"": 27.98271942138672, ""vx"": -1.0820101759012601e-10, ""vy"": -1.8659102041240772e-10, ""r"": 2.5906050205230713}]"
609,30.450000000000003,-37.79132843017578,24.54666519165039,-8.362325010116541e-05,5.387323945162507e-06,0.0060767922550439835,0.5,0.0,PlanStatus.OK,20,27.034842697837064,-0.03235397328495339,True,30.082192558651045,1.678314659174548e-05,2.0326269769888917e-05,0.2033303941594557,-0.03235397328495339,3.0,False,7.950800005346537,20,27.034842697837064,-0.03235397328495339,0.1,60,-37.7913284280016,24.54666519165643,0.0027770924692976278,5.387323945162507e-06,-28.941418322863534,24.571253639127352,0.002776979638367253,2.9500000897887286,1,"[{""id"": 134, ""x"": -71.6904296875, ""y"": 27.98271942138672, ""vx"": -8.519934202588786e-10, ""vy"": -2.409719368490215e-10, ""r"": 2.5906050205230713}]"
610,30.5,-37.790565490722656,24.546667098999023,-8.149272122910202e-05,0.08625748126391888,0.0,0.0,1.0,PlanStatus.FAIL,20,27.03560563964508,-0.03235418469436236,False,30.082951416584095,0.21198568572806994,0.634196027317187,3.3805136495999273,-0.03235418469436236,3.0,False,7.555400021374226,20,27.03560563964508,-0.03235418469436236,0.1,60,-37.79056548850086,24.546667099005195,0.0027770924700256387,0.08625748126391888,-28.6740526243594,24.591514467763744,0.06619657476108093,2.9514376246877285,1,"[{""id"": 134, ""x"": -71.6904296875, ""y"": 27.98271942138672, ""vx"": -1.144701777811008e-09, ""vy"": 5.782738524140463e-11, ""r"": 2.5906050205230713}]"
611,30.55,-37.79074478149414,24.54666519165039,-8.096008901108618e-05,5.438687762596049e-06,0.006071139592677355,0.5,0.0,PlanStatus.OK,20,27.035426344268085,-0.03235559412922736,True,30.0827732320954,1.6898605622136838e-05,2.0279684511074342e-05,0.20333034639239791,-0.03235559412922736,3.0,False,8.459400152787566,20,27.035426344268085,-0.03235559412922736,0.1,60,-37.79074477928343,24.54666519165653,0.002777092470645706,5.438687762596049e-06,-28.94083457350112,24.57125363936254,0.002776979764083959,2.950000090644799,1,"[{""id"": 134, ""x"": -71.6904296875, ""y"": 27.98271942138672, ""vx"": -7.72795161196882e-10, ""vy"": 9.664540695508705e-11, ""r"": 2.5906050205230713}]"
612,30.6,-37.789981842041016,24.546667098999023,-7.93622004843613e-05,0.08625742873758707,0.0,0.0,1.0,PlanStatus.FAIL,20,27.0361892860761,-0.03235580553863631,False,30.083532090164624,0.2152411795022501,0.6438731689159156,3.4012032721823764,-0.03235580553863631,3.0,False,7.44209997355938,20,27.0361892860761,-0.03235580553863631,0.1,60,-37.78998183978268,24.546667099005294,0.002777092470401192,0.08625742873758707,-28.673549864132593,24.591807744220286,0.06716428904619999,2.951437623812293,1,"[{""id"": 134, ""x"": -71.6904296875, ""y"": 27.98271942138672, ""vx"": 2.9427862924258363e-10, ""vy"": 1.547572486826354e-10, ""r"": 2.5906050205230713}]"
613,30.650000000000002,-37.7901611328125,24.546667098999023,-7.82969360483296e-05,5.5017664330088524e-06,0.006065486930310726,0.5,0.0,PlanStatus.OK,20,27.036009995995983,-0.032355307632225355,True,30.083353713302273,1.7014069489028847e-05,2.0233117194981727e-05,0.20333029865259591,-0.032355307632225355,3.0,False,7.5223001185804605,20,27.036009995995983,-0.032355307632225355,0.1,60,-37.79016113056539,24.546667099005266,0.002777092469537081,5.5017664330088524e-06,-28.940250785359837,24.571255547049436,0.0027769798809903733,2.950000091696103,1,"[{""id"": 134, ""x"": -71.6904296875, ""y"": 27.98271942138672, ""vx"": 6.661990403777907e-10, ""vy"": 1.866613114076543e-10, ""r"": 2.5906050205230713}]"
614,30.700000000000003,-37.789398193359375,24.546669006347656,-7.669903939428206e-05,0.08625648958918587,0.0,0.0,1.0,PlanStatus.FAIL,20,27.036772937804,-0.03235551904163433,False,30.08411257151206,0.2184821405495412,0.6535045363628889,3.421800522826597,-0.03235551904163433,3.0,False,7.954299915581942,20,27.036772937804,-0.03235551904163433,0.1,60,-37.78939819106465,24.54666900635403,0.0027770924701185054,0.08625648958918587,-28.6730503111941,24.592101349575614,0.0681274259072727,2.951437608159823,1,"[{""id"": 134, ""x"": -71.6904296875, ""y"": 27.98271942138672, ""vx"": 8.137338580738174e-10, ""vy"": -7.438712840146522e-11, ""r"": 2.5906050205230713}]"
615,30.75,-37.78957748413086,24.546669006347656,-7.616639904894355e-05,5.419871941832247e-06,0.006060964427888393,0.5,0.0,PlanStatus.OK,20,27.036593647723883,-0.032355021135223365,True,30.08393419461747,1.7129488998558864e-05,2.0186586244079485e-05,0.20333025091160634,-0.032355021135223365,3.0,False,7.5205999892205,20,27.036593647723883,-0.032355021135223365,0.1,60,-37.78957748184735,24.546669006353998,0.0027770924701342797,5.419871941832247e-06,-28.939667424852264,24.571257453548853,0.0027769799978107274,2.9500000903311947,1,"[{""id"": 134, ""x"": -71.6904296875, ""y"": 27.98271942138672, ""vx"": 6.963615101218679e-11, ""vy"": -1.7844715982651138e-10, ""r"": 2.5906050205230713}]"
616,30.8,-37.788814544677734,24.546669006347656,-7.403587830420282e-05,0.08625751006987552,0.0,0.0,1.0,PlanStatus.FAIL,20,27.037356584235024,-0.03235713988591182,False,30.084693245299185,0.22175887628912638,0.6632418387363856,3.4426251601282614,-0.03235713988591182,3.0,False,7.519100094214082,20,27.037356584235024,-0.03235713988591182,0.1,60,-37.788814542346465,24.54666900635413,0.002777092470226684,0.08625751006987552,-28.672544828229373,24.592396224623183,0.06910115627054818,2.9514376251678356,1,"[{""id"": 134, ""x"": -71.6904296875, ""y"": 27.98271942138672, ""vx"": -6.741562308398841e-10, ""vy"": -2.3283244776628464e-10, ""r"": 2.5906050205230713}]"
617,30.85,-37.78899383544922,24.546669006347656,-7.350323795886431e-05,5.49804237272384e-06,0.006055311765521765,0.5,0.0,PlanStatus.OK,20,27.037177294154905,-0.032356641979497315,True,30.08451486837337,1.7244956093202364e-05,2.0140001800198967e-05,0.20333020315367034,-0.032356641979497315,3.0,False,7.822599960491061,20,27.037177294154905,-0.032356641979497315,0.1,60,-37.788993833129176,24.5466690063541,0.0027770924704189157,5.49804237272384e-06,-28.93908359642565,24.571257454003828,0.0027769801235645233,2.9500000916340356,1,"[{""id"": 134, ""x"": -71.6904296875, ""y"": 27.98271942138672, ""vx"": -1.6113989032007225e-09, ""vy"": -2.6051987234154694e-09, ""r"": 2.5906050205230713}]"
618,30.900000000000002,-37.788230895996094,24.54667091369629,-7.137270908680092e-05,0.08625654103327163,0.0,0.0,1.0,PlanStatus.FAIL,20,27.03794023596292,-0.03235685338890984,False,30.085273726859853,0.22500291713440182,0.6728794033347147,3.4632419838342052,-0.03235685338890984,3.0,False,8.758200099691749,20,27.03794023596292,-0.03235685338890984,0.1,60,-37.78823089362843,24.546670913702865,0.002777092469778591,0.08625654103327163,-28.672045351232118,24.592689785544284,0.07006491284674268,2.9514376090172254,1,"[{""id"": 134, ""x"": -71.6904296875, ""y"": 27.98271942138672, ""vx"": 1.0970775399243848e-08, ""vy"": 1.766098733924082e-08, ""r"": 2.5906050205230713}]"
619,30.950000000000003,-37.78841018676758,24.54667091369629,-7.084007686878508e-05,5.411840961891389e-06,0.006049659103155136,0.5,0.0,PlanStatus.OK,20,27.037760945882802,-0.03235635548249533,True,30.085095349901806,1.7360375164574855e-05,2.0093476741428126e-05,0.20333015541836472,-0.03235635548249533,3.0,False,8.492300054058433,20,27.037760945882802,-0.03235635548249533,0.1,60,-37.78841018441114,24.546670913702833,0.002777092470342944,5.411840961891389e-06,-28.938500248623523,24.5712593604681,0.0027769802403680302,2.950000090197351,1,"[{""id"": 134, ""x"": -71.6904296875, ""y"": 27.98271942138672, ""vx"": -3.3117726339071396e-09, ""vy"": -1.6513676537321942e-10, ""r"": 2.5906050205230713}]"
620,31.0,-37.78764724731445,24.546674728393555,-6.92421883420602e-05,0.08625750916623579,0.0,0.0,1.0,PlanStatus.FAIL,20,27.038523892987698,-0.03235465955062833,False,30.08585401620423,0.22827899287382405,0.6826095275710592,3.4840624267321036,-0.03235465955062833,3.0,False,8.425400126725435,20,27.038523892987698,-0.03235465955062833,0.1,60,-37.78764724491053,24.54667472840023,0.0027770924703598245,0.08625750916623579,-28.671541915196723,24.592987882508798,0.07103792537948617,2.9514376251527685,1,"[{""id"": 134, ""x"": -71.6904296875, ""y"": 27.98271942138672, ""vx"": 1.325832221787948e-10, ""vy"": 1.3950396393624942e-10, ""r"": 2.5906050205230713}]"
621,31.05,-37.78782653808594,24.546674728393555,-6.870954799672169e-05,5.452197504879598e-06,0.006045137066394091,0.5,0.0,PlanStatus.OK,20,27.03834460290758,-0.03235416164421738,True,30.085675639212937,1.7475832660575734e-05,2.0046943140761796e-05,0.2033301077132221,-0.03235416164421738,3.0,False,9.251600131392479,20,27.03834460290758,-0.03235416164421738,0.1,60,-37.78782653569324,24.5466747284002,0.0027770924703403852,5.452197504879598e-06,-28.937916523267376,24.571263175324837,0.0027769803484263573,2.950000090869959,1,"[{""id"": 134, ""x"": -71.6904296875, ""y"": 27.98271942138672, ""vx"": 5.044993311997814e-10, ""vy"": 1.738909016779644e-10, ""r"": 2.5906050205230713}]"
622,31.1,-37.78706359863281,24.546674728393555,-6.657902318831962e-05,0.08625654038201751,0.0,0.0,1.0,PlanStatus.FAIL,20,27.03910753941872,-0.03235628039490228,False,30.08643469030612,0.23152825928918103,0.692260857926375,3.5047124610355125,-0.03235628039490228,3.0,False,8.835199987515807,20,27.03910753941872,-0.03235628039490228,0.1,60,-37.78706359619235,24.546674728400333,0.002777092470060845,0.08625654038201751,-28.67104148065738,24.5932797939939,0.07200305853976358,2.951437609006366,1,"[{""id"": 134, ""x"": -71.6904296875, ""y"": 27.98271942138672, ""vx"": 8.764201031574714e-10, ""vy"": 2.0574622561220224e-10, ""r"": 2.5906050205230713}]"
623,31.150000000000002,-37.7872428894043,24.546674728393555,-6.604638690664245e-05,5.406802921449434e-06,0.006039484404027462,0.5,0.0,PlanStatus.OK,20,27.0389282493386,-0.03235578248849132,True,30.086256313283613,1.7591262584382916e-05,2.0000394807470623e-05,0.20333005996042638,-0.03235578248849132,3.0,False,8.611499797552824,20,27.0389282493386,-0.03235578248849132,0.1,60,-37.78724288697506,24.5466747284003,0.0027770924705244194,5.406802921449434e-06,-28.93733305933251,24.57126317476783,0.0027769804740954284,2.9500000901133854,1,"[{""id"": 134, ""x"": -71.6904296875, ""y"": 27.98271942138672, ""vx"": 1.0239546988088932e-09, ""vy"": -5.530217950244776e-11, ""r"": 2.5906050205230713}]"
624,31.200000000000003,-37.78647994995117,24.546676635742188,-6.391586616190171e-05,0.08625751591307902,0.0,0.0,1.0,PlanStatus.FAIL,20,27.039691191146616,-0.032355993897900295,False,30.087015172191684,0.234809692300624,0.7020051409078646,3.525566952265921,-0.032355993897900295,3.0,False,8.638900006189942,20,27.039691191146616,-0.032355993897900295,0.1,60,-37.78647994747431,24.546676635749066,0.0027770924704605404,0.08625751591307902,-28.670537068946583,24.593576252169434,0.07297748695542282,2.9514376252652164,1,"[{""id"": 134, ""x"": -71.6904296875, ""y"": 27.98271942138672, ""vx"": 2.79857109708459e-10, ""vy"": -1.5936220398860002e-10, ""r"": 2.5906050205230713}]"
625,31.25,-37.786659240722656,24.546676635742188,-6.338322988022454e-05,5.489217745514332e-06,0.006033831741660833,0.5,0.0,PlanStatus.OK,20,27.0395119010665,-0.03235549599148933,True,30.086836795136954,1.7706732190147203e-05,1.9953838006282927e-05,0.20333001223805552,-0.03235549599148933,3.0,False,8.569200057536364,20,27.0395119010665,-0.03235549599148933,0.1,60,-37.78665923825702,24.546676635749034,0.0027770924706367293,5.489217745514332e-06,-28.936749214152155,24.571265082613532,0.002776980590999586,2.950000091486959,1,"[{""id"": 134, ""x"": -71.6904296875, ""y"": 27.98271942138672, ""vx"": -4.6393530683808137e-10, ""vy"": -2.1374763070625136e-10, ""r"": 2.5906050205230713}]"
626,31.3,-37.78589630126953,24.54667854309082,-6.178533322617699e-05,0.08625746338684935,0.0,0.0,1.0,PlanStatus.FAIL,20,27.040274842874517,-0.03235570740089829,False,30.08759565418555,0.2380759187818366,0.711702837315667,3.5463247868138192,-0.03235570740089829,3.0,False,8.54399986565113,20,27.040274842874517,-0.03235570740089829,0.1,60,-37.78589629875627,24.5466785430978,0.0027770924700514046,0.08625746338684935,-28.670035266155136,24.59387117879637,0.07394725671311828,2.9514376243897837,1,"[{""id"": 134, ""x"": -71.6904296875, ""y"": 27.98271942138672, ""vx"": -1.2077278066513486e-09, ""vy"": -2.681296573658898e-10, ""r"": 2.5906050205230713}]"
627,31.35,-37.786075592041016,24.54667854309082,-6.125270507182248e-05,5.46615053047474e-06,0.006029309239238501,0.5,0.0,PlanStatus.OK,20,27.040095552794398,-0.03235520949448733,True,30.087417277098588,1.782217029123342e-05,1.9907308021946922e-05,0.20332996451569577,-0.03235520949448733,3.0,False,8.193799993023276,20,27.040095552794398,-0.03235520949448733,0.1,60,-37.78607558953898,24.54667854309777,0.002777092469981771,5.46615053047474e-06,-28.936165680116588,24.57126698959525,0.0027769807078604166,2.9500000911025097,1,"[{""id"": 134, ""x"": -71.6904296875, ""y"": 27.98271942138672, ""vx"": -8.213184021776954e-10, ""vy"": 9.031091152689186e-11, ""r"": 2.5906050205230713}]"
628,31.400000000000002,-37.78531265258789,24.54667854309082,-5.9122172136097755e-05,0.08625742584213358,0.0,0.0,1.0,PlanStatus.FAIL,20,27.04085848930554,-0.03235732824517581,False,30.088176328598877,0.24134575057798568,0.7214110468045112,3.5671055348852203,-0.03235732824517581,3.0,False,8.294000057503581,20,27.04085848930554,-0.03235732824517581,0.1,60,-37.78531265003809,24.5466785430979,0.0027770924702756107,0.08625742584213358,-28.66953246872705,24.594164477691635,0.07491807778732201,2.9514376237640376,1,"[{""id"": 134, ""x"": -71.6904296875, ""y"": 27.98271942138672, ""vx"": 0.0, ""vy"": 0.0, ""r"": 2.5906050205230713}]"
629,31.450000000000003,-37.785491943359375,24.54667854309082,-5.858953991808191e-05,5.422945705656693e-06,0.006023656576871872,0.5,0.0,PlanStatus.OK,20,27.04067919922542,-0.03235683033876486,True,30.087997951480702,1.793759974614727e-05,1.9860766282838414e-05,0.20332991677114248,-0.03235683033876486,3.0,False,8.152700029313564,20,27.04067919922542,-0.03235683033876486,0.1,60,-37.7854919408208,24.54667854309787,0.002777092469938451,5.422945705656693e-06,-28.93558220973113,24.57126698905638,0.0027769808335674044,2.95000009038243,1,"[{""id"": 134, ""x"": -71.6904296875, ""y"": 27.98271942138672, ""vx"": 3.7512670747474886e-10, ""vy"": 1.611841077275855e-10, ""r"": 2.5906050205230713}]"
630,31.5,-37.78472900390625,24.546682357788086,-5.699164326403437e-05,0.08625739567228727,0.0,0.0,1.0,PlanStatus.FAIL,20,27.04144214633031,-0.032355134406894304,False,30.088756618498095,0.2446142099128301,0.7311113663028869,3.587877560815861,-0.032355134406894304,3.0,False,7.406699936836958,20,27.04144214633031,-0.032355134406894304,0.1,60,-37.7847290013202,24.54668235779527,0.0027770924700282924,0.08625739567228727,-28.669031565850595,24.5944610878823,0.07588810984565494,2.9514376232612074,1,"[{""id"": 134, ""x"": -71.6904296875, ""y"": 27.98271942138672, ""vx"": 7.470474239212876e-10, ""vy"": 1.9304516318818798e-10, ""r"": 2.5906050205230713}]"
631,31.55,-37.784908294677734,24.546682357788086,-5.592637882800267e-05,5.3968002531138824e-06,0.006018003914505243,0.5,0.0,PlanStatus.OK,20,27.041262856250196,-0.03235463650048335,True,30.08857824134669,1.8053038578423006e-05,1.981426095751422e-05,0.20332986907863027,-0.03235463650048335,3.0,False,7.688999874517322,20,27.041262856250196,-0.03235463650048335,0.1,60,-37.78490829210291,24.546682357795238,0.0027770924704304946,5.3968002531138824e-06,-28.934998680523897,24.57127080336872,0.0027769809415248304,2.950000089946673,1,"[{""id"": 134, ""x"": -71.6904296875, ""y"": 27.98271942138672, ""vx"": 4.4152023703780685e-10, ""vy"": -1.5183759805026398e-10, ""r"": 2.5906050205230713}]"
632,31.6,-37.78414535522461,24.54668426513672,-5.432848217395513e-05,0.08625738731601561,0.0,0.0,1.0,PlanStatus.FAIL,20,27.042025798058212,-0.0323548479098923,False,30.089337100816785,0.24788636719931662,0.7408225035294472,3.6086730891171452,-0.0323548479098923,3.0,False,7.727399934083223,20,27.042025798058212,-0.0323548479098923,0.1,60,-37.78414535260216,24.546684265144002,0.0027770924703749114,0.08625738731601561,-28.66852965099977,24.594756080519826,0.07685922368522523,2.9514376231219384,1,"[{""id"": 134, ""x"": -71.6904296875, ""y"": 27.98271942138672, ""vx"": -3.022682104614205e-10, ""vy"": -2.071954968707601e-10, ""r"": 2.5906050205230713}]"
633,31.650000000000002,-37.784324645996094,24.54668426513672,-5.379584995593928e-05,5.396345294325546e-06,0.0060134814120829105,0.5,0.0,PlanStatus.OK,20,27.041846507978093,-0.032354350003481344,True,30.089158723633155,1.8168482109006765e-05,1.976773330078247e-05,0.2033298213650745,-0.032354350003481344,3.0,False,7.3818000964820385,20,27.041846507978093,-0.032354350003481344,0.1,60,-37.78432464338488,24.54668426514397,0.0027770924704125853,5.396345294325546e-06,-28.9344150797853,24.571272710535876,0.002776981058392285,2.950000089939088,1,"[{""id"": 134, ""x"": -71.6904296875, ""y"": 27.98271942138672, ""vx"": -1.854267517309438e-09, ""vy"": -1.4895911171208809e-08, ""r"": 2.5906050205230713}]"
634,31.700000000000003,-37.78356170654297,24.54668426513672,-5.166532108387589e-05,0.08625737267140676,0.0,0.0,1.0,PlanStatus.FAIL,20,27.042609444489234,-0.032356468754166264,False,30.089917775544784,0.251161700499939,0.7505429704813635,3.629488802282783,-0.032356468754166264,3.0,False,8.525999961420894,20,27.042609444489234,-0.032356468754166264,0.1,60,-37.783561703883976,24.546684265144105,0.0027770924700126105,0.08625737267140676,-28.668026795709455,24.59504941360887,0.07783127050576487,2.951437622877859,1,"[{""id"": 134, ""x"": -71.6904296875, ""y"": 27.98271942138672, ""vx"": -2.2426140944276085e-09, ""vy"": -3.6223640753618724e-10, ""r"": 2.5906050205230713}]"
635,31.75,-37.78374099731445,24.54668426513672,-5.113269292952138e-05,5.460409764393567e-06,0.006007828749716282,0.5,0.0,PlanStatus.OK,20,27.042430154409114,-0.03235597084775531,True,30.089739398329947,1.8283946081713697e-05,1.9721173555430765e-05,0.20332977363222626,-0.03235597084775531,3.0,False,7.573900045827031,20,27.042430154409114,-0.03235597084775531,0.1,60,-37.78374099466669,24.546684265144073,0.002777092470165718,5.460409764393567e-06,-28.93383129298811,24.57127271087591,0.0027769811841746933,2.9500000910068316,1,"[{""id"": 134, ""x"": -71.6904296875, ""y"": 27.98271942138672, ""vx"": -2.082600092379039e-09, ""vy"": -1.499444145236506e-11, ""r"": 2.5906050205230713}]"
636,31.8,-37.782981872558594,24.54668617248535,-4.95347922118125e-05,0.08625652291425837,0.0,0.0,1.0,PlanStatus.FAIL,20,27.043189281534577,-0.03235617166341084,False,30.09049446281594,0.25440189965417204,0.7601566000346612,3.65008121463429,-0.03235617166341084,3.0,False,6.9027000572532415,20,27.043189281534577,-0.03235617166341084,0.1,60,-37.78298186986344,24.546686172492837,0.0027770924699729795,0.08625652291425837,-28.66753030305912,24.59534123545322,0.07879263357671235,2.9514376087152376,1,"[{""id"": 134, ""x"": -71.6904296875, ""y"": 27.98271942138672, ""vx"": -1.7106780436648705e-09, ""vy"": 1.6995170895595102e-11, ""r"": 2.5906050205230713}]"
637,31.85,-37.78315734863281,24.54668617248535,-4.84695277757808e-05,5.405005077911607e-06,0.006002176087349653,0.5,0.0,PlanStatus.OK,20,27.043013806137015,-0.032355684350753304,True,30.09031988082956,1.8399372899206052e-05,1.96746636846757e-05,0.20332972592280474,-0.032355684350753304,3.0,False,7.514399942010641,20,27.043013806137015,-0.032355684350753304,0.1,60,-37.783157345948645,24.546686172492805,0.0027770924706662175,5.405005077911607e-06,-28.93324785433861,24.571274617593076,0.002776981300976865,2.95000009008342,1,"[{""id"": 134, ""x"": -71.6904296875, ""y"": 27.98271942138672, ""vx"": 5.694563709468525e-10, ""vy"": 8.773548554330546e-11, ""r"": 2.5906050205230713}]"
638,31.900000000000002,-37.78239822387695,24.546688079833984,-4.687163112173326e-05,0.08625749109988558,0.0,0.0,1.0,PlanStatus.FAIL,20,27.043772933262474,-0.032355885166408846,False,30.091074945455333,0.25769530866353235,0.7699267961902408,3.671011820397856,-0.032355885166408846,3.0,False,7.005699910223484,20,27.043772933262474,-0.032355885166408846,0.1,60,-37.78239822114541,24.54668807984157,0.002777092470267537,0.08625749109988558,-28.66702591013546,24.595637683123645,0.07976965330977007,2.9514376248516623,1,"[{""id"": 134, ""x"": -71.6904296875, ""y"": 27.98271942138672, ""vx"": 9.408260837062699e-10, ""vy"": 1.5614613768644148e-10, ""r"": 2.5906050205230713}]"
639,31.950000000000003,-37.78257369995117,24.546688079833984,-4.6338998903717414e-05,5.487176937347484e-06,0.0059976535849273205,0.5,0.0,PlanStatus.OK,20,27.043597457864912,-0.03235539785375132,True,30.09090036343742,1.8514842283551502e-05,1.962812388770288e-05,0.20332967822006026,-0.03235539785375132,3.0,False,7.061199983581901,20,27.043597457864912,-0.03235539785375132,0.1,60,-37.78257369723062,24.54668807984154,0.0027770924705424146,5.487176937347484e-06,-28.93266400987186,24.571276525437277,0.0027769814178968118,2.9500000914529494,1,"[{""id"": 134, ""x"": -71.6904296875, ""y"": 27.98271942138672, ""vx"": 1.3127486875319505e-09, ""vy"": 1.8800075385350112e-10, ""r"": 2.5906050205230713}]"
640,32.0,-37.78181457519531,24.546688079833984,-4.4208474095315355e-05,0.08625747603368998,0.0,0.0,1.0,PlanStatus.FAIL,20,27.044356579693495,-0.03235750601068636,False,30.091655620494024,0.26097563770897614,0.7796581789788859,3.691859284057844,-0.03235750601068636,3.0,False,7.048000115901232,20,27.044356579693495,-0.03235750601068636,0.1,60,-37.78181457242721,24.546688079841672,0.0027770924702779265,0.08625747603368998,-28.666523056239026,24.59593101561873,0.08074279171399593,2.9514376246005627,1,"[{""id"": 134, ""x"": -71.6904296875, ""y"": 27.98271942138672, ""vx"": 1.684671513402236e-09, ""vy"": 2.1985413489744587e-10, ""r"": 2.5906050205230713}]"
641,32.050000000000004,-37.78199005126953,24.546688079833984,-4.367583781363817e-05,5.34769901169117e-06,0.005992000922560692,0.5,0.0,PlanStatus.OK,20,27.044181104295934,-0.032357018698028824,True,30.091481038445572,1.863024497364787e-05,1.9581618878553725e-05,0.20332963049020183,-0.032357018698028824,3.0,False,7.185599999502301,20,27.044181104295934,-0.032357018698028824,0.1,60,-37.78199004851241,24.54668807984164,0.002777092469838845,5.34769901169117e-06,-28.932080823482444,24.57127652411019,0.0027769815435726283,2.950000089128315,1,"[{""id"": 134, ""x"": -71.6904296875, ""y"": 27.98271942138672, ""vx"": 1.379144354274331e-09, ""vy"": -1.2502887614118663e-10, ""r"": 2.5906050205230713}]"
642,32.1,-37.78123092651367,24.54669189453125,-4.2077941159590634e-05,0.08625742323959724,0.0,0.0,1.0,PlanStatus.FAIL,20,27.044940236718272,-0.03235531217240485,False,30.09223591105887,0.2642539711166465,0.7893797293308538,3.7126940644118935,-0.03235531217240485,3.0,False,7.837699959054589,20,27.044940236718272,-0.03235531217240485,0.1,60,-37.78123092370934,24.546691894539038,0.0027770924702978706,0.08625742323959724,-28.666022210470842,24.596227592728095,0.08171494685762629,2.9514376237206625,1,"[{""id"": 134, ""x"": -71.6904296875, ""y"": 27.98271942138672, ""vx"": 4.2820885726158053e-10, ""vy"": -4.439382195187136e-10, ""r"": 2.5906050205230713}]"
643,32.15,-37.78140640258789,24.54669189453125,-4.154531300523611e-05,5.41390829281921e-06,0.005987478420138359,0.5,0.0,PlanStatus.OK,20,27.04476476132071,-0.032354824859747305,True,30.092061328977906,1.874570961513482e-05,1.9535107077862414e-05,0.20332958281668048,-0.032354824859747305,3.0,False,8.47670016810298,20,27.04476476132071,-0.032354824859747305,0.1,60,-37.78140639979454,24.54669189453901,0.0027770924697113576,5.41390829281921e-06,-28.931497021832904,24.57128033917948,0.0027769816515624793,2.9500000902318053,1,"[{""id"": 134, ""x"": -71.6904296875, ""y"": 27.98271942138672, ""vx"": -7.875760599240778e-10, ""vy"": -2.978301771872083e-10, ""r"": 2.5906050205230713}]"
644,32.2,-37.78064727783203,24.546693801879883,-3.941478006951139e-05,0.08625854824501551,0.0,0.0,1.0,PlanStatus.FAIL,20,27.045523888446173,-0.03235502567540285,False,30.092816394023004,0.26755502596798225,0.7991686979758525,3.733673266016347,-0.03235502567540285,3.0,False,9.29099996574223,20,27.045523888446173,-0.03235502567540285,0.1,60,-37.780647274991296,24.546693801887773,0.0027770924700681,0.08625854824501551,-28.665517419616123,24.596524274238405,0.08269384383971694,2.9514376424707507,1,"[{""id"": 134, ""x"": -71.6904296875, ""y"": 27.98271942138672, ""vx"": -1.3069946236399232e-09, ""vy"": -5.360742752480441e-11, ""r"": 2.5906050205230713}]"
645,32.25,-37.78082275390625,24.546693801879883,-3.8882147851495544e-05,5.448866411875043e-06,0.00598182575777173,0.5,0.0,PlanStatus.OK,20,27.045348413048607,-0.03235453836274533,True,30.092641811910497,1.8861164698035183e-05,1.9488585875759162e-05,0.203329535121127,-0.03235453836274533,3.0,False,10.41270000860095,20,27.045348413048607,-0.03235453836274533,0.1,60,-37.780822751076514,24.54669380188774,0.0027770924703749023,5.448866411875043e-06,-28.93091331663241,24.57128224663714,0.002776981768440429,2.950000090814443,1,"[{""id"": 134, ""x"": -71.6904296875, ""y"": 27.98271942138672, ""vx"": 5.161995483837778e-11, ""vy"": 1.1758512219461892e-10, ""r"": 2.5906050205230713}]"
646,32.300000000000004,-37.78006362915039,24.546693801879883,-3.675161897943216e-05,0.08625734815046512,0.0,0.0,1.0,PlanStatus.FAIL,20,27.046107534877194,-0.03235664651968037,False,30.09339706937626,0.27082062412277647,0.8088526094147133,3.754427092067893,-0.03235664651968037,3.0,False,8.794399909675121,20,27.046107534877194,-0.03235664651968037,0.1,60,-37.7800636262731,24.546693801887873,0.002777092470225108,0.08625734815046512,-28.665017573224898,24.596815841331416,0.08366223510828302,2.951437622469175,1,"[{""id"": 134, ""x"": -71.6904296875, ""y"": 27.98271942138672, ""vx"": 4.236489492548401e-10, ""vy"": 1.6750822950939437e-10, ""r"": 2.5906050205230713}]"
647,32.35,-37.78023910522461,24.546693801879883,-3.621898676141631e-05,5.448495978619695e-06,0.005976173095405102,0.5,0.0,PlanStatus.OK,20,27.045932059479632,-0.03235615920701927,True,30.093222487233227,1.8976608387384548e-05,1.9442055669161712e-05,0.20332948740323475,-0.03235615920701927,3.0,False,8.75169993378222,20,27.045932059479632,-0.03235615920701927,0.1,60,-37.78023910235831,24.546693801887844,0.0027770924706975687,5.448495978619695e-06,-28.9303297199165,24.57128224644976,0.0027769818942220844,2.9500000908082624,1,"[{""id"": 134, ""x"": -71.6904296875, ""y"": 27.98271942138672, ""vx"": 7.955697212125301e-10, ""vy"": 1.993623044427295e-10, ""r"": 2.5906050205230713}]"
648,32.4,-37.77947998046875,24.546695709228516,-3.46210941710301e-05,0.08625642388352957,0.0,0.0,1.0,PlanStatus.FAIL,20,27.04669118660509,-0.03235636002267836,False,30.09397755255346,0.2740909334602482,0.8185479159358581,3.7752108635733403,-0.03235636002267836,3.0,False,8.259200025349855,20,27.04669118660509,-0.03235636002267836,0.1,60,-37.77947997755506,24.54669570923661,0.0027770924699794287,0.08625642388352957,-28.664517982914926,24.59710946988846,0.08463176587676349,2.951437607064727,1,"[{""id"": 134, ""x"": -71.6904296875, ""y"": 27.98271942138672, ""vx"": 2.6366797634125305e-10, ""vy"": -1.6392472101944833e-10, ""r"": 2.5906050205230713}]"
649,32.45,-37.77965545654297,24.546695709228516,-3.4088459921183586e-05,5.415356236449432e-06,0.005971651058644056,0.5,0.0,PlanStatus.OK,20,27.04651571120753,-0.03235587271001729,True,30.09380297037891,1.909204308871827e-05,1.9395555388066442e-05,0.20332943971153042,-0.03235587271001729,3.0,False,8.279000176116824,20,27.04651571120753,-0.03235587271001729,0.1,60,-37.779655453640274,24.546695709236577,0.0027770924702003653,5.415356236449432e-06,-28.929746215588754,24.571284153349723,0.0027769820110361983,2.950000090255939,1,"[{""id"": 134, ""x"": -71.6904296875, ""y"": 27.98271942138672, ""vx"": -4.80123885093775e-10, ""vy"": -2.18442847144118e-10, ""r"": 2.5906050205230713}]"
650,32.5,-37.77889633178711,24.54669952392578,-3.1957933080950855e-05,0.08625861434864991,0.0,0.0,1.0,PlanStatus.FAIL,20,27.047274843629868,-0.03235416618439685,False,30.094557843564743,0.2774131703101842,0.8283945569181057,3.7963247024086844,-0.03235416618439685,3.0,False,7.761099841445684,20,27.047274843629868,-0.03235416618439685,0.1,60,-37.7788963288372,24.546699523933974,0.002777092470314548,0.08625861434864991,-28.664011444162238,24.597409389497177,0.08561643008472744,2.9514376435724814,1,"[{""id"": 134, ""x"": -71.6904296875, ""y"": 27.98271942138672, ""vx"": -7.728319650901483e-10, ""vy"": 8.03566449492088e-11, ""r"": 2.5906050205230713}]"
651,32.550000000000004,-37.779075622558594,24.54669952392578,-3.1425298831104344e-05,5.435964274743066e-06,0.005965998396277428,0.5,0.0,PlanStatus.OK,20,27.04709555354975,-0.03235366827798589,True,30.094379466092413,1.9206740575525392e-05,1.934936818027977e-05,0.20332939236010175,-0.03235366827798589,3.0,False,7.93550000526011,20,27.04709555354975,-0.03235366827798589,0.1,60,-37.77907561961992,24.546699523933942,0.0027770924701831065,5.435964274743066e-06,-28.929166362801706,24.571287968046956,0.002776982118126276,2.9500000905994037,1,"[{""id"": 134, ""x"": -71.6904296875, ""y"": 27.98271942138672, ""vx"": -4.009254594983247e-10, ""vy"": 1.1917447584330887e-10, ""r"": 2.5906050205230713}]"
652,32.6,-37.77831268310547,24.54669952392578,-2.9827402177056802e-05,0.08625730202065642,0.0,0.0,1.0,PlanStatus.FAIL,20,27.04785849006089,-0.03235578702867082,False,30.095138519232528,0.28068170941938,0.838083568411065,3.8170972176253777,-0.03235578702867082,3.0,False,8.151500020176172,20,27.04785849006089,-0.03235578702867082,0.1,60,-37.778312680118994,24.546699523934077,0.002777092470172611,0.08625730202065642,-28.66351188283762,24.597700789458226,0.08658533135865935,2.9514376217003435,1,"[{""id"": 134, ""x"": -71.6904296875, ""y"": 27.98271942138672, ""vx"": -2.9004687540634677e-11, ""vy"": 1.510292446660344e-10, ""r"": 2.5906050205230713}]"
653,32.65,-37.77849197387695,24.54669952392578,-2.876213774102511e-05,5.454179938453544e-06,0.005960345733910799,0.5,0.0,PlanStatus.OK,20,27.04767919998077,-0.03235528912225986,True,30.094960141729004,1.932218893397294e-05,1.930284094005079e-05,0.20332934465093636,-0.03235528912225986,3.0,False,8.59670015051961,20,27.04767919998077,-0.03235528912225986,0.1,60,-37.77849197090171,24.546699523934045,0.0027770924700668497,5.454179938453544e-06,-28.928582711267328,24.57128796801203,0.002776982243941538,2.9500000909029946,1,"[{""id"": 134, ""x"": -71.6904296875, ""y"": 27.98271942138672, ""vx"": 3.4291608441705534e-10, ""vy"": 1.828823342764352e-10, ""r"": 2.5906050205230713}]"
654,32.7,-37.77772903442383,24.546701431274414,-2.7164241086977563e-05,0.08625741382588623,0.0,0.0,1.0,PlanStatus.FAIL,20,27.048442141788787,-0.032355500531668815,False,30.095719002734384,0.283974079290741,0.8478406382342542,3.8380212087676573,-0.032355500531668815,3.0,False,7.12530012242496,20,27.048442141788787,-0.032355500531668815,0.1,60,-37.77772903140096,24.54670143128281,0.0027770924704518716,0.08625741382588623,-28.66300966331252,24.597995961782328,0.08756103845795303,2.9514376235637636,1,"[{""id"": 134, ""x"": -71.6904296875, ""y"": 27.98271942138672, ""vx"": 2.9427862924258363e-10, ""vy"": 1.547572209270598e-10, ""r"": 2.5906050205230713}]"
655,32.75,-37.77790832519531,24.546701431274414,-2.6631608868961715e-05,5.414873638569046e-06,0.005955823231488466,0.5,0.0,PlanStatus.OK,20,27.04826285170867,-0.03235500262525786,True,30.09554062519865,1.943762161433985e-05,1.9256349108160396e-05,0.203329296967404,-0.03235500262525786,3.0,False,7.41990003734827,20,27.04826285170867,-0.03235500262525786,0.1,60,-37.77790832218368,24.546701431282777,0.002777092470272869,5.414873638569046e-06,-28.927999225126833,24.57128987486169,0.002776982360768136,2.950000090247897,1,"[{""id"": 134, ""x"": -71.6904296875, ""y"": 27.98271942138672, ""vx"": 2.151158834395872e-10, ""vy"": -1.6652222656343696e-10, ""r"": 2.5906050205230713}]"
656,32.800000000000004,-37.77714538574219,24.546703338623047,-2.4501079996898325e-05,0.08625858347560336,0.0,0.0,1.0,PlanStatus.FAIL,20,27.049025793516687,-0.03235521403466683,False,30.096299486344435,0.28728564945719326,0.8576534258081076,3.859067242242352,-0.03235521403466683,3.0,False,9.270699927583337,20,27.049025793516687,-0.03235521403466683,0.1,60,-37.777145382682924,24.54670333863154,0.00277709247032727,0.08625858347560336,-28.662504759300344,24.598292710174658,0.08854231733294984,2.951437643057924,1,"[{""id"": 134, ""x"": -71.6904296875, ""y"": 27.98271942138672, ""vx"": -3.042744389780694e-10, ""vy"": 6.503254879053344e-11, ""r"": 2.5906050205230713}]"
657,32.85,-37.77732467651367,24.546703338623047,-2.3968449810713143e-05,5.417741712465255e-06,0.005950170569121838,0.5,0.0,PlanStatus.OK,20,27.048846503436568,-0.03235471612825587,True,30.0961211087765,1.9553068134058038e-05,1.9209850293934287e-05,0.20332924928809648,-0.03235471612825587,3.0,False,7.341600023210049,20,27.048846503436568,-0.03235471612825587,0.1,60,-37.77732467346565,24.546703338631513,0.002777092469951937,5.417741712465255e-06,-28.92741561458166,24.571291782056893,0.0027769824775954245,2.9500000902956995,1,"[{""id"": 134, ""x"": -71.6904296875, ""y"": 27.98271942138672, ""vx"": 6.795149165572667e-11, ""vy"": 1.4656360847187244e-10, ""r"": 2.5906050205230713}]"
658,32.9,-37.77656173706055,24.546703338623047,-2.23705531566656e-05,0.08625641480599014,0.0,0.0,1.0,PlanStatus.FAIL,20,27.04960943994771,-0.03235683487894433,False,30.096880162323423,0.290544622309679,0.86731063562064,3.8797789463835892,-0.03235683487894433,3.0,False,7.641799980774522,20,27.04960943994771,-0.03235683487894433,0.1,60,-37.77656173396471,24.546703338631644,0.002777092470173158,0.08625641480599014,-28.662007371441945,24.598582834372483,0.08950803843833735,2.951437606913434,1,"[{""id"": 134, ""x"": -71.6904296875, ""y"": 27.98271942138672, ""vx"": -2.375766805506885e-10, ""vy"": -1.9831603026432276e-10, ""r"": 2.5906050205230713}]"
659,32.95,-37.77674102783203,24.546703338623047,-2.1837918906819086e-05,5.4794661551899615e-06,0.005945648066699505,0.5,0.0,PlanStatus.OK,20,27.04943014986759,-0.03235633697253337,True,30.096701784724303,1.9668529420777385e-05,1.9176889511779427e-05,0.20332920158842074,-0.03235633697253337,3.0,False,7.644700119271874,20,27.04943014986759,-0.03235633697253337,0.1,60,-37.77674102474743,24.546703338631612,0.002777092469614658,5.4794661551899615e-06,-28.926831834715866,24.57129178237857,0.0027769826034627714,2.950000091324438,1,"[{""id"": 134, ""x"": -71.6904296875, ""y"": 27.98271942138672, ""vx"": -7.754060588061051e-11, ""vy"": 1.4146642191015246e-10, ""r"": 2.5906050205230713}]"
660,33.0,-37.775978088378906,24.54670524597168,-1.9707390034755696e-05,0.08625866490121542,0.0,0.0,1.0,PlanStatus.FAIL,20,27.050193091675606,-0.03235654838194235,False,30.097460646146487,0.29387734119797476,0.8771837781610065,3.900959406274876,-0.03235654838194235,3.0,False,9.240400046110153,20,27.050193091675606,-0.03235654838194235,0.1,60,-37.775978085246685,24.546705245980377,0.002777092470106379,0.08625866490121542,-28.66149972567297,24.59888119253074,0.09049535281063577,2.951437644415018,1,"[{""id"": 134, ""x"": -71.6904296875, ""y"": 27.98271942138672, ""vx"": -1.5670374720055946e-10, ""vy"": -1.7972698329593584e-10, ""r"": 2.5906050205230713}]"
661,33.050000000000004,-37.77615737915039,24.54670524597168,-1.9174759848570515e-05,5.421003178263602e-06,0.005939995404332876,0.5,0.0,PlanStatus.OK,20,27.05001380159549,-0.03235605047552784,True,30.09728226851518,1.9775385072402566e-05,1.9281073386453497e-05,0.20332915219856168,-0.03235605047552784,3.0,False,7.4946999084204435,20,27.05001380159549,-0.03235605047552784,0.1,60,-37.776157376029396,24.54670524598035,0.0027770924708756185,5.421003178263602e-06,-28.92624840508307,24.57129368907152,0.002776982720276739,2.950000090350054,1,"[{""id"": 134, ""x"": -71.6904296875, ""y"": 27.98271942138672, ""vx"": 3.345306236884893e-12, ""vy"": 1.533450449953122e-10, ""r"": 2.5906050205230713}]"
662,33.1,-37.775394439697266,24.546709060668945,-1.7576863194522973e-05,0.08625854524277426,0.0,0.0,1.0,PlanStatus.FAIL,20,27.050776748700383,-0.03235435454366083,False,30.098040937823768,0.2971708212404828,0.8869380325488935,3.9218904503214738,-0.03235435454366083,3.0,False,7.343900157138705,20,27.050776748700383,-0.03235435454366083,0.1,60,-37.775394436528835,24.546709060677745,0.0027770924700093306,0.08625854524277426,-28.660999049028135,24.599177671094957,0.09147077835773804,2.951437642420711,1,"[{""id"": 134, ""x"": -71.6904296875, ""y"": 27.98271942138672, ""vx"": 1.325832221787948e-10, ""vy"": 1.3950396393624942e-10, ""r"": 2.5906050205230713}]"
663,33.15,-37.77557373046875,24.546709060668945,-1.6511596726660613e-05,5.419325415701469e-06,0.0059343427419662476,0.5,0.0,PlanStatus.OK,20,27.050597458620263,-0.03235385663724987,True,30.097862560159243,1.965386331671846e-05,1.916258920052743e-05,0.2033290571582805,-0.03235385663724987,3.0,False,7.002299884334207,20,27.050597458620263,-0.03235385663724987,0.1,60,-37.77557372731156,24.546709060677713,0.002777092470142779,5.419325415701469e-06,-28.925664803649923,24.571297503585416,0.0027769828281273396,2.9500000903220887,1,"[{""id"": 134, ""x"": -71.6904296875, ""y"": 27.98271942138672, ""vx"": 5.1751596064075756e-11, ""vy"": 1.3780541985308759e-10, ""r"": 2.5906050205230713}]"
664,33.2,-37.774810791015625,24.546709060668945,-1.4913701088528401e-05,0.08625852989420821,0.0,0.0,1.0,PlanStatus.FAIL,20,27.051360395131404,-0.032355975387934784,False,30.098621614117185,0.3004702827096635,0.8967118637833079,3.942859510381009,-0.032355975387934784,3.0,False,7.382799871265888,20,27.051360395131404,-0.032355975387934784,0.1,60,-37.774810787810615,24.546709060677845,0.0027770924704677595,0.08625852989420821,-28.660496196928285,24.5994710034344,0.09244816160662331,2.9514376421649042,1,"[{""id"": 134, ""x"": -71.6904296875, ""y"": 27.98271942138672, ""vx"": -2.906874740915555e-11, ""vy"": 1.2865714049681287e-10, ""r"": 2.5906050205230713}]"
665,33.25,-37.77499008178711,24.546709060668945,-1.4381068870512554e-05,5.4182598973509e-06,0.005929820239543915,0.5,0.0,PlanStatus.OK,20,27.05118110505129,-0.03235547748152382,True,30.09844323642148,1.9532345096089988e-05,1.904410846974118e-05,0.20332896207324566,-0.03235547748152382,3.0,False,8.574599865823984,20,27.05118110505129,-0.03235547748152382,0.1,60,-37.77499007859333,24.546709060677816,0.002777092470783775,5.4182598973509e-06,-28.92508120900464,24.57129750339295,0.0027769829539560347,2.9500000903043313,1,"[{""id"": 134, ""x"": -71.6904296875, ""y"": 27.98271942138672, ""vx"": -1.1023119222963729e-10, ""vy"": 8.865454204087797e-11, ""r"": 2.5906050205230713}]"
666,33.300000000000004,-37.774227142333984,24.546710968017578,-1.2250539998449162e-05,0.08625850737258939,0.0,0.0,1.0,PlanStatus.FAIL,20,27.051944046859305,-0.03235568889093279,False,30.099202098264804,0.3037698183562494,0.9064833278164549,3.9638290419990914,-0.03235568889093279,3.0,False,7.586400024592876,20,27.051944046859305,-0.03235568889093279,0.1,60,-37.77422713909258,24.54671096802658,0.0027770924699771957,0.08625850737258939,-28.659994318420654,24.599765976003955,0.09342530812682662,2.951437641789543,1,"[{""id"": 134, ""x"": -71.6904296875, ""y"": 27.98271942138672, ""vx"": -1.890767264978166e-10, ""vy"": -1.8912009458471601e-10, ""r"": 2.5906050205230713}]"
667,33.35,-37.77440643310547,24.546710968017578,-1.1717907780433316e-05,5.41874352212851e-06,0.005924167577177286,0.5,0.0,PlanStatus.OK,20,27.051764756779185,-0.03235519098452184,True,30.09902372053689,1.9410824075965577e-05,1.897737479908141e-05,0.20332886701456582,-0.03235519098452184,3.0,False,7.187299896031618,20,27.051764756779185,-0.03235519098452184,0.1,60,-37.77440642987531,24.54671096802655,0.0027770924706520808,5.41874352212851e-06,-28.924497605491588,24.571299410568965,0.002776983070772539,2.950000090312394,1,"[{""id"": 134, ""x"": -71.6904296875, ""y"": 27.98271942138672, ""vx"": -1.4311245521980709e-09, ""vy"": -6.21366347264285e-10, ""r"": 2.5906050205230713}]"
668,33.4,-37.773643493652344,24.54671287536621,-1.0120011126385772e-05,0.08625849952538313,0.0,0.0,1.0,PlanStatus.FAIL,20,27.052527698587202,-0.03235540239393079,False,30.099782582520582,0.3070711279798181,0.91625896220555,3.98480984835277,-0.03235540239393079,3.0,False,8.80820001475513,20,27.052527698587202,-0.03235540239393079,0.1,60,-37.77364349037455,24.546712875375313,0.0027770924702882676,0.08625849952538313,-28.65949240268401,24.600060970504263,0.09440287168263414,2.951437641658758,1,"[{""id"": 134, ""x"": -71.6904296875, ""y"": 27.98271942138672, ""vx"": 1.1132454069695541e-08, ""vy"": 1.7669199436909366e-08, ""r"": 2.5906050205230713}]"
669,33.45,-37.77382278442383,24.54671287536621,-9.587379924285257e-06,5.400031076814885e-06,0.005919645540416241,0.5,0.0,PlanStatus.OK,20,27.052348408507083,-0.03235490448751984,True,30.09960420476049,1.9289309337553664e-05,1.8930895111443635e-05,0.2033287719605078,-0.03235490448751984,3.0,False,7.5304999481886625,20,27.052348408507083,-0.03235490448751984,0.1,60,-37.77382278115728,24.546712875375285,0.00277709246947893,5.400031076814885e-06,-28.923914058601316,24.57130131758781,0.0027769831876253578,2.95000009000052,1,"[{""id"": 134, ""x"": -71.6904296875, ""y"": 27.98271942138672, ""vx"": -3.1500928532324224e-09, ""vy"": -1.5703192912663866e-10, ""r"": 2.5906050205230713}]"
670,33.5,-37.7730598449707,24.54671287536621,-7.4568505442642005e-06,0.08625854400498587,0.0,0.0,1.0,PlanStatus.FAIL,20,27.053111345018223,-0.03235702323820831,False,30.100363259125103,0.3103761122231549,0.9260459614483408,4.005814009332047,-0.03235702323820831,3.0,False,8.24499991722405,20,27.053111345018223,-0.03235702323820831,0.1,60,-37.773059841656334,24.546712875375416,0.0027770924702960036,0.08625854400498587,-28.658989399082955,24.600354392011326,0.09538157173240765,2.9514376424000828,1,"[{""id"": 134, ""x"": -71.6904296875, ""y"": 27.98271942138672, ""vx"": 0.0, ""vy"": 0.0, ""r"": 2.5906050205230713}]"
671,33.550000000000004,-37.77323913574219,24.54671287536621,-6.924218326248353e-06,5.477485621337515e-06,0.005913992412388325,0.5,0.0,PlanStatus.OK,20,27.052932054938108,-0.03235652533179736,True,30.10018488133383,1.916776345718632e-05,1.888437557398103e-05,0.20332867687574466,-0.03235652533179736,3.0,False,8.063900051638484,20,27.052932054938108,-0.03235652533179736,0.1,60,-37.77323913243905,24.546712875375384,0.002777092469777704,5.477485621337515e-06,-28.92333023235016,24.571301318038742,0.002776983313510844,2.950000091291426,1,"[{""id"": 134, ""x"": -71.6904296875, ""y"": 27.98271942138672, ""vx"": 3.7512670747474886e-10, ""vy"": 1.611840938497977e-10, ""r"": 2.5906050205230713}]"
672,33.6,-37.77247619628906,24.546716690063477,-5.32632167220081e-06,0.08625856599399483,0.0,0.0,1.0,PlanStatus.FAIL,20,27.053695002043,-0.032354829399926795,False,30.100943551356643,0.3136796633616036,0.9358245637290918,4.026809062340909,-0.032354829399926795,3.0,False,7.219500141218305,20,27.053695002043,-0.032354829399926795,0.1,60,-37.7724761929385,24.54671669007278,0.0027770924702569047,0.08625856599399483,-28.658488362736197,24.60065108211879,0.09635943206884481,2.951437642766569,1,"[{""id"": 134, ""x"": -71.6904296875, ""y"": 27.98271942138672, ""vx"": 7.470474794324389e-10, ""vy"": 1.9304516318818798e-10, ""r"": 2.5906050205230713}]"
673,33.65,-37.77265548706055,24.546716690063477,-4.793689962142629e-06,5.4801141683019545e-06,0.005909470375627279,0.5,0.0,PlanStatus.OK,20,27.05351571196288,-0.032354331493515846,True,30.100765173532174,1.9046241042481856e-05,1.883791657484625e-05,0.203328581849252,-0.032354331493515846,3.0,False,7.658599875867367,20,27.05351571196288,-0.032354331493515846,0.1,60,-37.77265548372122,24.54671669007275,0.00277709247046796,5.4801141683019545e-06,-28.922746618199138,24.57130513258827,0.002776983421341989,2.9500000913352378,1,"[{""id"": 134, ""x"": -71.6904296875, ""y"": 27.98271942138672, ""vx"": 1.118969250590851e-09, ""vy"": 2.2489839157646685e-10, ""r"": 2.5906050205230713}]"
674,33.7,-37.77189254760742,24.54671859741211,-2.663160836100405e-06,0.08625731403690697,0.0,0.0,1.0,PlanStatus.FAIL,20,27.054278653770897,-0.0323545429029248,False,30.10152403593691,0.31696470625445394,0.9455488878168735,4.047686466298032,-0.0323545429029248,3.0,False,7.03889993019402,20,27.054278653770897,-0.0323545429029248,0.1,60,-37.771892544220464,24.546718597421517,0.0027770924700124496,0.08625731403690697,-28.65798960421288,24.600944223319434,0.09733186459377753,2.9514376219006118,1,"[{""id"": 134, ""x"": -71.6904296875, ""y"": 27.98271942138672, ""vx"": 1.2665040127757266e-09, ""vy"": -3.6150298032833206e-11, ""r"": 2.5906050205230713}]"
675,33.75,-37.772071838378906,24.54671859741211,-2.130528745073974e-06,5.435218588685929e-06,0.005903817713260651,0.5,0.0,PlanStatus.OK,20,27.05409936369078,-0.032354044996513835,True,30.101345658080255,1.892473576940561e-05,1.879145071161884e-05,0.20332848680644713,-0.032354044996513835,3.0,False,8.563500130549073,20,27.05409936369078,-0.032354044996513835,0.1,60,-37.77207183500319,24.546718597421485,0.002777092470409983,5.435218588685929e-06,-28.92216314854005,24.571307039392842,0.002776983538135842,2.9500000905869785,1,"[{""id"": 134, ""x"": -71.6904296875, ""y"": 27.98271942138672, ""vx"": 5.22406229386263e-10, ""vy"": -1.402102184355769e-10, ""r"": 2.5906050205230713}]"
676,33.800000000000004,-37.77130889892578,24.54671859741211,-5.326321862684935e-07,0.08625733590753276,0.0,0.0,1.0,PlanStatus.FAIL,20,27.05486230020192,-0.032356163747202314,False,30.102104712855763,0.320273745689831,0.9553448414441952,4.068716399564492,-0.032356163747202314,3.0,False,7.845900021493435,20,27.05486230020192,-0.032356163747202314,0.1,60,-37.77130889550224,24.546718597421616,0.002777092470243604,0.08625733590753276,-28.657486658237612,24.601237611220093,0.09831146008200288,2.951437622265127,1,"[{""id"": 134, ""x"": -71.6904296875, ""y"": 27.98271942138672, ""vx"": -2.2138621491585297e-10, ""vy"": -1.945957422977429e-10, ""r"": 2.5906050205230713}]"
677,33.85,-37.771488189697266,24.54671859741211,3.2397317732291585e-07,5.407070153782792e-06,0.005898607894778252,0.5,0.0,PlanStatus.OK,20,27.054683010121803,-0.03235566584078781,True,30.101926334967928,1.8803225462674652e-05,1.8744962833310702e-05,0.2033283917407228,-0.03235566584078781,3.0,False,6.745300022885203,20,27.054683010121803,-0.03235566584078781,0.1,60,-37.77148818628496,24.546718597421584,0.002777092470851639,5.407070153782792e-06,-28.921579633797077,24.571307038978933,0.0027769836639798765,2.9500000901178343,1,"[{""id"": 134, ""x"": -71.6904296875, ""y"": 27.98271942138672, ""vx"": -9.651787147291202e-10, ""vy"": -2.4897764405729106e-10, ""r"": 2.5906050205230713}]"
678,33.9,-37.77072525024414,24.546720504760742,2.161808397203388e-06,0.08625737273027373,0.0,0.0,1.0,PlanStatus.FAIL,20,27.05544595192982,-0.0323558772502003,False,30.102685197648945,0.3235832586564153,0.9651396109640601,4.0897493428366,-0.0323558772502003,3.0,False,7.978500099852681,20,27.05544595192982,-0.0323558772502003,0.1,60,-37.77072524678421,24.546720504770352,0.0027770924698782154,0.08625737273027373,-28.6569846292668,24.601532672570066,0.09929093715091954,2.951437622878841,1,"[{""id"": 134, ""x"": -71.6904296875, ""y"": 27.98271942138672, ""vx"": -1.4845831231014017e-09, ""vy"": -1.045943713584574e-11, ""r"": 2.5906050205230713}]"
679,33.95,-37.770904541015625,24.546720504760742,2.752283532545426e-06,5.464759330620362e-06,0.005893453489989042,0.5,0.0,PlanStatus.OK,20,27.0552666618497,-0.0323553793437858,True,30.10250681972893,1.8681685873494097e-05,1.8698477906768998e-05,0.20332829669323443,-0.0323553793437858,3.0,False,7.994799874722958,20,27.0552666618497,-0.0323553793437858,0.1,60,-37.770904537566935,24.54672050477032,0.0027770924706421066,5.464759330620362e-06,-28.920995861539744,24.57130894662397,0.002776983780862509,2.9500000910793234,1,"[{""id"": 134, ""x"": -71.6904296875, ""y"": 27.98271942138672, ""vx"": 2.134294824207572e-10, ""vy"": 1.4806894599317388e-10, ""r"": 2.5906050205230713}]"
680,34.0,-37.7701416015625,24.546722412109375,4.59282673824025e-06,0.08625860180141091,0.0,0.0,1.0,PlanStatus.FAIL,20,27.056029603657716,-0.03235559075319475,False,30.10326568255026,0.32691418370797287,0.9749967677309185,4.110918389653198,-0.03235559075319475,3.0,False,9.811599971726537,20,27.056029603657716,-0.03235559075319475,0.1,60,-37.77014159806618,24.546722412119085,0.0027770924704237712,0.08625860180141091,-28.656479574733773,24.60182951023008,0.1002766529452436,2.951437643363359,1,"[{""id"": 134, ""x"": -71.6904296875, ""y"": 27.98271942138672, ""vx"": 5.85349768655874e-10, ""vy"": 1.8027518366992012e-10, ""r"": 2.5906050205230713}]"
681,34.050000000000004,-37.770320892333984,24.546722412109375,5.183131453785207e-06,5.462648970476469e-06,0.005888293497264385,0.5,0.0,PlanStatus.OK,20,27.0558503135776,-0.0323550928467838,True,30.10308730459807,1.8560165189255722e-05,1.865200974952158e-05,0.20332820165439278,-0.0323550928467838,3.0,False,10.028199991211295,20,27.0558503135776,-0.0323550928467838,0.1,60,-37.7703208888489,24.546722412119053,0.0027770924700890086,5.462648970476469e-06,-28.920412265675225,24.57131085377922,0.002776983897695662,2.9500000910441537,1,"[{""id"": 134, ""x"": -71.6904296875, ""y"": 27.98271942138672, ""vx"": 5.3448016845702995e-11, ""vy"": -1.8300995441311585e-10, ""r"": 2.5906050205230713}]"
682,34.1,-37.76955795288086,24.546722412109375,7.021975795064715e-06,0.08625857166937825,0.0,0.0,1.0,PlanStatus.FAIL,20,27.056613250088738,-0.03235721159747227,False,30.10384635978013,0.33022668701922714,0.9848000736809643,4.131970337004748,-0.03235721159747227,3.0,False,8.00499995239079,20,27.056613250088738,-0.03235721159747227,0.1,60,-37.76955794934794,24.546722412119188,0.0027770924699189897,0.08625857166937825,-28.655976761051413,24.602122820690322,0.10125698366573506,2.951437642861157,1,"[{""id"": 134, ""x"": -71.6904296875, ""y"": 27.98271942138672, ""vx"": 1.2927279691155036e-08, ""vy"": 1.7807376906375794e-08, ""r"": 2.5906050205230713}]"
683,34.15,-37.769737243652344,24.546722412109375,7.611661818171982e-06,5.382423169023517e-06,0.005883139092475176,0.5,0.0,PlanStatus.OK,20,27.056433960008622,-0.03235671369106132,True,30.103667981796754,1.8438674258801016e-05,1.860554099628823e-05,0.20332810660266787,-0.03235671369106132,3.0,False,7.419500034302473,20,27.056433960008622,-0.03235671369106132,0.1,60,-37.76973724013067,24.546722412119156,0.0027770924697809118,5.382423169023517e-06,-28.91982890455609,24.571310852938918,0.002776984023525783,2.9500000897070557,1,"[{""id"": 134, ""x"": -71.6904296875, ""y"": 27.98271942138672, ""vx"": -2.110411401190504e-09, ""vy"": -6.446566058748715e-10, ""r"": 2.5906050205230713}]"
684,34.2,-37.76897430419922,24.54672622680664,9.448891362029966e-06,0.08625854150111581,0.0,0.0,1.0,PlanStatus.FAIL,20,27.057196907113514,-0.03235501775919076,False,30.10442665267729,0.3335382561365718,0.9945963675275132,4.153016347532662,-0.03235501775919076,3.0,False,8.212900022044778,20,27.057196907113514,-0.03235501775919076,0.1,60,-37.76897430063012,24.546726226816553,0.0027770924704285478,0.08625854150111581,-28.65547585675842,24.602419433717525,0.10223661315866489,2.951437642358356,1,"[{""id"": 134, ""x"": -71.6904296875, ""y"": 27.98271942138672, ""vx"": -3.034369200349829e-09, ""vy"": -2.721615155465429e-09, ""r"": 2.5906050205230713}]"
685,34.25,-37.7691535949707,24.54672622680664,1.0038786663695794e-05,5.398301990713728e-06,0.005877987015992403,0.5,0.0,PlanStatus.OK,20,27.057017617033395,-0.0323545198527798,True,30.10424827466074,1.8317146260569402e-05,1.8559094123156775e-05,0.20332801159154076,-0.0323545198527798,3.0,False,9.941800031810999,20,27.057017617033395,-0.0323545198527798,0.1,60,-37.769153591412845,24.54672622681652,0.0027770924701268646,5.398301990713728e-06,-28.919245251301152,24.57131466759741,0.0027769841313056293,2.9500000899716965,1,"[{""id"": 134, ""x"": -71.6904296875, ""y"": 27.98271942138672, ""vx"": -2.8427500353700452e-09, ""vy"": -3.625370281756801e-10, ""r"": 2.5906050205230713}]"
686,34.300000000000004,-37.768394470214844,24.546728134155273,1.1874347566619615e-05,0.08625854113446665,0.0,0.0,1.0,PlanStatus.FAIL,20,27.057776744158858,-0.032354720668435345,False,30.10500334262526,0.3368312632852974,1.0043384529018744,4.173944392099852,-0.032354720668435345,3.0,False,7.836499949917197,20,27.057776744158858,-0.032354720668435345,0.1,60,-37.7683944666096,24.546728134165285,0.00277709247021446,0.08625854113446665,-28.654977209067084,24.602712522580386,0.10321082181217281,2.9514376423522433,1,"[{""id"": 134, ""x"": -71.6904296875, ""y"": 27.98271942138672, ""vx"": -1.5492661598059954e-09, ""vy"": -4.2832340452214623e-10, ""r"": 2.5906050205230713}]"
687,34.35,-37.76856994628906,24.546728134155273,1.2463606905287095e-05,5.401020787991057e-06,0.005872840061783791,0.5,0.0,PlanStatus.OK,20,27.057601268761296,-0.03235423335577781,True,30.104828759854264,1.8195625141238896e-05,1.8512631963373168e-05,0.20332791656084565,-0.03235423335577781,3.0,False,8.001799928024411,20,27.057601268761296,-0.03235423335577781,0.1,60,-37.76856994269482,24.546728134165257,0.00277709247013944,5.401020787991057e-06,-28.918661641189328,24.57131657479243,0.0027769842481352573,2.950000090017013,1,"[{""id"": 134, ""x"": -71.6904296875, ""y"": 27.98271942138672, ""vx"": 4.833445310659101e-10, ""vy"": 6.149542541855624e-10, ""r"": 2.5906050205230713}]"
688,34.4,-37.7678108215332,24.546728134155273,1.4297482404673759e-05,0.0862585259232905,0.0,0.0,1.0,PlanStatus.FAIL,20,27.05836039058988,-0.03235634151271286,False,30.105584020168692,0.34014824597261345,1.0141522581752758,4.195024808389153,-0.03235634151271286,3.0,False,7.711000042036176,20,27.05836039058988,-0.03235634151271286,0.1,60,-37.76781081789136,24.546728134165388,0.002777092470262196,0.0862585259232905,-28.654474357770418,24.603005855347327,0.10419220246501366,2.9514376420987176,1,"[{""id"": 134, ""x"": -71.6904296875, ""y"": 27.98271942138672, ""vx"": 1.8789190203705175e-09, ""vy"": 3.9134984142208395e-10, ""r"": 2.5906050205230713}]"
689,34.45,-37.76798629760742,24.546728134155273,1.4886534496613344e-05,5.382779535039146e-06,0.005867697298526764,0.5,0.0,PlanStatus.OK,20,27.058184915192317,-0.032355854200055316,True,30.105409437367186,1.807411107241372e-05,1.8466156332880637e-05,0.20332782151088105,-0.032355854200055316,3.0,False,8.065099827945232,20,27.058184915192317,-0.032355854200055316,0.1,60,-37.767986293976584,24.546728134165356,0.0027770924702158893,5.382779535039146e-06,-28.918078097237107,24.57131657446008,0.0027769843740287187,2.9500000897129897,1,"[{""id"": 134, ""x"": -71.6904296875, ""y"": 27.98271942138672, ""vx"": 2.250929442837446e-09, ""vy"": 3.282655813841018e-10, ""r"": 2.5906050205230713}]"
690,34.5,-37.76722717285156,24.546730041503906,1.6729692414396024e-05,0.08625606649139163,0.0,0.0,1.0,PlanStatus.FAIL,20,27.05894404231778,-0.03235605501571085,False,30.106164505606557,0.3434244969060565,1.023842982526203,4.215846313280262,-0.03235605501571085,3.0,False,6.696399999782443,20,27.05894404231778,-0.03235605501571085,0.1,60,-37.76722716917333,24.54673004151412,0.00277709247025829,0.08625606649139163,-28.653978663685393,24.603297198079748,0.10516127501553654,2.9514376011081938,1,"[{""id"": 134, ""x"": -71.6904296875, ""y"": 27.98271942138672, ""vx"": 2.171768764824833e-09, ""vy"": 6.9334204176596526e-12, ""r"": 2.5906050205230713}]"
691,34.550000000000004,-37.76740264892578,24.546730041503906,1.7319298180192e-05,5.462124958357998e-06,0.005862533580511808,0.5,0.0,PlanStatus.OK,20,27.058768566920214,-0.03235556770304978,True,30.105989922773567,1.7952564549795042e-05,1.8419680960098626e-05,0.20332772647812325,-0.03235556770304978,3.0,False,7.259099977090955,20,27.058768566920214,-0.03235556770304978,0.1,60,-37.76740264525856,24.546730041514092,0.0027770924702833193,5.462124958357998e-06,-28.917494261097033,24.57131848228293,0.002776984490908737,2.9500000910354176,1,"[{""id"": 134, ""x"": -71.6904296875, ""y"": 27.98271942138672, ""vx"": 8.972315668209774e-10, ""vy"": -3.865117670365237e-10, ""r"": 2.5906050205230713}]"
692,34.6,-37.76664352416992,24.54673194885254,1.914974191758438e-05,0.08625866686138854,0.0,0.0,1.0,PlanStatus.FAIL,20,27.059527694045677,-0.03235576851870885,False,30.10674499115253,0.3467869844081746,1.0337879350221169,4.237215979524844,-0.03235576851870885,3.0,False,7.571199908852577,20,27.059527694045677,-0.03235576851870885,0.1,60,-37.766643520455304,24.546731948862856,0.002777092469936006,0.08625866686138854,-28.65347012934011,24.60359607910706,0.10615577038357861,2.951437644447692,1,"[{""id"": 134, ""x"": -71.6904296875, ""y"": 27.98271942138672, ""vx"": -6.874186775363e-10, ""vy"": -5.133734548579127e-10, ""r"": 2.5906050205230713}]"
693,34.65,-37.76681900024414,24.54673194885254,1.9738379516068172e-05,5.4442439522638885e-06,0.005857398733496666,0.5,0.0,PlanStatus.OK,20,27.059352218648115,-0.032355281206047776,True,30.10657040828805,1.7831049402295584e-05,1.8373231099573853e-05,0.20332763145776095,-0.032355281206047776,3.0,False,7.071600062772632,20,27.059352218648115,-0.032355281206047776,0.1,60,-37.76681899654053,24.546731948862824,0.0027770924705856044,5.4442439522638885e-06,-28.916910711749747,24.571320389309413,0.002776984607724356,2.950000090737403,1,"[{""id"": 134, ""x"": -71.6904296875, ""y"": 27.98271942138672, ""vx"": -2.2720718639845927e-09, ""vy"": -6.394344498339422e-10, ""r"": 2.5906050205230713}]"
694,34.7,-37.76605987548828,24.54673194885254,2.156714496133073e-05,0.0862585995314271,0.0,0.0,1.0,PlanStatus.FAIL,20,27.0601113404767,-0.03235738936298281,False,30.107325669006876,0.35010721481133694,1.0436087504952734,4.258317035835747,-0.03235738936298281,3.0,False,6.9182999432086945,20,27.0601113404767,-0.03235738936298281,0.1,60,-37.766059871737056,24.546731948862956,0.002777092470279325,0.0862585995314271,-28.652967410630417,24.603889334260437,0.10713785205640448,2.9514376433255216,1,"[{""id"": 134, ""x"": -71.6904296875, ""y"": 27.98271942138672, ""vx"": -3.1960043500589563e-09, ""vy"": -2.7219482223728164e-09, ""r"": 2.5906050205230713}]"
695,34.75,-37.7662353515625,24.54673194885254,2.2155981679219756e-05,5.458332139075712e-06,0.005852267146110535,0.5,0.0,PlanStatus.OK,20,27.059935865079137,-0.03235690205032527,True,30.10715108611189,1.7709525344848887e-05,1.8326754737223172e-05,0.20332753641306878,-0.03235690205032527,3.0,False,7.079900009557605,20,27.059935865079137,-0.03235690205032527,0.1,60,-37.76623534782229,24.546731948862927,0.002777092469940663,5.458332139075712e-06,-28.916327072442414,24.571320389242093,0.002776984733664533,2.9500000909721997,1,"[{""id"": 134, ""x"": -71.6904296875, ""y"": 27.98271942138672, ""vx"": -3.0043854071237774e-09, ""vy"": -3.628729816629317e-10, ""r"": 2.5906050205230713}]"
696,34.800000000000004,-37.76547622680664,24.546735763549805,2.3983046482215165e-05,0.08625859918806511,0.0,0.0,1.0,PlanStatus.FAIL,20,27.060694997501475,-0.032355195524701306,False,30.107905962568765,0.353427760748974,1.053426157722763,4.279420099114715,-0.032355195524701306,3.0,False,9.823199827224016,20,27.060694997501475,-0.032355195524701306,0.1,60,-37.76547622301925,24.546735763560324,0.002777092470131228,0.08625859918806511,-28.652466430344532,24.604185992345965,0.10811959288739538,2.9514376433197973,1,"[{""id"": 134, ""x"": -71.6904296875, ""y"": 27.98271942138672, ""vx"": 8.280474639299484e-10, ""vy"": 8.173545174017249e-11, ""r"": 2.5906050205230713}]"
697,34.85,-37.76565170288086,24.546735763549805,2.4571659698730968e-05,5.456720735427486e-06,0.005847139749675989,0.5,0.0,PlanStatus.OK,20,27.060519522103913,-0.03235470821204378,True,30.107731379641322,1.758800402798023e-05,1.828032701912518e-05,0.20332744142076445,-0.03235470821204378,3.0,False,8.211199892684817,20,27.060519522103913,-0.03235470821204378,0.1,60,-37.765651699104474,24.546735763560292,0.0027770924705664813,5.456720735427486e-06,-28.91574347076033,24.571324203757733,0.002776984841369524,2.9500000909453434,1,"[{""id"": 134, ""x"": -71.6904296875, ""y"": 27.98271942138672, ""vx"": 1.19941601095519e-09, ""vy"": 1.504628921455975e-10, ""r"": 2.5906050205230713}]"
698,34.9,-37.764892578125,24.546737670898438,2.640356025871062e-05,0.08625642311455678,0.0,0.0,1.0,PlanStatus.FAIL,20,27.061278649229372,-0.032354909027699295,False,30.108486448439017,0.35671421700041506,1.0631436584931653,4.300306467297926,-0.032354909027699295,3.0,False,9.32660000398755,20,27.061278649229372,-0.032354909027699295,0.1,60,-37.76489257430123,24.546737670909057,0.0027770924702801313,0.08625642311455678,-28.65197001722044,24.60447775750446,0.10909134308003429,2.951437607051906,1,"[{""id"": 134, ""x"": -71.6904296875, ""y"": 27.98271942138672, ""vx"": 1.571338947847778e-09, ""vy"": 1.8231986753658447e-10, ""r"": 2.5906050205230713}]"
699,34.95,-37.76506805419922,24.546737670898438,2.6991884955271904e-05,5.4606408864908295e-06,0.00584200257435441,0.5,0.0,PlanStatus.OK,20,27.06110317383181,-0.03235442171504178,True,30.10831186548009,1.746648269917633e-05,1.8233879098532996e-05,0.20332734640681419,-0.03235442171504178,3.0,False,7.751299999654293,20,27.06110317383181,-0.03235442171504178,0.1,60,-37.76506805038645,24.546737670909028,0.002777092469628057,5.4606408864908295e-06,-28.915159857102577,24.571326110963014,0.0027769849582165206,2.9500000910106836,1,"[{""id"": 134, ""x"": -71.6904296875, ""y"": 27.98271942138672, ""vx"": 8.130616735435581e-10, ""vy"": -1.9865055433943013e-10, ""r"": 2.5906050205230713}]"
700,35.0,-37.76430892944336,24.546737670898438,2.8822032045387102e-05,0.08625656446115175,0.0,0.0,1.0,PlanStatus.FAIL,20,27.061862295660394,-0.03235652987197682,False,30.1090671266075,0.3600419727388086,1.0729842744803224,4.32145535418669,-0.03235652987197682,3.0,False,7.920200005173683,20,27.061862295660394,-0.03235652987197682,0.1,60,-37.764308925582974,24.54673767090916,0.0027770924698359138,0.08625656446115175,-28.65146676920229,24.604771323626885,0.11007540480437455,2.9514376094076824,1,"[{""id"": 134, ""x"": -71.6904296875, ""y"": 27.98271942138672, ""vx"": 6.926933332485063e-11, ""vy"": -2.530502196673723e-10, ""r"": 2.5906050205230713}]"
701,35.050000000000004,-37.764488220214844,24.546737670898438,2.94105213202323e-05,5.439097029749507e-06,0.00583686912432313,0.5,0.0,PlanStatus.OK,20,27.061683005580278,-0.032356031965565864,True,30.1088887483358,1.7345764139678444e-05,1.8187722452202466e-05,0.20332725199518087,-0.032356031965565864,3.0,False,8.189999964088202,20,27.061683005580278,-0.032356031965565864,0.1,60,-37.764488216365706,24.546737670909128,0.0027770924703156685,5.439097029749507e-06,-28.914580137271017,24.57132611060521,0.0027769850833172936,2.950000090651621,1,"[{""id"": 134, ""x"": -71.6904296875, ""y"": 27.98271942138672, ""vx"": -6.745231040383715e-10, ""vy"": -3.0743246837161564e-10, ""r"": 2.5906050205230713}]"
702,35.1,-37.76372528076172,24.54673957824707,3.123890478132972e-05,0.08625659392969413,0.0,0.0,1.0,PlanStatus.FAIL,20,27.062445947388294,-0.03235624337497481,False,30.109647612690537,0.36336813016438524,1.08281758299327,4.342594081294258,-0.03235624337497481,3.0,False,7.405299926176667,20,27.062445947388294,-0.03235624337497481,0.1,60,-37.763725276864946,24.546739578257892,0.0027770924700724416,0.08625659392969413,-28.650964759163998,24.605066374756515,0.11105873577257691,2.95143760989883,1,"[{""id"": 134, ""x"": -71.6904296875, ""y"": 27.98271942138672, ""vx"": -1.7546207820018367e-09, ""vy"": -9.613544404984964e-10, ""r"": 2.5906050205230713}]"
703,35.15,-37.7639045715332,24.54673957824707,3.182719696860035e-05,5.399586731134039e-06,0.005831739399582148,0.5,0.0,PlanStatus.OK,20,27.062266657308175,-0.03235574546856385,True,30.109469234386673,1.7224257095351674e-05,1.8141289532800677e-05,0.20332715699113935,-0.03235574546856385,3.0,False,9.40670003183186,20,27.062266657308175,-0.03235574546856385,0.1,60,-37.763904567647685,24.54673957825786,0.0027770924695835223,5.399586731134039e-06,-28.913996651723348,24.571328017454857,0.0027769852000988924,2.95000008999311,1,"[{""id"": 134, ""x"": -71.6904296875, ""y"": 27.98271942138672, ""vx"": -2.034428625563578e-09, ""vy"": -9.013673141211598e-11, ""r"": 2.5906050205230713}]"
704,35.2,-37.76314163208008,24.546743392944336,3.365399153811723e-05,0.08625659355408881,0.0,0.0,1.0,PlanStatus.FAIL,20,27.063029604413067,-0.03235404953669332,False,30.110227906698242,0.3666941034935798,1.0926477353444566,4.363731638086582,-0.03235404953669332,3.0,False,8.264400064945221,20,27.063029604413067,-0.03235404953669332,0.1,60,-37.76314162814716,24.546743392955257,0.002777092470312138,0.08625659355408881,-28.650463778707305,24.60536303323795,0.11204175111592628,2.9514376098925665,1,"[{""id"": 134, ""x"": -71.6904296875, ""y"": 27.98271942138672, ""vx"": 1.325832221787948e-10, ""vy"": 1.3950396393624942e-10, ""r"": 2.5906050205230713}]"
705,35.25,-37.76332092285156,24.546743392944336,3.4242072414998634e-05,5.4408851105054545e-06,0.005826613400131464,0.5,0.0,PlanStatus.OK,20,27.06285031433295,-0.03235355163028236,True,30.110049528361216,1.7102720894276402e-05,1.8094861834565268e-05,0.20332706200566522,-0.03235355163028236,3.0,False,8.654200006276369,20,27.06285031433295,-0.03235355163028236,0.1,60,-37.76332091892989,24.54674339295523,0.0027770924700119084,5.4408851105054545e-06,-28.913412923453638,24.57133183232228,0.0027769853078051417,2.9500000906814168,1,"[{""id"": 134, ""x"": -71.6904296875, ""y"": 27.98271942138672, ""vx"": 5.044992756886302e-10, ""vy"": 1.7389088780017659e-10, ""r"": 2.5906050205230713}]"
706,35.300000000000004,-37.76255798339844,24.546743392944336,3.605628182537248e-05,0.08625756928677664,0.0,0.0,1.0,PlanStatus.FAIL,20,27.063613250844092,-0.032355670380970813,False,30.11080858518082,0.37003983173459803,1.102539170002989,4.384994764430746,-0.032355670380970813,3.0,False,8.132199989631772,20,27.063613250844092,-0.032355670380970813,0.1,60,-37.7625579794289,24.54674339295536,0.0027770924700423333,0.08625756928677664,-28.649958413518277,24.6056578425301,0.11303089470790816,2.951437626154782,1,"[{""id"": 134, ""x"": -71.6904296875, ""y"": 27.98271942138672, ""vx"": 8.76419992135169e-10, ""vy"": 2.05746170101051e-10, ""r"": 2.5906050205230713}]"
707,35.35,-37.76273727416992,24.546743392944336,3.664381410797416e-05,5.397259660219787e-06,0.005821515806019306,0.5,0.0,PlanStatus.OK,20,27.063433960763973,-0.032355172474556305,True,30.110630206812637,1.6981217289313786e-05,1.8048413518603583e-05,0.20332696698381955,-0.032355172474556305,3.0,False,8.2054000813514,20,27.063433960763973,-0.032355172474556305,0.1,60,-37.76273727021163,24.546743392955328,0.0027770924702076936,5.397259660219787e-06,-28.912829454398768,24.571331831782608,0.0027769854337354968,2.9500000899543255,1,"[{""id"": 134, ""x"": -71.6904296875, ""y"": 27.98271942138672, ""vx"": 7.972586479887411e-10, ""vy"": -1.1558413254286748e-10, ""r"": 2.5906050205230713}]"
708,35.4,-37.7619743347168,24.54674530029297,3.846724802957006e-05,0.08625654075563198,0.0,0.0,1.0,PlanStatus.FAIL,20,27.06419690257199,-0.03235538388396883,False,30.111389071588057,0.3733521392421891,1.1123292210781015,4.406045449316883,-0.03235538388396883,3.0,False,8.083699969574809,20,27.06419690257199,-0.03235538388396883,0.1,60,-37.76197433071088,24.546745300304096,0.002777092469875303,0.08625654075563198,-28.649459088397617,24.605951317626953,0.11400989993170756,2.9514376090125927,1,"[{""id"": 134, ""x"": -71.6904296875, ""y"": 27.98271942138672, ""vx"": 5.348029311069702e-11, ""vy"": -1.7693084497505396e-10, ""r"": 2.5906050205230713}]"
709,35.45,-37.76215362548828,24.54674530029297,3.9054906285673e-05,5.405890958062429e-06,0.005816397722810507,0.5,0.0,PlanStatus.OK,20,27.06401761249187,-0.03235488597755433,True,30.111210693187715,1.685969325961883e-05,1.80019772669281e-05,0.20332687198327018,-0.03235488597755433,3.0,False,8.256200002506375,20,27.06401761249187,-0.03235488597755433,0.1,60,-37.76215362149361,24.546745300304064,0.002777092470599091,5.405890958062429e-06,-28.91224582684287,24.57133373902682,0.002776985550556686,2.9500000900981864,1,"[{""id"": 134, ""x"": -71.6904296875, ""y"": 27.98271942138672, ""vx"": -6.903121407830781e-10, ""vy"": -2.3131226101202884e-10, ""r"": 2.5906050205230713}]"
710,35.5,-37.761390686035156,24.5467472076416,4.08702250755903e-05,0.08625873838281208,0.0,0.0,1.0,PlanStatus.FAIL,20,27.064780554299887,-0.032355097386963266,False,30.111969558103354,0.37672003679004923,1.1222828648853749,4.427449495728949,-0.032355097386963266,3.0,False,7.961299968883395,20,27.064780554299887,-0.032355097386963266,0.1,60,-37.76139068199285,24.546747207652828,0.0027770924703307597,0.08625873838281208,-28.648951576262473,24.606249599216884,0.11500526443063167,2.9514376456397122,1,"[{""id"": 134, ""x"": -71.6904296875, ""y"": 27.98271942138672, ""vx"": -9.830203318017539e-10, ""vy"": 6.748721026461624e-11, ""r"": 2.5906050205230713}]"
711,35.550000000000004,-37.76156997680664,24.5467472076416,4.1457379437688165e-05,5.400065170678809e-06,0.0058112982660532,0.5,0.0,PlanStatus.OK,20,27.06460126421977,-0.03235459948055232,True,30.11179117967086,1.673817460363295e-05,1.7955546401525642e-05,0.20332677698702453,-0.03235459948055232,3.0,False,7.620799820870161,20,27.06460126421977,-0.03235459948055232,0.1,60,-37.76156997277558,24.546747207652796,0.002777092470458247,5.400065170678809e-06,-28.91166224193096,24.57133564615268,0.002776985667387914,2.9500000900010845,1,"[{""id"": 134, ""x"": -71.6904296875, ""y"": 27.98271942138672, ""vx"": -6.11113770698779e-10, ""vy"": 1.0630498564756508e-10, ""r"": 2.5906050205230713}]"
712,35.6,-37.760807037353516,24.5467472076416,4.326665556320582e-05,0.08625742664532149,0.0,0.0,1.0,PlanStatus.FAIL,20,27.06536420073091,-0.03235671823124079,False,30.112550236896695,0.38003108761397936,1.1320696369140693,4.448492188167556,-0.03235671823124079,3.0,False,7.644400000572205,20,27.06536420073091,-0.03235671823124079,0.1,60,-37.76080703327458,24.54674720765293,0.0027770924700848748,0.08625742664532149,-28.648452016313897,24.60654100060414,0.1159839417583019,2.951437623777422,1,"[{""id"": 134, ""x"": -71.6904296875, ""y"": 27.98271942138672, ""vx"": 0.0, ""vy"": 0.0, ""r"": 2.5906050205230713}]"
713,35.65,-37.760986328125,24.5467472076416,4.385357423294647e-05,5.435921635099333e-06,0.005806212313473225,0.5,0.0,PlanStatus.OK,20,27.065184910650792,-0.032356220324829835,True,30.112371858433043,1.661664290561555e-05,1.790908684379689e-05,0.20332668196531747,-0.032356220324829835,3.0,False,10.009899968281388,20,27.065184910650792,-0.032356220324829835,0.1,60,-37.76098632405733,24.5467472076529,0.002777092470364105,5.435921635099333e-06,-28.911078538432946,24.571335646264284,0.0027769857933720187,2.9500000905986923,1,"[{""id"": 134, ""x"": -71.6904296875, ""y"": 27.98271942138672, ""vx"": 3.751266519635976e-10, ""vy"": 1.611840799720099e-10, ""r"": 2.5906050205230713}]"
714,35.7,-37.760223388671875,24.546749114990234,4.5665597393524084e-05,0.08625864076982895,0.0,0.0,1.0,PlanStatus.FAIL,20,27.06594785245881,-0.032356431734238786,False,30.113130723624707,0.3833849837879648,1.1419804730920264,4.469807231328215,-0.032356431734238786,3.0,False,8.015800034627318,20,27.06594785245881,-0.032356431734238786,0.1,60,-37.76022338455656,24.546749115001663,0.002777092470336904,0.08625864076982895,-28.647947000109102,24.606837817038002,0.11697502549372285,2.9514376440128305,1,"[{""id"": 134, ""x"": -71.6904296875, ""y"": 27.98271942138672, ""vx"": 7.470474239212876e-10, ""vy"": 1.9304516318818798e-10, ""r"": 2.5906050205230713}]"
715,35.75,-37.76040267944336,24.546749114990234,4.6252321007520834e-05,5.433977807798259e-06,0.005801120772957802,0.5,0.0,PlanStatus.OK,20,27.06576856237869,-0.03235593382782783,True,30.112952345128903,1.6495122664711576e-05,1.786265994720322e-05,0.20332658697423678,-0.03235593382782783,3.0,False,8.614399936050177,20,27.06576856237869,-0.03235593382782783,0.1,60,-37.7604026753393,24.54674911500163,0.0027770924699513735,5.433977807798259e-06,-28.910494942071352,24.571337553422076,0.002776985910202529,2.9500000905662946,1,"[{""id"": 134, ""x"": -71.6904296875, ""y"": 27.98271942138672, ""vx"": 4.4152020928223124e-10, ""vy"": -1.5183755641690055e-10, ""r"": 2.5906050205230713}]"
716,35.800000000000004,-37.759639739990234,24.5467529296875,4.806265368498462e-05,0.08625861813811844,0.0,0.0,1.0,PlanStatus.FAIL,20,27.066531509483585,-0.03235423789595727,False,30.113711018297508,0.3867183972833478,1.1518281592448891,4.490992074096294,-0.03235423789595727,3.0,False,8.810000028461218,20,27.066531509483585,-0.03235423789595727,0.1,60,-37.75963973583878,24.54675292969903,0.0027770924702410623,0.08625861813811844,-28.647446075824824,24.607134442987416,0.11795979421715394,2.951437643635635,1,"[{""id"": 134, ""x"": -71.6904296875, ""y"": 27.98271942138672, ""vx"": -3.022682104614205e-10, ""vy"": -2.0719552462633573e-10, ""r"": 2.5906050205230713}]"
717,35.85,-37.75981903076172,24.5467529296875,4.864916598859215e-05,5.436265907096338e-06,0.0057960329577326775,0.5,0.0,PlanStatus.OK,20,27.066352219403466,-0.03235373998954632,True,30.11353263976855,1.6373600852250828e-05,1.781625611743578e-05,0.20332649200979525,-0.03235373998954632,3.0,False,8.715700125321746,20,27.066352219403466,-0.03235373998954632,0.1,60,-37.75981902662152,24.546752929698997,0.0027770924700529303,5.436265907096338e-06,-28.909911328853255,24.571341367970366,0.0027769860178222185,2.9500000906044352,1,"[{""id"": 134, ""x"": -71.6904296875, ""y"": 27.98271942138672, ""vx"": -8.216736735455754e-10, ""vy"": 3.132276729655992e-11, ""r"": 2.5906050205230713}]"
718,35.9,-37.759056091308594,24.5467529296875,5.045408993282398e-05,0.08625784298686,0.0,0.0,1.0,PlanStatus.FAIL,20,27.067115155914607,-0.03235585874023479,False,30.11429169740483,0.39004219404365753,1.1616506000857123,4.5121157829359655,-0.03235585874023479,3.0,False,8.975799893960357,20,27.067115155914607,-0.03235585874023479,0.1,60,-37.75905608712052,24.54675292969913,0.0027770924702952325,0.08625784298686,-28.646945154432284,24.60742664387319,0.11894203842636801,2.9514376307164456,1,"[{""id"": 134, ""x"": -71.6904296875, ""y"": 27.98271942138672, ""vx"": -4.494457028769716e-10, ""vy"": 1.1285421902540449e-10, ""r"": 2.5906050205230713}]"
719,35.95,-37.75923538208008,24.5467529296875,5.1039659467002643e-05,5.4148521955271585e-06,0.005790959112346172,0.5,0.0,PlanStatus.OK,20,27.066935865834488,-0.03235536083382384,True,30.114113318844737,1.6252087908084965e-05,1.7769817411594953e-05,0.20332639700220248,-0.03235536083382384,3.0,False,8.251599967479706,20,27.066935865834488,-0.03235536083382384,0.1,60,-37.75923537790325,24.5467529296991,0.00277709247002392,5.4148521955271585e-06,-28.909327794293763,24.571341367613048,0.002776986143813598,2.950000090247535,1,"[{""id"": 134, ""x"": -71.6904296875, ""y"": 27.98271942138672, ""vx"": -7.752493785817549e-11, ""vy"": 1.4471189524467576e-10, ""r"": 2.5906050205230713}]"
720,36.0,-37.75847244262695,24.546754837036133,5.284729793700379e-05,0.0862566656146256,0.0,0.0,1.0,PlanStatus.FAIL,20,27.067698807642504,-0.03235557224323279,False,30.11487218445695,0.39335951986975903,1.171451349511992,4.533198358005169,-0.03235557224323279,3.0,False,7.8408000990748405,20,27.067698807642504,-0.03235557224323279,0.1,60,-37.75847243840249,24.546754837047864,0.0027770924700551676,0.0862566656146256,-28.6464462071596,24.607719897588666,0.11992211348517114,2.951437611093579,1,"[{""id"": 134, ""x"": -71.6904296875, ""y"": 27.98271942138672, ""vx"": 2.943958132828328e-10, ""vy"": 1.7656284767575414e-10, ""r"": 2.5906050205230713}]"
721,36.050000000000004,-37.75865173339844,24.546754837036133,5.343272524303585e-05,5.4220430534099954e-06,0.0057858796790242195,0.5,0.0,PlanStatus.OK,20,27.06751951756239,-0.03235507433681828,True,30.114693805864697,1.6130565472750523e-05,1.7723396148971136e-05,0.20332630201885715,-0.03235507433681828,3.0,False,8.274400141090155,20,27.06751951756239,-0.03235507433681828,0.1,60,-37.75865172918523,24.546754837047835,0.002777092469508027,5.4220430534099954e-06,-28.9087441709846,24.571343274845876,0.0027769862606212307,2.9500000903673813,1,"[{""id"": 134, ""x"": -71.6904296875, ""y"": 27.98271942138672, ""vx"": 2.134294685429694e-10, ""vy"": 1.480689598709617e-10, ""r"": 2.5906050205230713}]"
722,36.1,-37.75788879394531,24.546756744384766,5.5256321711085e-05,0.08624846911338294,0.0,0.0,1.0,PlanStatus.FAIL,20,27.068282459370405,-0.03235528574623078,False,30.115452671617085,0.39655962992253907,1.1809051202966045,4.553535831891211,-0.03235528574623078,3.0,False,7.779099978506565,20,27.068282459370405,-0.03235528574623078,0.1,60,-37.75788878968447,24.5467567443966,0.0027770924699431964,0.08624846911338294,-28.645965072338935,24.60800269405618,0.12086749067563198,2.9514374744852256,1,"[{""id"": 134, ""x"": -71.6904296875, ""y"": 27.98271942138672, ""vx"": 3.609626764156104e-10, ""vy"": -1.1262429183700462e-10, ""r"": 2.5906050205230713}]"
723,36.15,-37.7580680847168,24.546756744384766,5.584410594068922e-05,5.437123889593473e-06,0.005780761130154133,0.5,0.0,PlanStatus.OK,20,27.068103169290286,-0.03235478783981627,True,30.115274292992694,1.6009039539336644e-05,1.7676975068671094e-05,0.20332620703729304,-0.03235478783981627,3.0,False,7.52329989336431,20,27.068103169290286,-0.03235478783981627,0.1,60,-37.758068080467204,24.546756744396568,0.0027770924707945723,5.437123889593473e-06,-28.908160524401154,24.571345182143403,0.002776986377425519,2.9500000906187323,1,"[{""id"": 134, ""x"": -71.6904296875, ""y"": 27.98271942138672, ""vx"": -3.8313499595155065e-10, ""vy"": -2.1668553062959006e-10, ""r"": 2.5906050205230713}]"
724,36.2,-37.75730514526367,24.546756744384766,5.764783110482832e-05,0.08625922786176338,0.0,0.0,1.0,PlanStatus.FAIL,20,27.068866105801426,-0.03235690659050475,False,30.116033351035085,0.4000816213719742,1.1913113461228835,4.575919390431148,-0.03235690659050475,3.0,False,8.207600098103285,20,27.068866105801426,-0.03235690659050475,0.1,60,-37.757305140966196,24.5467567443967,0.002777092470333397,0.08625922786176338,-28.645434881697042,24.608312078537,0.12190811339030565,2.9514376537977,1,"[{""id"": 134, ""x"": -71.6904296875, ""y"": 27.98271942138672, ""vx"": -1.625196976995369e-09, ""vy"": -6.419725306905377e-10, ""r"": 2.5906050205230713}]"
725,36.25,-37.757484436035156,24.546756744384766,5.823390453301206e-05,5.37393625433712e-06,0.00577568868175149,0.5,0.0,PlanStatus.OK,20,27.068686815721307,-0.03235640868409379,True,30.11585497237955,1.5887541506978108e-05,1.7630552885230036e-05,0.20332611204242426,-0.03235640868409379,3.0,False,7.468600058928132,20,27.068686815721307,-0.03235640868409379,0.1,60,-37.757484431748935,24.54675674439667,0.002777092470026912,5.37393625433712e-06,-28.907577113072914,24.571345181444094,0.0027769865034098905,2.950000089565601,1,"[{""id"": 134, ""x"": -71.6904296875, ""y"": 27.98271942138672, ""vx"": -2.293150336285521e-09, ""vy"": -8.840110587993166e-11, ""r"": 2.5906050205230713}]"
726,36.300000000000004,-37.75672149658203,24.54676055908203,6.003595546868267e-05,0.0862588549354332,0.0,0.0,1.0,PlanStatus.FAIL,20,27.069449762826203,-0.032354712752223236,False,30.1166136462614,0.40341530315742524,1.2011565813671299,4.597105931563706,-0.032354712752223236,3.0,False,7.715099956840277,20,27.069449762826203,-0.032354712752223236,0.1,60,-37.75672149224843,24.546760559094068,0.0027770924701064756,0.0862588549354332,-28.64493484611193,24.608608183120108,0.12289263702265013,2.9514376475822606,1,"[{""id"": 134, ""x"": -71.6904296875, ""y"": 27.98271942138672, ""vx"": -1.9209238644180004e-09, ""vy"": -6.754970714728525e-12, ""r"": 2.5906050205230713}]"
727,36.35,-37.756900787353516,24.54676055908203,6.0621841968445174e-05,5.411447771076072e-06,0.005770619958639145,0.5,0.0,PlanStatus.OK,20,27.069270472746084,-0.03235421484581228,True,30.11643526757272,1.5766006632733047e-05,1.758415373788024e-05,0.20332601708831197,-0.03235421484581228,3.0,False,7.32909981161356,20,27.069270472746084,-0.03235421484581228,0.1,60,-37.75690078303117,24.546760559094036,0.002777092470511367,5.411447771076072e-06,-28.906993395939253,24.571348996281273,0.002776986611031038,2.950000090190794,1,"[{""id"": 134, ""x"": -71.6904296875, ""y"": 27.98271942138672, ""vx"": -1.5490011495700173e-09, ""vy"": 2.5101528494664294e-11, ""r"": 2.5906050205230713}]"
728,36.4,-37.75613784790039,24.546762466430664,6.242866770618005e-05,0.0862565448510647,0.0,0.0,1.0,PlanStatus.FAIL,20,27.0700334145541,-0.03235442625522123,False,30.11719413374557,0.40671829722143377,1.2109125596433055,4.618097398060025,-0.03235442625522123,3.0,False,7.993099978193641,20,27.0700334145541,-0.03235442625522123,0.1,60,-37.75613784353041,24.5467624664428,0.0027770924704635827,0.0862565448510647,-28.644438773362687,24.608899749557743,0.12386823496574581,2.9514376090808514,1,"[{""id"": 134, ""x"": -71.6904296875, ""y"": 27.98271942138672, ""vx"": -4.537771547408198e-10, ""vy"": 1.060621479531676e-09, ""r"": 2.5906050205230713}]"
729,36.45,-37.756317138671875,24.546762466430664,6.301425755866537e-05,5.396978428438022e-06,0.005765541922301054,0.5,0.0,PlanStatus.OK,20,27.06985412447398,-0.03235392834881027,True,30.117015755024745,1.5644490752135897e-05,1.7537747088939952e-05,0.20332592211819434,-0.03235392834881027,3.0,False,7.641600212082267,20,27.06985412447398,-0.03235392834881027,0.1,60,-37.75631713431315,24.546762466442768,0.002777092470649956,5.396978428438022e-06,-28.906409836518904,24.57135090333695,0.0027769867278292734,2.950000089949645,1,"[{""id"": 134, ""x"": -71.6904296875, ""y"": 27.98271942138672, ""vx"": 2.778295371541617e-10, ""vy"": -1.5079762438752198e-10, ""r"": 2.5906050205230713}]"
730,36.5,-37.75555419921875,24.546762466430664,6.481724720010351e-05,0.08625751321242792,0.0,0.0,1.0,PlanStatus.FAIL,20,27.07061706098512,-0.03235604709949875,False,30.117774813477467,0.4100786298547222,1.2208394017620687,4.639453344562009,-0.03235604709949875,3.0,False,7.190699921920896,20,27.07061706098512,-0.03235604709949875,0.1,60,-37.755554194812134,24.546762466442903,0.0027770924698235313,0.08625751321242792,-28.643933428034508,24.609194548094933,0.12486091930385115,2.951437625220211,1,"[{""id"": 134, ""x"": -71.6904296875, ""y"": 27.98271942138672, ""vx"": 1.3452170488648107e-09, ""vy"": 6.876733904537247e-11, ""r"": 2.5906050205230713}]"
731,36.550000000000004,-37.755733489990234,24.546762466430664,6.540236566787439e-05,5.434411658407833e-06,0.005760472733527422,0.5,0.0,PlanStatus.OK,20,27.070437770905006,-0.03235554919308779,True,30.117596434725506,1.552295909701825e-05,1.749130886292364e-05,0.2033258271216637,-0.03235554919308779,3.0,False,7.33110005967319,20,27.070437770905006,-0.03235554919308779,0.1,60,-37.755733485594874,24.54676246644287,0.0027770924697045497,5.434411658407833e-06,-28.90582612839013,24.571350903462083,0.0027769868538849505,2.9500000905735324,1,"[{""id"": 134, ""x"": -71.6904296875, ""y"": 27.98271942138672, ""vx"": 1.716585540378901e-09, ""vy"": 1.375470570774695e-10, ""r"": 2.5906050205230713}]"
732,36.6,-37.75497055053711,24.546764373779297,6.71994183001075e-05,0.0862586974913369,0.0,0.0,1.0,PlanStatus.FAIL,20,27.071200712713022,-0.03235576060249674,False,30.11835530117426,0.4134429729136727,1.2307755150656206,4.660834784240225,-0.03235576060249674,3.0,False,7.273300085216761,20,27.071200712713022,-0.03235576060249674,0.1,60,-37.75497054609411,24.546764373791635,0.002777092470099222,0.0862586974913369,-28.643428487736067,24.60949132064087,0.12585453075177955,2.951437644958189,1,"[{""id"": 134, ""x"": -71.6904296875, ""y"": 27.98271942138672, ""vx"": 2.088508255226884e-09, ""vy"": 1.694016038555901e-10, ""r"": 2.5906050205230713}]"
733,36.65,-37.755149841308594,24.546764373779297,6.778466680504099e-05,5.430995232876529e-06,0.005755416117608547,0.5,0.0,PlanStatus.OK,20,27.071021422632903,-0.03235526269608578,True,30.11817692239017,1.5401440027306876e-05,1.744490427928007e-05,0.20332573215611421,-0.03235526269608578,3.0,False,8.608500007539988,20,27.071021422632903,-0.03235526269608578,0.1,60,-37.755149836876846,24.546764373791603,0.002777092470140524,5.430995232876529e-06,-28.905242536367595,24.571352810608435,0.002776986970678384,2.9500000905165846,1,"[{""id"": 134, ""x"": -71.6904296875, ""y"": 27.98271942138672, ""vx"": 2.236043794567877e-09, ""vy"": -9.164475428535823e-11, ""r"": 2.5906050205230713}]"
734,36.7,-37.75438690185547,24.54676628112793,6.958008990908026e-05,0.08625863010057817,0.0,0.0,1.0,PlanStatus.FAIL,20,27.07178436444092,-0.03235547410549475,False,30.118935788979037,0.4167873200815186,1.240652023430463,4.6820891149443735,-0.03235547410549475,3.0,False,7.712800055742264,20,27.07178436444092,-0.03235547410549475,0.1,60,-37.754386897376094,24.54676628114037,0.002777092469839087,0.08625863010057817,-28.642926723808625,24.609786228477738,0.12684218170510217,2.9514376438350105,1,"[{""id"": 134, ""x"": -71.6904296875, ""y"": 27.98271942138672, ""vx"": 1.284799266976222e-09, ""vy"": -4.5925663272328165e-10, ""r"": 2.5906050205230713}]"
735,36.75,-37.75456619262695,24.54676628112793,7.01651514855925e-05,5.423177209146017e-06,0.005750363226979971,0.5,0.0,PlanStatus.OK,20,27.0716050743608,-0.0323549761990838,True,30.118757410162807,1.527992155592433e-05,1.7398503518303507e-05,0.20332563719368732,-0.0323549761990838,3.0,False,7.914499845355749,20,27.0716050743608,-0.0323549761990838,0.1,60,-37.75456618815883,24.54676628114034,0.0027770924700915235,5.423177209146017e-06,-28.904658957327797,24.5713547177188,0.002776987087480597,2.9500000903862897,1,"[{""id"": 134, ""x"": -71.6904296875, ""y"": 27.98271942138672, ""vx"": -3.0005001261379505e-10, ""vy"": -6.260219564957481e-10, ""r"": 2.5906050205230713}]"
736,36.800000000000004,-37.753807067871094,24.54676628112793,7.196166365086855e-05,0.08625769879238984,0.0,0.0,1.0,PlanStatus.FAIL,20,27.072364196189387,-0.03235708435601529,False,30.11951267372679,0.42009706319037843,1.2504278904545607,4.70312350594692,-0.03235708435601529,3.0,False,7.393400184810162,20,27.072364196189387,-0.03235708435601529,0.1,60,-37.75380706335531,24.54676628114047,0.0027770924701690566,0.08625769879238984,-28.642429486441717,24.610076279502035,0.127819768531797,2.951437628313205,1,"[{""id"": 134, ""x"": -71.6904296875, ""y"": 27.98271942138672, ""vx"": -1.1922379750117784e-09, ""vy"": -4.0497424858010334e-10, ""r"": 2.5906050205230713}]"
737,36.85,-37.75398254394531,24.54676628112793,7.254651391699158e-05,5.433233658114129e-06,0.005745308939367533,0.5,0.0,PlanStatus.OK,20,27.07218872079182,-0.03235659704335775,True,30.119338090174146,1.515839869271935e-05,1.7352078750983158e-05,0.20332554220821425,-0.03235659704335775,3.0,False,8.369799936190248,20,27.07218872079182,-0.03235659704335775,0.1,60,-37.75398253944055,24.54676628114044,0.0027770924700874907,5.433233658114129e-06,-28.904075329962303,24.57135471761988,0.002776987213520196,2.950000090553893,1,"[{""id"": 134, ""x"": -71.6904296875, ""y"": 27.98271942138672, ""vx"": -2.825332190425911e-09, ""vy"": 1.339288124846405e-10, ""r"": 2.5906050205230713}]"
738,36.9,-37.75322341918945,24.546770095825195,7.43450091489973e-05,0.08625646862819199,0.0,0.0,1.0,PlanStatus.FAIL,20,27.07294785321416,-0.03235489051773732,False,30.12009296961712,0.4234232451191324,1.2602476518736077,4.724262363474306,-0.03235489051773732,3.0,False,9.149800054728985,20,27.07294785321416,-0.03235489051773732,0.1,60,-37.75322341463756,24.546770095837836,0.002777092470168542,0.08625646862819199,-28.641931625961195,24.610371107566323,0.12880174478103834,2.951437607810472,1,"[{""id"": 134, ""x"": -71.6904296875, ""y"": 27.98271942138672, ""vx"": -1.191790444110552e-09, ""vy"": -3.84216755633382e-11, ""r"": 2.5906050205230713}]"
739,36.95,-37.75339889526367,24.546770095825195,7.492996507031494e-05,5.443661815886143e-06,0.005740249529480934,0.5,0.0,PlanStatus.OK,20,27.072772377816598,-0.03235440320507625,True,30.11991838603204,1.5036873529327566e-05,1.7305701012137673e-05,0.2033254472738366,-0.03235440320507625,3.0,False,7.930099964141846,20,27.072772377816598,-0.03235440320507625,0.1,60,-37.7533988907228,24.546770095837807,0.002777092470408119,5.443661815886143e-06,-28.90349169269883,24.571358532235628,0.0027769873210964895,2.950000090727695,1,"[{""id"": 134, ""x"": -71.6904296875, ""y"": 27.98271942138672, ""vx"": -1.2572755059281349e-09, ""vy"": 1.8326040684968348e-10, ""r"": 2.5906050205230713}]"
740,37.0,-37.75263977050781,24.546772003173828,7.6731101682186e-05,0.08625532844623479,0.0,0.0,1.0,PlanStatus.FAIL,20,27.07353150494206,-0.03235460402073176,False,30.12067345774515,0.42675280258434994,1.2700789878002918,4.745422675495533,-0.03235460402073176,3.0,False,8.053199853748083,20,27.07353150494206,-0.03235460402073176,0.1,60,-37.75263976591954,24.54677200318657,0.002777092470021664,0.08625532844623479,-28.641432584484154,24.61066441732739,0.12978487848989556,2.951437588807434,1,"[{""id"": 134, ""x"": -71.6904296875, ""y"": 27.98271942138672, ""vx"": -8.853578425949138e-10, ""vy"": 2.1608433098396773e-10, ""r"": 2.5906050205230713}]"
741,37.050000000000004,-37.75281524658203,24.546772003173828,7.73159113116957e-05,5.388163700011994e-06,0.005735184997320175,0.5,0.0,PlanStatus.OK,20,27.0733560295445,-0.03235411670807424,True,30.12049887412863,1.4915371721361791e-05,1.72593185315947e-05,0.20332535232472845,-0.03235411670807424,3.0,False,7.874199887737632,20,27.0733560295445,-0.03235411670807424,0.1,60,-37.75281524200478,24.54677200318654,0.0027770924703271597,5.388163700011994e-06,-28.90290825430089,24.57136043895563,0.0027769874378639646,2.9500000898027245,1,"[{""id"": 134, ""x"": -71.6904296875, ""y"": 27.98271942138672, ""vx"": -5.134371816595262e-10, ""vy"": 2.479375871278222e-10, ""r"": 2.5906050205230713}]"
742,37.1,-37.75205612182617,24.546772003173828,7.911542245903426e-05,0.08625538779435812,0.0,0.0,1.0,PlanStatus.FAIL,20,27.074115151373082,-0.03235622486500928,False,30.12125413810076,0.4301044602736529,1.2799772612676066,4.7667234701290475,-0.03235622486500928,3.0,False,7.80189991928637,20,27.074115151373082,-0.03235622486500928,0.1,60,-37.75205611720125,24.54677200318667,0.0027770924703254727,0.08625538779435812,-28.64092954653264,24.61095786169982,0.1307747059623449,2.9514375897965714,1,"[{""id"": 134, ""x"": -71.6904296875, ""y"": 27.98271942138672, ""vx"": -1.4151643745741183e-10, ""vy"": 2.797904685714059e-10, ""r"": 2.5906050205230713}]"
743,37.15,-37.75223159790039,24.546772003173828,7.970001265083207e-05,5.428057175973678e-06,0.005730124656111002,0.5,0.0,PlanStatus.OK,20,27.07393967597552,-0.03235573755235174,True,30.121079554453786,1.4793839347597909e-05,1.7212894245998388e-05,0.20332525734478646,-0.03235573755235174,3.0,False,7.928299950435758,20,27.07393967597552,-0.03235573755235174,0.1,60,-37.75223159328648,24.546772003186643,0.002777092470022402,5.428057175973678e-06,-28.902324538929484,24.571360439101326,0.002776987563953412,2.9500000904676167,1,"[{""id"": 134, ""x"": -71.6904296875, ""y"": 27.98271942138672, ""vx"": -4.470446235416148e-10, ""vy"": -6.509390942932569e-11, ""r"": 2.5906050205230713}]"
744,37.2,-37.75147247314453,24.54677391052246,8.14935502160136e-05,0.0862566614150928,0.0,0.0,1.0,PlanStatus.FAIL,20,27.07469880310098,-0.03235593836800728,False,30.12183462644134,0.4334770590213828,1.2899348110999675,4.788157381638118,-0.03235593836800728,3.0,False,8.48499988205731,20,27.07469880310098,-0.03235593836800728,0.1,60,-37.751472468483236,24.546773910535407,0.002777092469997797,0.0862566614150928,-28.640424379646838,24.611254767719732,0.13177046106321844,2.9514376110235827,1,"[{""id"": 134, ""x"": -71.6904296875, ""y"": 27.98271942138672, ""vx"": -1.1908330987964177e-09, ""vy"": -1.204492894313347e-10, ""r"": 2.5906050205230713}]"
745,37.25,-37.75164794921875,24.54677391052246,8.207789658813156e-05,5.405956670282585e-06,0.005725077353417873,0.5,0.0,PlanStatus.OK,20,27.074523327703417,-0.03235545105534976,True,30.121660042762926,1.467232554117871e-05,1.7166509128129295e-05,0.20332516239780765,-0.03235545105534976,3.0,False,9.685999946668744,20,27.074523327703417,-0.03235545105534976,0.1,60,-37.75164794456847,24.546773910535375,0.002777092469850033,5.405956670282585e-06,-28.901741002018067,24.57136234609504,0.0027769876807267895,2.9500000900992758,1,"[{""id"": 134, ""x"": -71.6904296875, ""y"": 27.98271942138672, ""vx"": -9.502593156796024e-10, ""vy"": -2.2333629390303145e-10, ""r"": 2.5906050205230713}]"
746,37.300000000000004,-37.75088882446289,24.546777725219727,8.386772809417894e-05,0.08625753306515632,0.0,0.0,1.0,PlanStatus.FAIL,20,27.075282460125756,-0.03235374452972579,False,30.122414922777033,0.4368432767053625,1.2998709154725419,4.809550730368323,-0.03235374452972579,3.0,False,7.75330001488328,20,27.075282460125756,-0.03235374452972579,0.1,60,-37.750888819765485,24.546777725232772,0.0027770924703667725,0.08625753306515632,-28.63992118514237,24.611552727582172,0.13276407160902626,2.9514376255510872,1,"[{""id"": 134, ""x"": -71.6904296875, ""y"": 27.98271942138672, ""vx"": 5.370509037483373e-10, ""vy"": -1.7269316532342316e-10, ""r"": 2.5906050205230713}]"
747,37.35,-37.75106430053711,24.546777725219727,8.445159495425979e-05,5.449754647452233e-06,0.005720038898289204,0.5,0.0,PlanStatus.OK,20,27.075106984728194,-0.03235325721706824,True,30.12224033906618,1.455078879083563e-05,1.7120133522733477e-05,0.20332506747122736,-0.03235325721706824,3.0,False,7.3898001573979855,20,27.075106984728194,-0.03235325721706824,0.1,60,-37.751064295850725,24.54677772523274,0.0027770924701854484,5.449754647452233e-06,-28.901157266307454,24.571366160984418,0.002776987788273285,2.9500000908292416,1,"[{""id"": 134, ""x"": -71.6904296875, ""y"": 27.98271942138672, ""vx"": 1.3789304142974856e-09, ""vy"": -5.584775975009393e-10, ""r"": 2.5906050205230713}]"
748,37.4,-37.75030517578125,24.546777725219727,8.624607528887019e-05,0.08625531235156718,0.0,0.0,1.0,PlanStatus.FAIL,20,27.075866106556777,-0.032355365374003284,False,30.12299560344639,0.4401595060446477,1.3096633184115483,4.830626311504918,-0.032355365374003284,3.0,False,7.4734000954777,20,27.075866106556777,-0.032355365374003284,0.1,60,-37.750305171047195,24.546777725232875,0.002777092470048926,0.08625531235156718,-28.639423933550546,24.611842775117434,0.1337433120272889,2.951437588539192,1,"[{""id"": 134, ""x"": -71.6904296875, ""y"": 27.98271942138672, ""vx"": 6.184470158210331e-10, ""vy"": -3.2808097905068223e-10, ""r"": 2.5906050205230713}]"
749,37.45,-37.75048065185547,24.546777725219727,8.683007218611365e-05,5.450544845346676e-06,0.0057149906642735004,0.5,0.0,PlanStatus.OK,20,27.075690631159215,-0.03235487806134576,True,30.12282101970508,1.4429269523008768e-05,1.707372548046763e-05,0.20332497250360193,-0.03235487806134576,3.0,False,9.144100127741694,20,27.075690631159215,-0.03235487806134576,0.1,60,-37.750480647132434,24.546777725232843,0.0027770924696512997,5.450544845346676e-06,-28.90057366628678,24.57136616081,0.0027769879143499142,2.9500000908424133,1,"[{""id"": 134, ""x"": -71.6904296875, ""y"": 27.98271942138672, ""vx"": -4.616508286758858e-10, ""vy"": -9.819872692773401e-10, ""r"": 2.5906050205230713}]"
750,37.5,-37.74972152709961,24.54677963256836,8.86185870658897e-05,0.08625667552108142,0.0,0.0,1.0,PlanStatus.FAIL,20,27.076449758284678,-0.03235507887700127,False,30.12357609211083,0.4435368518429652,1.3196336314502402,4.852090395500742,-0.03235507887700127,3.0,False,7.930699968710542,20,27.076449758284678,-0.03235507887700127,0.1,60,-37.749721522329175,24.546779632581607,0.0027770924701978625,0.08625667552108142,-28.638918539447975,24.612139814756958,0.1347403434488407,2.9514376112586826,1,"[{""id"": 134, ""x"": -71.6904296875, ""y"": 27.98271942138672, ""vx"": -1.515952585684488e-09, ""vy"": -4.933808361862191e-10, ""r"": 2.5906050205230713}]"
751,37.550000000000004,-37.749900817871094,24.54677963256836,8.920190126802949e-05,5.450494927599436e-06,0.005709955934435129,0.5,0.0,PlanStatus.OK,20,27.07627046820456,-0.032354580970586765,True,30.123397713038784,1.4308543423789067e-05,1.7027645568871118e-05,0.2033248781836248,-0.032354580970586765,3.0,False,9.075199952349067,20,27.07627046820456,-0.032354580970586765,0.1,60,-37.74990081311192,24.546779632581575,0.002777092470246634,5.450494927599436e-06,-28.8999938786931,24.571368067985738,0.0027769880303183335,2.9500000908415833,1,"[{""id"": 134, ""x"": -71.6904296875, ""y"": 27.98271942138672, ""vx"": -1.1295476776140845e-09, ""vy"": -1.3412337906970606e-10, ""r"": 2.5906050205230713}]"
752,37.6,-37.74913787841797,24.546781539916992,9.098243511695087e-05,0.08625882842404238,0.0,0.0,1.0,PlanStatus.FAIL,20,27.077033410012575,-0.03235479237999929,False,30.12415658088321,0.4469286483454569,1.3296462266449374,4.873646338671643,-0.03235479237999929,3.0,False,9.684799937531352,20,27.077033410012575,-0.03235479237999929,0.1,60,-37.74913787361116,24.546781539930343,0.002777092469792349,0.08625882842404238,-28.638411141251357,24.612438031038568,0.13574160308645228,2.9514376471404016,1,"[{""id"": 134, ""x"": -71.6904296875, ""y"": 27.98271942138672, ""vx"": -2.9327085204755576e-10, ""vy"": 8.305656717944032e-10, ""r"": 2.5906050205230713}]"
753,37.65,-37.74931716918945,24.546781539916992,9.156561928192806e-05,5.4221970924563225e-06,0.005704938899725676,0.5,0.0,PlanStatus.OK,20,27.076854119932456,-0.03235429447358479,True,30.123978201779032,1.4187031638098669e-05,1.6981271721530806e-05,0.20332478324846406,-0.03235429447358479,3.0,False,7.430800003930926,20,27.076854119932456,-0.03235429447358479,0.1,60,-37.74931716439391,24.54678153993031,0.0027770924703350085,5.4221970924563225e-06,-28.89941036005887,24.571369974928967,0.00277698814710463,2.9500000903699495,1,"[{""id"": 134, ""x"": -71.6904296875, ""y"": 27.98271942138672, ""vx"": 7.907163812603812e-10, ""vy"": 1.0430409869144341e-09, ""r"": 2.5906050205230713}]"
754,37.7,-37.74855422973633,24.546781539916992,9.335151716380677e-05,0.08625457375695479,0.0,0.0,1.0,PlanStatus.FAIL,20,27.077617056443597,-0.03235641322427324,False,30.124737261863004,0.4502134232715969,1.339344688541687,4.894521965676405,-0.03235641322427324,3.0,False,9.406499797478318,20,27.077617056443597,-0.03235641322427324,0.1,60,-37.74855422489286,24.546781539930443,0.0027770924703864,0.08625457375695479,-28.637919051541097,24.612725048351372,0.13671144939931457,2.951437576229286,1,"[{""id"": 134, ""x"": -71.6904296875, ""y"": 27.98271942138672, ""vx"": 0.0, ""vy"": 0.0, ""r"": 2.5906050205230713}]"
755,37.75,-37.74873352050781,24.546781539916992,9.393371792274179e-05,5.4300783041867995e-06,0.0056999120861291885,0.5,0.0,PlanStatus.OK,20,27.077437766363477,-0.03235591531786228,True,30.124558882727705,1.4065509258355473e-05,1.6934868941982303e-05,0.20332468828831857,-0.03235591531786228,3.0,False,7.887200219556689,20,27.077437766363477,-0.03235591531786228,0.1,60,-37.74873351567561,24.54678153993041,0.0027770924704756355,5.4300783041867995e-06,-28.898826739130097,24.571369974812836,0.0027769882732025034,2.950000090501301,1,"[{""id"": 134, ""x"": -71.6904296875, ""y"": 27.98271942138672, ""vx"": 3.75126624208022e-10, ""vy"": 1.611840799720099e-10, ""r"": 2.5906050205230713}]"
756,37.800000000000004,-37.74797058105469,24.546783447265625,9.571794970347465e-05,0.08625472994338686,0.0,0.0,1.0,PlanStatus.FAIL,20,27.078200708171494,-0.03235612672727125,False,30.12531775084787,0.4535733936017411,1.3492626187572858,4.915875593719506,-0.03235612672727125,3.0,False,9.905199985951185,20,27.078200708171494,-0.03235612672727125,0.1,60,-37.74797057617484,24.54678344727918,0.0027770924700404654,0.08625472994338686,-28.637416720500678,24.613020289948064,0.13770324253782934,2.951437578832386,1,"[{""id"": 134, ""x"": -71.6904296875, ""y"": 27.98271942138672, ""vx"": 7.470473684101364e-10, ""vy"": 1.9304513543261237e-10, ""r"": 2.5906050205230713}]"
757,37.85,-37.74814987182617,24.546783447265625,9.630035364547623e-05,5.432587348400399e-06,0.005694888997823,0.5,0.0,PlanStatus.OK,20,27.078021418091378,-0.032355628820860294,True,30.12513937168047,1.3943988058866999e-05,1.6978594656533175e-05,0.20332459335583758,-0.032355628820860294,3.0,False,7.175900042057037,20,27.078021418091378,-0.032355628820860294,0.1,60,-37.74814986695759,24.546783447279147,0.0027770924698657306,5.432587348400399e-06,-28.898243129624383,24.571371882008556,0.00277698838998723,2.9500000905431207,1,"[{""id"": 134, ""x"": -71.6904296875, ""y"": 27.98271942138672, ""vx"": 1.1189691395685486e-09, ""vy"": 2.2489836382089123e-10, ""r"": 2.5906050205230713}]"
758,37.9,-37.74738693237305,24.54678726196289,9.808229352121824e-05,0.08625671145268059,0.0,0.0,1.0,PlanStatus.FAIL,20,27.07878436519627,-0.03235393288898973,False,30.12589804784794,0.4569647846428978,1.359270724007438,4.9374289571550225,-0.03235393288898973,3.0,False,11.658099945634604,20,27.07878436519627,-0.03235393288898973,0.1,60,-37.747386927457114,24.546787261976544,0.002777092470232121,0.08625671145268059,-28.63691070920413,24.613319903943786,0.13870405317201306,2.951437611857547,1,"[{""id"": 134, ""x"": -71.6904296875, ""y"": 27.98271942138672, ""vx"": 5.870673946972715e-10, ""vy"": -1.383886755190744e-10, ""r"": 2.5906050205230713}]"
759,37.95,-37.74756622314453,24.54678726196289,9.866480311841444e-05,5.43038248197809e-06,0.005689870100468397,0.5,0.0,PlanStatus.OK,20,27.078605075116155,-0.032353434982578776,True,30.125719668647413,1.3822467955958477e-05,1.7034255193073243e-05,0.20332449845101383,-0.032353434982578776,3.0,False,7.347999839112163,20,27.078605075116155,-0.032353434982578776,0.1,60,-37.74756621823986,24.54678726197651,0.002777092470219185,5.43038248197809e-06,-28.89765952959172,24.571375696521525,0.002776988497460585,2.9500000905063755,1,"[{""id"": 134, ""x"": -71.6904296875, ""y"": 27.98271942138672, ""vx"": -1.5672436959324187e-10, ""vy"": -1.9290709307728804e-10, ""r"": 2.5906050205230713}]"
760,38.0,-37.746803283691406,24.54678726196289,0.00010043875383597912,0.08625886442619744,0.0,0.0,1.0,PlanStatus.FAIL,20,27.07936801162729,-0.032355553733267255,False,30.126478729141375,0.46036124047072147,1.3692979865818888,4.959014513947359,-0.032355553733267255,3.0,False,7.320400094613433,20,27.07936801162729,-0.032355553733267255,0.1,60,-37.74680327873882,24.546787261976647,0.0027770924699660345,0.08625886442619744,-28.636402359094966,24.61361646766539,0.13970677955646735,2.9514376477404336,1,"[{""id"": 134, ""x"": -71.6904296875, ""y"": 27.98271942138672, ""vx"": -9.005167722619944e-10, ""vy"": -2.472890225924118e-10, ""r"": 2.5906050205230713}]"
761,38.050000000000004,-37.74698257446289,24.54678726196289,0.00010102114152333538,5.38774758570327e-06,0.005684868432581425,0.5,0.0,PlanStatus.OK,20,27.079188721547176,-0.0323550558268563,True,30.126300349909748,1.3700961599446192e-05,1.7089905670684795e-05,0.20332440350418052,-0.0323550558268563,3.0,False,7.5668999925255775,20,27.079188721547176,-0.0323550558268563,0.1,60,-37.746982569521556,24.546787261976615,0.002777092470313717,5.38774758570327e-06,-28.89707605767868,24.571375695991794,0.0027769886235440512,2.950000089795789,1,"[{""id"": 134, ""x"": -71.6904296875, ""y"": 27.98271942138672, ""vx"": -1.1932250743029726e-09, ""vy"": 5.151043480644546e-11, ""r"": 2.5906050205230713}]"
762,38.1,-37.746219635009766,24.546789169311523,0.00010280408105976488,0.08625533992851495,0.0,0.0,1.0,PlanStatus.FAIL,20,27.079951663355192,-0.032355267236265244,False,30.127059218450015,0.46366172634482844,1.3790393600257844,4.979990005912299,-0.032355267236265244,3.0,False,7.336300099268556,20,27.079951663355192,-0.032355267236265244,0.1,60,-37.746219630020796,24.54678916932538,0.0027770924701267722,0.08625533992851495,-28.635909368544738,24.613906225851224,0.14068091701561158,2.9514375889988083,1,"[{""id"": 134, ""x"": -71.6904296875, ""y"": 27.98271942138672, ""vx"": -8.213184576888466e-10, ""vy"": 9.032833508948457e-11, ""r"": 2.5906050205230713}]"
763,38.15,-37.74639892578125,24.546789169311523,0.00010338665567554239,5.453435715709807e-06,0.005679847206920385,0.5,0.0,PlanStatus.OK,20,27.079772373275073,-0.032354769329854295,True,30.126880839186263,1.3579419377690286e-05,1.714558280263047e-05,0.20332430857379358,-0.032354769329854295,3.0,False,7.634799927473068,20,27.079772373275073,-0.032354769329854295,0.1,60,-37.74639892080354,24.546789169325347,0.002777092470214805,5.453435715709807e-06,-28.896492261807964,24.57137760370526,0.002776988740385396,2.9500000908905966,1,"[{""id"": 134, ""x"": -71.6904296875, ""y"": 27.98271942138672, ""vx"": 2.134294407873938e-10, ""vy"": 1.480689598709617e-10, ""r"": 2.5906050205230713}]"
764,38.2,-37.745635986328125,24.546791076660156,0.00010516007811713401,0.08625791059507835,0.0,0.0,1.0,PlanStatus.FAIL,20,27.08053531508309,-0.03235498073926324,False,30.12763970786655,0.46706668213235103,1.389088877376497,5.001629594468154,-0.03235498073926324,3.0,False,7.174599915742874,20,27.08053531508309,-0.03235498073926324,0.1,60,-37.745635981302776,24.54679107667411,0.0027770924701099333,0.08625791059507835,-28.63540091032759,24.614205064904034,0.1416858688690769,2.9514376318432496,1,"[{""id"": 134, ""x"": -71.6904296875, ""y"": 27.98271942138672, ""vx"": 5.853497131447227e-10, ""vy"": 1.802751281587689e-10, ""r"": 2.5906050205230713}]"
765,38.25,-37.74581527709961,24.546791076660156,0.00010574205943835713,5.393685977487812e-06,0.0056748478673398495,0.5,0.0,PlanStatus.OK,20,27.080356025002974,-0.032354482832852284,True,30.127461328570682,1.3457918489022847e-05,1.7201229302256545e-05,0.20332421365869205,-0.032354482832852284,3.0,False,8.086599875241518,20,27.080356025002974,-0.032354482832852284,0.1,60,-37.74581527208553,24.546791076674083,0.002777092469986367,5.393685977487812e-06,-28.895908835946756,24.57137951039126,0.0027769888571232103,2.950000089894764,1,"[{""id"": 134, ""x"": -71.6904296875, ""y"": 27.98271942138672, ""vx"": 9.572703740801103e-10, ""vy"": 2.1213050760415797e-10, ""r"": 2.5906050205230713}]"
766,38.300000000000004,-37.745052337646484,24.546791076660156,0.00010752185370091622,0.08625540634840226,0.0,0.0,1.0,PlanStatus.FAIL,20,27.08111896151411,-0.0323566015835372,False,30.12822038947032,0.4703869011165613,1.3988903026430872,5.022730522181266,-0.0323566015835372,3.0,False,7.191600045189261,20,27.08111896151411,-0.0323566015835372,0.1,60,-37.74505233258447,24.546791076674214,0.002777092470281097,0.08625540634840226,-28.634904379154086,24.614494690163223,0.1426660115199962,2.9514375901058045,1,"[{""id"": 134, ""x"": -71.6904296875, ""y"": 27.98271942138672, ""vx"": 4.253687402311357e-10, ""vy"": -1.5115667051368575e-10, ""r"": 2.5906050205230713}]"
767,38.35,-37.74523162841797,24.546791076660156,0.00010810440393472572,5.430529189484106e-06,0.00566983362659812,0.5,0.0,PlanStatus.OK,20,27.080939671433995,-0.032356103677126255,True,30.128042010143353,1.3336387383572771e-05,1.725689898334805e-05,0.20332411871261874,-0.032356103677126255,3.0,False,7.320899982005358,20,27.080939671433995,-0.032356103677126255,0.1,60,-37.74523162336722,24.546791076674182,0.0027770924700080057,5.430529189484106e-06,-28.895325129601776,24.571379510512784,0.0027769889832845126,2.9500000905088233,1,"[{""id"": 134, ""x"": -71.6904296875, ""y"": 27.98271942138672, ""vx"": -3.184231212038924e-10, ""vy"": -2.0567490766065788e-10, ""r"": 2.5906050205230713}]"
768,38.400000000000006,-37.744468688964844,24.54679298400879,0.00010988249958684833,0.08625548806544385,0.0,0.0,1.0,PlanStatus.FAIL,20,27.081702613242012,-0.03235631508653519,False,30.128800879099288,0.47375147584167854,1.4088201197114147,5.04411341212381,-0.03235631508653519,3.0,False,7.070500170812011,20,27.081702613242012,-0.03235631508653519,0.1,60,-37.74446868386645,24.54679298402295,0.0027770924699650167,0.08625548806544385,-28.634402237229136,24.614789821181606,0.14365899334374713,2.951437591467761,1,"[{""id"": 134, ""x"": -71.6904296875, ""y"": 27.98271942138672, ""vx"": -1.0622155377504328e-09, ""vy"": -2.6005703146481096e-10, ""r"": 2.5906050205230713}]"
769,38.45,-37.74464797973633,24.54679298400879,0.00011046445652610347,5.454102010262633e-06,0.005664824042469263,0.5,0.0,PlanStatus.OK,20,27.081523323161893,-0.032355817180124244,True,30.12862249974021,1.3214858322659474e-05,1.7312566095608987e-05,0.20332402379473424,-0.032355817180124244,3.0,False,7.6956001576036215,20,27.081523323161893,-0.032355817180124244,0.1,60,-37.744647974649205,24.546792984022918,0.0027770924700579167,5.454102010262633e-06,-28.89474145796098,24.571381417881465,0.0027769891000760565,2.9500000909017023,1,"[{""id"": 134, ""x"": -71.6904296875, ""y"": 27.98271942138672, ""vx"": -6.758071324775017e-10, ""vy"": 9.838360681690972e-11, ""r"": 2.5906050205230713}]"
770,38.5,-37.7438850402832,24.546796798706055,0.00011223080006965597,0.0862569481119971,0.0,0.0,1.0,PlanStatus.FAIL,20,27.082286270266785,-0.03235412124825369,False,30.129381176763538,0.47713995079956956,1.4188179045401064,5.065648232416563,-0.03235412124825369,3.0,False,7.91919999755919,20,27.082286270266785,-0.03235412124825369,0.1,60,-37.74388503514874,24.546796798720315,0.002777092469995835,0.0862569481119971,-28.63389754894126,24.615088658910416,0.14465877193542445,2.951437615801864,1,"[{""id"": 134, ""x"": -71.6904296875, ""y"": 27.98271942138672, ""vx"": -3.0388544458581634e-10, ""vy"": 1.3025447387349232e-10, ""r"": 2.5906050205230713}]"
771,38.550000000000004,-37.74406433105469,24.546796798706055,0.00011281146476460775,5.433069859370103e-06,0.005659842398017645,0.5,0.0,PlanStatus.OK,20,27.08210698018667,-0.032353623341842726,True,30.12920279737135,1.3093343379215663e-05,1.736822216059572e-05,0.2033239289083717,-0.032353623341842726,3.0,False,7.114800158888102,20,27.08210698018667,-0.032353623341842726,0.1,60,-37.74406432593149,24.546796798720283,0.0027770924705273676,5.433069859370103e-06,-28.894157913445174,24.571385232240633,0.0027769892074954944,2.950000090551161,1,"[{""id"": 134, ""x"": -71.6904296875, ""y"": 27.98271942138672, ""vx"": 5.161995136893083e-11, ""vy"": 1.1758512219461892e-10, ""r"": 2.5906050205230713}]"
772,38.6,-37.74330139160156,24.546798706054688,0.00011458653705269987,0.08625636622231923,0.0,0.0,1.0,PlanStatus.FAIL,20,27.082869921994686,-0.03235383475125169,False,30.129961666611642,0.4804951280379769,1.4287195281054035,5.08697138135389,-0.03235383475125169,3.0,False,10.732899885624647,20,27.082869921994686,-0.03235383475125169,0.1,60,-37.74330138643073,24.546798706069048,0.002777092470294446,0.08625636622231923,-28.633397090995253,24.61538280144239,0.1456489344084427,2.9514376061037058,1,"[{""id"": 134, ""x"": -71.6904296875, ""y"": 27.98271942138672, ""vx"": 4.236489214992645e-10, ""vy"": 1.675082850205456e-10, ""r"": 2.5906050205230713}]"
773,38.650000000000006,-37.74348068237305,24.546796798706055,0.00011516804698920856,5.414039351615881e-06,0.005654840264469385,0.5,0.0,PlanStatus.OK,20,27.08269062661769,-0.03235524418612024,True,30.129783479257583,1.297183030222797e-05,1.7423877943113092e-05,0.20332383397622744,-0.03235524418612024,3.0,False,8.087099995464087,20,27.08269062661769,-0.03235524418612024,0.1,60,-37.74348067721318,24.546796798720386,0.002777092470360419,5.414039351615881e-06,-28.89357437191954,24.571385231904667,0.002776989333642232,2.950000090233987,1,"[{""id"": 134, ""x"": -71.6904296875, ""y"": 27.98271942138672, ""vx"": 7.955696657013789e-10, ""vy"": 1.993622766871539e-10, ""r"": 2.5906050205230713}]"
774,38.7,-37.74271774291992,24.546798706054688,0.00011694785750641298,0.08625663415919853,0.0,0.0,1.0,PlanStatus.FAIL,20,27.083453568425707,-0.032355455595529194,False,30.130542348633497,0.4838661033257317,1.438669986470389,5.108394954514751,-0.032355455595529194,3.0,False,9.783999994397163,20,27.083453568425707,-0.032355455595529194,0.1,60,-37.742717737712404,24.54679870606915,0.0027770924700123044,0.08625663415919853,-28.632893525197275,24.615676556906926,0.14664398037087414,2.9514376105693247,1,"[{""id"": 134, ""x"": -71.6904296875, ""y"": 27.98271942138672, ""vx"": 2.6366794858567744e-10, ""vy"": -1.6392477653059956e-10, ""r"": 2.5906050205230713}]"
775,38.75,-37.742897033691406,24.546798706054688,0.00011752987946424942,5.410009778160162e-06,0.00564982695505023,0.5,0.0,PlanStatus.OK,20,27.083274278345588,-0.03235495768911824,True,30.13036396917809,1.2850312054241141e-05,1.7479538197951415e-05,0.20332373906978346,-0.03235495768911824,3.0,False,8.541099959984422,20,27.083274278345588,-0.03235495768911824,0.1,60,-37.742897028495165,24.54679870606912,0.0027770924701764287,5.410009778160162e-06,-28.892990781696408,24.57138713904745,0.0027769894504090973,2.950000090166826,1,"[{""id"": 134, ""x"": -71.6904296875, ""y"": 27.98271942138672, ""vx"": -4.801238295826238e-10, ""vy"": -2.18442847144118e-10, ""r"": 2.5906050205230713}]"
776,38.800000000000004,-37.74213409423828,24.54680061340332,0.00011929128159562306,0.08625682049944078,0.0,0.0,1.0,PlanStatus.FAIL,20,27.084037220153604,-0.03235516909852721,False,30.131122838693976,0.4872361409842377,1.4486151274753192,5.129812566949683,-0.03235516909852721,3.0,False,8.177600102499127,20,27.084037220153604,-0.03235516909852721,0.1,60,-37.7421340889944,24.546800613417883,0.002777092470248864,0.08625682049944078,-28.632391117811284,24.615971844071527,0.14763849458833966,2.9514376136749902,1,"[{""id"": 134, ""x"": -71.6904296875, ""y"": 27.98271942138672, ""vx"": -7.728320206012995e-10, ""vy"": 8.035661025473928e-11, ""r"": 2.5906050205230713}]"
777,38.85,-37.742313385009766,24.54680061340332,0.00011987135299602047,5.389052818286163e-06,0.0056448569521307945,0.5,0.0,PlanStatus.OK,20,27.08385793007349,-0.032354671192116255,True,30.130944459206482,1.27287979797761e-05,1.753519425662809e-05,0.20332364416757576,-0.032354671192116255,3.0,False,7.752599893137813,20,27.08385793007349,-0.032354671192116255,0.1,60,-37.74231337977715,24.54680061341785,0.0027770924700824605,5.389052818286163e-06,-28.89240724140396,24.57138904605164,0.0027769895671886343,2.95000008981755,1,"[{""id"": 134, ""x"": -71.6904296875, ""y"": 27.98271942138672, ""vx"": -4.009254317427491e-10, ""vy"": 1.1917450359888448e-10, ""r"": 2.5906050205230713}]"
778,38.900000000000006,-37.74155044555664,24.546804428100586,0.00012164128068886716,0.08625541191703406,0.0,0.0,1.0,PlanStatus.FAIL,20,27.08462087717838,-0.03235297526024569,False,30.13170313680323,0.49057952406156863,1.4584790088072115,5.1510607382164055,-0.03235297526024569,3.0,False,7.712500169873238,20,27.08462087717838,-0.03235297526024569,0.1,60,-37.7415504402767,24.546804428115248,0.002777092470291069,0.08625541191703406,-28.631893708976975,24.616266408451867,0.1486248828285942,2.9514375901986156,1,"[{""id"": 134, ""x"": -71.6904296875, ""y"": 27.98271942138672, ""vx"": -2.9004687540634677e-11, ""vy"": 1.510292307882466e-10, ""r"": 2.5906050205230713}]"
779,38.95,-37.741729736328125,24.54680061340332,0.00012222259556963195,5.446703370539279e-06,0.00563986599445343,0.5,0.0,PlanStatus.OK,20,27.08444157650451,-0.032356292036390205,True,30.131525141402967,1.2607258949961285e-05,1.7590868830277308e-05,0.20332354923602367,-0.032356292036390205,3.0,False,8.137899916619062,20,27.08444157650451,-0.032356292036390205,0.1,60,-37.741729731058825,24.546800613417954,0.002777092470551304,5.446703370539279e-06,-28.891823473697002,24.571389046344013,0.002776989693384825,2.950000090778392,1,"[{""id"": 134, ""x"": -71.6904296875, ""y"": 27.98271942138672, ""vx"": 3.4291605666147973e-10, ""vy"": 1.828823342764352e-10, ""r"": 2.5906050205230713}]"
780,39.0,-37.740966796875,24.546804428100586,0.00012398445283107472,0.08625763192882725,0.0,0.0,1.0,PlanStatus.FAIL,20,27.085204523609402,-0.03235459610452319,False,30.132283819138557,0.4939863426808482,1.4685348468962605,5.172712160864478,-0.03235459610452319,3.0,False,9.403600124642253,20,27.085204523609402,-0.03235459610452319,0.1,60,-37.74096679155838,24.54680442811535,0.002777092470047673,0.08625763192882725,-28.63138518965885,24.616563072271948,0.14963046676461042,2.9514376271988154,1,"[{""id"": 134, ""x"": -71.6904296875, ""y"": 27.98271942138672, ""vx"": 2.9427862924258363e-10, ""vy"": 1.547572348048476e-10, ""r"": 2.5906050205230713}]"
781,39.050000000000004,-37.741146087646484,24.546804428100586,0.0001245652475631891,5.420998792379644e-06,0.005634893663227558,0.5,0.0,PlanStatus.OK,20,27.085025233529286,-0.03235409819810869,True,30.132105439586873,1.2485745942990789e-05,1.764652457369835e-05,0.20332345436425925,-0.03235409819810869,3.0,False,6.79810019209981,20,27.085025233529286,-0.03235409819810869,0.1,60,-37.741146082341125,24.54680442811532,0.0027770924704137562,5.420998792379644e-06,-28.89123994294836,24.57139286066526,0.0027769898007691776,2.950000090349983,1,"[{""id"": 134, ""x"": -71.6904296875, ""y"": 27.98271942138672, ""vx"": 2.151158695617994e-10, ""vy"": -1.6652222656343696e-10, ""r"": 2.5906050205230713}]"
782,39.1,-37.74038314819336,24.54680633544922,0.0001263203103828859,0.08625708798389736,0.0,0.0,1.0,PlanStatus.FAIL,20,27.085788175337303,-0.032354309607521205,False,30.13286430952264,0.4973465815754596,1.4784506460159075,5.194067479798884,-0.032354309607521205,3.0,False,7.245599990710616,20,27.085788175337303,-0.032354309607521205,0.1,60,-37.740383142840365,24.546806335464087,0.0027770924699161725,0.08625708798389736,-28.6308846355445,24.616857271634867,0.15062204679308996,2.951437618133062,1,"[{""id"": 134, ""x"": -71.6904296875, ""y"": 27.98271942138672, ""vx"": 1.3088961026141988e-08, ""vy"": 1.7817036734868452e-08, ""r"": 2.5906050205230713}]"
783,39.150000000000006,-37.740562438964844,24.54680633544922,0.00012689933335865986,5.385330185676591e-06,0.005629939492791891,0.5,0.0,PlanStatus.OK,20,27.085608885257184,-0.0323538117011067,True,30.129407936184506,1.2364237758042294e-05,1.7702176436451902e-05,0.20332372050845493,-0.0323538117011067,3.0,False,6.8165999837219715,20,27.085608885257184,-0.0323538117011067,0.1,60,-37.74056243362312,24.546806335464055,0.0027770924701867494,5.385330185676591e-06,-28.890656446049118,24.571394767549144,0.002776989917502547,2.9500000897554988,1,"[{""id"": 134, ""x"": -71.6871337890625, ""y"": 27.982730865478516, ""vx"": 0.06380151957273483, ""vy"": 0.0002558562555350363, ""r"": 2.5906050205230713}]"
784,39.2,-37.73979949951172,24.54680824279785,0.00012866424649342372,0.08625532155393587,0.0,0.0,1.0,PlanStatus.FAIL,20,27.0863718270652,-0.03235402311051564,False,30.125849093578715,0.5006868479904654,1.4883073882074571,5.21530420017884,-0.03235402311051564,3.0,False,6.925799883902073,20,27.0863718270652,-0.03235402311051564,0.1,60,-37.73979949412235,24.54680824281282,0.002777092470492649,0.08625532155393587,-28.630387183734264,24.61714964975906,0.1516077211280366,2.951437588692563,1,"[{""id"": 134, ""x"": -71.68279266357422, ""y"": 27.982744216918945, ""vx"": 0.10773280262947083, ""vy"": 0.0002720135962590575, ""r"": 2.5906050205230713}]"
785,39.25,-37.7399787902832,24.54680633544922,0.00012924457796814634,5.443543521535896e-06,0.005624961107969284,0.5,0.0,PlanStatus.OK,20,27.086192531688205,-0.0323554325453842,True,30.11732490395503,1.2242699018000884e-05,1.7757851772837348e-05,0.20332502102992725,-0.0323554325453842,3.0,False,7.346300175413489,20,27.086192531688205,-0.0323554325453842,0.1,60,-37.73997878490479,24.546806335464154,0.0027770924704696946,5.443543521535896e-06,-28.89007267668793,24.571394767846332,0.002776990043738085,2.9500000907257267,1,"[{""id"": 134, ""x"": -71.67440032958984, ""y"": 27.98278045654297, ""vx"": 0.20905855298042297, ""vy"": 0.0006495019770227373, ""r"": 2.5906050205230713}]"
786,39.300000000000004,-37.739219665527344,24.54680824279785,0.00013100790627499102,0.08625545533902491,0.0,0.0,1.0,PlanStatus.FAIL,20,27.086951658813668,-0.03235563336103973,False,30.09799976886915,0.5040386062724111,1.4982004561542952,5.236636988230669,-0.03235563336103973,3.0,False,7.294300012290478,20,27.086951658813668,-0.03235563336103973,0.1,60,-37.739219660101526,24.546808242812922,0.0027770924701076487,0.08625545533902491,-28.6298872457799,24.617441288109937,0.1525970280477781,2.951437590922314,1,"[{""id"": 134, ""x"": -71.65421295166016, ""y"": 27.982824325561523, ""vx"": 0.5138312578201294, ""vy"": 0.0012000607093796134, ""r"": 2.5906050205230713}]"
787,39.35,-37.73939514160156,24.54680824279785,0.00013158802643932442,5.420635452084293e-06,0.005619986914098263,0.5,0.0,PlanStatus.OK,20,27.086776183416106,-0.0323551460483822,True,30.068338792050355,1.2121185145293675e-05,1.7813506859700248e-05,0.20333039908217426,-0.0323551460483822,3.0,False,8.108500158414245,20,27.086776183416106,-0.0323551460483822,0.1,60,-37.73939513618678,24.54680824281289,0.0027770924703536546,5.420635452084293e-06,-28.889489142149376,24.571396674834887,0.002776990160500083,2.950000090343925,1,"[{""id"": 134, ""x"": -71.62455749511719, ""y"": 27.983001708984375, ""vx"": 0.6379925608634949, ""vy"": 0.0020848591811954975, ""r"": 2.5906050205230713}]"
788,39.400000000000006,-37.7386360168457,24.546810150146484,0.00013334341435192773,0.08625769770714427,0.0,0.0,1.0,PlanStatus.FAIL,20,27.087535310541565,-0.03235534686403774,False,30.03203438652026,0.5074488007484043,1.5082634654128517,5.2583834811021095,-0.03235534686403774,3.0,False,7.241299841552973,20,27.087535310541565,-0.03235534686403774,0.1,60,-37.73863601138352,24.546810150161654,0.0027770924702881237,0.08625769770714427,-28.62937962095746,24.617739638795875,0.15360332909182348,2.9514376282951216,1,"[{""id"": 134, ""x"": -71.5872802734375, ""y"": 27.983272552490234, ""vx"": 0.7791956067085266, ""vy"": 0.0029310216195881367, ""r"": 2.5906050205230713}]"
789,39.45,-37.73881149291992,24.546810150146484,0.00013392339635177585,5.417037232120031e-06,0.005615029949694872,0.5,0.0,PlanStatus.OK,20,27.087359835144003,-0.0323548595513802,True,29.98655977993377,1.1999665614228202e-05,1.786916719493433e-05,0.20333943748137936,-0.0323548595513802,3.0,False,7.478399900719523,20,27.087359835144003,-0.0323548595513802,0.1,60,-37.738811487468766,24.546810150161622,0.0027770924700570064,5.417037232120031e-06,-28.888905550650758,24.571398581981683,0.0027769902772601914,2.950000090283956,1,"[{""id"": 134, ""x"": -71.5417251586914, ""y"": 27.983488082885742, ""vx"": 1.0088056325912476, ""vy"": 0.003032536944374442, ""r"": 2.5906050205230713}]"
790,39.5,-37.73805236816406,24.54681396484375,0.00013567979205238932,0.08625558155815419,0.0,0.0,1.0,PlanStatus.FAIL,20,27.08811896756634,-0.03235315302575622,False,29.937300597969447,0.5107852443418934,1.5181062113465078,5.279693529297763,-0.03235315302575622,3.0,False,7.078399881720543,20,27.08811896756634,-0.03235315302575622,0.1,60,-37.73805236266583,24.54681396485902,0.002777092470417215,0.08625558155815419,-28.62888400740198,24.618033149636513,0.1545876037917821,2.951437593025971,1,"[{""id"": 134, ""x"": -71.491455078125, ""y"": 27.98346710205078, ""vx"": 1.0392897129058838, ""vy"": 0.0042078434489667416, ""r"": 2.5906050205230713}]"
791,39.550000000000004,-37.73822784423828,24.546810150146484,0.00013625836802541683,5.385584590160553e-06,0.005610073916614056,0.5,0.0,PlanStatus.OK,20,27.087943481575024,-0.03235648039565416,True,29.877644679634805,1.1878156836552882e-05,1.7924819855708388e-05,0.20335156238686558,-0.03235648039565416,3.0,False,7.527000037953258,20,27.087943481575024,-0.03235648039565416,0.1,60,-37.73822783875043,24.546810150161726,0.002777092470486173,5.385584590160553e-06,-28.88832204579044,24.571398581544578,0.0027769904034692736,2.95000008975974,1,"[{""id"": 134, ""x"": -71.43170166015625, ""y"": 27.983110427856445, ""vx"": 1.2537240982055664, ""vy"": -0.0058297524228692055, ""r"": 2.5906050205230713}]"
792,39.6,-37.73746871948242,24.54681396484375,0.00013801694184850387,0.08625544696731755,0.0,0.0,1.0,PlanStatus.FAIL,20,27.088702613997363,-0.03235477387003373,False,29.819052561194894,0.5141568587314377,1.5280577788705252,5.30125424590702,-0.03235477387003373,3.0,False,7.526200031861663,20,27.088702613997363,-0.03235477387003373,0.1,60,-37.73746871394749,24.546813964859123,0.002777092469979862,0.08625544696731755,-28.628381463922643,24.61832630558995,0.1555827606699417,2.951437590782787,1,"[{""id"": 134, ""x"": -71.3720703125, ""y"": 27.98287582397461, ""vx"": 1.1553676128387451, ""vy"": -0.008299515582621098, ""r"": 2.5906050205230713}]"
793,39.650000000000006,-37.73764419555664,24.54681396484375,0.00013859689133906137,5.4049568169843835e-06,0.005605109967291355,0.5,0.0,PlanStatus.OK,20,27.0885271385998,-0.032354286557376204,True,29.76087721438614,1.1756629139712699e-05,1.798048669504962e-05,0.20336466250912563,-0.032354286557376204,3.0,False,7.3940998408943415,20,27.0885271385998,-0.032354286557376204,0.1,60,-37.737644190032746,24.54681396485909,0.002777092469749864,5.4049568169843835e-06,-28.887738382057538,24.571402396235488,0.0027769905108088236,2.9500000900826158,1,"[{""id"": 134, ""x"": -71.31379699707031, ""y"": 27.98258399963379, ""vx"": 1.1453886032104492, ""vy"": -0.0018135615391656756, ""r"": 2.5906050205230713}]"
794,39.7,-37.73688507080078,24.546815872192383,0.00014034941843408744,0.08625669829343371,0.0,0.0,1.0,PlanStatus.FAIL,20,27.08928626572526,-0.03235448737303173,False,29.704938323194582,0.5175525898971699,1.5380779926722117,5.322964641212985,-0.03235448737303173,3.0,False,7.318499963730574,20,27.08928626572526,-0.03235448737303173,0.1,60,-37.73688506522949,24.546815872207855,0.0027770924700952966,0.08625669829343371,-28.627876354092678,24.618623179988344,0.15658478216767532,2.951437611638222,1,"[{""id"": 134, ""x"": -71.25679016113281, ""y"": 27.982744216918945, ""vx"": 1.140942096710205, ""vy"": -0.0017631095834076405, ""r"": 2.5906050205230713}]"
795,39.75,-37.737060546875,24.546815872192383,0.00014092860395631464,5.4446044978253566e-06,0.005600160453468561,0.5,0.0,PlanStatus.OK,20,27.089110790327698,-0.03235400006037419,True,29.647557731080177,1.1635094461959164e-05,1.803615731081447e-05,0.20337747377778168,-0.03235400006037419,3.0,False,7.668500067666173,20,27.089110790327698,-0.03235400006037419,0.1,60,-37.73706054131473,24.546815872207826,0.0027770924700891383,5.4446044978253566e-06,-28.88715466299184,24.571404303736745,0.0027769906275889947,2.950000090743404,1,"[{""id"": 134, ""x"": -71.19931030273438, ""y"": 27.982486724853516, ""vx"": 1.175938606262207, ""vy"": -0.0013393445406109095, ""r"": 2.5906050205230713}]"
796,39.800000000000004,-37.73630142211914,24.546817779541016,0.00014268386183175535,0.08625545373863756,0.0,0.0,1.0,PlanStatus.FAIL,20,27.08986991745316,-0.03235420087602973,False,29.58434704847727,0.5209065428874073,1.5479748909806161,5.344417843895231,-0.03235420087602973,3.0,False,7.0130000822246075,20,27.08986991745316,-0.03235420087602973,0.1,60,-37.73630141651147,24.54681777955659,0.002777092469855244,0.08625545373863756,-28.627377578054954,24.618916335989073,0.15757447211463022,2.9514375908956443,1,"[{""id"": 134, ""x"": -71.13502502441406, ""y"": 27.982318878173828, ""vx"": 1.4825657606124878, ""vy"": 0.002004611538723111, ""r"": 2.5906050205230713}]"
797,39.85,-37.73647689819336,24.546817779541016,0.00014326337244688903,5.384373974757856e-06,0.005595204886049032,0.5,0.0,PlanStatus.OK,20,27.0896944420556,-0.032353713563368657,True,29.50855253737437,1.1513594330049676e-05,1.809180339109283e-05,0.20339333065868828,-0.032353713563368657,3.0,False,7.497600046917796,20,27.0896944420556,-0.032353713563368657,0.1,60,-37.73647689259673,24.54681777955656,0.002777092470545017,5.384373974757856e-06,-28.886571238541006,24.571406210419923,0.0027769907443343667,2.9500000897395684,1,"[{""id"": 134, ""x"": -71.05900573730469, ""y"": 27.98231315612793, ""vx"": 1.6590417623519897, ""vy"": 0.006393399555236101, ""r"": 2.5906050205230713}]"
798,39.900000000000006,-37.7357177734375,24.546817779541016,0.00014501703736708788,0.08625549072065486,0.0,0.0,1.0,PlanStatus.FAIL,20,27.090453563884182,-0.03235582172030369,False,29.418496097593085,0.5242833489989595,1.557941849186678,5.366069657562361,-0.03235582172030369,3.0,False,8.86709988117218,20,27.090453563884182,-0.03235582172030369,0.1,60,-37.73571776779314,24.54681777955669,0.0027770924702065322,0.08625549072065486,-28.626874599501075,24.619209747593914,0.15857116806108001,2.9514375915120157,1,"[{""id"": 134, ""x"": -70.9676742553711, ""y"": 27.98267364501953, ""vx"": 1.973350167274475, ""vy"": 0.006758247036486864, ""r"": 2.5906050205230713}]"
799,39.95,-37.73589324951172,24.546817779541016,0.00014559632041718704,5.444928235511865e-06,0.005590253043919802,0.5,0.0,PlanStatus.OK,20,27.09027808848662,-0.03235533440764615,True,29.310454213939252,1.1392054125036401e-05,1.8147479061481932e-05,0.2034162020757323,-0.03235533440764615,3.0,False,7.350800093263388,20,27.09027808848662,-0.03235533440764615,0.1,60,-37.73589324387839,24.54681777955666,0.002777092470164504,5.444928235511865e-06,-28.885987462291116,24.571406210736757,0.002776990870593371,2.9500000907488064,1,"[{""id"": 134, ""x"": -70.8592300415039, ""y"": 27.98267364501953, ""vx"": 2.1452383995056152, ""vy"": -0.001441216329112649, ""r"": 2.5906050205230713}]"
800,40.0,-37.73513412475586,24.54682159423828,0.00014733821697417043,0.08625693594770206,0.0,0.0,1.0,PlanStatus.FAIL,20,27.09103722090896,-0.03235362788202218,False,29.19502842586818,0.527684463034463,1.5679754194436129,5.3879456169653475,-0.03235362788202218,3.0,False,7.71739985793829,20,27.09103722090896,-0.03235362788202218,0.1,60,-37.73513411907546,24.54682159425406,0.0027770924700030084,0.08625693594770206,-28.62636994801858,24.619508564831595,0.1595745251954667,2.9514376155991267,1,"[{""id"": 134, ""x"": -70.74246215820312, ""y"": 27.98230743408203, ""vx"": 2.486546754837036, ""vy"": 0.006045938469469547, ""r"": 2.5906050205230713}]"
801,40.050000000000004,-37.735313415527344,24.54682159423828,0.00014791584205044642,5.4465381383352695e-06,0.005585329607129097,0.5,0.0,PlanStatus.OK,20,27.09085793082884,-0.032353129975611225,True,29.054310151014754,1.1271327204702697e-05,1.820277677680362e-05,0.20344624741046533,-0.032353129975611225,3.0,False,8.567700162529945,20,27.09085793082884,-0.032353129975611225,0.1,60,-37.73531340985822,24.546821594254027,0.0027770924703556924,5.4465381383352695e-06,-28.88540766530175,24.571410025283623,0.002776990977066125,2.950000090775636,1,"[{""id"": 134, ""x"": -70.60118865966797, ""y"": 27.982030868530273, ""vx"": 2.971933603286743, ""vy"": 0.005423135124146938, ""r"": 2.5906050205230713}]"
802,40.1,-37.73455047607422,24.546823501586914,0.0001496662397869349,0.08625549013377876,0.0,0.0,1.0,PlanStatus.FAIL,20,27.091620872636856,-0.03235334138502017,False,28.90558861172508,0.531037227611766,1.5778689154819638,5.409597003049036,-0.03235334138502017,3.0,False,7.448999909684062,20,27.091620872636856,-0.03235334138502017,0.1,60,-37.734550470357455,24.54682350160279,0.002777092470250473,0.08625549013377876,-28.625871682744798,24.619801421192385,0.1605638749152612,2.9514375915022266,1,"[{""id"": 134, ""x"": -70.45085906982422, ""y"": 27.982330322265625, ""vx"": 3.000549793243408, ""vy"": 0.010677057318389416, ""r"": 2.5906050205230713}]"
803,40.150000000000006,-37.7347297668457,24.546823501586914,0.00015024513272554623,5.3708218584408914e-06,0.005580385215580463,0.5,0.0,PlanStatus.OK,20,27.091441582556737,-0.032352843478609214,True,28.74443302628201,1.1149830689326825e-05,1.8258419388654176e-05,0.20348331826889035,-0.032352843478609214,3.0,False,8.256600005552173,20,27.091441582556737,-0.032352843478609214,0.1,60,-37.734729761140215,24.54682350160276,0.0027770924703248183,5.3708218584408914e-06,-28.884824286527504,24.57141193184015,0.0027769910937653266,2.9500000895137024,1,"[{""id"": 134, ""x"": -70.28889465332031, ""y"": 27.98325538635254, ""vx"": 3.376769542694092, ""vy"": 0.01144322007894516, ""r"": 2.5906050205230713}]"
804,40.2,-37.73396682739258,24.546823501586914,0.000151989646280427,0.0862567116040248,0.0,0.0,1.0,PlanStatus.FAIL,20,27.092204519067877,-0.03235496222929769,False,28.574075201254722,0.5344364244314902,1.5879021743676238,5.431601947205902,-0.03235496222929769,3.0,False,8.577600121498108,20,27.092204519067877,-0.03235496222929769,0.1,60,-37.733966821639115,24.546823501602894,0.002777092470058658,0.0862567116040248,-28.625365698574523,24.620096597576012,0.16156720093043048,2.951437611860069,1,"[{""id"": 134, ""x"": -70.11671447753906, ""y"": 27.984272003173828, ""vx"": 3.537491798400879, ""vy"": 0.011863292194902897, ""r"": 2.5906050205230713}]"
805,40.25,-37.73414611816406,24.546823501586914,0.00015256782401464403,5.379306701593684e-06,0.005575455259531736,0.5,0.0,PlanStatus.OK,20,27.09202522898776,-0.03235446432288674,True,28.389580716493427,1.1028308982969314e-05,1.8314082228178437e-05,0.20352676880088838,-0.03235446432288674,3.0,False,7.554400013759732,20,27.09202522898776,-0.03235446432288674,0.1,60,-37.73414611242187,24.546823501602862,0.0027770924701814156,5.379306701593684e-06,-28.884240663875186,24.571411931730665,0.002776991220022329,2.950000089655114,1,"[{""id"": 134, ""x"": -69.93126678466797, ""y"": 27.98511505126953, ""vx"": 3.827310085296631, ""vy"": 0.01320827379822731, ""r"": 2.5906050205230713}]"
806,40.300000000000004,-37.73338317871094,24.546825408935547,0.00015431506834993943,0.08625545217823406,0.0,0.0,1.0,PlanStatus.FAIL,20,27.092788170795778,-0.03235467573229568,False,28.198373523970545,0.5377937874566229,1.597809417906423,5.453405854955853,-0.03235467573229568,3.0,False,7.1536998730152845,20,27.092788170795778,-0.03235467573229568,0.1,60,-37.7333831729211,24.546825408951626,0.002777092470100797,0.08625545217823406,-28.624866960397842,24.62038973171962,0.16255792540038494,2.951437590869639,1,"[{""id"": 134, ""x"": -69.73808288574219, ""y"": 27.986234664916992, ""vx"": 3.898756742477417, ""vy"": 0.016044581308960915, ""r"": 2.5906050205230713}]"
807,40.35,-37.73356246948242,24.546825408935547,0.0001548935386677723,5.437087175905891e-06,0.005570518784224987,0.5,0.0,PlanStatus.OK,20,27.09260888071566,-0.032354177825884727,True,27.992442685851596,1.0906768935138358e-05,1.8369757649166346e-05,0.20357670800982566,-0.032354177825884727,3.0,False,7.866099942475557,20,27.09260888071566,-0.032354177825884727,0.1,60,-37.73356246370386,24.546825408951594,0.002777092469957314,5.437087175905891e-06,-28.883656891320015,24.571413839380874,0.0027769913368191398,2.950000090618122,1,"[{""id"": 134, ""x"": -69.53101348876953, ""y"": 27.987384796142578, ""vx"": 4.324031352996826, ""vy"": 0.01659007929265499, ""r"": 2.5906050205230713}]"
808,40.400000000000006,-37.7327995300293,24.54682731628418,0.00015663912502924453,0.08625548156207723,0.0,0.0,1.0,PlanStatus.FAIL,20,27.093371822523675,-0.03235438923529369,False,27.771734664065484,0.5411738528274782,1.6077837797893748,5.47543259026778,-0.03235438923529369,3.0,False,7.832000032067299,20,27.093371822523675,-0.03235438923529369,0.1,60,-37.7327995242031,24.546827316300362,0.002777092469943094,0.08625548156207723,-28.624364951627904,24.620684786055186,0.16355536170552915,2.9514375913593653,1,"[{""id"": 134, ""x"": -69.30814361572266, ""y"": 27.988319396972656, ""vx"": 4.529226779937744, ""vy"": 0.016003398224711418, ""r"": 2.5906050205230713}]"
809,40.45,-37.73297882080078,24.54682731628418,0.00015721736778204288,5.4138634071353845e-06,0.005565586034208536,0.5,0.0,PlanStatus.OK,20,27.093192532443556,-0.032353891328882736,True,27.53601401408942,1.0785255988264963e-05,1.8425412989585103e-05,0.20363588769070753,-0.032353891328882736,3.0,False,7.931299973279238,20,27.093192532443556,-0.032353891328882736,0.1,60,-37.73297881498586,24.54682731630033,0.0027770924700304678,5.4138634071353845e-06,-28.88307335770629,24.571415746367602,0.002776991453573975,2.95000009023106,1,"[{""id"": 134, ""x"": -69.07109832763672, ""y"": 27.989206314086914, ""vx"": 4.896665096282959, ""vy"": 0.014535321854054928, ""r"": 2.5906050205230713}]"
810,40.5,-37.732215881347656,24.54682731628418,0.00015896129616969193,0.08625548866816383,0.0,0.0,1.0,PlanStatus.FAIL,20,27.093955468954697,-0.032356010079567635,False,27.287390921119094,0.544554364994295,1.6177622691460218,5.497556491033637,-0.032356010079567635,3.0,False,7.680400041863322,20,27.093955468954697,-0.032356010079567635,0.1,60,-37.73221587548474,24.54682731630046,0.0027770924704071946,0.08625548866816383,-28.62386204946612,24.620978153262662,0.16455321076707216,2.9514375914778035,1,"[{""id"": 134, ""x"": -68.82013702392578, ""y"": 27.989818572998047, ""vx"": 5.091975688934326, ""vy"": 0.017386209219694138, ""r"": 2.5906050205230713}]"
811,40.550000000000004,-37.73239517211914,24.54682731628418,0.00015953940888532766,5.431336166498324e-06,0.005560657009482384,0.5,0.0,PlanStatus.OK,20,27.09377617887458,-0.03235551217315668,True,27.025360792239663,1.0663730610585028e-05,1.8481078169507205e-05,0.20370447213361506,-0.03235551217315668,3.0,False,8.488700026646256,20,27.09377617887458,-0.03235551217315668,0.1,60,-37.7323951662675,24.54682731630043,0.0027770924699911373,5.431336166498324e-06,-28.882489708550466,24.571415746331947,0.0027769915798465427,2.9500000905222707,1,"[{""id"": 134, ""x"": -68.55660247802734, ""y"": 27.990427017211914, ""vx"": 5.388737201690674, ""vy"": 0.017984189093112946, ""r"": 2.5906050205230713}]"
812,40.6,-37.731632232666016,24.546831130981445,0.00016128176057238016,0.08625548084251831,0.0,0.0,1.0,PlanStatus.FAIL,20,27.094539125979473,-0.032353816241289676,False,26.760250073819766,0.5479350282661489,1.6277359759684114,5.519764111288552,-0.032353816241289676,3.0,False,7.999399909749627,20,27.094539125979473,-0.032353816241289676,0.1,60,-37.73163222676708,24.546831130997827,0.0027770924700288376,0.08625548084251831,-28.62336108507863,24.62127480630524,0.165550581557094,2.9514375913473727,1,"[{""id"": 134, ""x"": -68.28899383544922, ""y"": 27.991064071655273, ""vx"": 5.289773941040039, ""vy"": 0.017109517008066177, ""r"": 2.5906050205230713}]"
813,40.650000000000006,-37.7318115234375,24.546831130981445,0.00016185966197762667,5.412427523388161e-06,0.005555732175707817,0.5,0.0,PlanStatus.OK,20,27.094359835899354,-0.03235331833487517,True,26.501593857384385,1.0542215103168708e-05,1.853673497032894e-05,0.20377756554552914,-0.03235331833487517,3.0,False,8.225400000810623,20,27.094359835899354,-0.03235331833487517,0.1,60,-37.73181151754984,24.5468311309978,0.0027770924695889863,5.412427523388161e-06,-28.881906157703177,24.571419560709987,0.002776991687088126,2.950000090207121,1,"[{""id"": 134, ""x"": -68.02877807617188, ""y"": 27.99182891845703, ""vx"": 4.925718784332275, ""vy"": 0.01565173640847206, ""r"": 2.5906050205230713}]"
814,40.7,-37.731048583984375,24.546833038330078,0.00016359617824700744,0.08625674713159022,0.0,0.0,1.0,PlanStatus.FAIL,20,27.09512277770737,-0.032353529744284126,False,26.297205633836008,0.551338263157439,1.6377791581616,5.542051323374091,-0.032353529744284126,3.0,False,7.618400035426021,20,27.09512277770737,-0.032353529744284126,0.1,60,-37.731048578049084,24.546833038346563,0.002777092470109949,0.08625674713159022,-28.6228559374537,24.621571703642385,0.1665548998940024,2.9514376124521893,1,"[{""id"": 134, ""x"": -67.82221984863281, ""y"": 27.992538452148438, ""vx"": 3.6285533905029297, ""vy"": 0.012742267921566963, ""r"": 2.5906050205230713}]"
815,40.75,-37.73122787475586,24.546833038330078,0.0001641733969571503,5.4122474565332875e-06,0.005550820846110582,0.5,0.0,PlanStatus.OK,20,27.094943487627255,-0.03235303183787318,True,26.15326693737877,1.0420695273158666e-05,1.8592395737422433e-05,0.20382778690349593,-0.03235303183787318,3.0,False,7.929099956527352,20,27.094943487627255,-0.03235303183787318,0.1,60,-37.73122786883184,24.54683303834653,0.0027770924701904787,5.4122474565332875e-06,-28.881322556113748,24.571421467885685,0.0027769918038427614,2.9500000902041217,1,"[{""id"": 134, ""x"": -67.67745208740234, ""y"": 27.993087768554688, ""vx"": 2.4898264408111572, ""vy"": 0.00928555242717266, ""r"": 2.5906050205230713}]"
816,40.800000000000004,-37.730464935302734,24.546833038330078,0.00016591248146049243,0.0862555100922072,0.0,0.0,1.0,PlanStatus.FAIL,20,27.095706424138392,-0.032355150588561636,False,26.01944002708161,0.5546994655398966,1.6477011710363505,5.563819301884156,-0.032355150588561636,3.0,False,7.805099943652749,20,27.095706424138392,-0.032355150588561636,0.1,60,-37.73046492933072,24.546833038346666,0.0027770924699466004,0.0862555100922072,-28.62235619280191,24.621863217344917,0.1675471013066136,2.9514375918348676,1,"[{""id"": 134, ""x"": -67.54191589355469, ""y"": 27.99359893798828, ""vx"": 2.8580234050750732, ""vy"": 0.009351041167974472, ""r"": 2.5906050205230713}]"
817,40.85,-37.73064422607422,24.546833038330078,0.00016648994399031517,5.424301951969078e-06,0.0055459039285779,0.5,0.0,PlanStatus.OK,20,27.095527134058276,-0.032354652682150674,True,25.879580891970978,1.0299171863006905e-05,1.8648059518936236e-05,0.20386818894918987,-0.032354652682150674,3.0,False,8.025499992072582,20,27.095527134058276,-0.032354652682150674,0.1,60,-37.73064422011348,24.546833038346634,0.0027770924697749716,5.424301951969078e-06,-28.880738922946325,24.571421467805845,0.0027769919301160752,2.950000090405033,1,"[{""id"": 134, ""x"": -67.40119934082031, ""y"": 27.994464874267578, ""vx"": 2.9046666622161865, ""vy"": 0.007367658894509077, ""r"": 2.5906050205230713}]"
818,40.900000000000006,-37.729881286621094,24.54683494567871,0.0001682164961621116,0.08625802104902512,0.0,0.0,1.0,PlanStatus.FAIL,20,27.096290075866293,-0.03235486409155964,False,25.72802697076913,0.5581252603151747,1.6578113433096713,5.586027264166139,-0.03235486409155964,3.0,False,7.258099969476461,20,27.096290075866293,-0.03235486409155964,0.1,60,-37.729881280612716,24.546834945695398,0.0027770924703532296,0.08625802104902512,-28.621847886688126,24.622161969138503,0.16855811865228523,2.9514376336841526,1,"[{""id"": 134, ""x"": -67.24783325195312, ""y"": 27.994674682617188, ""vx"": 3.21938157081604, ""vy"": 0.009532077237963676, ""r"": 2.5906050205230713}]"
819,40.95,-37.73006057739258,24.54683494567871,0.00016879301592250546,5.355010125537286e-06,0.005541015416383743,0.5,0.0,PlanStatus.OK,20,27.096110785786173,-0.032354366185148684,True,25.568009326949912,1.0177672989815303e-05,1.8703703467499652e-05,0.20391524162074842,-0.032354366185148684,3.0,False,7.592199835926294,20,27.096110785786173,-0.032354366185148684,0.1,60,-37.730060571395484,24.546834945695366,0.002777092469869243,5.355010125537286e-06,-28.880155525220438,24.571423374415556,0.0027769920468469207,2.9500000892501683,1,"[{""id"": 134, ""x"": -67.08690643310547, ""y"": 27.99462890625, ""vx"": 3.229132652282715, ""vy"": 0.01006808876991272, ""r"": 2.5906050205230713}]"
820,41.0,-37.72929763793945,24.546838760375977,0.00017052891451536386,0.08625544241988284,0.0,0.0,1.0,PlanStatus.FAIL,20,27.096873732891066,-0.03235267025327813,False,25.39863280199737,0.5614646379306756,1.667663845695009,5.60775462096397,-0.03235267025327813,3.0,False,7.21410010010004,20,27.096873732891066,-0.03235267025327813,0.1,60,-37.72929763189507,24.546838760392763,0.0027770924703950997,0.08625544241988284,-28.62135344595385,24.622454792527883,0.16954336899700695,2.951437590707001,1,"[{""id"": 134, ""x"": -66.91558074951172, ""y"": 27.994762420654297, ""vx"": 3.542731761932373, ""vy"": 0.010645851492881775, ""r"": 2.5906050205230713}]"
821,41.050000000000004,-37.72947692871094,24.546838760375977,0.00017110598693369878,5.42466280865115e-06,0.005536105949431658,0.5,0.0,PlanStatus.OK,20,27.09669444281095,-0.03235217234686718,True,25.21784985962328,1.0249252128885732e-05,1.8759382475848005e-05,0.2039695526410371,-0.03235217234686718,3.0,False,8.946300018578768,20,27.09669444281095,-0.03235217234686718,0.1,60,-37.72947692267783,24.54683876039273,0.0027770924706836493,5.42466280865115e-06,-28.87957171312487,24.571427189519326,0.0027769921540961844,2.9500000904110464,1,"[{""id"": 134, ""x"": -66.73365020751953, ""y"": 27.995283126831055, ""vx"": 3.6619246006011963, ""vy"": 0.0116129070520401, ""r"": 2.5906050205230713}]"
822,41.1,-37.72871398925781,24.546838760375977,0.0001728292394124942,0.08625796822032247,0.0,0.0,1.0,PlanStatus.FAIL,20,27.09745737932209,-0.032354291097555624,False,25.024312153985612,0.5648919981951963,1.6777818547437053,5.6301261452486004,-0.032354291097555624,3.0,False,7.419999921694398,20,27.09745737932209,-0.032354291097555624,0.1,60,-37.7287139831767,24.546838760392866,0.002777092470011405,0.08625796822032247,-28.620844152624468,24.622751912355678,0.17055517002928566,2.951437632803674,1,"[{""id"": 134, ""x"": -66.5373306274414, ""y"": 28.000680923461914, ""vx"": 4.081590175628662, ""vy"": 0.21974626183509827, ""r"": 2.5906050205230713}]"
823,41.150000000000006,-37.7288932800293,24.546838760375977,0.00017340535280675493,5.353685251111137e-06,0.005531225353479385,0.5,0.0,PlanStatus.OK,20,27.09727808924197,-0.03235379319114467,True,24.819101877666967,1.0377315449069647e-05,1.8815025057431975e-05,0.20403327603115518,-0.03235379319114467,3.0,False,8.551800157874823,20,27.09727808924197,-0.03235379319114467,0.1,60,-37.72889327395947,24.546838760392834,0.002777092469760791,5.353685251111137e-06,-28.878988324887057,24.571427188759536,0.0027769922803593653,2.950000089228091,1,"[{""id"": 134, ""x"": -66.32959747314453, ""y"": 28.010786056518555, ""vx"": 4.248066425323486, ""vy"": 0.27394047379493713, ""r"": 2.5906050205230713}]"
824,41.2,-37.72813034057617,24.54684066772461,0.0001751380004705483,0.08625537468905273,0.0,0.0,1.0,PlanStatus.FAIL,20,27.098041031049988,-0.03235400460055364,False,24.60158149758205,0.5682323765089344,1.6876405492738038,5.65204242019686,-0.03235400460055364,3.0,False,7.408999837934971,20,27.098041031049988,-0.03235400460055364,0.1,60,-37.728130334458704,24.5468406677416,0.002777092470165486,0.08625537468905273,-28.62034880015901,24.623043059459523,0.1715410395975835,2.951437589578149,1,"[{""id"": 134, ""x"": -66.10820770263672, ""y"": 28.023094177246094, ""vx"": 4.561263561248779, ""vy"": 0.32831138372421265, ""r"": 2.5906050205230713}]"
825,41.25,-37.728309631347656,24.54684066772461,0.00017571465026810476,5.418032136279248e-06,0.005526323337107897,0.5,0.0,PlanStatus.OK,20,27.09786174096987,-0.032353506694142685,True,24.37084219473275,1.0505426579834685e-05,1.887070231104248e-05,0.20410739833255995,-0.032353506694142685,3.0,False,7.5703999027609825,20,27.09786174096987,-0.032353506694142685,0.1,60,-37.72830962524147,24.546840667741566,0.0027770924697268816,5.418032136279248e-06,-28.8784045329579,24.571429096464154,0.0027769923971373684,2.9500000903005335,1,"[{""id"": 134, ""x"": -65.87419891357422, ""y"": 28.03691291809082, ""vx"": 4.731021404266357, ""vy"": 0.34174787998199463, ""r"": 2.5906050205230713}]"
826,41.300000000000004,-37.72754669189453,24.546842575073242,0.00017744640392640526,0.08625693193109482,0.0,0.0,1.0,PlanStatus.FAIL,20,27.098624682777885,-0.03235371810355163,False,24.126894345979085,0.5716443262495979,1.6977108128354097,5.674526746690267,-0.03235371810355163,3.0,False,7.716899970546365,20,27.098624682777885,-0.03235371810355163,0.1,60,-37.7275466857407,24.546842575090334,0.0027770924699333658,0.08625693193109482,-28.619842914320543,24.62334039064237,0.1725480660714803,2.951437615532183,1,"[{""id"": 134, ""x"": -65.62564849853516, ""y"": 28.052507400512695, ""vx"": 5.147744655609131, ""vy"": 0.38677236437797546, ""r"": 2.5906050205230713}]"
827,41.35,-37.727725982666016,24.546842575073242,0.00017802176960698103,5.4233152599856675e-06,0.005521426443010569,0.5,0.0,PlanStatus.OK,20,27.09844539269777,-0.03235322019713712,True,23.86872318389524,1.06335179800667e-05,1.892636446038532e-05,0.20419372924507134,-0.03235322019713712,3.0,False,7.966700010001659,20,27.09844539269777,-0.03235322019713712,0.1,60,-37.727725976523466,24.546842575090302,0.0027770924703775478,5.4233152599856675e-06,-28.87782091525121,24.571431003685024,0.0027769925138906556,2.9500000903885915,1,"[{""id"": 134, ""x"": -65.36344146728516, ""y"": 28.06954002380371, ""vx"": 5.382701873779297, ""vy"": 0.40576934814453125, ""r"": 2.5906050205230713}]"
828,41.400000000000006,-37.72696304321289,24.546844482421875,0.00017974695638857014,0.08625670783126368,0.0,0.0,1.0,PlanStatus.FAIL,20,27.099208334505786,-0.03235343160654962,False,23.598451885814544,0.5750263892383327,1.7076931226068526,5.696949475284457,-0.03235343160654962,3.0,False,7.623499957844615,20,27.099208334505786,-0.03235343160654962,0.1,60,-37.72696303702269,24.546844482439067,0.0027770924700678094,0.08625670783126368,-28.619341548988587,24.623635067969474,0.17354629716530715,2.9514376117971866,1,"[{""id"": 134, ""x"": -65.08778381347656, ""y"": 28.08824920654297, ""vx"": 5.584643840789795, ""vy"": 0.4314956068992615, ""r"": 2.5906050205230713}]"
829,41.45,-37.727142333984375,24.546842575073242,0.00018032279345386035,5.3219465476346405e-06,0.005516542121767998,0.5,0.0,PlanStatus.OK,20,27.09902903912879,-0.03235484104141464,True,23.32880594380646,1.0761571905434698e-05,1.8981999972359637e-05,0.2042907028609087,-0.03235484104141464,3.0,False,9.291299851611257,20,27.09902903912879,-0.03235484104141464,0.1,60,-37.727142327805105,24.546842575090405,0.0027770924694717307,5.3219465476346405e-06,-28.877237616668353,24.571431002676484,0.00277699264014882,2.950000088699109,1,"[{""id"": 134, ""x"": -64.81352996826172, ""y"": 28.10743522644043, ""vx"": 5.41835880279541, ""vy"": 0.42072245478630066, ""r"": 2.5906050205230713}]"
830,41.5,-37.72637939453125,24.546844482421875,0.00018205075977980006,0.08625541108837326,0.0,0.0,1.0,PlanStatus.FAIL,20,27.099791980936807,-0.03235505245082359,False,23.058602735746845,0.5783906320985597,1.7176259652775379,5.719322872952327,-0.03235505245082359,3.0,False,7.775499951094389,20,27.099791980936807,-0.03235505245082359,0.1,60,-37.72637938830433,24.54684448243917,0.0027770924699356153,0.08625541108837326,-28.61884195650425,24.623926492859734,0.17453958155754293,2.9514375901848062,1,"[{""id"": 134, ""x"": -64.53760528564453, ""y"": 28.12704086303711, ""vx"": 5.598560810089111, ""vy"": 0.4421607553958893, ""r"": 2.5906050205230713}]"
831,41.550000000000004,-37.726558685302734,24.546844482421875,0.00018262684066477013,5.42885737329646e-06,0.0055116512812674046,0.5,0.0,PlanStatus.OK,20,27.099612690856688,-0.032354554544412634,True,22.759067124637376,1.0889696634718776e-05,1.903768783832315e-05,0.20439801970940683,-0.032354554544412634,3.0,False,7.639399962499738,20,27.099612690856688,-0.032354554544412634,0.1,60,-37.7265586790871,24.546844482439138,0.0027770924703725175,5.42885737329646e-06,-28.876653699186466,24.571432910729975,0.0027769927569576557,2.9500000904809554,1,"[{""id"": 134, ""x"": -64.23258972167969, ""y"": 28.14896583557129, ""vx"": 6.421293258666992, ""vy"": 0.5056971311569214, ""r"": 2.5906050205230713}]"
832,41.6,-37.72579574584961,24.54684829711914,0.0001843531490168867,0.08625550014008268,0.0,0.0,1.0,PlanStatus.FAIL,20,27.100375637961584,-0.03235285861254207,False,22.42666145505862,0.5817791980216072,1.7276252442985256,5.742080793626121,-0.03235285861254207,3.0,False,7.790799951180816,20,27.100375637961584,-0.03235285861254207,0.1,60,-37.725795739586694,24.546848297136535,0.0027770924704771114,0.08625550014008268,-28.618340745709638,24.62422329130292,0.17553950956738304,2.951437591669004,1,"[{""id"": 134, ""x"": -63.89284896850586, ""y"": 28.17414665222168, ""vx"": 7.004741668701172, ""vy"": 0.555598795413971, ""r"": 2.5906050205230713}]"
833,41.650000000000006,-37.725975036621094,24.54684829711914,0.00018492906735540353,5.377110379728692e-06,0.005506764631718397,0.5,0.0,PlanStatus.OK,20,27.100196347881464,-0.032352360706131116,True,22.068349437740203,1.1017770613729793e-05,1.9052978076825565e-05,0.20453554969686444,-0.032352360706131116,3.0,False,11.997999856248498,20,27.100196347881464,-0.032352360706131116,0.1,60,-37.72597503036946,24.546848297136503,0.0027770924700652884,5.377110379728692e-06,-28.87607024517063,24.571436724839717,0.0027769928640881828,2.9500000896185097,1,"[{""id"": 134, ""x"": -63.52732849121094, ""y"": 28.201881408691406, ""vx"": 7.476448059082031, ""vy"": 0.6009808778762817, ""r"": 2.5906050205230713}]"
834,41.7,-37.72521209716797,24.546850204467773,0.00018664954028984834,0.08625669936784182,0.0,0.0,1.0,PlanStatus.FAIL,20,27.10095928968948,-0.03235257211554008,False,21.694923348025764,0.5851872740243131,1.7376853195716575,5.76524463966373,-0.03235257211554008,3.0,False,7.962900213897228,20,27.10095928968948,-0.03235257211554008,0.1,60,-37.725212090868695,24.546850204485267,0.002777092470476851,0.08625669936784182,-28.617835768441754,24.624520089375334,0.1765455172122455,2.9514376116561336,1,"[{""id"": 134, ""x"": -63.14509201049805, ""y"": 28.231422424316406, ""vx"": 7.749234676361084, ""vy"": 0.62660151720047, ""r"": 2.5906050205230713}]"
835,41.75,-37.72539138793945,24.54684829711914,0.00018722479218790682,5.365993163999445e-06,0.005501891952008009,0.5,0.0,PlanStatus.OK,20,27.100779994312486,-0.03235398155040863,True,21.30533320030699,1.114585448756543e-05,1.8995893144011823e-05,0.2046978376475863,-0.03235398155040863,3.0,False,8.051999844610691,20,27.100779994312486,-0.03235398155040863,0.1,60,-37.72539138165109,24.546848297136606,0.0027770924697196825,5.365993163999445e-06,-28.875486680374266,24.57143672457068,0.0027769929904118166,2.950000089433221,1,"[{""id"": 134, ""x"": -62.74692153930664, ""y"": 28.2626953125, ""vx"": 8.097112655639648, ""vy"": 0.6609764099121094, ""r"": 2.5906050205230713}]"
836,41.800000000000004,-37.724632263183594,24.546850204467773,0.00018895223836519614,0.08625758598420355,0.0,0.0,1.0,PlanStatus.FAIL,20,27.10153912143795,-0.03235418236606416,False,20.90476032079244,0.5885683051093491,1.7476687923400787,5.788474879374995,-0.03235418236606416,3.0,False,7.2372001595795155,20,27.10153912143795,-0.03235418236606416,0.1,60,-37.724632256847826,24.54685020448537,0.0027770924701951923,0.08625758598420355,-28.61733392233402,24.624812849848446,0.17754386461472854,2.9514376264330657,1,"[{""id"": 134, ""x"": -62.3361701965332, ""y"": 28.295372009277344, ""vx"": 8.282758712768555, ""vy"": 0.6793115735054016, ""r"": 2.5906050205230713}]"
837,41.85,-37.72480773925781,24.546850204467773,0.00018952815670371297,5.352177865494417e-06,0.005497002508491278,0.5,0.0,PlanStatus.OK,20,27.101363646040387,-0.03235369505340663,True,20.49491836404972,1.1273938981317257e-05,1.893880829027545e-05,0.20488343666131623,-0.03235369505340663,3.0,False,8.296800078824162,20,27.101363646040387,-0.03235369505340663,0.1,60,-37.72480773293309,24.546850204485338,0.0027770924696656953,5.352177865494417e-06,-28.874903119001758,24.57143863163545,0.002776993107151537,2.950000089202969,1,"[{""id"": 134, ""x"": -61.916439056396484, ""y"": 28.32915496826172, ""vx"": 8.451709747314453, ""vy"": 0.6979988217353821, ""r"": 2.5906050205230713}]"
838,41.900000000000006,-37.72404861450195,24.546852111816406,0.0001912605768024718,0.08625868045463003,0.0,0.0,1.0,PlanStatus.FAIL,20,27.102122773165846,-0.032353895869062156,False,20.084882596219824,0.5919756211828542,1.7577273733198762,5.812082586603892,-0.032353895869062156,3.0,False,7.302899844944477,20,27.102122773165846,-0.032353895869062156,0.1,60,-37.72404860812982,24.546852111834102,0.002777092470250648,0.08625868045463003,-28.616829211001956,24.62510949194393,0.17854972283018328,2.951437644674247,1,"[{""id"": 134, ""x"": -61.4951057434082, ""y"": 28.363388061523438, ""vx"": 8.394131660461426, ""vy"": 0.6961890459060669, ""r"": 2.5906050205230713}]"
839,41.95,-37.72422409057617,24.546852111816406,0.00019183652765027926,5.3484963559712945e-06,0.005492102820426226,0.5,0.0,PlanStatus.OK,20,27.101947297768284,-0.03235340855640463,True,19.67829424913563,1.1402027446758798e-05,1.8881721354224723e-05,0.20508591845429497,-0.03235340855640463,3.0,False,7.283800048753619,20,27.101947297768284,-0.03235340855640463,0.1,60,-37.72422408421509,24.546852111834074,0.0027770924696521224,5.3484963559712945e-06,-28.87431952773626,24.571440538783296,0.0027769932239009036,2.95000008914161,1,"[{""id"": 134, ""x"": -61.07699203491211, ""y"": 28.40237045288086, ""vx"": 8.326845169067383, ""vy"": 0.9295434355735779, ""r"": 2.5906050205230713}]"
840,42.0,-37.72346496582031,24.54685401916504,0.000193556496690719,0.08625524550310609,0.0,0.0,1.0,PlanStatus.FAIL,20,27.102706424893746,-0.032353609372060145,False,19.283633281399002,0.5953058889925331,1.7675588097041701,5.835316523596465,-0.032353609372060145,3.0,False,7.335999980568886,20,27.102706424893746,-0.032353609372060145,0.1,60,-37.72346495941182,24.546854019182838,0.0027770924698807685,0.08625524550310609,-28.616335993951147,24.625399385959433,0.1795328665833639,2.9514375874250542,1,"[{""id"": 134, ""x"": -60.66748046875, ""y"": 28.453556060791016, ""vx"": 8.084542274475098, ""vy"": 1.2619917392730713, ""r"": 2.5906050205230713}]"
841,42.050000000000004,-37.72364044189453,24.54685401916504,0.00019413160229696957,5.4220392900046595e-06,0.005487231072038412,0.5,0.0,PlanStatus.OK,20,27.102530949496185,-0.03235312205940262,True,18.8986546615278,1.1530140722243836e-05,1.8824614011658976e-05,0.20529555634976918,-0.03235312205940262,3.0,False,8.354200050234795,20,27.102530949496185,-0.03235312205940262,0.1,60,-37.72364043549709,24.546854019182806,0.002777092469721114,5.4220392900046595e-06,-28.87373570867713,24.5714424465638,0.00277699334067918,2.950000090367323,1,"[{""id"": 134, ""x"": -60.266273498535156, ""y"": 28.515216827392578, ""vx"": 7.965075492858887, ""vy"": 1.475366234779358, ""r"": 2.5906050205230713}]"
842,42.1,-37.72288131713867,24.54685401916504,0.00019585334309374974,0.08625471635404089,0.0,0.0,1.0,PlanStatus.FAIL,20,27.103290071324768,-0.03235523021633411,False,18.52662680994265,0.598686259648181,1.7775415573618392,5.858919121249447,-0.03235523021633411,3.0,False,7.618200033903122,20,27.103290071324768,-0.03235523021633411,0.1,60,-37.722881310693445,24.546854019182938,0.0027770924701884542,0.08625471635404089,-28.615834454124652,24.625691954558935,0.18053114147479002,2.9514375786058986,1,"[{""id"": 134, ""x"": -59.87458038330078, ""y"": 28.5876407623291, ""vx"": 7.706777095794678, ""vy"": 1.7743600606918335, ""r"": 2.5906050205230713}]"
843,42.150000000000006,-37.72305679321289,24.54685401916504,0.000196429082631168,5.35118865549549e-06,0.0054823546670377254,0.5,0.0,PlanStatus.OK,20,27.103114595927206,-0.03235474290367657,True,18.164386531963416,1.1658205486125539e-05,1.8767544545232086e-05,0.2055094484103878,-0.03235474290367657,3.0,False,7.494900142773986,20,27.103114595927206,-0.03235474290367657,0.1,60,-37.723056786778706,24.54685401918291,0.0027770924703945463,5.35118865549549e-06,-28.87315232008999,24.57144244580573,0.00277699346700058,2.9500000891864815,1,"[{""id"": 134, ""x"": -59.49067687988281, ""y"": 28.671701431274414, ""vx"": 7.607730388641357, ""vy"": 2.006917715072632, ""r"": 2.5906050205230713}]"
844,42.2,-37.72229766845703,24.546857833862305,0.00019814573572396138,0.08625547581476815,0.0,0.0,1.0,PlanStatus.FAIL,20,27.10387372834954,-0.032353036378056144,False,17.814175651670674,0.6020894393064717,1.787586199472529,5.882706490370566,-0.032353036378056144,3.0,False,10.137300007045269,20,27.10387372834954,-0.032353036378056144,0.1,60,-37.72229766197582,24.546857833880303,0.002777092470154758,0.08625547581476815,-28.615331541731678,24.62598975243305,0.18153560579395997,2.9514375912635815,1,"[{""id"": 134, ""x"": -59.11454391479492, ""y"": 28.76826286315918, ""vx"": 7.389078140258789, ""vy"": 2.3248422145843506, ""r"": 2.5906050205230713}]"
845,42.25,-37.72247314453125,24.546857833862305,0.00019872043496407883,5.407382455790412e-06,0.005477490834891796,0.5,0.0,PlanStatus.OK,20,27.10369825295198,-0.03235254906539507,True,17.476215727921332,1.1786315104079321e-05,1.8710441180907686e-05,0.20572622748758293,-0.03235254906539507,3.0,False,7.652200059965253,20,27.10369825295198,-0.03235254906539507,0.1,60,-37.72247313806109,24.546857833880274,0.0027770924701532294,5.407382455790412e-06,-28.872568547656897,24.571446260800098,0.0027769935741478366,2.9500000901230434,1,"[{""id"": 134, ""x"": -58.746707916259766, ""y"": 28.883440017700195, ""vx"": 7.228699684143066, ""vy"": 2.807135820388794, ""r"": 2.5906050205230713}]"
846,42.300000000000004,-37.72171401977539,24.546859741210938,0.00020043549510163032,0.08625546819242867,0.0,0.0,1.0,PlanStatus.FAIL,20,27.10445738007744,-0.03235274988105061,False,17.148266846346324,0.6054798146625846,1.7975964176174608,5.906433604851431,-0.03235274988105061,3.0,False,7.773900171741843,20,27.10445738007744,-0.03235274988105061,0.1,60,-37.721714013257824,24.54685974122904,0.002777092470392285,0.08625546819242867,-28.614829627209993,24.62628475285186,0.18253662772525825,2.951437591136541,1,"[{""id"": 134, ""x"": -58.383113861083984, ""y"": 29.01434898376465, ""vx"": 7.1580681800842285, ""vy"": 3.0469493865966797, ""r"": 2.5906050205230713}]"
847,42.35,-37.72188949584961,24.546859741210938,0.00020100998303135856,5.407656511043191e-06,0.0054726311936974525,0.5,0.0,PlanStatus.OK,20,27.10428190467988,-0.03235226256839306,True,16.827556441523445,1.1914403945125367e-05,1.865335275338508e-05,0.20594679161306986,-0.03235226256839306,3.0,False,8.203100180253386,20,27.10428190467988,-0.03235226256839306,0.1,60,-37.72188948934309,24.546859741229007,0.002777092470109519,5.407656511043191e-06,-28.871984944720122,24.571448167980623,0.0027769936908953797,2.950000090127607,1,"[{""id"": 134, ""x"": -58.02163314819336, ""y"": 29.1638126373291, ""vx"": 7.090395927429199, ""vy"": 3.5353636741638184, ""r"": 2.5906050205230713}]"
848,42.400000000000006,-37.72113037109375,24.546859741210938,0.00020273079731335518,0.08625814257576345,0.0,0.0,1.0,PlanStatus.FAIL,20,27.105041026508463,-0.032354370725328103,False,16.515763229437432,0.6089164060865253,1.8077466056826297,5.930507933490913,-0.032354370725328103,3.0,False,8.511600084602833,20,27.105041026508463,-0.032354370725328103,0.1,60,-37.72113036453944,24.54685974122914,0.002777092470040822,0.08625814257576345,-28.61431995806349,24.62658209430784,0.1835516466593421,2.951437635709601,1,"[{""id"": 134, ""x"": -57.66166305541992, ""y"": 29.330821990966797, ""vx"": 7.0572943687438965, ""vy"": 3.7911245822906494, ""r"": 2.5906050205230713}]"
849,42.45,-37.72130584716797,24.546859741210938,0.00020330422869113725,5.4155443937263135e-06,0.005467761307954788,0.5,0.0,PlanStatus.OK,20,27.1048655511109,-0.032353883412670585,True,16.213763003169014,1.204249512987742e-05,1.859626269326651e-05,0.20617174958283405,-0.032353883412670585,3.0,False,8.385899942368269,20,27.1048655511109,-0.032353883412670585,0.1,60,-37.72130584062471,24.54685974122911,0.002777092469883163,5.4155443937263135e-06,-28.8714013238799,24.57144816786774,0.0027769938172460323,2.9500000902590706,1,"[{""id"": 134, ""x"": -57.304866790771484, ""y"": 29.51683235168457, ""vx"": 6.927902698516846, ""vy"": 4.265375137329102, ""r"": 2.5906050205230713}]"
850,42.5,-37.72054672241211,24.54686164855957,0.00020502718858631682,0.0862578962822822,0.0,0.0,1.0,PlanStatus.FAIL,20,27.10562467823636,-0.032354084228326085,False,15.925736106722825,0.6123035709421992,1.8177483052502463,5.954277978803962,-0.032354084228326085,3.0,False,8.57089995406568,20,27.10562467823636,-0.032354084228326085,0.1,60,-37.72054671582144,24.546861648577874,0.0027770924701533265,0.0862578962822822,-28.613818649309103,24.626876739238025,0.1845518167327597,2.9514376316047035,1,"[{""id"": 134, ""x"": -56.95351028442383, ""y"": 29.71926498413086, ""vx"": 6.813305377960205, ""vy"": 4.484490871429443, ""r"": 2.5906050205230713}]"
851,42.550000000000004,-37.720726013183594,24.54686164855957,0.0002056019853543062,5.361098279652494e-06,0.005462883971631527,0.5,0.0,PlanStatus.OK,20,27.105445388156244,-0.03235358632191514,True,15.654143519898676,1.2169728436556324e-05,1.8539561544633418e-05,0.2063922260710255,-0.03235358632191514,3.0,False,8.4737001452595,20,27.105445388156244,-0.03235358632191514,0.1,60,-37.72072600660421,24.546861648577842,0.00277709246989912,5.361098279652494e-06,-28.870821696718245,24.57145007460132,0.002776993933128461,2.95000008935164,1,"[{""id"": 134, ""x"": -56.611122131347656, ""y"": 29.93843650817871, ""vx"": 6.543962478637695, ""vy"": 4.9053802490234375, ""r"": 2.5906050205230713}]"
852,42.6,-37.71996307373047,24.546865463256836,0.00020731229913542278,0.08625532567251706,0.0,0.0,1.0,PlanStatus.FAIL,20,27.106208335261137,-0.032351890390044595,False,15.408767883204616,0.6156515475728469,1.8276317071749475,5.977662340394142,-0.032351890390044595,3.0,False,8.479000069200993,20,27.106208335261137,-0.032351890390044595,0.1,60,-37.71996306710383,24.54686546327524,0.0027770924703519793,0.08625532567251706,-28.613324187346997,24.627169576254595,0.18554015703130888,2.951437588761211,1,"[{""id"": 134, ""x"": -56.28498840332031, ""y"": 30.174964904785156, ""vx"": 6.151838302612305, ""vy"": 5.221915245056152, ""r"": 2.5906050205230713}]"
853,42.650000000000006,-37.72014236450195,24.546865463256836,0.0002078862018979193,5.390848521952939e-06,0.005458035506308079,0.5,0.0,PlanStatus.OK,20,27.106029045181018,-0.03235139248363364,True,15.185221949268373,1.2297828985767867e-05,1.8482465271880272e-05,0.20658948432633764,-0.03235139248363364,3.0,False,8.610700024291873,20,27.106029045181018,-0.03235139248363364,0.1,60,-37.72014235788661,24.546865463275207,0.0027770924700787746,5.390848521952939e-06,-28.87023800227253,24.571453889379356,0.0027769940402328427,2.950000089847473,1,"[{""id"": 134, ""x"": -55.972503662109375, ""y"": 30.42595100402832, ""vx"": 5.91998815536499, ""vy"": 5.493310928344727, ""r"": 2.5906050205230713}]"
854,42.7,-37.71937942504883,24.546865463256836,0.00020959503650631124,0.08625543713964809,0.0,0.0,1.0,PlanStatus.FAIL,20,27.106791981692158,-0.0323535112343221,False,14.981492345812905,0.6190454594978835,1.8376573739919895,6.001082988844252,-0.0323535112343221,3.0,False,8.868200005963445,20,27.106791981692158,-0.0323535112343221,0.1,60,-37.719379418385444,24.546865463275342,0.0027770924700922885,0.08625543713964809,-28.612821022337627,24.627463099431054,0.18654272383908857,2.9514375906189985,1,"[{""id"": 134, ""x"": -55.670310974121094, ""y"": 30.687267303466797, ""vx"": 5.720970153808594, ""vy"": 5.599756240844727, ""r"": 2.5906050205230713}]"
855,42.75,-37.71955871582031,24.546865463256836,0.00021016874421306384,5.3944692549126605e-06,0.005453190766274929,0.5,0.0,PlanStatus.OK,20,27.106612691612042,-0.032353013327911136,True,14.794509041646782,1.242591881508116e-05,1.842537660121015e-05,0.20676339469079832,-0.032353013327911136,3.0,False,9.091800078749657,20,27.106612691612042,-0.032353013327911136,0.1,60,-37.71955870916821,24.54686546327531,0.0027770924698507704,5.3944692549126605e-06,-28.869654394025154,24.571453889231726,0.002776994166626401,2.950000089907821,1,"[{""id"": 134, ""x"": -55.376625061035156, ""y"": 30.958457946777344, ""vx"": 5.587225437164307, ""vy"": 5.788384914398193, ""r"": 2.5906050205230713}]"
856,42.800000000000004,-37.71879577636719,24.54686737060547,0.00021186919142446802,0.08625671126693336,0.0,0.0,1.0,PlanStatus.FAIL,20,27.10737563342006,-0.03235322473732011,False,14.630991482686214,0.6224599162832937,1.8477412428747975,6.02438240780638,-0.03235322473732011,3.0,False,8.816699963063002,20,27.10737563342006,-0.03235322473732011,0.1,60,-37.71879576966744,24.546867370624074,0.00277709247004674,0.08625671126693336,-28.612315855257503,24.627760009764728,0.187551110844917,2.95143761185445,1,"[{""id"": 134, ""x"": -55.0958137512207, ""y"": 31.240379333496094, ""vx"": 5.24540901184082, ""vy"": 5.983146667480469, ""r"": 2.5906050205230713}]"
857,42.85,-37.71897506713867,24.54686737060547,0.00021244237898257023,5.410754184593644e-06,0.005448364652693272,0.5,0.0,PlanStatus.OK,20,27.10719634333994,-0.0323527268309056,True,14.495130765609572,1.2554013372078134e-05,1.8368283960018203e-05,0.20690299850619773,-0.0323527268309056,3.0,False,11.573799885809422,20,27.10719634333994,-0.0323527268309056,0.1,60,-37.71897506045022,24.546867370624046,0.0027770924707428836,5.410754184593644e-06,-28.869070743858888,24.571455796543756,0.0027769942833635757,2.9500000901792385,1,"[{""id"": 134, ""x"": -54.832679748535156, ""y"": 31.535682678222656, ""vx"": 4.8508992195129395, ""vy"": 6.302827835083008, ""r"": 2.5906050205230713}]"
858,42.900000000000006,-37.71821212768555,24.5468692779541,0.0002141525139625882,0.08625668831083164,0.0,0.0,1.0,PlanStatus.FAIL,20,27.107959285147956,-0.032352938240318097,False,14.38437097116145,0.6258525312362974,1.8577611380210692,6.047115812575877,-0.032352938240318097,3.0,False,8.547700010240078,20,27.107959285147956,-0.032352938240318097,0.1,60,-37.718212120949445,24.54686927797281,0.002777092469922943,0.08625668831083164,-28.61181397978208,24.628054987707557,0.18855310047633642,2.951437611471845,1,"[{""id"": 134, ""x"": -54.58318328857422, ""y"": 31.8415584564209, ""vx"": 4.631536960601807, ""vy"": 6.426422595977783, ""r"": 2.5906050205230713}]"
859,42.95,-37.71839141845703,24.5468692779541,0.00021472623792398614,5.418209808542316e-06,0.005443516653031111,0.5,0.0,PlanStatus.OK,20,27.107779995067837,-0.03235244033390359,True,14.2982477316995,1.2682105056017423e-05,1.831119362379237e-05,0.20699799984571285,-0.03235244033390359,3.0,False,8.735499810427427,20,27.107779995067837,-0.03235244033390359,0.1,60,-37.71839141173222,24.546869277972778,0.002777092470692322,5.418209808542316e-06,-28.868487119736052,24.571457703783526,0.002776994400106868,2.9500000903034946,1,"[{""id"": 134, ""x"": -54.34760665893555, ""y"": 32.159446716308594, ""vx"": 4.289201259613037, ""vy"": 6.7252044677734375, ""r"": 2.5906050205230713}]"
860,43.0,-37.717628479003906,24.5468692779541,0.00021643017988413522,0.08625544381578763,0.0,0.0,1.0,PlanStatus.FAIL,20,27.108542931578977,-0.03235455908459206,False,14.236842607397824,0.6292242957306858,1.8677230912709482,6.069265291070698,-0.03235455908459206,3.0,False,8.594700135290623,20,27.108542931578977,-0.03235455908459206,0.1,60,-37.717628472231056,24.546869277972913,0.0027770924700418653,0.08625544381578763,-28.611314256108134,24.628346490738934,0.1895492959266126,2.951437590730259,1,"[{""id"": 134, ""x"": -54.12439727783203, ""y"": 32.487762451171875, ""vx"": 4.098391532897949, ""vy"": 6.843240261077881, ""r"": 2.5906050205230713}]"
861,43.050000000000004,-37.71780776977539,24.5468692779541,0.00021700323740507483,5.416460253235549e-06,0.005438683554530144,0.5,0.0,PlanStatus.OK,20,27.108363641498862,-0.0323540611781811,True,14.200917578417114,1.2810192517557019e-05,1.8254106425104506e-05,0.20704594658153,-0.0323540611781811,3.0,False,8.641500025987625,20,27.108363641498862,-0.0323540611781811,0.1,60,-37.71780776301382,24.54686927797288,0.002777092470309814,5.416460253235549e-06,-28.867903527338292,24.571457703592106,0.0027769945265123477,2.9500000902743393,1,"[{""id"": 134, ""x"": -53.91542053222656, ""y"": 32.82749938964844, ""vx"": 3.72310209274292, ""vy"": 7.124148368835449, ""r"": 2.5906050205230713}]"
862,43.1,-37.717044830322266,24.546871185302734,0.00021871678586061108,0.08625793167074798,0.0,0.0,1.0,PlanStatus.FAIL,20,27.109126583306878,-0.03235427258759005,False,14.191138537504193,0.6326606763764182,1.8778734810801128,6.091331442446548,-0.03235427258759005,3.0,False,8.688600035384297,20,27.109126583306878,-0.03235427258759005,0.1,60,-37.717044823513056,24.546871185321645,0.0027770924701146296,0.08625793167074798,-28.610806009069773,24.62864520950978,0.1905643350258096,2.9514376321945113,1,"[{""id"": 134, ""x"": -53.72026824951172, ""y"": 33.1766242980957, ""vx"": 3.5126054286956787, ""vy"": 7.223110675811768, ""r"": 2.5906050205230713}]"
863,43.150000000000006,-37.71722412109375,24.546871185302734,0.00021929044480342773,5.356987982391288e-06,0.005433828569948673,0.5,0.0,PlanStatus.OK,20,27.10894729322676,-0.0323537746811791,True,14.20737618462885,1.2938262763937176e-05,1.819703328755605e-05,0.20704276483136777,-0.0323537746811791,3.0,False,11.083099991083145,20,27.10894729322676,-0.0323537746811791,0.1,60,-37.71722411429583,24.546871185321613,0.002777092469856147,5.356987982391288e-06,-28.867320100637112,24.57145961028377,0.002776994643197602,2.9500000892831317,1,"[{""id"": 134, ""x"": -53.540531158447266, ""y"": 33.5351676940918, ""vx"": 3.1114087104797363, ""vy"": 7.451320648193359, ""r"": 2.5906050205230713}]"
864,43.2,-37.716461181640625,24.546875,0.0002209911520891571,0.08625533885629207,0.0,0.0,1.0,PlanStatus.FAIL,20,27.10971024033165,-0.03235207874930853,False,14.249486101059736,0.6360106146335957,1.8877659169059073,6.112333367691313,-0.03235207874930853,3.0,False,9.16799996048212,20,27.10971024033165,-0.03235207874930853,0.1,60,-37.716461174795455,24.54687500001901,0.002777092470253224,0.08625533885629207,-28.610311603145213,24.62893801406406,0.1915535787144174,2.9514375889809417,1,"[{""id"": 134, ""x"": -53.37548065185547, ""y"": 33.90080642700195, ""vx"": 2.891638994216919, ""vy"": 7.509212970733643, ""r"": 2.5906050205230713}]"
865,43.25,-37.71664047241211,24.546875,0.00022156386826254488,5.377364152993805e-06,0.005429002922028303,0.5,0.0,PlanStatus.OK,20,27.109530950251536,-0.03235158084289758,True,14.311710397131746,1.3066359321924962e-05,1.81399389209691e-05,0.20699147872057191,-0.03235158084289758,3.0,False,8.377099875360727,20,27.109530950251536,-0.03235158084289758,0.1,60,-37.71664046557824,24.54687500001898,0.0027770924704160114,5.377364152993805e-06,-28.86673643382361,24.57146342498544,0.002776994750244328,2.950000089622733,1,"[{""id"": 134, ""x"": -53.220829010009766, ""y"": 34.272865295410156, ""vx"": 2.718097448348999, ""vy"": 7.644529342651367, ""r"": 2.5906050205230713}]"
866,43.300000000000004,-37.715877532958984,24.546876907348633,0.00022326316139413094,0.08625546522457674,0.0,0.0,1.0,PlanStatus.FAIL,20,27.110293892059552,-0.03235179225230652,False,14.393350855189395,0.6394072099224561,1.8977999581428477,6.133219059065325,-0.03235179225230652,3.0,False,8.435999974608421,20,27.110293892059552,-0.03235179225230652,0.1,60,-37.71587752607746,24.546876907367746,0.002777092470165325,0.08625546522457674,-28.60980934877087,24.629233214751718,0.19255698295496448,2.951437591087073,1,"[{""id"": 134, ""x"": -53.075408935546875, ""y"": 34.649085998535156, ""vx"": 2.5773556232452393, ""vy"": 7.6459174156188965, ""r"": 2.5906050205230713}]"
867,43.35,-37.71605682373047,24.546875,0.00022383565000248416,5.390212885392863e-06,0.0054241809993982315,0.5,0.0,PlanStatus.OK,20,27.110114596682557,-0.03235320168717509,True,14.491631069417751,1.3194451792656996e-05,1.8082848565826107e-05,0.20690475917976373,-0.03235320168717509,3.0,False,8.742899866774678,20,27.110114596682557,-0.03235320168717509,0.1,60,-37.71605681685984,24.54687500001908,0.0027770924699637317,5.390212885392863e-06,-28.866152798370408,24.571463424913812,0.0027769948766857046,2.9500000898368848,1,"[{""id"": 134, ""x"": -52.9382209777832, ""y"": 35.02918243408203, ""vx"": 2.451887607574463, ""vy"": 7.736443996429443, ""r"": 2.5906050205230713}]"
868,43.400000000000006,-37.715293884277344,24.546876907348633,0.0002255444683562308,0.08625796791933765,0.0,0.0,1.0,PlanStatus.FAIL,20,27.110877538490573,-0.03235341309658404,False,14.611064742164375,0.6428445319223757,1.9079581722843577,6.154029910066549,-0.03235341309658404,3.0,False,8.823400130495429,20,27.110877538490573,-0.03235341309658404,0.1,60,-37.71529387735906,24.546876907367846,0.0027770924703158836,0.08625796791933765,-28.60930011623112,24.629530300642823,0.1935728044966493,2.951437632798658,1,"[{""id"": 134, ""x"": -52.81416702270508, ""y"": 35.411781311035156, ""vx"": 2.0909781455993652, ""vy"": 7.7454094886779785, ""r"": 2.5906050205230713}]"
869,43.45,-37.71547317504883,24.546876907348633,0.00022611749336787974,5.350386844255977e-06,0.005419337190687656,0.5,0.0,PlanStatus.OK,20,27.110698248410454,-0.03235291519017309,True,14.750960763398291,1.332252755131949e-05,1.8025769975026952e-05,0.20678347969578806,-0.03235291519017309,3.0,False,8.652899879962206,20,27.110698248410454,-0.03235291519017309,0.1,60,-37.71547316814184,24.546876907367814,0.0027770924701430826,5.350386844255977e-06,-28.865569313715245,24.57146533176661,0.0027769949933638513,2.9500000891731184,1,"[{""id"": 134, ""x"": -52.70466995239258, ""y"": 35.79722213745117, ""vx"": 1.8445696830749512, ""vy"": 7.828766822814941, ""r"": 2.5906050205230713}]"
870,43.5,-37.7147102355957,24.546878814697266,0.00022781350306111015,0.08625530807509996,0.0,0.0,1.0,PlanStatus.FAIL,20,27.11146119021847,-0.03235312659958203,False,14.911951126418613,0.6461939612817222,1.9178541337250532,6.17393630807512,-0.03235312659958203,3.0,False,8.78289993852377,20,27.11146119021847,-0.03235312659958203,0.1,60,-37.714710228641074,24.54687881471658,0.0027770924699838506,0.08625530807509996,-28.60880493248928,24.629821350381512,0.19456240075593054,2.951437588467921,1,"[{""id"": 134, ""x"": -52.61038589477539, ""y"": 36.18412399291992, ""vx"": 1.471619963645935, ""vy"": 7.814456462860107, ""r"": 2.5906050205230713}]"
871,43.550000000000004,-37.71488952636719,24.546878814697266,0.0002283856340672662,5.407339329071739e-06,0.005414523184299469,0.5,0.0,PlanStatus.OK,20,27.111281900138355,-0.03235262869317108,True,15.091633730313957,1.3450636279491206e-05,1.796866736029825e-05,0.20663048758467678,-0.03235262869317108,3.0,False,8.605899987742305,20,27.111281900138355,-0.03235262869317108,0.1,60,-37.71488951942384,24.54687881471655,0.0027770924696671703,5.407339329071739e-06,-28.8649855435868,24.57146723941225,0.002776995110137503,2.9500000901223196,1,"[{""id"": 134, ""x"": -52.530120849609375, ""y"": 36.57354736328125, ""vx"": 1.2335858345031738, ""vy"": 7.8998260498046875, ""r"": 2.5906050205230713}]"
872,43.6,-37.71412658691406,24.54688262939453,0.00023009116898265716,0.08625794501140768,0.0,0.0,1.0,PlanStatus.FAIL,20,27.112044847243247,-0.032350932761300515,False,15.291473944854422,0.6496349207066628,1.9280181142221724,6.194141216529006,-0.032350932761300515,3.0,False,11.00110006518662,20,27.112044847243247,-0.032350932761300515,0.1,60,-37.71412657992348,24.546882629413947,0.002777092470021039,0.08625794501140768,-28.608297254831612,24.630121946932853,0.19557879891474247,2.9514376324168548,1,"[{""id"": 134, ""x"": -52.46540451049805, ""y"": 36.96454620361328, ""vx"": 0.8377793431282043, ""vy"": 7.8818678855896, ""r"": 2.5906050205230713}]"
873,43.650000000000006,-37.71430587768555,24.546878814697266,0.00023066380388281831,5.395083976139921e-06,0.005409687291830778,0.5,0.0,PlanStatus.OK,20,27.111865546569376,-0.03235424953744504,True,15.509855927818856,1.3578720042631326e-05,1.7911582510929044e-05,0.2064518552093777,-0.03235424953744504,3.0,False,7.821899838745594,20,27.111865546569376,-0.03235424953744504,0.1,60,-37.71430587070544,24.546878814716653,0.0027770924703760303,5.395083976139921e-06,-28.864401982193016,24.57146723913519,0.0027769952365753587,2.95000008991807,1,"[{""id"": 134, ""x"": -52.415809631347656, ""y"": 37.35834884643555, ""vx"": 0.5936951637268066, ""vy"": 7.976761341094971, ""r"": 2.5906050205230713}]"
874,43.7,-37.71354293823242,24.54688262939453,0.0002323567251934369,0.08625534468078203,0.0,0.0,1.0,PlanStatus.FAIL,20,27.11262849367427,-0.03235255360557803,False,15.7432720549723,0.6529855610180867,1.9379222067008752,6.213559620278821,-0.03235255360557803,3.0,False,8.10109986923635,20,27.11262849367427,-0.03235255360557803,0.1,60,-37.713542931205076,24.54688262941405,0.0027770924698033088,0.08625534468078203,-28.60780097243086,24.63041143014868,0.19656920828712196,2.951437589078014,1,"[{""id"": 134, ""x"": -52.37544631958008, ""y"": 37.7550048828125, ""vx"": 0.4744778275489807, ""vy"": 7.977729320526123, ""r"": 2.5906050205230713}]"
875,43.75,-37.713722229003906,24.54688262939453,0.00023292851485204113,5.38765885004619e-06,0.0054048802703619,0.5,0.0,PlanStatus.OK,20,27.112449203594153,-0.03235205569916353,True,15.989273876416954,1.370680690883412e-05,1.7854495561889575e-05,0.20625857829291455,-0.03235205569916353,3.0,False,7.646200014278293,20,27.112449203594153,-0.03235205569916353,0.1,60,-37.71372222198786,24.546882629414018,0.002777092470198067,5.38765885004619e-06,-28.863818397371105,24.57147105360947,0.0027769953435765604,2.950000089794311,1,"[{""id"": 134, ""x"": -52.34251403808594, ""y"": 38.15548324584961, ""vx"": 0.36531925201416016, ""vy"": 8.081645011901855, ""r"": 2.5906050205230713}]"
876,43.800000000000004,-37.71295928955078,24.546884536743164,0.00023461989197135386,0.08625543374867,0.0,0.0,1.0,PlanStatus.FAIL,20,27.11321214540217,-0.032352267108572474,False,16.246814320638126,0.6563829895529237,1.9479621210417926,6.233183529915167,-0.032352267108572474,3.0,False,7.592300185933709,20,27.11321214540217,-0.032352267108572474,0.1,60,-37.712959282487084,24.546884536762782,0.0027770924702702243,0.08625543374867,-28.60729881283714,24.63070657556455,0.19757319983804444,2.9514375905624757,1,"[{""id"": 134, ""x"": -52.31557083129883, ""y"": 38.558197021484375, ""vx"": 0.3050553500652313, ""vy"": 8.067364692687988, ""r"": 2.5906050205230713}]"
877,43.85,-37.713138580322266,24.546884536743164,0.00023519145406492354,5.372707729954001e-06,0.005400076974183321,0.5,0.0,PlanStatus.OK,20,27.11303285532205,-0.03235176920216151,True,16.513461631144033,1.3834891702324421e-05,1.7797410980400705e-05,0.20606009450473442,-0.03235176920216151,3.0,False,7.65689997933805,20,27.11303285532205,-0.03235176920216151,0.1,60,-37.71313857326986,24.54688453676275,0.002777092470365753,5.372707729954001e-06,-28.86323483933776,24.571472960666316,0.0027769954602738854,2.9500000895451293,1,"[{""id"": 134, ""x"": -52.29358673095703, ""y"": 38.96310043334961, ""vx"": 0.24351680278778076, ""vy"": 8.138531684875488, ""r"": 2.5906050205230713}]"
878,43.900000000000006,-37.71237564086914,24.546886444091797,0.00023688565949252284,0.08625675976026924,0.0,0.0,1.0,PlanStatus.FAIL,20,27.113795797130066,-0.03235198061157048,False,16.78820905065426,0.6598018993892182,1.9580662797268238,6.252927754366401,-0.03235198061157048,3.0,False,7.6749001163989305,20,27.113795797130066,-0.03235198061157048,0.1,60,-37.71237563376909,24.546886444111514,0.002777092470459352,0.08625675976026924,-28.6067935142764,24.63100356391377,0.19858361582412967,2.9514376126626725,1,"[{""id"": 134, ""x"": -52.275657653808594, ""y"": 39.3681526184082, ""vx"": 0.20749828219413757, ""vy"": 8.08699893951416, ""r"": 2.5906050205230713}]"
879,43.95,-37.712554931640625,24.546886444091797,0.00023745744915112707,5.407608571205731e-06,0.005395266693085432,0.5,0.0,PlanStatus.OK,20,27.113616507049947,-0.03235148270515953,True,17.068931309553577,1.3962992844733913e-05,1.7740314042303043e-05,0.2058630690479852,-0.03235148270515953,3.0,False,7.994800107553601,20,27.113616507049947,-0.03235148270515953,0.1,60,-37.712554924551874,24.546886444111486,0.002777092469887846,5.407608571205731e-06,-28.862651134252804,24.571474868131595,0.002776995577008029,2.9500000901268137,1,"[{""id"": 134, ""x"": -52.26103210449219, ""y"": 39.773372650146484, ""vx"": 0.17089565098285675, ""vy"": 8.124074935913086, ""r"": 2.5906050205230713}]"
880,44.0,-37.7117919921875,24.546886444091797,0.00023914559159602007,0.08625543329115054,0.0,0.0,1.0,PlanStatus.FAIL,20,27.114379443561088,-0.03235360145584798,False,17.35510542646429,0.6631750954229801,1.9680392947552618,6.272420576583747,-0.03235360145584798,3.0,False,9.499500039964914,20,27.114379443561088,-0.03235360145584798,0.1,60,-37.71179198505068,24.546886444111617,0.0027770924703060273,0.08625543329115054,-28.60629399953604,24.631294945030216,0.19958091745225648,2.9514375905548547,1,"[{""id"": 134, ""x"": -52.249080657958984, ""y"": 40.17719650268555, ""vx"": 0.1478913575410843, ""vy"": 8.048736572265625, ""r"": 2.5906050205230713}]"
881,44.050000000000004,-37.711971282958984,24.546886444091797,0.0002397167310688113,5.39750069647258e-06,0.005390471313148737,0.5,0.0,PlanStatus.OK,20,27.114200153480972,-0.032353103549437025,True,17.64559628500275,1.4091077291927437e-05,1.7683228851600973e-05,0.2056716488248089,-0.032353103549437025,3.0,False,7.204900030046701,20,27.114200153480972,-0.032353103549437025,0.1,60,-37.711971275833456,24.546886444111585,0.0027770924698438323,5.39750069647258e-06,-28.862067566532286,24.571474867872393,0.0027769957034724257,2.9500000899583445,1,"[{""id"": 134, ""x"": -52.23971176147461, ""y"": 40.58028793334961, ""vx"": 0.1067219227552414, ""vy"": 8.075058937072754, ""r"": 2.5906050205230713}]"
882,44.1,-37.71120834350586,24.54688835144043,0.00024140331306775307,0.08625547767194183,0.0,0.0,1.0,PlanStatus.FAIL,20,27.11496309528899,-0.03235331495884599,False,17.94036607964686,0.6665724796794452,1.9780813485319795,6.292133129665879,-0.03235331495884599,3.0,False,7.926099933683872,20,27.11496309528899,-0.03235331495884599,0.1,60,-37.71120833633269,24.546888351460353,0.002777092469954594,0.08625547767194183,-28.605791953447827,24.63159002403213,0.2005851229467519,2.9514375912945345,1,"[{""id"": 134, ""x"": -52.23234558105469, ""y"": 40.98173141479492, ""vx"": 0.08967925608158112, ""vy"": 8.000466346740723, ""r"": 2.5906050205230713}]"
883,44.150000000000006,-37.711387634277344,24.54688835144043,0.0002419742574848004,5.397106376587689e-06,0.005385679192841053,0.5,0.0,PlanStatus.OK,20,27.11478380520887,-0.032352817052435034,True,18.238464352208688,1.4219165787487231e-05,1.7626140588109483e-05,0.2054874697472522,-0.032352817052435034,3.0,False,7.213199976831675,20,27.11478380520887,-0.032352817052435034,0.1,60,-37.71138762711547,24.54688835146032,0.002777092470063554,5.397106376587689e-06,-28.861483965560296,24.571476775048687,0.00277699582018226,2.950000089951775,1,"[{""id"": 134, ""x"": -52.22635269165039, ""y"": 41.382781982421875, ""vx"": 0.07558012008666992, ""vy"": 8.038311004638672, ""r"": 2.5906050205230713}]"
884,44.2,-37.71062469482422,24.546892166137695,0.00024365932780172694,0.08625546991191146,0.0,0.0,1.0,PlanStatus.FAIL,20,27.11554675231376,-0.03235112112056447,False,18.540340207246462,0.6699696759034625,1.988120339128356,6.311920400587791,-0.03235112112056447,3.0,False,7.007099920883775,20,27.11554675231376,-0.03235112112056447,0.1,60,-37.710624687615116,24.54689216615772,0.002777092470091886,0.08625546991191146,-28.605290986896616,24.6318866809994,0.20158902211386423,2.9514375911652015,1,"[{""id"": 134, ""x"": -52.22139358520508, ""y"": 41.78293228149414, ""vx"": 0.06713327020406723, ""vy"": 7.980638027191162, ""r"": 2.5906050205230713}]"
885,44.25,-37.7108039855957,24.546892166137695,0.00024423015843625696,5.359469110332527e-06,0.0053808907978236675,0.5,0.0,PlanStatus.OK,20,27.115367462233646,-0.032350623214153516,True,18.84554391489241,1.4347244288680635e-05,1.756906109490284e-05,0.20531088420446944,-0.032350623214153516,3.0,False,7.478199899196625,20,27.115367462233646,-0.032350623214153516,0.1,60,-37.7108039783979,24.546892166157686,0.002777092470074742,5.359469110332527e-06,-28.860900469838537,24.571480589275836,0.002776995927115478,2.9500000893244835,1,"[{""id"": 134, ""x"": -52.21720886230469, ""y"": 42.18361282348633, ""vx"": 0.060049042105674744, ""vy"": 8.037482261657715, ""r"": 2.5906050205230713}]"
886,44.300000000000004,-37.710044860839844,24.546892166137695,0.0002459181220800514,0.08625669148460256,0.0,0.0,1.0,PlanStatus.FAIL,20,27.11612658406223,-0.03235273137108855,False,19.154571506966036,0.6733650035895608,1.9981612016297383,6.3317700177452165,-0.03235273137108855,3.0,False,8.556599961593747,20,27.11612658406223,-0.03235273137108855,0.1,60,-37.710044853594205,24.546892166157818,0.0027770924701992295,0.08625669148460256,-28.604788293075124,24.63217994103503,0.20259310848999026,2.9514376115247476,1,"[{""id"": 134, ""x"": -52.21359634399414, ""y"": 42.58424758911133, ""vx"": 0.05555473268032074, ""vy"": 7.99611234664917, ""r"": 2.5906050205230713}]"
887,44.35,-37.71022033691406,24.546892166137695,0.0002464890502424534,5.384291933701446e-06,0.005376096349209547,0.5,0.0,PlanStatus.OK,20,27.115951108664667,-0.03235224405842748,True,19.466970922982046,1.4475341609670352e-05,1.7511967133902913e-05,0.20514153269659177,-0.03235224405842748,3.0,False,7.256800075992942,20,27.115951108664667,-0.03235224405842748,0.1,60,-37.71022032967948,24.54689216615779,0.002777092470768902,5.384291933701446e-06,-28.860316799087027,24.57148058930298,0.0027769960536098716,2.950000089738201,1,"[{""id"": 134, ""x"": -52.21039962768555, ""y"": 42.986053466796875, ""vx"": 0.052014827728271484, ""vy"": 8.063338279724121, ""r"": 2.5906050205230713}]"
888,44.400000000000006,-37.7094612121582,24.546894073486328,0.000248182020317008,0.0862578306598229,0.0,0.0,1.0,PlanStatus.FAIL,20,27.116710235790126,-0.03235244487408655,False,19.78301713683773,0.6767817993319555,2.008263086778638,6.351827192661564,-0.03235244487408655,3.0,False,6.867399904876947,20,27.116710235790126,-0.03235244487408655,0.1,60,-37.70946120487622,24.546894073506554,0.0027770924699224305,0.0862578306598229,-28.604283468771044,24.632476651327398,0.20360329712232497,2.9514376305109966,1,"[{""id"": 134, ""x"": -52.2075080871582, ""y"": 43.388118743896484, ""vx"": 0.049741584807634354, ""vy"": 8.025556564331055, ""r"": 2.5906050205230713}]"
889,44.45,-37.70963668823242,24.546894073486328,0.0002487530947712179,5.4036838409812905e-06,0.005371290259063244,0.5,0.0,PlanStatus.OK,20,27.116534760392565,-0.03235195756142547,True,20.102075087876948,1.4603436886287097e-05,1.7454873928379397e-05,0.20497927287500461,-0.03235195756142547,3.0,False,6.743400124832988,20,27.116534760392565,-0.03235195756142547,0.1,60,-37.70963668096149,24.54689407350652,0.0027770924703683546,5.4036838409812905e-06,-28.859733139748155,24.57148249664156,0.002776996170334479,2.9500000900614,1,"[{""id"": 134, ""x"": -52.20481872558594, ""y"": 43.79129409790039, ""vx"": 0.04830494150519371, ""vy"": 8.088789939880371, ""r"": 2.5906050205230713}]"
890,44.5,-37.70887756347656,24.54689598083496,0.00025043332120383755,0.08625533485381774,0.0,0.0,1.0,PlanStatus.FAIL,20,27.117293887518027,-0.032352158377081,False,20.42421113751427,0.6801363931877558,2.018181828770553,6.371560454052414,-0.032352158377081,3.0,False,6.832200102508068,20,27.117293887518027,-0.032352158377081,0.1,60,-37.70887755615822,24.546895980855286,0.002777092470425209,0.08625533485381774,-28.603787868920712,24.632767946094138,0.2045951714368338,2.9514375889142324,1,"[{""id"": 134, ""x"": -52.202293395996094, ""y"": 44.194393157958984, ""vx"": 0.04648362845182419, ""vy"": 8.042669296264648, ""r"": 2.5906050205230713}]"
891,44.550000000000004,-37.70905303955078,24.54689598083496,0.0002510034691432639,5.407740260640531e-06,0.005366513971239328,0.5,0.0,PlanStatus.OK,20,27.117118412120465,-0.03235167106442346,True,20.74870551461617,1.4731526813029654e-05,1.7397784412747155e-05,0.20482427400124054,-0.03235167106442346,3.0,False,6.914900150150061,20,27.117118412120465,-0.03235167106442346,0.1,60,-37.709053032243496,24.546895980855254,0.0027770924705132318,5.407740260640531e-06,-28.85914952564429,24.571484403854594,0.0027769962870587512,2.950000090129001,1,"[{""id"": 134, ""x"": -52.19985580444336, ""y"": 44.59808349609375, ""vx"": 0.04638221114873886, ""vy"": 8.094861030578613, ""r"": 2.5906050205230713}]"
892,44.6,-37.70829391479492,24.54689598083496,0.0002526866864306234,0.08625759239078068,0.0,0.0,1.0,PlanStatus.FAIL,20,27.11787753394905,-0.0323537792213585,False,21.075588638294214,0.6835721813561509,2.0283449662553763,6.391883560010706,-0.0323537792213585,3.0,False,6.893600104376674,20,27.11787753394905,-0.0323537792213585,0.1,60,-37.708293907439796,24.54689598085539,0.0027770924700804838,0.08625759239078068,-28.60327925967033,24.633064666972054,0.20561148531276074,2.9514376265398434,1,"[{""id"": 134, ""x"": -52.19747543334961, ""y"": 45.00117874145508, ""vx"": 0.04633966460824013, ""vy"": 8.038524627685547, ""r"": 2.5906050205230713}]"
893,44.650000000000006,-37.70846939086914,24.54689598083496,0.0002532570294257937,5.405913651620793e-06,0.005361730232834816,0.5,0.0,PlanStatus.OK,20,27.117702058551487,-0.03235329190870098,True,21.404277794546065,1.4859614671733391e-05,1.7340697587523574e-05,0.2046766924898777,-0.03235329190870098,3.0,False,6.849199999123812,20,27.117702058551487,-0.03235329190870098,0.1,60,-37.70846938352508,24.546895980855357,0.0027770924700783843,5.405913651620793e-06,-28.858565933510572,24.571484403663632,0.0027769964135377742,2.950000090098563,1,"[{""id"": 134, ""x"": -52.19514083862305, ""y"": 45.404422760009766, ""vx"": 0.045955777168273926, ""vy"": 8.083159446716309, ""r"": 2.5906050205230713}]"
894,44.7,-37.70771026611328,24.546899795532227,0.00025493868626720194,0.08625665306025015,0.0,0.0,1.0,PlanStatus.FAIL,20,27.118461190973825,-0.032351585383076996,False,21.73493055598953,0.6869543649807487,2.038343687594962,6.411939732960007,-0.032351585383076996,3.0,False,8.93989996984601,20,27.118461190973825,-0.032351585383076996,0.1,60,-37.70771025872224,24.546899795552754,0.0027770924700735835,0.08625665306025015,-28.602780656907257,24.63335993654692,0.20661135755359442,2.9514376108843363,1,"[{""id"": 134, ""x"": -52.19289016723633, ""y"": 45.806785583496094, ""vx"": 0.0434512123465538, ""vy"": 8.02283763885498, ""r"": 2.5906050205230713}]"
895,44.75,-37.7078857421875,24.546899795532227,0.0002555088829705643,5.384695354334663e-06,0.005356950219720602,0.5,0.0,PlanStatus.OK,20,27.11828571557626,-0.032351098070419464,True,22.067167813968855,1.4987698248548488e-05,1.7283613960978293e-05,0.20453638023751222,-0.032351098070419464,3.0,False,8.42430000193417,20,27.11828571557626,-0.032351098070419464,0.1,60,-37.70788573480752,24.546899795552722,0.0027770924700598683,5.384695354334663e-06,-28.85798238934161,24.57148821802563,0.002776996520454266,2.950000089744919,1,"[{""id"": 134, ""x"": -52.19065856933594, ""y"": 46.20923614501953, ""vx"": 0.04450692981481552, ""vy"": 8.067709922790527, ""r"": 2.5906050205230713}]"
896,44.800000000000004,-37.70712661743164,24.54690170288086,0.00025718904438460266,0.08625665280770083,0.0,0.0,1.0,PlanStatus.FAIL,20,27.119044842701722,-0.03235129888607499,False,22.401235291801274,0.6903522555102645,2.048393132504395,6.43216662972399,-0.03235129888607499,3.0,False,8.143299957737327,20,27.119044842701722,-0.03235129888607499,0.1,60,-37.70712661000425,24.546901702901486,0.0027770924704471124,0.08625665280770083,-28.60227872415383,24.63365494953164,0.2076163021613159,2.9514376108801326,1,"[{""id"": 134, ""x"": -52.18844223022461, ""y"": 46.61091613769531, ""vx"": 0.04400394484400749, ""vy"": 8.01053237915039, ""r"": 2.5906050205230713}]"
897,44.85,-37.70730209350586,24.54690170288086,0.0002577590135229304,5.386484840526076e-06,0.005352174397557974,0.5,0.0,PlanStatus.OK,20,27.11886936730416,-0.03235081157341745,True,22.736956696220744,1.5115788280295046e-05,1.722652517421614e-05,0.20440291797627713,-0.03235081157341745,3.0,False,7.626699982210994,20,27.11886936730416,-0.03235081157341745,0.1,60,-37.70730208608953,24.546901702901458,0.0027770924703797596,5.386484840526076e-06,-28.857398781922136,24.5714901252203,0.0027769966371538712,2.950000089774746,1,"[{""id"": 134, ""x"": -52.18627166748047, ""y"": 47.01292037963867, ""vx"": 0.0423075370490551, ""vy"": 8.060906410217285, ""r"": 2.5906050205230713}]"
898,44.900000000000006,-37.70654296875,24.546903610229492,0.00025943309569961717,0.0862553858072598,0.0,0.0,1.0,PlanStatus.FAIL,20,27.11962849442962,-0.03235101238907298,False,23.074681003661702,0.6937285320258831,2.058379534088082,6.452321747934791,-0.03235101238907298,3.0,False,7.5530000030994415,20,27.11962849442962,-0.03235101238907298,0.1,60,-37.70654296128626,24.546903610250222,0.002777092470022838,0.0862553858072598,-28.60178000601912,24.63394807531264,0.208614942435707,2.9514375897634517,1,"[{""id"": 134, ""x"": -52.18430709838867, ""y"": 47.41443634033203, ""vx"": 0.035741474479436874, ""vy"": 8.009639739990234, ""r"": 2.5906050205230713}]"
899,44.95,-37.70671844482422,24.54690170288086,0.00026000251218000393,5.35121572479298e-06,0.005347412079572678,0.5,0.0,PlanStatus.OK,20,27.119453013735182,-0.03235243241769496,True,23.414210357479963,1.524386495028006e-05,1.71694462155602e-05,0.20427573262632057,-0.03235243241769496,3.0,False,7.397200213745236,20,27.119453013735182,-0.03235243241769496,0.1,60,-37.7067184373711,24.546901702901557,0.0027770924696370754,5.35121572479298e-06,-28.856815288441272,24.5714901247556,0.002776996763639641,2.950000089186932,1,"[{""id"": 134, ""x"": -52.18244934082031, ""y"": 47.81656265258789, ""vx"": 0.03443378955125809, ""vy"": 8.06521987915039, ""r"": 2.5906050205230713}]"
900,45.0,-37.70595932006836,24.546903610229492,0.00026167950393820384,0.08625669680994921,0.0,0.0,1.0,PlanStatus.FAIL,20,27.120212140860644,-0.03235263323335049,False,23.755697717819373,0.697148556306599,2.0684997510640746,6.472815456224975,-0.03235263323335049,3.0,False,7.449999917298555,20,27.120212140860644,-0.03235263323335049,0.1,60,-37.705959312567835,24.546903610250325,0.0027770924698478643,0.08625669680994921,-28.6012737991111,24.6342433860977,0.20962696426022454,2.9514376116134944,1,"[{""id"": 134, ""x"": -52.1806640625, ""y"": 48.21841049194336, ""vx"": 0.03315085172653198, ""vy"": 8.01743221282959, ""r"": 2.5906050205230713}]"
901,45.050000000000004,-37.706138610839844,24.546903610229492,0.00026224906671039853,5.349368184603607e-06,0.005342643707990646,0.5,0.0,PlanStatus.OK,20,27.120032850780525,-0.03235213532693954,True,24.09893682530015,1.537111617699199e-05,1.7112731493995267e-05,0.2041544117137193,-0.03235213532693954,3.0,False,7.316200062632561,20,27.120032850780525,-0.03235213532693954,0.1,60,-37.706138603350624,24.546903610250293,0.0027770924696479595,5.349368184603607e-06,-28.856235506114054,24.571492031921764,0.002776996879527818,2.9500000891561355,1,"[{""id"": 134, ""x"": -52.17893981933594, ""y"": 48.62096405029297, ""vx"": 0.03208665922284126, ""vy"": 8.07415771484375, ""r"": 2.5906050205230713}]"
902,45.1,-37.70537567138672,24.546905517578125,0.0002639245467865832,0.08625659955289315,0.0,0.0,1.0,PlanStatus.FAIL,20,27.12079579258854,-0.03235234673634848,False,24.44399600409144,0.7005451157472634,2.0785480724039633,6.493217034614155,-0.03235234673634848,3.0,False,7.113200146704912,20,27.12079579258854,-0.03235234673634848,0.1,60,-37.70537566384984,24.546905517599058,0.0027770924700329077,0.08625659955289315,-28.600772112628206,24.63453825472281,0.21063179651091476,2.951437609992548,1,"[{""id"": 134, ""x"": -52.17725372314453, ""y"": 49.02324676513672, ""vx"": 0.03186208754777908, ""vy"": 8.02557373046875, ""r"": 2.5906050205230713}]"
903,45.150000000000006,-37.7055549621582,24.546905517578125,0.00026449396326696996,5.398914264814792e-06,0.005337878596037626,0.5,0.0,PlanStatus.OK,20,27.120616502508422,-0.032351848829933985,True,24.790603431191965,1.5499221353562665e-05,1.7055630495950783e-05,0.20403866595509845,-0.032351848829933985,3.0,False,9.758200030773878,20,27.120616502508422,-0.032351848829933985,0.1,60,-37.70555495463263,24.546905517599026,0.0027770924708020745,5.398914264814792e-06,-28.8556517578248,24.57149393950784,0.002776996996248977,2.9500000899819074,1,"[{""id"": 134, ""x"": -52.175594329833984, ""y"": 49.42613220214844, ""vx"": 0.03192095831036568, ""vy"": 8.079717636108398, ""r"": 2.5906050205230713}]"
904,45.2,-37.70479202270508,24.54690933227539,0.0002661743847553335,0.08625873014741299,0.0,0.0,1.0,PlanStatus.FAIL,20,27.12137944961332,-0.03235015289806697,False,25.13878276048124,0.7039806654804813,2.088709311570264,6.513921140456151,-0.03235015289806697,3.0,False,9.302600054070354,20,27.12137944961332,-0.03235015289806697,0.1,60,-37.7047920151323,24.546909332296423,0.0027770924703617527,0.08625873014741299,-28.600265719040262,24.63483809860038,0.21164792053621842,2.95143764550246,1,"[{""id"": 134, ""x"": -52.173988342285156, ""y"": 49.82859420776367, ""vx"": 0.03041408397257328, ""vy"": 8.02793025970459, ""r"": 2.5906050205230713}]"
905,45.25,-37.70497131347656,24.54690933227539,0.00026674383374501086,5.405493211021964e-06,0.005333102773874998,0.5,0.0,PlanStatus.OK,20,27.1212001595332,-0.03234965499165601,True,25.488293597173165,1.5627314526495372e-05,1.6998540003413352e-05,0.20392827702706584,-0.03234965499165601,3.0,False,7.366500096395612,20,27.1212001595332,-0.03234965499165601,0.1,60,-37.70497130591509,24.54690933229639,0.0027770924703253816,5.405493211021964e-06,-28.85506813164283,24.571497754097887,0.002776997103126812,2.9500000900915544,1,"[{""id"": 134, ""x"": -52.17243576049805, ""y"": 50.23149490356445, ""vx"": 0.030007319524884224, ""vy"": 8.078828811645508, ""r"": 2.5906050205230713}]"
906,45.300000000000004,-37.70420837402344,24.54690933227539,0.0002684116578832474,0.08625527292136777,0.0,0.0,1.0,PlanStatus.FAIL,20,27.12196309604434,-0.03235177374234093,False,25.839101860299568,0.7073190598123145,2.0985908768166497,6.534060105638825,-0.03235177374234093,3.0,False,6.818100111559033,20,27.12196309604434,-0.03235177374234093,0.1,60,-37.704208366413866,24.546909332296526,0.0027770924700207793,0.08625527292136777,-28.59977161265013,24.635126305485088,0.21263607718494354,2.951437587882022,1,"[{""id"": 134, ""x"": -52.17086410522461, ""y"": 50.633827209472656, ""vx"": 0.03139311447739601, ""vy"": 8.02452278137207, ""r"": 2.5906050205230713}]"
907,45.35,-37.70438766479492,24.54690933227539,0.0002689802616313679,5.363517312254794e-06,0.005328355822712183,0.5,0.0,PlanStatus.OK,20,27.12178380596422,-0.03235127583592998,True,26.191051380607327,1.5755388622360947e-05,1.694146283487928e-05,0.2038230323667965,-0.03235127583592998,3.0,False,7.275799987837672,20,27.12178380596422,-0.03235127583592998,0.1,60,-37.704387657196655,24.546909332296494,0.002777092470665524,5.363517312254794e-06,-28.85448465795309,24.571497753578527,0.002776997229633497,2.9500000893919536,1,"[{""id"": 134, ""x"": -52.16926956176758, ""y"": 51.036521911621094, ""vx"": 0.03158300369977951, ""vy"": 8.074097633361816, ""r"": 2.5906050205230713}]"
908,45.400000000000006,-37.7036247253418,24.546911239624023,0.000270650962841827,0.0862567030578977,0.0,0.0,1.0,PlanStatus.FAIL,20,27.122546747772237,-0.03235148724533892,False,26.544178004414903,0.7107420736437222,2.1087204736439937,6.554787179854181,-0.03235148724533892,3.0,False,7.563999854028225,20,27.122546747772237,-0.03235148724533892,0.1,60,-37.703624717695874,24.546911239645258,0.0027770924703164964,0.0862567030578977,-28.599266050152533,24.635423449914185,0.2136490369852935,2.9514376117176355,1,"[{""id"": 134, ""x"": -52.167694091796875, ""y"": 51.43861389160156, ""vx"": 0.03129468485713005, ""vy"": 8.019615173339844, ""r"": 2.5906050205230713}]"
909,45.45,-37.70380401611328,24.546911239624023,0.0002712198266642727,5.39848831143609e-06,0.005323601886630058,0.5,0.0,PlanStatus.OK,20,27.12236745769212,-0.032350989338927966,True,26.8983962136623,1.588348929217515e-05,1.6884365704877835e-05,0.20372265471438467,-0.032350989338927966,3.0,False,8.677100064232945,20,27.12236745769212,-0.032350989338927966,0.1,60,-37.70380400847866,24.546911239645226,0.00277709247062667,5.39848831143609e-06,-28.85390095265419,24.571499661045415,0.0027769973463424805,2.950000089974808,1,"[{""id"": 134, ""x"": -52.1661262512207, ""y"": 51.84107971191406, ""vx"": 0.03140716627240181, ""vy"": 8.070171356201172, ""r"": 2.5906050205230713}]"
910,45.5,-37.703041076660156,24.546913146972656,0.00027289563183336384,0.08625788710172214,0.0,0.0,1.0,PlanStatus.FAIL,20,27.123130399500138,-0.03235120074833693,False,27.253754155331038,0.7141609154099423,2.118838757274887,6.575534864035988,-0.03235120074833693,3.0,False,7.948199985548854,20,27.123130399500138,-0.03235120074833693,0.1,60,-37.70304106897789,24.546913146993994,0.0027770924700815615,0.08625788710172214,-28.598761112170997,24.63572022776956,0.21466086546584096,2.951437631451696,1,"[{""id"": 134, ""x"": -52.16455841064453, ""y"": 52.24302291870117, ""vx"": 0.03113495372235775, ""vy"": 8.01725959777832, ""r"": 2.5906050205230713}]"
911,45.550000000000004,-37.70322036743164,24.546913146972656,0.0002734645444197455,5.345861842227676e-06,0.0053188372403383255,0.5,0.0,PlanStatus.OK,20,27.12295110942002,-0.032350702841925975,True,27.61020954336392,1.601156203485328e-05,1.682729109025137e-05,0.20362683560000505,-0.032350702841925975,3.0,False,6.796299945563078,20,27.12295110942002,-0.032350702841925975,0.1,60,-37.703220359760685,24.546913146993962,0.0027770924700195837,5.345861842227676e-06,-28.8533175057451,24.571501567794815,0.002776997463016689,2.950000089097696,1,"[{""id"": 134, ""x"": -52.16299819946289, ""y"": 52.645423889160156, ""vx"": 0.03128886967897415, ""vy"": 8.06968879699707, ""r"": 2.5906050205230713}]"
912,45.6,-37.702457427978516,24.546913146972656,0.00027513230353940073,0.08625661297195351,0.0,0.0,1.0,PlanStatus.FAIL,20,27.12371404593116,-0.03235282159261443,False,27.967799563876493,0.717536873964051,2.128834638699437,6.596053976927379,-0.03235282159261443,3.0,False,6.9784000515937805,20,27.12371404593116,-0.03235282159261443,0.1,60,-37.70245742025945,24.546913146994093,0.0027770924701724826,0.08625661297195351,-28.59826146609266,24.636011687191083,0.21566045373372136,2.9514376102162,1,"[{""id"": 134, ""x"": -52.161434173583984, ""y"": 53.04739761352539, ""vx"": 0.031057631596922874, ""vy"": 8.018424034118652, ""r"": 2.5906050205230713}]"
913,45.650000000000006,-37.70263671875,24.546913146972656,0.0002757007609957133,5.374773449189311e-06,0.005314090754836798,0.5,0.0,PlanStatus.OK,20,27.12353475585104,-0.03235232368620348,True,28.326507674597778,1.613965931759939e-05,1.6770195603241222e-05,0.2035352747054772,-0.03235232368620348,3.0,False,7.1172998286783695,20,27.12353475585104,-0.03235232368620348,0.1,60,-37.70263671104224,24.546913146994065,0.0027770924690947306,5.374773449189311e-06,-28.852733822963543,24.571501567856334,0.0027769975895915,2.950000089579561,1,"[{""id"": 134, ""x"": -52.15991973876953, ""y"": 53.44990158081055, ""vx"": 0.029408322647213936, ""vy"": 8.071981430053711, ""r"": 2.5906050205230713}]"
914,45.7,-37.701873779296875,24.54691505432129,0.00027736234335014494,0.08625536088728901,0.0,0.0,1.0,PlanStatus.FAIL,20,27.124297697659056,-0.03235253509561243,False,28.68631387965616,0.7209139425443155,2.138831343143167,6.616621352188833,-0.03235253509561243,3.0,False,6.811999948695302,20,27.124297697659056,-0.03235253509561243,0.1,60,-37.701873771541464,24.54691505434283,0.002777092469876153,0.08625536088728901,-28.597762710331367,24.6363048356553,0.21666012429411854,2.951437589348125,1,"[{""id"": 134, ""x"": -52.158470153808594, ""y"": 53.85199737548828, ""vx"": 0.027971167117357254, ""vy"": 8.021208763122559, ""r"": 2.5906050205230713}]"
915,45.75,-37.70205307006836,24.54691505432129,0.0002779301506206445,5.3957124518537646e-06,0.005309358239173889,0.5,0.0,PlanStatus.OK,20,27.12411840757894,-0.03235203718920148,True,29.04718363979653,1.626775532109899e-05,1.6713101851748187e-05,0.20344771212174984,-0.03235203718920148,3.0,False,6.9911000318825245,20,27.12411840757894,-0.03235203718920148,0.1,60,-37.70205306232425,24.546915054342797,0.0027770924701752144,5.3957124518537646e-06,-28.8521501590558,24.571503475208484,0.00277699770627978,2.9500000899285435,1,"[{""id"": 134, ""x"": -52.157039642333984, ""y"": 54.254638671875, ""vx"": 0.028020594269037247, ""vy"": 8.074522972106934, ""r"": 2.5906050205230713}]"
916,45.800000000000004,-37.701290130615234,24.546918869018555,0.000279604671672755,0.08625570336917339,0.0,0.0,1.0,PlanStatus.FAIL,20,27.124881354683833,-0.03235034125733092,False,29.409028908213173,0.724319154575812,2.1489089087862463,6.637406554693243,-0.03235034125733092,3.0,False,7.370000006631017,20,27.124881354683833,-0.03235034125733092,0.1,60,-37.701290122823934,24.546918869040194,0.002777092470158908,0.08625570336917339,-28.597260854103258,24.636602016123632,0.21766788096599315,2.9514375950561487,1,"[{""id"": 134, ""x"": -52.1556282043457, ""y"": 54.65684509277344, ""vx"": 0.027355901896953583, ""vy"": 8.023058891296387, ""r"": 2.5906050205230713}]"
917,45.85,-37.70146942138672,24.546918869018555,0.00028017384433346186,5.281806954974878e-06,0.005304595921188593,0.5,0.0,PlanStatus.OK,20,27.124702064603714,-0.03234984335091996,True,29.771837028859537,1.6395809328095452e-05,1.6656041971407562e-05,0.20336394130657995,-0.03234984335091996,3.0,False,7.30910012498498,20,27.124702064603714,-0.03234984335091996,0.1,60,-37.70146941360672,24.546918869040162,0.002777092470456036,5.281806954974878e-06,-28.851566888253828,24.571507288812,0.0027769978130485215,2.9500000880301194,1,"[{""id"": 134, ""x"": -52.15423583984375, ""y"": 55.059539794921875, ""vx"": 0.026920029893517494, ""vy"": 8.07536506652832, ""r"": 2.5906050205230713}]"
918,45.900000000000006,-37.700706481933594,24.546918869018555,0.0002818366945502289,0.08625760318296379,0.0,0.0,1.0,PlanStatus.FAIL,20,27.125465001114854,-0.032351962101608414,False,30.135501700083367,0.7277495890611376,2.1590694134522224,6.658389066473478,-0.032351962101608414,3.0,False,7.172200130298734,20,27.125465001114854,-0.032351962101608414,0.1,60,-37.70070647410549,24.546918869040297,0.0027770924699479387,0.08625760318296379,-28.59675315380723,24.636898204350345,0.2186839315598881,2.9514376267197187,1,"[{""id"": 134, ""x"": -52.15284729003906, ""y"": 55.46175003051758, ""vx"": 0.02791830152273178, ""vy"": 8.022897720336914, ""r"": 2.5906050205230713}]"
919,45.95,-37.70088577270508,24.546918869018555,0.0002824045343300191,5.389753429084019e-06,0.005299861077219248,0.5,0.0,PlanStatus.OK,20,27.125285711034735,-0.03235146419519391,True,30.500037050021525,1.6523932163612102e-05,1.6598926931531144e-05,0.20328377108869566,-0.03235146419519391,3.0,False,7.344200043007731,20,27.125285711034735,-0.03235146419519391,0.1,60,-37.700885764888284,24.546918869040265,0.002777092470202317,5.389753429084019e-06,-28.85098297234507,24.571507289521147,0.0027769979396841333,2.950000089829225,1,"[{""id"": 134, ""x"": -52.15143585205078, ""y"": 55.86442184448242, ""vx"": 0.028138326480984688, ""vy"": 8.074397087097168, ""r"": 2.5906050205230713}]"
920,46.0,-37.70012283325195,24.546920776367188,0.00028406598664728813,0.08625756573612783,0.0,0.0,1.0,PlanStatus.FAIL,20,27.12604865284275,-0.03235167560460287,False,30.865330217628028,0.7311475094172447,2.1691311705886593,6.679199930468981,-0.03235167560460287,3.0,False,7.226200075820088,20,27.12604865284275,-0.03235167560460287,0.1,60,-37.7001228253875,24.54692077638903,0.002777092470308775,0.08625756573612783,-28.59625131570799,24.637193162658736,0.21969010739028424,2.9514376260955983,1,"[{""id"": 134, ""x"": -52.150028228759766, ""y"": 56.26657485961914, ""vx"": 0.02793104201555252, ""vy"": 8.021454811096191, ""r"": 2.5906050205230713}]"
921,46.050000000000004,-37.70030212402344,24.546920776367188,0.0002846335988620438,5.3946651962603235e-06,0.005295129492878914,0.5,0.0,PlanStatus.OK,20,27.125869362762636,-0.032351177698191916,True,31.231448400672853,1.6652022525340956e-05,1.6541837570623226e-05,0.20320701131451346,-0.032351177698191916,3.0,False,7.45710008777678,20,27.125869362762636,-0.032351177698191916,0.1,60,-37.7003021161703,24.546920776388998,0.002777092470524376,5.3946651962603235e-06,-28.850399355711165,24.57150919674222,0.0027769980563829484,2.950000089911085,1,"[{""id"": 134, ""x"": -52.14862823486328, ""y"": 56.66917037963867, ""vx"": 0.02807144820690155, ""vy"": 8.072887420654297, ""r"": 2.5906050205230713}]"
922,46.1,-37.69953918457031,24.54692268371582,0.00028629345822407096,0.08625672337436767,0.0,0.0,1.0,PlanStatus.FAIL,20,27.126632304570652,-0.03235138910760087,False,31.598278223925085,0.734531585962132,2.1791530448731975,6.69995590265216,-0.03235138910760087,3.0,False,7.654000073671341,20,27.126632304570652,-0.03235138910760087,0.1,60,-37.69953917666952,24.546922683737762,0.0027770924704140602,0.08625672337436767,-28.595751520238583,24.63748692182543,0.22069229493498926,2.9514376120562402,1,"[{""id"": 134, ""x"": -52.14727020263672, ""y"": 57.07124710083008, ""vx"": 0.02616531029343605, ""vy"": 8.020184516906738, ""r"": 2.5906050205230713}]"
923,46.150000000000006,-37.6997184753418,24.54692268371582,0.00028686097291095465,5.339080493820074e-06,0.005290401633828878,0.5,0.0,PlanStatus.OK,20,27.126453014490533,-0.032350891201189905,True,31.96594065561346,1.6780093419578207e-05,1.6484763307534137e-05,0.20313346378924207,-0.032350891201189905,3.0,False,8.499899879097939,20,27.126453014490533,-0.032350891201189905,0.1,60,-37.69971846745231,24.546922683737733,0.002777092470201493,5.339080493820074e-06,-28.849815917525863,24.571511103467802,0.0027769981730312488,2.950000088984674,1,"[{""id"": 134, ""x"": -52.14597702026367, ""y"": 57.473793029785156, ""vx"": 0.02487192489206791, ""vy"": 8.072114944458008, ""r"": 2.5906050205230713}]"
924,46.2,-37.69895553588867,24.546926498413086,0.0002885193368456119,0.08625669315793545,0.0,0.0,1.0,PlanStatus.FAIL,20,27.12721596159543,-0.0323491952693229,False,32.33426737985837,0.7379303892654422,2.1892160725661776,6.720836661454543,-0.0323491952693229,3.0,False,7.798900129273534,20,27.12721596159543,-0.0323491952693229,0.1,60,-37.698955527952,24.54692649843513,0.002777092470055248,0.08625669315793545,-28.595250609545626,24.6377835474703,0.22169859781157228,2.9514376115526306,1,"[{""id"": 134, ""x"": -52.14466094970703, ""y"": 57.87586212158203, ""vx"": 0.026352612301707268, ""vy"": 8.019963264465332, ""r"": 2.5906050205230713}]"
925,46.25,-37.699134826660156,24.54692268371582,0.00028908665647675173,5.393425615020518e-06,0.005285677034407854,0.5,0.0,PlanStatus.OK,20,27.127036660921554,-0.03235251204546742,True,32.703396926375106,1.6908199816230095e-05,1.6427661882760687e-05,0.20306294380713816,-0.03235251204546742,3.0,False,7.956800051033497,20,27.127036660921554,-0.03235251204546742,0.1,60,-37.69913481873386,24.546922683737833,0.0027770924700105206,5.393425615020518e-06,-28.849232159736307,24.571511103738068,0.002776998299664788,2.9500000898904295,1,"[{""id"": 134, ""x"": -52.14338684082031, ""y"": 58.278411865234375, ""vx"": 0.024015557020902634, ""vy"": 8.072420120239258, ""r"": 2.5906050205230713}]"
926,46.300000000000004,-37.69837188720703,24.546926498413086,0.00029074989680500654,0.08625638731270831,0.0,0.0,1.0,PlanStatus.FAIL,20,27.12779960802645,-0.03235081611359686,False,33.073158982705756,0.741322761372648,2.1992684700372442,6.741705943614276,-0.03235081611359686,3.0,False,8.09300015680492,20,27.12779960802645,-0.03235081611359686,0.1,60,-37.698371879233555,24.54692649843523,0.002777092470278716,0.08625638731270831,-28.59474850685126,24.638076449680508,0.2227038376847082,2.951437606455216,1,"[{""id"": 134, ""x"": -52.14211654663086, ""y"": 58.68050003051758, ""vx"": 0.025493569672107697, ""vy"": 8.020644187927246, ""r"": 2.5906050205230713}]"
927,46.35,-37.698551177978516,24.546926498413086,0.00029131737898259956,5.376281277524121e-06,0.005280942190438509,0.5,0.0,PlanStatus.OK,20,27.12762031794633,-0.03235031820718591,True,33.44370413555975,1.703628551356706e-05,1.6370577288920586e-05,0.20299527996686303,-0.03235031820718591,3.0,False,8.079800056293607,20,27.12762031794633,-0.03235031820718591,0.1,60,-37.698551170016344,24.546926498435198,0.0027770924705949715,5.376281277524121e-06,-28.8486486034978,24.571514918134557,0.002776998406432945,2.9500000896046923,1,"[{""id"": 134, ""x"": -52.14089584350586, ""y"": 59.08308410644531, ""vx"": 0.02313930168747902, ""vy"": 8.073261260986328, ""r"": 2.5906050205230713}]"
928,46.400000000000006,-37.69778823852539,24.54692840576172,0.0002929614388293707,0.08625672289593077,0.0,0.0,1.0,PlanStatus.FAIL,20,27.128383259754347,-0.03235052961659485,False,33.81484671130268,0.7447269028911733,2.2093533084895296,6.762677799629512,-0.03235052961659485,3.0,False,8.37239995598793,20,27.128383259754347,-0.03235052961659485,0.1,60,-37.69778823051556,24.546928405783966,0.0027770924700954735,0.08625672289593077,-28.594245722159137,24.638371964025378,0.2237123216468868,2.951437612048262,1,"[{""id"": 134, ""x"": -52.13967514038086, ""y"": 59.4852180480957, ""vx"": 0.024614367634058, ""vy"": 8.021454811096191, ""r"": 2.5906050205230713}]"
929,46.45,-37.697967529296875,24.54692840576172,0.0002935275881260471,5.3424381641291275e-06,0.0052762506529688835,0.5,0.0,PlanStatus.OK,20,27.128203969674228,-0.03235003171018389,True,34.18670424335962,1.71643624836077e-05,1.631349743093629e-05,0.20293031717000146,-0.03235003171018389,3.0,False,8.15930007956922,20,27.128203969674228,-0.03235003171018389,0.1,60,-37.69796752129836,24.546928405783934,0.002777092470143646,5.3424381641291275e-06,-28.848065101177767,24.571516825038447,0.0027769985231015475,2.9500000890406373,1,"[{""id"": 134, ""x"": -52.138427734375, ""y"": 59.887840270996094, ""vx"": 0.02484353817999363, ""vy"": 8.073851585388184, ""r"": 2.5906050205230713}]"
930,46.5,-37.69720458984375,24.54693031311035,0.0002951814332693039,0.08625665503391591,0.0,0.0,1.0,PlanStatus.FAIL,20,27.128966911482248,-0.03235024311959286,False,34.559098127271895,0.748124040693651,2.21941859865631,6.783631447868413,-0.03235024311959286,3.0,False,8.056199876591563,20,27.128966911482248,-0.03235024311959286,0.1,60,-37.69720458179758,24.546930313132698,0.002777092470421523,0.08625665503391591,-28.593743961293416,24.638666877361754,0.22471885078028353,2.9514376109172336,1,"[{""id"": 134, ""x"": -52.137176513671875, ""y"": 60.28999710083008, ""vx"": 0.024674691259860992, ""vy"": 8.021759033203125, ""r"": 2.5906050205230713}]"
931,46.550000000000004,-37.697383880615234,24.54693031311035,0.00029574807020534005,5.396150137904388e-06,0.005271537229418755,0.5,0.0,PlanStatus.OK,20,27.12878762140213,-0.0323497452131819,True,34.93219131941261,1.7292469236206087e-05,1.6256395258605442e-05,0.20286791498113174,-0.0323497452131819,3.0,False,8.01229989156127,20,27.12878762140213,-0.0323497452131819,0.1,60,-37.69738387258038,24.546930313132666,0.00277709247043366,5.396150137904388e-06,-28.847481340591248,24.571518732659616,0.0027769986398055594,2.9500000899358323,1,"[{""id"": 134, ""x"": -52.135986328125, ""y"": 60.69261932373047, ""vx"": 0.02296876348555088, ""vy"": 8.07384204864502, ""r"": 2.5906050205230713}]"
932,46.6,-37.69662094116211,24.54693031311035,0.00029742135590440585,0.08625320472030491,0.0,0.0,1.0,PlanStatus.FAIL,20,27.12955055791327,-0.03235186396387035,False,35.30576521198212,0.7514621379130869,2.2293137751942322,6.804234651210597,-0.03235186396387035,3.0,False,8.216599933803082,20,27.12955055791327,-0.03235186396387035,0.1,60,-37.696620933079124,24.5469303131328,0.0027770924699946887,0.08625320472030491,-28.59324983858869,24.63895509478723,0.22570836855824802,2.951437553412009,1,"[{""id"": 134, ""x"": -52.13479232788086, ""y"": 61.09476089477539, ""vx"": 0.023941602557897568, ""vy"": 8.021485328674316, ""r"": 2.5906050205230713}]"
933,46.650000000000006,-37.696800231933594,24.54693031311035,0.00029798978085142776,5.340746994172615e-06,0.005266779102385044,0.5,0.0,PlanStatus.OK,20,27.12937126783315,-0.03235136605745585,True,35.67998552239449,1.7420539151896813e-05,1.6199321666177796e-05,0.20280794007137043,-0.03235136605745585,3.0,False,10.616700164973736,20,27.12937126783315,-0.03235136605745585,0.1,60,-37.69680022386192,24.54693031313277,0.0027770924708394548,5.340746994172615e-06,-28.846897906539407,24.57151873203115,0.0027769987663903446,2.950000089012449,1,"[{""id"": 134, ""x"": -52.13359069824219, ""y"": 61.49736785888672, ""vx"": 0.024140838533639908, ""vy"": 8.073410034179688, ""r"": 2.5906050205230713}]"
934,46.7,-37.69603729248047,24.546932220458984,0.0002996403425563289,0.0862568556780345,0.0,0.0,1.0,PlanStatus.FAIL,20,27.130134209641167,-0.03235157746686836,False,36.05463817346327,0.7549228948324747,2.23957016420519,6.825641328616428,-0.03235157746686836,3.0,False,8.177800104022026,20,27.130134209641167,-0.03235157746686836,0.1,60,-37.69603728436115,24.546932220481533,0.002777092470263291,0.0862568556780345,-28.592738640629562,24.63925554874259,0.2267340075782579,2.951437614261305,1,"[{""id"": 134, ""x"": -52.13239669799805, ""y"": 61.89948272705078, ""vx"": 0.023981275036931038, ""vy"": 8.021013259887695, ""r"": 2.5906050205230713}]"
935,46.75,-37.69621658325195,24.546932220458984,0.0003002066218901679,5.375102342447402e-06,0.005262073595076799,0.5,0.0,PlanStatus.OK,20,27.129954919561047,-0.032351079560453855,True,36.42991716219263,1.754863899284878e-05,1.6232556880554395e-05,0.20275026716913713,-0.032351079560453855,3.0,False,8.202799828723073,20,27.129954919561047,-0.032351079560453855,0.1,60,-37.69621657514394,24.5469322204815,0.002777092470314801,5.375102342447402e-06,-28.84631420305123,24.571520639493897,0.0027769988830969824,2.9500000895850365,1,"[{""id"": 134, ""x"": -52.13119888305664, ""y"": 62.30206298828125, ""vx"": 0.02411966770887375, ""vy"": 8.073010444641113, ""r"": 2.5906050205230713}]"
936,46.800000000000004,-37.695457458496094,24.54693603515625,0.00030184447246242477,0.08625672906709221,0.0,0.0,1.0,PlanStatus.FAIL,20,27.130714051983386,-0.03234937303483341,False,36.805607694264936,0.7582974169455398,2.2495684163171856,6.84652219349172,-0.03234937303483341,3.0,False,8.298099972307682,20,27.130714051983386,-0.03234937303483341,0.1,60,-37.695457450341145,24.5469360351789,0.002777092470273858,0.08625672906709221,-28.592241261032367,24.639550114023585,0.2277338328958382,2.951437612151122,1,"[{""id"": 134, ""x"": -52.1300048828125, ""y"": 62.70417404174805, ""vx"": 0.023946892470121384, ""vy"": 8.02074909210205, ""r"": 2.5906050205230713}]"
937,46.85,-37.69563293457031,24.54693603515625,0.0003024098415361255,5.37140679446953e-06,0.005257396958768368,0.5,0.0,PlanStatus.OK,20,27.130538576585824,-0.03234888572217589,True,37.18189925068403,1.767672860459166e-05,1.6351040203308083e-05,0.20269477322673365,-0.03234888572217589,3.0,False,7.981899892911315,20,27.130538576585824,-0.03234888572217589,0.1,60,-37.69563292642644,24.54693603517887,0.002777092469657673,5.37140679446953e-06,-28.845730607124064,24.571524454000897,0.0027769989898228397,2.950000089523445,1,"[{""id"": 134, ""x"": -52.12880325317383, ""y"": 63.10674285888672, ""vx"": 0.024088876321911812, ""vy"": 8.072921752929688, ""r"": 2.5906050205230713}]"
938,46.900000000000006,-37.69487380981445,24.54693603515625,0.0003040673602292259,0.08625567767855136,0.0,0.0,1.0,PlanStatus.FAIL,20,27.131297698414407,-0.03235099387910738,False,37.55858371304843,0.761676290917053,2.259588294609622,6.867451889144041,-0.03235099387910738,3.0,False,7.9553998075425625,20,27.131297698414407,-0.03235099387910738,0.1,60,-37.694873801622684,24.546936035179,0.002777092470343663,0.08625567767855136,-28.591741050865103,24.639841905591425,0.2287358208506872,2.9514375946279725,1,"[{""id"": 134, ""x"": -52.12760543823242, ""y"": 63.50885772705078, ""vx"": 0.023923072963953018, ""vy"": 8.02082347869873, ""r"": 2.5906050205230713}]"
939,46.95,-37.69504928588867,24.54693603515625,0.0003046344197860405,5.388284946580287e-06,0.005252675153315067,0.5,0.0,PlanStatus.OK,20,27.131122223016845,-0.03235050656644983,True,37.9358642855329,1.7804822231849695e-05,1.6469527493161856e-05,0.20264134235168302,-0.03235050656644983,3.0,False,8.698399877175689,20,27.131122223016845,-0.03235050656644983,0.1,60,-37.69504927770797,24.54693603517897,0.0027770924701195797,5.388284946580287e-06,-28.84514695986634,24.571524453964734,0.002776999116465987,2.9500000898047474,1,"[{""id"": 134, ""x"": -52.12641143798828, ""y"": 63.91144561767578, ""vx"": 0.02407253533601761, ""vy"": 8.07311725616455, ""r"": 2.5906050205230713}]"
940,47.0,-37.69429016113281,24.546937942504883,0.0003062803651716693,0.08625765221070217,0.0,0.0,1.0,PlanStatus.FAIL,20,27.131881350142308,-0.03235070738210536,False,38.31348249715493,0.7651078778430922,2.2697620867009753,6.88873681463669,-0.03235070738210536,3.0,False,8.273700019344687,20,27.131881350142308,-0.03235070738210536,0.1,60,-37.6942901529047,24.546937942527734,0.0027770924703412318,0.08625765221070217,-28.591234107173108,24.640139862113383,0.22975320017774017,2.951437627536846,1,"[{""id"": 134, ""x"": -52.125213623046875, ""y"": 64.31356048583984, ""vx"": 0.023914063349366188, ""vy"": 8.021081924438477, ""r"": 2.5906050205230713}]"
941,47.050000000000004,-37.69446563720703,24.546937942504883,0.00030684615686614854,5.373032526429977e-06,0.005247980356216431,0.5,0.0,PlanStatus.OK,20,27.131705874744746,-0.03235022006944784,True,38.691686368191085,1.793290695527688e-05,1.658800615130917e-05,0.20258987057910088,-0.03235022006944784,3.0,False,10.425399988889694,20,27.131705874744746,-0.03235022006944784,0.1,60,-37.69446562898999,24.546937942527705,0.0027770924703977118,5.373032526429977e-06,-28.844563402706125,24.571526361021323,0.002776999233131893,2.9500000895505405,1,"[{""id"": 134, ""x"": -52.12401580810547, ""y"": 64.71615600585938, ""vx"": 0.024068119004368782, ""vy"": 8.07336711883545, ""r"": 2.5906050205230713}]"
942,47.1,-37.69370651245117,24.546939849853516,0.00030849050929653547,0.08625669058352488,0.0,0.0,1.0,PlanStatus.FAIL,20,27.132465001870205,-0.03235042088510337,False,39.070206718883846,0.7684889182075633,2.2797872736888283,6.909719457246429,-0.03235042088510337,3.0,False,7.574799936264753,20,27.132465001870205,-0.03235042088510337,0.1,60,-37.69370650418673,24.54693984987647,0.0027770924700161645,0.08625669058352488,-28.59073461453249,24.64043344423145,0.23075571899271208,2.9514376115097267,1,"[{""id"": 134, ""x"": -52.12282180786133, ""y"": 65.1182861328125, ""vx"": 0.023911818861961365, ""vy"": 8.021276473999023, ""r"": 2.5906050205230713}]"
943,47.150000000000006,-37.69388198852539,24.546939849853516,0.0003090561059352708,5.3401158555467805e-06,0.0052432892844080925,0.5,0.0,PlanStatus.OK,20,27.132289526472643,-0.03234993357244583,True,39.44928760904395,1.8060985242888034e-05,1.6706478632895483e-05,0.20254025757923308,-0.03234993357244583,3.0,False,7.67920003272593,20,27.132289526472643,-0.03234993357244583,0.1,60,-37.69388198027201,24.546939849876438,0.002777092470499486,5.3401158555467805e-06,-28.84397989765022,24.571528267933285,0.0027769993497858453,2.9500000890019322,1,"[{""id"": 134, ""x"": -52.12162399291992, ""y"": 65.52088928222656, ""vx"": 0.0240669846534729, ""vy"": 8.073472023010254, ""r"": 2.5906050205230713}]"
944,47.2,-37.69312286376953,24.54694366455078,0.0003106989304289972,0.08625662314293082,0.0,0.0,1.0,PlanStatus.FAIL,20,27.13304865889498,-0.032348227046825405,False,39.82865406271021,0.7718861272524512,2.289857961117583,6.930823015865602,-0.032348227046825405,3.0,False,7.40520004183054,20,27.13304865889498,-0.032348227046825405,0.1,60,-37.693122855469234,24.546943664573835,0.0027770924699856213,0.08625662314293082,-28.59023379773754,24.64073001548363,0.23176278784276208,2.9514376103857116,1,"[{""id"": 134, ""x"": -52.12042999267578, ""y"": 65.92302703857422, ""vx"": 0.023911122232675552, ""vy"": 8.021286010742188, ""r"": 2.5906050205230713}]"
945,47.25,-37.69329833984375,24.546939849853516,0.00031126429950269793,5.335722488748781e-06,0.005238601937890053,0.5,0.0,PlanStatus.OK,20,27.132873172903665,-0.03235155441672335,True,40.20855669336074,1.8189072687485613e-05,1.682495993772775e-05,0.20249241175785723,-0.03235155441672335,3.0,False,9.269299916923046,20,27.132873172903665,-0.03235155441672335,0.1,60,-37.69329833155355,24.54693984987654,0.0027770924695646585,5.335722488748781e-06,-28.84339631314679,24.57152826772307,0.0027769994764255896,2.950000088928709,1,"[{""id"": 134, ""x"": -52.119232177734375, ""y"": 66.32562255859375, ""vx"": 0.0240663792937994, ""vy"": 8.07339859008789, ""r"": 2.5906050205230713}]"
946,47.300000000000004,-37.69253921508789,24.54694366455078,0.0003129123905015097,0.08625779965161172,0.0,0.0,1.0,PlanStatus.FAIL,20,27.133632305326003,-0.03234984789109935,False,40.58870538837379,0.775302513540351,2.2999945047063695,6.952065743671717,-0.03234984789109935,3.0,False,8.233699947595596,20,27.133632305326003,-0.03234984789109935,0.1,60,-37.69253920675076,24.546943664573938,0.002777092470058916,0.08625779965161172,-28.589727934208373,24.641025126416803,0.23277644232861278,2.951437629994192,1,"[{""id"": 134, ""x"": -52.11803436279297, ""y"": 66.72774505615234, ""vx"": 0.023910611867904663, ""vy"": 8.021158218383789, ""r"": 2.5906050205230713}]"
947,47.35,-37.69271469116211,24.54694366455078,0.0003134777920845011,5.388995522939907e-06,0.005233903881162405,0.5,0.0,PlanStatus.OK,20,27.13345682992844,-0.03234936057844183,True,40.96938935397437,1.8317179845641984e-05,1.694346020738105e-05,0.20244624693629815,-0.03234936057844183,3.0,False,8.82610003463924,20,27.13345682992844,-0.03234936057844183,0.1,60,-37.692714682836055,24.546943664573906,0.0027770924703974516,5.388995522939907e-06,-28.842812549161224,24.571532082697093,0.002776999583160926,2.95000008981659,1,"[{""id"": 134, ""x"": -52.11684036254883, ""y"": 67.13034057617188, ""vx"": 0.024065865203738213, ""vy"": 8.07325267791748, ""r"": 2.5906050205230713}]"
948,47.400000000000006,-37.69195556640625,24.546945571899414,0.00031511756070490635,0.08625747972296514,0.0,0.0,1.0,PlanStatus.FAIL,20,27.1342159570539,-0.03234956139409735,False,41.35029048634317,0.7786940186135544,2.3100547993937135,6.973166668228695,-0.03234956139409735,3.0,False,7.469499949365854,20,27.1342159570539,-0.03234956139409735,0.1,60,-37.69195555803279,24.54694557192267,0.0027770924701673357,0.08625747972296514,-28.58922681316998,24.64131966478282,0.23378247191387871,2.9514376246620464,1,"[{""id"": 134, ""x"": -52.11564254760742, ""y"": 67.53245544433594, ""vx"": 0.023910121992230415, ""vy"": 8.021026611328125, ""r"": 2.5906050205230713}]"
949,47.45,-37.69213104248047,24.546945571899414,0.0003156826046857006,5.340665396651959e-06,0.005229223519563675,0.5,0.0,PlanStatus.OK,20,27.13404048165634,-0.03234907408143981,True,41.73171919859028,1.844525371951373e-05,1.7061928402123047e-05,0.20240168016201784,-0.03234907408143981,3.0,False,8.07940005324781,20,27.13404048165634,-0.03234907408143981,0.1,60,-37.69213103411808,24.546945571922638,0.002777092470333144,5.340665396651959e-06,-28.842229089568654,24.571533989482997,0.00277699969980377,2.950000089011092,1,"[{""id"": 134, ""x"": -52.11444854736328, ""y"": 67.93505096435547, ""vx"": 0.024065766483545303, ""vy"": 8.073165893554688, ""r"": 2.5906050205230713}]"
950,47.5,-37.69137191772461,24.546947479248047,0.0003173209754066079,0.08625654782083914,0.0,0.0,1.0,PlanStatus.FAIL,20,27.1347996087818,-0.03234927489709535,False,42.11334071315068,0.7820748162032156,2.320084700609634,6.994215103165001,-0.03234927489709535,3.0,False,7.462099893018603,20,27.1347996087818,-0.03234927489709535,0.1,60,-37.6913719093148,24.546947479271402,0.002777092470154726,0.08625654782083914,-28.588727245135704,24.64161329146007,0.23478546215167645,2.9514376091303456,1,"[{""id"": 134, ""x"": -52.113250732421875, ""y"": 68.33716583251953, ""vx"": 0.023910215124487877, ""vy"": 8.020991325378418, ""r"": 2.5906050205230713}]"
951,47.550000000000004,-37.691551208496094,24.546945571899414,0.00031788566178520504,5.3745754893504706e-06,0.005224547348916531,0.5,0.0,PlanStatus.OK,20,27.134620313404806,-0.032350684331960346,True,42.49547715899113,1.8572514821802313e-05,1.7179645828042933e-05,0.20235863385245512,-0.032350684331960346,3.0,False,7.403800031170249,20,27.134620313404806,-0.032350684331960346,0.1,60,-37.69155120009711,24.54694557192274,0.002777092470674847,5.3745754893504706e-06,-28.84164920644787,24.5715339895879,0.002776999825660473,2.9500000895762586,1,"[{""id"": 134, ""x"": -52.11205291748047, ""y"": 68.73976135253906, ""vx"": 0.024065803736448288, ""vy"": 8.07318115234375, ""r"": 2.5906050205230713}]"
952,47.6,-37.69078826904297,24.546947479248047,0.00031952230951370783,0.08625749398388396,0.0,0.0,1.0,PlanStatus.FAIL,20,27.135383255212822,-0.03235089574136931,False,42.8777863237065,0.7854865529982602,2.3302117125520714,7.015475080384151,-0.03235089574136931,3.0,False,7.243499858304858,20,27.135383255212822,-0.03235089574136931,0.1,60,-37.690788260596335,24.546947479271505,0.0027770924703784173,0.08625749398388396,-28.58822196647602,24.6419080592467,0.23579816347274676,2.9514376248997323,1,"[{""id"": 134, ""x"": -52.11085891723633, ""y"": 69.14187622070312, ""vx"": 0.023910334333777428, ""vy"": 8.021047592163086, ""r"": 2.5906050205230713}]"
953,47.650000000000006,-37.69096755981445,24.546947479248047,0.00032008686585514233,5.3910668734309445e-06,0.005219874903559685,0.5,0.0,PlanStatus.OK,20,27.135203965132703,-0.032350397834958355,True,43.26061633994352,1.8700610162644267e-05,1.7298134708334557e-05,0.2023170344967185,-0.032350397834958355,3.0,False,7.262500002980232,20,27.135203965132703,-0.032350397834958355,0.1,60,-37.69096755137913,24.546947479271473,0.0027770924702356196,5.3910668734309445e-06,-28.84106555564916,24.571535896904933,0.0027769999423462896,2.950000089851113,1,"[{""id"": 134, ""x"": -52.10970687866211, ""y"": 69.54447937011719, ""vx"": 0.022230539470911026, ""vy"": 8.073263168334961, ""r"": 2.5906050205230713}]"
954,47.7,-37.69020462036133,24.54694938659668,0.0003217221156841472,0.08625749372227764,0.0,0.0,1.0,PlanStatus.FAIL,20,27.13596690694072,-0.03235060924436729,False,43.64359932116316,0.7888828605054063,2.3402905096636486,7.036651072358724,-0.03235060924436729,3.0,False,7.165499962866306,20,27.13596690694072,-0.03235060924436729,0.1,60,-37.69020461187835,24.54694938662024,0.0027770924701458156,0.08625749372227764,-28.58772003432753,24.642203074036146,0.2368060433006463,2.9514376248953704,1,"[{""id"": 134, ""x"": -52.10860824584961, ""y"": 69.94658660888672, ""vx"": 0.020847443491220474, ""vy"": 8.021134376525879, ""r"": 2.5906050205230713}]"
955,47.75,-37.69038391113281,24.54694938659668,0.0003222864444605471,5.377343192693985e-06,0.005215206183493137,0.5,0.0,PlanStatus.OK,20,27.135787616860604,-0.032350111337956344,True,44.02707389004055,1.882869484727762e-05,1.7416613340985772e-05,0.2022768136943425,-0.032350111337956344,3.0,False,7.945699850097299,20,27.135787616860604,-0.032350111337956344,0.1,60,-37.690383902661154,24.54694938662021,0.002777092470147332,5.377343192693985e-06,-28.840481993976482,24.57153780397453,0.0027770000590002244,2.9500000896223852,1,"[{""id"": 134, ""x"": -52.10749053955078, ""y"": 70.34918212890625, ""vx"": 0.022689322009682655, ""vy"": 8.073324203491211, ""r"": 2.5906050205230713}]"
956,47.800000000000004,-37.68962097167969,24.546953201293945,0.0003239201013343101,0.08625747113765296,0.0,0.0,1.0,PlanStatus.FAIL,20,27.136550563965496,-0.03234841540608933,False,44.41067766037576,0.7922796306588805,2.3503682316148775,7.05784347521055,-0.03234841540608933,3.0,False,9.378300048410892,20,27.136550563965496,-0.03234841540608933,0.1,60,-37.68962096316087,24.546953201317606,0.002777092469889169,0.08625747113765296,-28.58721910339234,24.642499712740975,0.23781381560293316,2.951437624518962,1,"[{""id"": 134, ""x"": -52.10634994506836, ""y"": 70.75130462646484, ""vx"": 0.0225993599742651, ""vy"": 8.021166801452637, ""r"": 2.5906050205230713}]"
957,47.85,-37.68980026245117,24.546953201293945,0.0003244843000735475,5.337668536037855e-06,0.005210540723055601,0.5,0.0,PlanStatus.OK,20,27.13637127388538,-0.03234791749967838,True,44.79474946017775,1.895677255547198e-05,1.753508517762358e-05,0.20223790924226168,-0.03234791749967838,3.0,False,8.660299936309457,20,27.13637127388538,-0.03234791749967838,0.1,60,-37.68980025394367,24.546953201317574,0.0027770924698826854,5.337668536037855e-06,-28.839898504145264,24.571541618187506,0.002777000165628128,2.950000088961145,1,"[{""id"": 134, ""x"": -52.10520935058594, ""y"": 71.15389251708984, ""vx"": 0.022742880508303642, ""vy"": 8.073332786560059, ""r"": 2.5906050205230713}]"
958,47.900000000000006,-37.68903732299805,24.546953201293945,0.00032612309341523317,0.08625778308405738,0.0,0.0,1.0,PlanStatus.FAIL,20,27.137134210396518,-0.03235003625036329,False,45.17895104814213,0.7956796900348565,2.3604649868934655,7.079069648701824,-0.03235003625036329,3.0,False,7.7992998994886875,20,27.137134210396518,-0.03235003625036329,0.1,60,-37.689037314442395,24.546953201317706,0.002777092470443974,0.08625778308405738,-28.586715434424306,24.642793535710133,0.2388234912572676,2.9514376297180656,1,"[{""id"": 134, ""x"": -52.10407638549805, ""y"": 71.55601501464844, ""vx"": 0.02257484570145607, ""vy"": 8.021149635314941, ""r"": 2.5906050205230713}]"
959,47.95,-37.68921661376953,24.546953201293945,0.00032668738968234253,5.331907835362955e-06,0.005205864552408457,0.5,0.0,PlanStatus.OK,20,27.136954920316402,-0.032349538343952336,True,45.56362770936253,1.9084859306280943e-05,1.7653565819379484e-05,0.202200258456514,-0.032349538343952336,3.0,False,7.507500005885959,20,27.136954920316402,-0.032349538343952336,0.1,60,-37.6892166052252,24.546953201317677,0.002777092469722978,5.331907835362955e-06,-28.83931492368872,24.571541617966574,0.002777000292301358,2.9500000888651328,1,"[{""id"": 134, ""x"": -52.10298538208008, ""y"": 71.95861053466797, ""vx"": 0.02086350880563259, ""vy"": 8.073301315307617, ""r"": 2.5906050205230713}]"
960,48.0,-37.688453674316406,24.546955108642578,0.0003283181532292376,0.08625651646257687,0.0,0.0,1.0,PlanStatus.FAIL,20,27.13771786212442,-0.03234974975336128,False,45.94841111402644,0.7990534958642118,2.370481350056023,7.100141148106374,-0.03234974975336128,3.0,False,7.5403000228106976,20,27.13771786212442,-0.03234974975336128,0.1,60,-37.68845366572442,24.54695510866644,0.0027770924699835144,0.08625651646257687,-28.586216715923435,24.64308666399991,0.23982512768950914,2.9514376086077125,1,"[{""id"": 134, ""x"": -52.10194396972656, ""y"": 72.36072540283203, ""vx"": 0.020171770825982094, ""vy"": 8.021110534667969, ""r"": 2.5906050205230713}]"
961,48.050000000000004,-37.68863296508789,24.546955108642578,0.00032888189683840584,5.371595960620834e-06,0.00520120607689023,0.5,0.0,PlanStatus.OK,20,27.1375385720443,-0.032349251846950325,True,46.33365034086147,1.921296093518058e-05,1.7772060826289418e-05,0.20216380458820113,-0.032349251846950325,3.0,False,7.544799940660596,20,27.1375385720443,-0.032349251846950325,0.1,60,-37.68863295650722,24.54695510866641,0.0027770924699877983,5.371595960620834e-06,-28.838731204462064,24.571543525473906,0.0027770004089964747,2.950000089526601,1,"[{""id"": 134, ""x"": -52.10087585449219, ""y"": 72.76332092285156, ""vx"": 0.0215164665132761, ""vy"": 8.073257446289062, ""r"": 2.5906050205230713}]"
962,48.1,-37.687870025634766,24.54695701599121,0.00033051109993934973,0.0862575074736971,0.0,0.0,1.0,PlanStatus.FAIL,20,27.138301513852316,-0.03234946325635927,False,46.71896219707959,0.8024657325233997,2.380613371446539,7.121468692302707,-0.03234946325635927,3.0,False,7.638599956408143,20,27.138301513852316,-0.03234946325635927,0.1,60,-37.68787001700644,24.546957016015174,0.0027770924704143963,0.0862575074736971,-28.5857122682799,24.643383155926216,0.24083832994589538,2.95143762512456,1,"[{""id"": 134, ""x"": -52.09980010986328, ""y"": 73.16543579101562, ""vx"": 0.021413154900074005, ""vy"": 8.021077156066895, ""r"": 2.5906050205230713}]"
963,48.150000000000006,-37.68804931640625,24.54695701599121,0.00033107464849277407,5.39117023235465e-06,0.005196551792323589,0.5,0.0,PlanStatus.OK,20,27.1381222237722,-0.03234896534994832,True,47.104729117776024,1.9341057002459254e-05,1.7890550426582358e-05,0.20212849556952853,-0.03234896534994832,3.0,False,7.798800012096763,20,27.1381222237722,-0.03234896534994832,0.1,60,-37.68804930778924,24.546957016015142,0.00277709247028436,5.39117023235465e-06,-28.838147544565427,24.571545432816542,0.0027770005256821024,2.9500000898528356,1,"[{""id"": 134, ""x"": -52.09872055053711, ""y"": 73.56803131103516, ""vx"": 0.02154296636581421, ""vy"": 8.07324504852295, ""r"": 2.5906050205230713}]"
964,48.2,-37.687286376953125,24.54695701599121,0.00033270235616634803,0.08625752958673544,0.0,0.0,1.0,PlanStatus.FAIL,20,27.138885160283337,-0.032351084100636786,False,47.490557139635634,0.8058598913576881,2.3906971823537853,7.142692489914903,-0.032351084100636786,3.0,False,7.9107999335974455,20,27.138885160283337,-0.032351084100636786,0.1,60,-37.68728636828795,24.546957016015277,0.002777092470214879,0.08625752958673544,-28.58520933514144,24.64367654711919,0.2418467111629378,2.951437625493111,1,"[{""id"": 134, ""x"": -52.0976448059082, ""y"": 73.97014617919922, ""vx"": 0.021382462233304977, ""vy"": 8.02108097076416, ""r"": 2.5906050205230713}]"
965,48.25,-37.68746566772461,24.54695701599121,0.0003332657746826098,5.3454208907259215e-06,0.00519190076738596,0.5,0.0,PlanStatus.OK,20,27.13870587020322,-0.03235058619422228,True,47.87683360994378,1.9469130290744068e-05,1.8009018080025578e-05,0.20209427974625824,-0.03235058619422228,3.0,False,8.577499771490693,20,27.13870587020322,-0.03235058619422228,0.1,60,-37.68746565907075,24.546957016015245,0.002777092470661014,5.3454208907259215e-06,-28.837564082074003,24.571545432268245,0.0027770006523563985,2.9500000890903486,1,"[{""id"": 134, ""x"": -52.09657287597656, ""y"": 74.37274169921875, ""vx"": 0.021500196307897568, ""vy"": 8.073259353637695, ""r"": 2.5906050205230713}]"
966,48.300000000000004,-37.686702728271484,24.546960830688477,0.0003348919219102325,0.08625656784692792,0.0,0.0,1.0,PlanStatus.FAIL,20,27.139468817308114,-0.03234889026235526,False,48.263156881866266,0.8092391905090945,2.400730442948361,7.163832495630911,-0.03234889026235526,3.0,False,7.3877000249922276,20,27.139468817308114,-0.03234889026235526,0.1,60,-37.68670271957049,24.546960830712642,0.0027770924703372285,0.08625656784692792,-28.584710787236745,24.64397178712061,0.24285003732896915,2.9514376094641146,1,"[{""id"": 134, ""x"": -52.095497131347656, ""y"": 74.77486419677734, ""vx"": 0.02134512923657894, ""vy"": 8.021103858947754, ""r"": 2.5906050205230713}]"
967,48.35,-37.68688201904297,24.546960830688477,0.0003354551128614597,5.402759143730341e-06,0.005187253467738628,0.5,0.0,PlanStatus.OK,20,27.139289527227994,-0.03234839235594431,True,48.64991013439593,1.959723938399365e-05,1.812752024230556e-05,0.20206110952155074,-0.03234839235594431,3.0,False,8.256800007075071,20,27.139289527227994,-0.03234839235594431,0.1,60,-37.686882010353294,24.54696083071261,0.0027770924704428527,5.402759143730341e-06,-28.836980306063634,24.57154924727626,0.0027770007590038575,2.95000009004599,1,"[{""id"": 134, ""x"": -52.09442138671875, ""y"": 75.17745208740234, ""vx"": 0.021471496671438217, ""vy"": 8.073285102844238, ""r"": 2.5906050205230713}]"
968,48.400000000000006,-37.686119079589844,24.54696273803711,0.0003370795696059686,0.08625753650432717,0.0,0.0,1.0,PlanStatus.FAIL,20,27.14005246903601,-0.03234860376535325,False,49.03670642659549,0.812650098500881,2.410863165261208,7.185183694203655,-0.03234860376535325,3.0,False,7.7269000466912985,20,27.14005246903601,-0.03234860376535325,0.1,60,-37.68611907085252,24.546962738061374,0.0027770924703003313,0.08625753650432717,-28.58420639634968,24.644268245949448,0.24386330967755462,2.9514376256084085,1,"[{""id"": 134, ""x"": -52.09334945678711, ""y"": 75.57957458496094, ""vx"": 0.021325256675481796, ""vy"": 8.021124839782715, ""r"": 2.5906050205230713}]"
969,48.45,-37.68629837036133,24.54696273803711,0.00033764269553861453,5.3490418068800556e-06,0.005182610359042883,0.5,0.0,PlanStatus.OK,20,27.139873178955895,-0.03234810585894232,True,49.423910506869646,1.9725310618332482e-05,1.8245985879926374e-05,0.2020289397432007,-0.03234810585894232,3.0,False,10.710099944844842,20,27.139873178955895,-0.03234810585894232,0.1,60,-37.686298361635316,24.546962738061346,0.0027770924697304365,5.3490418068800556e-06,-28.836396862356374,24.571551154018728,0.002777000875622857,2.950000089150697,1,"[{""id"": 134, ""x"": -52.09222412109375, ""y"": 75.98216247558594, ""vx"": 0.02329505793750286, ""vy"": 8.073291778564453, ""r"": 2.5906050205230713}]"
970,48.5,-37.6855354309082,24.546964645385742,0.0003392656568557535,0.08625660462911462,0.0,0.0,1.0,PlanStatus.FAIL,20,27.14063612076391,-0.032348317268351266,False,49.81113533454206,0.816028085671793,2.4208996175854907,7.206335385738615,-0.032348317268351266,3.0,False,7.565899984911084,20,27.14063612076391,-0.032348317268351266,0.1,60,-37.68553542213454,24.54696464541011,0.0027770924700053078,0.08625660462911462,-28.583706828418105,24.644561873307204,0.24486695502613876,2.951437610077153,1,"[{""id"": 134, ""x"": -52.09107208251953, ""y"": 76.38428497314453, ""vx"": 0.02368057519197464, ""vy"": 8.021120071411133, ""r"": 2.5906050205230713}]"
971,48.550000000000004,-37.68571472167969,24.54696273803711,0.0003398285227140742,5.403467407066132e-06,0.005177970509976149,0.5,0.0,PlanStatus.OK,20,27.140456825386917,-0.03234972670321626,True,50.19879345876055,1.9853416013493993e-05,1.8364484591915087e-05,0.20199772755681422,-0.03234972670321626,3.0,False,7.7350998762995005,20,27.140456825386917,-0.03234972670321626,0.1,60,-37.68571471291683,24.546962738061445,0.00277709247012075,5.403467407066132e-06,-28.835813104379785,24.571551154291228,0.0027770010023755415,2.950000090057788,1,"[{""id"": 134, ""x"": -52.08994674682617, ""y"": 76.78688049316406, ""vx"": 0.022605756297707558, ""vy"": 8.073288917541504, ""r"": 2.5906050205230713}]"
972,48.6,-37.68495178222656,24.546964645385742,0.00034145011864100585,0.08625756578244803,0.0,0.0,1.0,PlanStatus.FAIL,20,27.141219767194933,-0.03234993811262521,False,50.586462389194885,0.8194369407763261,2.431033463090773,7.227692690372681,-0.03234993811262521,3.0,False,8.728599874302745,20,27.141219767194933,-0.03234993811262521,0.1,60,-37.684951773416046,24.546964645410213,0.002777092470169925,0.08625756578244803,-28.58320151262955,24.644856663650003,0.24588033970357856,2.9514376260963724,1,"[{""id"": 134, ""x"": -52.088871002197266, ""y"": 77.18899536132812, ""vx"": 0.020724792033433914, ""vy"": 8.0211181640625, ""r"": 2.5906050205230713}]"
973,48.650000000000006,-37.68513107299805,24.546964645385742,0.00034201275693429204,5.350159176444999e-06,0.0051733339205384254,0.5,0.0,PlanStatus.OK,20,27.141040477114814,-0.032349440206214254,True,50.974555659767105,1.9981489142448904e-05,1.8482951978163187e-05,0.2019674310454834,-0.032349440206214254,3.0,False,9.493600111454725,20,27.141040477114814,-0.032349440206214254,0.1,60,-37.685131064198856,24.54696464541018,0.00277709247051501,5.350159176444999e-06,-28.835229659466922,24.571553061037186,0.0027770011190001633,2.950000089169317,1,"[{""id"": 134, ""x"": -52.08778762817383, ""y"": 77.59159088134766, ""vx"": 0.02202174812555313, ""vy"": 8.07327651977539, ""r"": 2.5906050205230713}]"
974,48.7,-37.68436813354492,24.546966552734375,0.0003436372461880916,0.08625531516837537,0.0,0.0,1.0,PlanStatus.FAIL,20,27.14180341892283,-0.03234965161562322,False,51.36263135484392,0.8227915962207697,2.4410037494299996,7.248714369792124,-0.03234965161562322,3.0,False,7.320099975913763,20,27.14180341892283,-0.03234965161562322,0.1,60,-37.684368124698075,24.546966552758946,0.002777092470206323,0.08625531516837537,-28.58270529132866,24.64514832635652,0.24687736845289474,2.9514375885861357,1,"[{""id"": 134, ""x"": -52.08668899536133, ""y"": 77.99370574951172, ""vx"": 0.0219276025891304, ""vy"": 8.021101951599121, ""r"": 2.5906050205230713}]"
975,48.75,-37.684547424316406,24.546966552734375,0.00034420011204641226,5.34960600315857e-06,0.005168691277503967,0.5,0.0,PlanStatus.OK,20,27.141624128842714,-0.03234915370921226,True,51.75112878281568,2.0109577981157252e-05,1.8601434620276434e-05,0.2019380131279824,-0.03234915370921226,3.0,False,7.804600056260824,20,27.141624128842714,-0.03234915370921226,0.1,60,-37.68454741548088,24.546966552758914,0.0027770924701760818,5.34960600315857e-06,-28.83464605893894,24.57155496821536,0.002777001235664225,2.950000089160101,1,"[{""id"": 134, ""x"": -52.08559036254883, ""y"": 78.39630126953125, ""vx"": 0.02209080196917057, ""vy"": 8.073266983032227, ""r"": 2.5906050205230713}]"
976,48.800000000000004,-37.68378448486328,24.54697036743164,0.00034581878213718544,0.08625667822233933,0.0,0.0,1.0,PlanStatus.FAIL,20,27.142387075947607,-0.03234745777734525,False,52.139604809053715,0.8262090653304691,2.451158385061739,7.270144004687492,-0.03234745777734525,3.0,False,7.633700035512447,20,27.142387075947607,-0.03234745777734525,0.1,60,-37.68378447598062,24.54697036745631,0.002777092470072136,0.08625667822233933,-28.582200843520013,24.645447030544542,0.24789283212397925,2.9514376113037026,1,"[{""id"": 134, ""x"": -52.08448791503906, ""y"": 78.79842376708984, ""vx"": 0.021954527124762535, ""vy"": 8.021098136901855, ""r"": 2.5906050205230713}]"
977,48.85,-37.683963775634766,24.54697036743164,0.0003463810953375651,5.284382322091743e-06,0.005164061672985554,0.5,0.0,PlanStatus.OK,20,27.142207785867488,-0.03234695987093074,True,52.52847367304235,2.0237647508045506e-05,1.8719898493462298e-05,0.20190943762148103,-0.03234695987093074,3.0,False,7.398100104182959,20,27.142207785867488,-0.03234695987093074,0.1,60,-37.683963766763426,24.54697036745628,0.002777092470498272,5.284382322091743e-06,-28.83406264443751,24.57155878221975,0.00277700134217505,2.9500000880730384,1,"[{""id"": 134, ""x"": -52.08333969116211, ""y"": 79.20101165771484, ""vx"": 0.02393321692943573, ""vy"": 8.073263168334961, ""r"": 2.5906050205230713}]"
978,48.900000000000006,-37.68320083618164,24.54697036743164,0.0003480036340339256,0.08625701399732238,0.0,0.0,1.0,PlanStatus.FAIL,20,27.142970722378628,-0.03234907862161921,False,52.91732247941318,0.8296060125269743,2.4612617878017944,7.291451424932173,-0.03234907862161921,3.0,False,8.308300049975514,20,27.142970722378628,-0.03234907862161921,0.1,60,-37.68320082726213,24.546970367456414,0.0027770924699440135,0.08625701399732238,-28.581697114992952,24.645740889235963,0.24890317252453284,2.9514376168999537,1,"[{""id"": 134, ""x"": -52.08219528198242, ""y"": 79.60313415527344, ""vx"": 0.022625355049967766, ""vy"": 8.021102905273438, ""r"": 2.5906050205230713}]"
979,48.95,-37.683380126953125,24.54697036743164,0.0003485659797435959,5.419782471463229e-06,0.005159424152225256,0.5,0.0,PlanStatus.OK,20,27.142791432298512,-0.032348580715208256,True,53.306573008778024,2.0365779386561348e-05,1.8838422856663935e-05,0.20188166952015027,-0.032348580715208256,3.0,False,8.839899906888604,20,27.142791432298512,-0.032348580715208256,0.1,60,-37.68338011804493,24.54697036745638,0.0027770924700778205,5.419782471463229e-06,-28.833478647614058,24.57155878315583,0.0027770014689941958,2.9500000903297066,1,"[{""id"": 134, ""x"": -52.08106994628906, ""y"": 80.00572204589844, ""vx"": 0.022702492773532867, ""vy"": 8.073275566101074, ""r"": 2.5906050205230713}]"
980,49.0,-37.6826171875,24.546972274780273,0.00035018864847711904,0.08625495760479915,0.0,0.0,1.0,PlanStatus.FAIL,20,27.14355437410653,-0.0323487921246172,False,53.69579023557914,0.8329628342329405,2.4712434186909835,7.312511634764576,-0.0323487921246172,3.0,False,8.535800036042929,20,27.14355437410653,-0.0323487921246172,0.1,60,-37.68261717854415,24.546972274805146,0.002777092470273522,0.08625495760479915,-28.58120040084861,24.646032841510323,0.2499013357289553,2.951437582626745,1,"[{""id"": 134, ""x"": -52.07994842529297, ""y"": 80.40784454345703, ""vx"": 0.022541340440511703, ""vy"": 8.021109580993652, ""r"": 2.5906050205230713}]"
981,49.050000000000004,-37.682796478271484,24.546972274780273,0.00035075063658459216,5.371538761809044e-06,0.005154786631464958,0.5,0.0,PlanStatus.OK,20,27.14337508402641,-0.032348294218206244,True,54.085409821160496,2.0493852598332936e-05,1.8956890373671154e-05,0.20185467572095528,-0.032348294218206244,3.0,False,8.391600102186203,20,27.14337508402641,-0.032348294218206244,0.1,60,-37.68279646932696,24.546972274805114,0.002777092470271221,5.371538761809044e-06,-28.832895187758734,24.571560689943553,0.002777001585623657,2.950000089525644,1,"[{""id"": 134, ""x"": -52.078826904296875, ""y"": 80.81044006347656, ""vx"": 0.022692041471600533, ""vy"": 8.073281288146973, ""r"": 2.5906050205230713}]"
982,49.1,-37.68203353881836,24.546974182128906,0.0003523655355976499,0.08625476367366856,0.0,0.0,1.0,PlanStatus.FAIL,20,27.144138025834426,-0.03234850562761518,False,54.474969549385364,0.8363511489697213,2.481320418417375,7.333779664388081,-0.03234850562761518,3.0,False,8.215299807488918,20,27.144138025834426,-0.03234850562761518,0.1,60,-37.68203352982618,24.546974182153882,0.0027770924698998596,0.08625476367366856,-28.5806989603827,24.646327568674227,0.2509090358181962,2.951437579394564,1,"[{""id"": 134, ""x"": -52.07770538330078, ""y"": 81.21255493164062, ""vx"": 0.022554175928235054, ""vy"": 8.021113395690918, ""r"": 2.5906050205230713}]"
983,49.150000000000006,-37.682212829589844,24.546974182128906,0.0003529270685750539,5.43753688907801e-06,0.005150166805833578,0.5,0.0,PlanStatus.OK,20,27.143958735754307,-0.03234800772120423,True,54.86494305250967,2.0621962764767664e-05,1.9075393694776774e-05,0.20182842570796813,-0.03234800772120423,3.0,False,7.629700005054474,20,27.143958735754307,-0.03234800772120423,0.1,60,-37.68221282060898,24.54697418215385,0.002777092470302746,5.43753688907801e-06,-28.832311390917738,24.57156259766716,0.0027770017023034635,2.9500000906256174,1,"[{""id"": 134, ""x"": -52.07661437988281, ""y"": 81.61515045166016, ""vx"": 0.020873911678791046, ""vy"": 8.073285102844238, ""r"": 2.5906050205230713}]"
984,49.2,-37.68144989013672,24.546974182128906,0.00035454056968861364,0.08625571681910565,0.0,0.0,1.0,PlanStatus.FAIL,20,27.144721672265447,-0.032350126471889146,False,55.25485642576418,0.8397573502855312,2.4914564940535318,7.355168699992842,-0.032350126471889146,3.0,False,8.080400060862303,20,27.144721672265447,-0.032350126471889146,0.1,60,-37.681449881107675,24.546974182153985,0.0027770924702049398,0.08625571681910565,-28.580193665491358,24.64662234720293,0.25192264350874627,2.951437595280321,1,"[{""id"": 134, ""x"": -52.07552719116211, ""y"": 82.01727294921875, ""vx"": 0.021896954625844955, ""vy"": 8.021111488342285, ""r"": 2.5906050205230713}]"
985,49.25,-37.6816291809082,24.546974182128906,0.00035510197262885503,5.537835104804555e-06,0.005145550239831209,0.5,0.0,PlanStatus.OK,20,27.14454238218533,-0.0323496285654782,True,55.645151574459746,2.0750083139472628e-05,1.919390696253527e-05,0.20180288988467204,-0.0323496285654782,3.0,False,8.930600015446544,20,27.14454238218533,-0.0323496285654782,0.1,60,-37.681629171890485,24.546974182153953,0.0027770924706772304,5.537835104804555e-06,-28.831727497644817,24.571562598315907,0.0027770018291313242,2.9500000922972496,1,"[{""id"": 134, ""x"": -52.07442092895508, ""y"": 82.41986083984375, ""vx"": 0.022112024948000908, ""vy"": 8.07327938079834, ""r"": 2.5906050205230713}]"
986,49.300000000000004,-37.680870056152344,24.54697608947754,0.00035671807448566683,0.08625476361353986,0.0,0.0,1.0,PlanStatus.FAIL,20,27.14530150931079,-0.032349829381133725,False,,0.843109618483643,2.5014296544513646,7.358376344785373,-0.032349829381133725,3.0,False,6.5240999683737755,20,27.14530150931079,-0.032349829381133725,0.1,60,-37.68087004708721,24.546976089502717,0.0027770924700562115,0.08625476361353986,-28.57969743868487,24.64691402586681,0.25291995966386,2.9514375793935548,0,[]
987,49.35,-37.68104553222656,24.54697608947754,0.000357279314879455,5.519873815543103e-06,0.00514092855155468,0.5,0.0,PlanStatus.OK,20,27.14512603391323,-0.032349342068476186,True,,2.081811137479001e-05,1.9256833080206863e-05,0.20000582739638287,-0.032349342068476186,3.0,False,7.034800015389919,20,27.14512603391323,-0.032349342068476186,0.1,60,-37.68104552317251,24.546976089502685,0.0027770924703982318,5.519873815543103e-06,-28.83114394846422,24.571564505351894,0.0027770019457553966,2.950000091997893,0,[]
988,49.400000000000006,-37.6802864074707,24.546979904174805,0.00035889935036043547,0.08625750308280394,0.0,0.0,1.0,PlanStatus.FAIL,20,27.145885166335567,-0.03234763554285575,False,,0.8465481767689643,2.511657254526196,7.3802301881673635,-0.03234763554285575,3.0,False,7.2758998721838,20,27.145885166335567,-0.03234763554285575,0.1,60,-37.68028639836977,24.546979904200082,0.0027770924700296113,0.08625750308280394,-28.57918949766639,24.647214781358052,0.2539427197800251,2.951437625051384,0,[]
989,49.45,-37.68046188354492,24.546979904174805,0.00035946003809628256,5.457137310627732e-06,0.005136299878358841,0.5,0.0,PlanStatus.OK,20,27.145709690938006,-0.03234714823019822,True,,2.06829282698784e-05,1.9131787286968613e-05,0.2000057937395716,-0.03234714823019822,3.0,False,8.69990000501275,20,27.145709690938006,-0.03234714823019822,0.1,60,-37.68046187445507,24.54697990420005,0.0027770924698852445,5.457137310627732e-06,-28.830560526607286,24.57156831937708,0.0027770020522392973,2.950000090952287,0,[]
990,49.5,-37.67970275878906,24.546981811523438,0.000361070125734324,0.08625613922534028,0.0,0.0,1.0,PlanStatus.FAIL,20,27.146468818063465,-0.03234734904585374,False,,0.8499146586380474,2.5216761961858705,7.401625779826386,-0.03234734904585374,3.0,False,10.524200042709708,20,27.146468818063465,-0.03234734904585374,0.1,60,-37.6797027496518,24.546981811548815,0.002777092470117363,0.08625613922534028,-28.57869102613749,24.64750776575884,0.25494461406188457,2.9514376023204245,0,[]
991,49.550000000000004,-37.67987823486328,24.546979904174805,0.0003616298707007423,5.514907292012062e-06,0.00513169402256608,0.5,0.0,PlanStatus.OK,20,27.146293337369027,-0.03234876907447218,True,,2.0547703218871946e-05,1.9006704417940876e-05,0.20000576006267443,-0.03234876907447218,3.0,False,7.356000132858753,20,27.146293337369027,-0.03234876907447218,0.1,60,-37.679878225736566,24.546979904200153,0.002777092470225429,5.514907292012062e-06,-28.82997675878788,24.571568319677656,0.0027770021790598813,2.9500000919151237,0,[]
992,49.6,-37.67911911010742,24.546981811523438,0.0003632402184131089,0.0862565047106155,0.0,0.0,1.0,PlanStatus.FAIL,20,27.147052464494486,-0.0323489698901277,False,,0.8533088691684833,2.5317836857681018,7.423197672904953,-0.0323489698901277,3.0,False,6.737599847838283,20,27.147052464494486,-0.0323489698901277,0.1,60,-37.67911910093329,24.546981811548918,0.0027770924703352986,0.0862565047106155,-28.57818722287363,24.647801668856953,0.25595536314673645,2.9514376084118457,0,[]
993,49.650000000000006,-37.67929458618164,24.546981811523438,0.00036380032098172433,5.513475526277916e-06,0.005127086769789457,0.5,0.0,PlanStatus.OK,20,27.146876989096924,-0.03234848257747017,True,,2.0412497792294192e-05,1.888163885494388e-05,0.20000572639603506,-0.03234848257747017,3.0,False,6.696700118482113,20,27.146876989096924,-0.03234848257747017,0.1,60,-37.679294577018595,24.546981811548886,0.00277709247026554,5.513475526277916e-06,-28.82939316084681,24.571570226849257,0.0027770022957016565,2.9500000918912583,0,[]
994,49.7,-37.67853546142578,24.54698371887207,0.0003654112863706133,0.08625654862844037,0.0,0.0,1.0,PlanStatus.FAIL,20,27.147636116222387,-0.032348683393125695,False,,0.8566984569831055,2.5418750259785203,7.444740172920867,-0.032348683393125695,3.0,False,6.961799925193191,20,27.147636116222387,-0.032348683393125695,0.1,60,-37.67853545221532,24.54698371889765,0.0027770924704017402,0.08625654862844037,-28.57768517895553,24.648096750753904,0.25696449728450654,2.95143760914381,0,[]
995,49.75,-37.6787109375,24.54698371887207,0.0003659710313370316,5.388372750869772e-06,0.005122479051351547,0.5,0.0,PlanStatus.OK,20,27.147460640824825,-0.032348196080468176,True,,2.027733915729689e-05,1.8756614840148393e-05,0.20000569274317506,-0.032348196080468176,3.0,False,6.598599953576922,20,27.147460640824825,-0.032348196080468176,0.1,60,-37.67871092830063,24.54698371889762,0.0027770924703062584,5.388372750869772e-06,-28.82880992770343,24.571572133007866,0.0027770024122723367,2.950000089806216,0,[]
996,49.800000000000004,-37.67795181274414,24.546987533569336,0.00036758674308235556,0.08625510246157635,0.0,0.0,1.0,PlanStatus.FAIL,20,27.14821977324716,-0.03234648955484418,False,,0.8600634663881778,2.5518907212991713,7.466126402025488,-0.03234648955484418,3.0,False,7.030499866232276,20,27.14821977324716,-0.03234648955484418,0.1,60,-37.677951803497905,24.546987533595015,0.0027770924704278634,0.08625510246157635,-28.577187859483487,24.648391270636804,0.2579660669227181,2.951437585041031,0,[]
997,49.85,-37.67812728881836,24.546987533569336,0.00036814697568813355,5.484940527919492e-06,0.005117860622704029,0.5,0.0,PlanStatus.OK,20,27.148044297849598,-0.03234600224218665,True,,2.014209677306698e-05,1.8631516468651556e-05,0.20000565907067552,-0.03234600224218665,3.0,False,8.836799999698997,20,27.148044297849598,-0.03234600224218665,0.1,60,-37.6781272795832,24.546987533594987,0.0027770924705283646,5.484940527919492e-06,-28.828226035924256,24.571575948338285,0.002777002518810154,2.950000091415673,0,[]
998,49.900000000000006,-37.6773681640625,24.546987533569336,0.0003697611920060876,0.0862551020635654,0.0,0.0,1.0,PlanStatus.FAIL,20,27.148803419678185,-0.03234811039912169,False,,0.8634498380132287,2.5619803659289,7.48764845947311,-0.03234811039912169,3.0,False,7.375800050795078,20,27.148803419678185,-0.03234811039912169,0.1,60,-37.67736815477939,24.546987533595118,0.002777092470311705,0.0862551020635654,-28.576684984964338,24.648684628695236,0.25897503151209006,2.951437585034391,0,[]
999,49.95,-37.67754364013672,24.546987533569336,0.00037032126206541235,5.410781649009365e-06,0.005113244988024235,0.5,0.0,PlanStatus.OK,20,27.14862794428062,-0.03234762308646415,True,,2.0006919766737766e-05,1.8506476191474004e-05,0.20000562540914807,-0.03234762308646415,3.0,False,8.484200108796358,20,27.14862794428062,-0.03234762308646415,0.1,60,-37.67754363086469,24.54698753359509,0.0027770924692749493,5.410781649009365e-06,-28.827642657269767,24.57157594755843,0.002777002645568843,2.950000090179696,0,[]
