{
  "reason": "reached_goal",
  "steps": 1305,
  "sim_time_s": 65.25,
  "wall_time_s": 160.0757977962494,
  "dist_to_goal": 3.9705725498338826,
  "metrics_summary": {
    "num_samples": 1306,
    "cte_rmse_m": 0.24286708508761493,
    "cte_max_abs_m": 1.071490487634252,
    "heading_rmse_rad": 0.13761132924359468,
    "heading_max_abs_rad": 0.6185895741317451,
    "speed_err_rmse_mps": 0.8260193256667798,
    "d_steer_rmse": 0.09243177945780305,
    "steer_saturation_count": 4,
    "throttle_saturation_count": 0,
    "brake_saturation_count": 0,
    "cte_mean_m": 0.046411312839609455
  }
}