{
  "reason": "reached_goal",
  "steps": 1313,
  "sim_time_s": 65.65,
  "wall_time_s": 176.95240926742554,
  "dist_to_goal": 3.896526808891569,
  "metrics_summary": {
    "num_samples": 1314,
    "cte_rmse_m": 0.2732199176767114,
    "cte_max_abs_m": 1.0714904876342641,
    "heading_rmse_rad": 0.1556427576238364,
    "heading_max_abs_rad": 0.6185895741317451,
    "speed_err_rmse_mps": 0.8266893846887994,
    "d_steer_rmse": 0.08958025627288098,
    "steer_saturation_count": 10,
    "throttle_saturation_count": 0,
    "brake_saturation_count": 0,
    "cte_mean_m": 0.053927401731337345
  }
}