{
  "reason": "reached_goal",
  "steps": 1312,
  "sim_time_s": 65.60000000000001,
  "wall_time_s": 229.174542427063,
  "dist_to_goal": 3.8337854594237966,
  "metrics_summary": {
    "num_samples": 1313,
    "cte_rmse_m": 0.2567867370307939,
    "cte_max_abs_m": 1.071490487634258,
    "heading_rmse_rad": 0.14584413231542875,
    "heading_max_abs_rad": 0.6185895741317452,
    "speed_err_rmse_mps": 0.8265850853737859,
    "d_steer_rmse": 0.09004141414221759,
    "steer_saturation_count": 8,
    "throttle_saturation_count": 0,
    "brake_saturation_count": 0,
    "cte_mean_m": 0.044389123875201594
  }
}